case_id,target,role,model_key,variable,input_name,target_metric,baseline,contrast,lead_h,patch_site,patch_region,score_base,score_source,score_patched,delta_source_minus_base,delta_patched_minus_base,recovery,hotspot_lat,hotspot_lon,low_near_lat,low_near_lon
himalayas_2020021612_strong,himalayas,strong,precip_large_zwd,zwd,zwd,q850_box_mean_g_per_kg,per-timestep spatial mean,actual_vs_uniform_zwd,6,enc_s0_skip,whole,4.6996355056762695,4.593423843383789,4.549680709838867,-0.10621166229248047,-0.14995479583740234,1.4118486859236246,25.72747747747748,84.4321042943339,40.72747747747748,99.4321042943339
himalayas_2020021612_strong,himalayas,strong,precip_large_zwd,zwd,zwd,q850_box_mean_g_per_kg,per-timestep spatial mean,actual_vs_uniform_zwd,6,enc_s0_skip,target_box,4.6996355056762695,4.593423843383789,4.599893569946289,-0.10621166229248047,-0.09974193572998047,0.9390864767309264,25.72747747747748,84.4321042943339,40.72747747747748,99.4321042943339
himalayas_2020021612_strong,himalayas,strong,precip_large_zwd,zwd,zwd,q850_box_mean_g_per_kg,per-timestep spatial mean,actual_vs_uniform_zwd,6,enc_s0_skip,mountain_near,4.6996355056762695,4.593423843383789,4.578517913818359,-0.10621166229248047,-0.12111759185791016,1.1403417406685763,25.72747747747748,84.4321042943339,40.72747747747748,99.4321042943339
himalayas_2020021612_strong,himalayas,strong,precip_large_zwd,zwd,zwd,q850_box_mean_g_per_kg,per-timestep spatial mean,actual_vs_uniform_zwd,6,enc_s0_skip,upstream,4.6996355056762695,4.593423843383789,4.658351421356201,-0.10621166229248047,-0.04128408432006836,0.3886963392624651,25.72747747747748,84.4321042943339,40.72747747747748,99.4321042943339
himalayas_2020021612_strong,himalayas,strong,precip_large_zwd,zwd,zwd,q850_box_mean_g_per_kg,per-timestep spatial mean,actual_vs_uniform_zwd,6,enc_s0_skip,hotspot_gaussian,4.6996355056762695,4.593423843383789,4.574585914611816,-0.10621166229248047,-0.12504959106445312,1.1773621499313107,25.72747747747748,84.4321042943339,40.72747747747748,99.4321042943339
himalayas_2020021612_strong,himalayas,strong,precip_large_zwd,zwd,zwd,q850_box_mean_g_per_kg,per-timestep spatial mean,actual_vs_uniform_zwd,6,enc_s0_skip,low_near_gaussian,4.6996355056762695,4.593423843383789,4.695349216461182,-0.10621166229248047,-0.004286289215087891,0.040356107065573625,25.72747747747748,84.4321042943339,40.72747747747748,99.4321042943339
himalayas_2020021612_strong,himalayas,strong,precip_large_zwd,zwd,zwd,q850_box_mean_g_per_kg,per-timestep spatial mean,actual_vs_uniform_zwd,6,enc_s0_skip,remote_control,4.6996355056762695,4.593423843383789,4.69970178604126,-0.10621166229248047,6.628036499023438e-05,-0.0006240403695755627,25.72747747747748,84.4321042943339,40.72747747747748,99.4321042943339
himalayas_2020021612_strong,himalayas,strong,precip_large_zwd,zwd,zwd,q850_box_mean_g_per_kg,per-timestep spatial mean,actual_vs_uniform_zwd,6,enc_s1_skip,whole,4.6996355056762695,4.593423843383789,4.6996355056762695,-0.10621166229248047,0.0,-0.0,25.72747747747748,84.4321042943339,40.72747747747748,99.4321042943339
himalayas_2020021612_strong,himalayas,strong,precip_large_zwd,zwd,zwd,q850_box_mean_g_per_kg,per-timestep spatial mean,actual_vs_uniform_zwd,6,enc_s1_skip,target_box,4.6996355056762695,4.593423843383789,4.6996355056762695,-0.10621166229248047,0.0,-0.0,25.72747747747748,84.4321042943339,40.72747747747748,99.4321042943339
himalayas_2020021612_strong,himalayas,strong,precip_large_zwd,zwd,zwd,q850_box_mean_g_per_kg,per-timestep spatial mean,actual_vs_uniform_zwd,6,enc_s1_skip,mountain_near,4.6996355056762695,4.593423843383789,4.6996355056762695,-0.10621166229248047,0.0,-0.0,25.72747747747748,84.4321042943339,40.72747747747748,99.4321042943339
himalayas_2020021612_strong,himalayas,strong,precip_large_zwd,zwd,zwd,q850_box_mean_g_per_kg,per-timestep spatial mean,actual_vs_uniform_zwd,6,enc_s1_skip,upstream,4.6996355056762695,4.593423843383789,4.6996355056762695,-0.10621166229248047,0.0,-0.0,25.72747747747748,84.4321042943339,40.72747747747748,99.4321042943339
himalayas_2020021612_strong,himalayas,strong,precip_large_zwd,zwd,zwd,q850_box_mean_g_per_kg,per-timestep spatial mean,actual_vs_uniform_zwd,6,enc_s1_skip,hotspot_gaussian,4.6996355056762695,4.593423843383789,4.6996355056762695,-0.10621166229248047,0.0,-0.0,25.72747747747748,84.4321042943339,40.72747747747748,99.4321042943339
himalayas_2020021612_strong,himalayas,strong,precip_large_zwd,zwd,zwd,q850_box_mean_g_per_kg,per-timestep spatial mean,actual_vs_uniform_zwd,6,enc_s1_skip,low_near_gaussian,4.6996355056762695,4.593423843383789,4.6996355056762695,-0.10621166229248047,0.0,-0.0,25.72747747747748,84.4321042943339,40.72747747747748,99.4321042943339
himalayas_2020021612_strong,himalayas,strong,precip_large_zwd,zwd,zwd,q850_box_mean_g_per_kg,per-timestep spatial mean,actual_vs_uniform_zwd,6,enc_s1_skip,remote_control,4.6996355056762695,4.593423843383789,4.6996355056762695,-0.10621166229248047,0.0,-0.0,25.72747747747748,84.4321042943339,40.72747747747748,99.4321042943339
himalayas_2020021612_strong,himalayas,strong,precip_large_zwd,zwd,zwd,q850_box_mean_g_per_kg,per-timestep spatial mean,actual_vs_uniform_zwd,6,enc_s2_bottleneck,whole,4.6996355056762695,4.593423843383789,4.73927116394043,-0.10621166229248047,0.039635658264160156,-0.3731761410061865,25.72747747747748,84.4321042943339,40.72747747747748,99.4321042943339
himalayas_2020021612_strong,himalayas,strong,precip_large_zwd,zwd,zwd,q850_box_mean_g_per_kg,per-timestep spatial mean,actual_vs_uniform_zwd,6,enc_s2_bottleneck,target_box,4.6996355056762695,4.593423843383789,4.702214241027832,-0.10621166229248047,0.0025787353515625,-0.024279210925644917,25.72747747747748,84.4321042943339,40.72747747747748,99.4321042943339
himalayas_2020021612_strong,himalayas,strong,precip_large_zwd,zwd,zwd,q850_box_mean_g_per_kg,per-timestep spatial mean,actual_vs_uniform_zwd,6,enc_s2_bottleneck,mountain_near,4.6996355056762695,4.593423843383789,4.717388153076172,-0.10621166229248047,0.017752647399902344,-0.16714405006689353,25.72747747747748,84.4321042943339,40.72747747747748,99.4321042943339
himalayas_2020021612_strong,himalayas,strong,precip_large_zwd,zwd,zwd,q850_box_mean_g_per_kg,per-timestep spatial mean,actual_vs_uniform_zwd,6,enc_s2_bottleneck,upstream,4.6996355056762695,4.593423843383789,4.717633247375488,-0.10621166229248047,0.01799774169921875,-0.16945165258460462,25.72747747747748,84.4321042943339,40.72747747747748,99.4321042943339
himalayas_2020021612_strong,himalayas,strong,precip_large_zwd,zwd,zwd,q850_box_mean_g_per_kg,per-timestep spatial mean,actual_vs_uniform_zwd,6,enc_s2_bottleneck,hotspot_gaussian,4.6996355056762695,4.593423843383789,4.722009181976318,-0.10621166229248047,0.022373676300048828,-0.21065178547377683,25.72747747747748,84.4321042943339,40.72747747747748,99.4321042943339
himalayas_2020021612_strong,himalayas,strong,precip_large_zwd,zwd,zwd,q850_box_mean_g_per_kg,per-timestep spatial mean,actual_vs_uniform_zwd,6,enc_s2_bottleneck,low_near_gaussian,4.6996355056762695,4.593423843383789,4.701626777648926,-0.10621166229248047,0.00199127197265625,-0.01874814808163705,25.72747747747748,84.4321042943339,40.72747747747748,99.4321042943339
himalayas_2020021612_strong,himalayas,strong,precip_large_zwd,zwd,zwd,q850_box_mean_g_per_kg,per-timestep spatial mean,actual_vs_uniform_zwd,6,enc_s2_bottleneck,remote_control,4.6996355056762695,4.593423843383789,4.699654579162598,-0.10621166229248047,1.9073486328125e-05,-0.00017957996246778784,25.72747747747748,84.4321042943339,40.72747747747748,99.4321042943339
himalayas_2020021612_strong,himalayas,strong,precip_large_zwd,zwd,zwd,q850_box_mean_g_per_kg,per-timestep spatial mean,actual_vs_uniform_zwd,6,dec_s0_pre_skip,whole,4.6996355056762695,4.593423843383789,4.73927116394043,-0.10621166229248047,0.039635658264160156,-0.3731761410061865,25.72747747747748,84.4321042943339,40.72747747747748,99.4321042943339
himalayas_2020021612_strong,himalayas,strong,precip_large_zwd,zwd,zwd,q850_box_mean_g_per_kg,per-timestep spatial mean,actual_vs_uniform_zwd,6,dec_s0_pre_skip,target_box,4.6996355056762695,4.593423843383789,4.702214241027832,-0.10621166229248047,0.0025787353515625,-0.024279210925644917,25.72747747747748,84.4321042943339,40.72747747747748,99.4321042943339
himalayas_2020021612_strong,himalayas,strong,precip_large_zwd,zwd,zwd,q850_box_mean_g_per_kg,per-timestep spatial mean,actual_vs_uniform_zwd,6,dec_s0_pre_skip,mountain_near,4.6996355056762695,4.593423843383789,4.717388153076172,-0.10621166229248047,0.017752647399902344,-0.16714405006689353,25.72747747747748,84.4321042943339,40.72747747747748,99.4321042943339
himalayas_2020021612_strong,himalayas,strong,precip_large_zwd,zwd,zwd,q850_box_mean_g_per_kg,per-timestep spatial mean,actual_vs_uniform_zwd,6,dec_s0_pre_skip,upstream,4.6996355056762695,4.593423843383789,4.717633247375488,-0.10621166229248047,0.01799774169921875,-0.16945165258460462,25.72747747747748,84.4321042943339,40.72747747747748,99.4321042943339
himalayas_2020021612_strong,himalayas,strong,precip_large_zwd,zwd,zwd,q850_box_mean_g_per_kg,per-timestep spatial mean,actual_vs_uniform_zwd,6,dec_s0_pre_skip,hotspot_gaussian,4.6996355056762695,4.593423843383789,4.722009181976318,-0.10621166229248047,0.022373676300048828,-0.21065178547377683,25.72747747747748,84.4321042943339,40.72747747747748,99.4321042943339
himalayas_2020021612_strong,himalayas,strong,precip_large_zwd,zwd,zwd,q850_box_mean_g_per_kg,per-timestep spatial mean,actual_vs_uniform_zwd,6,dec_s0_pre_skip,low_near_gaussian,4.6996355056762695,4.593423843383789,4.701626777648926,-0.10621166229248047,0.00199127197265625,-0.01874814808163705,25.72747747747748,84.4321042943339,40.72747747747748,99.4321042943339
himalayas_2020021612_strong,himalayas,strong,precip_large_zwd,zwd,zwd,q850_box_mean_g_per_kg,per-timestep spatial mean,actual_vs_uniform_zwd,6,dec_s0_pre_skip,remote_control,4.6996355056762695,4.593423843383789,4.699654579162598,-0.10621166229248047,1.9073486328125e-05,-0.00017957996246778784,25.72747747747748,84.4321042943339,40.72747747747748,99.4321042943339
himalayas_2020021612_strong,himalayas,strong,precip_large_zwd,zwd,zwd,q850_box_mean_g_per_kg,per-timestep spatial mean,actual_vs_uniform_zwd,6,dec_s1_pre_skip,whole,4.6996355056762695,4.593423843383789,4.739710807800293,-0.10621166229248047,0.04007530212402344,-0.37731545914106907,25.72747747747748,84.4321042943339,40.72747747747748,99.4321042943339
himalayas_2020021612_strong,himalayas,strong,precip_large_zwd,zwd,zwd,q850_box_mean_g_per_kg,per-timestep spatial mean,actual_vs_uniform_zwd,6,dec_s1_pre_skip,target_box,4.6996355056762695,4.593423843383789,4.7018938064575195,-0.10621166229248047,0.00225830078125,-0.02126226755618608,25.72747747747748,84.4321042943339,40.72747747747748,99.4321042943339
himalayas_2020021612_strong,himalayas,strong,precip_large_zwd,zwd,zwd,q850_box_mean_g_per_kg,per-timestep spatial mean,actual_vs_uniform_zwd,6,dec_s1_pre_skip,mountain_near,4.6996355056762695,4.593423843383789,4.713670253753662,-0.10621166229248047,0.014034748077392578,-0.13213942588285998,25.72747747747748,84.4321042943339,40.72747747747748,99.4321042943339
himalayas_2020021612_strong,himalayas,strong,precip_large_zwd,zwd,zwd,q850_box_mean_g_per_kg,per-timestep spatial mean,actual_vs_uniform_zwd,6,dec_s1_pre_skip,upstream,4.6996355056762695,4.593423843383789,4.724018573760986,-0.10621166229248047,0.024383068084716797,-0.22957053451975828,25.72747747747748,84.4321042943339,40.72747747747748,99.4321042943339
himalayas_2020021612_strong,himalayas,strong,precip_large_zwd,zwd,zwd,q850_box_mean_g_per_kg,per-timestep spatial mean,actual_vs_uniform_zwd,6,dec_s1_pre_skip,hotspot_gaussian,4.6996355056762695,4.593423843383789,4.724349021911621,-0.10621166229248047,0.024713516235351562,-0.23268175736951272,25.72747747747748,84.4321042943339,40.72747747747748,99.4321042943339
himalayas_2020021612_strong,himalayas,strong,precip_large_zwd,zwd,zwd,q850_box_mean_g_per_kg,per-timestep spatial mean,actual_vs_uniform_zwd,6,dec_s1_pre_skip,low_near_gaussian,4.6996355056762695,4.593423843383789,4.700520038604736,-0.10621166229248047,0.0008845329284667969,-0.008328020759443661,25.72747747747748,84.4321042943339,40.72747747747748,99.4321042943339
himalayas_2020021612_strong,himalayas,strong,precip_large_zwd,zwd,zwd,q850_box_mean_g_per_kg,per-timestep spatial mean,actual_vs_uniform_zwd,6,dec_s1_pre_skip,remote_control,4.6996355056762695,4.593423843383789,4.69913387298584,-0.10621166229248047,-0.0005016326904296875,0.0047229530129028205,25.72747747747748,84.4321042943339,40.72747747747748,99.4321042943339
himalayas_2020021612_strong,himalayas,strong,precip_large_zwd,zwd,zwd,q850_box_mean_g_per_kg,per-timestep spatial mean,actual_vs_uniform_zwd,6,dec_s1_post_skip,whole,4.6996355056762695,4.593423843383789,4.652749061584473,-0.10621166229248047,-0.046886444091796875,0.44144346373831606,25.72747747747748,84.4321042943339,40.72747747747748,99.4321042943339
himalayas_2020021612_strong,himalayas,strong,precip_large_zwd,zwd,zwd,q850_box_mean_g_per_kg,per-timestep spatial mean,actual_vs_uniform_zwd,6,dec_s1_post_skip,target_box,4.6996355056762695,4.593423843383789,4.656378746032715,-0.10621166229248047,-0.04325675964355469,0.4072693968806961,25.72747747747748,84.4321042943339,40.72747747747748,99.4321042943339
himalayas_2020021612_strong,himalayas,strong,precip_large_zwd,zwd,zwd,q850_box_mean_g_per_kg,per-timestep spatial mean,actual_vs_uniform_zwd,6,dec_s1_post_skip,mountain_near,4.6996355056762695,4.593423843383789,4.648074150085449,-0.10621166229248047,-0.05156135559082031,0.4854585125391709,25.72747747747748,84.4321042943339,40.72747747747748,99.4321042943339
himalayas_2020021612_strong,himalayas,strong,precip_large_zwd,zwd,zwd,q850_box_mean_g_per_kg,per-timestep spatial mean,actual_vs_uniform_zwd,6,dec_s1_post_skip,upstream,4.6996355056762695,4.593423843383789,4.698927879333496,-0.10621166229248047,-0.0007076263427734375,0.006662416607554929,25.72747747747748,84.4321042943339,40.72747747747748,99.4321042943339
himalayas_2020021612_strong,himalayas,strong,precip_large_zwd,zwd,zwd,q850_box_mean_g_per_kg,per-timestep spatial mean,actual_vs_uniform_zwd,6,dec_s1_post_skip,hotspot_gaussian,4.6996355056762695,4.593423843383789,4.657140254974365,-0.10621166229248047,-0.0424952507019043,0.40009966687916965,25.72747747747748,84.4321042943339,40.72747747747748,99.4321042943339
himalayas_2020021612_strong,himalayas,strong,precip_large_zwd,zwd,zwd,q850_box_mean_g_per_kg,per-timestep spatial mean,actual_vs_uniform_zwd,6,dec_s1_post_skip,low_near_gaussian,4.6996355056762695,4.593423843383789,4.697993278503418,-0.10621166229248047,-0.0016422271728515625,0.015461834768476533,25.72747747747748,84.4321042943339,40.72747747747748,99.4321042943339
himalayas_2020021612_strong,himalayas,strong,precip_large_zwd,zwd,zwd,q850_box_mean_g_per_kg,per-timestep spatial mean,actual_vs_uniform_zwd,6,dec_s1_post_skip,remote_control,4.6996355056762695,4.593423843383789,4.699378967285156,-0.10621166229248047,-0.00025653839111328125,0.0024153504951917467,25.72747747747748,84.4321042943339,40.72747747747748,99.4321042943339
himalayas_2020021612_strong,himalayas,strong,precip_large_zwd,zwd,zwd,q850_box_mean_g_per_kg,per-timestep spatial mean,actual_vs_uniform_zwd,6,dec_s2_pre_concat,whole,4.6996355056762695,4.593423843383789,4.652749061584473,-0.10621166229248047,-0.046886444091796875,0.44144346373831606,25.72747747747748,84.4321042943339,40.72747747747748,99.4321042943339
himalayas_2020021612_strong,himalayas,strong,precip_large_zwd,zwd,zwd,q850_box_mean_g_per_kg,per-timestep spatial mean,actual_vs_uniform_zwd,6,dec_s2_pre_concat,target_box,4.6996355056762695,4.593423843383789,4.656378746032715,-0.10621166229248047,-0.04325675964355469,0.4072693968806961,25.72747747747748,84.4321042943339,40.72747747747748,99.4321042943339
himalayas_2020021612_strong,himalayas,strong,precip_large_zwd,zwd,zwd,q850_box_mean_g_per_kg,per-timestep spatial mean,actual_vs_uniform_zwd,6,dec_s2_pre_concat,mountain_near,4.6996355056762695,4.593423843383789,4.648074150085449,-0.10621166229248047,-0.05156135559082031,0.4854585125391709,25.72747747747748,84.4321042943339,40.72747747747748,99.4321042943339
himalayas_2020021612_strong,himalayas,strong,precip_large_zwd,zwd,zwd,q850_box_mean_g_per_kg,per-timestep spatial mean,actual_vs_uniform_zwd,6,dec_s2_pre_concat,upstream,4.6996355056762695,4.593423843383789,4.698927879333496,-0.10621166229248047,-0.0007076263427734375,0.006662416607554929,25.72747747747748,84.4321042943339,40.72747747747748,99.4321042943339
himalayas_2020021612_strong,himalayas,strong,precip_large_zwd,zwd,zwd,q850_box_mean_g_per_kg,per-timestep spatial mean,actual_vs_uniform_zwd,6,dec_s2_pre_concat,hotspot_gaussian,4.6996355056762695,4.593423843383789,4.657140254974365,-0.10621166229248047,-0.0424952507019043,0.40009966687916965,25.72747747747748,84.4321042943339,40.72747747747748,99.4321042943339
himalayas_2020021612_strong,himalayas,strong,precip_large_zwd,zwd,zwd,q850_box_mean_g_per_kg,per-timestep spatial mean,actual_vs_uniform_zwd,6,dec_s2_pre_concat,low_near_gaussian,4.6996355056762695,4.593423843383789,4.697993278503418,-0.10621166229248047,-0.0016422271728515625,0.015461834768476533,25.72747747747748,84.4321042943339,40.72747747747748,99.4321042943339
himalayas_2020021612_strong,himalayas,strong,precip_large_zwd,zwd,zwd,q850_box_mean_g_per_kg,per-timestep spatial mean,actual_vs_uniform_zwd,6,dec_s2_pre_concat,remote_control,4.6996355056762695,4.593423843383789,4.699378967285156,-0.10621166229248047,-0.00025653839111328125,0.0024153504951917467,25.72747747747748,84.4321042943339,40.72747747747748,99.4321042943339
himalayas_2020021612_strong,himalayas,strong,precip_large_zwd,zwd,zwd,q850_box_mean_g_per_kg,per-timestep spatial mean,actual_vs_uniform_zwd,6,dec_s2_post_concat,whole,4.6996355056762695,4.593423843383789,4.593471050262451,-0.10621166229248047,-0.10616445541381836,0.9995555395928922,25.72747747747748,84.4321042943339,40.72747747747748,99.4321042943339
himalayas_2020021612_strong,himalayas,strong,precip_large_zwd,zwd,zwd,q850_box_mean_g_per_kg,per-timestep spatial mean,actual_vs_uniform_zwd,6,dec_s2_post_concat,target_box,4.6996355056762695,4.593423843383789,4.6152472496032715,-0.10621166229248047,-0.08438825607299805,0.7945290964434188,25.72747747747748,84.4321042943339,40.72747747747748,99.4321042943339
himalayas_2020021612_strong,himalayas,strong,precip_large_zwd,zwd,zwd,q850_box_mean_g_per_kg,per-timestep spatial mean,actual_vs_uniform_zwd,6,dec_s2_post_concat,mountain_near,4.6996355056762695,4.593423843383789,4.600900650024414,-0.10621166229248047,-0.09873485565185547,0.9296046547126272,25.72747747747748,84.4321042943339,40.72747747747748,99.4321042943339
himalayas_2020021612_strong,himalayas,strong,precip_large_zwd,zwd,zwd,q850_box_mean_g_per_kg,per-timestep spatial mean,actual_vs_uniform_zwd,6,dec_s2_post_concat,upstream,4.6996355056762695,4.593423843383789,4.679995536804199,-0.10621166229248047,-0.019639968872070312,0.18491348735308114,25.72747747747748,84.4321042943339,40.72747747747748,99.4321042943339
himalayas_2020021612_strong,himalayas,strong,precip_large_zwd,zwd,zwd,q850_box_mean_g_per_kg,per-timestep spatial mean,actual_vs_uniform_zwd,6,dec_s2_post_concat,hotspot_gaussian,4.6996355056762695,4.593423843383789,4.607040882110596,-0.10621166229248047,-0.09259462356567383,0.8717933752951845,25.72747747747748,84.4321042943339,40.72747747747748,99.4321042943339
himalayas_2020021612_strong,himalayas,strong,precip_large_zwd,zwd,zwd,q850_box_mean_g_per_kg,per-timestep spatial mean,actual_vs_uniform_zwd,6,dec_s2_post_concat,low_near_gaussian,4.6996355056762695,4.593423843383789,4.696383953094482,-0.10621166229248047,-0.0032515525817871094,0.030613894101696133,25.72747747747748,84.4321042943339,40.72747747747748,99.4321042943339
himalayas_2020021612_strong,himalayas,strong,precip_large_zwd,zwd,zwd,q850_box_mean_g_per_kg,per-timestep spatial mean,actual_vs_uniform_zwd,6,dec_s2_post_concat,remote_control,4.6996355056762695,4.593423843383789,4.699380874633789,-0.10621166229248047,-0.00025463104248046875,0.0023973924989449677,25.72747747747748,84.4321042943339,40.72747747747748,99.4321042943339
himalayas_2020021612_strong,himalayas,strong,precip_large_zwd,zwd,zwd,q850_box_mean_g_per_kg,per-timestep spatial mean,actual_vs_uniform_zwd,12,enc_s0_skip,whole,4.216368675231934,4.0855841636657715,4.0720906257629395,-0.1307845115661621,-0.14427804946899414,1.1031738218940843,25.72747747747748,84.4321042943339,40.72747747747748,99.4321042943339
himalayas_2020021612_strong,himalayas,strong,precip_large_zwd,zwd,zwd,q850_box_mean_g_per_kg,per-timestep spatial mean,actual_vs_uniform_zwd,12,enc_s0_skip,target_box,4.216368675231934,4.0855841636657715,4.0726447105407715,-0.1307845115661621,-0.1437239646911621,1.0989371980676328,25.72747747747748,84.4321042943339,40.72747747747748,99.4321042943339
himalayas_2020021612_strong,himalayas,strong,precip_large_zwd,zwd,zwd,q850_box_mean_g_per_kg,per-timestep spatial mean,actual_vs_uniform_zwd,12,enc_s0_skip,mountain_near,4.216368675231934,4.0855841636657715,4.074565887451172,-0.1307845115661621,-0.14180278778076172,1.0842475617537144,25.72747747747748,84.4321042943339,40.72747747747748,99.4321042943339
himalayas_2020021612_strong,himalayas,strong,precip_large_zwd,zwd,zwd,q850_box_mean_g_per_kg,per-timestep spatial mean,actual_vs_uniform_zwd,12,enc_s0_skip,upstream,4.216368675231934,4.0855841636657715,4.163843154907227,-0.1307845115661621,-0.05252552032470703,0.401618813234892,25.72747747747748,84.4321042943339,40.72747747747748,99.4321042943339
himalayas_2020021612_strong,himalayas,strong,precip_large_zwd,zwd,zwd,q850_box_mean_g_per_kg,per-timestep spatial mean,actual_vs_uniform_zwd,12,enc_s0_skip,hotspot_gaussian,4.216368675231934,4.0855841636657715,4.073092460632324,-0.1307845115661621,-0.14327621459960938,1.0955136268343815,25.72747747747748,84.4321042943339,40.72747747747748,99.4321042943339
himalayas_2020021612_strong,himalayas,strong,precip_large_zwd,zwd,zwd,q850_box_mean_g_per_kg,per-timestep spatial mean,actual_vs_uniform_zwd,12,enc_s0_skip,low_near_gaussian,4.216368675231934,4.0855841636657715,4.211984157562256,-0.1307845115661621,-0.004384517669677734,0.03352474706043205,25.72747747747748,84.4321042943339,40.72747747747748,99.4321042943339
himalayas_2020021612_strong,himalayas,strong,precip_large_zwd,zwd,zwd,q850_box_mean_g_per_kg,per-timestep spatial mean,actual_vs_uniform_zwd,12,enc_s0_skip,remote_control,4.216368675231934,4.0855841636657715,4.216097831726074,-0.1307845115661621,-0.000270843505859375,0.002070914228420381,25.72747747747748,84.4321042943339,40.72747747747748,99.4321042943339
himalayas_2020021612_strong,himalayas,strong,precip_large_zwd,zwd,zwd,q850_box_mean_g_per_kg,per-timestep spatial mean,actual_vs_uniform_zwd,12,enc_s1_skip,whole,4.216368675231934,4.0855841636657715,4.216368675231934,-0.1307845115661621,0.0,-0.0,25.72747747747748,84.4321042943339,40.72747747747748,99.4321042943339
himalayas_2020021612_strong,himalayas,strong,precip_large_zwd,zwd,zwd,q850_box_mean_g_per_kg,per-timestep spatial mean,actual_vs_uniform_zwd,12,enc_s1_skip,target_box,4.216368675231934,4.0855841636657715,4.216368675231934,-0.1307845115661621,0.0,-0.0,25.72747747747748,84.4321042943339,40.72747747747748,99.4321042943339
himalayas_2020021612_strong,himalayas,strong,precip_large_zwd,zwd,zwd,q850_box_mean_g_per_kg,per-timestep spatial mean,actual_vs_uniform_zwd,12,enc_s1_skip,mountain_near,4.216368675231934,4.0855841636657715,4.216368675231934,-0.1307845115661621,0.0,-0.0,25.72747747747748,84.4321042943339,40.72747747747748,99.4321042943339
himalayas_2020021612_strong,himalayas,strong,precip_large_zwd,zwd,zwd,q850_box_mean_g_per_kg,per-timestep spatial mean,actual_vs_uniform_zwd,12,enc_s1_skip,upstream,4.216368675231934,4.0855841636657715,4.216368675231934,-0.1307845115661621,0.0,-0.0,25.72747747747748,84.4321042943339,40.72747747747748,99.4321042943339
himalayas_2020021612_strong,himalayas,strong,precip_large_zwd,zwd,zwd,q850_box_mean_g_per_kg,per-timestep spatial mean,actual_vs_uniform_zwd,12,enc_s1_skip,hotspot_gaussian,4.216368675231934,4.0855841636657715,4.216368675231934,-0.1307845115661621,0.0,-0.0,25.72747747747748,84.4321042943339,40.72747747747748,99.4321042943339
himalayas_2020021612_strong,himalayas,strong,precip_large_zwd,zwd,zwd,q850_box_mean_g_per_kg,per-timestep spatial mean,actual_vs_uniform_zwd,12,enc_s1_skip,low_near_gaussian,4.216368675231934,4.0855841636657715,4.216368675231934,-0.1307845115661621,0.0,-0.0,25.72747747747748,84.4321042943339,40.72747747747748,99.4321042943339
himalayas_2020021612_strong,himalayas,strong,precip_large_zwd,zwd,zwd,q850_box_mean_g_per_kg,per-timestep spatial mean,actual_vs_uniform_zwd,12,enc_s1_skip,remote_control,4.216368675231934,4.0855841636657715,4.216368675231934,-0.1307845115661621,0.0,-0.0,25.72747747747748,84.4321042943339,40.72747747747748,99.4321042943339
himalayas_2020021612_strong,himalayas,strong,precip_large_zwd,zwd,zwd,q850_box_mean_g_per_kg,per-timestep spatial mean,actual_vs_uniform_zwd,12,enc_s2_bottleneck,whole,4.216368675231934,4.0855841636657715,4.235635280609131,-0.1307845115661621,0.019266605377197266,-0.14731565035092517,25.72747747747748,84.4321042943339,40.72747747747748,99.4321042943339
himalayas_2020021612_strong,himalayas,strong,precip_large_zwd,zwd,zwd,q850_box_mean_g_per_kg,per-timestep spatial mean,actual_vs_uniform_zwd,12,enc_s2_bottleneck,target_box,4.216368675231934,4.0855841636657715,4.213053226470947,-0.1307845115661621,-0.003315448760986328,0.025350469419378362,25.72747747747748,84.4321042943339,40.72747747747748,99.4321042943339
himalayas_2020021612_strong,himalayas,strong,precip_large_zwd,zwd,zwd,q850_box_mean_g_per_kg,per-timestep spatial mean,actual_vs_uniform_zwd,12,enc_s2_bottleneck,mountain_near,4.216368675231934,4.0855841636657715,4.2198710441589355,-0.1307845115661621,0.003502368927001953,-0.026779691915048764,25.72747747747748,84.4321042943339,40.72747747747748,99.4321042943339
himalayas_2020021612_strong,himalayas,strong,precip_large_zwd,zwd,zwd,q850_box_mean_g_per_kg,per-timestep spatial mean,actual_vs_uniform_zwd,12,enc_s2_bottleneck,upstream,4.216368675231934,4.0855841636657715,4.229093074798584,-0.1307845115661621,0.01272439956665039,-0.09729286300246104,25.72747747747748,84.4321042943339,40.72747747747748,99.4321042943339
himalayas_2020021612_strong,himalayas,strong,precip_large_zwd,zwd,zwd,q850_box_mean_g_per_kg,per-timestep spatial mean,actual_vs_uniform_zwd,12,enc_s2_bottleneck,hotspot_gaussian,4.216368675231934,4.0855841636657715,4.226038932800293,-0.1307845115661621,0.009670257568359375,-0.07394038829641783,25.72747747747748,84.4321042943339,40.72747747747748,99.4321042943339
himalayas_2020021612_strong,himalayas,strong,precip_large_zwd,zwd,zwd,q850_box_mean_g_per_kg,per-timestep spatial mean,actual_vs_uniform_zwd,12,enc_s2_bottleneck,low_near_gaussian,4.216368675231934,4.0855841636657715,4.217796802520752,-0.1307845115661621,0.0014281272888183594,-0.010919697384012396,25.72747747747748,84.4321042943339,40.72747747747748,99.4321042943339
himalayas_2020021612_strong,himalayas,strong,precip_large_zwd,zwd,zwd,q850_box_mean_g_per_kg,per-timestep spatial mean,actual_vs_uniform_zwd,12,enc_s2_bottleneck,remote_control,4.216368675231934,4.0855841636657715,4.215535640716553,-0.1307845115661621,-0.0008330345153808594,0.006369519642694376,25.72747747747748,84.4321042943339,40.72747747747748,99.4321042943339
himalayas_2020021612_strong,himalayas,strong,precip_large_zwd,zwd,zwd,q850_box_mean_g_per_kg,per-timestep spatial mean,actual_vs_uniform_zwd,12,dec_s0_pre_skip,whole,4.216368675231934,4.0855841636657715,4.235635280609131,-0.1307845115661621,0.019266605377197266,-0.14731565035092517,25.72747747747748,84.4321042943339,40.72747747747748,99.4321042943339
himalayas_2020021612_strong,himalayas,strong,precip_large_zwd,zwd,zwd,q850_box_mean_g_per_kg,per-timestep spatial mean,actual_vs_uniform_zwd,12,dec_s0_pre_skip,target_box,4.216368675231934,4.0855841636657715,4.213053226470947,-0.1307845115661621,-0.003315448760986328,0.025350469419378362,25.72747747747748,84.4321042943339,40.72747747747748,99.4321042943339
himalayas_2020021612_strong,himalayas,strong,precip_large_zwd,zwd,zwd,q850_box_mean_g_per_kg,per-timestep spatial mean,actual_vs_uniform_zwd,12,dec_s0_pre_skip,mountain_near,4.216368675231934,4.0855841636657715,4.2198710441589355,-0.1307845115661621,0.003502368927001953,-0.026779691915048764,25.72747747747748,84.4321042943339,40.72747747747748,99.4321042943339
himalayas_2020021612_strong,himalayas,strong,precip_large_zwd,zwd,zwd,q850_box_mean_g_per_kg,per-timestep spatial mean,actual_vs_uniform_zwd,12,dec_s0_pre_skip,upstream,4.216368675231934,4.0855841636657715,4.229093074798584,-0.1307845115661621,0.01272439956665039,-0.09729286300246104,25.72747747747748,84.4321042943339,40.72747747747748,99.4321042943339
himalayas_2020021612_strong,himalayas,strong,precip_large_zwd,zwd,zwd,q850_box_mean_g_per_kg,per-timestep spatial mean,actual_vs_uniform_zwd,12,dec_s0_pre_skip,hotspot_gaussian,4.216368675231934,4.0855841636657715,4.226038932800293,-0.1307845115661621,0.009670257568359375,-0.07394038829641783,25.72747747747748,84.4321042943339,40.72747747747748,99.4321042943339
himalayas_2020021612_strong,himalayas,strong,precip_large_zwd,zwd,zwd,q850_box_mean_g_per_kg,per-timestep spatial mean,actual_vs_uniform_zwd,12,dec_s0_pre_skip,low_near_gaussian,4.216368675231934,4.0855841636657715,4.217796802520752,-0.1307845115661621,0.0014281272888183594,-0.010919697384012396,25.72747747747748,84.4321042943339,40.72747747747748,99.4321042943339
himalayas_2020021612_strong,himalayas,strong,precip_large_zwd,zwd,zwd,q850_box_mean_g_per_kg,per-timestep spatial mean,actual_vs_uniform_zwd,12,dec_s0_pre_skip,remote_control,4.216368675231934,4.0855841636657715,4.215535640716553,-0.1307845115661621,-0.0008330345153808594,0.006369519642694376,25.72747747747748,84.4321042943339,40.72747747747748,99.4321042943339
himalayas_2020021612_strong,himalayas,strong,precip_large_zwd,zwd,zwd,q850_box_mean_g_per_kg,per-timestep spatial mean,actual_vs_uniform_zwd,12,dec_s1_pre_skip,whole,4.216368675231934,4.0855841636657715,4.2344207763671875,-0.1307845115661621,0.018052101135253906,-0.1380293501048218,25.72747747747748,84.4321042943339,40.72747747747748,99.4321042943339
himalayas_2020021612_strong,himalayas,strong,precip_large_zwd,zwd,zwd,q850_box_mean_g_per_kg,per-timestep spatial mean,actual_vs_uniform_zwd,12,dec_s1_pre_skip,target_box,4.216368675231934,4.0855841636657715,4.209896087646484,-0.1307845115661621,-0.006472587585449219,0.04949047488834199,25.72747747747748,84.4321042943339,40.72747747747748,99.4321042943339
himalayas_2020021612_strong,himalayas,strong,precip_large_zwd,zwd,zwd,q850_box_mean_g_per_kg,per-timestep spatial mean,actual_vs_uniform_zwd,12,dec_s1_pre_skip,mountain_near,4.216368675231934,4.0855841636657715,4.211071968078613,-0.1307845115661621,-0.0052967071533203125,0.04049949867833379,25.72747747747748,84.4321042943339,40.72747747747748,99.4321042943339
himalayas_2020021612_strong,himalayas,strong,precip_large_zwd,zwd,zwd,q850_box_mean_g_per_kg,per-timestep spatial mean,actual_vs_uniform_zwd,12,dec_s1_pre_skip,upstream,4.216368675231934,4.0855841636657715,4.233066558837891,-0.1307845115661621,0.01669788360595703,-0.1276747789627199,25.72747747747748,84.4321042943339,40.72747747747748,99.4321042943339
himalayas_2020021612_strong,himalayas,strong,precip_large_zwd,zwd,zwd,q850_box_mean_g_per_kg,per-timestep spatial mean,actual_vs_uniform_zwd,12,dec_s1_pre_skip,hotspot_gaussian,4.216368675231934,4.0855841636657715,4.223089218139648,-0.1307845115661621,0.006720542907714844,-0.051386382280557835,25.72747747747748,84.4321042943339,40.72747747747748,99.4321042943339
himalayas_2020021612_strong,himalayas,strong,precip_large_zwd,zwd,zwd,q850_box_mean_g_per_kg,per-timestep spatial mean,actual_vs_uniform_zwd,12,dec_s1_pre_skip,low_near_gaussian,4.216368675231934,4.0855841636657715,4.21632719039917,-0.1307845115661621,-4.1484832763671875e-05,0.0003171998906207274,25.72747747747748,84.4321042943339,40.72747747747748,99.4321042943339
himalayas_2020021612_strong,himalayas,strong,precip_large_zwd,zwd,zwd,q850_box_mean_g_per_kg,per-timestep spatial mean,actual_vs_uniform_zwd,12,dec_s1_pre_skip,remote_control,4.216368675231934,4.0855841636657715,4.217528343200684,-0.1307845115661621,0.00115966796875,-0.008867013034363321,25.72747747747748,84.4321042943339,40.72747747747748,99.4321042943339
himalayas_2020021612_strong,himalayas,strong,precip_large_zwd,zwd,zwd,q850_box_mean_g_per_kg,per-timestep spatial mean,actual_vs_uniform_zwd,12,dec_s1_post_skip,whole,4.216368675231934,4.0855841636657715,4.155787944793701,-0.1307845115661621,-0.06058073043823242,0.46321028165162703,25.72747747747748,84.4321042943339,40.72747747747748,99.4321042943339
himalayas_2020021612_strong,himalayas,strong,precip_large_zwd,zwd,zwd,q850_box_mean_g_per_kg,per-timestep spatial mean,actual_vs_uniform_zwd,12,dec_s1_post_skip,target_box,4.216368675231934,4.0855841636657715,4.147243022918701,-0.1307845115661621,-0.06912565231323242,0.5285461671679883,25.72747747747748,84.4321042943339,40.72747747747748,99.4321042943339
himalayas_2020021612_strong,himalayas,strong,precip_large_zwd,zwd,zwd,q850_box_mean_g_per_kg,per-timestep spatial mean,actual_vs_uniform_zwd,12,dec_s1_post_skip,mountain_near,4.216368675231934,4.0855841636657715,4.145673751831055,-0.1307845115661621,-0.0706949234008789,0.540545073375262,25.72747747747748,84.4321042943339,40.72747747747748,99.4321042943339
himalayas_2020021612_strong,himalayas,strong,precip_large_zwd,zwd,zwd,q850_box_mean_g_per_kg,per-timestep spatial mean,actual_vs_uniform_zwd,12,dec_s1_post_skip,upstream,4.216368675231934,4.0855841636657715,4.201177597045898,-0.1307845115661621,-0.015191078186035156,0.1161534955792544,25.72747747747748,84.4321042943339,40.72747747747748,99.4321042943339
himalayas_2020021612_strong,himalayas,strong,precip_large_zwd,zwd,zwd,q850_box_mean_g_per_kg,per-timestep spatial mean,actual_vs_uniform_zwd,12,dec_s1_post_skip,hotspot_gaussian,4.216368675231934,4.0855841636657715,4.154076099395752,-0.1307845115661621,-0.06229257583618164,0.47629933460942486,25.72747747747748,84.4321042943339,40.72747747747748,99.4321042943339
himalayas_2020021612_strong,himalayas,strong,precip_large_zwd,zwd,zwd,q850_box_mean_g_per_kg,per-timestep spatial mean,actual_vs_uniform_zwd,12,dec_s1_post_skip,low_near_gaussian,4.216368675231934,4.0855841636657715,4.214450359344482,-0.1307845115661621,-0.0019183158874511719,0.014667760459392946,25.72747747747748,84.4321042943339,40.72747747747748,99.4321042943339
himalayas_2020021612_strong,himalayas,strong,precip_large_zwd,zwd,zwd,q850_box_mean_g_per_kg,per-timestep spatial mean,actual_vs_uniform_zwd,12,dec_s1_post_skip,remote_control,4.216368675231934,4.0855841636657715,4.2148027420043945,-0.1307845115661621,-0.0015659332275390625,0.011973384376993893,25.72747747747748,84.4321042943339,40.72747747747748,99.4321042943339
himalayas_2020021612_strong,himalayas,strong,precip_large_zwd,zwd,zwd,q850_box_mean_g_per_kg,per-timestep spatial mean,actual_vs_uniform_zwd,12,dec_s2_pre_concat,whole,4.216368675231934,4.0855841636657715,4.155787944793701,-0.1307845115661621,-0.06058073043823242,0.46321028165162703,25.72747747747748,84.4321042943339,40.72747747747748,99.4321042943339
himalayas_2020021612_strong,himalayas,strong,precip_large_zwd,zwd,zwd,q850_box_mean_g_per_kg,per-timestep spatial mean,actual_vs_uniform_zwd,12,dec_s2_pre_concat,target_box,4.216368675231934,4.0855841636657715,4.147243022918701,-0.1307845115661621,-0.06912565231323242,0.5285461671679883,25.72747747747748,84.4321042943339,40.72747747747748,99.4321042943339
himalayas_2020021612_strong,himalayas,strong,precip_large_zwd,zwd,zwd,q850_box_mean_g_per_kg,per-timestep spatial mean,actual_vs_uniform_zwd,12,dec_s2_pre_concat,mountain_near,4.216368675231934,4.0855841636657715,4.145673751831055,-0.1307845115661621,-0.0706949234008789,0.540545073375262,25.72747747747748,84.4321042943339,40.72747747747748,99.4321042943339
himalayas_2020021612_strong,himalayas,strong,precip_large_zwd,zwd,zwd,q850_box_mean_g_per_kg,per-timestep spatial mean,actual_vs_uniform_zwd,12,dec_s2_pre_concat,upstream,4.216368675231934,4.0855841636657715,4.201177597045898,-0.1307845115661621,-0.015191078186035156,0.1161534955792544,25.72747747747748,84.4321042943339,40.72747747747748,99.4321042943339
himalayas_2020021612_strong,himalayas,strong,precip_large_zwd,zwd,zwd,q850_box_mean_g_per_kg,per-timestep spatial mean,actual_vs_uniform_zwd,12,dec_s2_pre_concat,hotspot_gaussian,4.216368675231934,4.0855841636657715,4.154076099395752,-0.1307845115661621,-0.06229257583618164,0.47629933460942486,25.72747747747748,84.4321042943339,40.72747747747748,99.4321042943339
himalayas_2020021612_strong,himalayas,strong,precip_large_zwd,zwd,zwd,q850_box_mean_g_per_kg,per-timestep spatial mean,actual_vs_uniform_zwd,12,dec_s2_pre_concat,low_near_gaussian,4.216368675231934,4.0855841636657715,4.214450359344482,-0.1307845115661621,-0.0019183158874511719,0.014667760459392946,25.72747747747748,84.4321042943339,40.72747747747748,99.4321042943339
himalayas_2020021612_strong,himalayas,strong,precip_large_zwd,zwd,zwd,q850_box_mean_g_per_kg,per-timestep spatial mean,actual_vs_uniform_zwd,12,dec_s2_pre_concat,remote_control,4.216368675231934,4.0855841636657715,4.2148027420043945,-0.1307845115661621,-0.0015659332275390625,0.011973384376993893,25.72747747747748,84.4321042943339,40.72747747747748,99.4321042943339
himalayas_2020021612_strong,himalayas,strong,precip_large_zwd,zwd,zwd,q850_box_mean_g_per_kg,per-timestep spatial mean,actual_vs_uniform_zwd,12,dec_s2_post_concat,whole,4.216368675231934,4.0855841636657715,4.094477653503418,-0.1307845115661621,-0.12189102172851562,0.9319989062072738,25.72747747747748,84.4321042943339,40.72747747747748,99.4321042943339
himalayas_2020021612_strong,himalayas,strong,precip_large_zwd,zwd,zwd,q850_box_mean_g_per_kg,per-timestep spatial mean,actual_vs_uniform_zwd,12,dec_s2_post_concat,target_box,4.216368675231934,4.0855841636657715,4.060033321380615,-0.1307845115661621,-0.15633535385131836,1.195365964816334,25.72747747747748,84.4321042943339,40.72747747747748,99.4321042943339
himalayas_2020021612_strong,himalayas,strong,precip_large_zwd,zwd,zwd,q850_box_mean_g_per_kg,per-timestep spatial mean,actual_vs_uniform_zwd,12,dec_s2_post_concat,mountain_near,4.216368675231934,4.0855841636657715,4.073671817779541,-0.1307845115661621,-0.14269685745239258,1.0910837662929542,25.72747747747748,84.4321042943339,40.72747747747748,99.4321042943339
himalayas_2020021612_strong,himalayas,strong,precip_large_zwd,zwd,zwd,q850_box_mean_g_per_kg,per-timestep spatial mean,actual_vs_uniform_zwd,12,dec_s2_post_concat,upstream,4.216368675231934,4.0855841636657715,4.179677963256836,-0.1307845115661621,-0.036690711975097656,0.2805432503873849,25.72747747747748,84.4321042943339,40.72747747747748,99.4321042943339
himalayas_2020021612_strong,himalayas,strong,precip_large_zwd,zwd,zwd,q850_box_mean_g_per_kg,per-timestep spatial mean,actual_vs_uniform_zwd,12,dec_s2_post_concat,hotspot_gaussian,4.216368675231934,4.0855841636657715,4.08100700378418,-0.1307845115661621,-0.1353616714477539,1.0349977212651535,25.72747747747748,84.4321042943339,40.72747747747748,99.4321042943339
himalayas_2020021612_strong,himalayas,strong,precip_large_zwd,zwd,zwd,q850_box_mean_g_per_kg,per-timestep spatial mean,actual_vs_uniform_zwd,12,dec_s2_post_concat,low_near_gaussian,4.216368675231934,4.0855841636657715,4.214043140411377,-0.1307845115661621,-0.0023255348205566406,0.01778142375353204,25.72747747747748,84.4321042943339,40.72747747747748,99.4321042943339
himalayas_2020021612_strong,himalayas,strong,precip_large_zwd,zwd,zwd,q850_box_mean_g_per_kg,per-timestep spatial mean,actual_vs_uniform_zwd,12,dec_s2_post_concat,remote_control,4.216368675231934,4.0855841636657715,4.2153849601745605,-0.1307845115661621,-0.0009837150573730469,0.007521647981040926,25.72747747747748,84.4321042943339,40.72747747747748,99.4321042943339
himalayas_2020021612_strong,himalayas,strong,precip_large_zwd,zwd,zwd,q850_box_mean_g_per_kg,per-timestep spatial mean,actual_vs_uniform_zwd,24,enc_s0_skip,whole,5.212726593017578,5.075917720794678,5.093901634216309,-0.1368088722229004,-0.11882495880126953,0.868547170008609,25.72747747747748,84.4321042943339,40.72747747747748,99.4321042943339
himalayas_2020021612_strong,himalayas,strong,precip_large_zwd,zwd,zwd,q850_box_mean_g_per_kg,per-timestep spatial mean,actual_vs_uniform_zwd,24,enc_s0_skip,target_box,5.212726593017578,5.075917720794678,5.145258903503418,-0.1368088722229004,-0.06746768951416016,0.4931528812271487,25.72747747747748,84.4321042943339,40.72747747747748,99.4321042943339
himalayas_2020021612_strong,himalayas,strong,precip_large_zwd,zwd,zwd,q850_box_mean_g_per_kg,per-timestep spatial mean,actual_vs_uniform_zwd,24,enc_s0_skip,mountain_near,5.212726593017578,5.075917720794678,5.109573841094971,-0.1368088722229004,-0.10315275192260742,0.7539916837742978,25.72747747747748,84.4321042943339,40.72747747747748,99.4321042943339
himalayas_2020021612_strong,himalayas,strong,precip_large_zwd,zwd,zwd,q850_box_mean_g_per_kg,per-timestep spatial mean,actual_vs_uniform_zwd,24,enc_s0_skip,upstream,5.212726593017578,5.075917720794678,5.1559672355651855,-0.1368088722229004,-0.05675935745239258,0.4148806764514184,25.72747747747748,84.4321042943339,40.72747747747748,99.4321042943339
himalayas_2020021612_strong,himalayas,strong,precip_large_zwd,zwd,zwd,q850_box_mean_g_per_kg,per-timestep spatial mean,actual_vs_uniform_zwd,24,enc_s0_skip,hotspot_gaussian,5.212726593017578,5.075917720794678,5.110492706298828,-0.1368088722229004,-0.10223388671875,0.747275268464914,25.72747747747748,84.4321042943339,40.72747747747748,99.4321042943339
himalayas_2020021612_strong,himalayas,strong,precip_large_zwd,zwd,zwd,q850_box_mean_g_per_kg,per-timestep spatial mean,actual_vs_uniform_zwd,24,enc_s0_skip,low_near_gaussian,5.212726593017578,5.075917720794678,5.208786964416504,-0.1368088722229004,-0.003939628601074219,0.028796587071161936,25.72747747747748,84.4321042943339,40.72747747747748,99.4321042943339
himalayas_2020021612_strong,himalayas,strong,precip_large_zwd,zwd,zwd,q850_box_mean_g_per_kg,per-timestep spatial mean,actual_vs_uniform_zwd,24,enc_s0_skip,remote_control,5.212726593017578,5.075917720794678,5.211398124694824,-0.1368088722229004,-0.0013284683227539062,0.009710395979212921,25.72747747747748,84.4321042943339,40.72747747747748,99.4321042943339
himalayas_2020021612_strong,himalayas,strong,precip_large_zwd,zwd,zwd,q850_box_mean_g_per_kg,per-timestep spatial mean,actual_vs_uniform_zwd,24,enc_s1_skip,whole,5.212726593017578,5.075917720794678,5.212726593017578,-0.1368088722229004,0.0,-0.0,25.72747747747748,84.4321042943339,40.72747747747748,99.4321042943339
himalayas_2020021612_strong,himalayas,strong,precip_large_zwd,zwd,zwd,q850_box_mean_g_per_kg,per-timestep spatial mean,actual_vs_uniform_zwd,24,enc_s1_skip,target_box,5.212726593017578,5.075917720794678,5.212726593017578,-0.1368088722229004,0.0,-0.0,25.72747747747748,84.4321042943339,40.72747747747748,99.4321042943339
himalayas_2020021612_strong,himalayas,strong,precip_large_zwd,zwd,zwd,q850_box_mean_g_per_kg,per-timestep spatial mean,actual_vs_uniform_zwd,24,enc_s1_skip,mountain_near,5.212726593017578,5.075917720794678,5.212726593017578,-0.1368088722229004,0.0,-0.0,25.72747747747748,84.4321042943339,40.72747747747748,99.4321042943339
himalayas_2020021612_strong,himalayas,strong,precip_large_zwd,zwd,zwd,q850_box_mean_g_per_kg,per-timestep spatial mean,actual_vs_uniform_zwd,24,enc_s1_skip,upstream,5.212726593017578,5.075917720794678,5.212726593017578,-0.1368088722229004,0.0,-0.0,25.72747747747748,84.4321042943339,40.72747747747748,99.4321042943339
himalayas_2020021612_strong,himalayas,strong,precip_large_zwd,zwd,zwd,q850_box_mean_g_per_kg,per-timestep spatial mean,actual_vs_uniform_zwd,24,enc_s1_skip,hotspot_gaussian,5.212726593017578,5.075917720794678,5.212726593017578,-0.1368088722229004,0.0,-0.0,25.72747747747748,84.4321042943339,40.72747747747748,99.4321042943339
himalayas_2020021612_strong,himalayas,strong,precip_large_zwd,zwd,zwd,q850_box_mean_g_per_kg,per-timestep spatial mean,actual_vs_uniform_zwd,24,enc_s1_skip,low_near_gaussian,5.212726593017578,5.075917720794678,5.212726593017578,-0.1368088722229004,0.0,-0.0,25.72747747747748,84.4321042943339,40.72747747747748,99.4321042943339
himalayas_2020021612_strong,himalayas,strong,precip_large_zwd,zwd,zwd,q850_box_mean_g_per_kg,per-timestep spatial mean,actual_vs_uniform_zwd,24,enc_s1_skip,remote_control,5.212726593017578,5.075917720794678,5.212726593017578,-0.1368088722229004,0.0,-0.0,25.72747747747748,84.4321042943339,40.72747747747748,99.4321042943339
himalayas_2020021612_strong,himalayas,strong,precip_large_zwd,zwd,zwd,q850_box_mean_g_per_kg,per-timestep spatial mean,actual_vs_uniform_zwd,24,enc_s2_bottleneck,whole,5.212726593017578,5.075917720794678,5.207695960998535,-0.1368088722229004,-0.005030632019042969,0.036771241055526316,25.72747747747748,84.4321042943339,40.72747747747748,99.4321042943339
himalayas_2020021612_strong,himalayas,strong,precip_large_zwd,zwd,zwd,q850_box_mean_g_per_kg,per-timestep spatial mean,actual_vs_uniform_zwd,24,enc_s2_bottleneck,target_box,5.212726593017578,5.075917720794678,5.208049297332764,-0.1368088722229004,-0.004677295684814453,0.03418854061740831,25.72747747747748,84.4321042943339,40.72747747747748,99.4321042943339
himalayas_2020021612_strong,himalayas,strong,precip_large_zwd,zwd,zwd,q850_box_mean_g_per_kg,per-timestep spatial mean,actual_vs_uniform_zwd,24,enc_s2_bottleneck,mountain_near,5.212726593017578,5.075917720794678,5.212416172027588,-0.1368088722229004,-0.0003104209899902344,0.0022690121257959842,25.72747747747748,84.4321042943339,40.72747747747748,99.4321042943339
himalayas_2020021612_strong,himalayas,strong,precip_large_zwd,zwd,zwd,q850_box_mean_g_per_kg,per-timestep spatial mean,actual_vs_uniform_zwd,24,enc_s2_bottleneck,upstream,5.212726593017578,5.075917720794678,5.218575954437256,-0.1368088722229004,0.005849361419677734,-0.04275571696949207,25.72747747747748,84.4321042943339,40.72747747747748,99.4321042943339
himalayas_2020021612_strong,himalayas,strong,precip_large_zwd,zwd,zwd,q850_box_mean_g_per_kg,per-timestep spatial mean,actual_vs_uniform_zwd,24,enc_s2_bottleneck,hotspot_gaussian,5.212726593017578,5.075917720794678,5.213842391967773,-0.1368088722229004,0.0011157989501953125,-0.008155896120372663,25.72747747747748,84.4321042943339,40.72747747747748,99.4321042943339
himalayas_2020021612_strong,himalayas,strong,precip_large_zwd,zwd,zwd,q850_box_mean_g_per_kg,per-timestep spatial mean,actual_vs_uniform_zwd,24,enc_s2_bottleneck,low_near_gaussian,5.212726593017578,5.075917720794678,5.211744785308838,-0.1368088722229004,-0.0009818077087402344,0.007176491500789449,25.72747747747748,84.4321042943339,40.72747747747748,99.4321042943339
himalayas_2020021612_strong,himalayas,strong,precip_large_zwd,zwd,zwd,q850_box_mean_g_per_kg,per-timestep spatial mean,actual_vs_uniform_zwd,24,enc_s2_bottleneck,remote_control,5.212726593017578,5.075917720794678,5.208616733551025,-0.1368088722229004,-0.004109859466552734,0.030040884043372636,25.72747747747748,84.4321042943339,40.72747747747748,99.4321042943339
himalayas_2020021612_strong,himalayas,strong,precip_large_zwd,zwd,zwd,q850_box_mean_g_per_kg,per-timestep spatial mean,actual_vs_uniform_zwd,24,dec_s0_pre_skip,whole,5.212726593017578,5.075917720794678,5.207695960998535,-0.1368088722229004,-0.005030632019042969,0.036771241055526316,25.72747747747748,84.4321042943339,40.72747747747748,99.4321042943339
himalayas_2020021612_strong,himalayas,strong,precip_large_zwd,zwd,zwd,q850_box_mean_g_per_kg,per-timestep spatial mean,actual_vs_uniform_zwd,24,dec_s0_pre_skip,target_box,5.212726593017578,5.075917720794678,5.208049297332764,-0.1368088722229004,-0.004677295684814453,0.03418854061740831,25.72747747747748,84.4321042943339,40.72747747747748,99.4321042943339
himalayas_2020021612_strong,himalayas,strong,precip_large_zwd,zwd,zwd,q850_box_mean_g_per_kg,per-timestep spatial mean,actual_vs_uniform_zwd,24,dec_s0_pre_skip,mountain_near,5.212726593017578,5.075917720794678,5.212416172027588,-0.1368088722229004,-0.0003104209899902344,0.0022690121257959842,25.72747747747748,84.4321042943339,40.72747747747748,99.4321042943339
himalayas_2020021612_strong,himalayas,strong,precip_large_zwd,zwd,zwd,q850_box_mean_g_per_kg,per-timestep spatial mean,actual_vs_uniform_zwd,24,dec_s0_pre_skip,upstream,5.212726593017578,5.075917720794678,5.218575954437256,-0.1368088722229004,0.005849361419677734,-0.04275571696949207,25.72747747747748,84.4321042943339,40.72747747747748,99.4321042943339
himalayas_2020021612_strong,himalayas,strong,precip_large_zwd,zwd,zwd,q850_box_mean_g_per_kg,per-timestep spatial mean,actual_vs_uniform_zwd,24,dec_s0_pre_skip,hotspot_gaussian,5.212726593017578,5.075917720794678,5.213842391967773,-0.1368088722229004,0.0011157989501953125,-0.008155896120372663,25.72747747747748,84.4321042943339,40.72747747747748,99.4321042943339
himalayas_2020021612_strong,himalayas,strong,precip_large_zwd,zwd,zwd,q850_box_mean_g_per_kg,per-timestep spatial mean,actual_vs_uniform_zwd,24,dec_s0_pre_skip,low_near_gaussian,5.212726593017578,5.075917720794678,5.211744785308838,-0.1368088722229004,-0.0009818077087402344,0.007176491500789449,25.72747747747748,84.4321042943339,40.72747747747748,99.4321042943339
himalayas_2020021612_strong,himalayas,strong,precip_large_zwd,zwd,zwd,q850_box_mean_g_per_kg,per-timestep spatial mean,actual_vs_uniform_zwd,24,dec_s0_pre_skip,remote_control,5.212726593017578,5.075917720794678,5.208616733551025,-0.1368088722229004,-0.004109859466552734,0.030040884043372636,25.72747747747748,84.4321042943339,40.72747747747748,99.4321042943339
himalayas_2020021612_strong,himalayas,strong,precip_large_zwd,zwd,zwd,q850_box_mean_g_per_kg,per-timestep spatial mean,actual_vs_uniform_zwd,24,dec_s1_pre_skip,whole,5.212726593017578,5.075917720794678,5.207178592681885,-0.1368088722229004,-0.005548000335693359,0.04055292793185296,25.72747747747748,84.4321042943339,40.72747747747748,99.4321042943339
himalayas_2020021612_strong,himalayas,strong,precip_large_zwd,zwd,zwd,q850_box_mean_g_per_kg,per-timestep spatial mean,actual_vs_uniform_zwd,24,dec_s1_pre_skip,target_box,5.212726593017578,5.075917720794678,5.206805229187012,-0.1368088722229004,-0.005921363830566406,0.043282016249054575,25.72747747747748,84.4321042943339,40.72747747747748,99.4321042943339
himalayas_2020021612_strong,himalayas,strong,precip_large_zwd,zwd,zwd,q850_box_mean_g_per_kg,per-timestep spatial mean,actual_vs_uniform_zwd,24,dec_s1_pre_skip,mountain_near,5.212726593017578,5.075917720794678,5.2047529220581055,-0.1368088722229004,-0.007973670959472656,0.058283288429432326,25.72747747747748,84.4321042943339,40.72747747747748,99.4321042943339
himalayas_2020021612_strong,himalayas,strong,precip_large_zwd,zwd,zwd,q850_box_mean_g_per_kg,per-timestep spatial mean,actual_vs_uniform_zwd,24,dec_s1_pre_skip,upstream,5.212726593017578,5.075917720794678,5.218873500823975,-0.1368088722229004,0.006146907806396484,-0.04493062260159145,25.72747747747748,84.4321042943339,40.72747747747748,99.4321042943339
himalayas_2020021612_strong,himalayas,strong,precip_large_zwd,zwd,zwd,q850_box_mean_g_per_kg,per-timestep spatial mean,actual_vs_uniform_zwd,24,dec_s1_pre_skip,hotspot_gaussian,5.212726593017578,5.075917720794678,5.211288928985596,-0.1368088722229004,-0.0014376640319824219,0.010508558462787853,25.72747747747748,84.4321042943339,40.72747747747748,99.4321042943339
himalayas_2020021612_strong,himalayas,strong,precip_large_zwd,zwd,zwd,q850_box_mean_g_per_kg,per-timestep spatial mean,actual_vs_uniform_zwd,24,dec_s1_pre_skip,low_near_gaussian,5.212726593017578,5.075917720794678,5.211523532867432,-0.1368088722229004,-0.0012030601501464844,0.008793729022094113,25.72747747747748,84.4321042943339,40.72747747747748,99.4321042943339
himalayas_2020021612_strong,himalayas,strong,precip_large_zwd,zwd,zwd,q850_box_mean_g_per_kg,per-timestep spatial mean,actual_vs_uniform_zwd,24,dec_s1_pre_skip,remote_control,5.212726593017578,5.075917720794678,5.210709571838379,-0.1368088722229004,-0.0020170211791992188,0.014743350679135197,25.72747747747748,84.4321042943339,40.72747747747748,99.4321042943339
himalayas_2020021612_strong,himalayas,strong,precip_large_zwd,zwd,zwd,q850_box_mean_g_per_kg,per-timestep spatial mean,actual_vs_uniform_zwd,24,dec_s1_post_skip,whole,5.212726593017578,5.075917720794678,5.1645684242248535,-0.1368088722229004,-0.04815816879272461,0.35201056781069956,25.72747747747748,84.4321042943339,40.72747747747748,99.4321042943339
himalayas_2020021612_strong,himalayas,strong,precip_large_zwd,zwd,zwd,q850_box_mean_g_per_kg,per-timestep spatial mean,actual_vs_uniform_zwd,24,dec_s1_post_skip,target_box,5.212726593017578,5.075917720794678,5.180851459503174,-0.1368088722229004,-0.0318751335144043,0.23299025126433817,25.72747747747748,84.4321042943339,40.72747747747748,99.4321042943339
himalayas_2020021612_strong,himalayas,strong,precip_large_zwd,zwd,zwd,q850_box_mean_g_per_kg,per-timestep spatial mean,actual_vs_uniform_zwd,24,dec_s1_post_skip,mountain_near,5.212726593017578,5.075917720794678,5.1695637702941895,-0.1368088722229004,-0.04316282272338867,0.3154972482564158,25.72747747747748,84.4321042943339,40.72747747747748,99.4321042943339
himalayas_2020021612_strong,himalayas,strong,precip_large_zwd,zwd,zwd,q850_box_mean_g_per_kg,per-timestep spatial mean,actual_vs_uniform_zwd,24,dec_s1_post_skip,upstream,5.212726593017578,5.075917720794678,5.198245525360107,-0.1368088722229004,-0.014481067657470703,0.10584889285452878,25.72747747747748,84.4321042943339,40.72747747747748,99.4321042943339
himalayas_2020021612_strong,himalayas,strong,precip_large_zwd,zwd,zwd,q850_box_mean_g_per_kg,per-timestep spatial mean,actual_vs_uniform_zwd,24,dec_s1_post_skip,hotspot_gaussian,5.212726593017578,5.075917720794678,5.17437744140625,-0.1368088722229004,-0.038349151611328125,0.28031187589096196,25.72747747747748,84.4321042943339,40.72747747747748,99.4321042943339
himalayas_2020021612_strong,himalayas,strong,precip_large_zwd,zwd,zwd,q850_box_mean_g_per_kg,per-timestep spatial mean,actual_vs_uniform_zwd,24,dec_s1_post_skip,low_near_gaussian,5.212726593017578,5.075917720794678,5.209512233734131,-0.1368088722229004,-0.0032143592834472656,0.023495254592919707,25.72747747747748,84.4321042943339,40.72747747747748,99.4321042943339
himalayas_2020021612_strong,himalayas,strong,precip_large_zwd,zwd,zwd,q850_box_mean_g_per_kg,per-timestep spatial mean,actual_vs_uniform_zwd,24,dec_s1_post_skip,remote_control,5.212726593017578,5.075917720794678,5.211400985717773,-0.1368088722229004,-0.0013256072998046875,0.00968948342505812,25.72747747747748,84.4321042943339,40.72747747747748,99.4321042943339
himalayas_2020021612_strong,himalayas,strong,precip_large_zwd,zwd,zwd,q850_box_mean_g_per_kg,per-timestep spatial mean,actual_vs_uniform_zwd,24,dec_s2_pre_concat,whole,5.212726593017578,5.075917720794678,5.1645684242248535,-0.1368088722229004,-0.04815816879272461,0.35201056781069956,25.72747747747748,84.4321042943339,40.72747747747748,99.4321042943339
himalayas_2020021612_strong,himalayas,strong,precip_large_zwd,zwd,zwd,q850_box_mean_g_per_kg,per-timestep spatial mean,actual_vs_uniform_zwd,24,dec_s2_pre_concat,target_box,5.212726593017578,5.075917720794678,5.180851459503174,-0.1368088722229004,-0.0318751335144043,0.23299025126433817,25.72747747747748,84.4321042943339,40.72747747747748,99.4321042943339
himalayas_2020021612_strong,himalayas,strong,precip_large_zwd,zwd,zwd,q850_box_mean_g_per_kg,per-timestep spatial mean,actual_vs_uniform_zwd,24,dec_s2_pre_concat,mountain_near,5.212726593017578,5.075917720794678,5.1695637702941895,-0.1368088722229004,-0.04316282272338867,0.3154972482564158,25.72747747747748,84.4321042943339,40.72747747747748,99.4321042943339
himalayas_2020021612_strong,himalayas,strong,precip_large_zwd,zwd,zwd,q850_box_mean_g_per_kg,per-timestep spatial mean,actual_vs_uniform_zwd,24,dec_s2_pre_concat,upstream,5.212726593017578,5.075917720794678,5.198245525360107,-0.1368088722229004,-0.014481067657470703,0.10584889285452878,25.72747747747748,84.4321042943339,40.72747747747748,99.4321042943339
himalayas_2020021612_strong,himalayas,strong,precip_large_zwd,zwd,zwd,q850_box_mean_g_per_kg,per-timestep spatial mean,actual_vs_uniform_zwd,24,dec_s2_pre_concat,hotspot_gaussian,5.212726593017578,5.075917720794678,5.17437744140625,-0.1368088722229004,-0.038349151611328125,0.28031187589096196,25.72747747747748,84.4321042943339,40.72747747747748,99.4321042943339
himalayas_2020021612_strong,himalayas,strong,precip_large_zwd,zwd,zwd,q850_box_mean_g_per_kg,per-timestep spatial mean,actual_vs_uniform_zwd,24,dec_s2_pre_concat,low_near_gaussian,5.212726593017578,5.075917720794678,5.209512233734131,-0.1368088722229004,-0.0032143592834472656,0.023495254592919707,25.72747747747748,84.4321042943339,40.72747747747748,99.4321042943339
himalayas_2020021612_strong,himalayas,strong,precip_large_zwd,zwd,zwd,q850_box_mean_g_per_kg,per-timestep spatial mean,actual_vs_uniform_zwd,24,dec_s2_pre_concat,remote_control,5.212726593017578,5.075917720794678,5.211400985717773,-0.1368088722229004,-0.0013256072998046875,0.00968948342505812,25.72747747747748,84.4321042943339,40.72747747747748,99.4321042943339
himalayas_2020021612_strong,himalayas,strong,precip_large_zwd,zwd,zwd,q850_box_mean_g_per_kg,per-timestep spatial mean,actual_vs_uniform_zwd,24,dec_s2_post_concat,whole,5.212726593017578,5.075917720794678,5.095754623413086,-0.1368088722229004,-0.11697196960449219,0.8550028057676824,25.72747747747748,84.4321042943339,40.72747747747748,99.4321042943339
himalayas_2020021612_strong,himalayas,strong,precip_large_zwd,zwd,zwd,q850_box_mean_g_per_kg,per-timestep spatial mean,actual_vs_uniform_zwd,24,dec_s2_post_concat,target_box,5.212726593017578,5.075917720794678,5.1391825675964355,-0.1368088722229004,-0.07354402542114258,0.5375676608262551,25.72747747747748,84.4321042943339,40.72747747747748,99.4321042943339
himalayas_2020021612_strong,himalayas,strong,precip_large_zwd,zwd,zwd,q850_box_mean_g_per_kg,per-timestep spatial mean,actual_vs_uniform_zwd,24,dec_s2_post_concat,mountain_near,5.212726593017578,5.075917720794678,5.111527442932129,-0.1368088722229004,-0.10119915008544922,0.7397118947122607,25.72747747747748,84.4321042943339,40.72747747747748,99.4321042943339
himalayas_2020021612_strong,himalayas,strong,precip_large_zwd,zwd,zwd,q850_box_mean_g_per_kg,per-timestep spatial mean,actual_vs_uniform_zwd,24,dec_s2_post_concat,upstream,5.212726593017578,5.075917720794678,5.164241313934326,-0.1368088722229004,-0.04848527908325195,0.3544015698357319,25.72747747747748,84.4321042943339,40.72747747747748,99.4321042943339
himalayas_2020021612_strong,himalayas,strong,precip_large_zwd,zwd,zwd,q850_box_mean_g_per_kg,per-timestep spatial mean,actual_vs_uniform_zwd,24,dec_s2_post_concat,hotspot_gaussian,5.212726593017578,5.075917720794678,5.115729331970215,-0.1368088722229004,-0.09699726104736328,0.708998323510242,25.72747747747748,84.4321042943339,40.72747747747748,99.4321042943339
himalayas_2020021612_strong,himalayas,strong,precip_large_zwd,zwd,zwd,q850_box_mean_g_per_kg,per-timestep spatial mean,actual_vs_uniform_zwd,24,dec_s2_post_concat,low_near_gaussian,5.212726593017578,5.075917720794678,5.209001064300537,-0.1368088722229004,-0.0037255287170410156,0.027231630935244278,25.72747747747748,84.4321042943339,40.72747747747748,99.4321042943339
himalayas_2020021612_strong,himalayas,strong,precip_large_zwd,zwd,zwd,q850_box_mean_g_per_kg,per-timestep spatial mean,actual_vs_uniform_zwd,24,dec_s2_post_concat,remote_control,5.212726593017578,5.075917720794678,5.210306167602539,-0.1368088722229004,-0.0024204254150390625,0.017692020814962236,25.72747747747748,84.4321042943339,40.72747747747748,99.4321042943339
ganges_plain_2020110100_top03_2020,ganges_plain,top03_2020,precip_large_zwd,zwd,zwd,q850_box_mean_g_per_kg,per-timestep spatial mean,actual_vs_uniform_zwd,6,enc_s0_skip,whole,12.101157188415527,12.359526634216309,12.419144630432129,0.25836944580078125,0.31798744201660156,1.2307470840100398,21.97747747747748,89.24892185705099,41.97747747747748,89.24892185705099
ganges_plain_2020110100_top03_2020,ganges_plain,top03_2020,precip_large_zwd,zwd,zwd,q850_box_mean_g_per_kg,per-timestep spatial mean,actual_vs_uniform_zwd,6,enc_s0_skip,target_box,12.101157188415527,12.359526634216309,12.312501907348633,0.25836944580078125,0.21134471893310547,0.8179942418426104,21.97747747747748,89.24892185705099,41.97747747747748,89.24892185705099
ganges_plain_2020110100_top03_2020,ganges_plain,top03_2020,precip_large_zwd,zwd,zwd,q850_box_mean_g_per_kg,per-timestep spatial mean,actual_vs_uniform_zwd,6,enc_s0_skip,mountain_near,12.101157188415527,12.359526634216309,12.098052024841309,0.25836944580078125,-0.00310516357421875,-0.012018307987597815,21.97747747747748,89.24892185705099,41.97747747747748,89.24892185705099
ganges_plain_2020110100_top03_2020,ganges_plain,top03_2020,precip_large_zwd,zwd,zwd,q850_box_mean_g_per_kg,per-timestep spatial mean,actual_vs_uniform_zwd,6,enc_s0_skip,upstream,12.101157188415527,12.359526634216309,12.213732719421387,0.25836944580078125,0.11257553100585938,0.4357153403218662,21.97747747747748,89.24892185705099,41.97747747747748,89.24892185705099
ganges_plain_2020110100_top03_2020,ganges_plain,top03_2020,precip_large_zwd,zwd,zwd,q850_box_mean_g_per_kg,per-timestep spatial mean,actual_vs_uniform_zwd,6,enc_s0_skip,hotspot_gaussian,12.101157188415527,12.359526634216309,12.38394832611084,0.25836944580078125,0.2827911376953125,1.0945223682267828,21.97747747747748,89.24892185705099,41.97747747747748,89.24892185705099
ganges_plain_2020110100_top03_2020,ganges_plain,top03_2020,precip_large_zwd,zwd,zwd,q850_box_mean_g_per_kg,per-timestep spatial mean,actual_vs_uniform_zwd,6,enc_s0_skip,low_near_gaussian,12.101157188415527,12.359526634216309,12.105001449584961,0.25836944580078125,0.0038442611694335938,0.014878931049756386,21.97747747747748,89.24892185705099,41.97747747747748,89.24892185705099
ganges_plain_2020110100_top03_2020,ganges_plain,top03_2020,precip_large_zwd,zwd,zwd,q850_box_mean_g_per_kg,per-timestep spatial mean,actual_vs_uniform_zwd,6,enc_s0_skip,remote_control,12.101157188415527,12.359526634216309,12.10101318359375,0.25836944580078125,-0.00014400482177734375,-0.0005573601063044441,21.97747747747748,89.24892185705099,41.97747747747748,89.24892185705099
ganges_plain_2020110100_top03_2020,ganges_plain,top03_2020,precip_large_zwd,zwd,zwd,q850_box_mean_g_per_kg,per-timestep spatial mean,actual_vs_uniform_zwd,6,enc_s1_skip,whole,12.101157188415527,12.359526634216309,12.101157188415527,0.25836944580078125,0.0,0.0,21.97747747747748,89.24892185705099,41.97747747747748,89.24892185705099
ganges_plain_2020110100_top03_2020,ganges_plain,top03_2020,precip_large_zwd,zwd,zwd,q850_box_mean_g_per_kg,per-timestep spatial mean,actual_vs_uniform_zwd,6,enc_s1_skip,target_box,12.101157188415527,12.359526634216309,12.101157188415527,0.25836944580078125,0.0,0.0,21.97747747747748,89.24892185705099,41.97747747747748,89.24892185705099
ganges_plain_2020110100_top03_2020,ganges_plain,top03_2020,precip_large_zwd,zwd,zwd,q850_box_mean_g_per_kg,per-timestep spatial mean,actual_vs_uniform_zwd,6,enc_s1_skip,mountain_near,12.101157188415527,12.359526634216309,12.101157188415527,0.25836944580078125,0.0,0.0,21.97747747747748,89.24892185705099,41.97747747747748,89.24892185705099
ganges_plain_2020110100_top03_2020,ganges_plain,top03_2020,precip_large_zwd,zwd,zwd,q850_box_mean_g_per_kg,per-timestep spatial mean,actual_vs_uniform_zwd,6,enc_s1_skip,upstream,12.101157188415527,12.359526634216309,12.101157188415527,0.25836944580078125,0.0,0.0,21.97747747747748,89.24892185705099,41.97747747747748,89.24892185705099
ganges_plain_2020110100_top03_2020,ganges_plain,top03_2020,precip_large_zwd,zwd,zwd,q850_box_mean_g_per_kg,per-timestep spatial mean,actual_vs_uniform_zwd,6,enc_s1_skip,hotspot_gaussian,12.101157188415527,12.359526634216309,12.101157188415527,0.25836944580078125,0.0,0.0,21.97747747747748,89.24892185705099,41.97747747747748,89.24892185705099
ganges_plain_2020110100_top03_2020,ganges_plain,top03_2020,precip_large_zwd,zwd,zwd,q850_box_mean_g_per_kg,per-timestep spatial mean,actual_vs_uniform_zwd,6,enc_s1_skip,low_near_gaussian,12.101157188415527,12.359526634216309,12.101157188415527,0.25836944580078125,0.0,0.0,21.97747747747748,89.24892185705099,41.97747747747748,89.24892185705099
ganges_plain_2020110100_top03_2020,ganges_plain,top03_2020,precip_large_zwd,zwd,zwd,q850_box_mean_g_per_kg,per-timestep spatial mean,actual_vs_uniform_zwd,6,enc_s1_skip,remote_control,12.101157188415527,12.359526634216309,12.101157188415527,0.25836944580078125,0.0,0.0,21.97747747747748,89.24892185705099,41.97747747747748,89.24892185705099
ganges_plain_2020110100_top03_2020,ganges_plain,top03_2020,precip_large_zwd,zwd,zwd,q850_box_mean_g_per_kg,per-timestep spatial mean,actual_vs_uniform_zwd,6,enc_s2_bottleneck,whole,12.101157188415527,12.359526634216309,12.031538009643555,0.25836944580078125,-0.06961917877197266,-0.2694559279492101,21.97747747747748,89.24892185705099,41.97747747747748,89.24892185705099
ganges_plain_2020110100_top03_2020,ganges_plain,top03_2020,precip_large_zwd,zwd,zwd,q850_box_mean_g_per_kg,per-timestep spatial mean,actual_vs_uniform_zwd,6,enc_s2_bottleneck,target_box,12.101157188415527,12.359526634216309,12.123570442199707,0.25836944580078125,0.022413253784179688,0.08674885575077514,21.97747747747748,89.24892185705099,41.97747747747748,89.24892185705099
ganges_plain_2020110100_top03_2020,ganges_plain,top03_2020,precip_large_zwd,zwd,zwd,q850_box_mean_g_per_kg,per-timestep spatial mean,actual_vs_uniform_zwd,6,enc_s2_bottleneck,mountain_near,12.101157188415527,12.359526634216309,12.093107223510742,0.25836944580078125,-0.008049964904785156,-0.03115679905507161,21.97747747747748,89.24892185705099,41.97747747747748,89.24892185705099
ganges_plain_2020110100_top03_2020,ganges_plain,top03_2020,precip_large_zwd,zwd,zwd,q850_box_mean_g_per_kg,per-timestep spatial mean,actual_vs_uniform_zwd,6,enc_s2_bottleneck,upstream,12.101157188415527,12.359526634216309,12.102296829223633,0.25836944580078125,0.0011396408081054688,0.004410896205521925,21.97747747747748,89.24892185705099,41.97747747747748,89.24892185705099
ganges_plain_2020110100_top03_2020,ganges_plain,top03_2020,precip_large_zwd,zwd,zwd,q850_box_mean_g_per_kg,per-timestep spatial mean,actual_vs_uniform_zwd,6,enc_s2_bottleneck,hotspot_gaussian,12.101157188415527,12.359526634216309,12.096670150756836,0.25836944580078125,-0.004487037658691406,-0.017366750332201388,21.97747747747748,89.24892185705099,41.97747747747748,89.24892185705099
ganges_plain_2020110100_top03_2020,ganges_plain,top03_2020,precip_large_zwd,zwd,zwd,q850_box_mean_g_per_kg,per-timestep spatial mean,actual_vs_uniform_zwd,6,enc_s2_bottleneck,low_near_gaussian,12.101157188415527,12.359526634216309,12.102145195007324,0.25836944580078125,0.000988006591796875,0.003824007086962941,21.97747747747748,89.24892185705099,41.97747747747748,89.24892185705099
ganges_plain_2020110100_top03_2020,ganges_plain,top03_2020,precip_large_zwd,zwd,zwd,q850_box_mean_g_per_kg,per-timestep spatial mean,actual_vs_uniform_zwd,6,enc_s2_bottleneck,remote_control,12.101157188415527,12.359526634216309,12.095942497253418,0.25836944580078125,-0.005214691162109375,-0.020183079875978147,21.97747747747748,89.24892185705099,41.97747747747748,89.24892185705099
ganges_plain_2020110100_top03_2020,ganges_plain,top03_2020,precip_large_zwd,zwd,zwd,q850_box_mean_g_per_kg,per-timestep spatial mean,actual_vs_uniform_zwd,6,dec_s0_pre_skip,whole,12.101157188415527,12.359526634216309,12.031538009643555,0.25836944580078125,-0.06961917877197266,-0.2694559279492101,21.97747747747748,89.24892185705099,41.97747747747748,89.24892185705099
ganges_plain_2020110100_top03_2020,ganges_plain,top03_2020,precip_large_zwd,zwd,zwd,q850_box_mean_g_per_kg,per-timestep spatial mean,actual_vs_uniform_zwd,6,dec_s0_pre_skip,target_box,12.101157188415527,12.359526634216309,12.123570442199707,0.25836944580078125,0.022413253784179688,0.08674885575077514,21.97747747747748,89.24892185705099,41.97747747747748,89.24892185705099
ganges_plain_2020110100_top03_2020,ganges_plain,top03_2020,precip_large_zwd,zwd,zwd,q850_box_mean_g_per_kg,per-timestep spatial mean,actual_vs_uniform_zwd,6,dec_s0_pre_skip,mountain_near,12.101157188415527,12.359526634216309,12.093107223510742,0.25836944580078125,-0.008049964904785156,-0.03115679905507161,21.97747747747748,89.24892185705099,41.97747747747748,89.24892185705099
ganges_plain_2020110100_top03_2020,ganges_plain,top03_2020,precip_large_zwd,zwd,zwd,q850_box_mean_g_per_kg,per-timestep spatial mean,actual_vs_uniform_zwd,6,dec_s0_pre_skip,upstream,12.101157188415527,12.359526634216309,12.102296829223633,0.25836944580078125,0.0011396408081054688,0.004410896205521925,21.97747747747748,89.24892185705099,41.97747747747748,89.24892185705099
ganges_plain_2020110100_top03_2020,ganges_plain,top03_2020,precip_large_zwd,zwd,zwd,q850_box_mean_g_per_kg,per-timestep spatial mean,actual_vs_uniform_zwd,6,dec_s0_pre_skip,hotspot_gaussian,12.101157188415527,12.359526634216309,12.096670150756836,0.25836944580078125,-0.004487037658691406,-0.017366750332201388,21.97747747747748,89.24892185705099,41.97747747747748,89.24892185705099
ganges_plain_2020110100_top03_2020,ganges_plain,top03_2020,precip_large_zwd,zwd,zwd,q850_box_mean_g_per_kg,per-timestep spatial mean,actual_vs_uniform_zwd,6,dec_s0_pre_skip,low_near_gaussian,12.101157188415527,12.359526634216309,12.102145195007324,0.25836944580078125,0.000988006591796875,0.003824007086962941,21.97747747747748,89.24892185705099,41.97747747747748,89.24892185705099
ganges_plain_2020110100_top03_2020,ganges_plain,top03_2020,precip_large_zwd,zwd,zwd,q850_box_mean_g_per_kg,per-timestep spatial mean,actual_vs_uniform_zwd,6,dec_s0_pre_skip,remote_control,12.101157188415527,12.359526634216309,12.095942497253418,0.25836944580078125,-0.005214691162109375,-0.020183079875978147,21.97747747747748,89.24892185705099,41.97747747747748,89.24892185705099
ganges_plain_2020110100_top03_2020,ganges_plain,top03_2020,precip_large_zwd,zwd,zwd,q850_box_mean_g_per_kg,per-timestep spatial mean,actual_vs_uniform_zwd,6,dec_s1_pre_skip,whole,12.101157188415527,12.359526634216309,12.033045768737793,0.25836944580078125,-0.06811141967773438,-0.2636202569024066,21.97747747747748,89.24892185705099,41.97747747747748,89.24892185705099
ganges_plain_2020110100_top03_2020,ganges_plain,top03_2020,precip_large_zwd,zwd,zwd,q850_box_mean_g_per_kg,per-timestep spatial mean,actual_vs_uniform_zwd,6,dec_s1_pre_skip,target_box,12.101157188415527,12.359526634216309,12.095931053161621,0.25836944580078125,-0.00522613525390625,-0.020227373394359958,21.97747747747748,89.24892185705099,41.97747747747748,89.24892185705099
ganges_plain_2020110100_top03_2020,ganges_plain,top03_2020,precip_large_zwd,zwd,zwd,q850_box_mean_g_per_kg,per-timestep spatial mean,actual_vs_uniform_zwd,6,dec_s1_pre_skip,mountain_near,12.101157188415527,12.359526634216309,12.09675121307373,0.25836944580078125,-0.004405975341796875,-0.017053004576996898,21.97747747747748,89.24892185705099,41.97747747747748,89.24892185705099
ganges_plain_2020110100_top03_2020,ganges_plain,top03_2020,precip_large_zwd,zwd,zwd,q850_box_mean_g_per_kg,per-timestep spatial mean,actual_vs_uniform_zwd,6,dec_s1_pre_skip,upstream,12.101157188415527,12.359526634216309,12.087542533874512,0.25836944580078125,-0.013614654541015625,-0.05269452236822678,21.97747747747748,89.24892185705099,41.97747747747748,89.24892185705099
ganges_plain_2020110100_top03_2020,ganges_plain,top03_2020,precip_large_zwd,zwd,zwd,q850_box_mean_g_per_kg,per-timestep spatial mean,actual_vs_uniform_zwd,6,dec_s1_pre_skip,hotspot_gaussian,12.101157188415527,12.359526634216309,12.04721450805664,0.25836944580078125,-0.05394268035888672,-0.20878119001919385,21.97747747747748,89.24892185705099,41.97747747747748,89.24892185705099
ganges_plain_2020110100_top03_2020,ganges_plain,top03_2020,precip_large_zwd,zwd,zwd,q850_box_mean_g_per_kg,per-timestep spatial mean,actual_vs_uniform_zwd,6,dec_s1_pre_skip,low_near_gaussian,12.101157188415527,12.359526634216309,12.100050926208496,0.25836944580078125,-0.00110626220703125,-0.0042817067769083126,21.97747747747748,89.24892185705099,41.97747747747748,89.24892185705099
ganges_plain_2020110100_top03_2020,ganges_plain,top03_2020,precip_large_zwd,zwd,zwd,q850_box_mean_g_per_kg,per-timestep spatial mean,actual_vs_uniform_zwd,6,dec_s1_pre_skip,remote_control,12.101157188415527,12.359526634216309,12.101018905639648,0.25836944580078125,-0.00013828277587890625,-0.0005352133471135391,21.97747747747748,89.24892185705099,41.97747747747748,89.24892185705099
ganges_plain_2020110100_top03_2020,ganges_plain,top03_2020,precip_large_zwd,zwd,zwd,q850_box_mean_g_per_kg,per-timestep spatial mean,actual_vs_uniform_zwd,6,dec_s1_post_skip,whole,12.101157188415527,12.359526634216309,12.242807388305664,0.25836944580078125,0.14165019989013672,0.5482467148973866,21.97747747747748,89.24892185705099,41.97747747747748,89.24892185705099
ganges_plain_2020110100_top03_2020,ganges_plain,top03_2020,precip_large_zwd,zwd,zwd,q850_box_mean_g_per_kg,per-timestep spatial mean,actual_vs_uniform_zwd,6,dec_s1_post_skip,target_box,12.101157188415527,12.359526634216309,12.197860717773438,0.25836944580078125,0.09670352935791016,0.3742839214528274,21.97747747747748,89.24892185705099,41.97747747747748,89.24892185705099
ganges_plain_2020110100_top03_2020,ganges_plain,top03_2020,precip_large_zwd,zwd,zwd,q850_box_mean_g_per_kg,per-timestep spatial mean,actual_vs_uniform_zwd,6,dec_s1_post_skip,mountain_near,12.101157188415527,12.359526634216309,12.098736763000488,0.25836944580078125,-0.0024204254150390625,-0.009368079137752842,21.97747747747748,89.24892185705099,41.97747747747748,89.24892185705099
ganges_plain_2020110100_top03_2020,ganges_plain,top03_2020,precip_large_zwd,zwd,zwd,q850_box_mean_g_per_kg,per-timestep spatial mean,actual_vs_uniform_zwd,6,dec_s1_post_skip,upstream,12.101157188415527,12.359526634216309,12.159114837646484,0.25836944580078125,0.05795764923095703,0.22432083271814557,21.97747747747748,89.24892185705099,41.97747747747748,89.24892185705099
ganges_plain_2020110100_top03_2020,ganges_plain,top03_2020,precip_large_zwd,zwd,zwd,q850_box_mean_g_per_kg,per-timestep spatial mean,actual_vs_uniform_zwd,6,dec_s1_post_skip,hotspot_gaussian,12.101157188415527,12.359526634216309,12.225712776184082,0.25836944580078125,0.12455558776855469,0.4820832718145578,21.97747747747748,89.24892185705099,41.97747747747748,89.24892185705099
ganges_plain_2020110100_top03_2020,ganges_plain,top03_2020,precip_large_zwd,zwd,zwd,q850_box_mean_g_per_kg,per-timestep spatial mean,actual_vs_uniform_zwd,6,dec_s1_post_skip,low_near_gaussian,12.101157188415527,12.359526634216309,12.102928161621094,0.25836944580078125,0.0017709732055664062,0.006854421969585117,21.97747747747748,89.24892185705099,41.97747747747748,89.24892185705099
ganges_plain_2020110100_top03_2020,ganges_plain,top03_2020,precip_large_zwd,zwd,zwd,q850_box_mean_g_per_kg,per-timestep spatial mean,actual_vs_uniform_zwd,6,dec_s1_post_skip,remote_control,12.101157188415527,12.359526634216309,12.101097106933594,0.25836944580078125,-6.008148193359375e-05,-0.00023254097150450317,21.97747747747748,89.24892185705099,41.97747747747748,89.24892185705099
ganges_plain_2020110100_top03_2020,ganges_plain,top03_2020,precip_large_zwd,zwd,zwd,q850_box_mean_g_per_kg,per-timestep spatial mean,actual_vs_uniform_zwd,6,dec_s2_pre_concat,whole,12.101157188415527,12.359526634216309,12.242807388305664,0.25836944580078125,0.14165019989013672,0.5482467148973866,21.97747747747748,89.24892185705099,41.97747747747748,89.24892185705099
ganges_plain_2020110100_top03_2020,ganges_plain,top03_2020,precip_large_zwd,zwd,zwd,q850_box_mean_g_per_kg,per-timestep spatial mean,actual_vs_uniform_zwd,6,dec_s2_pre_concat,target_box,12.101157188415527,12.359526634216309,12.197860717773438,0.25836944580078125,0.09670352935791016,0.3742839214528274,21.97747747747748,89.24892185705099,41.97747747747748,89.24892185705099
ganges_plain_2020110100_top03_2020,ganges_plain,top03_2020,precip_large_zwd,zwd,zwd,q850_box_mean_g_per_kg,per-timestep spatial mean,actual_vs_uniform_zwd,6,dec_s2_pre_concat,mountain_near,12.101157188415527,12.359526634216309,12.098736763000488,0.25836944580078125,-0.0024204254150390625,-0.009368079137752842,21.97747747747748,89.24892185705099,41.97747747747748,89.24892185705099
ganges_plain_2020110100_top03_2020,ganges_plain,top03_2020,precip_large_zwd,zwd,zwd,q850_box_mean_g_per_kg,per-timestep spatial mean,actual_vs_uniform_zwd,6,dec_s2_pre_concat,upstream,12.101157188415527,12.359526634216309,12.159114837646484,0.25836944580078125,0.05795764923095703,0.22432083271814557,21.97747747747748,89.24892185705099,41.97747747747748,89.24892185705099
ganges_plain_2020110100_top03_2020,ganges_plain,top03_2020,precip_large_zwd,zwd,zwd,q850_box_mean_g_per_kg,per-timestep spatial mean,actual_vs_uniform_zwd,6,dec_s2_pre_concat,hotspot_gaussian,12.101157188415527,12.359526634216309,12.225712776184082,0.25836944580078125,0.12455558776855469,0.4820832718145578,21.97747747747748,89.24892185705099,41.97747747747748,89.24892185705099
ganges_plain_2020110100_top03_2020,ganges_plain,top03_2020,precip_large_zwd,zwd,zwd,q850_box_mean_g_per_kg,per-timestep spatial mean,actual_vs_uniform_zwd,6,dec_s2_pre_concat,low_near_gaussian,12.101157188415527,12.359526634216309,12.102928161621094,0.25836944580078125,0.0017709732055664062,0.006854421969585117,21.97747747747748,89.24892185705099,41.97747747747748,89.24892185705099
ganges_plain_2020110100_top03_2020,ganges_plain,top03_2020,precip_large_zwd,zwd,zwd,q850_box_mean_g_per_kg,per-timestep spatial mean,actual_vs_uniform_zwd,6,dec_s2_pre_concat,remote_control,12.101157188415527,12.359526634216309,12.101097106933594,0.25836944580078125,-6.008148193359375e-05,-0.00023254097150450317,21.97747747747748,89.24892185705099,41.97747747747748,89.24892185705099
ganges_plain_2020110100_top03_2020,ganges_plain,top03_2020,precip_large_zwd,zwd,zwd,q850_box_mean_g_per_kg,per-timestep spatial mean,actual_vs_uniform_zwd,6,dec_s2_post_concat,whole,12.101157188415527,12.359526634216309,12.359557151794434,0.25836944580078125,0.25839996337890625,1.0001181160490182,21.97747747747748,89.24892185705099,41.97747747747748,89.24892185705099
ganges_plain_2020110100_top03_2020,ganges_plain,top03_2020,precip_large_zwd,zwd,zwd,q850_box_mean_g_per_kg,per-timestep spatial mean,actual_vs_uniform_zwd,6,dec_s2_post_concat,target_box,12.101157188415527,12.359526634216309,12.295239448547363,0.25836944580078125,0.19408226013183594,0.7511811604901816,21.97747747747748,89.24892185705099,41.97747747747748,89.24892185705099
ganges_plain_2020110100_top03_2020,ganges_plain,top03_2020,precip_large_zwd,zwd,zwd,q850_box_mean_g_per_kg,per-timestep spatial mean,actual_vs_uniform_zwd,6,dec_s2_post_concat,mountain_near,12.101157188415527,12.359526634216309,12.101609230041504,0.25836944580078125,0.0004520416259765625,0.0017495939760815002,21.97747747747748,89.24892185705099,41.97747747747748,89.24892185705099
ganges_plain_2020110100_top03_2020,ganges_plain,top03_2020,precip_large_zwd,zwd,zwd,q850_box_mean_g_per_kg,per-timestep spatial mean,actual_vs_uniform_zwd,6,dec_s2_post_concat,upstream,12.101157188415527,12.359526634216309,12.197183609008789,0.25836944580078125,0.09602642059326172,0.37166322161523696,21.97747747747748,89.24892185705099,41.97747747747748,89.24892185705099
ganges_plain_2020110100_top03_2020,ganges_plain,top03_2020,precip_large_zwd,zwd,zwd,q850_box_mean_g_per_kg,per-timestep spatial mean,actual_vs_uniform_zwd,6,dec_s2_post_concat,hotspot_gaussian,12.101157188415527,12.359526634216309,12.332809448242188,0.25836944580078125,0.23165225982666016,0.8965930902111324,21.97747747747748,89.24892185705099,41.97747747747748,89.24892185705099
ganges_plain_2020110100_top03_2020,ganges_plain,top03_2020,precip_large_zwd,zwd,zwd,q850_box_mean_g_per_kg,per-timestep spatial mean,actual_vs_uniform_zwd,6,dec_s2_post_concat,low_near_gaussian,12.101157188415527,12.359526634216309,12.10474681854248,0.25836944580078125,0.003589630126953125,0.01389340026576111,21.97747747747748,89.24892185705099,41.97747747747748,89.24892185705099
ganges_plain_2020110100_top03_2020,ganges_plain,top03_2020,precip_large_zwd,zwd,zwd,q850_box_mean_g_per_kg,per-timestep spatial mean,actual_vs_uniform_zwd,6,dec_s2_post_concat,remote_control,12.101157188415527,12.359526634216309,12.100802421569824,0.25836944580078125,-0.000354766845703125,-0.001373099069836114,21.97747747747748,89.24892185705099,41.97747747747748,89.24892185705099
ganges_plain_2020110100_top03_2020,ganges_plain,top03_2020,precip_large_zwd,zwd,zwd,q850_box_mean_g_per_kg,per-timestep spatial mean,actual_vs_uniform_zwd,12,enc_s0_skip,whole,12.05318546295166,12.335880279541016,12.340444564819336,0.28269481658935547,0.2872591018676758,1.0161456277599543,21.97747747747748,89.24892185705099,41.97747747747748,89.24892185705099
ganges_plain_2020110100_top03_2020,ganges_plain,top03_2020,precip_large_zwd,zwd,zwd,q850_box_mean_g_per_kg,per-timestep spatial mean,actual_vs_uniform_zwd,12,enc_s0_skip,target_box,12.05318546295166,12.335880279541016,12.397521018981934,0.28269481658935547,0.34433555603027344,1.2180469390440143,21.97747747747748,89.24892185705099,41.97747747747748,89.24892185705099
ganges_plain_2020110100_top03_2020,ganges_plain,top03_2020,precip_large_zwd,zwd,zwd,q850_box_mean_g_per_kg,per-timestep spatial mean,actual_vs_uniform_zwd,12,enc_s0_skip,mountain_near,12.05318546295166,12.335880279541016,12.048758506774902,0.28269481658935547,-0.0044269561767578125,-0.015659842052174733,21.97747747747748,89.24892185705099,41.97747747747748,89.24892185705099
ganges_plain_2020110100_top03_2020,ganges_plain,top03_2020,precip_large_zwd,zwd,zwd,q850_box_mean_g_per_kg,per-timestep spatial mean,actual_vs_uniform_zwd,12,enc_s0_skip,upstream,12.05318546295166,12.335880279541016,12.197940826416016,0.28269481658935547,0.14475536346435547,0.5120552446302125,21.97747747747748,89.24892185705099,41.97747747747748,89.24892185705099
ganges_plain_2020110100_top03_2020,ganges_plain,top03_2020,precip_large_zwd,zwd,zwd,q850_box_mean_g_per_kg,per-timestep spatial mean,actual_vs_uniform_zwd,12,enc_s0_skip,hotspot_gaussian,12.05318546295166,12.335880279541016,12.336116790771484,0.28269481658935547,0.2829313278198242,1.000836630941176,21.97747747747748,89.24892185705099,41.97747747747748,89.24892185705099
ganges_plain_2020110100_top03_2020,ganges_plain,top03_2020,precip_large_zwd,zwd,zwd,q850_box_mean_g_per_kg,per-timestep spatial mean,actual_vs_uniform_zwd,12,enc_s0_skip,low_near_gaussian,12.05318546295166,12.335880279541016,12.060403823852539,0.28269481658935547,0.007218360900878906,0.025534111265168153,21.97747747747748,89.24892185705099,41.97747747747748,89.24892185705099
ganges_plain_2020110100_top03_2020,ganges_plain,top03_2020,precip_large_zwd,zwd,zwd,q850_box_mean_g_per_kg,per-timestep spatial mean,actual_vs_uniform_zwd,12,enc_s0_skip,remote_control,12.05318546295166,12.335880279541016,12.051040649414062,0.28269481658935547,-0.0021448135375976562,-0.007587028172197539,21.97747747747748,89.24892185705099,41.97747747747748,89.24892185705099
ganges_plain_2020110100_top03_2020,ganges_plain,top03_2020,precip_large_zwd,zwd,zwd,q850_box_mean_g_per_kg,per-timestep spatial mean,actual_vs_uniform_zwd,12,enc_s1_skip,whole,12.05318546295166,12.335880279541016,12.05318546295166,0.28269481658935547,0.0,0.0,21.97747747747748,89.24892185705099,41.97747747747748,89.24892185705099
ganges_plain_2020110100_top03_2020,ganges_plain,top03_2020,precip_large_zwd,zwd,zwd,q850_box_mean_g_per_kg,per-timestep spatial mean,actual_vs_uniform_zwd,12,enc_s1_skip,target_box,12.05318546295166,12.335880279541016,12.05318546295166,0.28269481658935547,0.0,0.0,21.97747747747748,89.24892185705099,41.97747747747748,89.24892185705099
ganges_plain_2020110100_top03_2020,ganges_plain,top03_2020,precip_large_zwd,zwd,zwd,q850_box_mean_g_per_kg,per-timestep spatial mean,actual_vs_uniform_zwd,12,enc_s1_skip,mountain_near,12.05318546295166,12.335880279541016,12.05318546295166,0.28269481658935547,0.0,0.0,21.97747747747748,89.24892185705099,41.97747747747748,89.24892185705099
ganges_plain_2020110100_top03_2020,ganges_plain,top03_2020,precip_large_zwd,zwd,zwd,q850_box_mean_g_per_kg,per-timestep spatial mean,actual_vs_uniform_zwd,12,enc_s1_skip,upstream,12.05318546295166,12.335880279541016,12.05318546295166,0.28269481658935547,0.0,0.0,21.97747747747748,89.24892185705099,41.97747747747748,89.24892185705099
ganges_plain_2020110100_top03_2020,ganges_plain,top03_2020,precip_large_zwd,zwd,zwd,q850_box_mean_g_per_kg,per-timestep spatial mean,actual_vs_uniform_zwd,12,enc_s1_skip,hotspot_gaussian,12.05318546295166,12.335880279541016,12.05318546295166,0.28269481658935547,0.0,0.0,21.97747747747748,89.24892185705099,41.97747747747748,89.24892185705099
ganges_plain_2020110100_top03_2020,ganges_plain,top03_2020,precip_large_zwd,zwd,zwd,q850_box_mean_g_per_kg,per-timestep spatial mean,actual_vs_uniform_zwd,12,enc_s1_skip,low_near_gaussian,12.05318546295166,12.335880279541016,12.05318546295166,0.28269481658935547,0.0,0.0,21.97747747747748,89.24892185705099,41.97747747747748,89.24892185705099
ganges_plain_2020110100_top03_2020,ganges_plain,top03_2020,precip_large_zwd,zwd,zwd,q850_box_mean_g_per_kg,per-timestep spatial mean,actual_vs_uniform_zwd,12,enc_s1_skip,remote_control,12.05318546295166,12.335880279541016,12.05318546295166,0.28269481658935547,0.0,0.0,21.97747747747748,89.24892185705099,41.97747747747748,89.24892185705099
ganges_plain_2020110100_top03_2020,ganges_plain,top03_2020,precip_large_zwd,zwd,zwd,q850_box_mean_g_per_kg,per-timestep spatial mean,actual_vs_uniform_zwd,12,enc_s2_bottleneck,whole,12.05318546295166,12.335880279541016,12.010611534118652,0.28269481658935547,-0.04257392883300781,-0.15060031643541244,21.97747747747748,89.24892185705099,41.97747747747748,89.24892185705099
ganges_plain_2020110100_top03_2020,ganges_plain,top03_2020,precip_large_zwd,zwd,zwd,q850_box_mean_g_per_kg,per-timestep spatial mean,actual_vs_uniform_zwd,12,enc_s2_bottleneck,target_box,12.05318546295166,12.335880279541016,12.084830284118652,0.28269481658935547,0.03164482116699219,0.11193987052461483,21.97747747747748,89.24892185705099,41.97747747747748,89.24892185705099
ganges_plain_2020110100_top03_2020,ganges_plain,top03_2020,precip_large_zwd,zwd,zwd,q850_box_mean_g_per_kg,per-timestep spatial mean,actual_vs_uniform_zwd,12,enc_s2_bottleneck,mountain_near,12.05318546295166,12.335880279541016,12.038568496704102,0.28269481658935547,-0.014616966247558594,-0.0517058162717971,21.97747747747748,89.24892185705099,41.97747747747748,89.24892185705099
ganges_plain_2020110100_top03_2020,ganges_plain,top03_2020,precip_large_zwd,zwd,zwd,q850_box_mean_g_per_kg,per-timestep spatial mean,actual_vs_uniform_zwd,12,enc_s2_bottleneck,upstream,12.05318546295166,12.335880279541016,12.071303367614746,0.28269481658935547,0.018117904663085938,0.06408997830831874,21.97747747747748,89.24892185705099,41.97747747747748,89.24892185705099
ganges_plain_2020110100_top03_2020,ganges_plain,top03_2020,precip_large_zwd,zwd,zwd,q850_box_mean_g_per_kg,per-timestep spatial mean,actual_vs_uniform_zwd,12,enc_s2_bottleneck,hotspot_gaussian,12.05318546295166,12.335880279541016,12.057807922363281,0.28269481658935547,0.004622459411621094,0.01635141198338883,21.97747747747748,89.24892185705099,41.97747747747748,89.24892185705099
ganges_plain_2020110100_top03_2020,ganges_plain,top03_2020,precip_large_zwd,zwd,zwd,q850_box_mean_g_per_kg,per-timestep spatial mean,actual_vs_uniform_zwd,12,enc_s2_bottleneck,low_near_gaussian,12.05318546295166,12.335880279541016,12.053973197937012,0.28269481658935547,0.0007877349853515625,0.0027865207960138584,21.97747747747748,89.24892185705099,41.97747747747748,89.24892185705099
ganges_plain_2020110100_top03_2020,ganges_plain,top03_2020,precip_large_zwd,zwd,zwd,q850_box_mean_g_per_kg,per-timestep spatial mean,actual_vs_uniform_zwd,12,enc_s2_bottleneck,remote_control,12.05318546295166,12.335880279541016,12.048440933227539,0.28269481658935547,-0.004744529724121094,-0.016783221501415188,21.97747747747748,89.24892185705099,41.97747747747748,89.24892185705099
ganges_plain_2020110100_top03_2020,ganges_plain,top03_2020,precip_large_zwd,zwd,zwd,q850_box_mean_g_per_kg,per-timestep spatial mean,actual_vs_uniform_zwd,12,dec_s0_pre_skip,whole,12.05318546295166,12.335880279541016,12.010611534118652,0.28269481658935547,-0.04257392883300781,-0.15060031643541244,21.97747747747748,89.24892185705099,41.97747747747748,89.24892185705099
ganges_plain_2020110100_top03_2020,ganges_plain,top03_2020,precip_large_zwd,zwd,zwd,q850_box_mean_g_per_kg,per-timestep spatial mean,actual_vs_uniform_zwd,12,dec_s0_pre_skip,target_box,12.05318546295166,12.335880279541016,12.084830284118652,0.28269481658935547,0.03164482116699219,0.11193987052461483,21.97747747747748,89.24892185705099,41.97747747747748,89.24892185705099
ganges_plain_2020110100_top03_2020,ganges_plain,top03_2020,precip_large_zwd,zwd,zwd,q850_box_mean_g_per_kg,per-timestep spatial mean,actual_vs_uniform_zwd,12,dec_s0_pre_skip,mountain_near,12.05318546295166,12.335880279541016,12.038568496704102,0.28269481658935547,-0.014616966247558594,-0.0517058162717971,21.97747747747748,89.24892185705099,41.97747747747748,89.24892185705099
ganges_plain_2020110100_top03_2020,ganges_plain,top03_2020,precip_large_zwd,zwd,zwd,q850_box_mean_g_per_kg,per-timestep spatial mean,actual_vs_uniform_zwd,12,dec_s0_pre_skip,upstream,12.05318546295166,12.335880279541016,12.071303367614746,0.28269481658935547,0.018117904663085938,0.06408997830831874,21.97747747747748,89.24892185705099,41.97747747747748,89.24892185705099
ganges_plain_2020110100_top03_2020,ganges_plain,top03_2020,precip_large_zwd,zwd,zwd,q850_box_mean_g_per_kg,per-timestep spatial mean,actual_vs_uniform_zwd,12,dec_s0_pre_skip,hotspot_gaussian,12.05318546295166,12.335880279541016,12.057807922363281,0.28269481658935547,0.004622459411621094,0.01635141198338883,21.97747747747748,89.24892185705099,41.97747747747748,89.24892185705099
ganges_plain_2020110100_top03_2020,ganges_plain,top03_2020,precip_large_zwd,zwd,zwd,q850_box_mean_g_per_kg,per-timestep spatial mean,actual_vs_uniform_zwd,12,dec_s0_pre_skip,low_near_gaussian,12.05318546295166,12.335880279541016,12.053973197937012,0.28269481658935547,0.0007877349853515625,0.0027865207960138584,21.97747747747748,89.24892185705099,41.97747747747748,89.24892185705099
ganges_plain_2020110100_top03_2020,ganges_plain,top03_2020,precip_large_zwd,zwd,zwd,q850_box_mean_g_per_kg,per-timestep spatial mean,actual_vs_uniform_zwd,12,dec_s0_pre_skip,remote_control,12.05318546295166,12.335880279541016,12.048440933227539,0.28269481658935547,-0.004744529724121094,-0.016783221501415188,21.97747747747748,89.24892185705099,41.97747747747748,89.24892185705099
ganges_plain_2020110100_top03_2020,ganges_plain,top03_2020,precip_large_zwd,zwd,zwd,q850_box_mean_g_per_kg,per-timestep spatial mean,actual_vs_uniform_zwd,12,dec_s1_pre_skip,whole,12.05318546295166,12.335880279541016,12.014434814453125,0.28269481658935547,-0.038750648498535156,-0.13707590739035244,21.97747747747748,89.24892185705099,41.97747747747748,89.24892185705099
ganges_plain_2020110100_top03_2020,ganges_plain,top03_2020,precip_large_zwd,zwd,zwd,q850_box_mean_g_per_kg,per-timestep spatial mean,actual_vs_uniform_zwd,12,dec_s1_pre_skip,target_box,12.05318546295166,12.335880279541016,12.0646390914917,0.28269481658935547,0.011453628540039062,0.04051587743356712,21.97747747747748,89.24892185705099,41.97747747747748,89.24892185705099
ganges_plain_2020110100_top03_2020,ganges_plain,top03_2020,precip_large_zwd,zwd,zwd,q850_box_mean_g_per_kg,per-timestep spatial mean,actual_vs_uniform_zwd,12,dec_s1_pre_skip,mountain_near,12.05318546295166,12.335880279541016,12.046012878417969,0.28269481658935547,-0.007172584533691406,-0.02537218269590827,21.97747747747748,89.24892185705099,41.97747747747748,89.24892185705099
ganges_plain_2020110100_top03_2020,ganges_plain,top03_2020,precip_large_zwd,zwd,zwd,q850_box_mean_g_per_kg,per-timestep spatial mean,actual_vs_uniform_zwd,12,dec_s1_pre_skip,upstream,12.05318546295166,12.335880279541016,12.066140174865723,0.28269481658935547,0.0129547119140625,0.04582578510054752,21.97747747747748,89.24892185705099,41.97747747747748,89.24892185705099
ganges_plain_2020110100_top03_2020,ganges_plain,top03_2020,precip_large_zwd,zwd,zwd,q850_box_mean_g_per_kg,per-timestep spatial mean,actual_vs_uniform_zwd,12,dec_s1_pre_skip,hotspot_gaussian,12.05318546295166,12.335880279541016,12.034290313720703,0.28269481658935547,-0.01889514923095703,-0.06683939047387721,21.97747747747748,89.24892185705099,41.97747747747748,89.24892185705099
ganges_plain_2020110100_top03_2020,ganges_plain,top03_2020,precip_large_zwd,zwd,zwd,q850_box_mean_g_per_kg,per-timestep spatial mean,actual_vs_uniform_zwd,12,dec_s1_pre_skip,low_near_gaussian,12.05318546295166,12.335880279541016,12.049211502075195,0.28269481658935547,-0.003973960876464844,-0.014057423918873787,21.97747747747748,89.24892185705099,41.97747747747748,89.24892185705099
ganges_plain_2020110100_top03_2020,ganges_plain,top03_2020,precip_large_zwd,zwd,zwd,q850_box_mean_g_per_kg,per-timestep spatial mean,actual_vs_uniform_zwd,12,dec_s1_pre_skip,remote_control,12.05318546295166,12.335880279541016,12.051204681396484,0.28269481658935547,-0.0019807815551757812,-0.007006784132349618,21.97747747747748,89.24892185705099,41.97747747747748,89.24892185705099
ganges_plain_2020110100_top03_2020,ganges_plain,top03_2020,precip_large_zwd,zwd,zwd,q850_box_mean_g_per_kg,per-timestep spatial mean,actual_vs_uniform_zwd,12,dec_s1_post_skip,whole,12.05318546295166,12.335880279541016,12.153289794921875,0.28269481658935547,0.10010433197021484,0.3541074193646328,21.97747747747748,89.24892185705099,41.97747747747748,89.24892185705099
ganges_plain_2020110100_top03_2020,ganges_plain,top03_2020,precip_large_zwd,zwd,zwd,q850_box_mean_g_per_kg,per-timestep spatial mean,actual_vs_uniform_zwd,12,dec_s1_post_skip,target_box,12.05318546295166,12.335880279541016,12.147224426269531,0.28269481658935547,0.0940389633178711,0.33265188393769796,21.97747747747748,89.24892185705099,41.97747747747748,89.24892185705099
ganges_plain_2020110100_top03_2020,ganges_plain,top03_2020,precip_large_zwd,zwd,zwd,q850_box_mean_g_per_kg,per-timestep spatial mean,actual_vs_uniform_zwd,12,dec_s1_post_skip,mountain_near,12.05318546295166,12.335880279541016,12.048707962036133,0.28269481658935547,-0.004477500915527344,-0.015838638180732525,21.97747747747748,89.24892185705099,41.97747747747748,89.24892185705099
ganges_plain_2020110100_top03_2020,ganges_plain,top03_2020,precip_large_zwd,zwd,zwd,q850_box_mean_g_per_kg,per-timestep spatial mean,actual_vs_uniform_zwd,12,dec_s1_post_skip,upstream,12.05318546295166,12.335880279541016,12.126680374145508,0.28269481658935547,0.07349491119384766,0.25997969145860533,21.97747747747748,89.24892185705099,41.97747747747748,89.24892185705099
ganges_plain_2020110100_top03_2020,ganges_plain,top03_2020,precip_large_zwd,zwd,zwd,q850_box_mean_g_per_kg,per-timestep spatial mean,actual_vs_uniform_zwd,12,dec_s1_post_skip,hotspot_gaussian,12.05318546295166,12.335880279541016,12.160284996032715,0.28269481658935547,0.10709953308105469,0.37885212885465896,21.97747747747748,89.24892185705099,41.97747747747748,89.24892185705099
ganges_plain_2020110100_top03_2020,ganges_plain,top03_2020,precip_large_zwd,zwd,zwd,q850_box_mean_g_per_kg,per-timestep spatial mean,actual_vs_uniform_zwd,12,dec_s1_post_skip,low_near_gaussian,12.05318546295166,12.335880279541016,12.053214073181152,0.28269481658935547,2.86102294921875e-05,0.00010120535578742826,21.97747747747748,89.24892185705099,41.97747747747748,89.24892185705099
ganges_plain_2020110100_top03_2020,ganges_plain,top03_2020,precip_large_zwd,zwd,zwd,q850_box_mean_g_per_kg,per-timestep spatial mean,actual_vs_uniform_zwd,12,dec_s1_post_skip,remote_control,12.05318546295166,12.335880279541016,12.051551818847656,0.28269481658935547,-0.0016336441040039062,-0.005778825815462154,21.97747747747748,89.24892185705099,41.97747747747748,89.24892185705099
ganges_plain_2020110100_top03_2020,ganges_plain,top03_2020,precip_large_zwd,zwd,zwd,q850_box_mean_g_per_kg,per-timestep spatial mean,actual_vs_uniform_zwd,12,dec_s2_pre_concat,whole,12.05318546295166,12.335880279541016,12.153289794921875,0.28269481658935547,0.10010433197021484,0.3541074193646328,21.97747747747748,89.24892185705099,41.97747747747748,89.24892185705099
ganges_plain_2020110100_top03_2020,ganges_plain,top03_2020,precip_large_zwd,zwd,zwd,q850_box_mean_g_per_kg,per-timestep spatial mean,actual_vs_uniform_zwd,12,dec_s2_pre_concat,target_box,12.05318546295166,12.335880279541016,12.147224426269531,0.28269481658935547,0.0940389633178711,0.33265188393769796,21.97747747747748,89.24892185705099,41.97747747747748,89.24892185705099
ganges_plain_2020110100_top03_2020,ganges_plain,top03_2020,precip_large_zwd,zwd,zwd,q850_box_mean_g_per_kg,per-timestep spatial mean,actual_vs_uniform_zwd,12,dec_s2_pre_concat,mountain_near,12.05318546295166,12.335880279541016,12.048707962036133,0.28269481658935547,-0.004477500915527344,-0.015838638180732525,21.97747747747748,89.24892185705099,41.97747747747748,89.24892185705099
ganges_plain_2020110100_top03_2020,ganges_plain,top03_2020,precip_large_zwd,zwd,zwd,q850_box_mean_g_per_kg,per-timestep spatial mean,actual_vs_uniform_zwd,12,dec_s2_pre_concat,upstream,12.05318546295166,12.335880279541016,12.126680374145508,0.28269481658935547,0.07349491119384766,0.25997969145860533,21.97747747747748,89.24892185705099,41.97747747747748,89.24892185705099
ganges_plain_2020110100_top03_2020,ganges_plain,top03_2020,precip_large_zwd,zwd,zwd,q850_box_mean_g_per_kg,per-timestep spatial mean,actual_vs_uniform_zwd,12,dec_s2_pre_concat,hotspot_gaussian,12.05318546295166,12.335880279541016,12.160284996032715,0.28269481658935547,0.10709953308105469,0.37885212885465896,21.97747747747748,89.24892185705099,41.97747747747748,89.24892185705099
ganges_plain_2020110100_top03_2020,ganges_plain,top03_2020,precip_large_zwd,zwd,zwd,q850_box_mean_g_per_kg,per-timestep spatial mean,actual_vs_uniform_zwd,12,dec_s2_pre_concat,low_near_gaussian,12.05318546295166,12.335880279541016,12.053214073181152,0.28269481658935547,2.86102294921875e-05,0.00010120535578742826,21.97747747747748,89.24892185705099,41.97747747747748,89.24892185705099
ganges_plain_2020110100_top03_2020,ganges_plain,top03_2020,precip_large_zwd,zwd,zwd,q850_box_mean_g_per_kg,per-timestep spatial mean,actual_vs_uniform_zwd,12,dec_s2_pre_concat,remote_control,12.05318546295166,12.335880279541016,12.051551818847656,0.28269481658935547,-0.0016336441040039062,-0.005778825815462154,21.97747747747748,89.24892185705099,41.97747747747748,89.24892185705099
ganges_plain_2020110100_top03_2020,ganges_plain,top03_2020,precip_large_zwd,zwd,zwd,q850_box_mean_g_per_kg,per-timestep spatial mean,actual_vs_uniform_zwd,12,dec_s2_post_concat,whole,12.05318546295166,12.335880279541016,12.313393592834473,0.28269481658935547,0.2602081298828125,0.9204559638629409,21.97747747747748,89.24892185705099,41.97747747747748,89.24892185705099
ganges_plain_2020110100_top03_2020,ganges_plain,top03_2020,precip_large_zwd,zwd,zwd,q850_box_mean_g_per_kg,per-timestep spatial mean,actual_vs_uniform_zwd,12,dec_s2_post_concat,target_box,12.05318546295166,12.335880279541016,12.41268539428711,0.28269481658935547,0.3594999313354492,1.2716891511232107,21.97747747747748,89.24892185705099,41.97747747747748,89.24892185705099
ganges_plain_2020110100_top03_2020,ganges_plain,top03_2020,precip_large_zwd,zwd,zwd,q850_box_mean_g_per_kg,per-timestep spatial mean,actual_vs_uniform_zwd,12,dec_s2_post_concat,mountain_near,12.05318546295166,12.335880279541016,12.052098274230957,0.28269481658935547,-0.001087188720703125,-0.003845803519922274,21.97747747747748,89.24892185705099,41.97747747747748,89.24892185705099
ganges_plain_2020110100_top03_2020,ganges_plain,top03_2020,precip_large_zwd,zwd,zwd,q850_box_mean_g_per_kg,per-timestep spatial mean,actual_vs_uniform_zwd,12,dec_s2_post_concat,upstream,12.05318546295166,12.335880279541016,12.189709663391113,0.28269481658935547,0.13652420043945312,0.48293846377016936,21.97747747747748,89.24892185705099,41.97747747747748,89.24892185705099
ganges_plain_2020110100_top03_2020,ganges_plain,top03_2020,precip_large_zwd,zwd,zwd,q850_box_mean_g_per_kg,per-timestep spatial mean,actual_vs_uniform_zwd,12,dec_s2_post_concat,hotspot_gaussian,12.05318546295166,12.335880279541016,12.313592910766602,0.28269481658935547,0.2604074478149414,0.9211610278415934,21.97747747747748,89.24892185705099,41.97747747747748,89.24892185705099
ganges_plain_2020110100_top03_2020,ganges_plain,top03_2020,precip_large_zwd,zwd,zwd,q850_box_mean_g_per_kg,per-timestep spatial mean,actual_vs_uniform_zwd,12,dec_s2_post_concat,low_near_gaussian,12.05318546295166,12.335880279541016,12.059040069580078,0.28269481658935547,0.005854606628417969,0.020709989305967406,21.97747747747748,89.24892185705099,41.97747747747748,89.24892185705099
ganges_plain_2020110100_top03_2020,ganges_plain,top03_2020,precip_large_zwd,zwd,zwd,q850_box_mean_g_per_kg,per-timestep spatial mean,actual_vs_uniform_zwd,12,dec_s2_post_concat,remote_control,12.05318546295166,12.335880279541016,12.0536470413208,0.28269481658935547,0.000461578369140625,0.001632779740037176,21.97747747747748,89.24892185705099,41.97747747747748,89.24892185705099
ganges_plain_2020110100_top03_2020,ganges_plain,top03_2020,precip_large_zwd,zwd,zwd,q850_box_mean_g_per_kg,per-timestep spatial mean,actual_vs_uniform_zwd,24,enc_s0_skip,whole,11.907176971435547,12.09317398071289,12.082744598388672,0.18599700927734375,0.175567626953125,0.9439271504163419,21.97747747747748,89.24892185705099,41.97747747747748,89.24892185705099
ganges_plain_2020110100_top03_2020,ganges_plain,top03_2020,precip_large_zwd,zwd,zwd,q850_box_mean_g_per_kg,per-timestep spatial mean,actual_vs_uniform_zwd,24,enc_s0_skip,target_box,11.907176971435547,12.09317398071289,12.18032169342041,0.18599700927734375,0.2731447219848633,1.4685436236104845,21.97747747747748,89.24892185705099,41.97747747747748,89.24892185705099
ganges_plain_2020110100_top03_2020,ganges_plain,top03_2020,precip_large_zwd,zwd,zwd,q850_box_mean_g_per_kg,per-timestep spatial mean,actual_vs_uniform_zwd,24,enc_s0_skip,mountain_near,11.907176971435547,12.09317398071289,11.868597030639648,0.18599700927734375,-0.03857994079589844,-0.20742237171335987,21.97747747747748,89.24892185705099,41.97747747747748,89.24892185705099
ganges_plain_2020110100_top03_2020,ganges_plain,top03_2020,precip_large_zwd,zwd,zwd,q850_box_mean_g_per_kg,per-timestep spatial mean,actual_vs_uniform_zwd,24,enc_s0_skip,upstream,11.907176971435547,12.09317398071289,12.089534759521484,0.18599700927734375,0.1823577880859375,0.9804339800648099,21.97747747747748,89.24892185705099,41.97747747747748,89.24892185705099
ganges_plain_2020110100_top03_2020,ganges_plain,top03_2020,precip_large_zwd,zwd,zwd,q850_box_mean_g_per_kg,per-timestep spatial mean,actual_vs_uniform_zwd,24,enc_s0_skip,hotspot_gaussian,11.907176971435547,12.09317398071289,12.172035217285156,0.18599700927734375,0.2648582458496094,1.4239919602936955,21.97747747747748,89.24892185705099,41.97747747747748,89.24892185705099
ganges_plain_2020110100_top03_2020,ganges_plain,top03_2020,precip_large_zwd,zwd,zwd,q850_box_mean_g_per_kg,per-timestep spatial mean,actual_vs_uniform_zwd,24,enc_s0_skip,low_near_gaussian,11.907176971435547,12.09317398071289,11.917539596557617,0.18599700927734375,0.010362625122070312,0.055713934123630994,21.97747747747748,89.24892185705099,41.97747747747748,89.24892185705099
ganges_plain_2020110100_top03_2020,ganges_plain,top03_2020,precip_large_zwd,zwd,zwd,q850_box_mean_g_per_kg,per-timestep spatial mean,actual_vs_uniform_zwd,24,enc_s0_skip,remote_control,11.907176971435547,12.09317398071289,11.908297538757324,0.18599700927734375,0.0011205673217773438,0.006024652364740145,21.97747747747748,89.24892185705099,41.97747747747748,89.24892185705099
ganges_plain_2020110100_top03_2020,ganges_plain,top03_2020,precip_large_zwd,zwd,zwd,q850_box_mean_g_per_kg,per-timestep spatial mean,actual_vs_uniform_zwd,24,enc_s1_skip,whole,11.907176971435547,12.09317398071289,11.907176971435547,0.18599700927734375,0.0,0.0,21.97747747747748,89.24892185705099,41.97747747747748,89.24892185705099
ganges_plain_2020110100_top03_2020,ganges_plain,top03_2020,precip_large_zwd,zwd,zwd,q850_box_mean_g_per_kg,per-timestep spatial mean,actual_vs_uniform_zwd,24,enc_s1_skip,target_box,11.907176971435547,12.09317398071289,11.907176971435547,0.18599700927734375,0.0,0.0,21.97747747747748,89.24892185705099,41.97747747747748,89.24892185705099
ganges_plain_2020110100_top03_2020,ganges_plain,top03_2020,precip_large_zwd,zwd,zwd,q850_box_mean_g_per_kg,per-timestep spatial mean,actual_vs_uniform_zwd,24,enc_s1_skip,mountain_near,11.907176971435547,12.09317398071289,11.907176971435547,0.18599700927734375,0.0,0.0,21.97747747747748,89.24892185705099,41.97747747747748,89.24892185705099
ganges_plain_2020110100_top03_2020,ganges_plain,top03_2020,precip_large_zwd,zwd,zwd,q850_box_mean_g_per_kg,per-timestep spatial mean,actual_vs_uniform_zwd,24,enc_s1_skip,upstream,11.907176971435547,12.09317398071289,11.907176971435547,0.18599700927734375,0.0,0.0,21.97747747747748,89.24892185705099,41.97747747747748,89.24892185705099
ganges_plain_2020110100_top03_2020,ganges_plain,top03_2020,precip_large_zwd,zwd,zwd,q850_box_mean_g_per_kg,per-timestep spatial mean,actual_vs_uniform_zwd,24,enc_s1_skip,hotspot_gaussian,11.907176971435547,12.09317398071289,11.907176971435547,0.18599700927734375,0.0,0.0,21.97747747747748,89.24892185705099,41.97747747747748,89.24892185705099
ganges_plain_2020110100_top03_2020,ganges_plain,top03_2020,precip_large_zwd,zwd,zwd,q850_box_mean_g_per_kg,per-timestep spatial mean,actual_vs_uniform_zwd,24,enc_s1_skip,low_near_gaussian,11.907176971435547,12.09317398071289,11.907176971435547,0.18599700927734375,0.0,0.0,21.97747747747748,89.24892185705099,41.97747747747748,89.24892185705099
ganges_plain_2020110100_top03_2020,ganges_plain,top03_2020,precip_large_zwd,zwd,zwd,q850_box_mean_g_per_kg,per-timestep spatial mean,actual_vs_uniform_zwd,24,enc_s1_skip,remote_control,11.907176971435547,12.09317398071289,11.907176971435547,0.18599700927734375,0.0,0.0,21.97747747747748,89.24892185705099,41.97747747747748,89.24892185705099
ganges_plain_2020110100_top03_2020,ganges_plain,top03_2020,precip_large_zwd,zwd,zwd,q850_box_mean_g_per_kg,per-timestep spatial mean,actual_vs_uniform_zwd,24,enc_s2_bottleneck,whole,11.907176971435547,12.09317398071289,11.890077590942383,0.18599700927734375,-0.017099380493164062,-0.09193363140407727,21.97747747747748,89.24892185705099,41.97747747747748,89.24892185705099
ganges_plain_2020110100_top03_2020,ganges_plain,top03_2020,precip_large_zwd,zwd,zwd,q850_box_mean_g_per_kg,per-timestep spatial mean,actual_vs_uniform_zwd,24,enc_s2_bottleneck,target_box,11.907176971435547,12.09317398071289,11.946037292480469,0.18599700927734375,0.038860321044921875,0.20892981664547355,21.97747747747748,89.24892185705099,41.97747747747748,89.24892185705099
ganges_plain_2020110100_top03_2020,ganges_plain,top03_2020,precip_large_zwd,zwd,zwd,q850_box_mean_g_per_kg,per-timestep spatial mean,actual_vs_uniform_zwd,24,enc_s2_bottleneck,mountain_near,11.907176971435547,12.09317398071289,11.900564193725586,0.18599700927734375,-0.0066127777099609375,-0.03555313999753887,21.97747747747748,89.24892185705099,41.97747747747748,89.24892185705099
ganges_plain_2020110100_top03_2020,ganges_plain,top03_2020,precip_large_zwd,zwd,zwd,q850_box_mean_g_per_kg,per-timestep spatial mean,actual_vs_uniform_zwd,24,enc_s2_bottleneck,upstream,11.907176971435547,12.09317398071289,11.919724464416504,0.18599700927734375,0.012547492980957031,0.06746072439394561,21.97747747747748,89.24892185705099,41.97747747747748,89.24892185705099
ganges_plain_2020110100_top03_2020,ganges_plain,top03_2020,precip_large_zwd,zwd,zwd,q850_box_mean_g_per_kg,per-timestep spatial mean,actual_vs_uniform_zwd,24,enc_s2_bottleneck,hotspot_gaussian,11.907176971435547,12.09317398071289,11.97278881072998,0.18599700927734375,0.0656118392944336,0.35275749620575086,21.97747747747748,89.24892185705099,41.97747747747748,89.24892185705099
ganges_plain_2020110100_top03_2020,ganges_plain,top03_2020,precip_large_zwd,zwd,zwd,q850_box_mean_g_per_kg,per-timestep spatial mean,actual_vs_uniform_zwd,24,enc_s2_bottleneck,low_near_gaussian,11.907176971435547,12.09317398071289,11.905255317687988,0.18599700927734375,-0.0019216537475585938,-0.010331637885065015,21.97747747747748,89.24892185705099,41.97747747747748,89.24892185705099
ganges_plain_2020110100_top03_2020,ganges_plain,top03_2020,precip_large_zwd,zwd,zwd,q850_box_mean_g_per_kg,per-timestep spatial mean,actual_vs_uniform_zwd,24,enc_s2_bottleneck,remote_control,11.907176971435547,12.09317398071289,11.901333808898926,0.18599700927734375,-0.005843162536621094,-0.031415357479798185,21.97747747747748,89.24892185705099,41.97747747747748,89.24892185705099
ganges_plain_2020110100_top03_2020,ganges_plain,top03_2020,precip_large_zwd,zwd,zwd,q850_box_mean_g_per_kg,per-timestep spatial mean,actual_vs_uniform_zwd,24,dec_s0_pre_skip,whole,11.907176971435547,12.09317398071289,11.890077590942383,0.18599700927734375,-0.017099380493164062,-0.09193363140407727,21.97747747747748,89.24892185705099,41.97747747747748,89.24892185705099
ganges_plain_2020110100_top03_2020,ganges_plain,top03_2020,precip_large_zwd,zwd,zwd,q850_box_mean_g_per_kg,per-timestep spatial mean,actual_vs_uniform_zwd,24,dec_s0_pre_skip,target_box,11.907176971435547,12.09317398071289,11.946037292480469,0.18599700927734375,0.038860321044921875,0.20892981664547355,21.97747747747748,89.24892185705099,41.97747747747748,89.24892185705099
ganges_plain_2020110100_top03_2020,ganges_plain,top03_2020,precip_large_zwd,zwd,zwd,q850_box_mean_g_per_kg,per-timestep spatial mean,actual_vs_uniform_zwd,24,dec_s0_pre_skip,mountain_near,11.907176971435547,12.09317398071289,11.900564193725586,0.18599700927734375,-0.0066127777099609375,-0.03555313999753887,21.97747747747748,89.24892185705099,41.97747747747748,89.24892185705099
ganges_plain_2020110100_top03_2020,ganges_plain,top03_2020,precip_large_zwd,zwd,zwd,q850_box_mean_g_per_kg,per-timestep spatial mean,actual_vs_uniform_zwd,24,dec_s0_pre_skip,upstream,11.907176971435547,12.09317398071289,11.919724464416504,0.18599700927734375,0.012547492980957031,0.06746072439394561,21.97747747747748,89.24892185705099,41.97747747747748,89.24892185705099
ganges_plain_2020110100_top03_2020,ganges_plain,top03_2020,precip_large_zwd,zwd,zwd,q850_box_mean_g_per_kg,per-timestep spatial mean,actual_vs_uniform_zwd,24,dec_s0_pre_skip,hotspot_gaussian,11.907176971435547,12.09317398071289,11.97278881072998,0.18599700927734375,0.0656118392944336,0.35275749620575086,21.97747747747748,89.24892185705099,41.97747747747748,89.24892185705099
ganges_plain_2020110100_top03_2020,ganges_plain,top03_2020,precip_large_zwd,zwd,zwd,q850_box_mean_g_per_kg,per-timestep spatial mean,actual_vs_uniform_zwd,24,dec_s0_pre_skip,low_near_gaussian,11.907176971435547,12.09317398071289,11.905255317687988,0.18599700927734375,-0.0019216537475585938,-0.010331637885065015,21.97747747747748,89.24892185705099,41.97747747747748,89.24892185705099
ganges_plain_2020110100_top03_2020,ganges_plain,top03_2020,precip_large_zwd,zwd,zwd,q850_box_mean_g_per_kg,per-timestep spatial mean,actual_vs_uniform_zwd,24,dec_s0_pre_skip,remote_control,11.907176971435547,12.09317398071289,11.901333808898926,0.18599700927734375,-0.005843162536621094,-0.031415357479798185,21.97747747747748,89.24892185705099,41.97747747747748,89.24892185705099
ganges_plain_2020110100_top03_2020,ganges_plain,top03_2020,precip_large_zwd,zwd,zwd,q850_box_mean_g_per_kg,per-timestep spatial mean,actual_vs_uniform_zwd,24,dec_s1_pre_skip,whole,11.907176971435547,12.09317398071289,11.894100189208984,0.18599700927734375,-0.0130767822265625,-0.07030641125558883,21.97747747747748,89.24892185705099,41.97747747747748,89.24892185705099
ganges_plain_2020110100_top03_2020,ganges_plain,top03_2020,precip_large_zwd,zwd,zwd,q850_box_mean_g_per_kg,per-timestep spatial mean,actual_vs_uniform_zwd,24,dec_s1_pre_skip,target_box,11.907176971435547,12.09317398071289,11.920366287231445,0.18599700927734375,0.013189315795898438,0.07091144017392018,21.97747747747748,89.24892185705099,41.97747747747748,89.24892185705099
ganges_plain_2020110100_top03_2020,ganges_plain,top03_2020,precip_large_zwd,zwd,zwd,q850_box_mean_g_per_kg,per-timestep spatial mean,actual_vs_uniform_zwd,24,dec_s1_pre_skip,mountain_near,11.907176971435547,12.09317398071289,11.8971586227417,0.18599700927734375,-0.010018348693847656,-0.053862955822634236,21.97747747747748,89.24892185705099,41.97747747747748,89.24892185705099
ganges_plain_2020110100_top03_2020,ganges_plain,top03_2020,precip_large_zwd,zwd,zwd,q850_box_mean_g_per_kg,per-timestep spatial mean,actual_vs_uniform_zwd,24,dec_s1_pre_skip,upstream,11.907176971435547,12.09317398071289,11.910248756408691,0.18599700927734375,0.0030717849731445312,0.016515238524960008,21.97747747747748,89.24892185705099,41.97747747747748,89.24892185705099
ganges_plain_2020110100_top03_2020,ganges_plain,top03_2020,precip_large_zwd,zwd,zwd,q850_box_mean_g_per_kg,per-timestep spatial mean,actual_vs_uniform_zwd,24,dec_s1_pre_skip,hotspot_gaussian,11.907176971435547,12.09317398071289,11.935259819030762,0.18599700927734375,0.028082847595214844,0.15098547930596004,21.97747747747748,89.24892185705099,41.97747747747748,89.24892185705099
ganges_plain_2020110100_top03_2020,ganges_plain,top03_2020,precip_large_zwd,zwd,zwd,q850_box_mean_g_per_kg,per-timestep spatial mean,actual_vs_uniform_zwd,24,dec_s1_pre_skip,low_near_gaussian,11.907176971435547,12.09317398071289,11.905386924743652,0.18599700927734375,-0.0017900466918945312,-0.009624061692440214,21.97747747747748,89.24892185705099,41.97747747747748,89.24892185705099
ganges_plain_2020110100_top03_2020,ganges_plain,top03_2020,precip_large_zwd,zwd,zwd,q850_box_mean_g_per_kg,per-timestep spatial mean,actual_vs_uniform_zwd,24,dec_s1_pre_skip,remote_control,11.907176971435547,12.09317398071289,11.904086112976074,0.18599700927734375,-0.0030908584594726562,-0.016617785799253455,21.97747747747748,89.24892185705099,41.97747747747748,89.24892185705099
ganges_plain_2020110100_top03_2020,ganges_plain,top03_2020,precip_large_zwd,zwd,zwd,q850_box_mean_g_per_kg,per-timestep spatial mean,actual_vs_uniform_zwd,24,dec_s1_post_skip,whole,11.907176971435547,12.09317398071289,11.925803184509277,0.18599700927734375,0.01862621307373047,0.1001425407112679,21.97747747747748,89.24892185705099,41.97747747747748,89.24892185705099
ganges_plain_2020110100_top03_2020,ganges_plain,top03_2020,precip_large_zwd,zwd,zwd,q850_box_mean_g_per_kg,per-timestep spatial mean,actual_vs_uniform_zwd,24,dec_s1_post_skip,target_box,11.907176971435547,12.09317398071289,11.9727144241333,0.18599700927734375,0.0655374526977539,0.3523575618360064,21.97747747747748,89.24892185705099,41.97747747747748,89.24892185705099
ganges_plain_2020110100_top03_2020,ganges_plain,top03_2020,precip_large_zwd,zwd,zwd,q850_box_mean_g_per_kg,per-timestep spatial mean,actual_vs_uniform_zwd,24,dec_s1_post_skip,mountain_near,11.907176971435547,12.09317398071289,11.891613006591797,0.18599700927734375,-0.01556396484375,-0.08367857582345462,21.97747747747748,89.24892185705099,41.97747747747748,89.24892185705099
ganges_plain_2020110100_top03_2020,ganges_plain,top03_2020,precip_large_zwd,zwd,zwd,q850_box_mean_g_per_kg,per-timestep spatial mean,actual_vs_uniform_zwd,24,dec_s1_post_skip,upstream,11.907176971435547,12.09317398071289,11.927118301391602,0.18599700927734375,0.019941329956054688,0.10721317527380123,21.97747747747748,89.24892185705099,41.97747747747748,89.24892185705099
ganges_plain_2020110100_top03_2020,ganges_plain,top03_2020,precip_large_zwd,zwd,zwd,q850_box_mean_g_per_kg,per-timestep spatial mean,actual_vs_uniform_zwd,24,dec_s1_post_skip,hotspot_gaussian,11.907176971435547,12.09317398071289,12.002888679504395,0.18599700927734375,0.09571170806884766,0.5145873497682432,21.97747747747748,89.24892185705099,41.97747747747748,89.24892185705099
ganges_plain_2020110100_top03_2020,ganges_plain,top03_2020,precip_large_zwd,zwd,zwd,q850_box_mean_g_per_kg,per-timestep spatial mean,actual_vs_uniform_zwd,24,dec_s1_post_skip,low_near_gaussian,11.907176971435547,12.09317398071289,11.906081199645996,0.18599700927734375,-0.0010957717895507812,-0.005891340908158661,21.97747747747748,89.24892185705099,41.97747747747748,89.24892185705099
ganges_plain_2020110100_top03_2020,ganges_plain,top03_2020,precip_large_zwd,zwd,zwd,q850_box_mean_g_per_kg,per-timestep spatial mean,actual_vs_uniform_zwd,24,dec_s1_post_skip,remote_control,11.907176971435547,12.09317398071289,11.906465530395508,0.18599700927734375,-0.0007114410400390625,-0.003825013331145658,21.97747747747748,89.24892185705099,41.97747747747748,89.24892185705099
ganges_plain_2020110100_top03_2020,ganges_plain,top03_2020,precip_large_zwd,zwd,zwd,q850_box_mean_g_per_kg,per-timestep spatial mean,actual_vs_uniform_zwd,24,dec_s2_pre_concat,whole,11.907176971435547,12.09317398071289,11.925803184509277,0.18599700927734375,0.01862621307373047,0.1001425407112679,21.97747747747748,89.24892185705099,41.97747747747748,89.24892185705099
ganges_plain_2020110100_top03_2020,ganges_plain,top03_2020,precip_large_zwd,zwd,zwd,q850_box_mean_g_per_kg,per-timestep spatial mean,actual_vs_uniform_zwd,24,dec_s2_pre_concat,target_box,11.907176971435547,12.09317398071289,11.9727144241333,0.18599700927734375,0.0655374526977539,0.3523575618360064,21.97747747747748,89.24892185705099,41.97747747747748,89.24892185705099
ganges_plain_2020110100_top03_2020,ganges_plain,top03_2020,precip_large_zwd,zwd,zwd,q850_box_mean_g_per_kg,per-timestep spatial mean,actual_vs_uniform_zwd,24,dec_s2_pre_concat,mountain_near,11.907176971435547,12.09317398071289,11.891613006591797,0.18599700927734375,-0.01556396484375,-0.08367857582345462,21.97747747747748,89.24892185705099,41.97747747747748,89.24892185705099
ganges_plain_2020110100_top03_2020,ganges_plain,top03_2020,precip_large_zwd,zwd,zwd,q850_box_mean_g_per_kg,per-timestep spatial mean,actual_vs_uniform_zwd,24,dec_s2_pre_concat,upstream,11.907176971435547,12.09317398071289,11.927118301391602,0.18599700927734375,0.019941329956054688,0.10721317527380123,21.97747747747748,89.24892185705099,41.97747747747748,89.24892185705099
ganges_plain_2020110100_top03_2020,ganges_plain,top03_2020,precip_large_zwd,zwd,zwd,q850_box_mean_g_per_kg,per-timestep spatial mean,actual_vs_uniform_zwd,24,dec_s2_pre_concat,hotspot_gaussian,11.907176971435547,12.09317398071289,12.002888679504395,0.18599700927734375,0.09571170806884766,0.5145873497682432,21.97747747747748,89.24892185705099,41.97747747747748,89.24892185705099
ganges_plain_2020110100_top03_2020,ganges_plain,top03_2020,precip_large_zwd,zwd,zwd,q850_box_mean_g_per_kg,per-timestep spatial mean,actual_vs_uniform_zwd,24,dec_s2_pre_concat,low_near_gaussian,11.907176971435547,12.09317398071289,11.906081199645996,0.18599700927734375,-0.0010957717895507812,-0.005891340908158661,21.97747747747748,89.24892185705099,41.97747747747748,89.24892185705099
ganges_plain_2020110100_top03_2020,ganges_plain,top03_2020,precip_large_zwd,zwd,zwd,q850_box_mean_g_per_kg,per-timestep spatial mean,actual_vs_uniform_zwd,24,dec_s2_pre_concat,remote_control,11.907176971435547,12.09317398071289,11.906465530395508,0.18599700927734375,-0.0007114410400390625,-0.003825013331145658,21.97747747747748,89.24892185705099,41.97747747747748,89.24892185705099
ganges_plain_2020110100_top03_2020,ganges_plain,top03_2020,precip_large_zwd,zwd,zwd,q850_box_mean_g_per_kg,per-timestep spatial mean,actual_vs_uniform_zwd,24,dec_s2_post_concat,whole,11.907176971435547,12.09317398071289,12.036707878112793,0.18599700927734375,0.1295309066772461,0.696413921817958,21.97747747747748,89.24892185705099,41.97747747747748,89.24892185705099
ganges_plain_2020110100_top03_2020,ganges_plain,top03_2020,precip_large_zwd,zwd,zwd,q850_box_mean_g_per_kg,per-timestep spatial mean,actual_vs_uniform_zwd,24,dec_s2_post_concat,target_box,11.907176971435547,12.09317398071289,12.181233406066895,0.18599700927734375,0.27405643463134766,1.4734453833217114,21.97747747747748,89.24892185705099,41.97747747747748,89.24892185705099
ganges_plain_2020110100_top03_2020,ganges_plain,top03_2020,precip_large_zwd,zwd,zwd,q850_box_mean_g_per_kg,per-timestep spatial mean,actual_vs_uniform_zwd,24,dec_s2_post_concat,mountain_near,11.907176971435547,12.09317398071289,11.865235328674316,0.18599700927734375,-0.04194164276123047,-0.2254963288075803,21.97747747747748,89.24892185705099,41.97747747747748,89.24892185705099
ganges_plain_2020110100_top03_2020,ganges_plain,top03_2020,precip_large_zwd,zwd,zwd,q850_box_mean_g_per_kg,per-timestep spatial mean,actual_vs_uniform_zwd,24,dec_s2_post_concat,upstream,11.907176971435547,12.09317398071289,12.056170463562012,0.18599700927734375,0.14899349212646484,0.8010531605069937,21.97747747747748,89.24892185705099,41.97747747747748,89.24892185705099
ganges_plain_2020110100_top03_2020,ganges_plain,top03_2020,precip_large_zwd,zwd,zwd,q850_box_mean_g_per_kg,per-timestep spatial mean,actual_vs_uniform_zwd,24,dec_s2_post_concat,hotspot_gaussian,11.907176971435547,12.09317398071289,12.142358779907227,0.18599700927734375,0.2351818084716797,1.2644386562205177,21.97747747747748,89.24892185705099,41.97747747747748,89.24892185705099
ganges_plain_2020110100_top03_2020,ganges_plain,top03_2020,precip_large_zwd,zwd,zwd,q850_box_mean_g_per_kg,per-timestep spatial mean,actual_vs_uniform_zwd,24,dec_s2_post_concat,low_near_gaussian,11.907176971435547,12.09317398071289,11.915321350097656,0.18599700927734375,0.008144378662109375,0.04378768612330284,21.97747747747748,89.24892185705099,41.97747747747748,89.24892185705099
ganges_plain_2020110100_top03_2020,ganges_plain,top03_2020,precip_large_zwd,zwd,zwd,q850_box_mean_g_per_kg,per-timestep spatial mean,actual_vs_uniform_zwd,24,dec_s2_post_concat,remote_control,11.907176971435547,12.09317398071289,11.90983772277832,0.18599700927734375,0.0026607513427734375,0.014305344763936174,21.97747747747748,89.24892185705099,41.97747747747748,89.24892185705099
