case_id,target,role,model_key,variable,input_name,target_metric,baseline,contrast,lead_h,patch_site,patch_region,score_base,score_source,score_patched,delta_source_minus_base,delta_patched_minus_base,recovery,hotspot_lat,hotspot_lon,low_near_lat,low_near_lon
new_zealand_alps_2020030300_secondary,new_zealand_alps,secondary,precip_large_zwd,precip,tp_mswep,q850_box_mean_g_per_kg,per-timestep spatial mean,actual_vs_uniform_tp,6,enc_s0_skip,whole,7.76371955871582,7.7655253410339355,7.7639851570129395,0.0018057823181152344,0.0002655982971191406,0.1470821230525482,-41.52252252252252,168.69000921133608,-61.52252252252252,168.69000921133608
new_zealand_alps_2020030300_secondary,new_zealand_alps,secondary,precip_large_zwd,precip,tp_mswep,q850_box_mean_g_per_kg,per-timestep spatial mean,actual_vs_uniform_tp,6,enc_s0_skip,target_box,7.76371955871582,7.7655253410339355,7.7642621994018555,0.0018057823181152344,0.0005426406860351562,0.3005017163982044,-41.52252252252252,168.69000921133608,-61.52252252252252,168.69000921133608
new_zealand_alps_2020030300_secondary,new_zealand_alps,secondary,precip_large_zwd,precip,tp_mswep,q850_box_mean_g_per_kg,per-timestep spatial mean,actual_vs_uniform_tp,6,enc_s0_skip,mountain_near,7.76371955871582,7.7655253410339355,7.764127254486084,0.0018057823181152344,0.0004076957702636719,0.22577237919197254,-41.52252252252252,168.69000921133608,-61.52252252252252,168.69000921133608
new_zealand_alps_2020030300_secondary,new_zealand_alps,secondary,precip_large_zwd,precip,tp_mswep,q850_box_mean_g_per_kg,per-timestep spatial mean,actual_vs_uniform_tp,6,enc_s0_skip,upstream,7.76371955871582,7.7655253410339355,7.763574123382568,0.0018057823181152344,-0.00014543533325195312,-0.08053868497491418,-41.52252252252252,168.69000921133608,-61.52252252252252,168.69000921133608
new_zealand_alps_2020030300_secondary,new_zealand_alps,secondary,precip_large_zwd,precip,tp_mswep,q850_box_mean_g_per_kg,per-timestep spatial mean,actual_vs_uniform_tp,6,enc_s0_skip,hotspot_gaussian,7.76371955871582,7.7655253410339355,7.763896465301514,0.0018057823181152344,0.00017690658569335938,0.09796672828096119,-41.52252252252252,168.69000921133608,-61.52252252252252,168.69000921133608
new_zealand_alps_2020030300_secondary,new_zealand_alps,secondary,precip_large_zwd,precip,tp_mswep,q850_box_mean_g_per_kg,per-timestep spatial mean,actual_vs_uniform_tp,6,enc_s0_skip,low_near_gaussian,7.76371955871582,7.7655253410339355,7.763898849487305,0.0018057823181152344,0.000179290771484375,0.09928703459202536,-41.52252252252252,168.69000921133608,-61.52252252252252,168.69000921133608
new_zealand_alps_2020030300_secondary,new_zealand_alps,secondary,precip_large_zwd,precip,tp_mswep,q850_box_mean_g_per_kg,per-timestep spatial mean,actual_vs_uniform_tp,6,enc_s0_skip,remote_control,7.76371955871582,7.7655253410339355,7.7634077072143555,0.0018057823181152344,-0.00031185150146484375,-0.17269606548719302,-41.52252252252252,168.69000921133608,-61.52252252252252,168.69000921133608
new_zealand_alps_2020030300_secondary,new_zealand_alps,secondary,precip_large_zwd,precip,tp_mswep,q850_box_mean_g_per_kg,per-timestep spatial mean,actual_vs_uniform_tp,6,enc_s1_skip,whole,7.76371955871582,7.7655253410339355,7.76371955871582,0.0018057823181152344,0.0,0.0,-41.52252252252252,168.69000921133608,-61.52252252252252,168.69000921133608
new_zealand_alps_2020030300_secondary,new_zealand_alps,secondary,precip_large_zwd,precip,tp_mswep,q850_box_mean_g_per_kg,per-timestep spatial mean,actual_vs_uniform_tp,6,enc_s1_skip,target_box,7.76371955871582,7.7655253410339355,7.76371955871582,0.0018057823181152344,0.0,0.0,-41.52252252252252,168.69000921133608,-61.52252252252252,168.69000921133608
new_zealand_alps_2020030300_secondary,new_zealand_alps,secondary,precip_large_zwd,precip,tp_mswep,q850_box_mean_g_per_kg,per-timestep spatial mean,actual_vs_uniform_tp,6,enc_s1_skip,mountain_near,7.76371955871582,7.7655253410339355,7.76371955871582,0.0018057823181152344,0.0,0.0,-41.52252252252252,168.69000921133608,-61.52252252252252,168.69000921133608
new_zealand_alps_2020030300_secondary,new_zealand_alps,secondary,precip_large_zwd,precip,tp_mswep,q850_box_mean_g_per_kg,per-timestep spatial mean,actual_vs_uniform_tp,6,enc_s1_skip,upstream,7.76371955871582,7.7655253410339355,7.76371955871582,0.0018057823181152344,0.0,0.0,-41.52252252252252,168.69000921133608,-61.52252252252252,168.69000921133608
new_zealand_alps_2020030300_secondary,new_zealand_alps,secondary,precip_large_zwd,precip,tp_mswep,q850_box_mean_g_per_kg,per-timestep spatial mean,actual_vs_uniform_tp,6,enc_s1_skip,hotspot_gaussian,7.76371955871582,7.7655253410339355,7.76371955871582,0.0018057823181152344,0.0,0.0,-41.52252252252252,168.69000921133608,-61.52252252252252,168.69000921133608
new_zealand_alps_2020030300_secondary,new_zealand_alps,secondary,precip_large_zwd,precip,tp_mswep,q850_box_mean_g_per_kg,per-timestep spatial mean,actual_vs_uniform_tp,6,enc_s1_skip,low_near_gaussian,7.76371955871582,7.7655253410339355,7.76371955871582,0.0018057823181152344,0.0,0.0,-41.52252252252252,168.69000921133608,-61.52252252252252,168.69000921133608
new_zealand_alps_2020030300_secondary,new_zealand_alps,secondary,precip_large_zwd,precip,tp_mswep,q850_box_mean_g_per_kg,per-timestep spatial mean,actual_vs_uniform_tp,6,enc_s1_skip,remote_control,7.76371955871582,7.7655253410339355,7.76371955871582,0.0018057823181152344,0.0,0.0,-41.52252252252252,168.69000921133608,-61.52252252252252,168.69000921133608
new_zealand_alps_2020030300_secondary,new_zealand_alps,secondary,precip_large_zwd,precip,tp_mswep,q850_box_mean_g_per_kg,per-timestep spatial mean,actual_vs_uniform_tp,6,enc_s2_bottleneck,whole,7.76371955871582,7.7655253410339355,7.7648444175720215,0.0018057823181152344,0.0011248588562011719,0.6229205175600739,-41.52252252252252,168.69000921133608,-61.52252252252252,168.69000921133608
new_zealand_alps_2020030300_secondary,new_zealand_alps,secondary,precip_large_zwd,precip,tp_mswep,q850_box_mean_g_per_kg,per-timestep spatial mean,actual_vs_uniform_tp,6,enc_s2_bottleneck,target_box,7.76371955871582,7.7655253410339355,7.763328552246094,0.0018057823181152344,-0.0003910064697265625,-0.21653023501452337,-41.52252252252252,168.69000921133608,-61.52252252252252,168.69000921133608
new_zealand_alps_2020030300_secondary,new_zealand_alps,secondary,precip_large_zwd,precip,tp_mswep,q850_box_mean_g_per_kg,per-timestep spatial mean,actual_vs_uniform_tp,6,enc_s2_bottleneck,mountain_near,7.76371955871582,7.7655253410339355,7.763027191162109,0.0018057823181152344,-0.0006923675537109375,-0.38341695273303406,-41.52252252252252,168.69000921133608,-61.52252252252252,168.69000921133608
new_zealand_alps_2020030300_secondary,new_zealand_alps,secondary,precip_large_zwd,precip,tp_mswep,q850_box_mean_g_per_kg,per-timestep spatial mean,actual_vs_uniform_tp,6,enc_s2_bottleneck,upstream,7.76371955871582,7.7655253410339355,7.764062404632568,0.0018057823181152344,0.0003428459167480469,0.1898600475310272,-41.52252252252252,168.69000921133608,-61.52252252252252,168.69000921133608
new_zealand_alps_2020030300_secondary,new_zealand_alps,secondary,precip_large_zwd,precip,tp_mswep,q850_box_mean_g_per_kg,per-timestep spatial mean,actual_vs_uniform_tp,6,enc_s2_bottleneck,hotspot_gaussian,7.76371955871582,7.7655253410339355,7.7643537521362305,0.0018057823181152344,0.0006341934204101562,0.3512014787430684,-41.52252252252252,168.69000921133608,-61.52252252252252,168.69000921133608
new_zealand_alps_2020030300_secondary,new_zealand_alps,secondary,precip_large_zwd,precip,tp_mswep,q850_box_mean_g_per_kg,per-timestep spatial mean,actual_vs_uniform_tp,6,enc_s2_bottleneck,low_near_gaussian,7.76371955871582,7.7655253410339355,7.762941360473633,0.0018057823181152344,-0.0007781982421875,-0.4309479799313441,-41.52252252252252,168.69000921133608,-61.52252252252252,168.69000921133608
new_zealand_alps_2020030300_secondary,new_zealand_alps,secondary,precip_large_zwd,precip,tp_mswep,q850_box_mean_g_per_kg,per-timestep spatial mean,actual_vs_uniform_tp,6,enc_s2_bottleneck,remote_control,7.76371955871582,7.7655253410339355,7.763042449951172,0.0018057823181152344,-0.0006771087646484375,-0.3749669923422234,-41.52252252252252,168.69000921133608,-61.52252252252252,168.69000921133608
new_zealand_alps_2020030300_secondary,new_zealand_alps,secondary,precip_large_zwd,precip,tp_mswep,q850_box_mean_g_per_kg,per-timestep spatial mean,actual_vs_uniform_tp,6,dec_s0_pre_skip,whole,7.76371955871582,7.7655253410339355,7.7648444175720215,0.0018057823181152344,0.0011248588562011719,0.6229205175600739,-41.52252252252252,168.69000921133608,-61.52252252252252,168.69000921133608
new_zealand_alps_2020030300_secondary,new_zealand_alps,secondary,precip_large_zwd,precip,tp_mswep,q850_box_mean_g_per_kg,per-timestep spatial mean,actual_vs_uniform_tp,6,dec_s0_pre_skip,target_box,7.76371955871582,7.7655253410339355,7.763328552246094,0.0018057823181152344,-0.0003910064697265625,-0.21653023501452337,-41.52252252252252,168.69000921133608,-61.52252252252252,168.69000921133608
new_zealand_alps_2020030300_secondary,new_zealand_alps,secondary,precip_large_zwd,precip,tp_mswep,q850_box_mean_g_per_kg,per-timestep spatial mean,actual_vs_uniform_tp,6,dec_s0_pre_skip,mountain_near,7.76371955871582,7.7655253410339355,7.763027191162109,0.0018057823181152344,-0.0006923675537109375,-0.38341695273303406,-41.52252252252252,168.69000921133608,-61.52252252252252,168.69000921133608
new_zealand_alps_2020030300_secondary,new_zealand_alps,secondary,precip_large_zwd,precip,tp_mswep,q850_box_mean_g_per_kg,per-timestep spatial mean,actual_vs_uniform_tp,6,dec_s0_pre_skip,upstream,7.76371955871582,7.7655253410339355,7.764062404632568,0.0018057823181152344,0.0003428459167480469,0.1898600475310272,-41.52252252252252,168.69000921133608,-61.52252252252252,168.69000921133608
new_zealand_alps_2020030300_secondary,new_zealand_alps,secondary,precip_large_zwd,precip,tp_mswep,q850_box_mean_g_per_kg,per-timestep spatial mean,actual_vs_uniform_tp,6,dec_s0_pre_skip,hotspot_gaussian,7.76371955871582,7.7655253410339355,7.7643537521362305,0.0018057823181152344,0.0006341934204101562,0.3512014787430684,-41.52252252252252,168.69000921133608,-61.52252252252252,168.69000921133608
new_zealand_alps_2020030300_secondary,new_zealand_alps,secondary,precip_large_zwd,precip,tp_mswep,q850_box_mean_g_per_kg,per-timestep spatial mean,actual_vs_uniform_tp,6,dec_s0_pre_skip,low_near_gaussian,7.76371955871582,7.7655253410339355,7.762941360473633,0.0018057823181152344,-0.0007781982421875,-0.4309479799313441,-41.52252252252252,168.69000921133608,-61.52252252252252,168.69000921133608
new_zealand_alps_2020030300_secondary,new_zealand_alps,secondary,precip_large_zwd,precip,tp_mswep,q850_box_mean_g_per_kg,per-timestep spatial mean,actual_vs_uniform_tp,6,dec_s0_pre_skip,remote_control,7.76371955871582,7.7655253410339355,7.763042449951172,0.0018057823181152344,-0.0006771087646484375,-0.3749669923422234,-41.52252252252252,168.69000921133608,-61.52252252252252,168.69000921133608
new_zealand_alps_2020030300_secondary,new_zealand_alps,secondary,precip_large_zwd,precip,tp_mswep,q850_box_mean_g_per_kg,per-timestep spatial mean,actual_vs_uniform_tp,6,dec_s1_pre_skip,whole,7.76371955871582,7.7655253410339355,7.7652716636657715,0.0018057823181152344,0.0015521049499511719,0.8595194085027726,-41.52252252252252,168.69000921133608,-61.52252252252252,168.69000921133608
new_zealand_alps_2020030300_secondary,new_zealand_alps,secondary,precip_large_zwd,precip,tp_mswep,q850_box_mean_g_per_kg,per-timestep spatial mean,actual_vs_uniform_tp,6,dec_s1_pre_skip,target_box,7.76371955871582,7.7655253410339355,7.764175891876221,0.0018057823181152344,0.0004563331604003906,0.25270662793768156,-41.52252252252252,168.69000921133608,-61.52252252252252,168.69000921133608
new_zealand_alps_2020030300_secondary,new_zealand_alps,secondary,precip_large_zwd,precip,tp_mswep,q850_box_mean_g_per_kg,per-timestep spatial mean,actual_vs_uniform_tp,6,dec_s1_pre_skip,mountain_near,7.76371955871582,7.7655253410339355,7.766421318054199,0.0018057823181152344,0.0027017593383789062,1.496171111697914,-41.52252252252252,168.69000921133608,-61.52252252252252,168.69000921133608
new_zealand_alps_2020030300_secondary,new_zealand_alps,secondary,precip_large_zwd,precip,tp_mswep,q850_box_mean_g_per_kg,per-timestep spatial mean,actual_vs_uniform_tp,6,dec_s1_pre_skip,upstream,7.76371955871582,7.7655253410339355,7.762817859649658,0.0018057823181152344,-0.0009016990661621094,-0.4993398468444679,-41.52252252252252,168.69000921133608,-61.52252252252252,168.69000921133608
new_zealand_alps_2020030300_secondary,new_zealand_alps,secondary,precip_large_zwd,precip,tp_mswep,q850_box_mean_g_per_kg,per-timestep spatial mean,actual_vs_uniform_tp,6,dec_s1_pre_skip,hotspot_gaussian,7.76371955871582,7.7655253410339355,7.764802932739258,0.0018057823181152344,0.0010833740234375,0.5999471877475574,-41.52252252252252,168.69000921133608,-61.52252252252252,168.69000921133608
new_zealand_alps_2020030300_secondary,new_zealand_alps,secondary,precip_large_zwd,precip,tp_mswep,q850_box_mean_g_per_kg,per-timestep spatial mean,actual_vs_uniform_tp,6,dec_s1_pre_skip,low_near_gaussian,7.76371955871582,7.7655253410339355,7.764909744262695,0.0018057823181152344,0.001190185546875,0.6590969104832322,-41.52252252252252,168.69000921133608,-61.52252252252252,168.69000921133608
new_zealand_alps_2020030300_secondary,new_zealand_alps,secondary,precip_large_zwd,precip,tp_mswep,q850_box_mean_g_per_kg,per-timestep spatial mean,actual_vs_uniform_tp,6,dec_s1_pre_skip,remote_control,7.76371955871582,7.7655253410339355,7.762338638305664,0.0018057823181152344,-0.00138092041015625,-0.7647214153683655,-41.52252252252252,168.69000921133608,-61.52252252252252,168.69000921133608
new_zealand_alps_2020030300_secondary,new_zealand_alps,secondary,precip_large_zwd,precip,tp_mswep,q850_box_mean_g_per_kg,per-timestep spatial mean,actual_vs_uniform_tp,6,dec_s1_post_skip,whole,7.76371955871582,7.7655253410339355,7.765091419219971,0.0018057823181152344,0.0013718605041503906,0.7597042513863216,-41.52252252252252,168.69000921133608,-61.52252252252252,168.69000921133608
new_zealand_alps_2020030300_secondary,new_zealand_alps,secondary,precip_large_zwd,precip,tp_mswep,q850_box_mean_g_per_kg,per-timestep spatial mean,actual_vs_uniform_tp,6,dec_s1_post_skip,target_box,7.76371955871582,7.7655253410339355,7.764688014984131,0.0018057823181152344,0.0009684562683105469,0.5363084235542646,-41.52252252252252,168.69000921133608,-61.52252252252252,168.69000921133608
new_zealand_alps_2020030300_secondary,new_zealand_alps,secondary,precip_large_zwd,precip,tp_mswep,q850_box_mean_g_per_kg,per-timestep spatial mean,actual_vs_uniform_tp,6,dec_s1_post_skip,mountain_near,7.76371955871582,7.7655253410339355,7.764159679412842,0.0018057823181152344,0.0004401206970214844,0.2437285450224452,-41.52252252252252,168.69000921133608,-61.52252252252252,168.69000921133608
new_zealand_alps_2020030300_secondary,new_zealand_alps,secondary,precip_large_zwd,precip,tp_mswep,q850_box_mean_g_per_kg,per-timestep spatial mean,actual_vs_uniform_tp,6,dec_s1_post_skip,upstream,7.76371955871582,7.7655253410339355,7.762710094451904,0.0018057823181152344,-0.0010094642639160156,-0.5590176921045683,-41.52252252252252,168.69000921133608,-61.52252252252252,168.69000921133608
new_zealand_alps_2020030300_secondary,new_zealand_alps,secondary,precip_large_zwd,precip,tp_mswep,q850_box_mean_g_per_kg,per-timestep spatial mean,actual_vs_uniform_tp,6,dec_s1_post_skip,hotspot_gaussian,7.76371955871582,7.7655253410339355,7.765261173248291,0.0018057823181152344,0.0015416145324707031,0.8537100607340903,-41.52252252252252,168.69000921133608,-61.52252252252252,168.69000921133608
new_zealand_alps_2020030300_secondary,new_zealand_alps,secondary,precip_large_zwd,precip,tp_mswep,q850_box_mean_g_per_kg,per-timestep spatial mean,actual_vs_uniform_tp,6,dec_s1_post_skip,low_near_gaussian,7.76371955871582,7.7655253410339355,7.76377010345459,0.0018057823181152344,5.054473876953125e-05,0.02799049379456034,-41.52252252252252,168.69000921133608,-61.52252252252252,168.69000921133608
new_zealand_alps_2020030300_secondary,new_zealand_alps,secondary,precip_large_zwd,precip,tp_mswep,q850_box_mean_g_per_kg,per-timestep spatial mean,actual_vs_uniform_tp,6,dec_s1_post_skip,remote_control,7.76371955871582,7.7655253410339355,7.7637763023376465,0.0018057823181152344,5.6743621826171875e-05,0.031423290203327174,-41.52252252252252,168.69000921133608,-61.52252252252252,168.69000921133608
new_zealand_alps_2020030300_secondary,new_zealand_alps,secondary,precip_large_zwd,precip,tp_mswep,q850_box_mean_g_per_kg,per-timestep spatial mean,actual_vs_uniform_tp,6,dec_s2_pre_concat,whole,7.76371955871582,7.7655253410339355,7.765091419219971,0.0018057823181152344,0.0013718605041503906,0.7597042513863216,-41.52252252252252,168.69000921133608,-61.52252252252252,168.69000921133608
new_zealand_alps_2020030300_secondary,new_zealand_alps,secondary,precip_large_zwd,precip,tp_mswep,q850_box_mean_g_per_kg,per-timestep spatial mean,actual_vs_uniform_tp,6,dec_s2_pre_concat,target_box,7.76371955871582,7.7655253410339355,7.764688014984131,0.0018057823181152344,0.0009684562683105469,0.5363084235542646,-41.52252252252252,168.69000921133608,-61.52252252252252,168.69000921133608
new_zealand_alps_2020030300_secondary,new_zealand_alps,secondary,precip_large_zwd,precip,tp_mswep,q850_box_mean_g_per_kg,per-timestep spatial mean,actual_vs_uniform_tp,6,dec_s2_pre_concat,mountain_near,7.76371955871582,7.7655253410339355,7.764159679412842,0.0018057823181152344,0.0004401206970214844,0.2437285450224452,-41.52252252252252,168.69000921133608,-61.52252252252252,168.69000921133608
new_zealand_alps_2020030300_secondary,new_zealand_alps,secondary,precip_large_zwd,precip,tp_mswep,q850_box_mean_g_per_kg,per-timestep spatial mean,actual_vs_uniform_tp,6,dec_s2_pre_concat,upstream,7.76371955871582,7.7655253410339355,7.762710094451904,0.0018057823181152344,-0.0010094642639160156,-0.5590176921045683,-41.52252252252252,168.69000921133608,-61.52252252252252,168.69000921133608
new_zealand_alps_2020030300_secondary,new_zealand_alps,secondary,precip_large_zwd,precip,tp_mswep,q850_box_mean_g_per_kg,per-timestep spatial mean,actual_vs_uniform_tp,6,dec_s2_pre_concat,hotspot_gaussian,7.76371955871582,7.7655253410339355,7.765261173248291,0.0018057823181152344,0.0015416145324707031,0.8537100607340903,-41.52252252252252,168.69000921133608,-61.52252252252252,168.69000921133608
new_zealand_alps_2020030300_secondary,new_zealand_alps,secondary,precip_large_zwd,precip,tp_mswep,q850_box_mean_g_per_kg,per-timestep spatial mean,actual_vs_uniform_tp,6,dec_s2_pre_concat,low_near_gaussian,7.76371955871582,7.7655253410339355,7.76377010345459,0.0018057823181152344,5.054473876953125e-05,0.02799049379456034,-41.52252252252252,168.69000921133608,-61.52252252252252,168.69000921133608
new_zealand_alps_2020030300_secondary,new_zealand_alps,secondary,precip_large_zwd,precip,tp_mswep,q850_box_mean_g_per_kg,per-timestep spatial mean,actual_vs_uniform_tp,6,dec_s2_pre_concat,remote_control,7.76371955871582,7.7655253410339355,7.7637763023376465,0.0018057823181152344,5.6743621826171875e-05,0.031423290203327174,-41.52252252252252,168.69000921133608,-61.52252252252252,168.69000921133608
new_zealand_alps_2020030300_secondary,new_zealand_alps,secondary,precip_large_zwd,precip,tp_mswep,q850_box_mean_g_per_kg,per-timestep spatial mean,actual_vs_uniform_tp,6,dec_s2_post_concat,whole,7.76371955871582,7.7655253410339355,7.76553201675415,0.0018057823181152344,0.0018124580383300781,1.0036968576709797,-41.52252252252252,168.69000921133608,-61.52252252252252,168.69000921133608
new_zealand_alps_2020030300_secondary,new_zealand_alps,secondary,precip_large_zwd,precip,tp_mswep,q850_box_mean_g_per_kg,per-timestep spatial mean,actual_vs_uniform_tp,6,dec_s2_post_concat,target_box,7.76371955871582,7.7655253410339355,7.764625549316406,0.0018057823181152344,0.0009059906005859375,0.5017163982043834,-41.52252252252252,168.69000921133608,-61.52252252252252,168.69000921133608
new_zealand_alps_2020030300_secondary,new_zealand_alps,secondary,precip_large_zwd,precip,tp_mswep,q850_box_mean_g_per_kg,per-timestep spatial mean,actual_vs_uniform_tp,6,dec_s2_post_concat,mountain_near,7.76371955871582,7.7655253410339355,7.764423370361328,0.0018057823181152344,0.0007038116455078125,0.38975442302614205,-41.52252252252252,168.69000921133608,-61.52252252252252,168.69000921133608
new_zealand_alps_2020030300_secondary,new_zealand_alps,secondary,precip_large_zwd,precip,tp_mswep,q850_box_mean_g_per_kg,per-timestep spatial mean,actual_vs_uniform_tp,6,dec_s2_post_concat,upstream,7.76371955871582,7.7655253410339355,7.762838840484619,0.0018057823181152344,-0.0008807182312011719,-0.48772115130710325,-41.52252252252252,168.69000921133608,-61.52252252252252,168.69000921133608
new_zealand_alps_2020030300_secondary,new_zealand_alps,secondary,precip_large_zwd,precip,tp_mswep,q850_box_mean_g_per_kg,per-timestep spatial mean,actual_vs_uniform_tp,6,dec_s2_post_concat,hotspot_gaussian,7.76371955871582,7.7655253410339355,7.765223503112793,0.0018057823181152344,0.0015039443969726562,0.8328492210192765,-41.52252252252252,168.69000921133608,-61.52252252252252,168.69000921133608
new_zealand_alps_2020030300_secondary,new_zealand_alps,secondary,precip_large_zwd,precip,tp_mswep,q850_box_mean_g_per_kg,per-timestep spatial mean,actual_vs_uniform_tp,6,dec_s2_post_concat,low_near_gaussian,7.76371955871582,7.7655253410339355,7.763882160186768,0.0018057823181152344,0.00016260147094726562,0.09004489041457618,-41.52252252252252,168.69000921133608,-61.52252252252252,168.69000921133608
new_zealand_alps_2020030300_secondary,new_zealand_alps,secondary,precip_large_zwd,precip,tp_mswep,q850_box_mean_g_per_kg,per-timestep spatial mean,actual_vs_uniform_tp,6,dec_s2_post_concat,remote_control,7.76371955871582,7.7655253410339355,7.7637786865234375,0.0018057823181152344,5.91278076171875e-05,0.03274359651439134,-41.52252252252252,168.69000921133608,-61.52252252252252,168.69000921133608
new_zealand_alps_2020030300_secondary,new_zealand_alps,secondary,precip_large_zwd,precip,tp_mswep,q850_box_mean_g_per_kg,per-timestep spatial mean,actual_vs_uniform_tp,12,enc_s0_skip,whole,4.855896949768066,4.8546905517578125,4.859274864196777,-0.0012063980102539062,0.0033779144287109375,-2.8,-41.52252252252252,168.69000921133608,-61.52252252252252,168.69000921133608
new_zealand_alps_2020030300_secondary,new_zealand_alps,secondary,precip_large_zwd,precip,tp_mswep,q850_box_mean_g_per_kg,per-timestep spatial mean,actual_vs_uniform_tp,12,enc_s0_skip,target_box,4.855896949768066,4.8546905517578125,4.858517646789551,-0.0012063980102539062,0.002620697021484375,-2.1723320158102766,-41.52252252252252,168.69000921133608,-61.52252252252252,168.69000921133608
new_zealand_alps_2020030300_secondary,new_zealand_alps,secondary,precip_large_zwd,precip,tp_mswep,q850_box_mean_g_per_kg,per-timestep spatial mean,actual_vs_uniform_tp,12,enc_s0_skip,mountain_near,4.855896949768066,4.8546905517578125,4.859974384307861,-0.0012063980102539062,0.004077434539794922,-3.3798418972332014,-41.52252252252252,168.69000921133608,-61.52252252252252,168.69000921133608
new_zealand_alps_2020030300_secondary,new_zealand_alps,secondary,precip_large_zwd,precip,tp_mswep,q850_box_mean_g_per_kg,per-timestep spatial mean,actual_vs_uniform_tp,12,enc_s0_skip,upstream,4.855896949768066,4.8546905517578125,4.85664176940918,-0.0012063980102539062,0.0007448196411132812,-0.6173913043478261,-41.52252252252252,168.69000921133608,-61.52252252252252,168.69000921133608
new_zealand_alps_2020030300_secondary,new_zealand_alps,secondary,precip_large_zwd,precip,tp_mswep,q850_box_mean_g_per_kg,per-timestep spatial mean,actual_vs_uniform_tp,12,enc_s0_skip,hotspot_gaussian,4.855896949768066,4.8546905517578125,4.856436729431152,-0.0012063980102539062,0.0005397796630859375,-0.4474308300395257,-41.52252252252252,168.69000921133608,-61.52252252252252,168.69000921133608
new_zealand_alps_2020030300_secondary,new_zealand_alps,secondary,precip_large_zwd,precip,tp_mswep,q850_box_mean_g_per_kg,per-timestep spatial mean,actual_vs_uniform_tp,12,enc_s0_skip,low_near_gaussian,4.855896949768066,4.8546905517578125,4.85742712020874,-0.0012063980102539062,0.0015301704406738281,-1.2683794466403162,-41.52252252252252,168.69000921133608,-61.52252252252252,168.69000921133608
new_zealand_alps_2020030300_secondary,new_zealand_alps,secondary,precip_large_zwd,precip,tp_mswep,q850_box_mean_g_per_kg,per-timestep spatial mean,actual_vs_uniform_tp,12,enc_s0_skip,remote_control,4.855896949768066,4.8546905517578125,4.858229637145996,-0.0012063980102539062,0.0023326873779296875,-1.933596837944664,-41.52252252252252,168.69000921133608,-61.52252252252252,168.69000921133608
new_zealand_alps_2020030300_secondary,new_zealand_alps,secondary,precip_large_zwd,precip,tp_mswep,q850_box_mean_g_per_kg,per-timestep spatial mean,actual_vs_uniform_tp,12,enc_s1_skip,whole,4.855896949768066,4.8546905517578125,4.855896949768066,-0.0012063980102539062,0.0,-0.0,-41.52252252252252,168.69000921133608,-61.52252252252252,168.69000921133608
new_zealand_alps_2020030300_secondary,new_zealand_alps,secondary,precip_large_zwd,precip,tp_mswep,q850_box_mean_g_per_kg,per-timestep spatial mean,actual_vs_uniform_tp,12,enc_s1_skip,target_box,4.855896949768066,4.8546905517578125,4.855896949768066,-0.0012063980102539062,0.0,-0.0,-41.52252252252252,168.69000921133608,-61.52252252252252,168.69000921133608
new_zealand_alps_2020030300_secondary,new_zealand_alps,secondary,precip_large_zwd,precip,tp_mswep,q850_box_mean_g_per_kg,per-timestep spatial mean,actual_vs_uniform_tp,12,enc_s1_skip,mountain_near,4.855896949768066,4.8546905517578125,4.855896949768066,-0.0012063980102539062,0.0,-0.0,-41.52252252252252,168.69000921133608,-61.52252252252252,168.69000921133608
new_zealand_alps_2020030300_secondary,new_zealand_alps,secondary,precip_large_zwd,precip,tp_mswep,q850_box_mean_g_per_kg,per-timestep spatial mean,actual_vs_uniform_tp,12,enc_s1_skip,upstream,4.855896949768066,4.8546905517578125,4.855896949768066,-0.0012063980102539062,0.0,-0.0,-41.52252252252252,168.69000921133608,-61.52252252252252,168.69000921133608
new_zealand_alps_2020030300_secondary,new_zealand_alps,secondary,precip_large_zwd,precip,tp_mswep,q850_box_mean_g_per_kg,per-timestep spatial mean,actual_vs_uniform_tp,12,enc_s1_skip,hotspot_gaussian,4.855896949768066,4.8546905517578125,4.855896949768066,-0.0012063980102539062,0.0,-0.0,-41.52252252252252,168.69000921133608,-61.52252252252252,168.69000921133608
new_zealand_alps_2020030300_secondary,new_zealand_alps,secondary,precip_large_zwd,precip,tp_mswep,q850_box_mean_g_per_kg,per-timestep spatial mean,actual_vs_uniform_tp,12,enc_s1_skip,low_near_gaussian,4.855896949768066,4.8546905517578125,4.855896949768066,-0.0012063980102539062,0.0,-0.0,-41.52252252252252,168.69000921133608,-61.52252252252252,168.69000921133608
new_zealand_alps_2020030300_secondary,new_zealand_alps,secondary,precip_large_zwd,precip,tp_mswep,q850_box_mean_g_per_kg,per-timestep spatial mean,actual_vs_uniform_tp,12,enc_s1_skip,remote_control,4.855896949768066,4.8546905517578125,4.855896949768066,-0.0012063980102539062,0.0,-0.0,-41.52252252252252,168.69000921133608,-61.52252252252252,168.69000921133608
new_zealand_alps_2020030300_secondary,new_zealand_alps,secondary,precip_large_zwd,precip,tp_mswep,q850_box_mean_g_per_kg,per-timestep spatial mean,actual_vs_uniform_tp,12,enc_s2_bottleneck,whole,4.855896949768066,4.8546905517578125,4.8529839515686035,-0.0012063980102539062,-0.0029129981994628906,2.414624505928854,-41.52252252252252,168.69000921133608,-61.52252252252252,168.69000921133608
new_zealand_alps_2020030300_secondary,new_zealand_alps,secondary,precip_large_zwd,precip,tp_mswep,q850_box_mean_g_per_kg,per-timestep spatial mean,actual_vs_uniform_tp,12,enc_s2_bottleneck,target_box,4.855896949768066,4.8546905517578125,4.8557562828063965,-0.0012063980102539062,-0.00014066696166992188,0.116600790513834,-41.52252252252252,168.69000921133608,-61.52252252252252,168.69000921133608
new_zealand_alps_2020030300_secondary,new_zealand_alps,secondary,precip_large_zwd,precip,tp_mswep,q850_box_mean_g_per_kg,per-timestep spatial mean,actual_vs_uniform_tp,12,enc_s2_bottleneck,mountain_near,4.855896949768066,4.8546905517578125,4.855093479156494,-0.0012063980102539062,-0.0008034706115722656,0.66600790513834,-41.52252252252252,168.69000921133608,-61.52252252252252,168.69000921133608
new_zealand_alps_2020030300_secondary,new_zealand_alps,secondary,precip_large_zwd,precip,tp_mswep,q850_box_mean_g_per_kg,per-timestep spatial mean,actual_vs_uniform_tp,12,enc_s2_bottleneck,upstream,4.855896949768066,4.8546905517578125,4.860906600952148,-0.0012063980102539062,0.005009651184082031,-4.152569169960474,-41.52252252252252,168.69000921133608,-61.52252252252252,168.69000921133608
new_zealand_alps_2020030300_secondary,new_zealand_alps,secondary,precip_large_zwd,precip,tp_mswep,q850_box_mean_g_per_kg,per-timestep spatial mean,actual_vs_uniform_tp,12,enc_s2_bottleneck,hotspot_gaussian,4.855896949768066,4.8546905517578125,4.854818820953369,-0.0012063980102539062,-0.0010781288146972656,0.8936758893280632,-41.52252252252252,168.69000921133608,-61.52252252252252,168.69000921133608
new_zealand_alps_2020030300_secondary,new_zealand_alps,secondary,precip_large_zwd,precip,tp_mswep,q850_box_mean_g_per_kg,per-timestep spatial mean,actual_vs_uniform_tp,12,enc_s2_bottleneck,low_near_gaussian,4.855896949768066,4.8546905517578125,4.8522047996521,-0.0012063980102539062,-0.003692150115966797,3.060474308300395,-41.52252252252252,168.69000921133608,-61.52252252252252,168.69000921133608
new_zealand_alps_2020030300_secondary,new_zealand_alps,secondary,precip_large_zwd,precip,tp_mswep,q850_box_mean_g_per_kg,per-timestep spatial mean,actual_vs_uniform_tp,12,enc_s2_bottleneck,remote_control,4.855896949768066,4.8546905517578125,4.855205535888672,-0.0012063980102539062,-0.0006914138793945312,0.5731225296442688,-41.52252252252252,168.69000921133608,-61.52252252252252,168.69000921133608
new_zealand_alps_2020030300_secondary,new_zealand_alps,secondary,precip_large_zwd,precip,tp_mswep,q850_box_mean_g_per_kg,per-timestep spatial mean,actual_vs_uniform_tp,12,dec_s0_pre_skip,whole,4.855896949768066,4.8546905517578125,4.8529839515686035,-0.0012063980102539062,-0.0029129981994628906,2.414624505928854,-41.52252252252252,168.69000921133608,-61.52252252252252,168.69000921133608
new_zealand_alps_2020030300_secondary,new_zealand_alps,secondary,precip_large_zwd,precip,tp_mswep,q850_box_mean_g_per_kg,per-timestep spatial mean,actual_vs_uniform_tp,12,dec_s0_pre_skip,target_box,4.855896949768066,4.8546905517578125,4.8557562828063965,-0.0012063980102539062,-0.00014066696166992188,0.116600790513834,-41.52252252252252,168.69000921133608,-61.52252252252252,168.69000921133608
new_zealand_alps_2020030300_secondary,new_zealand_alps,secondary,precip_large_zwd,precip,tp_mswep,q850_box_mean_g_per_kg,per-timestep spatial mean,actual_vs_uniform_tp,12,dec_s0_pre_skip,mountain_near,4.855896949768066,4.8546905517578125,4.855093479156494,-0.0012063980102539062,-0.0008034706115722656,0.66600790513834,-41.52252252252252,168.69000921133608,-61.52252252252252,168.69000921133608
new_zealand_alps_2020030300_secondary,new_zealand_alps,secondary,precip_large_zwd,precip,tp_mswep,q850_box_mean_g_per_kg,per-timestep spatial mean,actual_vs_uniform_tp,12,dec_s0_pre_skip,upstream,4.855896949768066,4.8546905517578125,4.860906600952148,-0.0012063980102539062,0.005009651184082031,-4.152569169960474,-41.52252252252252,168.69000921133608,-61.52252252252252,168.69000921133608
new_zealand_alps_2020030300_secondary,new_zealand_alps,secondary,precip_large_zwd,precip,tp_mswep,q850_box_mean_g_per_kg,per-timestep spatial mean,actual_vs_uniform_tp,12,dec_s0_pre_skip,hotspot_gaussian,4.855896949768066,4.8546905517578125,4.854818820953369,-0.0012063980102539062,-0.0010781288146972656,0.8936758893280632,-41.52252252252252,168.69000921133608,-61.52252252252252,168.69000921133608
new_zealand_alps_2020030300_secondary,new_zealand_alps,secondary,precip_large_zwd,precip,tp_mswep,q850_box_mean_g_per_kg,per-timestep spatial mean,actual_vs_uniform_tp,12,dec_s0_pre_skip,low_near_gaussian,4.855896949768066,4.8546905517578125,4.8522047996521,-0.0012063980102539062,-0.003692150115966797,3.060474308300395,-41.52252252252252,168.69000921133608,-61.52252252252252,168.69000921133608
new_zealand_alps_2020030300_secondary,new_zealand_alps,secondary,precip_large_zwd,precip,tp_mswep,q850_box_mean_g_per_kg,per-timestep spatial mean,actual_vs_uniform_tp,12,dec_s0_pre_skip,remote_control,4.855896949768066,4.8546905517578125,4.855205535888672,-0.0012063980102539062,-0.0006914138793945312,0.5731225296442688,-41.52252252252252,168.69000921133608,-61.52252252252252,168.69000921133608
new_zealand_alps_2020030300_secondary,new_zealand_alps,secondary,precip_large_zwd,precip,tp_mswep,q850_box_mean_g_per_kg,per-timestep spatial mean,actual_vs_uniform_tp,12,dec_s1_pre_skip,whole,4.855896949768066,4.8546905517578125,4.853904724121094,-0.0012063980102539062,-0.0019922256469726562,1.6513833992094862,-41.52252252252252,168.69000921133608,-61.52252252252252,168.69000921133608
new_zealand_alps_2020030300_secondary,new_zealand_alps,secondary,precip_large_zwd,precip,tp_mswep,q850_box_mean_g_per_kg,per-timestep spatial mean,actual_vs_uniform_tp,12,dec_s1_pre_skip,target_box,4.855896949768066,4.8546905517578125,4.853584289550781,-0.0012063980102539062,-0.0023126602172851562,1.91699604743083,-41.52252252252252,168.69000921133608,-61.52252252252252,168.69000921133608
new_zealand_alps_2020030300_secondary,new_zealand_alps,secondary,precip_large_zwd,precip,tp_mswep,q850_box_mean_g_per_kg,per-timestep spatial mean,actual_vs_uniform_tp,12,dec_s1_pre_skip,mountain_near,4.855896949768066,4.8546905517578125,4.852798938751221,-0.0012063980102539062,-0.003098011016845703,2.56798418972332,-41.52252252252252,168.69000921133608,-61.52252252252252,168.69000921133608
new_zealand_alps_2020030300_secondary,new_zealand_alps,secondary,precip_large_zwd,precip,tp_mswep,q850_box_mean_g_per_kg,per-timestep spatial mean,actual_vs_uniform_tp,12,dec_s1_pre_skip,upstream,4.855896949768066,4.8546905517578125,4.853577136993408,-0.0012063980102539062,-0.002319812774658203,1.9229249011857708,-41.52252252252252,168.69000921133608,-61.52252252252252,168.69000921133608
new_zealand_alps_2020030300_secondary,new_zealand_alps,secondary,precip_large_zwd,precip,tp_mswep,q850_box_mean_g_per_kg,per-timestep spatial mean,actual_vs_uniform_tp,12,dec_s1_pre_skip,hotspot_gaussian,4.855896949768066,4.8546905517578125,4.854456901550293,-0.0012063980102539062,-0.0014400482177734375,1.1936758893280632,-41.52252252252252,168.69000921133608,-61.52252252252252,168.69000921133608
new_zealand_alps_2020030300_secondary,new_zealand_alps,secondary,precip_large_zwd,precip,tp_mswep,q850_box_mean_g_per_kg,per-timestep spatial mean,actual_vs_uniform_tp,12,dec_s1_pre_skip,low_near_gaussian,4.855896949768066,4.8546905517578125,4.856381416320801,-0.0012063980102539062,0.000484466552734375,-0.4015810276679842,-41.52252252252252,168.69000921133608,-61.52252252252252,168.69000921133608
new_zealand_alps_2020030300_secondary,new_zealand_alps,secondary,precip_large_zwd,precip,tp_mswep,q850_box_mean_g_per_kg,per-timestep spatial mean,actual_vs_uniform_tp,12,dec_s1_pre_skip,remote_control,4.855896949768066,4.8546905517578125,4.855540752410889,-0.0012063980102539062,-0.0003561973571777344,0.29525691699604745,-41.52252252252252,168.69000921133608,-61.52252252252252,168.69000921133608
new_zealand_alps_2020030300_secondary,new_zealand_alps,secondary,precip_large_zwd,precip,tp_mswep,q850_box_mean_g_per_kg,per-timestep spatial mean,actual_vs_uniform_tp,12,dec_s1_post_skip,whole,4.855896949768066,4.8546905517578125,4.851884365081787,-0.0012063980102539062,-0.004012584686279297,3.3260869565217392,-41.52252252252252,168.69000921133608,-61.52252252252252,168.69000921133608
new_zealand_alps_2020030300_secondary,new_zealand_alps,secondary,precip_large_zwd,precip,tp_mswep,q850_box_mean_g_per_kg,per-timestep spatial mean,actual_vs_uniform_tp,12,dec_s1_post_skip,target_box,4.855896949768066,4.8546905517578125,4.855624198913574,-0.0012063980102539062,-0.0002727508544921875,0.22608695652173913,-41.52252252252252,168.69000921133608,-61.52252252252252,168.69000921133608
new_zealand_alps_2020030300_secondary,new_zealand_alps,secondary,precip_large_zwd,precip,tp_mswep,q850_box_mean_g_per_kg,per-timestep spatial mean,actual_vs_uniform_tp,12,dec_s1_post_skip,mountain_near,4.855896949768066,4.8546905517578125,4.8567633628845215,-0.0012063980102539062,0.0008664131164550781,-0.7181818181818181,-41.52252252252252,168.69000921133608,-61.52252252252252,168.69000921133608
new_zealand_alps_2020030300_secondary,new_zealand_alps,secondary,precip_large_zwd,precip,tp_mswep,q850_box_mean_g_per_kg,per-timestep spatial mean,actual_vs_uniform_tp,12,dec_s1_post_skip,upstream,4.855896949768066,4.8546905517578125,4.853009223937988,-0.0012063980102539062,-0.002887725830078125,2.393675889328063,-41.52252252252252,168.69000921133608,-61.52252252252252,168.69000921133608
new_zealand_alps_2020030300_secondary,new_zealand_alps,secondary,precip_large_zwd,precip,tp_mswep,q850_box_mean_g_per_kg,per-timestep spatial mean,actual_vs_uniform_tp,12,dec_s1_post_skip,hotspot_gaussian,4.855896949768066,4.8546905517578125,4.8532867431640625,-0.0012063980102539062,-0.0026102066040039062,2.1636363636363636,-41.52252252252252,168.69000921133608,-61.52252252252252,168.69000921133608
new_zealand_alps_2020030300_secondary,new_zealand_alps,secondary,precip_large_zwd,precip,tp_mswep,q850_box_mean_g_per_kg,per-timestep spatial mean,actual_vs_uniform_tp,12,dec_s1_post_skip,low_near_gaussian,4.855896949768066,4.8546905517578125,4.856437683105469,-0.0012063980102539062,0.0005407333374023438,-0.4482213438735178,-41.52252252252252,168.69000921133608,-61.52252252252252,168.69000921133608
new_zealand_alps_2020030300_secondary,new_zealand_alps,secondary,precip_large_zwd,precip,tp_mswep,q850_box_mean_g_per_kg,per-timestep spatial mean,actual_vs_uniform_tp,12,dec_s1_post_skip,remote_control,4.855896949768066,4.8546905517578125,4.85706901550293,-0.0012063980102539062,0.0011720657348632812,-0.9715415019762846,-41.52252252252252,168.69000921133608,-61.52252252252252,168.69000921133608
new_zealand_alps_2020030300_secondary,new_zealand_alps,secondary,precip_large_zwd,precip,tp_mswep,q850_box_mean_g_per_kg,per-timestep spatial mean,actual_vs_uniform_tp,12,dec_s2_pre_concat,whole,4.855896949768066,4.8546905517578125,4.851884365081787,-0.0012063980102539062,-0.004012584686279297,3.3260869565217392,-41.52252252252252,168.69000921133608,-61.52252252252252,168.69000921133608
new_zealand_alps_2020030300_secondary,new_zealand_alps,secondary,precip_large_zwd,precip,tp_mswep,q850_box_mean_g_per_kg,per-timestep spatial mean,actual_vs_uniform_tp,12,dec_s2_pre_concat,target_box,4.855896949768066,4.8546905517578125,4.855624198913574,-0.0012063980102539062,-0.0002727508544921875,0.22608695652173913,-41.52252252252252,168.69000921133608,-61.52252252252252,168.69000921133608
new_zealand_alps_2020030300_secondary,new_zealand_alps,secondary,precip_large_zwd,precip,tp_mswep,q850_box_mean_g_per_kg,per-timestep spatial mean,actual_vs_uniform_tp,12,dec_s2_pre_concat,mountain_near,4.855896949768066,4.8546905517578125,4.8567633628845215,-0.0012063980102539062,0.0008664131164550781,-0.7181818181818181,-41.52252252252252,168.69000921133608,-61.52252252252252,168.69000921133608
new_zealand_alps_2020030300_secondary,new_zealand_alps,secondary,precip_large_zwd,precip,tp_mswep,q850_box_mean_g_per_kg,per-timestep spatial mean,actual_vs_uniform_tp,12,dec_s2_pre_concat,upstream,4.855896949768066,4.8546905517578125,4.853009223937988,-0.0012063980102539062,-0.002887725830078125,2.393675889328063,-41.52252252252252,168.69000921133608,-61.52252252252252,168.69000921133608
new_zealand_alps_2020030300_secondary,new_zealand_alps,secondary,precip_large_zwd,precip,tp_mswep,q850_box_mean_g_per_kg,per-timestep spatial mean,actual_vs_uniform_tp,12,dec_s2_pre_concat,hotspot_gaussian,4.855896949768066,4.8546905517578125,4.8532867431640625,-0.0012063980102539062,-0.0026102066040039062,2.1636363636363636,-41.52252252252252,168.69000921133608,-61.52252252252252,168.69000921133608
new_zealand_alps_2020030300_secondary,new_zealand_alps,secondary,precip_large_zwd,precip,tp_mswep,q850_box_mean_g_per_kg,per-timestep spatial mean,actual_vs_uniform_tp,12,dec_s2_pre_concat,low_near_gaussian,4.855896949768066,4.8546905517578125,4.856437683105469,-0.0012063980102539062,0.0005407333374023438,-0.4482213438735178,-41.52252252252252,168.69000921133608,-61.52252252252252,168.69000921133608
new_zealand_alps_2020030300_secondary,new_zealand_alps,secondary,precip_large_zwd,precip,tp_mswep,q850_box_mean_g_per_kg,per-timestep spatial mean,actual_vs_uniform_tp,12,dec_s2_pre_concat,remote_control,4.855896949768066,4.8546905517578125,4.85706901550293,-0.0012063980102539062,0.0011720657348632812,-0.9715415019762846,-41.52252252252252,168.69000921133608,-61.52252252252252,168.69000921133608
new_zealand_alps_2020030300_secondary,new_zealand_alps,secondary,precip_large_zwd,precip,tp_mswep,q850_box_mean_g_per_kg,per-timestep spatial mean,actual_vs_uniform_tp,12,dec_s2_post_concat,whole,4.855896949768066,4.8546905517578125,4.853943347930908,-0.0012063980102539062,-0.001953601837158203,1.6193675889328063,-41.52252252252252,168.69000921133608,-61.52252252252252,168.69000921133608
new_zealand_alps_2020030300_secondary,new_zealand_alps,secondary,precip_large_zwd,precip,tp_mswep,q850_box_mean_g_per_kg,per-timestep spatial mean,actual_vs_uniform_tp,12,dec_s2_post_concat,target_box,4.855896949768066,4.8546905517578125,4.855240345001221,-0.0012063980102539062,-0.0006566047668457031,0.5442687747035573,-41.52252252252252,168.69000921133608,-61.52252252252252,168.69000921133608
new_zealand_alps_2020030300_secondary,new_zealand_alps,secondary,precip_large_zwd,precip,tp_mswep,q850_box_mean_g_per_kg,per-timestep spatial mean,actual_vs_uniform_tp,12,dec_s2_post_concat,mountain_near,4.855896949768066,4.8546905517578125,4.861900806427002,-0.0012063980102539062,0.006003856658935547,-4.976679841897234,-41.52252252252252,168.69000921133608,-61.52252252252252,168.69000921133608
new_zealand_alps_2020030300_secondary,new_zealand_alps,secondary,precip_large_zwd,precip,tp_mswep,q850_box_mean_g_per_kg,per-timestep spatial mean,actual_vs_uniform_tp,12,dec_s2_post_concat,upstream,4.855896949768066,4.8546905517578125,4.856805324554443,-0.0012063980102539062,0.0009083747863769531,-0.7529644268774703,-41.52252252252252,168.69000921133608,-61.52252252252252,168.69000921133608
new_zealand_alps_2020030300_secondary,new_zealand_alps,secondary,precip_large_zwd,precip,tp_mswep,q850_box_mean_g_per_kg,per-timestep spatial mean,actual_vs_uniform_tp,12,dec_s2_post_concat,hotspot_gaussian,4.855896949768066,4.8546905517578125,4.854733467102051,-0.0012063980102539062,-0.001163482666015625,0.9644268774703557,-41.52252252252252,168.69000921133608,-61.52252252252252,168.69000921133608
new_zealand_alps_2020030300_secondary,new_zealand_alps,secondary,precip_large_zwd,precip,tp_mswep,q850_box_mean_g_per_kg,per-timestep spatial mean,actual_vs_uniform_tp,12,dec_s2_post_concat,low_near_gaussian,4.855896949768066,4.8546905517578125,4.860402584075928,-0.0012063980102539062,0.004505634307861328,-3.734782608695652,-41.52252252252252,168.69000921133608,-61.52252252252252,168.69000921133608
new_zealand_alps_2020030300_secondary,new_zealand_alps,secondary,precip_large_zwd,precip,tp_mswep,q850_box_mean_g_per_kg,per-timestep spatial mean,actual_vs_uniform_tp,12,dec_s2_post_concat,remote_control,4.855896949768066,4.8546905517578125,4.854237079620361,-0.0012063980102539062,-0.0016598701477050781,1.3758893280632412,-41.52252252252252,168.69000921133608,-61.52252252252252,168.69000921133608
new_zealand_alps_2020030300_secondary,new_zealand_alps,secondary,precip_large_zwd,precip,tp_mswep,q850_box_mean_g_per_kg,per-timestep spatial mean,actual_vs_uniform_tp,24,enc_s0_skip,whole,3.1958823204040527,3.196725606918335,3.1971776485443115,0.0008432865142822266,0.001295328140258789,1.5360474978795589,-41.52252252252252,168.69000921133608,-61.52252252252252,168.69000921133608
new_zealand_alps_2020030300_secondary,new_zealand_alps,secondary,precip_large_zwd,precip,tp_mswep,q850_box_mean_g_per_kg,per-timestep spatial mean,actual_vs_uniform_tp,24,enc_s0_skip,target_box,3.1958823204040527,3.196725606918335,3.1969127655029297,0.0008432865142822266,0.0010304450988769531,1.221939496748657,-41.52252252252252,168.69000921133608,-61.52252252252252,168.69000921133608
new_zealand_alps_2020030300_secondary,new_zealand_alps,secondary,precip_large_zwd,precip,tp_mswep,q850_box_mean_g_per_kg,per-timestep spatial mean,actual_vs_uniform_tp,24,enc_s0_skip,mountain_near,3.1958823204040527,3.196725606918335,3.196138620376587,0.0008432865142822266,0.0002562999725341797,0.30392988408255583,-41.52252252252252,168.69000921133608,-61.52252252252252,168.69000921133608
new_zealand_alps_2020030300_secondary,new_zealand_alps,secondary,precip_large_zwd,precip,tp_mswep,q850_box_mean_g_per_kg,per-timestep spatial mean,actual_vs_uniform_tp,24,enc_s0_skip,upstream,3.1958823204040527,3.196725606918335,3.196551561355591,0.0008432865142822266,0.0006692409515380859,0.7936104042974272,-41.52252252252252,168.69000921133608,-61.52252252252252,168.69000921133608
new_zealand_alps_2020030300_secondary,new_zealand_alps,secondary,precip_large_zwd,precip,tp_mswep,q850_box_mean_g_per_kg,per-timestep spatial mean,actual_vs_uniform_tp,24,enc_s0_skip,hotspot_gaussian,3.1958823204040527,3.196725606918335,3.19340443611145,0.0008432865142822266,-0.002477884292602539,-2.9383658467627933,-41.52252252252252,168.69000921133608,-61.52252252252252,168.69000921133608
new_zealand_alps_2020030300_secondary,new_zealand_alps,secondary,precip_large_zwd,precip,tp_mswep,q850_box_mean_g_per_kg,per-timestep spatial mean,actual_vs_uniform_tp,24,enc_s0_skip,low_near_gaussian,3.1958823204040527,3.196725606918335,3.194126844406128,0.0008432865142822266,-0.0017554759979248047,-2.0817076618603334,-41.52252252252252,168.69000921133608,-61.52252252252252,168.69000921133608
new_zealand_alps_2020030300_secondary,new_zealand_alps,secondary,precip_large_zwd,precip,tp_mswep,q850_box_mean_g_per_kg,per-timestep spatial mean,actual_vs_uniform_tp,24,enc_s0_skip,remote_control,3.1958823204040527,3.196725606918335,3.1962056159973145,0.0008432865142822266,0.00032329559326171875,0.3833757421543681,-41.52252252252252,168.69000921133608,-61.52252252252252,168.69000921133608
new_zealand_alps_2020030300_secondary,new_zealand_alps,secondary,precip_large_zwd,precip,tp_mswep,q850_box_mean_g_per_kg,per-timestep spatial mean,actual_vs_uniform_tp,24,enc_s1_skip,whole,3.1958823204040527,3.196725606918335,3.1958823204040527,0.0008432865142822266,0.0,0.0,-41.52252252252252,168.69000921133608,-61.52252252252252,168.69000921133608
new_zealand_alps_2020030300_secondary,new_zealand_alps,secondary,precip_large_zwd,precip,tp_mswep,q850_box_mean_g_per_kg,per-timestep spatial mean,actual_vs_uniform_tp,24,enc_s1_skip,target_box,3.1958823204040527,3.196725606918335,3.1958823204040527,0.0008432865142822266,0.0,0.0,-41.52252252252252,168.69000921133608,-61.52252252252252,168.69000921133608
new_zealand_alps_2020030300_secondary,new_zealand_alps,secondary,precip_large_zwd,precip,tp_mswep,q850_box_mean_g_per_kg,per-timestep spatial mean,actual_vs_uniform_tp,24,enc_s1_skip,mountain_near,3.1958823204040527,3.196725606918335,3.1958823204040527,0.0008432865142822266,0.0,0.0,-41.52252252252252,168.69000921133608,-61.52252252252252,168.69000921133608
new_zealand_alps_2020030300_secondary,new_zealand_alps,secondary,precip_large_zwd,precip,tp_mswep,q850_box_mean_g_per_kg,per-timestep spatial mean,actual_vs_uniform_tp,24,enc_s1_skip,upstream,3.1958823204040527,3.196725606918335,3.1958823204040527,0.0008432865142822266,0.0,0.0,-41.52252252252252,168.69000921133608,-61.52252252252252,168.69000921133608
new_zealand_alps_2020030300_secondary,new_zealand_alps,secondary,precip_large_zwd,precip,tp_mswep,q850_box_mean_g_per_kg,per-timestep spatial mean,actual_vs_uniform_tp,24,enc_s1_skip,hotspot_gaussian,3.1958823204040527,3.196725606918335,3.1958823204040527,0.0008432865142822266,0.0,0.0,-41.52252252252252,168.69000921133608,-61.52252252252252,168.69000921133608
new_zealand_alps_2020030300_secondary,new_zealand_alps,secondary,precip_large_zwd,precip,tp_mswep,q850_box_mean_g_per_kg,per-timestep spatial mean,actual_vs_uniform_tp,24,enc_s1_skip,low_near_gaussian,3.1958823204040527,3.196725606918335,3.1958823204040527,0.0008432865142822266,0.0,0.0,-41.52252252252252,168.69000921133608,-61.52252252252252,168.69000921133608
new_zealand_alps_2020030300_secondary,new_zealand_alps,secondary,precip_large_zwd,precip,tp_mswep,q850_box_mean_g_per_kg,per-timestep spatial mean,actual_vs_uniform_tp,24,enc_s1_skip,remote_control,3.1958823204040527,3.196725606918335,3.1958823204040527,0.0008432865142822266,0.0,0.0,-41.52252252252252,168.69000921133608,-61.52252252252252,168.69000921133608
new_zealand_alps_2020030300_secondary,new_zealand_alps,secondary,precip_large_zwd,precip,tp_mswep,q850_box_mean_g_per_kg,per-timestep spatial mean,actual_vs_uniform_tp,24,enc_s2_bottleneck,whole,3.1958823204040527,3.196725606918335,3.1970043182373047,0.0008432865142822266,0.0011219978332519531,1.3305060785976817,-41.52252252252252,168.69000921133608,-61.52252252252252,168.69000921133608
new_zealand_alps_2020030300_secondary,new_zealand_alps,secondary,precip_large_zwd,precip,tp_mswep,q850_box_mean_g_per_kg,per-timestep spatial mean,actual_vs_uniform_tp,24,enc_s2_bottleneck,target_box,3.1958823204040527,3.196725606918335,3.19307804107666,0.0008432865142822266,-0.002804279327392578,-3.3254170200735085,-41.52252252252252,168.69000921133608,-61.52252252252252,168.69000921133608
new_zealand_alps_2020030300_secondary,new_zealand_alps,secondary,precip_large_zwd,precip,tp_mswep,q850_box_mean_g_per_kg,per-timestep spatial mean,actual_vs_uniform_tp,24,enc_s2_bottleneck,mountain_near,3.1958823204040527,3.196725606918335,3.1960463523864746,0.0008432865142822266,0.000164031982421875,0.19451512581283573,-41.52252252252252,168.69000921133608,-61.52252252252252,168.69000921133608
new_zealand_alps_2020030300_secondary,new_zealand_alps,secondary,precip_large_zwd,precip,tp_mswep,q850_box_mean_g_per_kg,per-timestep spatial mean,actual_vs_uniform_tp,24,enc_s2_bottleneck,upstream,3.1958823204040527,3.196725606918335,3.198909044265747,0.0008432865142822266,0.003026723861694336,3.5891998869098107,-41.52252252252252,168.69000921133608,-61.52252252252252,168.69000921133608
new_zealand_alps_2020030300_secondary,new_zealand_alps,secondary,precip_large_zwd,precip,tp_mswep,q850_box_mean_g_per_kg,per-timestep spatial mean,actual_vs_uniform_tp,24,enc_s2_bottleneck,hotspot_gaussian,3.1958823204040527,3.196725606918335,3.1972250938415527,0.0008432865142822266,0.0013427734375,1.5923098671190274,-41.52252252252252,168.69000921133608,-61.52252252252252,168.69000921133608
new_zealand_alps_2020030300_secondary,new_zealand_alps,secondary,precip_large_zwd,precip,tp_mswep,q850_box_mean_g_per_kg,per-timestep spatial mean,actual_vs_uniform_tp,24,enc_s2_bottleneck,low_near_gaussian,3.1958823204040527,3.196725606918335,3.196103096008301,0.0008432865142822266,0.00022077560424804688,0.2618037885213458,-41.52252252252252,168.69000921133608,-61.52252252252252,168.69000921133608
new_zealand_alps_2020030300_secondary,new_zealand_alps,secondary,precip_large_zwd,precip,tp_mswep,q850_box_mean_g_per_kg,per-timestep spatial mean,actual_vs_uniform_tp,24,enc_s2_bottleneck,remote_control,3.1958823204040527,3.196725606918335,3.1980884075164795,0.0008432865142822266,0.002206087112426758,2.6160588068985016,-41.52252252252252,168.69000921133608,-61.52252252252252,168.69000921133608
new_zealand_alps_2020030300_secondary,new_zealand_alps,secondary,precip_large_zwd,precip,tp_mswep,q850_box_mean_g_per_kg,per-timestep spatial mean,actual_vs_uniform_tp,24,dec_s0_pre_skip,whole,3.1958823204040527,3.196725606918335,3.1970043182373047,0.0008432865142822266,0.0011219978332519531,1.3305060785976817,-41.52252252252252,168.69000921133608,-61.52252252252252,168.69000921133608
new_zealand_alps_2020030300_secondary,new_zealand_alps,secondary,precip_large_zwd,precip,tp_mswep,q850_box_mean_g_per_kg,per-timestep spatial mean,actual_vs_uniform_tp,24,dec_s0_pre_skip,target_box,3.1958823204040527,3.196725606918335,3.19307804107666,0.0008432865142822266,-0.002804279327392578,-3.3254170200735085,-41.52252252252252,168.69000921133608,-61.52252252252252,168.69000921133608
new_zealand_alps_2020030300_secondary,new_zealand_alps,secondary,precip_large_zwd,precip,tp_mswep,q850_box_mean_g_per_kg,per-timestep spatial mean,actual_vs_uniform_tp,24,dec_s0_pre_skip,mountain_near,3.1958823204040527,3.196725606918335,3.1960463523864746,0.0008432865142822266,0.000164031982421875,0.19451512581283573,-41.52252252252252,168.69000921133608,-61.52252252252252,168.69000921133608
new_zealand_alps_2020030300_secondary,new_zealand_alps,secondary,precip_large_zwd,precip,tp_mswep,q850_box_mean_g_per_kg,per-timestep spatial mean,actual_vs_uniform_tp,24,dec_s0_pre_skip,upstream,3.1958823204040527,3.196725606918335,3.198909044265747,0.0008432865142822266,0.003026723861694336,3.5891998869098107,-41.52252252252252,168.69000921133608,-61.52252252252252,168.69000921133608
new_zealand_alps_2020030300_secondary,new_zealand_alps,secondary,precip_large_zwd,precip,tp_mswep,q850_box_mean_g_per_kg,per-timestep spatial mean,actual_vs_uniform_tp,24,dec_s0_pre_skip,hotspot_gaussian,3.1958823204040527,3.196725606918335,3.1972250938415527,0.0008432865142822266,0.0013427734375,1.5923098671190274,-41.52252252252252,168.69000921133608,-61.52252252252252,168.69000921133608
new_zealand_alps_2020030300_secondary,new_zealand_alps,secondary,precip_large_zwd,precip,tp_mswep,q850_box_mean_g_per_kg,per-timestep spatial mean,actual_vs_uniform_tp,24,dec_s0_pre_skip,low_near_gaussian,3.1958823204040527,3.196725606918335,3.196103096008301,0.0008432865142822266,0.00022077560424804688,0.2618037885213458,-41.52252252252252,168.69000921133608,-61.52252252252252,168.69000921133608
new_zealand_alps_2020030300_secondary,new_zealand_alps,secondary,precip_large_zwd,precip,tp_mswep,q850_box_mean_g_per_kg,per-timestep spatial mean,actual_vs_uniform_tp,24,dec_s0_pre_skip,remote_control,3.1958823204040527,3.196725606918335,3.1980884075164795,0.0008432865142822266,0.002206087112426758,2.6160588068985016,-41.52252252252252,168.69000921133608,-61.52252252252252,168.69000921133608
new_zealand_alps_2020030300_secondary,new_zealand_alps,secondary,precip_large_zwd,precip,tp_mswep,q850_box_mean_g_per_kg,per-timestep spatial mean,actual_vs_uniform_tp,24,dec_s1_pre_skip,whole,3.1958823204040527,3.196725606918335,3.197694778442383,0.0008432865142822266,0.0018124580383300781,2.149279050042409,-41.52252252252252,168.69000921133608,-61.52252252252252,168.69000921133608
new_zealand_alps_2020030300_secondary,new_zealand_alps,secondary,precip_large_zwd,precip,tp_mswep,q850_box_mean_g_per_kg,per-timestep spatial mean,actual_vs_uniform_tp,24,dec_s1_pre_skip,target_box,3.1958823204040527,3.196725606918335,3.1973044872283936,0.0008432865142822266,0.0014221668243408203,1.6864574498162284,-41.52252252252252,168.69000921133608,-61.52252252252252,168.69000921133608
new_zealand_alps_2020030300_secondary,new_zealand_alps,secondary,precip_large_zwd,precip,tp_mswep,q850_box_mean_g_per_kg,per-timestep spatial mean,actual_vs_uniform_tp,24,dec_s1_pre_skip,mountain_near,3.1958823204040527,3.196725606918335,3.195960283279419,0.0008432865142822266,7.796287536621094e-05,0.09245122985581,-41.52252252252252,168.69000921133608,-61.52252252252252,168.69000921133608
new_zealand_alps_2020030300_secondary,new_zealand_alps,secondary,precip_large_zwd,precip,tp_mswep,q850_box_mean_g_per_kg,per-timestep spatial mean,actual_vs_uniform_tp,24,dec_s1_pre_skip,upstream,3.1958823204040527,3.196725606918335,3.1966776847839355,0.0008432865142822266,0.0007953643798828125,0.9431721798134012,-41.52252252252252,168.69000921133608,-61.52252252252252,168.69000921133608
new_zealand_alps_2020030300_secondary,new_zealand_alps,secondary,precip_large_zwd,precip,tp_mswep,q850_box_mean_g_per_kg,per-timestep spatial mean,actual_vs_uniform_tp,24,dec_s1_pre_skip,hotspot_gaussian,3.1958823204040527,3.196725606918335,3.1962697505950928,0.0008432865142822266,0.00038743019104003906,0.45942889454339836,-41.52252252252252,168.69000921133608,-61.52252252252252,168.69000921133608
new_zealand_alps_2020030300_secondary,new_zealand_alps,secondary,precip_large_zwd,precip,tp_mswep,q850_box_mean_g_per_kg,per-timestep spatial mean,actual_vs_uniform_tp,24,dec_s1_pre_skip,low_near_gaussian,3.1958823204040527,3.196725606918335,3.197758674621582,0.0008432865142822266,0.0018763542175292969,2.225049476957874,-41.52252252252252,168.69000921133608,-61.52252252252252,168.69000921133608
new_zealand_alps_2020030300_secondary,new_zealand_alps,secondary,precip_large_zwd,precip,tp_mswep,q850_box_mean_g_per_kg,per-timestep spatial mean,actual_vs_uniform_tp,24,dec_s1_pre_skip,remote_control,3.1958823204040527,3.196725606918335,3.197131633758545,0.0008432865142822266,0.0012493133544921875,1.4814814814814814,-41.52252252252252,168.69000921133608,-61.52252252252252,168.69000921133608
new_zealand_alps_2020030300_secondary,new_zealand_alps,secondary,precip_large_zwd,precip,tp_mswep,q850_box_mean_g_per_kg,per-timestep spatial mean,actual_vs_uniform_tp,24,dec_s1_post_skip,whole,3.1958823204040527,3.196725606918335,3.1939961910247803,0.0008432865142822266,-0.001886129379272461,-2.236641221374046,-41.52252252252252,168.69000921133608,-61.52252252252252,168.69000921133608
new_zealand_alps_2020030300_secondary,new_zealand_alps,secondary,precip_large_zwd,precip,tp_mswep,q850_box_mean_g_per_kg,per-timestep spatial mean,actual_vs_uniform_tp,24,dec_s1_post_skip,target_box,3.1958823204040527,3.196725606918335,3.1933672428131104,0.0008432865142822266,-0.002515077590942383,-2.9824710206389597,-41.52252252252252,168.69000921133608,-61.52252252252252,168.69000921133608
new_zealand_alps_2020030300_secondary,new_zealand_alps,secondary,precip_large_zwd,precip,tp_mswep,q850_box_mean_g_per_kg,per-timestep spatial mean,actual_vs_uniform_tp,24,dec_s1_post_skip,mountain_near,3.1958823204040527,3.196725606918335,3.1970267295837402,0.0008432865142822266,0.0011444091796875,1.3570822731128074,-41.52252252252252,168.69000921133608,-61.52252252252252,168.69000921133608
new_zealand_alps_2020030300_secondary,new_zealand_alps,secondary,precip_large_zwd,precip,tp_mswep,q850_box_mean_g_per_kg,per-timestep spatial mean,actual_vs_uniform_tp,24,dec_s1_post_skip,upstream,3.1958823204040527,3.196725606918335,3.194733142852783,0.0008432865142822266,-0.0011491775512695312,-1.3627367825841108,-41.52252252252252,168.69000921133608,-61.52252252252252,168.69000921133608
new_zealand_alps_2020030300_secondary,new_zealand_alps,secondary,precip_large_zwd,precip,tp_mswep,q850_box_mean_g_per_kg,per-timestep spatial mean,actual_vs_uniform_tp,24,dec_s1_post_skip,hotspot_gaussian,3.1958823204040527,3.196725606918335,3.19572377204895,0.0008432865142822266,-0.00015854835510253906,-0.18801243992083685,-41.52252252252252,168.69000921133608,-61.52252252252252,168.69000921133608
new_zealand_alps_2020030300_secondary,new_zealand_alps,secondary,precip_large_zwd,precip,tp_mswep,q850_box_mean_g_per_kg,per-timestep spatial mean,actual_vs_uniform_tp,24,dec_s1_post_skip,low_near_gaussian,3.1958823204040527,3.196725606918335,3.193828582763672,0.0008432865142822266,-0.0020537376403808594,-2.435397229290359,-41.52252252252252,168.69000921133608,-61.52252252252252,168.69000921133608
new_zealand_alps_2020030300_secondary,new_zealand_alps,secondary,precip_large_zwd,precip,tp_mswep,q850_box_mean_g_per_kg,per-timestep spatial mean,actual_vs_uniform_tp,24,dec_s1_post_skip,remote_control,3.1958823204040527,3.196725606918335,3.195322036743164,0.0008432865142822266,-0.0005602836608886719,-0.6644048628781454,-41.52252252252252,168.69000921133608,-61.52252252252252,168.69000921133608
new_zealand_alps_2020030300_secondary,new_zealand_alps,secondary,precip_large_zwd,precip,tp_mswep,q850_box_mean_g_per_kg,per-timestep spatial mean,actual_vs_uniform_tp,24,dec_s2_pre_concat,whole,3.1958823204040527,3.196725606918335,3.1939961910247803,0.0008432865142822266,-0.001886129379272461,-2.236641221374046,-41.52252252252252,168.69000921133608,-61.52252252252252,168.69000921133608
new_zealand_alps_2020030300_secondary,new_zealand_alps,secondary,precip_large_zwd,precip,tp_mswep,q850_box_mean_g_per_kg,per-timestep spatial mean,actual_vs_uniform_tp,24,dec_s2_pre_concat,target_box,3.1958823204040527,3.196725606918335,3.1933672428131104,0.0008432865142822266,-0.002515077590942383,-2.9824710206389597,-41.52252252252252,168.69000921133608,-61.52252252252252,168.69000921133608
new_zealand_alps_2020030300_secondary,new_zealand_alps,secondary,precip_large_zwd,precip,tp_mswep,q850_box_mean_g_per_kg,per-timestep spatial mean,actual_vs_uniform_tp,24,dec_s2_pre_concat,mountain_near,3.1958823204040527,3.196725606918335,3.1970267295837402,0.0008432865142822266,0.0011444091796875,1.3570822731128074,-41.52252252252252,168.69000921133608,-61.52252252252252,168.69000921133608
new_zealand_alps_2020030300_secondary,new_zealand_alps,secondary,precip_large_zwd,precip,tp_mswep,q850_box_mean_g_per_kg,per-timestep spatial mean,actual_vs_uniform_tp,24,dec_s2_pre_concat,upstream,3.1958823204040527,3.196725606918335,3.194733142852783,0.0008432865142822266,-0.0011491775512695312,-1.3627367825841108,-41.52252252252252,168.69000921133608,-61.52252252252252,168.69000921133608
new_zealand_alps_2020030300_secondary,new_zealand_alps,secondary,precip_large_zwd,precip,tp_mswep,q850_box_mean_g_per_kg,per-timestep spatial mean,actual_vs_uniform_tp,24,dec_s2_pre_concat,hotspot_gaussian,3.1958823204040527,3.196725606918335,3.19572377204895,0.0008432865142822266,-0.00015854835510253906,-0.18801243992083685,-41.52252252252252,168.69000921133608,-61.52252252252252,168.69000921133608
new_zealand_alps_2020030300_secondary,new_zealand_alps,secondary,precip_large_zwd,precip,tp_mswep,q850_box_mean_g_per_kg,per-timestep spatial mean,actual_vs_uniform_tp,24,dec_s2_pre_concat,low_near_gaussian,3.1958823204040527,3.196725606918335,3.193828582763672,0.0008432865142822266,-0.0020537376403808594,-2.435397229290359,-41.52252252252252,168.69000921133608,-61.52252252252252,168.69000921133608
new_zealand_alps_2020030300_secondary,new_zealand_alps,secondary,precip_large_zwd,precip,tp_mswep,q850_box_mean_g_per_kg,per-timestep spatial mean,actual_vs_uniform_tp,24,dec_s2_pre_concat,remote_control,3.1958823204040527,3.196725606918335,3.195322036743164,0.0008432865142822266,-0.0005602836608886719,-0.6644048628781454,-41.52252252252252,168.69000921133608,-61.52252252252252,168.69000921133608
new_zealand_alps_2020030300_secondary,new_zealand_alps,secondary,precip_large_zwd,precip,tp_mswep,q850_box_mean_g_per_kg,per-timestep spatial mean,actual_vs_uniform_tp,24,dec_s2_post_concat,whole,3.1958823204040527,3.196725606918335,3.1977951526641846,0.0008432865142822266,0.001912832260131836,2.2683064744133445,-41.52252252252252,168.69000921133608,-61.52252252252252,168.69000921133608
new_zealand_alps_2020030300_secondary,new_zealand_alps,secondary,precip_large_zwd,precip,tp_mswep,q850_box_mean_g_per_kg,per-timestep spatial mean,actual_vs_uniform_tp,24,dec_s2_post_concat,target_box,3.1958823204040527,3.196725606918335,3.1957051753997803,0.0008432865142822266,-0.00017714500427246094,-0.21006502685891998,-41.52252252252252,168.69000921133608,-61.52252252252252,168.69000921133608
new_zealand_alps_2020030300_secondary,new_zealand_alps,secondary,precip_large_zwd,precip,tp_mswep,q850_box_mean_g_per_kg,per-timestep spatial mean,actual_vs_uniform_tp,24,dec_s2_post_concat,mountain_near,3.1958823204040527,3.196725606918335,3.1967780590057373,0.0008432865142822266,0.0008957386016845703,1.062199604184337,-41.52252252252252,168.69000921133608,-61.52252252252252,168.69000921133608
new_zealand_alps_2020030300_secondary,new_zealand_alps,secondary,precip_large_zwd,precip,tp_mswep,q850_box_mean_g_per_kg,per-timestep spatial mean,actual_vs_uniform_tp,24,dec_s2_post_concat,upstream,3.1958823204040527,3.196725606918335,3.1972360610961914,0.0008432865142822266,0.0013537406921386719,1.6053152389030252,-41.52252252252252,168.69000921133608,-61.52252252252252,168.69000921133608
new_zealand_alps_2020030300_secondary,new_zealand_alps,secondary,precip_large_zwd,precip,tp_mswep,q850_box_mean_g_per_kg,per-timestep spatial mean,actual_vs_uniform_tp,24,dec_s2_post_concat,hotspot_gaussian,3.1958823204040527,3.196725606918335,3.1968204975128174,0.0008432865142822266,0.0009381771087646484,1.112524738478937,-41.52252252252252,168.69000921133608,-61.52252252252252,168.69000921133608
new_zealand_alps_2020030300_secondary,new_zealand_alps,secondary,precip_large_zwd,precip,tp_mswep,q850_box_mean_g_per_kg,per-timestep spatial mean,actual_vs_uniform_tp,24,dec_s2_post_concat,low_near_gaussian,3.1958823204040527,3.196725606918335,3.196211576461792,0.0008432865142822266,0.0003292560577392578,0.3904438789934973,-41.52252252252252,168.69000921133608,-61.52252252252252,168.69000921133608
new_zealand_alps_2020030300_secondary,new_zealand_alps,secondary,precip_large_zwd,precip,tp_mswep,q850_box_mean_g_per_kg,per-timestep spatial mean,actual_vs_uniform_tp,24,dec_s2_post_concat,remote_control,3.1958823204040527,3.196725606918335,3.1940178871154785,0.0008432865142822266,-0.0018644332885742188,-2.2109132032796155,-41.52252252252252,168.69000921133608,-61.52252252252252,168.69000921133608
japan_2020021612_strong,japan,strong,precip_large_zwd,precip,tp_mswep,q850_box_mean_g_per_kg,per-timestep spatial mean,actual_vs_uniform_tp,6,enc_s0_skip,whole,6.06227445602417,6.06155252456665,6.0623860359191895,-0.0007219314575195312,0.00011157989501953125,-0.154557463672391,32.97747747747748,136.08497947810284,52.97747747747748,141.08497947810284
japan_2020021612_strong,japan,strong,precip_large_zwd,precip,tp_mswep,q850_box_mean_g_per_kg,per-timestep spatial mean,actual_vs_uniform_tp,6,enc_s0_skip,target_box,6.06227445602417,6.06155252456665,6.061806678771973,-0.0007219314575195312,-0.0004677772521972656,0.6479524438573315,32.97747747747748,136.08497947810284,52.97747747747748,141.08497947810284
japan_2020021612_strong,japan,strong,precip_large_zwd,precip,tp_mswep,q850_box_mean_g_per_kg,per-timestep spatial mean,actual_vs_uniform_tp,6,enc_s0_skip,mountain_near,6.06227445602417,6.06155252456665,6.062880039215088,-0.0007219314575195312,0.0006055831909179688,-0.8388375165125496,32.97747747747748,136.08497947810284,52.97747747747748,141.08497947810284
japan_2020021612_strong,japan,strong,precip_large_zwd,precip,tp_mswep,q850_box_mean_g_per_kg,per-timestep spatial mean,actual_vs_uniform_tp,6,enc_s0_skip,upstream,6.06227445602417,6.06155252456665,6.061959266662598,-0.0007219314575195312,-0.0003151893615722656,0.43659180977542933,32.97747747747748,136.08497947810284,52.97747747747748,141.08497947810284
japan_2020021612_strong,japan,strong,precip_large_zwd,precip,tp_mswep,q850_box_mean_g_per_kg,per-timestep spatial mean,actual_vs_uniform_tp,6,enc_s0_skip,hotspot_gaussian,6.06227445602417,6.06155252456665,6.062014102935791,-0.0007219314575195312,-0.00026035308837890625,0.3606340819022457,32.97747747747748,136.08497947810284,52.97747747747748,141.08497947810284
japan_2020021612_strong,japan,strong,precip_large_zwd,precip,tp_mswep,q850_box_mean_g_per_kg,per-timestep spatial mean,actual_vs_uniform_tp,6,enc_s0_skip,low_near_gaussian,6.06227445602417,6.06155252456665,6.062312126159668,-0.0007219314575195312,3.7670135498046875e-05,-0.05217965653896962,32.97747747747748,136.08497947810284,52.97747747747748,141.08497947810284
japan_2020021612_strong,japan,strong,precip_large_zwd,precip,tp_mswep,q850_box_mean_g_per_kg,per-timestep spatial mean,actual_vs_uniform_tp,6,enc_s0_skip,remote_control,6.06227445602417,6.06155252456665,6.062524318695068,-0.0007219314575195312,0.0002498626708984375,-0.34610303830911493,32.97747747747748,136.08497947810284,52.97747747747748,141.08497947810284
japan_2020021612_strong,japan,strong,precip_large_zwd,precip,tp_mswep,q850_box_mean_g_per_kg,per-timestep spatial mean,actual_vs_uniform_tp,6,enc_s1_skip,whole,6.06227445602417,6.06155252456665,6.06227445602417,-0.0007219314575195312,0.0,-0.0,32.97747747747748,136.08497947810284,52.97747747747748,141.08497947810284
japan_2020021612_strong,japan,strong,precip_large_zwd,precip,tp_mswep,q850_box_mean_g_per_kg,per-timestep spatial mean,actual_vs_uniform_tp,6,enc_s1_skip,target_box,6.06227445602417,6.06155252456665,6.06227445602417,-0.0007219314575195312,0.0,-0.0,32.97747747747748,136.08497947810284,52.97747747747748,141.08497947810284
japan_2020021612_strong,japan,strong,precip_large_zwd,precip,tp_mswep,q850_box_mean_g_per_kg,per-timestep spatial mean,actual_vs_uniform_tp,6,enc_s1_skip,mountain_near,6.06227445602417,6.06155252456665,6.06227445602417,-0.0007219314575195312,0.0,-0.0,32.97747747747748,136.08497947810284,52.97747747747748,141.08497947810284
japan_2020021612_strong,japan,strong,precip_large_zwd,precip,tp_mswep,q850_box_mean_g_per_kg,per-timestep spatial mean,actual_vs_uniform_tp,6,enc_s1_skip,upstream,6.06227445602417,6.06155252456665,6.06227445602417,-0.0007219314575195312,0.0,-0.0,32.97747747747748,136.08497947810284,52.97747747747748,141.08497947810284
japan_2020021612_strong,japan,strong,precip_large_zwd,precip,tp_mswep,q850_box_mean_g_per_kg,per-timestep spatial mean,actual_vs_uniform_tp,6,enc_s1_skip,hotspot_gaussian,6.06227445602417,6.06155252456665,6.06227445602417,-0.0007219314575195312,0.0,-0.0,32.97747747747748,136.08497947810284,52.97747747747748,141.08497947810284
japan_2020021612_strong,japan,strong,precip_large_zwd,precip,tp_mswep,q850_box_mean_g_per_kg,per-timestep spatial mean,actual_vs_uniform_tp,6,enc_s1_skip,low_near_gaussian,6.06227445602417,6.06155252456665,6.06227445602417,-0.0007219314575195312,0.0,-0.0,32.97747747747748,136.08497947810284,52.97747747747748,141.08497947810284
japan_2020021612_strong,japan,strong,precip_large_zwd,precip,tp_mswep,q850_box_mean_g_per_kg,per-timestep spatial mean,actual_vs_uniform_tp,6,enc_s1_skip,remote_control,6.06227445602417,6.06155252456665,6.06227445602417,-0.0007219314575195312,0.0,-0.0,32.97747747747748,136.08497947810284,52.97747747747748,141.08497947810284
japan_2020021612_strong,japan,strong,precip_large_zwd,precip,tp_mswep,q850_box_mean_g_per_kg,per-timestep spatial mean,actual_vs_uniform_tp,6,enc_s2_bottleneck,whole,6.06227445602417,6.06155252456665,6.0617241859436035,-0.0007219314575195312,-0.0005502700805664062,0.76221928665786,32.97747747747748,136.08497947810284,52.97747747747748,141.08497947810284
japan_2020021612_strong,japan,strong,precip_large_zwd,precip,tp_mswep,q850_box_mean_g_per_kg,per-timestep spatial mean,actual_vs_uniform_tp,6,enc_s2_bottleneck,target_box,6.06227445602417,6.06155252456665,6.061924934387207,-0.0007219314575195312,-0.0003495216369628906,0.48414795244385733,32.97747747747748,136.08497947810284,52.97747747747748,141.08497947810284
japan_2020021612_strong,japan,strong,precip_large_zwd,precip,tp_mswep,q850_box_mean_g_per_kg,per-timestep spatial mean,actual_vs_uniform_tp,6,enc_s2_bottleneck,mountain_near,6.06227445602417,6.06155252456665,6.061010837554932,-0.0007219314575195312,-0.0012636184692382812,1.750330250990753,32.97747747747748,136.08497947810284,52.97747747747748,141.08497947810284
japan_2020021612_strong,japan,strong,precip_large_zwd,precip,tp_mswep,q850_box_mean_g_per_kg,per-timestep spatial mean,actual_vs_uniform_tp,6,enc_s2_bottleneck,upstream,6.06227445602417,6.06155252456665,6.059405326843262,-0.0007219314575195312,-0.002869129180908203,3.974240422721268,32.97747747747748,136.08497947810284,52.97747747747748,141.08497947810284
japan_2020021612_strong,japan,strong,precip_large_zwd,precip,tp_mswep,q850_box_mean_g_per_kg,per-timestep spatial mean,actual_vs_uniform_tp,6,enc_s2_bottleneck,hotspot_gaussian,6.06227445602417,6.06155252456665,6.063021183013916,-0.0007219314575195312,0.0007467269897460938,-1.0343461030383092,32.97747747747748,136.08497947810284,52.97747747747748,141.08497947810284
japan_2020021612_strong,japan,strong,precip_large_zwd,precip,tp_mswep,q850_box_mean_g_per_kg,per-timestep spatial mean,actual_vs_uniform_tp,6,enc_s2_bottleneck,low_near_gaussian,6.06227445602417,6.06155252456665,6.060927391052246,-0.0007219314575195312,-0.0013470649719238281,1.8659180977542933,32.97747747747748,136.08497947810284,52.97747747747748,141.08497947810284
japan_2020021612_strong,japan,strong,precip_large_zwd,precip,tp_mswep,q850_box_mean_g_per_kg,per-timestep spatial mean,actual_vs_uniform_tp,6,enc_s2_bottleneck,remote_control,6.06227445602417,6.06155252456665,6.063167095184326,-0.0007219314575195312,0.00089263916015625,-1.236459709379128,32.97747747747748,136.08497947810284,52.97747747747748,141.08497947810284
japan_2020021612_strong,japan,strong,precip_large_zwd,precip,tp_mswep,q850_box_mean_g_per_kg,per-timestep spatial mean,actual_vs_uniform_tp,6,dec_s0_pre_skip,whole,6.06227445602417,6.06155252456665,6.0617241859436035,-0.0007219314575195312,-0.0005502700805664062,0.76221928665786,32.97747747747748,136.08497947810284,52.97747747747748,141.08497947810284
japan_2020021612_strong,japan,strong,precip_large_zwd,precip,tp_mswep,q850_box_mean_g_per_kg,per-timestep spatial mean,actual_vs_uniform_tp,6,dec_s0_pre_skip,target_box,6.06227445602417,6.06155252456665,6.061924934387207,-0.0007219314575195312,-0.0003495216369628906,0.48414795244385733,32.97747747747748,136.08497947810284,52.97747747747748,141.08497947810284
japan_2020021612_strong,japan,strong,precip_large_zwd,precip,tp_mswep,q850_box_mean_g_per_kg,per-timestep spatial mean,actual_vs_uniform_tp,6,dec_s0_pre_skip,mountain_near,6.06227445602417,6.06155252456665,6.061010837554932,-0.0007219314575195312,-0.0012636184692382812,1.750330250990753,32.97747747747748,136.08497947810284,52.97747747747748,141.08497947810284
japan_2020021612_strong,japan,strong,precip_large_zwd,precip,tp_mswep,q850_box_mean_g_per_kg,per-timestep spatial mean,actual_vs_uniform_tp,6,dec_s0_pre_skip,upstream,6.06227445602417,6.06155252456665,6.059405326843262,-0.0007219314575195312,-0.002869129180908203,3.974240422721268,32.97747747747748,136.08497947810284,52.97747747747748,141.08497947810284
japan_2020021612_strong,japan,strong,precip_large_zwd,precip,tp_mswep,q850_box_mean_g_per_kg,per-timestep spatial mean,actual_vs_uniform_tp,6,dec_s0_pre_skip,hotspot_gaussian,6.06227445602417,6.06155252456665,6.063021183013916,-0.0007219314575195312,0.0007467269897460938,-1.0343461030383092,32.97747747747748,136.08497947810284,52.97747747747748,141.08497947810284
japan_2020021612_strong,japan,strong,precip_large_zwd,precip,tp_mswep,q850_box_mean_g_per_kg,per-timestep spatial mean,actual_vs_uniform_tp,6,dec_s0_pre_skip,low_near_gaussian,6.06227445602417,6.06155252456665,6.060927391052246,-0.0007219314575195312,-0.0013470649719238281,1.8659180977542933,32.97747747747748,136.08497947810284,52.97747747747748,141.08497947810284
japan_2020021612_strong,japan,strong,precip_large_zwd,precip,tp_mswep,q850_box_mean_g_per_kg,per-timestep spatial mean,actual_vs_uniform_tp,6,dec_s0_pre_skip,remote_control,6.06227445602417,6.06155252456665,6.063167095184326,-0.0007219314575195312,0.00089263916015625,-1.236459709379128,32.97747747747748,136.08497947810284,52.97747747747748,141.08497947810284
japan_2020021612_strong,japan,strong,precip_large_zwd,precip,tp_mswep,q850_box_mean_g_per_kg,per-timestep spatial mean,actual_vs_uniform_tp,6,dec_s1_pre_skip,whole,6.06227445602417,6.06155252456665,6.060990333557129,-0.0007219314575195312,-0.0012841224670410156,1.7787318361955087,32.97747747747748,136.08497947810284,52.97747747747748,141.08497947810284
japan_2020021612_strong,japan,strong,precip_large_zwd,precip,tp_mswep,q850_box_mean_g_per_kg,per-timestep spatial mean,actual_vs_uniform_tp,6,dec_s1_pre_skip,target_box,6.06227445602417,6.06155252456665,6.062209129333496,-0.0007219314575195312,-6.532669067382812e-05,0.0904887714663144,32.97747747747748,136.08497947810284,52.97747747747748,141.08497947810284
japan_2020021612_strong,japan,strong,precip_large_zwd,precip,tp_mswep,q850_box_mean_g_per_kg,per-timestep spatial mean,actual_vs_uniform_tp,6,dec_s1_pre_skip,mountain_near,6.06227445602417,6.06155252456665,6.0607404708862305,-0.0007219314575195312,-0.0015339851379394531,2.1248348745046237,32.97747747747748,136.08497947810284,52.97747747747748,141.08497947810284
japan_2020021612_strong,japan,strong,precip_large_zwd,precip,tp_mswep,q850_box_mean_g_per_kg,per-timestep spatial mean,actual_vs_uniform_tp,6,dec_s1_pre_skip,upstream,6.06227445602417,6.06155252456665,6.0615315437316895,-0.0007219314575195312,-0.0007429122924804688,1.0290620871862615,32.97747747747748,136.08497947810284,52.97747747747748,141.08497947810284
japan_2020021612_strong,japan,strong,precip_large_zwd,precip,tp_mswep,q850_box_mean_g_per_kg,per-timestep spatial mean,actual_vs_uniform_tp,6,dec_s1_pre_skip,hotspot_gaussian,6.06227445602417,6.06155252456665,6.062470436096191,-0.0007219314575195312,0.00019598007202148438,-0.2714663143989432,32.97747747747748,136.08497947810284,52.97747747747748,141.08497947810284
japan_2020021612_strong,japan,strong,precip_large_zwd,precip,tp_mswep,q850_box_mean_g_per_kg,per-timestep spatial mean,actual_vs_uniform_tp,6,dec_s1_pre_skip,low_near_gaussian,6.06227445602417,6.06155252456665,6.061249732971191,-0.0007219314575195312,-0.0010247230529785156,1.4194187582562747,32.97747747747748,136.08497947810284,52.97747747747748,141.08497947810284
japan_2020021612_strong,japan,strong,precip_large_zwd,precip,tp_mswep,q850_box_mean_g_per_kg,per-timestep spatial mean,actual_vs_uniform_tp,6,dec_s1_pre_skip,remote_control,6.06227445602417,6.06155252456665,6.06243896484375,-0.0007219314575195312,0.00016450881958007812,-0.22787318361955086,32.97747747747748,136.08497947810284,52.97747747747748,141.08497947810284
japan_2020021612_strong,japan,strong,precip_large_zwd,precip,tp_mswep,q850_box_mean_g_per_kg,per-timestep spatial mean,actual_vs_uniform_tp,6,dec_s1_post_skip,whole,6.06227445602417,6.06155252456665,6.06137752532959,-0.0007219314575195312,-0.0008969306945800781,1.2424042272126816,32.97747747747748,136.08497947810284,52.97747747747748,141.08497947810284
japan_2020021612_strong,japan,strong,precip_large_zwd,precip,tp_mswep,q850_box_mean_g_per_kg,per-timestep spatial mean,actual_vs_uniform_tp,6,dec_s1_post_skip,target_box,6.06227445602417,6.06155252456665,6.061674118041992,-0.0007219314575195312,-0.0006003379821777344,0.8315719947159842,32.97747747747748,136.08497947810284,52.97747747747748,141.08497947810284
japan_2020021612_strong,japan,strong,precip_large_zwd,precip,tp_mswep,q850_box_mean_g_per_kg,per-timestep spatial mean,actual_vs_uniform_tp,6,dec_s1_post_skip,mountain_near,6.06227445602417,6.06155252456665,6.061570644378662,-0.0007219314575195312,-0.0007038116455078125,0.9749009247027741,32.97747747747748,136.08497947810284,52.97747747747748,141.08497947810284
japan_2020021612_strong,japan,strong,precip_large_zwd,precip,tp_mswep,q850_box_mean_g_per_kg,per-timestep spatial mean,actual_vs_uniform_tp,6,dec_s1_post_skip,upstream,6.06227445602417,6.06155252456665,6.061528205871582,-0.0007219314575195312,-0.0007462501525878906,1.0336856010568032,32.97747747747748,136.08497947810284,52.97747747747748,141.08497947810284
japan_2020021612_strong,japan,strong,precip_large_zwd,precip,tp_mswep,q850_box_mean_g_per_kg,per-timestep spatial mean,actual_vs_uniform_tp,6,dec_s1_post_skip,hotspot_gaussian,6.06227445602417,6.06155252456665,6.061651706695557,-0.0007219314575195312,-0.0006227493286132812,0.8626155878467635,32.97747747747748,136.08497947810284,52.97747747747748,141.08497947810284
japan_2020021612_strong,japan,strong,precip_large_zwd,precip,tp_mswep,q850_box_mean_g_per_kg,per-timestep spatial mean,actual_vs_uniform_tp,6,dec_s1_post_skip,low_near_gaussian,6.06227445602417,6.06155252456665,6.0620880126953125,-0.0007219314575195312,-0.00018644332885742188,0.2582562747688243,32.97747747747748,136.08497947810284,52.97747747747748,141.08497947810284
japan_2020021612_strong,japan,strong,precip_large_zwd,precip,tp_mswep,q850_box_mean_g_per_kg,per-timestep spatial mean,actual_vs_uniform_tp,6,dec_s1_post_skip,remote_control,6.06227445602417,6.06155252456665,6.062289237976074,-0.0007219314575195312,1.4781951904296875e-05,-0.02047556142668428,32.97747747747748,136.08497947810284,52.97747747747748,141.08497947810284
japan_2020021612_strong,japan,strong,precip_large_zwd,precip,tp_mswep,q850_box_mean_g_per_kg,per-timestep spatial mean,actual_vs_uniform_tp,6,dec_s2_pre_concat,whole,6.06227445602417,6.06155252456665,6.06137752532959,-0.0007219314575195312,-0.0008969306945800781,1.2424042272126816,32.97747747747748,136.08497947810284,52.97747747747748,141.08497947810284
japan_2020021612_strong,japan,strong,precip_large_zwd,precip,tp_mswep,q850_box_mean_g_per_kg,per-timestep spatial mean,actual_vs_uniform_tp,6,dec_s2_pre_concat,target_box,6.06227445602417,6.06155252456665,6.061674118041992,-0.0007219314575195312,-0.0006003379821777344,0.8315719947159842,32.97747747747748,136.08497947810284,52.97747747747748,141.08497947810284
japan_2020021612_strong,japan,strong,precip_large_zwd,precip,tp_mswep,q850_box_mean_g_per_kg,per-timestep spatial mean,actual_vs_uniform_tp,6,dec_s2_pre_concat,mountain_near,6.06227445602417,6.06155252456665,6.061570644378662,-0.0007219314575195312,-0.0007038116455078125,0.9749009247027741,32.97747747747748,136.08497947810284,52.97747747747748,141.08497947810284
japan_2020021612_strong,japan,strong,precip_large_zwd,precip,tp_mswep,q850_box_mean_g_per_kg,per-timestep spatial mean,actual_vs_uniform_tp,6,dec_s2_pre_concat,upstream,6.06227445602417,6.06155252456665,6.061528205871582,-0.0007219314575195312,-0.0007462501525878906,1.0336856010568032,32.97747747747748,136.08497947810284,52.97747747747748,141.08497947810284
japan_2020021612_strong,japan,strong,precip_large_zwd,precip,tp_mswep,q850_box_mean_g_per_kg,per-timestep spatial mean,actual_vs_uniform_tp,6,dec_s2_pre_concat,hotspot_gaussian,6.06227445602417,6.06155252456665,6.061651706695557,-0.0007219314575195312,-0.0006227493286132812,0.8626155878467635,32.97747747747748,136.08497947810284,52.97747747747748,141.08497947810284
japan_2020021612_strong,japan,strong,precip_large_zwd,precip,tp_mswep,q850_box_mean_g_per_kg,per-timestep spatial mean,actual_vs_uniform_tp,6,dec_s2_pre_concat,low_near_gaussian,6.06227445602417,6.06155252456665,6.0620880126953125,-0.0007219314575195312,-0.00018644332885742188,0.2582562747688243,32.97747747747748,136.08497947810284,52.97747747747748,141.08497947810284
japan_2020021612_strong,japan,strong,precip_large_zwd,precip,tp_mswep,q850_box_mean_g_per_kg,per-timestep spatial mean,actual_vs_uniform_tp,6,dec_s2_pre_concat,remote_control,6.06227445602417,6.06155252456665,6.062289237976074,-0.0007219314575195312,1.4781951904296875e-05,-0.02047556142668428,32.97747747747748,136.08497947810284,52.97747747747748,141.08497947810284
japan_2020021612_strong,japan,strong,precip_large_zwd,precip,tp_mswep,q850_box_mean_g_per_kg,per-timestep spatial mean,actual_vs_uniform_tp,6,dec_s2_post_concat,whole,6.06227445602417,6.06155252456665,6.0615458488464355,-0.0007219314575195312,-0.000728607177734375,1.0092470277410832,32.97747747747748,136.08497947810284,52.97747747747748,141.08497947810284
japan_2020021612_strong,japan,strong,precip_large_zwd,precip,tp_mswep,q850_box_mean_g_per_kg,per-timestep spatial mean,actual_vs_uniform_tp,6,dec_s2_post_concat,target_box,6.06227445602417,6.06155252456665,6.061605453491211,-0.0007219314575195312,-0.0006690025329589844,0.9266842800528402,32.97747747747748,136.08497947810284,52.97747747747748,141.08497947810284
japan_2020021612_strong,japan,strong,precip_large_zwd,precip,tp_mswep,q850_box_mean_g_per_kg,per-timestep spatial mean,actual_vs_uniform_tp,6,dec_s2_post_concat,mountain_near,6.06227445602417,6.06155252456665,6.061796188354492,-0.0007219314575195312,-0.0004782676696777344,0.6624834874504624,32.97747747747748,136.08497947810284,52.97747747747748,141.08497947810284
japan_2020021612_strong,japan,strong,precip_large_zwd,precip,tp_mswep,q850_box_mean_g_per_kg,per-timestep spatial mean,actual_vs_uniform_tp,6,dec_s2_post_concat,upstream,6.06227445602417,6.06155252456665,6.061674118041992,-0.0007219314575195312,-0.0006003379821777344,0.8315719947159842,32.97747747747748,136.08497947810284,52.97747747747748,141.08497947810284
japan_2020021612_strong,japan,strong,precip_large_zwd,precip,tp_mswep,q850_box_mean_g_per_kg,per-timestep spatial mean,actual_vs_uniform_tp,6,dec_s2_post_concat,hotspot_gaussian,6.06227445602417,6.06155252456665,6.061776161193848,-0.0007219314575195312,-0.0004982948303222656,0.690224570673712,32.97747747747748,136.08497947810284,52.97747747747748,141.08497947810284
japan_2020021612_strong,japan,strong,precip_large_zwd,precip,tp_mswep,q850_box_mean_g_per_kg,per-timestep spatial mean,actual_vs_uniform_tp,6,dec_s2_post_concat,low_near_gaussian,6.06227445602417,6.06155252456665,6.062353134155273,-0.0007219314575195312,7.867813110351562e-05,-0.10898282694848084,32.97747747747748,136.08497947810284,52.97747747747748,141.08497947810284
japan_2020021612_strong,japan,strong,precip_large_zwd,precip,tp_mswep,q850_box_mean_g_per_kg,per-timestep spatial mean,actual_vs_uniform_tp,6,dec_s2_post_concat,remote_control,6.06227445602417,6.06155252456665,6.0622687339782715,-0.0007219314575195312,-5.7220458984375e-06,0.007926023778071334,32.97747747747748,136.08497947810284,52.97747747747748,141.08497947810284
japan_2020021612_strong,japan,strong,precip_large_zwd,precip,tp_mswep,q850_box_mean_g_per_kg,per-timestep spatial mean,actual_vs_uniform_tp,12,enc_s0_skip,whole,3.37640118598938,3.3734776973724365,3.3730475902557373,-0.0029234886169433594,-0.003353595733642578,1.1471211874082532,32.97747747747748,136.08497947810284,52.97747747747748,141.08497947810284
japan_2020021612_strong,japan,strong,precip_large_zwd,precip,tp_mswep,q850_box_mean_g_per_kg,per-timestep spatial mean,actual_vs_uniform_tp,12,enc_s0_skip,target_box,3.37640118598938,3.3734776973724365,3.375166893005371,-0.0029234886169433594,-0.001234292984008789,0.42219866253465993,32.97747747747748,136.08497947810284,52.97747747747748,141.08497947810284
japan_2020021612_strong,japan,strong,precip_large_zwd,precip,tp_mswep,q850_box_mean_g_per_kg,per-timestep spatial mean,actual_vs_uniform_tp,12,enc_s0_skip,mountain_near,3.37640118598938,3.3734776973724365,3.3735971450805664,-0.0029234886169433594,-0.0028040409088134766,0.9591420649160006,32.97747747747748,136.08497947810284,52.97747747747748,141.08497947810284
japan_2020021612_strong,japan,strong,precip_large_zwd,precip,tp_mswep,q850_box_mean_g_per_kg,per-timestep spatial mean,actual_vs_uniform_tp,12,enc_s0_skip,upstream,3.37640118598938,3.3734776973724365,3.374009132385254,-0.0029234886169433594,-0.0023920536041259766,0.8182188876202904,32.97747747747748,136.08497947810284,52.97747747747748,141.08497947810284
japan_2020021612_strong,japan,strong,precip_large_zwd,precip,tp_mswep,q850_box_mean_g_per_kg,per-timestep spatial mean,actual_vs_uniform_tp,12,enc_s0_skip,hotspot_gaussian,3.37640118598938,3.3734776973724365,3.3741462230682373,-0.0029234886169433594,-0.002254962921142578,0.7713260479530256,32.97747747747748,136.08497947810284,52.97747747747748,141.08497947810284
japan_2020021612_strong,japan,strong,precip_large_zwd,precip,tp_mswep,q850_box_mean_g_per_kg,per-timestep spatial mean,actual_vs_uniform_tp,12,enc_s0_skip,low_near_gaussian,3.37640118598938,3.3734776973724365,3.3728508949279785,-0.0029234886169433594,-0.003550291061401367,1.2144022182351981,32.97747747747748,136.08497947810284,52.97747747747748,141.08497947810284
japan_2020021612_strong,japan,strong,precip_large_zwd,precip,tp_mswep,q850_box_mean_g_per_kg,per-timestep spatial mean,actual_vs_uniform_tp,12,enc_s0_skip,remote_control,3.37640118598938,3.3734776973724365,3.373046875,-0.0029234886169433594,-0.003354310989379883,1.1473658457021694,32.97747747747748,136.08497947810284,52.97747747747748,141.08497947810284
japan_2020021612_strong,japan,strong,precip_large_zwd,precip,tp_mswep,q850_box_mean_g_per_kg,per-timestep spatial mean,actual_vs_uniform_tp,12,enc_s1_skip,whole,3.37640118598938,3.3734776973724365,3.37640118598938,-0.0029234886169433594,0.0,-0.0,32.97747747747748,136.08497947810284,52.97747747747748,141.08497947810284
japan_2020021612_strong,japan,strong,precip_large_zwd,precip,tp_mswep,q850_box_mean_g_per_kg,per-timestep spatial mean,actual_vs_uniform_tp,12,enc_s1_skip,target_box,3.37640118598938,3.3734776973724365,3.37640118598938,-0.0029234886169433594,0.0,-0.0,32.97747747747748,136.08497947810284,52.97747747747748,141.08497947810284
japan_2020021612_strong,japan,strong,precip_large_zwd,precip,tp_mswep,q850_box_mean_g_per_kg,per-timestep spatial mean,actual_vs_uniform_tp,12,enc_s1_skip,mountain_near,3.37640118598938,3.3734776973724365,3.37640118598938,-0.0029234886169433594,0.0,-0.0,32.97747747747748,136.08497947810284,52.97747747747748,141.08497947810284
japan_2020021612_strong,japan,strong,precip_large_zwd,precip,tp_mswep,q850_box_mean_g_per_kg,per-timestep spatial mean,actual_vs_uniform_tp,12,enc_s1_skip,upstream,3.37640118598938,3.3734776973724365,3.37640118598938,-0.0029234886169433594,0.0,-0.0,32.97747747747748,136.08497947810284,52.97747747747748,141.08497947810284
japan_2020021612_strong,japan,strong,precip_large_zwd,precip,tp_mswep,q850_box_mean_g_per_kg,per-timestep spatial mean,actual_vs_uniform_tp,12,enc_s1_skip,hotspot_gaussian,3.37640118598938,3.3734776973724365,3.37640118598938,-0.0029234886169433594,0.0,-0.0,32.97747747747748,136.08497947810284,52.97747747747748,141.08497947810284
japan_2020021612_strong,japan,strong,precip_large_zwd,precip,tp_mswep,q850_box_mean_g_per_kg,per-timestep spatial mean,actual_vs_uniform_tp,12,enc_s1_skip,low_near_gaussian,3.37640118598938,3.3734776973724365,3.37640118598938,-0.0029234886169433594,0.0,-0.0,32.97747747747748,136.08497947810284,52.97747747747748,141.08497947810284
japan_2020021612_strong,japan,strong,precip_large_zwd,precip,tp_mswep,q850_box_mean_g_per_kg,per-timestep spatial mean,actual_vs_uniform_tp,12,enc_s1_skip,remote_control,3.37640118598938,3.3734776973724365,3.37640118598938,-0.0029234886169433594,0.0,-0.0,32.97747747747748,136.08497947810284,52.97747747747748,141.08497947810284
japan_2020021612_strong,japan,strong,precip_large_zwd,precip,tp_mswep,q850_box_mean_g_per_kg,per-timestep spatial mean,actual_vs_uniform_tp,12,enc_s2_bottleneck,whole,3.37640118598938,3.3734776973724365,3.3733434677124023,-0.0029234886169433594,-0.003057718276977539,1.0459142064916,32.97747747747748,136.08497947810284,52.97747747747748,141.08497947810284
japan_2020021612_strong,japan,strong,precip_large_zwd,precip,tp_mswep,q850_box_mean_g_per_kg,per-timestep spatial mean,actual_vs_uniform_tp,12,enc_s2_bottleneck,target_box,3.37640118598938,3.3734776973724365,3.3690738677978516,-0.0029234886169433594,-0.00732731819152832,2.50636111564182,32.97747747747748,136.08497947810284,52.97747747747748,141.08497947810284
japan_2020021612_strong,japan,strong,precip_large_zwd,precip,tp_mswep,q850_box_mean_g_per_kg,per-timestep spatial mean,actual_vs_uniform_tp,12,enc_s2_bottleneck,mountain_near,3.37640118598938,3.3734776973724365,3.374091625213623,-0.0029234886169433594,-0.002309560775756836,0.7900016310552928,32.97747747747748,136.08497947810284,52.97747747747748,141.08497947810284
japan_2020021612_strong,japan,strong,precip_large_zwd,precip,tp_mswep,q850_box_mean_g_per_kg,per-timestep spatial mean,actual_vs_uniform_tp,12,enc_s2_bottleneck,upstream,3.37640118598938,3.3734776973724365,3.372532606124878,-0.0029234886169433594,-0.003868579864501953,1.323275159027891,32.97747747747748,136.08497947810284,52.97747747747748,141.08497947810284
japan_2020021612_strong,japan,strong,precip_large_zwd,precip,tp_mswep,q850_box_mean_g_per_kg,per-timestep spatial mean,actual_vs_uniform_tp,12,enc_s2_bottleneck,hotspot_gaussian,3.37640118598938,3.3734776973724365,3.37333083152771,-0.0029234886169433594,-0.003070354461669922,1.0502365030174523,32.97747747747748,136.08497947810284,52.97747747747748,141.08497947810284
japan_2020021612_strong,japan,strong,precip_large_zwd,precip,tp_mswep,q850_box_mean_g_per_kg,per-timestep spatial mean,actual_vs_uniform_tp,12,enc_s2_bottleneck,low_near_gaussian,3.37640118598938,3.3734776973724365,3.3715453147888184,-0.0029234886169433594,-0.0048558712005615234,1.6609851573968357,32.97747747747748,136.08497947810284,52.97747747747748,141.08497947810284
japan_2020021612_strong,japan,strong,precip_large_zwd,precip,tp_mswep,q850_box_mean_g_per_kg,per-timestep spatial mean,actual_vs_uniform_tp,12,enc_s2_bottleneck,remote_control,3.37640118598938,3.3734776973724365,3.3708949089050293,-0.0029234886169433594,-0.005506277084350586,1.8834610993312673,32.97747747747748,136.08497947810284,52.97747747747748,141.08497947810284
japan_2020021612_strong,japan,strong,precip_large_zwd,precip,tp_mswep,q850_box_mean_g_per_kg,per-timestep spatial mean,actual_vs_uniform_tp,12,dec_s0_pre_skip,whole,3.37640118598938,3.3734776973724365,3.3733434677124023,-0.0029234886169433594,-0.003057718276977539,1.0459142064916,32.97747747747748,136.08497947810284,52.97747747747748,141.08497947810284
japan_2020021612_strong,japan,strong,precip_large_zwd,precip,tp_mswep,q850_box_mean_g_per_kg,per-timestep spatial mean,actual_vs_uniform_tp,12,dec_s0_pre_skip,target_box,3.37640118598938,3.3734776973724365,3.3690738677978516,-0.0029234886169433594,-0.00732731819152832,2.50636111564182,32.97747747747748,136.08497947810284,52.97747747747748,141.08497947810284
japan_2020021612_strong,japan,strong,precip_large_zwd,precip,tp_mswep,q850_box_mean_g_per_kg,per-timestep spatial mean,actual_vs_uniform_tp,12,dec_s0_pre_skip,mountain_near,3.37640118598938,3.3734776973724365,3.374091625213623,-0.0029234886169433594,-0.002309560775756836,0.7900016310552928,32.97747747747748,136.08497947810284,52.97747747747748,141.08497947810284
japan_2020021612_strong,japan,strong,precip_large_zwd,precip,tp_mswep,q850_box_mean_g_per_kg,per-timestep spatial mean,actual_vs_uniform_tp,12,dec_s0_pre_skip,upstream,3.37640118598938,3.3734776973724365,3.372532606124878,-0.0029234886169433594,-0.003868579864501953,1.323275159027891,32.97747747747748,136.08497947810284,52.97747747747748,141.08497947810284
japan_2020021612_strong,japan,strong,precip_large_zwd,precip,tp_mswep,q850_box_mean_g_per_kg,per-timestep spatial mean,actual_vs_uniform_tp,12,dec_s0_pre_skip,hotspot_gaussian,3.37640118598938,3.3734776973724365,3.37333083152771,-0.0029234886169433594,-0.003070354461669922,1.0502365030174523,32.97747747747748,136.08497947810284,52.97747747747748,141.08497947810284
japan_2020021612_strong,japan,strong,precip_large_zwd,precip,tp_mswep,q850_box_mean_g_per_kg,per-timestep spatial mean,actual_vs_uniform_tp,12,dec_s0_pre_skip,low_near_gaussian,3.37640118598938,3.3734776973724365,3.3715453147888184,-0.0029234886169433594,-0.0048558712005615234,1.6609851573968357,32.97747747747748,136.08497947810284,52.97747747747748,141.08497947810284
japan_2020021612_strong,japan,strong,precip_large_zwd,precip,tp_mswep,q850_box_mean_g_per_kg,per-timestep spatial mean,actual_vs_uniform_tp,12,dec_s0_pre_skip,remote_control,3.37640118598938,3.3734776973724365,3.3708949089050293,-0.0029234886169433594,-0.005506277084350586,1.8834610993312673,32.97747747747748,136.08497947810284,52.97747747747748,141.08497947810284
japan_2020021612_strong,japan,strong,precip_large_zwd,precip,tp_mswep,q850_box_mean_g_per_kg,per-timestep spatial mean,actual_vs_uniform_tp,12,dec_s1_pre_skip,whole,3.37640118598938,3.3734776973724365,3.371032953262329,-0.0029234886169433594,-0.005368232727050781,1.8362420486054478,32.97747747747748,136.08497947810284,52.97747747747748,141.08497947810284
japan_2020021612_strong,japan,strong,precip_large_zwd,precip,tp_mswep,q850_box_mean_g_per_kg,per-timestep spatial mean,actual_vs_uniform_tp,12,dec_s1_pre_skip,target_box,3.37640118598938,3.3734776973724365,3.3737053871154785,-0.0029234886169433594,-0.002695798873901367,0.9221171097700211,32.97747747747748,136.08497947810284,52.97747747747748,141.08497947810284
japan_2020021612_strong,japan,strong,precip_large_zwd,precip,tp_mswep,q850_box_mean_g_per_kg,per-timestep spatial mean,actual_vs_uniform_tp,12,dec_s1_pre_skip,mountain_near,3.37640118598938,3.3734776973724365,3.3763322830200195,-0.0029234886169433594,-6.890296936035156e-05,0.023568748980590443,32.97747747747748,136.08497947810284,52.97747747747748,141.08497947810284
japan_2020021612_strong,japan,strong,precip_large_zwd,precip,tp_mswep,q850_box_mean_g_per_kg,per-timestep spatial mean,actual_vs_uniform_tp,12,dec_s1_pre_skip,upstream,3.37640118598938,3.3734776973724365,3.374519109725952,-0.0029234886169433594,-0.0018820762634277344,0.6437775240580655,32.97747747747748,136.08497947810284,52.97747747747748,141.08497947810284
japan_2020021612_strong,japan,strong,precip_large_zwd,precip,tp_mswep,q850_box_mean_g_per_kg,per-timestep spatial mean,actual_vs_uniform_tp,12,dec_s1_pre_skip,hotspot_gaussian,3.37640118598938,3.3734776973724365,3.370331048965454,-0.0029234886169433594,-0.006070137023925781,2.076333387701843,32.97747747747748,136.08497947810284,52.97747747747748,141.08497947810284
japan_2020021612_strong,japan,strong,precip_large_zwd,precip,tp_mswep,q850_box_mean_g_per_kg,per-timestep spatial mean,actual_vs_uniform_tp,12,dec_s1_pre_skip,low_near_gaussian,3.37640118598938,3.3734776973724365,3.37514591217041,-0.0029234886169433594,-0.0012552738189697266,0.42937530582286737,32.97747747747748,136.08497947810284,52.97747747747748,141.08497947810284
japan_2020021612_strong,japan,strong,precip_large_zwd,precip,tp_mswep,q850_box_mean_g_per_kg,per-timestep spatial mean,actual_vs_uniform_tp,12,dec_s1_pre_skip,remote_control,3.37640118598938,3.3734776973724365,3.3752799034118652,-0.0029234886169433594,-0.0011212825775146484,0.38354265209590604,32.97747747747748,136.08497947810284,52.97747747747748,141.08497947810284
japan_2020021612_strong,japan,strong,precip_large_zwd,precip,tp_mswep,q850_box_mean_g_per_kg,per-timestep spatial mean,actual_vs_uniform_tp,12,dec_s1_post_skip,whole,3.37640118598938,3.3734776973724365,3.37083101272583,-0.0029234886169433594,-0.005570173263549805,1.9053172402544447,32.97747747747748,136.08497947810284,52.97747747747748,141.08497947810284
japan_2020021612_strong,japan,strong,precip_large_zwd,precip,tp_mswep,q850_box_mean_g_per_kg,per-timestep spatial mean,actual_vs_uniform_tp,12,dec_s1_post_skip,target_box,3.37640118598938,3.3734776973724365,3.3709423542022705,-0.0029234886169433594,-0.005458831787109375,1.867232099168162,32.97747747747748,136.08497947810284,52.97747747747748,141.08497947810284
japan_2020021612_strong,japan,strong,precip_large_zwd,precip,tp_mswep,q850_box_mean_g_per_kg,per-timestep spatial mean,actual_vs_uniform_tp,12,dec_s1_post_skip,mountain_near,3.37640118598938,3.3734776973724365,3.3770225048065186,-0.0029234886169433594,0.0006213188171386719,-0.21252650464850759,32.97747747747748,136.08497947810284,52.97747747747748,141.08497947810284
japan_2020021612_strong,japan,strong,precip_large_zwd,precip,tp_mswep,q850_box_mean_g_per_kg,per-timestep spatial mean,actual_vs_uniform_tp,12,dec_s1_post_skip,upstream,3.37640118598938,3.3734776973724365,3.3729920387268066,-0.0029234886169433594,-0.003409147262573242,1.1661229815690752,32.97747747747748,136.08497947810284,52.97747747747748,141.08497947810284
japan_2020021612_strong,japan,strong,precip_large_zwd,precip,tp_mswep,q850_box_mean_g_per_kg,per-timestep spatial mean,actual_vs_uniform_tp,12,dec_s1_post_skip,hotspot_gaussian,3.37640118598938,3.3734776973724365,3.37477707862854,-0.0029234886169433594,-0.0016241073608398438,0.5555374327189692,32.97747747747748,136.08497947810284,52.97747747747748,141.08497947810284
japan_2020021612_strong,japan,strong,precip_large_zwd,precip,tp_mswep,q850_box_mean_g_per_kg,per-timestep spatial mean,actual_vs_uniform_tp,12,dec_s1_post_skip,low_near_gaussian,3.37640118598938,3.3734776973724365,3.371274709701538,-0.0029234886169433594,-0.005126476287841797,1.7535475452617844,32.97747747747748,136.08497947810284,52.97747747747748,141.08497947810284
japan_2020021612_strong,japan,strong,precip_large_zwd,precip,tp_mswep,q850_box_mean_g_per_kg,per-timestep spatial mean,actual_vs_uniform_tp,12,dec_s1_post_skip,remote_control,3.37640118598938,3.3734776973724365,3.3732659816741943,-0.0029234886169433594,-0.003135204315185547,1.0724188549991844,32.97747747747748,136.08497947810284,52.97747747747748,141.08497947810284
japan_2020021612_strong,japan,strong,precip_large_zwd,precip,tp_mswep,q850_box_mean_g_per_kg,per-timestep spatial mean,actual_vs_uniform_tp,12,dec_s2_pre_concat,whole,3.37640118598938,3.3734776973724365,3.37083101272583,-0.0029234886169433594,-0.005570173263549805,1.9053172402544447,32.97747747747748,136.08497947810284,52.97747747747748,141.08497947810284
japan_2020021612_strong,japan,strong,precip_large_zwd,precip,tp_mswep,q850_box_mean_g_per_kg,per-timestep spatial mean,actual_vs_uniform_tp,12,dec_s2_pre_concat,target_box,3.37640118598938,3.3734776973724365,3.3709423542022705,-0.0029234886169433594,-0.005458831787109375,1.867232099168162,32.97747747747748,136.08497947810284,52.97747747747748,141.08497947810284
japan_2020021612_strong,japan,strong,precip_large_zwd,precip,tp_mswep,q850_box_mean_g_per_kg,per-timestep spatial mean,actual_vs_uniform_tp,12,dec_s2_pre_concat,mountain_near,3.37640118598938,3.3734776973724365,3.3770225048065186,-0.0029234886169433594,0.0006213188171386719,-0.21252650464850759,32.97747747747748,136.08497947810284,52.97747747747748,141.08497947810284
japan_2020021612_strong,japan,strong,precip_large_zwd,precip,tp_mswep,q850_box_mean_g_per_kg,per-timestep spatial mean,actual_vs_uniform_tp,12,dec_s2_pre_concat,upstream,3.37640118598938,3.3734776973724365,3.3729920387268066,-0.0029234886169433594,-0.003409147262573242,1.1661229815690752,32.97747747747748,136.08497947810284,52.97747747747748,141.08497947810284
japan_2020021612_strong,japan,strong,precip_large_zwd,precip,tp_mswep,q850_box_mean_g_per_kg,per-timestep spatial mean,actual_vs_uniform_tp,12,dec_s2_pre_concat,hotspot_gaussian,3.37640118598938,3.3734776973724365,3.37477707862854,-0.0029234886169433594,-0.0016241073608398438,0.5555374327189692,32.97747747747748,136.08497947810284,52.97747747747748,141.08497947810284
japan_2020021612_strong,japan,strong,precip_large_zwd,precip,tp_mswep,q850_box_mean_g_per_kg,per-timestep spatial mean,actual_vs_uniform_tp,12,dec_s2_pre_concat,low_near_gaussian,3.37640118598938,3.3734776973724365,3.371274709701538,-0.0029234886169433594,-0.005126476287841797,1.7535475452617844,32.97747747747748,136.08497947810284,52.97747747747748,141.08497947810284
japan_2020021612_strong,japan,strong,precip_large_zwd,precip,tp_mswep,q850_box_mean_g_per_kg,per-timestep spatial mean,actual_vs_uniform_tp,12,dec_s2_pre_concat,remote_control,3.37640118598938,3.3734776973724365,3.3732659816741943,-0.0029234886169433594,-0.003135204315185547,1.0724188549991844,32.97747747747748,136.08497947810284,52.97747747747748,141.08497947810284
japan_2020021612_strong,japan,strong,precip_large_zwd,precip,tp_mswep,q850_box_mean_g_per_kg,per-timestep spatial mean,actual_vs_uniform_tp,12,dec_s2_post_concat,whole,3.37640118598938,3.3734776973724365,3.3730692863464355,-0.0029234886169433594,-0.003331899642944336,1.1396998858261296,32.97747747747748,136.08497947810284,52.97747747747748,141.08497947810284
japan_2020021612_strong,japan,strong,precip_large_zwd,precip,tp_mswep,q850_box_mean_g_per_kg,per-timestep spatial mean,actual_vs_uniform_tp,12,dec_s2_post_concat,target_box,3.37640118598938,3.3734776973724365,3.375986099243164,-0.0029234886169433594,-0.0004150867462158203,0.1419833632360137,32.97747747747748,136.08497947810284,52.97747747747748,141.08497947810284
japan_2020021612_strong,japan,strong,precip_large_zwd,precip,tp_mswep,q850_box_mean_g_per_kg,per-timestep spatial mean,actual_vs_uniform_tp,12,dec_s2_post_concat,mountain_near,3.37640118598938,3.3734776973724365,3.3729677200317383,-0.0029234886169433594,-0.0034334659576416016,1.1744413635622248,32.97747747747748,136.08497947810284,52.97747747747748,141.08497947810284
japan_2020021612_strong,japan,strong,precip_large_zwd,precip,tp_mswep,q850_box_mean_g_per_kg,per-timestep spatial mean,actual_vs_uniform_tp,12,dec_s2_post_concat,upstream,3.37640118598938,3.3734776973724365,3.3719980716705322,-0.0029234886169433594,-0.004403114318847656,1.506116457347904,32.97747747747748,136.08497947810284,52.97747747747748,141.08497947810284
japan_2020021612_strong,japan,strong,precip_large_zwd,precip,tp_mswep,q850_box_mean_g_per_kg,per-timestep spatial mean,actual_vs_uniform_tp,12,dec_s2_post_concat,hotspot_gaussian,3.37640118598938,3.3734776973724365,3.3726918697357178,-0.0029234886169433594,-0.0037093162536621094,1.2687979122492252,32.97747747747748,136.08497947810284,52.97747747747748,141.08497947810284
japan_2020021612_strong,japan,strong,precip_large_zwd,precip,tp_mswep,q850_box_mean_g_per_kg,per-timestep spatial mean,actual_vs_uniform_tp,12,dec_s2_post_concat,low_near_gaussian,3.37640118598938,3.3734776973724365,3.3747520446777344,-0.0029234886169433594,-0.0016491413116455078,0.5641004730060349,32.97747747747748,136.08497947810284,52.97747747747748,141.08497947810284
japan_2020021612_strong,japan,strong,precip_large_zwd,precip,tp_mswep,q850_box_mean_g_per_kg,per-timestep spatial mean,actual_vs_uniform_tp,12,dec_s2_post_concat,remote_control,3.37640118598938,3.3734776973724365,3.37190580368042,-0.0029234886169433594,-0.004495382308959961,1.5376773772630892,32.97747747747748,136.08497947810284,52.97747747747748,141.08497947810284
japan_2020021612_strong,japan,strong,precip_large_zwd,precip,tp_mswep,q850_box_mean_g_per_kg,per-timestep spatial mean,actual_vs_uniform_tp,24,enc_s0_skip,whole,2.152277946472168,2.1508257389068604,2.1511218547821045,-0.0014522075653076172,-0.0011560916900634766,0.796092595632901,32.97747747747748,136.08497947810284,52.97747747747748,141.08497947810284
japan_2020021612_strong,japan,strong,precip_large_zwd,precip,tp_mswep,q850_box_mean_g_per_kg,per-timestep spatial mean,actual_vs_uniform_tp,24,enc_s0_skip,target_box,2.152277946472168,2.1508257389068604,2.1540565490722656,-0.0014522075653076172,0.0017786026000976562,-1.2247578394352323,32.97747747747748,136.08497947810284,52.97747747747748,141.08497947810284
japan_2020021612_strong,japan,strong,precip_large_zwd,precip,tp_mswep,q850_box_mean_g_per_kg,per-timestep spatial mean,actual_vs_uniform_tp,24,enc_s0_skip,mountain_near,2.152277946472168,2.1508257389068604,2.1518049240112305,-0.0014522075653076172,-0.0004730224609375,0.32572648169430307,32.97747747747748,136.08497947810284,52.97747747747748,141.08497947810284
japan_2020021612_strong,japan,strong,precip_large_zwd,precip,tp_mswep,q850_box_mean_g_per_kg,per-timestep spatial mean,actual_vs_uniform_tp,24,enc_s0_skip,upstream,2.152277946472168,2.1508257389068604,2.1506741046905518,-0.0014522075653076172,-0.001603841781616211,1.1044163519947463,32.97747747747748,136.08497947810284,52.97747747747748,141.08497947810284
japan_2020021612_strong,japan,strong,precip_large_zwd,precip,tp_mswep,q850_box_mean_g_per_kg,per-timestep spatial mean,actual_vs_uniform_tp,24,enc_s0_skip,hotspot_gaussian,2.152277946472168,2.1508257389068604,2.1515510082244873,-0.0014522075653076172,-0.0007269382476806641,0.5005746182892793,32.97747747747748,136.08497947810284,52.97747747747748,141.08497947810284
japan_2020021612_strong,japan,strong,precip_large_zwd,precip,tp_mswep,q850_box_mean_g_per_kg,per-timestep spatial mean,actual_vs_uniform_tp,24,enc_s0_skip,low_near_gaussian,2.152277946472168,2.1508257389068604,2.1522133350372314,-0.0014522075653076172,-6.461143493652344e-05,0.04449187325562305,32.97747747747748,136.08497947810284,52.97747747747748,141.08497947810284
japan_2020021612_strong,japan,strong,precip_large_zwd,precip,tp_mswep,q850_box_mean_g_per_kg,per-timestep spatial mean,actual_vs_uniform_tp,24,enc_s0_skip,remote_control,2.152277946472168,2.1508257389068604,2.1518568992614746,-0.0014522075653076172,-0.0004210472106933594,0.2899359711049089,32.97747747747748,136.08497947810284,52.97747747747748,141.08497947810284
japan_2020021612_strong,japan,strong,precip_large_zwd,precip,tp_mswep,q850_box_mean_g_per_kg,per-timestep spatial mean,actual_vs_uniform_tp,24,enc_s1_skip,whole,2.152277946472168,2.1508257389068604,2.152277946472168,-0.0014522075653076172,0.0,-0.0,32.97747747747748,136.08497947810284,52.97747747747748,141.08497947810284
japan_2020021612_strong,japan,strong,precip_large_zwd,precip,tp_mswep,q850_box_mean_g_per_kg,per-timestep spatial mean,actual_vs_uniform_tp,24,enc_s1_skip,target_box,2.152277946472168,2.1508257389068604,2.152277946472168,-0.0014522075653076172,0.0,-0.0,32.97747747747748,136.08497947810284,52.97747747747748,141.08497947810284
japan_2020021612_strong,japan,strong,precip_large_zwd,precip,tp_mswep,q850_box_mean_g_per_kg,per-timestep spatial mean,actual_vs_uniform_tp,24,enc_s1_skip,mountain_near,2.152277946472168,2.1508257389068604,2.152277946472168,-0.0014522075653076172,0.0,-0.0,32.97747747747748,136.08497947810284,52.97747747747748,141.08497947810284
japan_2020021612_strong,japan,strong,precip_large_zwd,precip,tp_mswep,q850_box_mean_g_per_kg,per-timestep spatial mean,actual_vs_uniform_tp,24,enc_s1_skip,upstream,2.152277946472168,2.1508257389068604,2.152277946472168,-0.0014522075653076172,0.0,-0.0,32.97747747747748,136.08497947810284,52.97747747747748,141.08497947810284
japan_2020021612_strong,japan,strong,precip_large_zwd,precip,tp_mswep,q850_box_mean_g_per_kg,per-timestep spatial mean,actual_vs_uniform_tp,24,enc_s1_skip,hotspot_gaussian,2.152277946472168,2.1508257389068604,2.152277946472168,-0.0014522075653076172,0.0,-0.0,32.97747747747748,136.08497947810284,52.97747747747748,141.08497947810284
japan_2020021612_strong,japan,strong,precip_large_zwd,precip,tp_mswep,q850_box_mean_g_per_kg,per-timestep spatial mean,actual_vs_uniform_tp,24,enc_s1_skip,low_near_gaussian,2.152277946472168,2.1508257389068604,2.152277946472168,-0.0014522075653076172,0.0,-0.0,32.97747747747748,136.08497947810284,52.97747747747748,141.08497947810284
japan_2020021612_strong,japan,strong,precip_large_zwd,precip,tp_mswep,q850_box_mean_g_per_kg,per-timestep spatial mean,actual_vs_uniform_tp,24,enc_s1_skip,remote_control,2.152277946472168,2.1508257389068604,2.152277946472168,-0.0014522075653076172,0.0,-0.0,32.97747747747748,136.08497947810284,52.97747747747748,141.08497947810284
japan_2020021612_strong,japan,strong,precip_large_zwd,precip,tp_mswep,q850_box_mean_g_per_kg,per-timestep spatial mean,actual_vs_uniform_tp,24,enc_s2_bottleneck,whole,2.152277946472168,2.1508257389068604,2.149437427520752,-0.0014522075653076172,-0.0028405189514160156,1.9560006567066164,32.97747747747748,136.08497947810284,52.97747747747748,141.08497947810284
japan_2020021612_strong,japan,strong,precip_large_zwd,precip,tp_mswep,q850_box_mean_g_per_kg,per-timestep spatial mean,actual_vs_uniform_tp,24,enc_s2_bottleneck,target_box,2.152277946472168,2.1508257389068604,2.153465747833252,-0.0014522075653076172,0.0011878013610839844,-0.8179280906255131,32.97747747747748,136.08497947810284,52.97747747747748,141.08497947810284
japan_2020021612_strong,japan,strong,precip_large_zwd,precip,tp_mswep,q850_box_mean_g_per_kg,per-timestep spatial mean,actual_vs_uniform_tp,24,enc_s2_bottleneck,mountain_near,2.152277946472168,2.1508257389068604,2.1521222591400146,-0.0014522075653076172,-0.0001556873321533203,0.10720735511410277,32.97747747747748,136.08497947810284,52.97747747747748,141.08497947810284
japan_2020021612_strong,japan,strong,precip_large_zwd,precip,tp_mswep,q850_box_mean_g_per_kg,per-timestep spatial mean,actual_vs_uniform_tp,24,enc_s2_bottleneck,upstream,2.152277946472168,2.1508257389068604,2.150824785232544,-0.0014522075653076172,-0.0014531612396240234,1.0006567066163192,32.97747747747748,136.08497947810284,52.97747747747748,141.08497947810284
japan_2020021612_strong,japan,strong,precip_large_zwd,precip,tp_mswep,q850_box_mean_g_per_kg,per-timestep spatial mean,actual_vs_uniform_tp,24,enc_s2_bottleneck,hotspot_gaussian,2.152277946472168,2.1508257389068604,2.15392804145813,-0.0014522075653076172,0.001650094985961914,-1.1362666228862255,32.97747747747748,136.08497947810284,52.97747747747748,141.08497947810284
japan_2020021612_strong,japan,strong,precip_large_zwd,precip,tp_mswep,q850_box_mean_g_per_kg,per-timestep spatial mean,actual_vs_uniform_tp,24,enc_s2_bottleneck,low_near_gaussian,2.152277946472168,2.1508257389068604,2.15274977684021,-0.0014522075653076172,0.0004718303680419922,-0.3249055984239041,32.97747747747748,136.08497947810284,52.97747747747748,141.08497947810284
japan_2020021612_strong,japan,strong,precip_large_zwd,precip,tp_mswep,q850_box_mean_g_per_kg,per-timestep spatial mean,actual_vs_uniform_tp,24,enc_s2_bottleneck,remote_control,2.152277946472168,2.1508257389068604,2.1514225006103516,-0.0014522075653076172,-0.0008554458618164062,0.589065834838286,32.97747747747748,136.08497947810284,52.97747747747748,141.08497947810284
japan_2020021612_strong,japan,strong,precip_large_zwd,precip,tp_mswep,q850_box_mean_g_per_kg,per-timestep spatial mean,actual_vs_uniform_tp,24,dec_s0_pre_skip,whole,2.152277946472168,2.1508257389068604,2.149437427520752,-0.0014522075653076172,-0.0028405189514160156,1.9560006567066164,32.97747747747748,136.08497947810284,52.97747747747748,141.08497947810284
japan_2020021612_strong,japan,strong,precip_large_zwd,precip,tp_mswep,q850_box_mean_g_per_kg,per-timestep spatial mean,actual_vs_uniform_tp,24,dec_s0_pre_skip,target_box,2.152277946472168,2.1508257389068604,2.153465747833252,-0.0014522075653076172,0.0011878013610839844,-0.8179280906255131,32.97747747747748,136.08497947810284,52.97747747747748,141.08497947810284
japan_2020021612_strong,japan,strong,precip_large_zwd,precip,tp_mswep,q850_box_mean_g_per_kg,per-timestep spatial mean,actual_vs_uniform_tp,24,dec_s0_pre_skip,mountain_near,2.152277946472168,2.1508257389068604,2.1521222591400146,-0.0014522075653076172,-0.0001556873321533203,0.10720735511410277,32.97747747747748,136.08497947810284,52.97747747747748,141.08497947810284
japan_2020021612_strong,japan,strong,precip_large_zwd,precip,tp_mswep,q850_box_mean_g_per_kg,per-timestep spatial mean,actual_vs_uniform_tp,24,dec_s0_pre_skip,upstream,2.152277946472168,2.1508257389068604,2.150824785232544,-0.0014522075653076172,-0.0014531612396240234,1.0006567066163192,32.97747747747748,136.08497947810284,52.97747747747748,141.08497947810284
japan_2020021612_strong,japan,strong,precip_large_zwd,precip,tp_mswep,q850_box_mean_g_per_kg,per-timestep spatial mean,actual_vs_uniform_tp,24,dec_s0_pre_skip,hotspot_gaussian,2.152277946472168,2.1508257389068604,2.15392804145813,-0.0014522075653076172,0.001650094985961914,-1.1362666228862255,32.97747747747748,136.08497947810284,52.97747747747748,141.08497947810284
japan_2020021612_strong,japan,strong,precip_large_zwd,precip,tp_mswep,q850_box_mean_g_per_kg,per-timestep spatial mean,actual_vs_uniform_tp,24,dec_s0_pre_skip,low_near_gaussian,2.152277946472168,2.1508257389068604,2.15274977684021,-0.0014522075653076172,0.0004718303680419922,-0.3249055984239041,32.97747747747748,136.08497947810284,52.97747747747748,141.08497947810284
japan_2020021612_strong,japan,strong,precip_large_zwd,precip,tp_mswep,q850_box_mean_g_per_kg,per-timestep spatial mean,actual_vs_uniform_tp,24,dec_s0_pre_skip,remote_control,2.152277946472168,2.1508257389068604,2.1514225006103516,-0.0014522075653076172,-0.0008554458618164062,0.589065834838286,32.97747747747748,136.08497947810284,52.97747747747748,141.08497947810284
japan_2020021612_strong,japan,strong,precip_large_zwd,precip,tp_mswep,q850_box_mean_g_per_kg,per-timestep spatial mean,actual_vs_uniform_tp,24,dec_s1_pre_skip,whole,2.152277946472168,2.1508257389068604,2.1530063152313232,-0.0014522075653076172,0.0007283687591552734,-0.501559678213758,32.97747747747748,136.08497947810284,52.97747747747748,141.08497947810284
japan_2020021612_strong,japan,strong,precip_large_zwd,precip,tp_mswep,q850_box_mean_g_per_kg,per-timestep spatial mean,actual_vs_uniform_tp,24,dec_s1_pre_skip,target_box,2.152277946472168,2.1508257389068604,2.1517443656921387,-0.0014522075653076172,-0.0005335807800292969,0.3674273518305697,32.97747747747748,136.08497947810284,52.97747747747748,141.08497947810284
japan_2020021612_strong,japan,strong,precip_large_zwd,precip,tp_mswep,q850_box_mean_g_per_kg,per-timestep spatial mean,actual_vs_uniform_tp,24,dec_s1_pre_skip,mountain_near,2.152277946472168,2.1508257389068604,2.148592710494995,-0.0014522075653076172,-0.0036852359771728516,2.537678542111312,32.97747747747748,136.08497947810284,52.97747747747748,141.08497947810284
japan_2020021612_strong,japan,strong,precip_large_zwd,precip,tp_mswep,q850_box_mean_g_per_kg,per-timestep spatial mean,actual_vs_uniform_tp,24,dec_s1_pre_skip,upstream,2.152277946472168,2.1508257389068604,2.153350830078125,-0.0014522075653076172,0.0010728836059570312,-0.7387949433590544,32.97747747747748,136.08497947810284,52.97747747747748,141.08497947810284
japan_2020021612_strong,japan,strong,precip_large_zwd,precip,tp_mswep,q850_box_mean_g_per_kg,per-timestep spatial mean,actual_vs_uniform_tp,24,dec_s1_pre_skip,hotspot_gaussian,2.152277946472168,2.1508257389068604,2.151418924331665,-0.0014522075653076172,-0.0008590221405029297,0.5915284846494828,32.97747747747748,136.08497947810284,52.97747747747748,141.08497947810284
japan_2020021612_strong,japan,strong,precip_large_zwd,precip,tp_mswep,q850_box_mean_g_per_kg,per-timestep spatial mean,actual_vs_uniform_tp,24,dec_s1_pre_skip,low_near_gaussian,2.152277946472168,2.1508257389068604,2.1499834060668945,-0.0014522075653076172,-0.0022945404052734375,1.5800361188638976,32.97747747747748,136.08497947810284,52.97747747747748,141.08497947810284
japan_2020021612_strong,japan,strong,precip_large_zwd,precip,tp_mswep,q850_box_mean_g_per_kg,per-timestep spatial mean,actual_vs_uniform_tp,24,dec_s1_pre_skip,remote_control,2.152277946472168,2.1508257389068604,2.1524922847747803,-0.0014522075653076172,0.0002143383026123047,-0.1475948120177311,32.97747747747748,136.08497947810284,52.97747747747748,141.08497947810284
japan_2020021612_strong,japan,strong,precip_large_zwd,precip,tp_mswep,q850_box_mean_g_per_kg,per-timestep spatial mean,actual_vs_uniform_tp,24,dec_s1_post_skip,whole,2.152277946472168,2.1508257389068604,2.1502363681793213,-0.0014522075653076172,-0.0020415782928466797,1.4058446888852405,32.97747747747748,136.08497947810284,52.97747747747748,141.08497947810284
japan_2020021612_strong,japan,strong,precip_large_zwd,precip,tp_mswep,q850_box_mean_g_per_kg,per-timestep spatial mean,actual_vs_uniform_tp,24,dec_s1_post_skip,target_box,2.152277946472168,2.1508257389068604,2.1524014472961426,-0.0014522075653076172,0.00012350082397460938,-0.08504350681333114,32.97747747747748,136.08497947810284,52.97747747747748,141.08497947810284
japan_2020021612_strong,japan,strong,precip_large_zwd,precip,tp_mswep,q850_box_mean_g_per_kg,per-timestep spatial mean,actual_vs_uniform_tp,24,dec_s1_post_skip,mountain_near,2.152277946472168,2.1508257389068604,2.1523618698120117,-0.0014522075653076172,8.392333984375e-05,-0.05779018223608603,32.97747747747748,136.08497947810284,52.97747747747748,141.08497947810284
japan_2020021612_strong,japan,strong,precip_large_zwd,precip,tp_mswep,q850_box_mean_g_per_kg,per-timestep spatial mean,actual_vs_uniform_tp,24,dec_s1_post_skip,upstream,2.152277946472168,2.1508257389068604,2.151764392852783,-0.0014522075653076172,-0.0005135536193847656,0.35363651288786735,32.97747747747748,136.08497947810284,52.97747747747748,141.08497947810284
japan_2020021612_strong,japan,strong,precip_large_zwd,precip,tp_mswep,q850_box_mean_g_per_kg,per-timestep spatial mean,actual_vs_uniform_tp,24,dec_s1_post_skip,hotspot_gaussian,2.152277946472168,2.1508257389068604,2.151822328567505,-0.0014522075653076172,-0.00045561790466308594,0.3137415859464784,32.97747747747748,136.08497947810284,52.97747747747748,141.08497947810284
japan_2020021612_strong,japan,strong,precip_large_zwd,precip,tp_mswep,q850_box_mean_g_per_kg,per-timestep spatial mean,actual_vs_uniform_tp,24,dec_s1_post_skip,low_near_gaussian,2.152277946472168,2.1508257389068604,2.151423454284668,-0.0014522075653076172,-0.0008544921875,0.5884091282219668,32.97747747747748,136.08497947810284,52.97747747747748,141.08497947810284
japan_2020021612_strong,japan,strong,precip_large_zwd,precip,tp_mswep,q850_box_mean_g_per_kg,per-timestep spatial mean,actual_vs_uniform_tp,24,dec_s1_post_skip,remote_control,2.152277946472168,2.1508257389068604,2.1526525020599365,-0.0014522075653076172,0.0003745555877685547,-0.2579215235593499,32.97747747747748,136.08497947810284,52.97747747747748,141.08497947810284
japan_2020021612_strong,japan,strong,precip_large_zwd,precip,tp_mswep,q850_box_mean_g_per_kg,per-timestep spatial mean,actual_vs_uniform_tp,24,dec_s2_pre_concat,whole,2.152277946472168,2.1508257389068604,2.1502363681793213,-0.0014522075653076172,-0.0020415782928466797,1.4058446888852405,32.97747747747748,136.08497947810284,52.97747747747748,141.08497947810284
japan_2020021612_strong,japan,strong,precip_large_zwd,precip,tp_mswep,q850_box_mean_g_per_kg,per-timestep spatial mean,actual_vs_uniform_tp,24,dec_s2_pre_concat,target_box,2.152277946472168,2.1508257389068604,2.1524014472961426,-0.0014522075653076172,0.00012350082397460938,-0.08504350681333114,32.97747747747748,136.08497947810284,52.97747747747748,141.08497947810284
japan_2020021612_strong,japan,strong,precip_large_zwd,precip,tp_mswep,q850_box_mean_g_per_kg,per-timestep spatial mean,actual_vs_uniform_tp,24,dec_s2_pre_concat,mountain_near,2.152277946472168,2.1508257389068604,2.1523618698120117,-0.0014522075653076172,8.392333984375e-05,-0.05779018223608603,32.97747747747748,136.08497947810284,52.97747747747748,141.08497947810284
japan_2020021612_strong,japan,strong,precip_large_zwd,precip,tp_mswep,q850_box_mean_g_per_kg,per-timestep spatial mean,actual_vs_uniform_tp,24,dec_s2_pre_concat,upstream,2.152277946472168,2.1508257389068604,2.151764392852783,-0.0014522075653076172,-0.0005135536193847656,0.35363651288786735,32.97747747747748,136.08497947810284,52.97747747747748,141.08497947810284
japan_2020021612_strong,japan,strong,precip_large_zwd,precip,tp_mswep,q850_box_mean_g_per_kg,per-timestep spatial mean,actual_vs_uniform_tp,24,dec_s2_pre_concat,hotspot_gaussian,2.152277946472168,2.1508257389068604,2.151822328567505,-0.0014522075653076172,-0.00045561790466308594,0.3137415859464784,32.97747747747748,136.08497947810284,52.97747747747748,141.08497947810284
japan_2020021612_strong,japan,strong,precip_large_zwd,precip,tp_mswep,q850_box_mean_g_per_kg,per-timestep spatial mean,actual_vs_uniform_tp,24,dec_s2_pre_concat,low_near_gaussian,2.152277946472168,2.1508257389068604,2.151423454284668,-0.0014522075653076172,-0.0008544921875,0.5884091282219668,32.97747747747748,136.08497947810284,52.97747747747748,141.08497947810284
japan_2020021612_strong,japan,strong,precip_large_zwd,precip,tp_mswep,q850_box_mean_g_per_kg,per-timestep spatial mean,actual_vs_uniform_tp,24,dec_s2_pre_concat,remote_control,2.152277946472168,2.1508257389068604,2.1526525020599365,-0.0014522075653076172,0.0003745555877685547,-0.2579215235593499,32.97747747747748,136.08497947810284,52.97747747747748,141.08497947810284
japan_2020021612_strong,japan,strong,precip_large_zwd,precip,tp_mswep,q850_box_mean_g_per_kg,per-timestep spatial mean,actual_vs_uniform_tp,24,dec_s2_post_concat,whole,2.152277946472168,2.1508257389068604,2.1508638858795166,-0.0014522075653076172,-0.0014140605926513672,0.9737317353472337,32.97747747747748,136.08497947810284,52.97747747747748,141.08497947810284
japan_2020021612_strong,japan,strong,precip_large_zwd,precip,tp_mswep,q850_box_mean_g_per_kg,per-timestep spatial mean,actual_vs_uniform_tp,24,dec_s2_post_concat,target_box,2.152277946472168,2.1508257389068604,2.150808811187744,-0.0014522075653076172,-0.0014691352844238281,1.011656542439665,32.97747747747748,136.08497947810284,52.97747747747748,141.08497947810284
japan_2020021612_strong,japan,strong,precip_large_zwd,precip,tp_mswep,q850_box_mean_g_per_kg,per-timestep spatial mean,actual_vs_uniform_tp,24,dec_s2_post_concat,mountain_near,2.152277946472168,2.1508257389068604,2.1521449089050293,-0.0014522075653076172,-0.00013303756713867188,0.09161057297652274,32.97747747747748,136.08497947810284,52.97747747747748,141.08497947810284
japan_2020021612_strong,japan,strong,precip_large_zwd,precip,tp_mswep,q850_box_mean_g_per_kg,per-timestep spatial mean,actual_vs_uniform_tp,24,dec_s2_post_concat,upstream,2.152277946472168,2.1508257389068604,2.149796724319458,-0.0014522075653076172,-0.002481222152709961,1.708586439008373,32.97747747747748,136.08497947810284,52.97747747747748,141.08497947810284
japan_2020021612_strong,japan,strong,precip_large_zwd,precip,tp_mswep,q850_box_mean_g_per_kg,per-timestep spatial mean,actual_vs_uniform_tp,24,dec_s2_post_concat,hotspot_gaussian,2.152277946472168,2.1508257389068604,2.149592876434326,-0.0014522075653076172,-0.002685070037841797,1.8489574782465934,32.97747747747748,136.08497947810284,52.97747747747748,141.08497947810284
japan_2020021612_strong,japan,strong,precip_large_zwd,precip,tp_mswep,q850_box_mean_g_per_kg,per-timestep spatial mean,actual_vs_uniform_tp,24,dec_s2_post_concat,low_near_gaussian,2.152277946472168,2.1508257389068604,2.151916980743408,-0.0014522075653076172,-0.0003609657287597656,0.24856345427680185,32.97747747747748,136.08497947810284,52.97747747747748,141.08497947810284
japan_2020021612_strong,japan,strong,precip_large_zwd,precip,tp_mswep,q850_box_mean_g_per_kg,per-timestep spatial mean,actual_vs_uniform_tp,24,dec_s2_post_concat,remote_control,2.152277946472168,2.1508257389068604,2.1512224674224854,-0.0014522075653076172,-0.0010554790496826172,0.7268100476112297,32.97747747747748,136.08497947810284,52.97747747747748,141.08497947810284
