case_id,target,role,model_key,variable,input_name,target_metric,baseline,contrast,lead_h,patch_site,patch_region,score_base,score_source,score_patched,delta_source_minus_base,delta_patched_minus_base,recovery,hotspot_lat,hotspot_lon,low_near_lat,low_near_lon
himalayas_2020021612_strong,himalayas,strong,precip_large_zwd,precip,tp_mswep,q850_box_mean_g_per_kg,per-timestep spatial mean,actual_vs_uniform_tp,6,enc_s0_skip,whole,4.5914764404296875,4.593423843383789,4.592091083526611,0.0019474029541015625,0.0006146430969238281,0.31562193927522036,25.72747747747748,84.4321042943339,45.72747747747748,84.4321042943339
himalayas_2020021612_strong,himalayas,strong,precip_large_zwd,precip,tp_mswep,q850_box_mean_g_per_kg,per-timestep spatial mean,actual_vs_uniform_tp,6,enc_s0_skip,target_box,4.5914764404296875,4.593423843383789,4.591804027557373,0.0019474029541015625,0.0003275871276855469,0.16821743388834476,25.72747747747748,84.4321042943339,45.72747747747748,84.4321042943339
himalayas_2020021612_strong,himalayas,strong,precip_large_zwd,precip,tp_mswep,q850_box_mean_g_per_kg,per-timestep spatial mean,actual_vs_uniform_tp,6,enc_s0_skip,mountain_near,4.5914764404296875,4.593423843383789,4.59156608581543,0.0019474029541015625,8.96453857421875e-05,0.04603330068560235,25.72747747747748,84.4321042943339,45.72747747747748,84.4321042943339
himalayas_2020021612_strong,himalayas,strong,precip_large_zwd,precip,tp_mswep,q850_box_mean_g_per_kg,per-timestep spatial mean,actual_vs_uniform_tp,6,enc_s0_skip,upstream,4.5914764404296875,4.593423843383789,4.592139720916748,0.0019474029541015625,0.0006632804870605469,0.34059745347698334,25.72747747747748,84.4321042943339,45.72747747747748,84.4321042943339
himalayas_2020021612_strong,himalayas,strong,precip_large_zwd,precip,tp_mswep,q850_box_mean_g_per_kg,per-timestep spatial mean,actual_vs_uniform_tp,6,enc_s0_skip,hotspot_gaussian,4.5914764404296875,4.593423843383789,4.592148780822754,0.0019474029541015625,0.0006723403930664062,0.3452497551420176,25.72747747747748,84.4321042943339,45.72747747747748,84.4321042943339
himalayas_2020021612_strong,himalayas,strong,precip_large_zwd,precip,tp_mswep,q850_box_mean_g_per_kg,per-timestep spatial mean,actual_vs_uniform_tp,6,enc_s0_skip,low_near_gaussian,4.5914764404296875,4.593423843383789,4.59163761138916,0.0019474029541015625,0.00016117095947265625,0.08276199804113614,25.72747747747748,84.4321042943339,45.72747747747748,84.4321042943339
himalayas_2020021612_strong,himalayas,strong,precip_large_zwd,precip,tp_mswep,q850_box_mean_g_per_kg,per-timestep spatial mean,actual_vs_uniform_tp,6,enc_s0_skip,remote_control,4.5914764404296875,4.593423843383789,4.591646671295166,0.0019474029541015625,0.00017023086547851562,0.08741429970617041,25.72747747747748,84.4321042943339,45.72747747747748,84.4321042943339
himalayas_2020021612_strong,himalayas,strong,precip_large_zwd,precip,tp_mswep,q850_box_mean_g_per_kg,per-timestep spatial mean,actual_vs_uniform_tp,6,enc_s1_skip,whole,4.5914764404296875,4.593423843383789,4.5914764404296875,0.0019474029541015625,0.0,0.0,25.72747747747748,84.4321042943339,45.72747747747748,84.4321042943339
himalayas_2020021612_strong,himalayas,strong,precip_large_zwd,precip,tp_mswep,q850_box_mean_g_per_kg,per-timestep spatial mean,actual_vs_uniform_tp,6,enc_s1_skip,target_box,4.5914764404296875,4.593423843383789,4.5914764404296875,0.0019474029541015625,0.0,0.0,25.72747747747748,84.4321042943339,45.72747747747748,84.4321042943339
himalayas_2020021612_strong,himalayas,strong,precip_large_zwd,precip,tp_mswep,q850_box_mean_g_per_kg,per-timestep spatial mean,actual_vs_uniform_tp,6,enc_s1_skip,mountain_near,4.5914764404296875,4.593423843383789,4.5914764404296875,0.0019474029541015625,0.0,0.0,25.72747747747748,84.4321042943339,45.72747747747748,84.4321042943339
himalayas_2020021612_strong,himalayas,strong,precip_large_zwd,precip,tp_mswep,q850_box_mean_g_per_kg,per-timestep spatial mean,actual_vs_uniform_tp,6,enc_s1_skip,upstream,4.5914764404296875,4.593423843383789,4.5914764404296875,0.0019474029541015625,0.0,0.0,25.72747747747748,84.4321042943339,45.72747747747748,84.4321042943339
himalayas_2020021612_strong,himalayas,strong,precip_large_zwd,precip,tp_mswep,q850_box_mean_g_per_kg,per-timestep spatial mean,actual_vs_uniform_tp,6,enc_s1_skip,hotspot_gaussian,4.5914764404296875,4.593423843383789,4.5914764404296875,0.0019474029541015625,0.0,0.0,25.72747747747748,84.4321042943339,45.72747747747748,84.4321042943339
himalayas_2020021612_strong,himalayas,strong,precip_large_zwd,precip,tp_mswep,q850_box_mean_g_per_kg,per-timestep spatial mean,actual_vs_uniform_tp,6,enc_s1_skip,low_near_gaussian,4.5914764404296875,4.593423843383789,4.5914764404296875,0.0019474029541015625,0.0,0.0,25.72747747747748,84.4321042943339,45.72747747747748,84.4321042943339
himalayas_2020021612_strong,himalayas,strong,precip_large_zwd,precip,tp_mswep,q850_box_mean_g_per_kg,per-timestep spatial mean,actual_vs_uniform_tp,6,enc_s1_skip,remote_control,4.5914764404296875,4.593423843383789,4.5914764404296875,0.0019474029541015625,0.0,0.0,25.72747747747748,84.4321042943339,45.72747747747748,84.4321042943339
himalayas_2020021612_strong,himalayas,strong,precip_large_zwd,precip,tp_mswep,q850_box_mean_g_per_kg,per-timestep spatial mean,actual_vs_uniform_tp,6,enc_s2_bottleneck,whole,4.5914764404296875,4.593423843383789,4.592855453491211,0.0019474029541015625,0.0013790130615234375,0.7081292850146915,25.72747747747748,84.4321042943339,45.72747747747748,84.4321042943339
himalayas_2020021612_strong,himalayas,strong,precip_large_zwd,precip,tp_mswep,q850_box_mean_g_per_kg,per-timestep spatial mean,actual_vs_uniform_tp,6,enc_s2_bottleneck,target_box,4.5914764404296875,4.593423843383789,4.592528820037842,0.0019474029541015625,0.0010523796081542969,0.5404015670910872,25.72747747747748,84.4321042943339,45.72747747747748,84.4321042943339
himalayas_2020021612_strong,himalayas,strong,precip_large_zwd,precip,tp_mswep,q850_box_mean_g_per_kg,per-timestep spatial mean,actual_vs_uniform_tp,6,enc_s2_bottleneck,mountain_near,4.5914764404296875,4.593423843383789,4.591599941253662,0.0019474029541015625,0.00012350082397460938,0.06341821743388834,25.72747747747748,84.4321042943339,45.72747747747748,84.4321042943339
himalayas_2020021612_strong,himalayas,strong,precip_large_zwd,precip,tp_mswep,q850_box_mean_g_per_kg,per-timestep spatial mean,actual_vs_uniform_tp,6,enc_s2_bottleneck,upstream,4.5914764404296875,4.593423843383789,4.59165096282959,0.0019474029541015625,0.00017452239990234375,0.08961802154750245,25.72747747747748,84.4321042943339,45.72747747747748,84.4321042943339
himalayas_2020021612_strong,himalayas,strong,precip_large_zwd,precip,tp_mswep,q850_box_mean_g_per_kg,per-timestep spatial mean,actual_vs_uniform_tp,6,enc_s2_bottleneck,hotspot_gaussian,4.5914764404296875,4.593423843383789,4.59283447265625,0.0019474029541015625,0.0013580322265625,0.6973555337904016,25.72747747747748,84.4321042943339,45.72747747747748,84.4321042943339
himalayas_2020021612_strong,himalayas,strong,precip_large_zwd,precip,tp_mswep,q850_box_mean_g_per_kg,per-timestep spatial mean,actual_vs_uniform_tp,6,enc_s2_bottleneck,low_near_gaussian,4.5914764404296875,4.593423843383789,4.592214584350586,0.0019474029541015625,0.0007381439208984375,0.37904015670910873,25.72747747747748,84.4321042943339,45.72747747747748,84.4321042943339
himalayas_2020021612_strong,himalayas,strong,precip_large_zwd,precip,tp_mswep,q850_box_mean_g_per_kg,per-timestep spatial mean,actual_vs_uniform_tp,6,enc_s2_bottleneck,remote_control,4.5914764404296875,4.593423843383789,4.591291904449463,0.0019474029541015625,-0.00018453598022460938,-0.09476003917727718,25.72747747747748,84.4321042943339,45.72747747747748,84.4321042943339
himalayas_2020021612_strong,himalayas,strong,precip_large_zwd,precip,tp_mswep,q850_box_mean_g_per_kg,per-timestep spatial mean,actual_vs_uniform_tp,6,dec_s0_pre_skip,whole,4.5914764404296875,4.593423843383789,4.592855453491211,0.0019474029541015625,0.0013790130615234375,0.7081292850146915,25.72747747747748,84.4321042943339,45.72747747747748,84.4321042943339
himalayas_2020021612_strong,himalayas,strong,precip_large_zwd,precip,tp_mswep,q850_box_mean_g_per_kg,per-timestep spatial mean,actual_vs_uniform_tp,6,dec_s0_pre_skip,target_box,4.5914764404296875,4.593423843383789,4.592528820037842,0.0019474029541015625,0.0010523796081542969,0.5404015670910872,25.72747747747748,84.4321042943339,45.72747747747748,84.4321042943339
himalayas_2020021612_strong,himalayas,strong,precip_large_zwd,precip,tp_mswep,q850_box_mean_g_per_kg,per-timestep spatial mean,actual_vs_uniform_tp,6,dec_s0_pre_skip,mountain_near,4.5914764404296875,4.593423843383789,4.591599941253662,0.0019474029541015625,0.00012350082397460938,0.06341821743388834,25.72747747747748,84.4321042943339,45.72747747747748,84.4321042943339
himalayas_2020021612_strong,himalayas,strong,precip_large_zwd,precip,tp_mswep,q850_box_mean_g_per_kg,per-timestep spatial mean,actual_vs_uniform_tp,6,dec_s0_pre_skip,upstream,4.5914764404296875,4.593423843383789,4.59165096282959,0.0019474029541015625,0.00017452239990234375,0.08961802154750245,25.72747747747748,84.4321042943339,45.72747747747748,84.4321042943339
himalayas_2020021612_strong,himalayas,strong,precip_large_zwd,precip,tp_mswep,q850_box_mean_g_per_kg,per-timestep spatial mean,actual_vs_uniform_tp,6,dec_s0_pre_skip,hotspot_gaussian,4.5914764404296875,4.593423843383789,4.59283447265625,0.0019474029541015625,0.0013580322265625,0.6973555337904016,25.72747747747748,84.4321042943339,45.72747747747748,84.4321042943339
himalayas_2020021612_strong,himalayas,strong,precip_large_zwd,precip,tp_mswep,q850_box_mean_g_per_kg,per-timestep spatial mean,actual_vs_uniform_tp,6,dec_s0_pre_skip,low_near_gaussian,4.5914764404296875,4.593423843383789,4.592214584350586,0.0019474029541015625,0.0007381439208984375,0.37904015670910873,25.72747747747748,84.4321042943339,45.72747747747748,84.4321042943339
himalayas_2020021612_strong,himalayas,strong,precip_large_zwd,precip,tp_mswep,q850_box_mean_g_per_kg,per-timestep spatial mean,actual_vs_uniform_tp,6,dec_s0_pre_skip,remote_control,4.5914764404296875,4.593423843383789,4.591291904449463,0.0019474029541015625,-0.00018453598022460938,-0.09476003917727718,25.72747747747748,84.4321042943339,45.72747747747748,84.4321042943339
himalayas_2020021612_strong,himalayas,strong,precip_large_zwd,precip,tp_mswep,q850_box_mean_g_per_kg,per-timestep spatial mean,actual_vs_uniform_tp,6,dec_s1_pre_skip,whole,4.5914764404296875,4.593423843383789,4.592942237854004,0.0019474029541015625,0.0014657974243164062,0.7526934378060725,25.72747747747748,84.4321042943339,45.72747747747748,84.4321042943339
himalayas_2020021612_strong,himalayas,strong,precip_large_zwd,precip,tp_mswep,q850_box_mean_g_per_kg,per-timestep spatial mean,actual_vs_uniform_tp,6,dec_s1_pre_skip,target_box,4.5914764404296875,4.593423843383789,4.592336654663086,0.0019474029541015625,0.0008602142333984375,0.44172380019588636,25.72747747747748,84.4321042943339,45.72747747747748,84.4321042943339
himalayas_2020021612_strong,himalayas,strong,precip_large_zwd,precip,tp_mswep,q850_box_mean_g_per_kg,per-timestep spatial mean,actual_vs_uniform_tp,6,dec_s1_pre_skip,mountain_near,4.5914764404296875,4.593423843383789,4.593655109405518,0.0019474029541015625,0.002178668975830078,1.1187561214495592,25.72747747747748,84.4321042943339,45.72747747747748,84.4321042943339
himalayas_2020021612_strong,himalayas,strong,precip_large_zwd,precip,tp_mswep,q850_box_mean_g_per_kg,per-timestep spatial mean,actual_vs_uniform_tp,6,dec_s1_pre_skip,upstream,4.5914764404296875,4.593423843383789,4.592650890350342,0.0019474029541015625,0.0011744499206542969,0.6030852105778648,25.72747747747748,84.4321042943339,45.72747747747748,84.4321042943339
himalayas_2020021612_strong,himalayas,strong,precip_large_zwd,precip,tp_mswep,q850_box_mean_g_per_kg,per-timestep spatial mean,actual_vs_uniform_tp,6,dec_s1_pre_skip,hotspot_gaussian,4.5914764404296875,4.593423843383789,4.592757701873779,0.0019474029541015625,0.0012812614440917969,0.6579333986287953,25.72747747747748,84.4321042943339,45.72747747747748,84.4321042943339
himalayas_2020021612_strong,himalayas,strong,precip_large_zwd,precip,tp_mswep,q850_box_mean_g_per_kg,per-timestep spatial mean,actual_vs_uniform_tp,6,dec_s1_pre_skip,low_near_gaussian,4.5914764404296875,4.593423843383789,4.592794418334961,0.0019474029541015625,0.0013179779052734375,0.6767874632713027,25.72747747747748,84.4321042943339,45.72747747747748,84.4321042943339
himalayas_2020021612_strong,himalayas,strong,precip_large_zwd,precip,tp_mswep,q850_box_mean_g_per_kg,per-timestep spatial mean,actual_vs_uniform_tp,6,dec_s1_pre_skip,remote_control,4.5914764404296875,4.593423843383789,4.592372894287109,0.0019474029541015625,0.000896453857421875,0.4603330068560235,25.72747747747748,84.4321042943339,45.72747747747748,84.4321042943339
himalayas_2020021612_strong,himalayas,strong,precip_large_zwd,precip,tp_mswep,q850_box_mean_g_per_kg,per-timestep spatial mean,actual_vs_uniform_tp,6,dec_s1_post_skip,whole,4.5914764404296875,4.593423843383789,4.593629360198975,0.0019474029541015625,0.0021529197692871094,1.1055337904015672,25.72747747747748,84.4321042943339,45.72747747747748,84.4321042943339
himalayas_2020021612_strong,himalayas,strong,precip_large_zwd,precip,tp_mswep,q850_box_mean_g_per_kg,per-timestep spatial mean,actual_vs_uniform_tp,6,dec_s1_post_skip,target_box,4.5914764404296875,4.593423843383789,4.59318208694458,0.0019474029541015625,0.0017056465148925781,0.8758570029382958,25.72747747747748,84.4321042943339,45.72747747747748,84.4321042943339
himalayas_2020021612_strong,himalayas,strong,precip_large_zwd,precip,tp_mswep,q850_box_mean_g_per_kg,per-timestep spatial mean,actual_vs_uniform_tp,6,dec_s1_post_skip,mountain_near,4.5914764404296875,4.593423843383789,4.593095302581787,0.0019474029541015625,0.0016188621520996094,0.8312928501469148,25.72747747747748,84.4321042943339,45.72747747747748,84.4321042943339
himalayas_2020021612_strong,himalayas,strong,precip_large_zwd,precip,tp_mswep,q850_box_mean_g_per_kg,per-timestep spatial mean,actual_vs_uniform_tp,6,dec_s1_post_skip,upstream,4.5914764404296875,4.593423843383789,4.591912269592285,0.0019474029541015625,0.00043582916259765625,0.2238001958863859,25.72747747747748,84.4321042943339,45.72747747747748,84.4321042943339
himalayas_2020021612_strong,himalayas,strong,precip_large_zwd,precip,tp_mswep,q850_box_mean_g_per_kg,per-timestep spatial mean,actual_vs_uniform_tp,6,dec_s1_post_skip,hotspot_gaussian,4.5914764404296875,4.593423843383789,4.593685150146484,0.0019474029541015625,0.002208709716796875,1.1341821743388834,25.72747747747748,84.4321042943339,45.72747747747748,84.4321042943339
himalayas_2020021612_strong,himalayas,strong,precip_large_zwd,precip,tp_mswep,q850_box_mean_g_per_kg,per-timestep spatial mean,actual_vs_uniform_tp,6,dec_s1_post_skip,low_near_gaussian,4.5914764404296875,4.593423843383789,4.5914835929870605,0.0019474029541015625,7.152557373046875e-06,0.003672869735553379,25.72747747747748,84.4321042943339,45.72747747747748,84.4321042943339
himalayas_2020021612_strong,himalayas,strong,precip_large_zwd,precip,tp_mswep,q850_box_mean_g_per_kg,per-timestep spatial mean,actual_vs_uniform_tp,6,dec_s1_post_skip,remote_control,4.5914764404296875,4.593423843383789,4.591658592224121,0.0019474029541015625,0.00018215179443359375,0.09353574926542606,25.72747747747748,84.4321042943339,45.72747747747748,84.4321042943339
himalayas_2020021612_strong,himalayas,strong,precip_large_zwd,precip,tp_mswep,q850_box_mean_g_per_kg,per-timestep spatial mean,actual_vs_uniform_tp,6,dec_s2_pre_concat,whole,4.5914764404296875,4.593423843383789,4.593629360198975,0.0019474029541015625,0.0021529197692871094,1.1055337904015672,25.72747747747748,84.4321042943339,45.72747747747748,84.4321042943339
himalayas_2020021612_strong,himalayas,strong,precip_large_zwd,precip,tp_mswep,q850_box_mean_g_per_kg,per-timestep spatial mean,actual_vs_uniform_tp,6,dec_s2_pre_concat,target_box,4.5914764404296875,4.593423843383789,4.59318208694458,0.0019474029541015625,0.0017056465148925781,0.8758570029382958,25.72747747747748,84.4321042943339,45.72747747747748,84.4321042943339
himalayas_2020021612_strong,himalayas,strong,precip_large_zwd,precip,tp_mswep,q850_box_mean_g_per_kg,per-timestep spatial mean,actual_vs_uniform_tp,6,dec_s2_pre_concat,mountain_near,4.5914764404296875,4.593423843383789,4.593095302581787,0.0019474029541015625,0.0016188621520996094,0.8312928501469148,25.72747747747748,84.4321042943339,45.72747747747748,84.4321042943339
himalayas_2020021612_strong,himalayas,strong,precip_large_zwd,precip,tp_mswep,q850_box_mean_g_per_kg,per-timestep spatial mean,actual_vs_uniform_tp,6,dec_s2_pre_concat,upstream,4.5914764404296875,4.593423843383789,4.591912269592285,0.0019474029541015625,0.00043582916259765625,0.2238001958863859,25.72747747747748,84.4321042943339,45.72747747747748,84.4321042943339
himalayas_2020021612_strong,himalayas,strong,precip_large_zwd,precip,tp_mswep,q850_box_mean_g_per_kg,per-timestep spatial mean,actual_vs_uniform_tp,6,dec_s2_pre_concat,hotspot_gaussian,4.5914764404296875,4.593423843383789,4.593685150146484,0.0019474029541015625,0.002208709716796875,1.1341821743388834,25.72747747747748,84.4321042943339,45.72747747747748,84.4321042943339
himalayas_2020021612_strong,himalayas,strong,precip_large_zwd,precip,tp_mswep,q850_box_mean_g_per_kg,per-timestep spatial mean,actual_vs_uniform_tp,6,dec_s2_pre_concat,low_near_gaussian,4.5914764404296875,4.593423843383789,4.5914835929870605,0.0019474029541015625,7.152557373046875e-06,0.003672869735553379,25.72747747747748,84.4321042943339,45.72747747747748,84.4321042943339
himalayas_2020021612_strong,himalayas,strong,precip_large_zwd,precip,tp_mswep,q850_box_mean_g_per_kg,per-timestep spatial mean,actual_vs_uniform_tp,6,dec_s2_pre_concat,remote_control,4.5914764404296875,4.593423843383789,4.591658592224121,0.0019474029541015625,0.00018215179443359375,0.09353574926542606,25.72747747747748,84.4321042943339,45.72747747747748,84.4321042943339
himalayas_2020021612_strong,himalayas,strong,precip_large_zwd,precip,tp_mswep,q850_box_mean_g_per_kg,per-timestep spatial mean,actual_vs_uniform_tp,6,dec_s2_post_concat,whole,4.5914764404296875,4.593423843383789,4.593471050262451,0.0019474029541015625,0.001994609832763672,1.0242409402546524,25.72747747747748,84.4321042943339,45.72747747747748,84.4321042943339
himalayas_2020021612_strong,himalayas,strong,precip_large_zwd,precip,tp_mswep,q850_box_mean_g_per_kg,per-timestep spatial mean,actual_vs_uniform_tp,6,dec_s2_post_concat,target_box,4.5914764404296875,4.593423843383789,4.593057155609131,0.0019474029541015625,0.0015807151794433594,0.8117042115572968,25.72747747747748,84.4321042943339,45.72747747747748,84.4321042943339
himalayas_2020021612_strong,himalayas,strong,precip_large_zwd,precip,tp_mswep,q850_box_mean_g_per_kg,per-timestep spatial mean,actual_vs_uniform_tp,6,dec_s2_post_concat,mountain_near,4.5914764404296875,4.593423843383789,4.592892646789551,0.0019474029541015625,0.0014162063598632812,0.7272282076395691,25.72747747747748,84.4321042943339,45.72747747747748,84.4321042943339
himalayas_2020021612_strong,himalayas,strong,precip_large_zwd,precip,tp_mswep,q850_box_mean_g_per_kg,per-timestep spatial mean,actual_vs_uniform_tp,6,dec_s2_post_concat,upstream,4.5914764404296875,4.593423843383789,4.591922283172607,0.0019474029541015625,0.0004458427429199219,0.22894221351616062,25.72747747747748,84.4321042943339,45.72747747747748,84.4321042943339
himalayas_2020021612_strong,himalayas,strong,precip_large_zwd,precip,tp_mswep,q850_box_mean_g_per_kg,per-timestep spatial mean,actual_vs_uniform_tp,6,dec_s2_post_concat,hotspot_gaussian,4.5914764404296875,4.593423843383789,4.593255043029785,0.0019474029541015625,0.0017786026000976562,0.9133202742409402,25.72747747747748,84.4321042943339,45.72747747747748,84.4321042943339
himalayas_2020021612_strong,himalayas,strong,precip_large_zwd,precip,tp_mswep,q850_box_mean_g_per_kg,per-timestep spatial mean,actual_vs_uniform_tp,6,dec_s2_post_concat,low_near_gaussian,4.5914764404296875,4.593423843383789,4.5915656089782715,0.0019474029541015625,8.916854858398438e-05,0.045788442703232124,25.72747747747748,84.4321042943339,45.72747747747748,84.4321042943339
himalayas_2020021612_strong,himalayas,strong,precip_large_zwd,precip,tp_mswep,q850_box_mean_g_per_kg,per-timestep spatial mean,actual_vs_uniform_tp,6,dec_s2_post_concat,remote_control,4.5914764404296875,4.593423843383789,4.591474533081055,0.0019474029541015625,-1.9073486328125e-06,-0.0009794319294809011,25.72747747747748,84.4321042943339,45.72747747747748,84.4321042943339
himalayas_2020021612_strong,himalayas,strong,precip_large_zwd,precip,tp_mswep,q850_box_mean_g_per_kg,per-timestep spatial mean,actual_vs_uniform_tp,12,enc_s0_skip,whole,4.084015369415283,4.0855841636657715,4.083004951477051,0.0015687942504882812,-0.0010104179382324219,-0.6440729483282674,25.72747747747748,84.4321042943339,45.72747747747748,84.4321042943339
himalayas_2020021612_strong,himalayas,strong,precip_large_zwd,precip,tp_mswep,q850_box_mean_g_per_kg,per-timestep spatial mean,actual_vs_uniform_tp,12,enc_s0_skip,target_box,4.084015369415283,4.0855841636657715,4.082458019256592,0.0015687942504882812,-0.0015573501586914062,-0.9927051671732523,25.72747747747748,84.4321042943339,45.72747747747748,84.4321042943339
himalayas_2020021612_strong,himalayas,strong,precip_large_zwd,precip,tp_mswep,q850_box_mean_g_per_kg,per-timestep spatial mean,actual_vs_uniform_tp,12,enc_s0_skip,mountain_near,4.084015369415283,4.0855841636657715,4.083703517913818,0.0015687942504882812,-0.00031185150146484375,-0.19878419452887539,25.72747747747748,84.4321042943339,45.72747747747748,84.4321042943339
himalayas_2020021612_strong,himalayas,strong,precip_large_zwd,precip,tp_mswep,q850_box_mean_g_per_kg,per-timestep spatial mean,actual_vs_uniform_tp,12,enc_s0_skip,upstream,4.084015369415283,4.0855841636657715,4.083954334259033,0.0015687942504882812,-6.103515625e-05,-0.038905775075987845,25.72747747747748,84.4321042943339,45.72747747747748,84.4321042943339
himalayas_2020021612_strong,himalayas,strong,precip_large_zwd,precip,tp_mswep,q850_box_mean_g_per_kg,per-timestep spatial mean,actual_vs_uniform_tp,12,enc_s0_skip,hotspot_gaussian,4.084015369415283,4.0855841636657715,4.082563400268555,0.0015687942504882812,-0.0014519691467285156,-0.925531914893617,25.72747747747748,84.4321042943339,45.72747747747748,84.4321042943339
himalayas_2020021612_strong,himalayas,strong,precip_large_zwd,precip,tp_mswep,q850_box_mean_g_per_kg,per-timestep spatial mean,actual_vs_uniform_tp,12,enc_s0_skip,low_near_gaussian,4.084015369415283,4.0855841636657715,4.081669330596924,0.0015687942504882812,-0.002346038818359375,-1.4954407294832828,25.72747747747748,84.4321042943339,45.72747747747748,84.4321042943339
himalayas_2020021612_strong,himalayas,strong,precip_large_zwd,precip,tp_mswep,q850_box_mean_g_per_kg,per-timestep spatial mean,actual_vs_uniform_tp,12,enc_s0_skip,remote_control,4.084015369415283,4.0855841636657715,4.082124710083008,0.0015687942504882812,-0.0018906593322753906,-1.2051671732522797,25.72747747747748,84.4321042943339,45.72747747747748,84.4321042943339
himalayas_2020021612_strong,himalayas,strong,precip_large_zwd,precip,tp_mswep,q850_box_mean_g_per_kg,per-timestep spatial mean,actual_vs_uniform_tp,12,enc_s1_skip,whole,4.084015369415283,4.0855841636657715,4.084015369415283,0.0015687942504882812,0.0,0.0,25.72747747747748,84.4321042943339,45.72747747747748,84.4321042943339
himalayas_2020021612_strong,himalayas,strong,precip_large_zwd,precip,tp_mswep,q850_box_mean_g_per_kg,per-timestep spatial mean,actual_vs_uniform_tp,12,enc_s1_skip,target_box,4.084015369415283,4.0855841636657715,4.084015369415283,0.0015687942504882812,0.0,0.0,25.72747747747748,84.4321042943339,45.72747747747748,84.4321042943339
himalayas_2020021612_strong,himalayas,strong,precip_large_zwd,precip,tp_mswep,q850_box_mean_g_per_kg,per-timestep spatial mean,actual_vs_uniform_tp,12,enc_s1_skip,mountain_near,4.084015369415283,4.0855841636657715,4.084015369415283,0.0015687942504882812,0.0,0.0,25.72747747747748,84.4321042943339,45.72747747747748,84.4321042943339
himalayas_2020021612_strong,himalayas,strong,precip_large_zwd,precip,tp_mswep,q850_box_mean_g_per_kg,per-timestep spatial mean,actual_vs_uniform_tp,12,enc_s1_skip,upstream,4.084015369415283,4.0855841636657715,4.084015369415283,0.0015687942504882812,0.0,0.0,25.72747747747748,84.4321042943339,45.72747747747748,84.4321042943339
himalayas_2020021612_strong,himalayas,strong,precip_large_zwd,precip,tp_mswep,q850_box_mean_g_per_kg,per-timestep spatial mean,actual_vs_uniform_tp,12,enc_s1_skip,hotspot_gaussian,4.084015369415283,4.0855841636657715,4.084015369415283,0.0015687942504882812,0.0,0.0,25.72747747747748,84.4321042943339,45.72747747747748,84.4321042943339
himalayas_2020021612_strong,himalayas,strong,precip_large_zwd,precip,tp_mswep,q850_box_mean_g_per_kg,per-timestep spatial mean,actual_vs_uniform_tp,12,enc_s1_skip,low_near_gaussian,4.084015369415283,4.0855841636657715,4.084015369415283,0.0015687942504882812,0.0,0.0,25.72747747747748,84.4321042943339,45.72747747747748,84.4321042943339
himalayas_2020021612_strong,himalayas,strong,precip_large_zwd,precip,tp_mswep,q850_box_mean_g_per_kg,per-timestep spatial mean,actual_vs_uniform_tp,12,enc_s1_skip,remote_control,4.084015369415283,4.0855841636657715,4.084015369415283,0.0015687942504882812,0.0,0.0,25.72747747747748,84.4321042943339,45.72747747747748,84.4321042943339
himalayas_2020021612_strong,himalayas,strong,precip_large_zwd,precip,tp_mswep,q850_box_mean_g_per_kg,per-timestep spatial mean,actual_vs_uniform_tp,12,enc_s2_bottleneck,whole,4.084015369415283,4.0855841636657715,4.0837016105651855,0.0015687942504882812,-0.00031375885009765625,-0.2,25.72747747747748,84.4321042943339,45.72747747747748,84.4321042943339
himalayas_2020021612_strong,himalayas,strong,precip_large_zwd,precip,tp_mswep,q850_box_mean_g_per_kg,per-timestep spatial mean,actual_vs_uniform_tp,12,enc_s2_bottleneck,target_box,4.084015369415283,4.0855841636657715,4.084022521972656,0.0015687942504882812,7.152557373046875e-06,0.004559270516717325,25.72747747747748,84.4321042943339,45.72747747747748,84.4321042943339
himalayas_2020021612_strong,himalayas,strong,precip_large_zwd,precip,tp_mswep,q850_box_mean_g_per_kg,per-timestep spatial mean,actual_vs_uniform_tp,12,enc_s2_bottleneck,mountain_near,4.084015369415283,4.0855841636657715,4.082003593444824,0.0015687942504882812,-0.0020117759704589844,-1.282370820668693,25.72747747747748,84.4321042943339,45.72747747747748,84.4321042943339
himalayas_2020021612_strong,himalayas,strong,precip_large_zwd,precip,tp_mswep,q850_box_mean_g_per_kg,per-timestep spatial mean,actual_vs_uniform_tp,12,enc_s2_bottleneck,upstream,4.084015369415283,4.0855841636657715,4.083334922790527,0.0015687942504882812,-0.0006804466247558594,-0.4337386018237082,25.72747747747748,84.4321042943339,45.72747747747748,84.4321042943339
himalayas_2020021612_strong,himalayas,strong,precip_large_zwd,precip,tp_mswep,q850_box_mean_g_per_kg,per-timestep spatial mean,actual_vs_uniform_tp,12,enc_s2_bottleneck,hotspot_gaussian,4.084015369415283,4.0855841636657715,4.081907749176025,0.0015687942504882812,-0.0021076202392578125,-1.343465045592705,25.72747747747748,84.4321042943339,45.72747747747748,84.4321042943339
himalayas_2020021612_strong,himalayas,strong,precip_large_zwd,precip,tp_mswep,q850_box_mean_g_per_kg,per-timestep spatial mean,actual_vs_uniform_tp,12,enc_s2_bottleneck,low_near_gaussian,4.084015369415283,4.0855841636657715,4.084137439727783,0.0015687942504882812,0.0001220703125,0.07781155015197569,25.72747747747748,84.4321042943339,45.72747747747748,84.4321042943339
himalayas_2020021612_strong,himalayas,strong,precip_large_zwd,precip,tp_mswep,q850_box_mean_g_per_kg,per-timestep spatial mean,actual_vs_uniform_tp,12,enc_s2_bottleneck,remote_control,4.084015369415283,4.0855841636657715,4.082296371459961,0.0015687942504882812,-0.0017189979553222656,-1.0957446808510638,25.72747747747748,84.4321042943339,45.72747747747748,84.4321042943339
himalayas_2020021612_strong,himalayas,strong,precip_large_zwd,precip,tp_mswep,q850_box_mean_g_per_kg,per-timestep spatial mean,actual_vs_uniform_tp,12,dec_s0_pre_skip,whole,4.084015369415283,4.0855841636657715,4.0837016105651855,0.0015687942504882812,-0.00031375885009765625,-0.2,25.72747747747748,84.4321042943339,45.72747747747748,84.4321042943339
himalayas_2020021612_strong,himalayas,strong,precip_large_zwd,precip,tp_mswep,q850_box_mean_g_per_kg,per-timestep spatial mean,actual_vs_uniform_tp,12,dec_s0_pre_skip,target_box,4.084015369415283,4.0855841636657715,4.084022521972656,0.0015687942504882812,7.152557373046875e-06,0.004559270516717325,25.72747747747748,84.4321042943339,45.72747747747748,84.4321042943339
himalayas_2020021612_strong,himalayas,strong,precip_large_zwd,precip,tp_mswep,q850_box_mean_g_per_kg,per-timestep spatial mean,actual_vs_uniform_tp,12,dec_s0_pre_skip,mountain_near,4.084015369415283,4.0855841636657715,4.082003593444824,0.0015687942504882812,-0.0020117759704589844,-1.282370820668693,25.72747747747748,84.4321042943339,45.72747747747748,84.4321042943339
himalayas_2020021612_strong,himalayas,strong,precip_large_zwd,precip,tp_mswep,q850_box_mean_g_per_kg,per-timestep spatial mean,actual_vs_uniform_tp,12,dec_s0_pre_skip,upstream,4.084015369415283,4.0855841636657715,4.083334922790527,0.0015687942504882812,-0.0006804466247558594,-0.4337386018237082,25.72747747747748,84.4321042943339,45.72747747747748,84.4321042943339
himalayas_2020021612_strong,himalayas,strong,precip_large_zwd,precip,tp_mswep,q850_box_mean_g_per_kg,per-timestep spatial mean,actual_vs_uniform_tp,12,dec_s0_pre_skip,hotspot_gaussian,4.084015369415283,4.0855841636657715,4.081907749176025,0.0015687942504882812,-0.0021076202392578125,-1.343465045592705,25.72747747747748,84.4321042943339,45.72747747747748,84.4321042943339
himalayas_2020021612_strong,himalayas,strong,precip_large_zwd,precip,tp_mswep,q850_box_mean_g_per_kg,per-timestep spatial mean,actual_vs_uniform_tp,12,dec_s0_pre_skip,low_near_gaussian,4.084015369415283,4.0855841636657715,4.084137439727783,0.0015687942504882812,0.0001220703125,0.07781155015197569,25.72747747747748,84.4321042943339,45.72747747747748,84.4321042943339
himalayas_2020021612_strong,himalayas,strong,precip_large_zwd,precip,tp_mswep,q850_box_mean_g_per_kg,per-timestep spatial mean,actual_vs_uniform_tp,12,dec_s0_pre_skip,remote_control,4.084015369415283,4.0855841636657715,4.082296371459961,0.0015687942504882812,-0.0017189979553222656,-1.0957446808510638,25.72747747747748,84.4321042943339,45.72747747747748,84.4321042943339
himalayas_2020021612_strong,himalayas,strong,precip_large_zwd,precip,tp_mswep,q850_box_mean_g_per_kg,per-timestep spatial mean,actual_vs_uniform_tp,12,dec_s1_pre_skip,whole,4.084015369415283,4.0855841636657715,4.083213806152344,0.0015687942504882812,-0.0008015632629394531,-0.5109422492401215,25.72747747747748,84.4321042943339,45.72747747747748,84.4321042943339
himalayas_2020021612_strong,himalayas,strong,precip_large_zwd,precip,tp_mswep,q850_box_mean_g_per_kg,per-timestep spatial mean,actual_vs_uniform_tp,12,dec_s1_pre_skip,target_box,4.084015369415283,4.0855841636657715,4.083472728729248,0.0015687942504882812,-0.0005426406860351562,-0.3458966565349544,25.72747747747748,84.4321042943339,45.72747747747748,84.4321042943339
himalayas_2020021612_strong,himalayas,strong,precip_large_zwd,precip,tp_mswep,q850_box_mean_g_per_kg,per-timestep spatial mean,actual_vs_uniform_tp,12,dec_s1_pre_skip,mountain_near,4.084015369415283,4.0855841636657715,4.085747241973877,0.0015687942504882812,0.00173187255859375,1.103951367781155,25.72747747747748,84.4321042943339,45.72747747747748,84.4321042943339
himalayas_2020021612_strong,himalayas,strong,precip_large_zwd,precip,tp_mswep,q850_box_mean_g_per_kg,per-timestep spatial mean,actual_vs_uniform_tp,12,dec_s1_pre_skip,upstream,4.084015369415283,4.0855841636657715,4.083605766296387,0.0015687942504882812,-0.0004096031188964844,-0.26109422492401213,25.72747747747748,84.4321042943339,45.72747747747748,84.4321042943339
himalayas_2020021612_strong,himalayas,strong,precip_large_zwd,precip,tp_mswep,q850_box_mean_g_per_kg,per-timestep spatial mean,actual_vs_uniform_tp,12,dec_s1_pre_skip,hotspot_gaussian,4.084015369415283,4.0855841636657715,4.08328914642334,0.0015687942504882812,-0.0007262229919433594,-0.46291793313069907,25.72747747747748,84.4321042943339,45.72747747747748,84.4321042943339
himalayas_2020021612_strong,himalayas,strong,precip_large_zwd,precip,tp_mswep,q850_box_mean_g_per_kg,per-timestep spatial mean,actual_vs_uniform_tp,12,dec_s1_pre_skip,low_near_gaussian,4.084015369415283,4.0855841636657715,4.082993030548096,0.0015687942504882812,-0.0010223388671875,-0.6516717325227963,25.72747747747748,84.4321042943339,45.72747747747748,84.4321042943339
himalayas_2020021612_strong,himalayas,strong,precip_large_zwd,precip,tp_mswep,q850_box_mean_g_per_kg,per-timestep spatial mean,actual_vs_uniform_tp,12,dec_s1_pre_skip,remote_control,4.084015369415283,4.0855841636657715,4.083776950836182,0.0015687942504882812,-0.0002384185791015625,-0.1519756838905775,25.72747747747748,84.4321042943339,45.72747747747748,84.4321042943339
himalayas_2020021612_strong,himalayas,strong,precip_large_zwd,precip,tp_mswep,q850_box_mean_g_per_kg,per-timestep spatial mean,actual_vs_uniform_tp,12,dec_s1_post_skip,whole,4.084015369415283,4.0855841636657715,4.083080768585205,0.0015687942504882812,-0.000934600830078125,-0.5957446808510638,25.72747747747748,84.4321042943339,45.72747747747748,84.4321042943339
himalayas_2020021612_strong,himalayas,strong,precip_large_zwd,precip,tp_mswep,q850_box_mean_g_per_kg,per-timestep spatial mean,actual_vs_uniform_tp,12,dec_s1_post_skip,target_box,4.084015369415283,4.0855841636657715,4.083983898162842,0.0015687942504882812,-3.147125244140625e-05,-0.02006079027355623,25.72747747747748,84.4321042943339,45.72747747747748,84.4321042943339
himalayas_2020021612_strong,himalayas,strong,precip_large_zwd,precip,tp_mswep,q850_box_mean_g_per_kg,per-timestep spatial mean,actual_vs_uniform_tp,12,dec_s1_post_skip,mountain_near,4.084015369415283,4.0855841636657715,4.084619045257568,0.0015687942504882812,0.0006036758422851562,0.38480243161094224,25.72747747747748,84.4321042943339,45.72747747747748,84.4321042943339
himalayas_2020021612_strong,himalayas,strong,precip_large_zwd,precip,tp_mswep,q850_box_mean_g_per_kg,per-timestep spatial mean,actual_vs_uniform_tp,12,dec_s1_post_skip,upstream,4.084015369415283,4.0855841636657715,4.084018230438232,0.0015687942504882812,2.86102294921875e-06,0.00182370820668693,25.72747747747748,84.4321042943339,45.72747747747748,84.4321042943339
himalayas_2020021612_strong,himalayas,strong,precip_large_zwd,precip,tp_mswep,q850_box_mean_g_per_kg,per-timestep spatial mean,actual_vs_uniform_tp,12,dec_s1_post_skip,hotspot_gaussian,4.084015369415283,4.0855841636657715,4.084185600280762,0.0015687942504882812,0.00017023086547851562,0.10851063829787234,25.72747747747748,84.4321042943339,45.72747747747748,84.4321042943339
himalayas_2020021612_strong,himalayas,strong,precip_large_zwd,precip,tp_mswep,q850_box_mean_g_per_kg,per-timestep spatial mean,actual_vs_uniform_tp,12,dec_s1_post_skip,low_near_gaussian,4.084015369415283,4.0855841636657715,4.082156181335449,0.0015687942504882812,-0.0018591880798339844,-1.1851063829787234,25.72747747747748,84.4321042943339,45.72747747747748,84.4321042943339
himalayas_2020021612_strong,himalayas,strong,precip_large_zwd,precip,tp_mswep,q850_box_mean_g_per_kg,per-timestep spatial mean,actual_vs_uniform_tp,12,dec_s1_post_skip,remote_control,4.084015369415283,4.0855841636657715,4.083205223083496,0.0015687942504882812,-0.0008101463317871094,-0.5164133738601824,25.72747747747748,84.4321042943339,45.72747747747748,84.4321042943339
himalayas_2020021612_strong,himalayas,strong,precip_large_zwd,precip,tp_mswep,q850_box_mean_g_per_kg,per-timestep spatial mean,actual_vs_uniform_tp,12,dec_s2_pre_concat,whole,4.084015369415283,4.0855841636657715,4.083080768585205,0.0015687942504882812,-0.000934600830078125,-0.5957446808510638,25.72747747747748,84.4321042943339,45.72747747747748,84.4321042943339
himalayas_2020021612_strong,himalayas,strong,precip_large_zwd,precip,tp_mswep,q850_box_mean_g_per_kg,per-timestep spatial mean,actual_vs_uniform_tp,12,dec_s2_pre_concat,target_box,4.084015369415283,4.0855841636657715,4.083983898162842,0.0015687942504882812,-3.147125244140625e-05,-0.02006079027355623,25.72747747747748,84.4321042943339,45.72747747747748,84.4321042943339
himalayas_2020021612_strong,himalayas,strong,precip_large_zwd,precip,tp_mswep,q850_box_mean_g_per_kg,per-timestep spatial mean,actual_vs_uniform_tp,12,dec_s2_pre_concat,mountain_near,4.084015369415283,4.0855841636657715,4.084619045257568,0.0015687942504882812,0.0006036758422851562,0.38480243161094224,25.72747747747748,84.4321042943339,45.72747747747748,84.4321042943339
himalayas_2020021612_strong,himalayas,strong,precip_large_zwd,precip,tp_mswep,q850_box_mean_g_per_kg,per-timestep spatial mean,actual_vs_uniform_tp,12,dec_s2_pre_concat,upstream,4.084015369415283,4.0855841636657715,4.084018230438232,0.0015687942504882812,2.86102294921875e-06,0.00182370820668693,25.72747747747748,84.4321042943339,45.72747747747748,84.4321042943339
himalayas_2020021612_strong,himalayas,strong,precip_large_zwd,precip,tp_mswep,q850_box_mean_g_per_kg,per-timestep spatial mean,actual_vs_uniform_tp,12,dec_s2_pre_concat,hotspot_gaussian,4.084015369415283,4.0855841636657715,4.084185600280762,0.0015687942504882812,0.00017023086547851562,0.10851063829787234,25.72747747747748,84.4321042943339,45.72747747747748,84.4321042943339
himalayas_2020021612_strong,himalayas,strong,precip_large_zwd,precip,tp_mswep,q850_box_mean_g_per_kg,per-timestep spatial mean,actual_vs_uniform_tp,12,dec_s2_pre_concat,low_near_gaussian,4.084015369415283,4.0855841636657715,4.082156181335449,0.0015687942504882812,-0.0018591880798339844,-1.1851063829787234,25.72747747747748,84.4321042943339,45.72747747747748,84.4321042943339
himalayas_2020021612_strong,himalayas,strong,precip_large_zwd,precip,tp_mswep,q850_box_mean_g_per_kg,per-timestep spatial mean,actual_vs_uniform_tp,12,dec_s2_pre_concat,remote_control,4.084015369415283,4.0855841636657715,4.083205223083496,0.0015687942504882812,-0.0008101463317871094,-0.5164133738601824,25.72747747747748,84.4321042943339,45.72747747747748,84.4321042943339
himalayas_2020021612_strong,himalayas,strong,precip_large_zwd,precip,tp_mswep,q850_box_mean_g_per_kg,per-timestep spatial mean,actual_vs_uniform_tp,12,dec_s2_post_concat,whole,4.084015369415283,4.0855841636657715,4.0835161209106445,0.0015687942504882812,-0.0004992485046386719,-0.3182370820668693,25.72747747747748,84.4321042943339,45.72747747747748,84.4321042943339
himalayas_2020021612_strong,himalayas,strong,precip_large_zwd,precip,tp_mswep,q850_box_mean_g_per_kg,per-timestep spatial mean,actual_vs_uniform_tp,12,dec_s2_post_concat,target_box,4.084015369415283,4.0855841636657715,4.084732532501221,0.0015687942504882812,0.0007171630859375,0.45714285714285713,25.72747747747748,84.4321042943339,45.72747747747748,84.4321042943339
himalayas_2020021612_strong,himalayas,strong,precip_large_zwd,precip,tp_mswep,q850_box_mean_g_per_kg,per-timestep spatial mean,actual_vs_uniform_tp,12,dec_s2_post_concat,mountain_near,4.084015369415283,4.0855841636657715,4.084789276123047,0.0015687942504882812,0.0007739067077636719,0.49331306990881457,25.72747747747748,84.4321042943339,45.72747747747748,84.4321042943339
himalayas_2020021612_strong,himalayas,strong,precip_large_zwd,precip,tp_mswep,q850_box_mean_g_per_kg,per-timestep spatial mean,actual_vs_uniform_tp,12,dec_s2_post_concat,upstream,4.084015369415283,4.0855841636657715,4.083557605743408,0.0015687942504882812,-0.000457763671875,-0.2917933130699088,25.72747747747748,84.4321042943339,45.72747747747748,84.4321042943339
himalayas_2020021612_strong,himalayas,strong,precip_large_zwd,precip,tp_mswep,q850_box_mean_g_per_kg,per-timestep spatial mean,actual_vs_uniform_tp,12,dec_s2_post_concat,hotspot_gaussian,4.084015369415283,4.0855841636657715,4.083789825439453,0.0015687942504882812,-0.00022554397583007812,-0.1437689969604863,25.72747747747748,84.4321042943339,45.72747747747748,84.4321042943339
himalayas_2020021612_strong,himalayas,strong,precip_large_zwd,precip,tp_mswep,q850_box_mean_g_per_kg,per-timestep spatial mean,actual_vs_uniform_tp,12,dec_s2_post_concat,low_near_gaussian,4.084015369415283,4.0855841636657715,4.082940101623535,0.0015687942504882812,-0.0010752677917480469,-0.6854103343465046,25.72747747747748,84.4321042943339,45.72747747747748,84.4321042943339
himalayas_2020021612_strong,himalayas,strong,precip_large_zwd,precip,tp_mswep,q850_box_mean_g_per_kg,per-timestep spatial mean,actual_vs_uniform_tp,12,dec_s2_post_concat,remote_control,4.084015369415283,4.0855841636657715,4.081127643585205,0.0015687942504882812,-0.002887725830078125,-1.8407294832826748,25.72747747747748,84.4321042943339,45.72747747747748,84.4321042943339
himalayas_2020021612_strong,himalayas,strong,precip_large_zwd,precip,tp_mswep,q850_box_mean_g_per_kg,per-timestep spatial mean,actual_vs_uniform_tp,24,enc_s0_skip,whole,5.0763678550720215,5.075917720794678,5.076112270355225,-0.00045013427734375,-0.000255584716796875,0.5677966101694916,25.72747747747748,84.4321042943339,45.72747747747748,84.4321042943339
himalayas_2020021612_strong,himalayas,strong,precip_large_zwd,precip,tp_mswep,q850_box_mean_g_per_kg,per-timestep spatial mean,actual_vs_uniform_tp,24,enc_s0_skip,target_box,5.0763678550720215,5.075917720794678,5.076080799102783,-0.00045013427734375,-0.00028705596923828125,0.6377118644067796,25.72747747747748,84.4321042943339,45.72747747747748,84.4321042943339
himalayas_2020021612_strong,himalayas,strong,precip_large_zwd,precip,tp_mswep,q850_box_mean_g_per_kg,per-timestep spatial mean,actual_vs_uniform_tp,24,enc_s0_skip,mountain_near,5.0763678550720215,5.075917720794678,5.077268600463867,-0.00045013427734375,0.0009007453918457031,-2.0010593220338984,25.72747747747748,84.4321042943339,45.72747747747748,84.4321042943339
himalayas_2020021612_strong,himalayas,strong,precip_large_zwd,precip,tp_mswep,q850_box_mean_g_per_kg,per-timestep spatial mean,actual_vs_uniform_tp,24,enc_s0_skip,upstream,5.0763678550720215,5.075917720794678,5.074761867523193,-0.00045013427734375,-0.001605987548828125,3.5677966101694913,25.72747747747748,84.4321042943339,45.72747747747748,84.4321042943339
himalayas_2020021612_strong,himalayas,strong,precip_large_zwd,precip,tp_mswep,q850_box_mean_g_per_kg,per-timestep spatial mean,actual_vs_uniform_tp,24,enc_s0_skip,hotspot_gaussian,5.0763678550720215,5.075917720794678,5.0749287605285645,-0.00045013427734375,-0.0014390945434570312,3.1970338983050848,25.72747747747748,84.4321042943339,45.72747747747748,84.4321042943339
himalayas_2020021612_strong,himalayas,strong,precip_large_zwd,precip,tp_mswep,q850_box_mean_g_per_kg,per-timestep spatial mean,actual_vs_uniform_tp,24,enc_s0_skip,low_near_gaussian,5.0763678550720215,5.075917720794678,5.076317310333252,-0.00045013427734375,-5.054473876953125e-05,0.11228813559322035,25.72747747747748,84.4321042943339,45.72747747747748,84.4321042943339
himalayas_2020021612_strong,himalayas,strong,precip_large_zwd,precip,tp_mswep,q850_box_mean_g_per_kg,per-timestep spatial mean,actual_vs_uniform_tp,24,enc_s0_skip,remote_control,5.0763678550720215,5.075917720794678,5.076913833618164,-0.00045013427734375,0.0005459785461425781,-1.2129237288135593,25.72747747747748,84.4321042943339,45.72747747747748,84.4321042943339
himalayas_2020021612_strong,himalayas,strong,precip_large_zwd,precip,tp_mswep,q850_box_mean_g_per_kg,per-timestep spatial mean,actual_vs_uniform_tp,24,enc_s1_skip,whole,5.0763678550720215,5.075917720794678,5.0763678550720215,-0.00045013427734375,0.0,-0.0,25.72747747747748,84.4321042943339,45.72747747747748,84.4321042943339
himalayas_2020021612_strong,himalayas,strong,precip_large_zwd,precip,tp_mswep,q850_box_mean_g_per_kg,per-timestep spatial mean,actual_vs_uniform_tp,24,enc_s1_skip,target_box,5.0763678550720215,5.075917720794678,5.0763678550720215,-0.00045013427734375,0.0,-0.0,25.72747747747748,84.4321042943339,45.72747747747748,84.4321042943339
himalayas_2020021612_strong,himalayas,strong,precip_large_zwd,precip,tp_mswep,q850_box_mean_g_per_kg,per-timestep spatial mean,actual_vs_uniform_tp,24,enc_s1_skip,mountain_near,5.0763678550720215,5.075917720794678,5.0763678550720215,-0.00045013427734375,0.0,-0.0,25.72747747747748,84.4321042943339,45.72747747747748,84.4321042943339
himalayas_2020021612_strong,himalayas,strong,precip_large_zwd,precip,tp_mswep,q850_box_mean_g_per_kg,per-timestep spatial mean,actual_vs_uniform_tp,24,enc_s1_skip,upstream,5.0763678550720215,5.075917720794678,5.0763678550720215,-0.00045013427734375,0.0,-0.0,25.72747747747748,84.4321042943339,45.72747747747748,84.4321042943339
himalayas_2020021612_strong,himalayas,strong,precip_large_zwd,precip,tp_mswep,q850_box_mean_g_per_kg,per-timestep spatial mean,actual_vs_uniform_tp,24,enc_s1_skip,hotspot_gaussian,5.0763678550720215,5.075917720794678,5.0763678550720215,-0.00045013427734375,0.0,-0.0,25.72747747747748,84.4321042943339,45.72747747747748,84.4321042943339
himalayas_2020021612_strong,himalayas,strong,precip_large_zwd,precip,tp_mswep,q850_box_mean_g_per_kg,per-timestep spatial mean,actual_vs_uniform_tp,24,enc_s1_skip,low_near_gaussian,5.0763678550720215,5.075917720794678,5.0763678550720215,-0.00045013427734375,0.0,-0.0,25.72747747747748,84.4321042943339,45.72747747747748,84.4321042943339
himalayas_2020021612_strong,himalayas,strong,precip_large_zwd,precip,tp_mswep,q850_box_mean_g_per_kg,per-timestep spatial mean,actual_vs_uniform_tp,24,enc_s1_skip,remote_control,5.0763678550720215,5.075917720794678,5.0763678550720215,-0.00045013427734375,0.0,-0.0,25.72747747747748,84.4321042943339,45.72747747747748,84.4321042943339
himalayas_2020021612_strong,himalayas,strong,precip_large_zwd,precip,tp_mswep,q850_box_mean_g_per_kg,per-timestep spatial mean,actual_vs_uniform_tp,24,enc_s2_bottleneck,whole,5.0763678550720215,5.075917720794678,5.076407432556152,-0.00045013427734375,3.9577484130859375e-05,-0.08792372881355932,25.72747747747748,84.4321042943339,45.72747747747748,84.4321042943339
himalayas_2020021612_strong,himalayas,strong,precip_large_zwd,precip,tp_mswep,q850_box_mean_g_per_kg,per-timestep spatial mean,actual_vs_uniform_tp,24,enc_s2_bottleneck,target_box,5.0763678550720215,5.075917720794678,5.076117992401123,-0.00045013427734375,-0.0002498626708984375,0.5550847457627118,25.72747747747748,84.4321042943339,45.72747747747748,84.4321042943339
himalayas_2020021612_strong,himalayas,strong,precip_large_zwd,precip,tp_mswep,q850_box_mean_g_per_kg,per-timestep spatial mean,actual_vs_uniform_tp,24,enc_s2_bottleneck,mountain_near,5.0763678550720215,5.075917720794678,5.075413227081299,-0.00045013427734375,-0.0009546279907226562,2.1207627118644066,25.72747747747748,84.4321042943339,45.72747747747748,84.4321042943339
himalayas_2020021612_strong,himalayas,strong,precip_large_zwd,precip,tp_mswep,q850_box_mean_g_per_kg,per-timestep spatial mean,actual_vs_uniform_tp,24,enc_s2_bottleneck,upstream,5.0763678550720215,5.075917720794678,5.0726470947265625,-0.00045013427734375,-0.0037207603454589844,8.265889830508474,25.72747747747748,84.4321042943339,45.72747747747748,84.4321042943339
himalayas_2020021612_strong,himalayas,strong,precip_large_zwd,precip,tp_mswep,q850_box_mean_g_per_kg,per-timestep spatial mean,actual_vs_uniform_tp,24,enc_s2_bottleneck,hotspot_gaussian,5.0763678550720215,5.075917720794678,5.073902606964111,-0.00045013427734375,-0.0024652481079101562,5.476694915254237,25.72747747747748,84.4321042943339,45.72747747747748,84.4321042943339
himalayas_2020021612_strong,himalayas,strong,precip_large_zwd,precip,tp_mswep,q850_box_mean_g_per_kg,per-timestep spatial mean,actual_vs_uniform_tp,24,enc_s2_bottleneck,low_near_gaussian,5.0763678550720215,5.075917720794678,5.076630115509033,-0.00045013427734375,0.00026226043701171875,-0.5826271186440678,25.72747747747748,84.4321042943339,45.72747747747748,84.4321042943339
himalayas_2020021612_strong,himalayas,strong,precip_large_zwd,precip,tp_mswep,q850_box_mean_g_per_kg,per-timestep spatial mean,actual_vs_uniform_tp,24,enc_s2_bottleneck,remote_control,5.0763678550720215,5.075917720794678,5.076319694519043,-0.00045013427734375,-4.8160552978515625e-05,0.10699152542372882,25.72747747747748,84.4321042943339,45.72747747747748,84.4321042943339
himalayas_2020021612_strong,himalayas,strong,precip_large_zwd,precip,tp_mswep,q850_box_mean_g_per_kg,per-timestep spatial mean,actual_vs_uniform_tp,24,dec_s0_pre_skip,whole,5.0763678550720215,5.075917720794678,5.076407432556152,-0.00045013427734375,3.9577484130859375e-05,-0.08792372881355932,25.72747747747748,84.4321042943339,45.72747747747748,84.4321042943339
himalayas_2020021612_strong,himalayas,strong,precip_large_zwd,precip,tp_mswep,q850_box_mean_g_per_kg,per-timestep spatial mean,actual_vs_uniform_tp,24,dec_s0_pre_skip,target_box,5.0763678550720215,5.075917720794678,5.076117992401123,-0.00045013427734375,-0.0002498626708984375,0.5550847457627118,25.72747747747748,84.4321042943339,45.72747747747748,84.4321042943339
himalayas_2020021612_strong,himalayas,strong,precip_large_zwd,precip,tp_mswep,q850_box_mean_g_per_kg,per-timestep spatial mean,actual_vs_uniform_tp,24,dec_s0_pre_skip,mountain_near,5.0763678550720215,5.075917720794678,5.075413227081299,-0.00045013427734375,-0.0009546279907226562,2.1207627118644066,25.72747747747748,84.4321042943339,45.72747747747748,84.4321042943339
himalayas_2020021612_strong,himalayas,strong,precip_large_zwd,precip,tp_mswep,q850_box_mean_g_per_kg,per-timestep spatial mean,actual_vs_uniform_tp,24,dec_s0_pre_skip,upstream,5.0763678550720215,5.075917720794678,5.0726470947265625,-0.00045013427734375,-0.0037207603454589844,8.265889830508474,25.72747747747748,84.4321042943339,45.72747747747748,84.4321042943339
himalayas_2020021612_strong,himalayas,strong,precip_large_zwd,precip,tp_mswep,q850_box_mean_g_per_kg,per-timestep spatial mean,actual_vs_uniform_tp,24,dec_s0_pre_skip,hotspot_gaussian,5.0763678550720215,5.075917720794678,5.073902606964111,-0.00045013427734375,-0.0024652481079101562,5.476694915254237,25.72747747747748,84.4321042943339,45.72747747747748,84.4321042943339
himalayas_2020021612_strong,himalayas,strong,precip_large_zwd,precip,tp_mswep,q850_box_mean_g_per_kg,per-timestep spatial mean,actual_vs_uniform_tp,24,dec_s0_pre_skip,low_near_gaussian,5.0763678550720215,5.075917720794678,5.076630115509033,-0.00045013427734375,0.00026226043701171875,-0.5826271186440678,25.72747747747748,84.4321042943339,45.72747747747748,84.4321042943339
himalayas_2020021612_strong,himalayas,strong,precip_large_zwd,precip,tp_mswep,q850_box_mean_g_per_kg,per-timestep spatial mean,actual_vs_uniform_tp,24,dec_s0_pre_skip,remote_control,5.0763678550720215,5.075917720794678,5.076319694519043,-0.00045013427734375,-4.8160552978515625e-05,0.10699152542372882,25.72747747747748,84.4321042943339,45.72747747747748,84.4321042943339
himalayas_2020021612_strong,himalayas,strong,precip_large_zwd,precip,tp_mswep,q850_box_mean_g_per_kg,per-timestep spatial mean,actual_vs_uniform_tp,24,dec_s1_pre_skip,whole,5.0763678550720215,5.075917720794678,5.076674461364746,-0.00045013427734375,0.0003066062927246094,-0.6811440677966102,25.72747747747748,84.4321042943339,45.72747747747748,84.4321042943339
himalayas_2020021612_strong,himalayas,strong,precip_large_zwd,precip,tp_mswep,q850_box_mean_g_per_kg,per-timestep spatial mean,actual_vs_uniform_tp,24,dec_s1_pre_skip,target_box,5.0763678550720215,5.075917720794678,5.076632499694824,-0.00045013427734375,0.0002646446228027344,-0.5879237288135594,25.72747747747748,84.4321042943339,45.72747747747748,84.4321042943339
himalayas_2020021612_strong,himalayas,strong,precip_large_zwd,precip,tp_mswep,q850_box_mean_g_per_kg,per-timestep spatial mean,actual_vs_uniform_tp,24,dec_s1_pre_skip,mountain_near,5.0763678550720215,5.075917720794678,5.076147556304932,-0.00045013427734375,-0.00022029876708984375,0.4894067796610169,25.72747747747748,84.4321042943339,45.72747747747748,84.4321042943339
himalayas_2020021612_strong,himalayas,strong,precip_large_zwd,precip,tp_mswep,q850_box_mean_g_per_kg,per-timestep spatial mean,actual_vs_uniform_tp,24,dec_s1_pre_skip,upstream,5.0763678550720215,5.075917720794678,5.075642108917236,-0.00045013427734375,-0.0007257461547851562,1.6122881355932204,25.72747747747748,84.4321042943339,45.72747747747748,84.4321042943339
himalayas_2020021612_strong,himalayas,strong,precip_large_zwd,precip,tp_mswep,q850_box_mean_g_per_kg,per-timestep spatial mean,actual_vs_uniform_tp,24,dec_s1_pre_skip,hotspot_gaussian,5.0763678550720215,5.075917720794678,5.0745649337768555,-0.00045013427734375,-0.0018029212951660156,4.005296610169491,25.72747747747748,84.4321042943339,45.72747747747748,84.4321042943339
himalayas_2020021612_strong,himalayas,strong,precip_large_zwd,precip,tp_mswep,q850_box_mean_g_per_kg,per-timestep spatial mean,actual_vs_uniform_tp,24,dec_s1_pre_skip,low_near_gaussian,5.0763678550720215,5.075917720794678,5.077273368835449,-0.00045013427734375,0.0009055137634277344,-2.0116525423728815,25.72747747747748,84.4321042943339,45.72747747747748,84.4321042943339
himalayas_2020021612_strong,himalayas,strong,precip_large_zwd,precip,tp_mswep,q850_box_mean_g_per_kg,per-timestep spatial mean,actual_vs_uniform_tp,24,dec_s1_pre_skip,remote_control,5.0763678550720215,5.075917720794678,5.074671745300293,-0.00045013427734375,-0.0016961097717285156,3.768008474576271,25.72747747747748,84.4321042943339,45.72747747747748,84.4321042943339
himalayas_2020021612_strong,himalayas,strong,precip_large_zwd,precip,tp_mswep,q850_box_mean_g_per_kg,per-timestep spatial mean,actual_vs_uniform_tp,24,dec_s1_post_skip,whole,5.0763678550720215,5.075917720794678,5.074171543121338,-0.00045013427734375,-0.0021963119506835938,4.879237288135593,25.72747747747748,84.4321042943339,45.72747747747748,84.4321042943339
himalayas_2020021612_strong,himalayas,strong,precip_large_zwd,precip,tp_mswep,q850_box_mean_g_per_kg,per-timestep spatial mean,actual_vs_uniform_tp,24,dec_s1_post_skip,target_box,5.0763678550720215,5.075917720794678,5.075481414794922,-0.00045013427734375,-0.0008864402770996094,1.9692796610169492,25.72747747747748,84.4321042943339,45.72747747747748,84.4321042943339
himalayas_2020021612_strong,himalayas,strong,precip_large_zwd,precip,tp_mswep,q850_box_mean_g_per_kg,per-timestep spatial mean,actual_vs_uniform_tp,24,dec_s1_post_skip,mountain_near,5.0763678550720215,5.075917720794678,5.0759758949279785,-0.00045013427734375,-0.00039196014404296875,0.8707627118644068,25.72747747747748,84.4321042943339,45.72747747747748,84.4321042943339
himalayas_2020021612_strong,himalayas,strong,precip_large_zwd,precip,tp_mswep,q850_box_mean_g_per_kg,per-timestep spatial mean,actual_vs_uniform_tp,24,dec_s1_post_skip,upstream,5.0763678550720215,5.075917720794678,5.076322078704834,-0.00045013427734375,-4.57763671875e-05,0.1016949152542373,25.72747747747748,84.4321042943339,45.72747747747748,84.4321042943339
himalayas_2020021612_strong,himalayas,strong,precip_large_zwd,precip,tp_mswep,q850_box_mean_g_per_kg,per-timestep spatial mean,actual_vs_uniform_tp,24,dec_s1_post_skip,hotspot_gaussian,5.0763678550720215,5.075917720794678,5.076488971710205,-0.00045013427734375,0.00012111663818359375,-0.2690677966101695,25.72747747747748,84.4321042943339,45.72747747747748,84.4321042943339
himalayas_2020021612_strong,himalayas,strong,precip_large_zwd,precip,tp_mswep,q850_box_mean_g_per_kg,per-timestep spatial mean,actual_vs_uniform_tp,24,dec_s1_post_skip,low_near_gaussian,5.0763678550720215,5.075917720794678,5.074395656585693,-0.00045013427734375,-0.001972198486328125,4.38135593220339,25.72747747747748,84.4321042943339,45.72747747747748,84.4321042943339
himalayas_2020021612_strong,himalayas,strong,precip_large_zwd,precip,tp_mswep,q850_box_mean_g_per_kg,per-timestep spatial mean,actual_vs_uniform_tp,24,dec_s1_post_skip,remote_control,5.0763678550720215,5.075917720794678,5.074378967285156,-0.00045013427734375,-0.0019888877868652344,4.4184322033898304,25.72747747747748,84.4321042943339,45.72747747747748,84.4321042943339
himalayas_2020021612_strong,himalayas,strong,precip_large_zwd,precip,tp_mswep,q850_box_mean_g_per_kg,per-timestep spatial mean,actual_vs_uniform_tp,24,dec_s2_pre_concat,whole,5.0763678550720215,5.075917720794678,5.074171543121338,-0.00045013427734375,-0.0021963119506835938,4.879237288135593,25.72747747747748,84.4321042943339,45.72747747747748,84.4321042943339
himalayas_2020021612_strong,himalayas,strong,precip_large_zwd,precip,tp_mswep,q850_box_mean_g_per_kg,per-timestep spatial mean,actual_vs_uniform_tp,24,dec_s2_pre_concat,target_box,5.0763678550720215,5.075917720794678,5.075481414794922,-0.00045013427734375,-0.0008864402770996094,1.9692796610169492,25.72747747747748,84.4321042943339,45.72747747747748,84.4321042943339
himalayas_2020021612_strong,himalayas,strong,precip_large_zwd,precip,tp_mswep,q850_box_mean_g_per_kg,per-timestep spatial mean,actual_vs_uniform_tp,24,dec_s2_pre_concat,mountain_near,5.0763678550720215,5.075917720794678,5.0759758949279785,-0.00045013427734375,-0.00039196014404296875,0.8707627118644068,25.72747747747748,84.4321042943339,45.72747747747748,84.4321042943339
himalayas_2020021612_strong,himalayas,strong,precip_large_zwd,precip,tp_mswep,q850_box_mean_g_per_kg,per-timestep spatial mean,actual_vs_uniform_tp,24,dec_s2_pre_concat,upstream,5.0763678550720215,5.075917720794678,5.076322078704834,-0.00045013427734375,-4.57763671875e-05,0.1016949152542373,25.72747747747748,84.4321042943339,45.72747747747748,84.4321042943339
himalayas_2020021612_strong,himalayas,strong,precip_large_zwd,precip,tp_mswep,q850_box_mean_g_per_kg,per-timestep spatial mean,actual_vs_uniform_tp,24,dec_s2_pre_concat,hotspot_gaussian,5.0763678550720215,5.075917720794678,5.076488971710205,-0.00045013427734375,0.00012111663818359375,-0.2690677966101695,25.72747747747748,84.4321042943339,45.72747747747748,84.4321042943339
himalayas_2020021612_strong,himalayas,strong,precip_large_zwd,precip,tp_mswep,q850_box_mean_g_per_kg,per-timestep spatial mean,actual_vs_uniform_tp,24,dec_s2_pre_concat,low_near_gaussian,5.0763678550720215,5.075917720794678,5.074395656585693,-0.00045013427734375,-0.001972198486328125,4.38135593220339,25.72747747747748,84.4321042943339,45.72747747747748,84.4321042943339
himalayas_2020021612_strong,himalayas,strong,precip_large_zwd,precip,tp_mswep,q850_box_mean_g_per_kg,per-timestep spatial mean,actual_vs_uniform_tp,24,dec_s2_pre_concat,remote_control,5.0763678550720215,5.075917720794678,5.074378967285156,-0.00045013427734375,-0.0019888877868652344,4.4184322033898304,25.72747747747748,84.4321042943339,45.72747747747748,84.4321042943339
himalayas_2020021612_strong,himalayas,strong,precip_large_zwd,precip,tp_mswep,q850_box_mean_g_per_kg,per-timestep spatial mean,actual_vs_uniform_tp,24,dec_s2_post_concat,whole,5.0763678550720215,5.075917720794678,5.074441909790039,-0.00045013427734375,-0.0019259452819824219,4.278601694915254,25.72747747747748,84.4321042943339,45.72747747747748,84.4321042943339
himalayas_2020021612_strong,himalayas,strong,precip_large_zwd,precip,tp_mswep,q850_box_mean_g_per_kg,per-timestep spatial mean,actual_vs_uniform_tp,24,dec_s2_post_concat,target_box,5.0763678550720215,5.075917720794678,5.0745673179626465,-0.00045013427734375,-0.001800537109375,4.0,25.72747747747748,84.4321042943339,45.72747747747748,84.4321042943339
himalayas_2020021612_strong,himalayas,strong,precip_large_zwd,precip,tp_mswep,q850_box_mean_g_per_kg,per-timestep spatial mean,actual_vs_uniform_tp,24,dec_s2_post_concat,mountain_near,5.0763678550720215,5.075917720794678,5.0760393142700195,-0.00045013427734375,-0.0003285408020019531,0.7298728813559322,25.72747747747748,84.4321042943339,45.72747747747748,84.4321042943339
himalayas_2020021612_strong,himalayas,strong,precip_large_zwd,precip,tp_mswep,q850_box_mean_g_per_kg,per-timestep spatial mean,actual_vs_uniform_tp,24,dec_s2_post_concat,upstream,5.0763678550720215,5.075917720794678,5.074292182922363,-0.00045013427734375,-0.002075672149658203,4.611228813559322,25.72747747747748,84.4321042943339,45.72747747747748,84.4321042943339
himalayas_2020021612_strong,himalayas,strong,precip_large_zwd,precip,tp_mswep,q850_box_mean_g_per_kg,per-timestep spatial mean,actual_vs_uniform_tp,24,dec_s2_post_concat,hotspot_gaussian,5.0763678550720215,5.075917720794678,5.075381278991699,-0.00045013427734375,-0.0009865760803222656,2.1917372881355934,25.72747747747748,84.4321042943339,45.72747747747748,84.4321042943339
himalayas_2020021612_strong,himalayas,strong,precip_large_zwd,precip,tp_mswep,q850_box_mean_g_per_kg,per-timestep spatial mean,actual_vs_uniform_tp,24,dec_s2_post_concat,low_near_gaussian,5.0763678550720215,5.075917720794678,5.077746868133545,-0.00045013427734375,0.0013790130615234375,-3.0635593220338984,25.72747747747748,84.4321042943339,45.72747747747748,84.4321042943339
himalayas_2020021612_strong,himalayas,strong,precip_large_zwd,precip,tp_mswep,q850_box_mean_g_per_kg,per-timestep spatial mean,actual_vs_uniform_tp,24,dec_s2_post_concat,remote_control,5.0763678550720215,5.075917720794678,5.075595855712891,-0.00045013427734375,-0.0007719993591308594,1.715042372881356,25.72747747747748,84.4321042943339,45.72747747747748,84.4321042943339
ganges_plain_2020110100_top03_2020,ganges_plain,top03_2020,precip_large_zwd,precip,tp_mswep,q850_box_mean_g_per_kg,per-timestep spatial mean,actual_vs_uniform_tp,6,enc_s0_skip,whole,12.361204147338867,12.359526634216309,12.361124038696289,-0.0016775131225585938,-8.0108642578125e-05,0.047754405912450254,26.97747747747748,89.24892185705099,41.97747747747748,89.24892185705099
ganges_plain_2020110100_top03_2020,ganges_plain,top03_2020,precip_large_zwd,precip,tp_mswep,q850_box_mean_g_per_kg,per-timestep spatial mean,actual_vs_uniform_tp,6,enc_s0_skip,target_box,12.361204147338867,12.359526634216309,12.36099624633789,-0.0016775131225585938,-0.0002079010009765625,0.12393405343945424,26.97747747747748,89.24892185705099,41.97747747747748,89.24892185705099
ganges_plain_2020110100_top03_2020,ganges_plain,top03_2020,precip_large_zwd,precip,tp_mswep,q850_box_mean_g_per_kg,per-timestep spatial mean,actual_vs_uniform_tp,6,enc_s0_skip,mountain_near,12.361204147338867,12.359526634216309,12.361350059509277,-0.0016775131225585938,0.00014591217041015625,-0.0869812393405344,26.97747747747748,89.24892185705099,41.97747747747748,89.24892185705099
ganges_plain_2020110100_top03_2020,ganges_plain,top03_2020,precip_large_zwd,precip,tp_mswep,q850_box_mean_g_per_kg,per-timestep spatial mean,actual_vs_uniform_tp,6,enc_s0_skip,upstream,12.361204147338867,12.359526634216309,12.360946655273438,-0.0016775131225585938,-0.0002574920654296875,0.1534963047185901,26.97747747747748,89.24892185705099,41.97747747747748,89.24892185705099
ganges_plain_2020110100_top03_2020,ganges_plain,top03_2020,precip_large_zwd,precip,tp_mswep,q850_box_mean_g_per_kg,per-timestep spatial mean,actual_vs_uniform_tp,6,enc_s0_skip,hotspot_gaussian,12.361204147338867,12.359526634216309,12.360795021057129,-0.0016775131225585938,-0.00040912628173828125,0.24388857305287096,26.97747747747748,89.24892185705099,41.97747747747748,89.24892185705099
ganges_plain_2020110100_top03_2020,ganges_plain,top03_2020,precip_large_zwd,precip,tp_mswep,q850_box_mean_g_per_kg,per-timestep spatial mean,actual_vs_uniform_tp,6,enc_s0_skip,low_near_gaussian,12.361204147338867,12.359526634216309,12.361242294311523,-0.0016775131225585938,3.814697265625e-05,-0.02274019329164298,26.97747747747748,89.24892185705099,41.97747747747748,89.24892185705099
ganges_plain_2020110100_top03_2020,ganges_plain,top03_2020,precip_large_zwd,precip,tp_mswep,q850_box_mean_g_per_kg,per-timestep spatial mean,actual_vs_uniform_tp,6,enc_s0_skip,remote_control,12.361204147338867,12.359526634216309,12.36156940460205,-0.0016775131225585938,0.00036525726318359375,-0.21773735076748152,26.97747747747748,89.24892185705099,41.97747747747748,89.24892185705099
ganges_plain_2020110100_top03_2020,ganges_plain,top03_2020,precip_large_zwd,precip,tp_mswep,q850_box_mean_g_per_kg,per-timestep spatial mean,actual_vs_uniform_tp,6,enc_s1_skip,whole,12.361204147338867,12.359526634216309,12.361204147338867,-0.0016775131225585938,0.0,-0.0,26.97747747747748,89.24892185705099,41.97747747747748,89.24892185705099
ganges_plain_2020110100_top03_2020,ganges_plain,top03_2020,precip_large_zwd,precip,tp_mswep,q850_box_mean_g_per_kg,per-timestep spatial mean,actual_vs_uniform_tp,6,enc_s1_skip,target_box,12.361204147338867,12.359526634216309,12.361204147338867,-0.0016775131225585938,0.0,-0.0,26.97747747747748,89.24892185705099,41.97747747747748,89.24892185705099
ganges_plain_2020110100_top03_2020,ganges_plain,top03_2020,precip_large_zwd,precip,tp_mswep,q850_box_mean_g_per_kg,per-timestep spatial mean,actual_vs_uniform_tp,6,enc_s1_skip,mountain_near,12.361204147338867,12.359526634216309,12.361204147338867,-0.0016775131225585938,0.0,-0.0,26.97747747747748,89.24892185705099,41.97747747747748,89.24892185705099
ganges_plain_2020110100_top03_2020,ganges_plain,top03_2020,precip_large_zwd,precip,tp_mswep,q850_box_mean_g_per_kg,per-timestep spatial mean,actual_vs_uniform_tp,6,enc_s1_skip,upstream,12.361204147338867,12.359526634216309,12.361204147338867,-0.0016775131225585938,0.0,-0.0,26.97747747747748,89.24892185705099,41.97747747747748,89.24892185705099
ganges_plain_2020110100_top03_2020,ganges_plain,top03_2020,precip_large_zwd,precip,tp_mswep,q850_box_mean_g_per_kg,per-timestep spatial mean,actual_vs_uniform_tp,6,enc_s1_skip,hotspot_gaussian,12.361204147338867,12.359526634216309,12.361204147338867,-0.0016775131225585938,0.0,-0.0,26.97747747747748,89.24892185705099,41.97747747747748,89.24892185705099
ganges_plain_2020110100_top03_2020,ganges_plain,top03_2020,precip_large_zwd,precip,tp_mswep,q850_box_mean_g_per_kg,per-timestep spatial mean,actual_vs_uniform_tp,6,enc_s1_skip,low_near_gaussian,12.361204147338867,12.359526634216309,12.361204147338867,-0.0016775131225585938,0.0,-0.0,26.97747747747748,89.24892185705099,41.97747747747748,89.24892185705099
ganges_plain_2020110100_top03_2020,ganges_plain,top03_2020,precip_large_zwd,precip,tp_mswep,q850_box_mean_g_per_kg,per-timestep spatial mean,actual_vs_uniform_tp,6,enc_s1_skip,remote_control,12.361204147338867,12.359526634216309,12.361204147338867,-0.0016775131225585938,0.0,-0.0,26.97747747747748,89.24892185705099,41.97747747747748,89.24892185705099
ganges_plain_2020110100_top03_2020,ganges_plain,top03_2020,precip_large_zwd,precip,tp_mswep,q850_box_mean_g_per_kg,per-timestep spatial mean,actual_vs_uniform_tp,6,enc_s2_bottleneck,whole,12.361204147338867,12.359526634216309,12.359301567077637,-0.0016775131225585938,-0.0019025802612304688,1.1341671404206937,26.97747747747748,89.24892185705099,41.97747747747748,89.24892185705099
ganges_plain_2020110100_top03_2020,ganges_plain,top03_2020,precip_large_zwd,precip,tp_mswep,q850_box_mean_g_per_kg,per-timestep spatial mean,actual_vs_uniform_tp,6,enc_s2_bottleneck,target_box,12.361204147338867,12.359526634216309,12.360689163208008,-0.0016775131225585938,-0.000514984130859375,0.3069926094371802,26.97747747747748,89.24892185705099,41.97747747747748,89.24892185705099
ganges_plain_2020110100_top03_2020,ganges_plain,top03_2020,precip_large_zwd,precip,tp_mswep,q850_box_mean_g_per_kg,per-timestep spatial mean,actual_vs_uniform_tp,6,enc_s2_bottleneck,mountain_near,12.361204147338867,12.359526634216309,12.361077308654785,-0.0016775131225585938,-0.00012683868408203125,0.0756111426947129,26.97747747747748,89.24892185705099,41.97747747747748,89.24892185705099
ganges_plain_2020110100_top03_2020,ganges_plain,top03_2020,precip_large_zwd,precip,tp_mswep,q850_box_mean_g_per_kg,per-timestep spatial mean,actual_vs_uniform_tp,6,enc_s2_bottleneck,upstream,12.361204147338867,12.359526634216309,12.360867500305176,-0.0016775131225585938,-0.00033664703369140625,0.2006822057987493,26.97747747747748,89.24892185705099,41.97747747747748,89.24892185705099
ganges_plain_2020110100_top03_2020,ganges_plain,top03_2020,precip_large_zwd,precip,tp_mswep,q850_box_mean_g_per_kg,per-timestep spatial mean,actual_vs_uniform_tp,6,enc_s2_bottleneck,hotspot_gaussian,12.361204147338867,12.359526634216309,12.359951972961426,-0.0016775131225585938,-0.0012521743774414062,0.7464468447981808,26.97747747747748,89.24892185705099,41.97747747747748,89.24892185705099
ganges_plain_2020110100_top03_2020,ganges_plain,top03_2020,precip_large_zwd,precip,tp_mswep,q850_box_mean_g_per_kg,per-timestep spatial mean,actual_vs_uniform_tp,6,enc_s2_bottleneck,low_near_gaussian,12.361204147338867,12.359526634216309,12.359267234802246,-0.0016775131225585938,-0.0019369125366210938,1.1546333143831722,26.97747747747748,89.24892185705099,41.97747747747748,89.24892185705099
ganges_plain_2020110100_top03_2020,ganges_plain,top03_2020,precip_large_zwd,precip,tp_mswep,q850_box_mean_g_per_kg,per-timestep spatial mean,actual_vs_uniform_tp,6,enc_s2_bottleneck,remote_control,12.361204147338867,12.359526634216309,12.360594749450684,-0.0016775131225585938,-0.0006093978881835938,0.3632745878339966,26.97747747747748,89.24892185705099,41.97747747747748,89.24892185705099
ganges_plain_2020110100_top03_2020,ganges_plain,top03_2020,precip_large_zwd,precip,tp_mswep,q850_box_mean_g_per_kg,per-timestep spatial mean,actual_vs_uniform_tp,6,dec_s0_pre_skip,whole,12.361204147338867,12.359526634216309,12.359301567077637,-0.0016775131225585938,-0.0019025802612304688,1.1341671404206937,26.97747747747748,89.24892185705099,41.97747747747748,89.24892185705099
ganges_plain_2020110100_top03_2020,ganges_plain,top03_2020,precip_large_zwd,precip,tp_mswep,q850_box_mean_g_per_kg,per-timestep spatial mean,actual_vs_uniform_tp,6,dec_s0_pre_skip,target_box,12.361204147338867,12.359526634216309,12.360689163208008,-0.0016775131225585938,-0.000514984130859375,0.3069926094371802,26.97747747747748,89.24892185705099,41.97747747747748,89.24892185705099
ganges_plain_2020110100_top03_2020,ganges_plain,top03_2020,precip_large_zwd,precip,tp_mswep,q850_box_mean_g_per_kg,per-timestep spatial mean,actual_vs_uniform_tp,6,dec_s0_pre_skip,mountain_near,12.361204147338867,12.359526634216309,12.361077308654785,-0.0016775131225585938,-0.00012683868408203125,0.0756111426947129,26.97747747747748,89.24892185705099,41.97747747747748,89.24892185705099
ganges_plain_2020110100_top03_2020,ganges_plain,top03_2020,precip_large_zwd,precip,tp_mswep,q850_box_mean_g_per_kg,per-timestep spatial mean,actual_vs_uniform_tp,6,dec_s0_pre_skip,upstream,12.361204147338867,12.359526634216309,12.360867500305176,-0.0016775131225585938,-0.00033664703369140625,0.2006822057987493,26.97747747747748,89.24892185705099,41.97747747747748,89.24892185705099
ganges_plain_2020110100_top03_2020,ganges_plain,top03_2020,precip_large_zwd,precip,tp_mswep,q850_box_mean_g_per_kg,per-timestep spatial mean,actual_vs_uniform_tp,6,dec_s0_pre_skip,hotspot_gaussian,12.361204147338867,12.359526634216309,12.359951972961426,-0.0016775131225585938,-0.0012521743774414062,0.7464468447981808,26.97747747747748,89.24892185705099,41.97747747747748,89.24892185705099
ganges_plain_2020110100_top03_2020,ganges_plain,top03_2020,precip_large_zwd,precip,tp_mswep,q850_box_mean_g_per_kg,per-timestep spatial mean,actual_vs_uniform_tp,6,dec_s0_pre_skip,low_near_gaussian,12.361204147338867,12.359526634216309,12.359267234802246,-0.0016775131225585938,-0.0019369125366210938,1.1546333143831722,26.97747747747748,89.24892185705099,41.97747747747748,89.24892185705099
ganges_plain_2020110100_top03_2020,ganges_plain,top03_2020,precip_large_zwd,precip,tp_mswep,q850_box_mean_g_per_kg,per-timestep spatial mean,actual_vs_uniform_tp,6,dec_s0_pre_skip,remote_control,12.361204147338867,12.359526634216309,12.360594749450684,-0.0016775131225585938,-0.0006093978881835938,0.3632745878339966,26.97747747747748,89.24892185705099,41.97747747747748,89.24892185705099
ganges_plain_2020110100_top03_2020,ganges_plain,top03_2020,precip_large_zwd,precip,tp_mswep,q850_box_mean_g_per_kg,per-timestep spatial mean,actual_vs_uniform_tp,6,dec_s1_pre_skip,whole,12.361204147338867,12.359526634216309,12.359879493713379,-0.0016775131225585938,-0.0013246536254882812,0.7896532120523024,26.97747747747748,89.24892185705099,41.97747747747748,89.24892185705099
ganges_plain_2020110100_top03_2020,ganges_plain,top03_2020,precip_large_zwd,precip,tp_mswep,q850_box_mean_g_per_kg,per-timestep spatial mean,actual_vs_uniform_tp,6,dec_s1_pre_skip,target_box,12.361204147338867,12.359526634216309,12.360079765319824,-0.0016775131225585938,-0.0011243820190429688,0.6702671972711768,26.97747747747748,89.24892185705099,41.97747747747748,89.24892185705099
ganges_plain_2020110100_top03_2020,ganges_plain,top03_2020,precip_large_zwd,precip,tp_mswep,q850_box_mean_g_per_kg,per-timestep spatial mean,actual_vs_uniform_tp,6,dec_s1_pre_skip,mountain_near,12.361204147338867,12.359526634216309,12.361855506896973,-0.0016775131225585938,0.0006513595581054688,-0.38828880045480385,26.97747747747748,89.24892185705099,41.97747747747748,89.24892185705099
ganges_plain_2020110100_top03_2020,ganges_plain,top03_2020,precip_large_zwd,precip,tp_mswep,q850_box_mean_g_per_kg,per-timestep spatial mean,actual_vs_uniform_tp,6,dec_s1_pre_skip,upstream,12.361204147338867,12.359526634216309,12.361658096313477,-0.0016775131225585938,0.000453948974609375,-0.27060830017055143,26.97747747747748,89.24892185705099,41.97747747747748,89.24892185705099
ganges_plain_2020110100_top03_2020,ganges_plain,top03_2020,precip_large_zwd,precip,tp_mswep,q850_box_mean_g_per_kg,per-timestep spatial mean,actual_vs_uniform_tp,6,dec_s1_pre_skip,hotspot_gaussian,12.361204147338867,12.359526634216309,12.359705924987793,-0.0016775131225585938,-0.0014982223510742188,0.893121091529278,26.97747747747748,89.24892185705099,41.97747747747748,89.24892185705099
ganges_plain_2020110100_top03_2020,ganges_plain,top03_2020,precip_large_zwd,precip,tp_mswep,q850_box_mean_g_per_kg,per-timestep spatial mean,actual_vs_uniform_tp,6,dec_s1_pre_skip,low_near_gaussian,12.361204147338867,12.359526634216309,12.360788345336914,-0.0016775131225585938,-0.000415802001953125,0.24786810687890848,26.97747747747748,89.24892185705099,41.97747747747748,89.24892185705099
ganges_plain_2020110100_top03_2020,ganges_plain,top03_2020,precip_large_zwd,precip,tp_mswep,q850_box_mean_g_per_kg,per-timestep spatial mean,actual_vs_uniform_tp,6,dec_s1_pre_skip,remote_control,12.361204147338867,12.359526634216309,12.360551834106445,-0.0016775131225585938,-0.000652313232421875,0.38885730528709495,26.97747747747748,89.24892185705099,41.97747747747748,89.24892185705099
ganges_plain_2020110100_top03_2020,ganges_plain,top03_2020,precip_large_zwd,precip,tp_mswep,q850_box_mean_g_per_kg,per-timestep spatial mean,actual_vs_uniform_tp,6,dec_s1_post_skip,whole,12.361204147338867,12.359526634216309,12.359356880187988,-0.0016775131225585938,-0.0018472671508789062,1.1011938601478113,26.97747747747748,89.24892185705099,41.97747747747748,89.24892185705099
ganges_plain_2020110100_top03_2020,ganges_plain,top03_2020,precip_large_zwd,precip,tp_mswep,q850_box_mean_g_per_kg,per-timestep spatial mean,actual_vs_uniform_tp,6,dec_s1_post_skip,target_box,12.361204147338867,12.359526634216309,12.359742164611816,-0.0016775131225585938,-0.0014619827270507812,0.8715179079022172,26.97747747747748,89.24892185705099,41.97747747747748,89.24892185705099
ganges_plain_2020110100_top03_2020,ganges_plain,top03_2020,precip_large_zwd,precip,tp_mswep,q850_box_mean_g_per_kg,per-timestep spatial mean,actual_vs_uniform_tp,6,dec_s1_post_skip,mountain_near,12.361204147338867,12.359526634216309,12.361172676086426,-0.0016775131225585938,-3.147125244140625e-05,0.018760659465605456,26.97747747747748,89.24892185705099,41.97747747747748,89.24892185705099
ganges_plain_2020110100_top03_2020,ganges_plain,top03_2020,precip_large_zwd,precip,tp_mswep,q850_box_mean_g_per_kg,per-timestep spatial mean,actual_vs_uniform_tp,6,dec_s1_post_skip,upstream,12.361204147338867,12.359526634216309,12.361339569091797,-0.0016775131225585938,0.0001354217529296875,-0.08072768618533258,26.97747747747748,89.24892185705099,41.97747747747748,89.24892185705099
ganges_plain_2020110100_top03_2020,ganges_plain,top03_2020,precip_large_zwd,precip,tp_mswep,q850_box_mean_g_per_kg,per-timestep spatial mean,actual_vs_uniform_tp,6,dec_s1_post_skip,hotspot_gaussian,12.361204147338867,12.359526634216309,12.359586715698242,-0.0016775131225585938,-0.001617431640625,0.9641841955656623,26.97747747747748,89.24892185705099,41.97747747747748,89.24892185705099
ganges_plain_2020110100_top03_2020,ganges_plain,top03_2020,precip_large_zwd,precip,tp_mswep,q850_box_mean_g_per_kg,per-timestep spatial mean,actual_vs_uniform_tp,6,dec_s1_post_skip,low_near_gaussian,12.361204147338867,12.359526634216309,12.361291885375977,-0.0016775131225585938,8.7738037109375e-05,-0.05230244457077885,26.97747747747748,89.24892185705099,41.97747747747748,89.24892185705099
ganges_plain_2020110100_top03_2020,ganges_plain,top03_2020,precip_large_zwd,precip,tp_mswep,q850_box_mean_g_per_kg,per-timestep spatial mean,actual_vs_uniform_tp,6,dec_s1_post_skip,remote_control,12.361204147338867,12.359526634216309,12.361380577087402,-0.0016775131225585938,0.00017642974853515625,-0.10517339397384878,26.97747747747748,89.24892185705099,41.97747747747748,89.24892185705099
ganges_plain_2020110100_top03_2020,ganges_plain,top03_2020,precip_large_zwd,precip,tp_mswep,q850_box_mean_g_per_kg,per-timestep spatial mean,actual_vs_uniform_tp,6,dec_s2_pre_concat,whole,12.361204147338867,12.359526634216309,12.359356880187988,-0.0016775131225585938,-0.0018472671508789062,1.1011938601478113,26.97747747747748,89.24892185705099,41.97747747747748,89.24892185705099
ganges_plain_2020110100_top03_2020,ganges_plain,top03_2020,precip_large_zwd,precip,tp_mswep,q850_box_mean_g_per_kg,per-timestep spatial mean,actual_vs_uniform_tp,6,dec_s2_pre_concat,target_box,12.361204147338867,12.359526634216309,12.359742164611816,-0.0016775131225585938,-0.0014619827270507812,0.8715179079022172,26.97747747747748,89.24892185705099,41.97747747747748,89.24892185705099
ganges_plain_2020110100_top03_2020,ganges_plain,top03_2020,precip_large_zwd,precip,tp_mswep,q850_box_mean_g_per_kg,per-timestep spatial mean,actual_vs_uniform_tp,6,dec_s2_pre_concat,mountain_near,12.361204147338867,12.359526634216309,12.361172676086426,-0.0016775131225585938,-3.147125244140625e-05,0.018760659465605456,26.97747747747748,89.24892185705099,41.97747747747748,89.24892185705099
ganges_plain_2020110100_top03_2020,ganges_plain,top03_2020,precip_large_zwd,precip,tp_mswep,q850_box_mean_g_per_kg,per-timestep spatial mean,actual_vs_uniform_tp,6,dec_s2_pre_concat,upstream,12.361204147338867,12.359526634216309,12.361339569091797,-0.0016775131225585938,0.0001354217529296875,-0.08072768618533258,26.97747747747748,89.24892185705099,41.97747747747748,89.24892185705099
ganges_plain_2020110100_top03_2020,ganges_plain,top03_2020,precip_large_zwd,precip,tp_mswep,q850_box_mean_g_per_kg,per-timestep spatial mean,actual_vs_uniform_tp,6,dec_s2_pre_concat,hotspot_gaussian,12.361204147338867,12.359526634216309,12.359586715698242,-0.0016775131225585938,-0.001617431640625,0.9641841955656623,26.97747747747748,89.24892185705099,41.97747747747748,89.24892185705099
ganges_plain_2020110100_top03_2020,ganges_plain,top03_2020,precip_large_zwd,precip,tp_mswep,q850_box_mean_g_per_kg,per-timestep spatial mean,actual_vs_uniform_tp,6,dec_s2_pre_concat,low_near_gaussian,12.361204147338867,12.359526634216309,12.361291885375977,-0.0016775131225585938,8.7738037109375e-05,-0.05230244457077885,26.97747747747748,89.24892185705099,41.97747747747748,89.24892185705099
ganges_plain_2020110100_top03_2020,ganges_plain,top03_2020,precip_large_zwd,precip,tp_mswep,q850_box_mean_g_per_kg,per-timestep spatial mean,actual_vs_uniform_tp,6,dec_s2_pre_concat,remote_control,12.361204147338867,12.359526634216309,12.361380577087402,-0.0016775131225585938,0.00017642974853515625,-0.10517339397384878,26.97747747747748,89.24892185705099,41.97747747747748,89.24892185705099
ganges_plain_2020110100_top03_2020,ganges_plain,top03_2020,precip_large_zwd,precip,tp_mswep,q850_box_mean_g_per_kg,per-timestep spatial mean,actual_vs_uniform_tp,6,dec_s2_post_concat,whole,12.361204147338867,12.359526634216309,12.359557151794434,-0.0016775131225585938,-0.0016469955444335938,0.9818078453666856,26.97747747747748,89.24892185705099,41.97747747747748,89.24892185705099
ganges_plain_2020110100_top03_2020,ganges_plain,top03_2020,precip_large_zwd,precip,tp_mswep,q850_box_mean_g_per_kg,per-timestep spatial mean,actual_vs_uniform_tp,6,dec_s2_post_concat,target_box,12.361204147338867,12.359526634216309,12.359772682189941,-0.0016775131225585938,-0.0014314651489257812,0.8533257532689028,26.97747747747748,89.24892185705099,41.97747747747748,89.24892185705099
ganges_plain_2020110100_top03_2020,ganges_plain,top03_2020,precip_large_zwd,precip,tp_mswep,q850_box_mean_g_per_kg,per-timestep spatial mean,actual_vs_uniform_tp,6,dec_s2_post_concat,mountain_near,12.361204147338867,12.359526634216309,12.361186981201172,-0.0016775131225585938,-1.71661376953125e-05,0.01023308698123934,26.97747747747748,89.24892185705099,41.97747747747748,89.24892185705099
ganges_plain_2020110100_top03_2020,ganges_plain,top03_2020,precip_large_zwd,precip,tp_mswep,q850_box_mean_g_per_kg,per-timestep spatial mean,actual_vs_uniform_tp,6,dec_s2_post_concat,upstream,12.361204147338867,12.359526634216309,12.360930442810059,-0.0016775131225585938,-0.00027370452880859375,0.16316088686753838,26.97747747747748,89.24892185705099,41.97747747747748,89.24892185705099
ganges_plain_2020110100_top03_2020,ganges_plain,top03_2020,precip_large_zwd,precip,tp_mswep,q850_box_mean_g_per_kg,per-timestep spatial mean,actual_vs_uniform_tp,6,dec_s2_post_concat,hotspot_gaussian,12.361204147338867,12.359526634216309,12.359697341918945,-0.0016775131225585938,-0.001506805419921875,0.8982376350198976,26.97747747747748,89.24892185705099,41.97747747747748,89.24892185705099
ganges_plain_2020110100_top03_2020,ganges_plain,top03_2020,precip_large_zwd,precip,tp_mswep,q850_box_mean_g_per_kg,per-timestep spatial mean,actual_vs_uniform_tp,6,dec_s2_post_concat,low_near_gaussian,12.361204147338867,12.359526634216309,12.361289978027344,-0.0016775131225585938,8.58306884765625e-05,-0.051165434906196704,26.97747747747748,89.24892185705099,41.97747747747748,89.24892185705099
ganges_plain_2020110100_top03_2020,ganges_plain,top03_2020,precip_large_zwd,precip,tp_mswep,q850_box_mean_g_per_kg,per-timestep spatial mean,actual_vs_uniform_tp,6,dec_s2_post_concat,remote_control,12.361204147338867,12.359526634216309,12.361181259155273,-0.0016775131225585938,-2.288818359375e-05,0.013644115974985787,26.97747747747748,89.24892185705099,41.97747747747748,89.24892185705099
ganges_plain_2020110100_top03_2020,ganges_plain,top03_2020,precip_large_zwd,precip,tp_mswep,q850_box_mean_g_per_kg,per-timestep spatial mean,actual_vs_uniform_tp,12,enc_s0_skip,whole,12.335082054138184,12.335880279541016,12.337477684020996,0.0007982254028320312,0.0023956298828125,3.001194743130227,26.97747747747748,89.24892185705099,41.97747747747748,89.24892185705099
ganges_plain_2020110100_top03_2020,ganges_plain,top03_2020,precip_large_zwd,precip,tp_mswep,q850_box_mean_g_per_kg,per-timestep spatial mean,actual_vs_uniform_tp,12,enc_s0_skip,target_box,12.335082054138184,12.335880279541016,12.337934494018555,0.0007982254028320312,0.0028524398803710938,3.5734767025089607,26.97747747747748,89.24892185705099,41.97747747747748,89.24892185705099
ganges_plain_2020110100_top03_2020,ganges_plain,top03_2020,precip_large_zwd,precip,tp_mswep,q850_box_mean_g_per_kg,per-timestep spatial mean,actual_vs_uniform_tp,12,enc_s0_skip,mountain_near,12.335082054138184,12.335880279541016,12.335563659667969,0.0007982254028320312,0.00048160552978515625,0.6033452807646356,26.97747747747748,89.24892185705099,41.97747747747748,89.24892185705099
ganges_plain_2020110100_top03_2020,ganges_plain,top03_2020,precip_large_zwd,precip,tp_mswep,q850_box_mean_g_per_kg,per-timestep spatial mean,actual_vs_uniform_tp,12,enc_s0_skip,upstream,12.335082054138184,12.335880279541016,12.333025932312012,0.0007982254028320312,-0.002056121826171875,-2.5758661887694148,26.97747747747748,89.24892185705099,41.97747747747748,89.24892185705099
ganges_plain_2020110100_top03_2020,ganges_plain,top03_2020,precip_large_zwd,precip,tp_mswep,q850_box_mean_g_per_kg,per-timestep spatial mean,actual_vs_uniform_tp,12,enc_s0_skip,hotspot_gaussian,12.335082054138184,12.335880279541016,12.336067199707031,0.0007982254028320312,0.0009851455688476562,1.2341696535244921,26.97747747747748,89.24892185705099,41.97747747747748,89.24892185705099
ganges_plain_2020110100_top03_2020,ganges_plain,top03_2020,precip_large_zwd,precip,tp_mswep,q850_box_mean_g_per_kg,per-timestep spatial mean,actual_vs_uniform_tp,12,enc_s0_skip,low_near_gaussian,12.335082054138184,12.335880279541016,12.336552619934082,0.0007982254028320312,0.0014705657958984375,1.842293906810036,26.97747747747748,89.24892185705099,41.97747747747748,89.24892185705099
ganges_plain_2020110100_top03_2020,ganges_plain,top03_2020,precip_large_zwd,precip,tp_mswep,q850_box_mean_g_per_kg,per-timestep spatial mean,actual_vs_uniform_tp,12,enc_s0_skip,remote_control,12.335082054138184,12.335880279541016,12.334257125854492,0.0007982254028320312,-0.0008249282836914062,-1.033452807646356,26.97747747747748,89.24892185705099,41.97747747747748,89.24892185705099
ganges_plain_2020110100_top03_2020,ganges_plain,top03_2020,precip_large_zwd,precip,tp_mswep,q850_box_mean_g_per_kg,per-timestep spatial mean,actual_vs_uniform_tp,12,enc_s1_skip,whole,12.335082054138184,12.335880279541016,12.335082054138184,0.0007982254028320312,0.0,0.0,26.97747747747748,89.24892185705099,41.97747747747748,89.24892185705099
ganges_plain_2020110100_top03_2020,ganges_plain,top03_2020,precip_large_zwd,precip,tp_mswep,q850_box_mean_g_per_kg,per-timestep spatial mean,actual_vs_uniform_tp,12,enc_s1_skip,target_box,12.335082054138184,12.335880279541016,12.335082054138184,0.0007982254028320312,0.0,0.0,26.97747747747748,89.24892185705099,41.97747747747748,89.24892185705099
ganges_plain_2020110100_top03_2020,ganges_plain,top03_2020,precip_large_zwd,precip,tp_mswep,q850_box_mean_g_per_kg,per-timestep spatial mean,actual_vs_uniform_tp,12,enc_s1_skip,mountain_near,12.335082054138184,12.335880279541016,12.335082054138184,0.0007982254028320312,0.0,0.0,26.97747747747748,89.24892185705099,41.97747747747748,89.24892185705099
ganges_plain_2020110100_top03_2020,ganges_plain,top03_2020,precip_large_zwd,precip,tp_mswep,q850_box_mean_g_per_kg,per-timestep spatial mean,actual_vs_uniform_tp,12,enc_s1_skip,upstream,12.335082054138184,12.335880279541016,12.335082054138184,0.0007982254028320312,0.0,0.0,26.97747747747748,89.24892185705099,41.97747747747748,89.24892185705099
ganges_plain_2020110100_top03_2020,ganges_plain,top03_2020,precip_large_zwd,precip,tp_mswep,q850_box_mean_g_per_kg,per-timestep spatial mean,actual_vs_uniform_tp,12,enc_s1_skip,hotspot_gaussian,12.335082054138184,12.335880279541016,12.335082054138184,0.0007982254028320312,0.0,0.0,26.97747747747748,89.24892185705099,41.97747747747748,89.24892185705099
ganges_plain_2020110100_top03_2020,ganges_plain,top03_2020,precip_large_zwd,precip,tp_mswep,q850_box_mean_g_per_kg,per-timestep spatial mean,actual_vs_uniform_tp,12,enc_s1_skip,low_near_gaussian,12.335082054138184,12.335880279541016,12.335082054138184,0.0007982254028320312,0.0,0.0,26.97747747747748,89.24892185705099,41.97747747747748,89.24892185705099
ganges_plain_2020110100_top03_2020,ganges_plain,top03_2020,precip_large_zwd,precip,tp_mswep,q850_box_mean_g_per_kg,per-timestep spatial mean,actual_vs_uniform_tp,12,enc_s1_skip,remote_control,12.335082054138184,12.335880279541016,12.335082054138184,0.0007982254028320312,0.0,0.0,26.97747747747748,89.24892185705099,41.97747747747748,89.24892185705099
ganges_plain_2020110100_top03_2020,ganges_plain,top03_2020,precip_large_zwd,precip,tp_mswep,q850_box_mean_g_per_kg,per-timestep spatial mean,actual_vs_uniform_tp,12,enc_s2_bottleneck,whole,12.335082054138184,12.335880279541016,12.335440635681152,0.0007982254028320312,0.00035858154296875,0.44922341696535245,26.97747747747748,89.24892185705099,41.97747747747748,89.24892185705099
ganges_plain_2020110100_top03_2020,ganges_plain,top03_2020,precip_large_zwd,precip,tp_mswep,q850_box_mean_g_per_kg,per-timestep spatial mean,actual_vs_uniform_tp,12,enc_s2_bottleneck,target_box,12.335082054138184,12.335880279541016,12.332842826843262,0.0007982254028320312,-0.002239227294921875,-2.805256869772999,26.97747747747748,89.24892185705099,41.97747747747748,89.24892185705099
ganges_plain_2020110100_top03_2020,ganges_plain,top03_2020,precip_large_zwd,precip,tp_mswep,q850_box_mean_g_per_kg,per-timestep spatial mean,actual_vs_uniform_tp,12,enc_s2_bottleneck,mountain_near,12.335082054138184,12.335880279541016,12.333599090576172,0.0007982254028320312,-0.0014829635620117188,-1.8578255675029869,26.97747747747748,89.24892185705099,41.97747747747748,89.24892185705099
ganges_plain_2020110100_top03_2020,ganges_plain,top03_2020,precip_large_zwd,precip,tp_mswep,q850_box_mean_g_per_kg,per-timestep spatial mean,actual_vs_uniform_tp,12,enc_s2_bottleneck,upstream,12.335082054138184,12.335880279541016,12.332857131958008,0.0007982254028320312,-0.0022249221801757812,-2.7873357228195936,26.97747747747748,89.24892185705099,41.97747747747748,89.24892185705099
ganges_plain_2020110100_top03_2020,ganges_plain,top03_2020,precip_large_zwd,precip,tp_mswep,q850_box_mean_g_per_kg,per-timestep spatial mean,actual_vs_uniform_tp,12,enc_s2_bottleneck,hotspot_gaussian,12.335082054138184,12.335880279541016,12.33399486541748,0.0007982254028320312,-0.001087188720703125,-1.3620071684587813,26.97747747747748,89.24892185705099,41.97747747747748,89.24892185705099
ganges_plain_2020110100_top03_2020,ganges_plain,top03_2020,precip_large_zwd,precip,tp_mswep,q850_box_mean_g_per_kg,per-timestep spatial mean,actual_vs_uniform_tp,12,enc_s2_bottleneck,low_near_gaussian,12.335082054138184,12.335880279541016,12.330460548400879,0.0007982254028320312,-0.0046215057373046875,-5.789725209080048,26.97747747747748,89.24892185705099,41.97747747747748,89.24892185705099
ganges_plain_2020110100_top03_2020,ganges_plain,top03_2020,precip_large_zwd,precip,tp_mswep,q850_box_mean_g_per_kg,per-timestep spatial mean,actual_vs_uniform_tp,12,enc_s2_bottleneck,remote_control,12.335082054138184,12.335880279541016,12.330535888671875,0.0007982254028320312,-0.004546165466308594,-5.695340501792114,26.97747747747748,89.24892185705099,41.97747747747748,89.24892185705099
ganges_plain_2020110100_top03_2020,ganges_plain,top03_2020,precip_large_zwd,precip,tp_mswep,q850_box_mean_g_per_kg,per-timestep spatial mean,actual_vs_uniform_tp,12,dec_s0_pre_skip,whole,12.335082054138184,12.335880279541016,12.335440635681152,0.0007982254028320312,0.00035858154296875,0.44922341696535245,26.97747747747748,89.24892185705099,41.97747747747748,89.24892185705099
ganges_plain_2020110100_top03_2020,ganges_plain,top03_2020,precip_large_zwd,precip,tp_mswep,q850_box_mean_g_per_kg,per-timestep spatial mean,actual_vs_uniform_tp,12,dec_s0_pre_skip,target_box,12.335082054138184,12.335880279541016,12.332842826843262,0.0007982254028320312,-0.002239227294921875,-2.805256869772999,26.97747747747748,89.24892185705099,41.97747747747748,89.24892185705099
ganges_plain_2020110100_top03_2020,ganges_plain,top03_2020,precip_large_zwd,precip,tp_mswep,q850_box_mean_g_per_kg,per-timestep spatial mean,actual_vs_uniform_tp,12,dec_s0_pre_skip,mountain_near,12.335082054138184,12.335880279541016,12.333599090576172,0.0007982254028320312,-0.0014829635620117188,-1.8578255675029869,26.97747747747748,89.24892185705099,41.97747747747748,89.24892185705099
ganges_plain_2020110100_top03_2020,ganges_plain,top03_2020,precip_large_zwd,precip,tp_mswep,q850_box_mean_g_per_kg,per-timestep spatial mean,actual_vs_uniform_tp,12,dec_s0_pre_skip,upstream,12.335082054138184,12.335880279541016,12.332857131958008,0.0007982254028320312,-0.0022249221801757812,-2.7873357228195936,26.97747747747748,89.24892185705099,41.97747747747748,89.24892185705099
ganges_plain_2020110100_top03_2020,ganges_plain,top03_2020,precip_large_zwd,precip,tp_mswep,q850_box_mean_g_per_kg,per-timestep spatial mean,actual_vs_uniform_tp,12,dec_s0_pre_skip,hotspot_gaussian,12.335082054138184,12.335880279541016,12.33399486541748,0.0007982254028320312,-0.001087188720703125,-1.3620071684587813,26.97747747747748,89.24892185705099,41.97747747747748,89.24892185705099
ganges_plain_2020110100_top03_2020,ganges_plain,top03_2020,precip_large_zwd,precip,tp_mswep,q850_box_mean_g_per_kg,per-timestep spatial mean,actual_vs_uniform_tp,12,dec_s0_pre_skip,low_near_gaussian,12.335082054138184,12.335880279541016,12.330460548400879,0.0007982254028320312,-0.0046215057373046875,-5.789725209080048,26.97747747747748,89.24892185705099,41.97747747747748,89.24892185705099
ganges_plain_2020110100_top03_2020,ganges_plain,top03_2020,precip_large_zwd,precip,tp_mswep,q850_box_mean_g_per_kg,per-timestep spatial mean,actual_vs_uniform_tp,12,dec_s0_pre_skip,remote_control,12.335082054138184,12.335880279541016,12.330535888671875,0.0007982254028320312,-0.004546165466308594,-5.695340501792114,26.97747747747748,89.24892185705099,41.97747747747748,89.24892185705099
ganges_plain_2020110100_top03_2020,ganges_plain,top03_2020,precip_large_zwd,precip,tp_mswep,q850_box_mean_g_per_kg,per-timestep spatial mean,actual_vs_uniform_tp,12,dec_s1_pre_skip,whole,12.335082054138184,12.335880279541016,12.33935546875,0.0007982254028320312,0.004273414611816406,5.353643966547192,26.97747747747748,89.24892185705099,41.97747747747748,89.24892185705099
ganges_plain_2020110100_top03_2020,ganges_plain,top03_2020,precip_large_zwd,precip,tp_mswep,q850_box_mean_g_per_kg,per-timestep spatial mean,actual_vs_uniform_tp,12,dec_s1_pre_skip,target_box,12.335082054138184,12.335880279541016,12.337549209594727,0.0007982254028320312,0.0024671554565429688,3.090800477897252,26.97747747747748,89.24892185705099,41.97747747747748,89.24892185705099
ganges_plain_2020110100_top03_2020,ganges_plain,top03_2020,precip_large_zwd,precip,tp_mswep,q850_box_mean_g_per_kg,per-timestep spatial mean,actual_vs_uniform_tp,12,dec_s1_pre_skip,mountain_near,12.335082054138184,12.335880279541016,12.333784103393555,0.0007982254028320312,-0.0012979507446289062,-1.6260454002389486,26.97747747747748,89.24892185705099,41.97747747747748,89.24892185705099
ganges_plain_2020110100_top03_2020,ganges_plain,top03_2020,precip_large_zwd,precip,tp_mswep,q850_box_mean_g_per_kg,per-timestep spatial mean,actual_vs_uniform_tp,12,dec_s1_pre_skip,upstream,12.335082054138184,12.335880279541016,12.336965560913086,0.0007982254028320312,0.0018835067749023438,2.3596176821983272,26.97747747747748,89.24892185705099,41.97747747747748,89.24892185705099
ganges_plain_2020110100_top03_2020,ganges_plain,top03_2020,precip_large_zwd,precip,tp_mswep,q850_box_mean_g_per_kg,per-timestep spatial mean,actual_vs_uniform_tp,12,dec_s1_pre_skip,hotspot_gaussian,12.335082054138184,12.335880279541016,12.336170196533203,0.0007982254028320312,0.0010881423950195312,1.3632019115890084,26.97747747747748,89.24892185705099,41.97747747747748,89.24892185705099
ganges_plain_2020110100_top03_2020,ganges_plain,top03_2020,precip_large_zwd,precip,tp_mswep,q850_box_mean_g_per_kg,per-timestep spatial mean,actual_vs_uniform_tp,12,dec_s1_pre_skip,low_near_gaussian,12.335082054138184,12.335880279541016,12.335715293884277,0.0007982254028320312,0.00063323974609375,0.7933094384707288,26.97747747747748,89.24892185705099,41.97747747747748,89.24892185705099
ganges_plain_2020110100_top03_2020,ganges_plain,top03_2020,precip_large_zwd,precip,tp_mswep,q850_box_mean_g_per_kg,per-timestep spatial mean,actual_vs_uniform_tp,12,dec_s1_pre_skip,remote_control,12.335082054138184,12.335880279541016,12.335302352905273,0.0007982254028320312,0.00022029876708984375,0.27598566308243727,26.97747747747748,89.24892185705099,41.97747747747748,89.24892185705099
ganges_plain_2020110100_top03_2020,ganges_plain,top03_2020,precip_large_zwd,precip,tp_mswep,q850_box_mean_g_per_kg,per-timestep spatial mean,actual_vs_uniform_tp,12,dec_s1_post_skip,whole,12.335082054138184,12.335880279541016,12.33773136138916,0.0007982254028320312,0.0026493072509765625,3.3189964157706093,26.97747747747748,89.24892185705099,41.97747747747748,89.24892185705099
ganges_plain_2020110100_top03_2020,ganges_plain,top03_2020,precip_large_zwd,precip,tp_mswep,q850_box_mean_g_per_kg,per-timestep spatial mean,actual_vs_uniform_tp,12,dec_s1_post_skip,target_box,12.335082054138184,12.335880279541016,12.33655071258545,0.0007982254028320312,0.001468658447265625,1.8399044205495818,26.97747747747748,89.24892185705099,41.97747747747748,89.24892185705099
ganges_plain_2020110100_top03_2020,ganges_plain,top03_2020,precip_large_zwd,precip,tp_mswep,q850_box_mean_g_per_kg,per-timestep spatial mean,actual_vs_uniform_tp,12,dec_s1_post_skip,mountain_near,12.335082054138184,12.335880279541016,12.33359432220459,0.0007982254028320312,-0.00148773193359375,-1.863799283154122,26.97747747747748,89.24892185705099,41.97747747747748,89.24892185705099
ganges_plain_2020110100_top03_2020,ganges_plain,top03_2020,precip_large_zwd,precip,tp_mswep,q850_box_mean_g_per_kg,per-timestep spatial mean,actual_vs_uniform_tp,12,dec_s1_post_skip,upstream,12.335082054138184,12.335880279541016,12.336496353149414,0.0007982254028320312,0.0014142990112304688,1.7718040621266429,26.97747747747748,89.24892185705099,41.97747747747748,89.24892185705099
ganges_plain_2020110100_top03_2020,ganges_plain,top03_2020,precip_large_zwd,precip,tp_mswep,q850_box_mean_g_per_kg,per-timestep spatial mean,actual_vs_uniform_tp,12,dec_s1_post_skip,hotspot_gaussian,12.335082054138184,12.335880279541016,12.338784217834473,0.0007982254028320312,0.0037021636962890625,4.637992831541219,26.97747747747748,89.24892185705099,41.97747747747748,89.24892185705099
ganges_plain_2020110100_top03_2020,ganges_plain,top03_2020,precip_large_zwd,precip,tp_mswep,q850_box_mean_g_per_kg,per-timestep spatial mean,actual_vs_uniform_tp,12,dec_s1_post_skip,low_near_gaussian,12.335082054138184,12.335880279541016,12.334507942199707,0.0007982254028320312,-0.0005741119384765625,-0.7192353643966547,26.97747747747748,89.24892185705099,41.97747747747748,89.24892185705099
ganges_plain_2020110100_top03_2020,ganges_plain,top03_2020,precip_large_zwd,precip,tp_mswep,q850_box_mean_g_per_kg,per-timestep spatial mean,actual_vs_uniform_tp,12,dec_s1_post_skip,remote_control,12.335082054138184,12.335880279541016,12.335474014282227,0.0007982254028320312,0.00039196014404296875,0.4910394265232975,26.97747747747748,89.24892185705099,41.97747747747748,89.24892185705099
ganges_plain_2020110100_top03_2020,ganges_plain,top03_2020,precip_large_zwd,precip,tp_mswep,q850_box_mean_g_per_kg,per-timestep spatial mean,actual_vs_uniform_tp,12,dec_s2_pre_concat,whole,12.335082054138184,12.335880279541016,12.33773136138916,0.0007982254028320312,0.0026493072509765625,3.3189964157706093,26.97747747747748,89.24892185705099,41.97747747747748,89.24892185705099
ganges_plain_2020110100_top03_2020,ganges_plain,top03_2020,precip_large_zwd,precip,tp_mswep,q850_box_mean_g_per_kg,per-timestep spatial mean,actual_vs_uniform_tp,12,dec_s2_pre_concat,target_box,12.335082054138184,12.335880279541016,12.33655071258545,0.0007982254028320312,0.001468658447265625,1.8399044205495818,26.97747747747748,89.24892185705099,41.97747747747748,89.24892185705099
ganges_plain_2020110100_top03_2020,ganges_plain,top03_2020,precip_large_zwd,precip,tp_mswep,q850_box_mean_g_per_kg,per-timestep spatial mean,actual_vs_uniform_tp,12,dec_s2_pre_concat,mountain_near,12.335082054138184,12.335880279541016,12.33359432220459,0.0007982254028320312,-0.00148773193359375,-1.863799283154122,26.97747747747748,89.24892185705099,41.97747747747748,89.24892185705099
ganges_plain_2020110100_top03_2020,ganges_plain,top03_2020,precip_large_zwd,precip,tp_mswep,q850_box_mean_g_per_kg,per-timestep spatial mean,actual_vs_uniform_tp,12,dec_s2_pre_concat,upstream,12.335082054138184,12.335880279541016,12.336496353149414,0.0007982254028320312,0.0014142990112304688,1.7718040621266429,26.97747747747748,89.24892185705099,41.97747747747748,89.24892185705099
ganges_plain_2020110100_top03_2020,ganges_plain,top03_2020,precip_large_zwd,precip,tp_mswep,q850_box_mean_g_per_kg,per-timestep spatial mean,actual_vs_uniform_tp,12,dec_s2_pre_concat,hotspot_gaussian,12.335082054138184,12.335880279541016,12.338784217834473,0.0007982254028320312,0.0037021636962890625,4.637992831541219,26.97747747747748,89.24892185705099,41.97747747747748,89.24892185705099
ganges_plain_2020110100_top03_2020,ganges_plain,top03_2020,precip_large_zwd,precip,tp_mswep,q850_box_mean_g_per_kg,per-timestep spatial mean,actual_vs_uniform_tp,12,dec_s2_pre_concat,low_near_gaussian,12.335082054138184,12.335880279541016,12.334507942199707,0.0007982254028320312,-0.0005741119384765625,-0.7192353643966547,26.97747747747748,89.24892185705099,41.97747747747748,89.24892185705099
ganges_plain_2020110100_top03_2020,ganges_plain,top03_2020,precip_large_zwd,precip,tp_mswep,q850_box_mean_g_per_kg,per-timestep spatial mean,actual_vs_uniform_tp,12,dec_s2_pre_concat,remote_control,12.335082054138184,12.335880279541016,12.335474014282227,0.0007982254028320312,0.00039196014404296875,0.4910394265232975,26.97747747747748,89.24892185705099,41.97747747747748,89.24892185705099
ganges_plain_2020110100_top03_2020,ganges_plain,top03_2020,precip_large_zwd,precip,tp_mswep,q850_box_mean_g_per_kg,per-timestep spatial mean,actual_vs_uniform_tp,12,dec_s2_post_concat,whole,12.335082054138184,12.335880279541016,12.337052345275879,0.0007982254028320312,0.0019702911376953125,2.4683393070489843,26.97747747747748,89.24892185705099,41.97747747747748,89.24892185705099
ganges_plain_2020110100_top03_2020,ganges_plain,top03_2020,precip_large_zwd,precip,tp_mswep,q850_box_mean_g_per_kg,per-timestep spatial mean,actual_vs_uniform_tp,12,dec_s2_post_concat,target_box,12.335082054138184,12.335880279541016,12.335905075073242,0.0007982254028320312,0.0008230209350585938,1.031063321385902,26.97747747747748,89.24892185705099,41.97747747747748,89.24892185705099
ganges_plain_2020110100_top03_2020,ganges_plain,top03_2020,precip_large_zwd,precip,tp_mswep,q850_box_mean_g_per_kg,per-timestep spatial mean,actual_vs_uniform_tp,12,dec_s2_post_concat,mountain_near,12.335082054138184,12.335880279541016,12.332791328430176,0.0007982254028320312,-0.0022907257080078125,-2.869772998805257,26.97747747747748,89.24892185705099,41.97747747747748,89.24892185705099
ganges_plain_2020110100_top03_2020,ganges_plain,top03_2020,precip_large_zwd,precip,tp_mswep,q850_box_mean_g_per_kg,per-timestep spatial mean,actual_vs_uniform_tp,12,dec_s2_post_concat,upstream,12.335082054138184,12.335880279541016,12.33430004119873,0.0007982254028320312,-0.000782012939453125,-0.9796893667861409,26.97747747747748,89.24892185705099,41.97747747747748,89.24892185705099
ganges_plain_2020110100_top03_2020,ganges_plain,top03_2020,precip_large_zwd,precip,tp_mswep,q850_box_mean_g_per_kg,per-timestep spatial mean,actual_vs_uniform_tp,12,dec_s2_post_concat,hotspot_gaussian,12.335082054138184,12.335880279541016,12.335515022277832,0.0007982254028320312,0.0004329681396484375,0.5424133811230586,26.97747747747748,89.24892185705099,41.97747747747748,89.24892185705099
ganges_plain_2020110100_top03_2020,ganges_plain,top03_2020,precip_large_zwd,precip,tp_mswep,q850_box_mean_g_per_kg,per-timestep spatial mean,actual_vs_uniform_tp,12,dec_s2_post_concat,low_near_gaussian,12.335082054138184,12.335880279541016,12.335866928100586,0.0007982254028320312,0.0007848739624023438,0.983273596176822,26.97747747747748,89.24892185705099,41.97747747747748,89.24892185705099
ganges_plain_2020110100_top03_2020,ganges_plain,top03_2020,precip_large_zwd,precip,tp_mswep,q850_box_mean_g_per_kg,per-timestep spatial mean,actual_vs_uniform_tp,12,dec_s2_post_concat,remote_control,12.335082054138184,12.335880279541016,12.336172103881836,0.0007982254028320312,0.0010900497436523438,1.3655913978494623,26.97747747747748,89.24892185705099,41.97747747747748,89.24892185705099
ganges_plain_2020110100_top03_2020,ganges_plain,top03_2020,precip_large_zwd,precip,tp_mswep,q850_box_mean_g_per_kg,per-timestep spatial mean,actual_vs_uniform_tp,24,enc_s0_skip,whole,12.098353385925293,12.09317398071289,12.093973159790039,-0.005179405212402344,-0.004380226135253906,0.8457006076229056,26.97747747747748,89.24892185705099,41.97747747747748,89.24892185705099
ganges_plain_2020110100_top03_2020,ganges_plain,top03_2020,precip_large_zwd,precip,tp_mswep,q850_box_mean_g_per_kg,per-timestep spatial mean,actual_vs_uniform_tp,24,enc_s0_skip,target_box,12.098353385925293,12.09317398071289,12.097161293029785,-0.005179405212402344,-0.0011920928955078125,0.23016019149327932,26.97747747747748,89.24892185705099,41.97747747747748,89.24892185705099
ganges_plain_2020110100_top03_2020,ganges_plain,top03_2020,precip_large_zwd,precip,tp_mswep,q850_box_mean_g_per_kg,per-timestep spatial mean,actual_vs_uniform_tp,24,enc_s0_skip,mountain_near,12.098353385925293,12.09317398071289,12.097907066345215,-0.005179405212402344,-0.000446319580078125,0.08617197569508378,26.97747747747748,89.24892185705099,41.97747747747748,89.24892185705099
ganges_plain_2020110100_top03_2020,ganges_plain,top03_2020,precip_large_zwd,precip,tp_mswep,q850_box_mean_g_per_kg,per-timestep spatial mean,actual_vs_uniform_tp,24,enc_s0_skip,upstream,12.098353385925293,12.09317398071289,12.10082721710205,-0.005179405212402344,0.0024738311767578125,-0.47762842938685324,26.97747747747748,89.24892185705099,41.97747747747748,89.24892185705099
ganges_plain_2020110100_top03_2020,ganges_plain,top03_2020,precip_large_zwd,precip,tp_mswep,q850_box_mean_g_per_kg,per-timestep spatial mean,actual_vs_uniform_tp,24,enc_s0_skip,hotspot_gaussian,12.098353385925293,12.09317398071289,12.095232009887695,-0.005179405212402344,-0.0031213760375976562,0.6026514454060026,26.97747747747748,89.24892185705099,41.97747747747748,89.24892185705099
ganges_plain_2020110100_top03_2020,ganges_plain,top03_2020,precip_large_zwd,precip,tp_mswep,q850_box_mean_g_per_kg,per-timestep spatial mean,actual_vs_uniform_tp,24,enc_s0_skip,low_near_gaussian,12.098353385925293,12.09317398071289,12.09291934967041,-0.005179405212402344,-0.0054340362548828125,1.0491622169029644,26.97747747747748,89.24892185705099,41.97747747747748,89.24892185705099
ganges_plain_2020110100_top03_2020,ganges_plain,top03_2020,precip_large_zwd,precip,tp_mswep,q850_box_mean_g_per_kg,per-timestep spatial mean,actual_vs_uniform_tp,24,enc_s0_skip,remote_control,12.098353385925293,12.09317398071289,12.09305191040039,-0.005179405212402344,-0.005301475524902344,1.0235684036089119,26.97747747747748,89.24892185705099,41.97747747747748,89.24892185705099
ganges_plain_2020110100_top03_2020,ganges_plain,top03_2020,precip_large_zwd,precip,tp_mswep,q850_box_mean_g_per_kg,per-timestep spatial mean,actual_vs_uniform_tp,24,enc_s1_skip,whole,12.098353385925293,12.09317398071289,12.098353385925293,-0.005179405212402344,0.0,-0.0,26.97747747747748,89.24892185705099,41.97747747747748,89.24892185705099
ganges_plain_2020110100_top03_2020,ganges_plain,top03_2020,precip_large_zwd,precip,tp_mswep,q850_box_mean_g_per_kg,per-timestep spatial mean,actual_vs_uniform_tp,24,enc_s1_skip,target_box,12.098353385925293,12.09317398071289,12.098353385925293,-0.005179405212402344,0.0,-0.0,26.97747747747748,89.24892185705099,41.97747747747748,89.24892185705099
ganges_plain_2020110100_top03_2020,ganges_plain,top03_2020,precip_large_zwd,precip,tp_mswep,q850_box_mean_g_per_kg,per-timestep spatial mean,actual_vs_uniform_tp,24,enc_s1_skip,mountain_near,12.098353385925293,12.09317398071289,12.098353385925293,-0.005179405212402344,0.0,-0.0,26.97747747747748,89.24892185705099,41.97747747747748,89.24892185705099
ganges_plain_2020110100_top03_2020,ganges_plain,top03_2020,precip_large_zwd,precip,tp_mswep,q850_box_mean_g_per_kg,per-timestep spatial mean,actual_vs_uniform_tp,24,enc_s1_skip,upstream,12.098353385925293,12.09317398071289,12.098353385925293,-0.005179405212402344,0.0,-0.0,26.97747747747748,89.24892185705099,41.97747747747748,89.24892185705099
ganges_plain_2020110100_top03_2020,ganges_plain,top03_2020,precip_large_zwd,precip,tp_mswep,q850_box_mean_g_per_kg,per-timestep spatial mean,actual_vs_uniform_tp,24,enc_s1_skip,hotspot_gaussian,12.098353385925293,12.09317398071289,12.098353385925293,-0.005179405212402344,0.0,-0.0,26.97747747747748,89.24892185705099,41.97747747747748,89.24892185705099
ganges_plain_2020110100_top03_2020,ganges_plain,top03_2020,precip_large_zwd,precip,tp_mswep,q850_box_mean_g_per_kg,per-timestep spatial mean,actual_vs_uniform_tp,24,enc_s1_skip,low_near_gaussian,12.098353385925293,12.09317398071289,12.098353385925293,-0.005179405212402344,0.0,-0.0,26.97747747747748,89.24892185705099,41.97747747747748,89.24892185705099
ganges_plain_2020110100_top03_2020,ganges_plain,top03_2020,precip_large_zwd,precip,tp_mswep,q850_box_mean_g_per_kg,per-timestep spatial mean,actual_vs_uniform_tp,24,enc_s1_skip,remote_control,12.098353385925293,12.09317398071289,12.098353385925293,-0.005179405212402344,0.0,-0.0,26.97747747747748,89.24892185705099,41.97747747747748,89.24892185705099
ganges_plain_2020110100_top03_2020,ganges_plain,top03_2020,precip_large_zwd,precip,tp_mswep,q850_box_mean_g_per_kg,per-timestep spatial mean,actual_vs_uniform_tp,24,enc_s2_bottleneck,whole,12.098353385925293,12.09317398071289,12.09371566772461,-0.005179405212402344,-0.004637718200683594,0.8954152089854539,26.97747747747748,89.24892185705099,41.97747747747748,89.24892185705099
ganges_plain_2020110100_top03_2020,ganges_plain,top03_2020,precip_large_zwd,precip,tp_mswep,q850_box_mean_g_per_kg,per-timestep spatial mean,actual_vs_uniform_tp,24,enc_s2_bottleneck,target_box,12.098353385925293,12.09317398071289,12.09385871887207,-0.005179405212402344,-0.004494667053222656,0.8677959860062604,26.97747747747748,89.24892185705099,41.97747747747748,89.24892185705099
ganges_plain_2020110100_top03_2020,ganges_plain,top03_2020,precip_large_zwd,precip,tp_mswep,q850_box_mean_g_per_kg,per-timestep spatial mean,actual_vs_uniform_tp,24,enc_s2_bottleneck,mountain_near,12.098353385925293,12.09317398071289,12.091019630432129,-0.005179405212402344,-0.0073337554931640625,1.4159454980666544,26.97747747747748,89.24892185705099,41.97747747747748,89.24892185705099
ganges_plain_2020110100_top03_2020,ganges_plain,top03_2020,precip_large_zwd,precip,tp_mswep,q850_box_mean_g_per_kg,per-timestep spatial mean,actual_vs_uniform_tp,24,enc_s2_bottleneck,upstream,12.098353385925293,12.09317398071289,12.091734886169434,-0.005179405212402344,-0.006618499755859375,1.2778493831706867,26.97747747747748,89.24892185705099,41.97747747747748,89.24892185705099
ganges_plain_2020110100_top03_2020,ganges_plain,top03_2020,precip_large_zwd,precip,tp_mswep,q850_box_mean_g_per_kg,per-timestep spatial mean,actual_vs_uniform_tp,24,enc_s2_bottleneck,hotspot_gaussian,12.098353385925293,12.09317398071289,12.089120864868164,-0.005179405212402344,-0.009232521057128906,1.7825446510771497,26.97747747747748,89.24892185705099,41.97747747747748,89.24892185705099
ganges_plain_2020110100_top03_2020,ganges_plain,top03_2020,precip_large_zwd,precip,tp_mswep,q850_box_mean_g_per_kg,per-timestep spatial mean,actual_vs_uniform_tp,24,enc_s2_bottleneck,low_near_gaussian,12.098353385925293,12.09317398071289,12.090239524841309,-0.005179405212402344,-0.008113861083984375,1.5665623273798563,26.97747747747748,89.24892185705099,41.97747747747748,89.24892185705099
ganges_plain_2020110100_top03_2020,ganges_plain,top03_2020,precip_large_zwd,precip,tp_mswep,q850_box_mean_g_per_kg,per-timestep spatial mean,actual_vs_uniform_tp,24,enc_s2_bottleneck,remote_control,12.098353385925293,12.09317398071289,12.087491035461426,-0.005179405212402344,-0.010862350463867188,2.097219664886761,26.97747747747748,89.24892185705099,41.97747747747748,89.24892185705099
ganges_plain_2020110100_top03_2020,ganges_plain,top03_2020,precip_large_zwd,precip,tp_mswep,q850_box_mean_g_per_kg,per-timestep spatial mean,actual_vs_uniform_tp,24,dec_s0_pre_skip,whole,12.098353385925293,12.09317398071289,12.09371566772461,-0.005179405212402344,-0.004637718200683594,0.8954152089854539,26.97747747747748,89.24892185705099,41.97747747747748,89.24892185705099
ganges_plain_2020110100_top03_2020,ganges_plain,top03_2020,precip_large_zwd,precip,tp_mswep,q850_box_mean_g_per_kg,per-timestep spatial mean,actual_vs_uniform_tp,24,dec_s0_pre_skip,target_box,12.098353385925293,12.09317398071289,12.09385871887207,-0.005179405212402344,-0.004494667053222656,0.8677959860062604,26.97747747747748,89.24892185705099,41.97747747747748,89.24892185705099
ganges_plain_2020110100_top03_2020,ganges_plain,top03_2020,precip_large_zwd,precip,tp_mswep,q850_box_mean_g_per_kg,per-timestep spatial mean,actual_vs_uniform_tp,24,dec_s0_pre_skip,mountain_near,12.098353385925293,12.09317398071289,12.091019630432129,-0.005179405212402344,-0.0073337554931640625,1.4159454980666544,26.97747747747748,89.24892185705099,41.97747747747748,89.24892185705099
ganges_plain_2020110100_top03_2020,ganges_plain,top03_2020,precip_large_zwd,precip,tp_mswep,q850_box_mean_g_per_kg,per-timestep spatial mean,actual_vs_uniform_tp,24,dec_s0_pre_skip,upstream,12.098353385925293,12.09317398071289,12.091734886169434,-0.005179405212402344,-0.006618499755859375,1.2778493831706867,26.97747747747748,89.24892185705099,41.97747747747748,89.24892185705099
ganges_plain_2020110100_top03_2020,ganges_plain,top03_2020,precip_large_zwd,precip,tp_mswep,q850_box_mean_g_per_kg,per-timestep spatial mean,actual_vs_uniform_tp,24,dec_s0_pre_skip,hotspot_gaussian,12.098353385925293,12.09317398071289,12.089120864868164,-0.005179405212402344,-0.009232521057128906,1.7825446510771497,26.97747747747748,89.24892185705099,41.97747747747748,89.24892185705099
ganges_plain_2020110100_top03_2020,ganges_plain,top03_2020,precip_large_zwd,precip,tp_mswep,q850_box_mean_g_per_kg,per-timestep spatial mean,actual_vs_uniform_tp,24,dec_s0_pre_skip,low_near_gaussian,12.098353385925293,12.09317398071289,12.090239524841309,-0.005179405212402344,-0.008113861083984375,1.5665623273798563,26.97747747747748,89.24892185705099,41.97747747747748,89.24892185705099
ganges_plain_2020110100_top03_2020,ganges_plain,top03_2020,precip_large_zwd,precip,tp_mswep,q850_box_mean_g_per_kg,per-timestep spatial mean,actual_vs_uniform_tp,24,dec_s0_pre_skip,remote_control,12.098353385925293,12.09317398071289,12.087491035461426,-0.005179405212402344,-0.010862350463867188,2.097219664886761,26.97747747747748,89.24892185705099,41.97747747747748,89.24892185705099
ganges_plain_2020110100_top03_2020,ganges_plain,top03_2020,precip_large_zwd,precip,tp_mswep,q850_box_mean_g_per_kg,per-timestep spatial mean,actual_vs_uniform_tp,24,dec_s1_pre_skip,whole,12.098353385925293,12.09317398071289,12.101956367492676,-0.005179405212402344,0.0036029815673828125,-0.6956361627692874,26.97747747747748,89.24892185705099,41.97747747747748,89.24892185705099
ganges_plain_2020110100_top03_2020,ganges_plain,top03_2020,precip_large_zwd,precip,tp_mswep,q850_box_mean_g_per_kg,per-timestep spatial mean,actual_vs_uniform_tp,24,dec_s1_pre_skip,target_box,12.098353385925293,12.09317398071289,12.096027374267578,-0.005179405212402344,-0.0023260116577148438,0.4490885656416866,26.97747747747748,89.24892185705099,41.97747747747748,89.24892185705099
ganges_plain_2020110100_top03_2020,ganges_plain,top03_2020,precip_large_zwd,precip,tp_mswep,q850_box_mean_g_per_kg,per-timestep spatial mean,actual_vs_uniform_tp,24,dec_s1_pre_skip,mountain_near,12.098353385925293,12.09317398071289,12.09450626373291,-0.005179405212402344,-0.0038471221923828125,0.7427729699871111,26.97747747747748,89.24892185705099,41.97747747747748,89.24892185705099
ganges_plain_2020110100_top03_2020,ganges_plain,top03_2020,precip_large_zwd,precip,tp_mswep,q850_box_mean_g_per_kg,per-timestep spatial mean,actual_vs_uniform_tp,24,dec_s1_pre_skip,upstream,12.098353385925293,12.09317398071289,12.089581489562988,-0.005179405212402344,-0.008771896362304688,1.6936107530841467,26.97747747747748,89.24892185705099,41.97747747747748,89.24892185705099
ganges_plain_2020110100_top03_2020,ganges_plain,top03_2020,precip_large_zwd,precip,tp_mswep,q850_box_mean_g_per_kg,per-timestep spatial mean,actual_vs_uniform_tp,24,dec_s1_pre_skip,hotspot_gaussian,12.098353385925293,12.09317398071289,12.0947265625,-0.005179405212402344,-0.0036268234252929688,0.700239366599153,26.97747747747748,89.24892185705099,41.97747747747748,89.24892185705099
ganges_plain_2020110100_top03_2020,ganges_plain,top03_2020,precip_large_zwd,precip,tp_mswep,q850_box_mean_g_per_kg,per-timestep spatial mean,actual_vs_uniform_tp,24,dec_s1_pre_skip,low_near_gaussian,12.098353385925293,12.09317398071289,12.09428596496582,-0.005179405212402344,-0.004067420959472656,0.785306573375069,26.97747747747748,89.24892185705099,41.97747747747748,89.24892185705099
ganges_plain_2020110100_top03_2020,ganges_plain,top03_2020,precip_large_zwd,precip,tp_mswep,q850_box_mean_g_per_kg,per-timestep spatial mean,actual_vs_uniform_tp,24,dec_s1_pre_skip,remote_control,12.098353385925293,12.09317398071289,12.094634056091309,-0.005179405212402344,-0.003719329833984375,0.7180997974590315,26.97747747747748,89.24892185705099,41.97747747747748,89.24892185705099
ganges_plain_2020110100_top03_2020,ganges_plain,top03_2020,precip_large_zwd,precip,tp_mswep,q850_box_mean_g_per_kg,per-timestep spatial mean,actual_vs_uniform_tp,24,dec_s1_post_skip,whole,12.098353385925293,12.09317398071289,12.094460487365723,-0.005179405212402344,-0.0038928985595703125,0.7516111213404529,26.97747747747748,89.24892185705099,41.97747747747748,89.24892185705099
ganges_plain_2020110100_top03_2020,ganges_plain,top03_2020,precip_large_zwd,precip,tp_mswep,q850_box_mean_g_per_kg,per-timestep spatial mean,actual_vs_uniform_tp,24,dec_s1_post_skip,target_box,12.098353385925293,12.09317398071289,12.094865798950195,-0.005179405212402344,-0.0034875869750976562,0.673356656232738,26.97747747747748,89.24892185705099,41.97747747747748,89.24892185705099
ganges_plain_2020110100_top03_2020,ganges_plain,top03_2020,precip_large_zwd,precip,tp_mswep,q850_box_mean_g_per_kg,per-timestep spatial mean,actual_vs_uniform_tp,24,dec_s1_post_skip,mountain_near,12.098353385925293,12.09317398071289,12.092392921447754,-0.005179405212402344,-0.0059604644775390625,1.1508009574663967,26.97747747747748,89.24892185705099,41.97747747747748,89.24892185705099
ganges_plain_2020110100_top03_2020,ganges_plain,top03_2020,precip_large_zwd,precip,tp_mswep,q850_box_mean_g_per_kg,per-timestep spatial mean,actual_vs_uniform_tp,24,dec_s1_post_skip,upstream,12.098353385925293,12.09317398071289,12.094047546386719,-0.005179405212402344,-0.004305839538574219,0.8313386116737249,26.97747747747748,89.24892185705099,41.97747747747748,89.24892185705099
ganges_plain_2020110100_top03_2020,ganges_plain,top03_2020,precip_large_zwd,precip,tp_mswep,q850_box_mean_g_per_kg,per-timestep spatial mean,actual_vs_uniform_tp,24,dec_s1_post_skip,hotspot_gaussian,12.098353385925293,12.09317398071289,12.092794418334961,-0.005179405212402344,-0.005558967590332031,1.0732830049714601,26.97747747747748,89.24892185705099,41.97747747747748,89.24892185705099
ganges_plain_2020110100_top03_2020,ganges_plain,top03_2020,precip_large_zwd,precip,tp_mswep,q850_box_mean_g_per_kg,per-timestep spatial mean,actual_vs_uniform_tp,24,dec_s1_post_skip,low_near_gaussian,12.098353385925293,12.09317398071289,12.09582233428955,-0.005179405212402344,-0.0025310516357421875,0.48867611857853066,26.97747747747748,89.24892185705099,41.97747747747748,89.24892185705099
ganges_plain_2020110100_top03_2020,ganges_plain,top03_2020,precip_large_zwd,precip,tp_mswep,q850_box_mean_g_per_kg,per-timestep spatial mean,actual_vs_uniform_tp,24,dec_s1_post_skip,remote_control,12.098353385925293,12.09317398071289,12.099123001098633,-0.005179405212402344,0.0007696151733398438,-0.14859141962806113,26.97747747747748,89.24892185705099,41.97747747747748,89.24892185705099
ganges_plain_2020110100_top03_2020,ganges_plain,top03_2020,precip_large_zwd,precip,tp_mswep,q850_box_mean_g_per_kg,per-timestep spatial mean,actual_vs_uniform_tp,24,dec_s2_pre_concat,whole,12.098353385925293,12.09317398071289,12.094460487365723,-0.005179405212402344,-0.0038928985595703125,0.7516111213404529,26.97747747747748,89.24892185705099,41.97747747747748,89.24892185705099
ganges_plain_2020110100_top03_2020,ganges_plain,top03_2020,precip_large_zwd,precip,tp_mswep,q850_box_mean_g_per_kg,per-timestep spatial mean,actual_vs_uniform_tp,24,dec_s2_pre_concat,target_box,12.098353385925293,12.09317398071289,12.094865798950195,-0.005179405212402344,-0.0034875869750976562,0.673356656232738,26.97747747747748,89.24892185705099,41.97747747747748,89.24892185705099
ganges_plain_2020110100_top03_2020,ganges_plain,top03_2020,precip_large_zwd,precip,tp_mswep,q850_box_mean_g_per_kg,per-timestep spatial mean,actual_vs_uniform_tp,24,dec_s2_pre_concat,mountain_near,12.098353385925293,12.09317398071289,12.092392921447754,-0.005179405212402344,-0.0059604644775390625,1.1508009574663967,26.97747747747748,89.24892185705099,41.97747747747748,89.24892185705099
ganges_plain_2020110100_top03_2020,ganges_plain,top03_2020,precip_large_zwd,precip,tp_mswep,q850_box_mean_g_per_kg,per-timestep spatial mean,actual_vs_uniform_tp,24,dec_s2_pre_concat,upstream,12.098353385925293,12.09317398071289,12.094047546386719,-0.005179405212402344,-0.004305839538574219,0.8313386116737249,26.97747747747748,89.24892185705099,41.97747747747748,89.24892185705099
ganges_plain_2020110100_top03_2020,ganges_plain,top03_2020,precip_large_zwd,precip,tp_mswep,q850_box_mean_g_per_kg,per-timestep spatial mean,actual_vs_uniform_tp,24,dec_s2_pre_concat,hotspot_gaussian,12.098353385925293,12.09317398071289,12.092794418334961,-0.005179405212402344,-0.005558967590332031,1.0732830049714601,26.97747747747748,89.24892185705099,41.97747747747748,89.24892185705099
ganges_plain_2020110100_top03_2020,ganges_plain,top03_2020,precip_large_zwd,precip,tp_mswep,q850_box_mean_g_per_kg,per-timestep spatial mean,actual_vs_uniform_tp,24,dec_s2_pre_concat,low_near_gaussian,12.098353385925293,12.09317398071289,12.09582233428955,-0.005179405212402344,-0.0025310516357421875,0.48867611857853066,26.97747747747748,89.24892185705099,41.97747747747748,89.24892185705099
ganges_plain_2020110100_top03_2020,ganges_plain,top03_2020,precip_large_zwd,precip,tp_mswep,q850_box_mean_g_per_kg,per-timestep spatial mean,actual_vs_uniform_tp,24,dec_s2_pre_concat,remote_control,12.098353385925293,12.09317398071289,12.099123001098633,-0.005179405212402344,0.0007696151733398438,-0.14859141962806113,26.97747747747748,89.24892185705099,41.97747747747748,89.24892185705099
ganges_plain_2020110100_top03_2020,ganges_plain,top03_2020,precip_large_zwd,precip,tp_mswep,q850_box_mean_g_per_kg,per-timestep spatial mean,actual_vs_uniform_tp,24,dec_s2_post_concat,whole,12.098353385925293,12.09317398071289,12.095451354980469,-0.005179405212402344,-0.0029020309448242188,0.5603019701712392,26.97747747747748,89.24892185705099,41.97747747747748,89.24892185705099
ganges_plain_2020110100_top03_2020,ganges_plain,top03_2020,precip_large_zwd,precip,tp_mswep,q850_box_mean_g_per_kg,per-timestep spatial mean,actual_vs_uniform_tp,24,dec_s2_post_concat,target_box,12.098353385925293,12.09317398071289,12.095443725585938,-0.005179405212402344,-0.0029096603393554688,0.5617749953967962,26.97747747747748,89.24892185705099,41.97747747747748,89.24892185705099
ganges_plain_2020110100_top03_2020,ganges_plain,top03_2020,precip_large_zwd,precip,tp_mswep,q850_box_mean_g_per_kg,per-timestep spatial mean,actual_vs_uniform_tp,24,dec_s2_post_concat,mountain_near,12.098353385925293,12.09317398071289,12.095733642578125,-0.005179405212402344,-0.0026197433471679688,0.5058000368256307,26.97747747747748,89.24892185705099,41.97747747747748,89.24892185705099
ganges_plain_2020110100_top03_2020,ganges_plain,top03_2020,precip_large_zwd,precip,tp_mswep,q850_box_mean_g_per_kg,per-timestep spatial mean,actual_vs_uniform_tp,24,dec_s2_post_concat,upstream,12.098353385925293,12.09317398071289,12.089320182800293,-0.005179405212402344,-0.009033203125,1.7440618670594734,26.97747747747748,89.24892185705099,41.97747747747748,89.24892185705099
ganges_plain_2020110100_top03_2020,ganges_plain,top03_2020,precip_large_zwd,precip,tp_mswep,q850_box_mean_g_per_kg,per-timestep spatial mean,actual_vs_uniform_tp,24,dec_s2_post_concat,hotspot_gaussian,12.098353385925293,12.09317398071289,12.098769187927246,-0.005179405212402344,0.000415802001953125,-0.08027987479285582,26.97747747747748,89.24892185705099,41.97747747747748,89.24892185705099
ganges_plain_2020110100_top03_2020,ganges_plain,top03_2020,precip_large_zwd,precip,tp_mswep,q850_box_mean_g_per_kg,per-timestep spatial mean,actual_vs_uniform_tp,24,dec_s2_post_concat,low_near_gaussian,12.098353385925293,12.09317398071289,12.091737747192383,-0.005179405212402344,-0.006615638732910156,1.277296998711103,26.97747747747748,89.24892185705099,41.97747747747748,89.24892185705099
ganges_plain_2020110100_top03_2020,ganges_plain,top03_2020,precip_large_zwd,precip,tp_mswep,q850_box_mean_g_per_kg,per-timestep spatial mean,actual_vs_uniform_tp,24,dec_s2_post_concat,remote_control,12.098353385925293,12.09317398071289,12.093618392944336,-0.005179405212402344,-0.004734992980957031,0.9141962806113054,26.97747747747748,89.24892185705099,41.97747747747748,89.24892185705099
