case_id,target,role,model_key,variable,input_name,target_metric,baseline,contrast,lead_h,patch_site,patch_region,score_base,score_source,score_patched,delta_source_minus_base,delta_patched_minus_base,recovery,hotspot_lat,hotspot_lon,low_near_lat,low_near_lon
cascades_sierra_2020042300_top04_2020,cascades_sierra,top04_2020,precip_large_zwd,precip,tp_mswep,q850_box_mean_g_per_kg,per-timestep spatial mean,actual_vs_uniform_tp,6,enc_s0_skip,whole,6.655285835266113,6.6551594734191895,6.6549506187438965,-0.00012636184692382812,-0.0003352165222167969,2.6528301886792454,39.47747747747748,239.69295654039695,59.47747747747748,239.69295654039695
cascades_sierra_2020042300_top04_2020,cascades_sierra,top04_2020,precip_large_zwd,precip,tp_mswep,q850_box_mean_g_per_kg,per-timestep spatial mean,actual_vs_uniform_tp,6,enc_s0_skip,target_box,6.655285835266113,6.6551594734191895,6.655076503753662,-0.00012636184692382812,-0.00020933151245117188,1.6566037735849057,39.47747747747748,239.69295654039695,59.47747747747748,239.69295654039695
cascades_sierra_2020042300_top04_2020,cascades_sierra,top04_2020,precip_large_zwd,precip,tp_mswep,q850_box_mean_g_per_kg,per-timestep spatial mean,actual_vs_uniform_tp,6,enc_s0_skip,mountain_near,6.655285835266113,6.6551594734191895,6.654818058013916,-0.00012636184692382812,-0.0004677772521972656,3.70188679245283,39.47747747747748,239.69295654039695,59.47747747747748,239.69295654039695
cascades_sierra_2020042300_top04_2020,cascades_sierra,top04_2020,precip_large_zwd,precip,tp_mswep,q850_box_mean_g_per_kg,per-timestep spatial mean,actual_vs_uniform_tp,6,enc_s0_skip,upstream,6.655285835266113,6.6551594734191895,6.654853343963623,-0.00012636184692382812,-0.0004324913024902344,3.422641509433962,39.47747747747748,239.69295654039695,59.47747747747748,239.69295654039695
cascades_sierra_2020042300_top04_2020,cascades_sierra,top04_2020,precip_large_zwd,precip,tp_mswep,q850_box_mean_g_per_kg,per-timestep spatial mean,actual_vs_uniform_tp,6,enc_s0_skip,hotspot_gaussian,6.655285835266113,6.6551594734191895,6.654913902282715,-0.00012636184692382812,-0.0003719329833984375,2.943396226415094,39.47747747747748,239.69295654039695,59.47747747747748,239.69295654039695
cascades_sierra_2020042300_top04_2020,cascades_sierra,top04_2020,precip_large_zwd,precip,tp_mswep,q850_box_mean_g_per_kg,per-timestep spatial mean,actual_vs_uniform_tp,6,enc_s0_skip,low_near_gaussian,6.655285835266113,6.6551594734191895,6.655208587646484,-0.00012636184692382812,-7.724761962890625e-05,0.6113207547169811,39.47747747747748,239.69295654039695,59.47747747747748,239.69295654039695
cascades_sierra_2020042300_top04_2020,cascades_sierra,top04_2020,precip_large_zwd,precip,tp_mswep,q850_box_mean_g_per_kg,per-timestep spatial mean,actual_vs_uniform_tp,6,enc_s0_skip,remote_control,6.655285835266113,6.6551594734191895,6.6551513671875,-0.00012636184692382812,-0.00013446807861328125,1.0641509433962264,39.47747747747748,239.69295654039695,59.47747747747748,239.69295654039695
cascades_sierra_2020042300_top04_2020,cascades_sierra,top04_2020,precip_large_zwd,precip,tp_mswep,q850_box_mean_g_per_kg,per-timestep spatial mean,actual_vs_uniform_tp,6,enc_s1_skip,whole,6.655285835266113,6.6551594734191895,6.655285835266113,-0.00012636184692382812,0.0,-0.0,39.47747747747748,239.69295654039695,59.47747747747748,239.69295654039695
cascades_sierra_2020042300_top04_2020,cascades_sierra,top04_2020,precip_large_zwd,precip,tp_mswep,q850_box_mean_g_per_kg,per-timestep spatial mean,actual_vs_uniform_tp,6,enc_s1_skip,target_box,6.655285835266113,6.6551594734191895,6.655285835266113,-0.00012636184692382812,0.0,-0.0,39.47747747747748,239.69295654039695,59.47747747747748,239.69295654039695
cascades_sierra_2020042300_top04_2020,cascades_sierra,top04_2020,precip_large_zwd,precip,tp_mswep,q850_box_mean_g_per_kg,per-timestep spatial mean,actual_vs_uniform_tp,6,enc_s1_skip,mountain_near,6.655285835266113,6.6551594734191895,6.655285835266113,-0.00012636184692382812,0.0,-0.0,39.47747747747748,239.69295654039695,59.47747747747748,239.69295654039695
cascades_sierra_2020042300_top04_2020,cascades_sierra,top04_2020,precip_large_zwd,precip,tp_mswep,q850_box_mean_g_per_kg,per-timestep spatial mean,actual_vs_uniform_tp,6,enc_s1_skip,upstream,6.655285835266113,6.6551594734191895,6.655285835266113,-0.00012636184692382812,0.0,-0.0,39.47747747747748,239.69295654039695,59.47747747747748,239.69295654039695
cascades_sierra_2020042300_top04_2020,cascades_sierra,top04_2020,precip_large_zwd,precip,tp_mswep,q850_box_mean_g_per_kg,per-timestep spatial mean,actual_vs_uniform_tp,6,enc_s1_skip,hotspot_gaussian,6.655285835266113,6.6551594734191895,6.655285835266113,-0.00012636184692382812,0.0,-0.0,39.47747747747748,239.69295654039695,59.47747747747748,239.69295654039695
cascades_sierra_2020042300_top04_2020,cascades_sierra,top04_2020,precip_large_zwd,precip,tp_mswep,q850_box_mean_g_per_kg,per-timestep spatial mean,actual_vs_uniform_tp,6,enc_s1_skip,low_near_gaussian,6.655285835266113,6.6551594734191895,6.655285835266113,-0.00012636184692382812,0.0,-0.0,39.47747747747748,239.69295654039695,59.47747747747748,239.69295654039695
cascades_sierra_2020042300_top04_2020,cascades_sierra,top04_2020,precip_large_zwd,precip,tp_mswep,q850_box_mean_g_per_kg,per-timestep spatial mean,actual_vs_uniform_tp,6,enc_s1_skip,remote_control,6.655285835266113,6.6551594734191895,6.655285835266113,-0.00012636184692382812,0.0,-0.0,39.47747747747748,239.69295654039695,59.47747747747748,239.69295654039695
cascades_sierra_2020042300_top04_2020,cascades_sierra,top04_2020,precip_large_zwd,precip,tp_mswep,q850_box_mean_g_per_kg,per-timestep spatial mean,actual_vs_uniform_tp,6,enc_s2_bottleneck,whole,6.655285835266113,6.6551594734191895,6.655219554901123,-0.00012636184692382812,-6.628036499023438e-05,0.5245283018867924,39.47747747747748,239.69295654039695,59.47747747747748,239.69295654039695
cascades_sierra_2020042300_top04_2020,cascades_sierra,top04_2020,precip_large_zwd,precip,tp_mswep,q850_box_mean_g_per_kg,per-timestep spatial mean,actual_vs_uniform_tp,6,enc_s2_bottleneck,target_box,6.655285835266113,6.6551594734191895,6.656156063079834,-0.00012636184692382812,0.0008702278137207031,-6.886792452830188,39.47747747747748,239.69295654039695,59.47747747747748,239.69295654039695
cascades_sierra_2020042300_top04_2020,cascades_sierra,top04_2020,precip_large_zwd,precip,tp_mswep,q850_box_mean_g_per_kg,per-timestep spatial mean,actual_vs_uniform_tp,6,enc_s2_bottleneck,mountain_near,6.655285835266113,6.6551594734191895,6.656217098236084,-0.00012636184692382812,0.0009312629699707031,-7.369811320754717,39.47747747747748,239.69295654039695,59.47747747747748,239.69295654039695
cascades_sierra_2020042300_top04_2020,cascades_sierra,top04_2020,precip_large_zwd,precip,tp_mswep,q850_box_mean_g_per_kg,per-timestep spatial mean,actual_vs_uniform_tp,6,enc_s2_bottleneck,upstream,6.655285835266113,6.6551594734191895,6.655158996582031,-0.00012636184692382812,-0.00012683868408203125,1.0037735849056604,39.47747747747748,239.69295654039695,59.47747747747748,239.69295654039695
cascades_sierra_2020042300_top04_2020,cascades_sierra,top04_2020,precip_large_zwd,precip,tp_mswep,q850_box_mean_g_per_kg,per-timestep spatial mean,actual_vs_uniform_tp,6,enc_s2_bottleneck,hotspot_gaussian,6.655285835266113,6.6551594734191895,6.655663013458252,-0.00012636184692382812,0.0003771781921386719,-2.9849056603773585,39.47747747747748,239.69295654039695,59.47747747747748,239.69295654039695
cascades_sierra_2020042300_top04_2020,cascades_sierra,top04_2020,precip_large_zwd,precip,tp_mswep,q850_box_mean_g_per_kg,per-timestep spatial mean,actual_vs_uniform_tp,6,enc_s2_bottleneck,low_near_gaussian,6.655285835266113,6.6551594734191895,6.655621528625488,-0.00012636184692382812,0.000335693359375,-2.6566037735849055,39.47747747747748,239.69295654039695,59.47747747747748,239.69295654039695
cascades_sierra_2020042300_top04_2020,cascades_sierra,top04_2020,precip_large_zwd,precip,tp_mswep,q850_box_mean_g_per_kg,per-timestep spatial mean,actual_vs_uniform_tp,6,enc_s2_bottleneck,remote_control,6.655285835266113,6.6551594734191895,6.655806064605713,-0.00012636184692382812,0.0005202293395996094,-4.1169811320754715,39.47747747747748,239.69295654039695,59.47747747747748,239.69295654039695
cascades_sierra_2020042300_top04_2020,cascades_sierra,top04_2020,precip_large_zwd,precip,tp_mswep,q850_box_mean_g_per_kg,per-timestep spatial mean,actual_vs_uniform_tp,6,dec_s0_pre_skip,whole,6.655285835266113,6.6551594734191895,6.655219554901123,-0.00012636184692382812,-6.628036499023438e-05,0.5245283018867924,39.47747747747748,239.69295654039695,59.47747747747748,239.69295654039695
cascades_sierra_2020042300_top04_2020,cascades_sierra,top04_2020,precip_large_zwd,precip,tp_mswep,q850_box_mean_g_per_kg,per-timestep spatial mean,actual_vs_uniform_tp,6,dec_s0_pre_skip,target_box,6.655285835266113,6.6551594734191895,6.656156063079834,-0.00012636184692382812,0.0008702278137207031,-6.886792452830188,39.47747747747748,239.69295654039695,59.47747747747748,239.69295654039695
cascades_sierra_2020042300_top04_2020,cascades_sierra,top04_2020,precip_large_zwd,precip,tp_mswep,q850_box_mean_g_per_kg,per-timestep spatial mean,actual_vs_uniform_tp,6,dec_s0_pre_skip,mountain_near,6.655285835266113,6.6551594734191895,6.656217098236084,-0.00012636184692382812,0.0009312629699707031,-7.369811320754717,39.47747747747748,239.69295654039695,59.47747747747748,239.69295654039695
cascades_sierra_2020042300_top04_2020,cascades_sierra,top04_2020,precip_large_zwd,precip,tp_mswep,q850_box_mean_g_per_kg,per-timestep spatial mean,actual_vs_uniform_tp,6,dec_s0_pre_skip,upstream,6.655285835266113,6.6551594734191895,6.655158996582031,-0.00012636184692382812,-0.00012683868408203125,1.0037735849056604,39.47747747747748,239.69295654039695,59.47747747747748,239.69295654039695
cascades_sierra_2020042300_top04_2020,cascades_sierra,top04_2020,precip_large_zwd,precip,tp_mswep,q850_box_mean_g_per_kg,per-timestep spatial mean,actual_vs_uniform_tp,6,dec_s0_pre_skip,hotspot_gaussian,6.655285835266113,6.6551594734191895,6.655663013458252,-0.00012636184692382812,0.0003771781921386719,-2.9849056603773585,39.47747747747748,239.69295654039695,59.47747747747748,239.69295654039695
cascades_sierra_2020042300_top04_2020,cascades_sierra,top04_2020,precip_large_zwd,precip,tp_mswep,q850_box_mean_g_per_kg,per-timestep spatial mean,actual_vs_uniform_tp,6,dec_s0_pre_skip,low_near_gaussian,6.655285835266113,6.6551594734191895,6.655621528625488,-0.00012636184692382812,0.000335693359375,-2.6566037735849055,39.47747747747748,239.69295654039695,59.47747747747748,239.69295654039695
cascades_sierra_2020042300_top04_2020,cascades_sierra,top04_2020,precip_large_zwd,precip,tp_mswep,q850_box_mean_g_per_kg,per-timestep spatial mean,actual_vs_uniform_tp,6,dec_s0_pre_skip,remote_control,6.655285835266113,6.6551594734191895,6.655806064605713,-0.00012636184692382812,0.0005202293395996094,-4.1169811320754715,39.47747747747748,239.69295654039695,59.47747747747748,239.69295654039695
cascades_sierra_2020042300_top04_2020,cascades_sierra,top04_2020,precip_large_zwd,precip,tp_mswep,q850_box_mean_g_per_kg,per-timestep spatial mean,actual_vs_uniform_tp,6,dec_s1_pre_skip,whole,6.655285835266113,6.6551594734191895,6.655405044555664,-0.00012636184692382812,0.00011920928955078125,-0.9433962264150944,39.47747747747748,239.69295654039695,59.47747747747748,239.69295654039695
cascades_sierra_2020042300_top04_2020,cascades_sierra,top04_2020,precip_large_zwd,precip,tp_mswep,q850_box_mean_g_per_kg,per-timestep spatial mean,actual_vs_uniform_tp,6,dec_s1_pre_skip,target_box,6.655285835266113,6.6551594734191895,6.655158519744873,-0.00012636184692382812,-0.00012731552124023438,1.0075471698113208,39.47747747747748,239.69295654039695,59.47747747747748,239.69295654039695
cascades_sierra_2020042300_top04_2020,cascades_sierra,top04_2020,precip_large_zwd,precip,tp_mswep,q850_box_mean_g_per_kg,per-timestep spatial mean,actual_vs_uniform_tp,6,dec_s1_pre_skip,mountain_near,6.655285835266113,6.6551594734191895,6.65520715713501,-0.00012636184692382812,-7.867813110351562e-05,0.6226415094339622,39.47747747747748,239.69295654039695,59.47747747747748,239.69295654039695
cascades_sierra_2020042300_top04_2020,cascades_sierra,top04_2020,precip_large_zwd,precip,tp_mswep,q850_box_mean_g_per_kg,per-timestep spatial mean,actual_vs_uniform_tp,6,dec_s1_pre_skip,upstream,6.655285835266113,6.6551594734191895,6.655686855316162,-0.00012636184692382812,0.0004010200500488281,-3.1735849056603773,39.47747747747748,239.69295654039695,59.47747747747748,239.69295654039695
cascades_sierra_2020042300_top04_2020,cascades_sierra,top04_2020,precip_large_zwd,precip,tp_mswep,q850_box_mean_g_per_kg,per-timestep spatial mean,actual_vs_uniform_tp,6,dec_s1_pre_skip,hotspot_gaussian,6.655285835266113,6.6551594734191895,6.654628276824951,-0.00012636184692382812,-0.0006575584411621094,5.203773584905661,39.47747747747748,239.69295654039695,59.47747747747748,239.69295654039695
cascades_sierra_2020042300_top04_2020,cascades_sierra,top04_2020,precip_large_zwd,precip,tp_mswep,q850_box_mean_g_per_kg,per-timestep spatial mean,actual_vs_uniform_tp,6,dec_s1_pre_skip,low_near_gaussian,6.655285835266113,6.6551594734191895,6.6549072265625,-0.00012636184692382812,-0.00037860870361328125,2.9962264150943394,39.47747747747748,239.69295654039695,59.47747747747748,239.69295654039695
cascades_sierra_2020042300_top04_2020,cascades_sierra,top04_2020,precip_large_zwd,precip,tp_mswep,q850_box_mean_g_per_kg,per-timestep spatial mean,actual_vs_uniform_tp,6,dec_s1_pre_skip,remote_control,6.655285835266113,6.6551594734191895,6.655307769775391,-0.00012636184692382812,2.193450927734375e-05,-0.17358490566037735,39.47747747747748,239.69295654039695,59.47747747747748,239.69295654039695
cascades_sierra_2020042300_top04_2020,cascades_sierra,top04_2020,precip_large_zwd,precip,tp_mswep,q850_box_mean_g_per_kg,per-timestep spatial mean,actual_vs_uniform_tp,6,dec_s1_post_skip,whole,6.655285835266113,6.6551594734191895,6.655214309692383,-0.00012636184692382812,-7.152557373046875e-05,0.5660377358490566,39.47747747747748,239.69295654039695,59.47747747747748,239.69295654039695
cascades_sierra_2020042300_top04_2020,cascades_sierra,top04_2020,precip_large_zwd,precip,tp_mswep,q850_box_mean_g_per_kg,per-timestep spatial mean,actual_vs_uniform_tp,6,dec_s1_post_skip,target_box,6.655285835266113,6.6551594734191895,6.655149459838867,-0.00012636184692382812,-0.00013637542724609375,1.079245283018868,39.47747747747748,239.69295654039695,59.47747747747748,239.69295654039695
cascades_sierra_2020042300_top04_2020,cascades_sierra,top04_2020,precip_large_zwd,precip,tp_mswep,q850_box_mean_g_per_kg,per-timestep spatial mean,actual_vs_uniform_tp,6,dec_s1_post_skip,mountain_near,6.655285835266113,6.6551594734191895,6.6551032066345215,-0.00012636184692382812,-0.00018262863159179688,1.4452830188679244,39.47747747747748,239.69295654039695,59.47747747747748,239.69295654039695
cascades_sierra_2020042300_top04_2020,cascades_sierra,top04_2020,precip_large_zwd,precip,tp_mswep,q850_box_mean_g_per_kg,per-timestep spatial mean,actual_vs_uniform_tp,6,dec_s1_post_skip,upstream,6.655285835266113,6.6551594734191895,6.655278205871582,-0.00012636184692382812,-7.62939453125e-06,0.06037735849056604,39.47747747747748,239.69295654039695,59.47747747747748,239.69295654039695
cascades_sierra_2020042300_top04_2020,cascades_sierra,top04_2020,precip_large_zwd,precip,tp_mswep,q850_box_mean_g_per_kg,per-timestep spatial mean,actual_vs_uniform_tp,6,dec_s1_post_skip,hotspot_gaussian,6.655285835266113,6.6551594734191895,6.655031681060791,-0.00012636184692382812,-0.0002541542053222656,2.0113207547169814,39.47747747747748,239.69295654039695,59.47747747747748,239.69295654039695
cascades_sierra_2020042300_top04_2020,cascades_sierra,top04_2020,precip_large_zwd,precip,tp_mswep,q850_box_mean_g_per_kg,per-timestep spatial mean,actual_vs_uniform_tp,6,dec_s1_post_skip,low_near_gaussian,6.655285835266113,6.6551594734191895,6.655255317687988,-0.00012636184692382812,-3.0517578125e-05,0.24150943396226415,39.47747747747748,239.69295654039695,59.47747747747748,239.69295654039695
cascades_sierra_2020042300_top04_2020,cascades_sierra,top04_2020,precip_large_zwd,precip,tp_mswep,q850_box_mean_g_per_kg,per-timestep spatial mean,actual_vs_uniform_tp,6,dec_s1_post_skip,remote_control,6.655285835266113,6.6551594734191895,6.655258655548096,-0.00012636184692382812,-2.7179718017578125e-05,0.21509433962264152,39.47747747747748,239.69295654039695,59.47747747747748,239.69295654039695
cascades_sierra_2020042300_top04_2020,cascades_sierra,top04_2020,precip_large_zwd,precip,tp_mswep,q850_box_mean_g_per_kg,per-timestep spatial mean,actual_vs_uniform_tp,6,dec_s2_pre_concat,whole,6.655285835266113,6.6551594734191895,6.655214309692383,-0.00012636184692382812,-7.152557373046875e-05,0.5660377358490566,39.47747747747748,239.69295654039695,59.47747747747748,239.69295654039695
cascades_sierra_2020042300_top04_2020,cascades_sierra,top04_2020,precip_large_zwd,precip,tp_mswep,q850_box_mean_g_per_kg,per-timestep spatial mean,actual_vs_uniform_tp,6,dec_s2_pre_concat,target_box,6.655285835266113,6.6551594734191895,6.655149459838867,-0.00012636184692382812,-0.00013637542724609375,1.079245283018868,39.47747747747748,239.69295654039695,59.47747747747748,239.69295654039695
cascades_sierra_2020042300_top04_2020,cascades_sierra,top04_2020,precip_large_zwd,precip,tp_mswep,q850_box_mean_g_per_kg,per-timestep spatial mean,actual_vs_uniform_tp,6,dec_s2_pre_concat,mountain_near,6.655285835266113,6.6551594734191895,6.6551032066345215,-0.00012636184692382812,-0.00018262863159179688,1.4452830188679244,39.47747747747748,239.69295654039695,59.47747747747748,239.69295654039695
cascades_sierra_2020042300_top04_2020,cascades_sierra,top04_2020,precip_large_zwd,precip,tp_mswep,q850_box_mean_g_per_kg,per-timestep spatial mean,actual_vs_uniform_tp,6,dec_s2_pre_concat,upstream,6.655285835266113,6.6551594734191895,6.655278205871582,-0.00012636184692382812,-7.62939453125e-06,0.06037735849056604,39.47747747747748,239.69295654039695,59.47747747747748,239.69295654039695
cascades_sierra_2020042300_top04_2020,cascades_sierra,top04_2020,precip_large_zwd,precip,tp_mswep,q850_box_mean_g_per_kg,per-timestep spatial mean,actual_vs_uniform_tp,6,dec_s2_pre_concat,hotspot_gaussian,6.655285835266113,6.6551594734191895,6.655031681060791,-0.00012636184692382812,-0.0002541542053222656,2.0113207547169814,39.47747747747748,239.69295654039695,59.47747747747748,239.69295654039695
cascades_sierra_2020042300_top04_2020,cascades_sierra,top04_2020,precip_large_zwd,precip,tp_mswep,q850_box_mean_g_per_kg,per-timestep spatial mean,actual_vs_uniform_tp,6,dec_s2_pre_concat,low_near_gaussian,6.655285835266113,6.6551594734191895,6.655255317687988,-0.00012636184692382812,-3.0517578125e-05,0.24150943396226415,39.47747747747748,239.69295654039695,59.47747747747748,239.69295654039695
cascades_sierra_2020042300_top04_2020,cascades_sierra,top04_2020,precip_large_zwd,precip,tp_mswep,q850_box_mean_g_per_kg,per-timestep spatial mean,actual_vs_uniform_tp,6,dec_s2_pre_concat,remote_control,6.655285835266113,6.6551594734191895,6.655258655548096,-0.00012636184692382812,-2.7179718017578125e-05,0.21509433962264152,39.47747747747748,239.69295654039695,59.47747747747748,239.69295654039695
cascades_sierra_2020042300_top04_2020,cascades_sierra,top04_2020,precip_large_zwd,precip,tp_mswep,q850_box_mean_g_per_kg,per-timestep spatial mean,actual_vs_uniform_tp,6,dec_s2_post_concat,whole,6.655285835266113,6.6551594734191895,6.655173301696777,-0.00012636184692382812,-0.0001125335693359375,0.8905660377358491,39.47747747747748,239.69295654039695,59.47747747747748,239.69295654039695
cascades_sierra_2020042300_top04_2020,cascades_sierra,top04_2020,precip_large_zwd,precip,tp_mswep,q850_box_mean_g_per_kg,per-timestep spatial mean,actual_vs_uniform_tp,6,dec_s2_post_concat,target_box,6.655285835266113,6.6551594734191895,6.654941558837891,-0.00012636184692382812,-0.00034427642822265625,2.7245283018867923,39.47747747747748,239.69295654039695,59.47747747747748,239.69295654039695
cascades_sierra_2020042300_top04_2020,cascades_sierra,top04_2020,precip_large_zwd,precip,tp_mswep,q850_box_mean_g_per_kg,per-timestep spatial mean,actual_vs_uniform_tp,6,dec_s2_post_concat,mountain_near,6.655285835266113,6.6551594734191895,6.655040740966797,-0.00012636184692382812,-0.00024509429931640625,1.939622641509434,39.47747747747748,239.69295654039695,59.47747747747748,239.69295654039695
cascades_sierra_2020042300_top04_2020,cascades_sierra,top04_2020,precip_large_zwd,precip,tp_mswep,q850_box_mean_g_per_kg,per-timestep spatial mean,actual_vs_uniform_tp,6,dec_s2_post_concat,upstream,6.655285835266113,6.6551594734191895,6.655240535736084,-0.00012636184692382812,-4.5299530029296875e-05,0.3584905660377358,39.47747747747748,239.69295654039695,59.47747747747748,239.69295654039695
cascades_sierra_2020042300_top04_2020,cascades_sierra,top04_2020,precip_large_zwd,precip,tp_mswep,q850_box_mean_g_per_kg,per-timestep spatial mean,actual_vs_uniform_tp,6,dec_s2_post_concat,hotspot_gaussian,6.655285835266113,6.6551594734191895,6.655160903930664,-0.00012636184692382812,-0.00012493133544921875,0.9886792452830189,39.47747747747748,239.69295654039695,59.47747747747748,239.69295654039695
cascades_sierra_2020042300_top04_2020,cascades_sierra,top04_2020,precip_large_zwd,precip,tp_mswep,q850_box_mean_g_per_kg,per-timestep spatial mean,actual_vs_uniform_tp,6,dec_s2_post_concat,low_near_gaussian,6.655285835266113,6.6551594734191895,6.655210018157959,-0.00012636184692382812,-7.581710815429688e-05,0.6,39.47747747747748,239.69295654039695,59.47747747747748,239.69295654039695
cascades_sierra_2020042300_top04_2020,cascades_sierra,top04_2020,precip_large_zwd,precip,tp_mswep,q850_box_mean_g_per_kg,per-timestep spatial mean,actual_vs_uniform_tp,6,dec_s2_post_concat,remote_control,6.655285835266113,6.6551594734191895,6.655213832855225,-0.00012636184692382812,-7.200241088867188e-05,0.569811320754717,39.47747747747748,239.69295654039695,59.47747747747748,239.69295654039695
cascades_sierra_2020042300_top04_2020,cascades_sierra,top04_2020,precip_large_zwd,precip,tp_mswep,q850_box_mean_g_per_kg,per-timestep spatial mean,actual_vs_uniform_tp,12,enc_s0_skip,whole,5.804249286651611,5.8054423332214355,5.803964614868164,0.0011930465698242188,-0.0002846717834472656,-0.23860911270983212,39.47747747747748,239.69295654039695,59.47747747747748,239.69295654039695
cascades_sierra_2020042300_top04_2020,cascades_sierra,top04_2020,precip_large_zwd,precip,tp_mswep,q850_box_mean_g_per_kg,per-timestep spatial mean,actual_vs_uniform_tp,12,enc_s0_skip,target_box,5.804249286651611,5.8054423332214355,5.806722164154053,0.0011930465698242188,0.0024728775024414062,2.072741806554756,39.47747747747748,239.69295654039695,59.47747747747748,239.69295654039695
cascades_sierra_2020042300_top04_2020,cascades_sierra,top04_2020,precip_large_zwd,precip,tp_mswep,q850_box_mean_g_per_kg,per-timestep spatial mean,actual_vs_uniform_tp,12,enc_s0_skip,mountain_near,5.804249286651611,5.8054423332214355,5.806450366973877,0.0011930465698242188,0.002201080322265625,1.8449240607513988,39.47747747747748,239.69295654039695,59.47747747747748,239.69295654039695
cascades_sierra_2020042300_top04_2020,cascades_sierra,top04_2020,precip_large_zwd,precip,tp_mswep,q850_box_mean_g_per_kg,per-timestep spatial mean,actual_vs_uniform_tp,12,enc_s0_skip,upstream,5.804249286651611,5.8054423332214355,5.805700302124023,0.0011930465698242188,0.0014510154724121094,1.2162270183852917,39.47747747747748,239.69295654039695,59.47747747747748,239.69295654039695
cascades_sierra_2020042300_top04_2020,cascades_sierra,top04_2020,precip_large_zwd,precip,tp_mswep,q850_box_mean_g_per_kg,per-timestep spatial mean,actual_vs_uniform_tp,12,enc_s0_skip,hotspot_gaussian,5.804249286651611,5.8054423332214355,5.803815841674805,0.0011930465698242188,-0.0004334449768066406,-0.36330935251798563,39.47747747747748,239.69295654039695,59.47747747747748,239.69295654039695
cascades_sierra_2020042300_top04_2020,cascades_sierra,top04_2020,precip_large_zwd,precip,tp_mswep,q850_box_mean_g_per_kg,per-timestep spatial mean,actual_vs_uniform_tp,12,enc_s0_skip,low_near_gaussian,5.804249286651611,5.8054423332214355,5.806089878082275,0.0011930465698242188,0.0018405914306640625,1.542765787370104,39.47747747747748,239.69295654039695,59.47747747747748,239.69295654039695
cascades_sierra_2020042300_top04_2020,cascades_sierra,top04_2020,precip_large_zwd,precip,tp_mswep,q850_box_mean_g_per_kg,per-timestep spatial mean,actual_vs_uniform_tp,12,enc_s0_skip,remote_control,5.804249286651611,5.8054423332214355,5.8046393394470215,0.0011930465698242188,0.00039005279541015625,0.3269384492406075,39.47747747747748,239.69295654039695,59.47747747747748,239.69295654039695
cascades_sierra_2020042300_top04_2020,cascades_sierra,top04_2020,precip_large_zwd,precip,tp_mswep,q850_box_mean_g_per_kg,per-timestep spatial mean,actual_vs_uniform_tp,12,enc_s1_skip,whole,5.804249286651611,5.8054423332214355,5.804249286651611,0.0011930465698242188,0.0,0.0,39.47747747747748,239.69295654039695,59.47747747747748,239.69295654039695
cascades_sierra_2020042300_top04_2020,cascades_sierra,top04_2020,precip_large_zwd,precip,tp_mswep,q850_box_mean_g_per_kg,per-timestep spatial mean,actual_vs_uniform_tp,12,enc_s1_skip,target_box,5.804249286651611,5.8054423332214355,5.804249286651611,0.0011930465698242188,0.0,0.0,39.47747747747748,239.69295654039695,59.47747747747748,239.69295654039695
cascades_sierra_2020042300_top04_2020,cascades_sierra,top04_2020,precip_large_zwd,precip,tp_mswep,q850_box_mean_g_per_kg,per-timestep spatial mean,actual_vs_uniform_tp,12,enc_s1_skip,mountain_near,5.804249286651611,5.8054423332214355,5.804249286651611,0.0011930465698242188,0.0,0.0,39.47747747747748,239.69295654039695,59.47747747747748,239.69295654039695
cascades_sierra_2020042300_top04_2020,cascades_sierra,top04_2020,precip_large_zwd,precip,tp_mswep,q850_box_mean_g_per_kg,per-timestep spatial mean,actual_vs_uniform_tp,12,enc_s1_skip,upstream,5.804249286651611,5.8054423332214355,5.804249286651611,0.0011930465698242188,0.0,0.0,39.47747747747748,239.69295654039695,59.47747747747748,239.69295654039695
cascades_sierra_2020042300_top04_2020,cascades_sierra,top04_2020,precip_large_zwd,precip,tp_mswep,q850_box_mean_g_per_kg,per-timestep spatial mean,actual_vs_uniform_tp,12,enc_s1_skip,hotspot_gaussian,5.804249286651611,5.8054423332214355,5.804249286651611,0.0011930465698242188,0.0,0.0,39.47747747747748,239.69295654039695,59.47747747747748,239.69295654039695
cascades_sierra_2020042300_top04_2020,cascades_sierra,top04_2020,precip_large_zwd,precip,tp_mswep,q850_box_mean_g_per_kg,per-timestep spatial mean,actual_vs_uniform_tp,12,enc_s1_skip,low_near_gaussian,5.804249286651611,5.8054423332214355,5.804249286651611,0.0011930465698242188,0.0,0.0,39.47747747747748,239.69295654039695,59.47747747747748,239.69295654039695
cascades_sierra_2020042300_top04_2020,cascades_sierra,top04_2020,precip_large_zwd,precip,tp_mswep,q850_box_mean_g_per_kg,per-timestep spatial mean,actual_vs_uniform_tp,12,enc_s1_skip,remote_control,5.804249286651611,5.8054423332214355,5.804249286651611,0.0011930465698242188,0.0,0.0,39.47747747747748,239.69295654039695,59.47747747747748,239.69295654039695
cascades_sierra_2020042300_top04_2020,cascades_sierra,top04_2020,precip_large_zwd,precip,tp_mswep,q850_box_mean_g_per_kg,per-timestep spatial mean,actual_vs_uniform_tp,12,enc_s2_bottleneck,whole,5.804249286651611,5.8054423332214355,5.803238391876221,0.0011930465698242188,-0.001010894775390625,-0.8473221422861711,39.47747747747748,239.69295654039695,59.47747747747748,239.69295654039695
cascades_sierra_2020042300_top04_2020,cascades_sierra,top04_2020,precip_large_zwd,precip,tp_mswep,q850_box_mean_g_per_kg,per-timestep spatial mean,actual_vs_uniform_tp,12,enc_s2_bottleneck,target_box,5.804249286651611,5.8054423332214355,5.806863784790039,0.0011930465698242188,0.0026144981384277344,2.191446842525979,39.47747747747748,239.69295654039695,59.47747747747748,239.69295654039695
cascades_sierra_2020042300_top04_2020,cascades_sierra,top04_2020,precip_large_zwd,precip,tp_mswep,q850_box_mean_g_per_kg,per-timestep spatial mean,actual_vs_uniform_tp,12,enc_s2_bottleneck,mountain_near,5.804249286651611,5.8054423332214355,5.807395935058594,0.0011930465698242188,0.003146648406982422,2.637490007993605,39.47747747747748,239.69295654039695,59.47747747747748,239.69295654039695
cascades_sierra_2020042300_top04_2020,cascades_sierra,top04_2020,precip_large_zwd,precip,tp_mswep,q850_box_mean_g_per_kg,per-timestep spatial mean,actual_vs_uniform_tp,12,enc_s2_bottleneck,upstream,5.804249286651611,5.8054423332214355,5.803777694702148,0.0011930465698242188,-0.0004715919494628906,-0.3952837729816147,39.47747747747748,239.69295654039695,59.47747747747748,239.69295654039695
cascades_sierra_2020042300_top04_2020,cascades_sierra,top04_2020,precip_large_zwd,precip,tp_mswep,q850_box_mean_g_per_kg,per-timestep spatial mean,actual_vs_uniform_tp,12,enc_s2_bottleneck,hotspot_gaussian,5.804249286651611,5.8054423332214355,5.805429935455322,0.0011930465698242188,0.0011806488037109375,0.9896083133493205,39.47747747747748,239.69295654039695,59.47747747747748,239.69295654039695
cascades_sierra_2020042300_top04_2020,cascades_sierra,top04_2020,precip_large_zwd,precip,tp_mswep,q850_box_mean_g_per_kg,per-timestep spatial mean,actual_vs_uniform_tp,12,enc_s2_bottleneck,low_near_gaussian,5.804249286651611,5.8054423332214355,5.805085182189941,0.0011930465698242188,0.0008358955383300781,0.7006394884092726,39.47747747747748,239.69295654039695,59.47747747747748,239.69295654039695
cascades_sierra_2020042300_top04_2020,cascades_sierra,top04_2020,precip_large_zwd,precip,tp_mswep,q850_box_mean_g_per_kg,per-timestep spatial mean,actual_vs_uniform_tp,12,enc_s2_bottleneck,remote_control,5.804249286651611,5.8054423332214355,5.806315898895264,0.0011930465698242188,0.0020666122436523438,1.7322142286171063,39.47747747747748,239.69295654039695,59.47747747747748,239.69295654039695
cascades_sierra_2020042300_top04_2020,cascades_sierra,top04_2020,precip_large_zwd,precip,tp_mswep,q850_box_mean_g_per_kg,per-timestep spatial mean,actual_vs_uniform_tp,12,dec_s0_pre_skip,whole,5.804249286651611,5.8054423332214355,5.803238391876221,0.0011930465698242188,-0.001010894775390625,-0.8473221422861711,39.47747747747748,239.69295654039695,59.47747747747748,239.69295654039695
cascades_sierra_2020042300_top04_2020,cascades_sierra,top04_2020,precip_large_zwd,precip,tp_mswep,q850_box_mean_g_per_kg,per-timestep spatial mean,actual_vs_uniform_tp,12,dec_s0_pre_skip,target_box,5.804249286651611,5.8054423332214355,5.806863784790039,0.0011930465698242188,0.0026144981384277344,2.191446842525979,39.47747747747748,239.69295654039695,59.47747747747748,239.69295654039695
cascades_sierra_2020042300_top04_2020,cascades_sierra,top04_2020,precip_large_zwd,precip,tp_mswep,q850_box_mean_g_per_kg,per-timestep spatial mean,actual_vs_uniform_tp,12,dec_s0_pre_skip,mountain_near,5.804249286651611,5.8054423332214355,5.807395935058594,0.0011930465698242188,0.003146648406982422,2.637490007993605,39.47747747747748,239.69295654039695,59.47747747747748,239.69295654039695
cascades_sierra_2020042300_top04_2020,cascades_sierra,top04_2020,precip_large_zwd,precip,tp_mswep,q850_box_mean_g_per_kg,per-timestep spatial mean,actual_vs_uniform_tp,12,dec_s0_pre_skip,upstream,5.804249286651611,5.8054423332214355,5.803777694702148,0.0011930465698242188,-0.0004715919494628906,-0.3952837729816147,39.47747747747748,239.69295654039695,59.47747747747748,239.69295654039695
cascades_sierra_2020042300_top04_2020,cascades_sierra,top04_2020,precip_large_zwd,precip,tp_mswep,q850_box_mean_g_per_kg,per-timestep spatial mean,actual_vs_uniform_tp,12,dec_s0_pre_skip,hotspot_gaussian,5.804249286651611,5.8054423332214355,5.805429935455322,0.0011930465698242188,0.0011806488037109375,0.9896083133493205,39.47747747747748,239.69295654039695,59.47747747747748,239.69295654039695
cascades_sierra_2020042300_top04_2020,cascades_sierra,top04_2020,precip_large_zwd,precip,tp_mswep,q850_box_mean_g_per_kg,per-timestep spatial mean,actual_vs_uniform_tp,12,dec_s0_pre_skip,low_near_gaussian,5.804249286651611,5.8054423332214355,5.805085182189941,0.0011930465698242188,0.0008358955383300781,0.7006394884092726,39.47747747747748,239.69295654039695,59.47747747747748,239.69295654039695
cascades_sierra_2020042300_top04_2020,cascades_sierra,top04_2020,precip_large_zwd,precip,tp_mswep,q850_box_mean_g_per_kg,per-timestep spatial mean,actual_vs_uniform_tp,12,dec_s0_pre_skip,remote_control,5.804249286651611,5.8054423332214355,5.806315898895264,0.0011930465698242188,0.0020666122436523438,1.7322142286171063,39.47747747747748,239.69295654039695,59.47747747747748,239.69295654039695
cascades_sierra_2020042300_top04_2020,cascades_sierra,top04_2020,precip_large_zwd,precip,tp_mswep,q850_box_mean_g_per_kg,per-timestep spatial mean,actual_vs_uniform_tp,12,dec_s1_pre_skip,whole,5.804249286651611,5.8054423332214355,5.806729316711426,0.0011930465698242188,0.002480030059814453,2.0787370103916865,39.47747747747748,239.69295654039695,59.47747747747748,239.69295654039695
cascades_sierra_2020042300_top04_2020,cascades_sierra,top04_2020,precip_large_zwd,precip,tp_mswep,q850_box_mean_g_per_kg,per-timestep spatial mean,actual_vs_uniform_tp,12,dec_s1_pre_skip,target_box,5.804249286651611,5.8054423332214355,5.804971694946289,0.0011930465698242188,0.0007224082946777344,0.605515587529976,39.47747747747748,239.69295654039695,59.47747747747748,239.69295654039695
cascades_sierra_2020042300_top04_2020,cascades_sierra,top04_2020,precip_large_zwd,precip,tp_mswep,q850_box_mean_g_per_kg,per-timestep spatial mean,actual_vs_uniform_tp,12,dec_s1_pre_skip,mountain_near,5.804249286651611,5.8054423332214355,5.808218955993652,0.0011930465698242188,0.003969669342041016,3.327338129496403,39.47747747747748,239.69295654039695,59.47747747747748,239.69295654039695
cascades_sierra_2020042300_top04_2020,cascades_sierra,top04_2020,precip_large_zwd,precip,tp_mswep,q850_box_mean_g_per_kg,per-timestep spatial mean,actual_vs_uniform_tp,12,dec_s1_pre_skip,upstream,5.804249286651611,5.8054423332214355,5.80560302734375,0.0011930465698242188,0.0013537406921386719,1.1346922462030375,39.47747747747748,239.69295654039695,59.47747747747748,239.69295654039695
cascades_sierra_2020042300_top04_2020,cascades_sierra,top04_2020,precip_large_zwd,precip,tp_mswep,q850_box_mean_g_per_kg,per-timestep spatial mean,actual_vs_uniform_tp,12,dec_s1_pre_skip,hotspot_gaussian,5.804249286651611,5.8054423332214355,5.806951999664307,0.0011930465698242188,0.0027027130126953125,2.2653876898481213,39.47747747747748,239.69295654039695,59.47747747747748,239.69295654039695
cascades_sierra_2020042300_top04_2020,cascades_sierra,top04_2020,precip_large_zwd,precip,tp_mswep,q850_box_mean_g_per_kg,per-timestep spatial mean,actual_vs_uniform_tp,12,dec_s1_pre_skip,low_near_gaussian,5.804249286651611,5.8054423332214355,5.805678844451904,0.0011930465698242188,0.0014295578002929688,1.1982414068745004,39.47747747747748,239.69295654039695,59.47747747747748,239.69295654039695
cascades_sierra_2020042300_top04_2020,cascades_sierra,top04_2020,precip_large_zwd,precip,tp_mswep,q850_box_mean_g_per_kg,per-timestep spatial mean,actual_vs_uniform_tp,12,dec_s1_pre_skip,remote_control,5.804249286651611,5.8054423332214355,5.806270599365234,0.0011930465698242188,0.002021312713623047,1.6942446043165467,39.47747747747748,239.69295654039695,59.47747747747748,239.69295654039695
cascades_sierra_2020042300_top04_2020,cascades_sierra,top04_2020,precip_large_zwd,precip,tp_mswep,q850_box_mean_g_per_kg,per-timestep spatial mean,actual_vs_uniform_tp,12,dec_s1_post_skip,whole,5.804249286651611,5.8054423332214355,5.807253837585449,0.0011930465698242188,0.0030045509338378906,2.5183852917665868,39.47747747747748,239.69295654039695,59.47747747747748,239.69295654039695
cascades_sierra_2020042300_top04_2020,cascades_sierra,top04_2020,precip_large_zwd,precip,tp_mswep,q850_box_mean_g_per_kg,per-timestep spatial mean,actual_vs_uniform_tp,12,dec_s1_post_skip,target_box,5.804249286651611,5.8054423332214355,5.8056182861328125,0.0011930465698242188,0.0013689994812011719,1.1474820143884892,39.47747747747748,239.69295654039695,59.47747747747748,239.69295654039695
cascades_sierra_2020042300_top04_2020,cascades_sierra,top04_2020,precip_large_zwd,precip,tp_mswep,q850_box_mean_g_per_kg,per-timestep spatial mean,actual_vs_uniform_tp,12,dec_s1_post_skip,mountain_near,5.804249286651611,5.8054423332214355,5.805564880371094,0.0011930465698242188,0.0013155937194824219,1.1027178257394086,39.47747747747748,239.69295654039695,59.47747747747748,239.69295654039695
cascades_sierra_2020042300_top04_2020,cascades_sierra,top04_2020,precip_large_zwd,precip,tp_mswep,q850_box_mean_g_per_kg,per-timestep spatial mean,actual_vs_uniform_tp,12,dec_s1_post_skip,upstream,5.804249286651611,5.8054423332214355,5.805607795715332,0.0011930465698242188,0.0013585090637207031,1.1386890487609913,39.47747747747748,239.69295654039695,59.47747747747748,239.69295654039695
cascades_sierra_2020042300_top04_2020,cascades_sierra,top04_2020,precip_large_zwd,precip,tp_mswep,q850_box_mean_g_per_kg,per-timestep spatial mean,actual_vs_uniform_tp,12,dec_s1_post_skip,hotspot_gaussian,5.804249286651611,5.8054423332214355,5.805802822113037,0.0011930465698242188,0.0015535354614257812,1.3021582733812949,39.47747747747748,239.69295654039695,59.47747747747748,239.69295654039695
cascades_sierra_2020042300_top04_2020,cascades_sierra,top04_2020,precip_large_zwd,precip,tp_mswep,q850_box_mean_g_per_kg,per-timestep spatial mean,actual_vs_uniform_tp,12,dec_s1_post_skip,low_near_gaussian,5.804249286651611,5.8054423332214355,5.804492473602295,0.0011930465698242188,0.00024318695068359375,0.2038369304556355,39.47747747747748,239.69295654039695,59.47747747747748,239.69295654039695
cascades_sierra_2020042300_top04_2020,cascades_sierra,top04_2020,precip_large_zwd,precip,tp_mswep,q850_box_mean_g_per_kg,per-timestep spatial mean,actual_vs_uniform_tp,12,dec_s1_post_skip,remote_control,5.804249286651611,5.8054423332214355,5.805635452270508,0.0011930465698242188,0.0013861656188964844,1.1618705035971224,39.47747747747748,239.69295654039695,59.47747747747748,239.69295654039695
cascades_sierra_2020042300_top04_2020,cascades_sierra,top04_2020,precip_large_zwd,precip,tp_mswep,q850_box_mean_g_per_kg,per-timestep spatial mean,actual_vs_uniform_tp,12,dec_s2_pre_concat,whole,5.804249286651611,5.8054423332214355,5.807253837585449,0.0011930465698242188,0.0030045509338378906,2.5183852917665868,39.47747747747748,239.69295654039695,59.47747747747748,239.69295654039695
cascades_sierra_2020042300_top04_2020,cascades_sierra,top04_2020,precip_large_zwd,precip,tp_mswep,q850_box_mean_g_per_kg,per-timestep spatial mean,actual_vs_uniform_tp,12,dec_s2_pre_concat,target_box,5.804249286651611,5.8054423332214355,5.8056182861328125,0.0011930465698242188,0.0013689994812011719,1.1474820143884892,39.47747747747748,239.69295654039695,59.47747747747748,239.69295654039695
cascades_sierra_2020042300_top04_2020,cascades_sierra,top04_2020,precip_large_zwd,precip,tp_mswep,q850_box_mean_g_per_kg,per-timestep spatial mean,actual_vs_uniform_tp,12,dec_s2_pre_concat,mountain_near,5.804249286651611,5.8054423332214355,5.805564880371094,0.0011930465698242188,0.0013155937194824219,1.1027178257394086,39.47747747747748,239.69295654039695,59.47747747747748,239.69295654039695
cascades_sierra_2020042300_top04_2020,cascades_sierra,top04_2020,precip_large_zwd,precip,tp_mswep,q850_box_mean_g_per_kg,per-timestep spatial mean,actual_vs_uniform_tp,12,dec_s2_pre_concat,upstream,5.804249286651611,5.8054423332214355,5.805607795715332,0.0011930465698242188,0.0013585090637207031,1.1386890487609913,39.47747747747748,239.69295654039695,59.47747747747748,239.69295654039695
cascades_sierra_2020042300_top04_2020,cascades_sierra,top04_2020,precip_large_zwd,precip,tp_mswep,q850_box_mean_g_per_kg,per-timestep spatial mean,actual_vs_uniform_tp,12,dec_s2_pre_concat,hotspot_gaussian,5.804249286651611,5.8054423332214355,5.805802822113037,0.0011930465698242188,0.0015535354614257812,1.3021582733812949,39.47747747747748,239.69295654039695,59.47747747747748,239.69295654039695
cascades_sierra_2020042300_top04_2020,cascades_sierra,top04_2020,precip_large_zwd,precip,tp_mswep,q850_box_mean_g_per_kg,per-timestep spatial mean,actual_vs_uniform_tp,12,dec_s2_pre_concat,low_near_gaussian,5.804249286651611,5.8054423332214355,5.804492473602295,0.0011930465698242188,0.00024318695068359375,0.2038369304556355,39.47747747747748,239.69295654039695,59.47747747747748,239.69295654039695
cascades_sierra_2020042300_top04_2020,cascades_sierra,top04_2020,precip_large_zwd,precip,tp_mswep,q850_box_mean_g_per_kg,per-timestep spatial mean,actual_vs_uniform_tp,12,dec_s2_pre_concat,remote_control,5.804249286651611,5.8054423332214355,5.805635452270508,0.0011930465698242188,0.0013861656188964844,1.1618705035971224,39.47747747747748,239.69295654039695,59.47747747747748,239.69295654039695
cascades_sierra_2020042300_top04_2020,cascades_sierra,top04_2020,precip_large_zwd,precip,tp_mswep,q850_box_mean_g_per_kg,per-timestep spatial mean,actual_vs_uniform_tp,12,dec_s2_post_concat,whole,5.804249286651611,5.8054423332214355,5.804297924041748,0.0011930465698242188,4.863739013671875e-05,0.0407673860911271,39.47747747747748,239.69295654039695,59.47747747747748,239.69295654039695
cascades_sierra_2020042300_top04_2020,cascades_sierra,top04_2020,precip_large_zwd,precip,tp_mswep,q850_box_mean_g_per_kg,per-timestep spatial mean,actual_vs_uniform_tp,12,dec_s2_post_concat,target_box,5.804249286651611,5.8054423332214355,5.804878234863281,0.0011930465698242188,0.0006289482116699219,0.5271782573940847,39.47747747747748,239.69295654039695,59.47747747747748,239.69295654039695
cascades_sierra_2020042300_top04_2020,cascades_sierra,top04_2020,precip_large_zwd,precip,tp_mswep,q850_box_mean_g_per_kg,per-timestep spatial mean,actual_vs_uniform_tp,12,dec_s2_post_concat,mountain_near,5.804249286651611,5.8054423332214355,5.806147575378418,0.0011930465698242188,0.0018982887268066406,1.591127098321343,39.47747747747748,239.69295654039695,59.47747747747748,239.69295654039695
cascades_sierra_2020042300_top04_2020,cascades_sierra,top04_2020,precip_large_zwd,precip,tp_mswep,q850_box_mean_g_per_kg,per-timestep spatial mean,actual_vs_uniform_tp,12,dec_s2_post_concat,upstream,5.804249286651611,5.8054423332214355,5.8069610595703125,0.0011930465698242188,0.002711772918701172,2.2729816147082333,39.47747747747748,239.69295654039695,59.47747747747748,239.69295654039695
cascades_sierra_2020042300_top04_2020,cascades_sierra,top04_2020,precip_large_zwd,precip,tp_mswep,q850_box_mean_g_per_kg,per-timestep spatial mean,actual_vs_uniform_tp,12,dec_s2_post_concat,hotspot_gaussian,5.804249286651611,5.8054423332214355,5.808133602142334,0.0011930465698242188,0.0038843154907226562,3.2557953637090327,39.47747747747748,239.69295654039695,59.47747747747748,239.69295654039695
cascades_sierra_2020042300_top04_2020,cascades_sierra,top04_2020,precip_large_zwd,precip,tp_mswep,q850_box_mean_g_per_kg,per-timestep spatial mean,actual_vs_uniform_tp,12,dec_s2_post_concat,low_near_gaussian,5.804249286651611,5.8054423332214355,5.803634166717529,0.0011930465698242188,-0.0006151199340820312,-0.5155875299760192,39.47747747747748,239.69295654039695,59.47747747747748,239.69295654039695
cascades_sierra_2020042300_top04_2020,cascades_sierra,top04_2020,precip_large_zwd,precip,tp_mswep,q850_box_mean_g_per_kg,per-timestep spatial mean,actual_vs_uniform_tp,12,dec_s2_post_concat,remote_control,5.804249286651611,5.8054423332214355,5.8061323165893555,0.0011930465698242188,0.0018830299377441406,1.5783373301358914,39.47747747747748,239.69295654039695,59.47747747747748,239.69295654039695
cascades_sierra_2020042300_top04_2020,cascades_sierra,top04_2020,precip_large_zwd,precip,tp_mswep,q850_box_mean_g_per_kg,per-timestep spatial mean,actual_vs_uniform_tp,24,enc_s0_skip,whole,3.0952060222625732,3.0966851711273193,3.095691680908203,0.0014791488647460938,0.0004856586456298828,0.32833655705996134,39.47747747747748,239.69295654039695,59.47747747747748,239.69295654039695
cascades_sierra_2020042300_top04_2020,cascades_sierra,top04_2020,precip_large_zwd,precip,tp_mswep,q850_box_mean_g_per_kg,per-timestep spatial mean,actual_vs_uniform_tp,24,enc_s0_skip,target_box,3.0952060222625732,3.0966851711273193,3.096560478210449,0.0014791488647460938,0.0013544559478759766,0.9156995486782721,39.47747747747748,239.69295654039695,59.47747747747748,239.69295654039695
cascades_sierra_2020042300_top04_2020,cascades_sierra,top04_2020,precip_large_zwd,precip,tp_mswep,q850_box_mean_g_per_kg,per-timestep spatial mean,actual_vs_uniform_tp,24,enc_s0_skip,mountain_near,3.0952060222625732,3.0966851711273193,3.0970513820648193,0.0014791488647460938,0.0018453598022460938,1.2475822050290135,39.47747747747748,239.69295654039695,59.47747747747748,239.69295654039695
cascades_sierra_2020042300_top04_2020,cascades_sierra,top04_2020,precip_large_zwd,precip,tp_mswep,q850_box_mean_g_per_kg,per-timestep spatial mean,actual_vs_uniform_tp,24,enc_s0_skip,upstream,3.0952060222625732,3.0966851711273193,3.0954225063323975,0.0014791488647460938,0.00021648406982421875,0.1463571889103804,39.47747747747748,239.69295654039695,59.47747747747748,239.69295654039695
cascades_sierra_2020042300_top04_2020,cascades_sierra,top04_2020,precip_large_zwd,precip,tp_mswep,q850_box_mean_g_per_kg,per-timestep spatial mean,actual_vs_uniform_tp,24,enc_s0_skip,hotspot_gaussian,3.0952060222625732,3.0966851711273193,3.0952413082122803,0.0014791488647460938,3.528594970703125e-05,0.02385557704706641,39.47747747747748,239.69295654039695,59.47747747747748,239.69295654039695
cascades_sierra_2020042300_top04_2020,cascades_sierra,top04_2020,precip_large_zwd,precip,tp_mswep,q850_box_mean_g_per_kg,per-timestep spatial mean,actual_vs_uniform_tp,24,enc_s0_skip,low_near_gaussian,3.0952060222625732,3.0966851711273193,3.0952866077423096,0.0014791488647460938,8.058547973632812e-05,0.054480980012894906,39.47747747747748,239.69295654039695,59.47747747747748,239.69295654039695
cascades_sierra_2020042300_top04_2020,cascades_sierra,top04_2020,precip_large_zwd,precip,tp_mswep,q850_box_mean_g_per_kg,per-timestep spatial mean,actual_vs_uniform_tp,24,enc_s0_skip,remote_control,3.0952060222625732,3.0966851711273193,3.094959020614624,0.0014791488647460938,-0.00024700164794921875,-0.16698903932946485,39.47747747747748,239.69295654039695,59.47747747747748,239.69295654039695
cascades_sierra_2020042300_top04_2020,cascades_sierra,top04_2020,precip_large_zwd,precip,tp_mswep,q850_box_mean_g_per_kg,per-timestep spatial mean,actual_vs_uniform_tp,24,enc_s1_skip,whole,3.0952060222625732,3.0966851711273193,3.0952060222625732,0.0014791488647460938,0.0,0.0,39.47747747747748,239.69295654039695,59.47747747747748,239.69295654039695
cascades_sierra_2020042300_top04_2020,cascades_sierra,top04_2020,precip_large_zwd,precip,tp_mswep,q850_box_mean_g_per_kg,per-timestep spatial mean,actual_vs_uniform_tp,24,enc_s1_skip,target_box,3.0952060222625732,3.0966851711273193,3.0952060222625732,0.0014791488647460938,0.0,0.0,39.47747747747748,239.69295654039695,59.47747747747748,239.69295654039695
cascades_sierra_2020042300_top04_2020,cascades_sierra,top04_2020,precip_large_zwd,precip,tp_mswep,q850_box_mean_g_per_kg,per-timestep spatial mean,actual_vs_uniform_tp,24,enc_s1_skip,mountain_near,3.0952060222625732,3.0966851711273193,3.0952060222625732,0.0014791488647460938,0.0,0.0,39.47747747747748,239.69295654039695,59.47747747747748,239.69295654039695
cascades_sierra_2020042300_top04_2020,cascades_sierra,top04_2020,precip_large_zwd,precip,tp_mswep,q850_box_mean_g_per_kg,per-timestep spatial mean,actual_vs_uniform_tp,24,enc_s1_skip,upstream,3.0952060222625732,3.0966851711273193,3.0952060222625732,0.0014791488647460938,0.0,0.0,39.47747747747748,239.69295654039695,59.47747747747748,239.69295654039695
cascades_sierra_2020042300_top04_2020,cascades_sierra,top04_2020,precip_large_zwd,precip,tp_mswep,q850_box_mean_g_per_kg,per-timestep spatial mean,actual_vs_uniform_tp,24,enc_s1_skip,hotspot_gaussian,3.0952060222625732,3.0966851711273193,3.0952060222625732,0.0014791488647460938,0.0,0.0,39.47747747747748,239.69295654039695,59.47747747747748,239.69295654039695
cascades_sierra_2020042300_top04_2020,cascades_sierra,top04_2020,precip_large_zwd,precip,tp_mswep,q850_box_mean_g_per_kg,per-timestep spatial mean,actual_vs_uniform_tp,24,enc_s1_skip,low_near_gaussian,3.0952060222625732,3.0966851711273193,3.0952060222625732,0.0014791488647460938,0.0,0.0,39.47747747747748,239.69295654039695,59.47747747747748,239.69295654039695
cascades_sierra_2020042300_top04_2020,cascades_sierra,top04_2020,precip_large_zwd,precip,tp_mswep,q850_box_mean_g_per_kg,per-timestep spatial mean,actual_vs_uniform_tp,24,enc_s1_skip,remote_control,3.0952060222625732,3.0966851711273193,3.0952060222625732,0.0014791488647460938,0.0,0.0,39.47747747747748,239.69295654039695,59.47747747747748,239.69295654039695
cascades_sierra_2020042300_top04_2020,cascades_sierra,top04_2020,precip_large_zwd,precip,tp_mswep,q850_box_mean_g_per_kg,per-timestep spatial mean,actual_vs_uniform_tp,24,enc_s2_bottleneck,whole,3.0952060222625732,3.0966851711273193,3.0959205627441406,0.0014791488647460938,0.0007145404815673828,0.48307543520309476,39.47747747747748,239.69295654039695,59.47747747747748,239.69295654039695
cascades_sierra_2020042300_top04_2020,cascades_sierra,top04_2020,precip_large_zwd,precip,tp_mswep,q850_box_mean_g_per_kg,per-timestep spatial mean,actual_vs_uniform_tp,24,enc_s2_bottleneck,target_box,3.0952060222625732,3.0966851711273193,3.0949392318725586,0.0014791488647460938,-0.00026679039001464844,-0.18036750483558994,39.47747747747748,239.69295654039695,59.47747747747748,239.69295654039695
cascades_sierra_2020042300_top04_2020,cascades_sierra,top04_2020,precip_large_zwd,precip,tp_mswep,q850_box_mean_g_per_kg,per-timestep spatial mean,actual_vs_uniform_tp,24,enc_s2_bottleneck,mountain_near,3.0952060222625732,3.0966851711273193,3.0936787128448486,0.0014791488647460938,-0.0015273094177246094,-1.0325596389426177,39.47747747747748,239.69295654039695,59.47747747747748,239.69295654039695
cascades_sierra_2020042300_top04_2020,cascades_sierra,top04_2020,precip_large_zwd,precip,tp_mswep,q850_box_mean_g_per_kg,per-timestep spatial mean,actual_vs_uniform_tp,24,enc_s2_bottleneck,upstream,3.0952060222625732,3.0966851711273193,3.0959458351135254,0.0014791488647460938,0.0007398128509521484,0.500161186331399,39.47747747747748,239.69295654039695,59.47747747747748,239.69295654039695
cascades_sierra_2020042300_top04_2020,cascades_sierra,top04_2020,precip_large_zwd,precip,tp_mswep,q850_box_mean_g_per_kg,per-timestep spatial mean,actual_vs_uniform_tp,24,enc_s2_bottleneck,hotspot_gaussian,3.0952060222625732,3.0966851711273193,3.096174955368042,0.0014791488647460938,0.00096893310546875,0.6550612508059317,39.47747747747748,239.69295654039695,59.47747747747748,239.69295654039695
cascades_sierra_2020042300_top04_2020,cascades_sierra,top04_2020,precip_large_zwd,precip,tp_mswep,q850_box_mean_g_per_kg,per-timestep spatial mean,actual_vs_uniform_tp,24,enc_s2_bottleneck,low_near_gaussian,3.0952060222625732,3.0966851711273193,3.093761682510376,0.0014791488647460938,-0.0014443397521972656,-0.9764667956157318,39.47747747747748,239.69295654039695,59.47747747747748,239.69295654039695
cascades_sierra_2020042300_top04_2020,cascades_sierra,top04_2020,precip_large_zwd,precip,tp_mswep,q850_box_mean_g_per_kg,per-timestep spatial mean,actual_vs_uniform_tp,24,enc_s2_bottleneck,remote_control,3.0952060222625732,3.0966851711273193,3.092005729675293,0.0014791488647460938,-0.0032002925872802734,-2.163604126370084,39.47747747747748,239.69295654039695,59.47747747747748,239.69295654039695
cascades_sierra_2020042300_top04_2020,cascades_sierra,top04_2020,precip_large_zwd,precip,tp_mswep,q850_box_mean_g_per_kg,per-timestep spatial mean,actual_vs_uniform_tp,24,dec_s0_pre_skip,whole,3.0952060222625732,3.0966851711273193,3.0959205627441406,0.0014791488647460938,0.0007145404815673828,0.48307543520309476,39.47747747747748,239.69295654039695,59.47747747747748,239.69295654039695
cascades_sierra_2020042300_top04_2020,cascades_sierra,top04_2020,precip_large_zwd,precip,tp_mswep,q850_box_mean_g_per_kg,per-timestep spatial mean,actual_vs_uniform_tp,24,dec_s0_pre_skip,target_box,3.0952060222625732,3.0966851711273193,3.0949392318725586,0.0014791488647460938,-0.00026679039001464844,-0.18036750483558994,39.47747747747748,239.69295654039695,59.47747747747748,239.69295654039695
cascades_sierra_2020042300_top04_2020,cascades_sierra,top04_2020,precip_large_zwd,precip,tp_mswep,q850_box_mean_g_per_kg,per-timestep spatial mean,actual_vs_uniform_tp,24,dec_s0_pre_skip,mountain_near,3.0952060222625732,3.0966851711273193,3.0936787128448486,0.0014791488647460938,-0.0015273094177246094,-1.0325596389426177,39.47747747747748,239.69295654039695,59.47747747747748,239.69295654039695
cascades_sierra_2020042300_top04_2020,cascades_sierra,top04_2020,precip_large_zwd,precip,tp_mswep,q850_box_mean_g_per_kg,per-timestep spatial mean,actual_vs_uniform_tp,24,dec_s0_pre_skip,upstream,3.0952060222625732,3.0966851711273193,3.0959458351135254,0.0014791488647460938,0.0007398128509521484,0.500161186331399,39.47747747747748,239.69295654039695,59.47747747747748,239.69295654039695
cascades_sierra_2020042300_top04_2020,cascades_sierra,top04_2020,precip_large_zwd,precip,tp_mswep,q850_box_mean_g_per_kg,per-timestep spatial mean,actual_vs_uniform_tp,24,dec_s0_pre_skip,hotspot_gaussian,3.0952060222625732,3.0966851711273193,3.096174955368042,0.0014791488647460938,0.00096893310546875,0.6550612508059317,39.47747747747748,239.69295654039695,59.47747747747748,239.69295654039695
cascades_sierra_2020042300_top04_2020,cascades_sierra,top04_2020,precip_large_zwd,precip,tp_mswep,q850_box_mean_g_per_kg,per-timestep spatial mean,actual_vs_uniform_tp,24,dec_s0_pre_skip,low_near_gaussian,3.0952060222625732,3.0966851711273193,3.093761682510376,0.0014791488647460938,-0.0014443397521972656,-0.9764667956157318,39.47747747747748,239.69295654039695,59.47747747747748,239.69295654039695
cascades_sierra_2020042300_top04_2020,cascades_sierra,top04_2020,precip_large_zwd,precip,tp_mswep,q850_box_mean_g_per_kg,per-timestep spatial mean,actual_vs_uniform_tp,24,dec_s0_pre_skip,remote_control,3.0952060222625732,3.0966851711273193,3.092005729675293,0.0014791488647460938,-0.0032002925872802734,-2.163604126370084,39.47747747747748,239.69295654039695,59.47747747747748,239.69295654039695
cascades_sierra_2020042300_top04_2020,cascades_sierra,top04_2020,precip_large_zwd,precip,tp_mswep,q850_box_mean_g_per_kg,per-timestep spatial mean,actual_vs_uniform_tp,24,dec_s1_pre_skip,whole,3.0952060222625732,3.0966851711273193,3.0943353176116943,0.0014791488647460938,-0.0008707046508789062,-0.5886524822695035,39.47747747747748,239.69295654039695,59.47747747747748,239.69295654039695
cascades_sierra_2020042300_top04_2020,cascades_sierra,top04_2020,precip_large_zwd,precip,tp_mswep,q850_box_mean_g_per_kg,per-timestep spatial mean,actual_vs_uniform_tp,24,dec_s1_pre_skip,target_box,3.0952060222625732,3.0966851711273193,3.09466552734375,0.0014791488647460938,-0.0005404949188232422,-0.3654094132817537,39.47747747747748,239.69295654039695,59.47747747747748,239.69295654039695
cascades_sierra_2020042300_top04_2020,cascades_sierra,top04_2020,precip_large_zwd,precip,tp_mswep,q850_box_mean_g_per_kg,per-timestep spatial mean,actual_vs_uniform_tp,24,dec_s1_pre_skip,mountain_near,3.0952060222625732,3.0966851711273193,3.0977375507354736,0.0014791488647460938,0.0025315284729003906,1.7114764667956157,39.47747747747748,239.69295654039695,59.47747747747748,239.69295654039695
cascades_sierra_2020042300_top04_2020,cascades_sierra,top04_2020,precip_large_zwd,precip,tp_mswep,q850_box_mean_g_per_kg,per-timestep spatial mean,actual_vs_uniform_tp,24,dec_s1_pre_skip,upstream,3.0952060222625732,3.0966851711273193,3.092583417892456,0.0014791488647460938,-0.0026226043701171875,-1.7730496453900708,39.47747747747748,239.69295654039695,59.47747747747748,239.69295654039695
cascades_sierra_2020042300_top04_2020,cascades_sierra,top04_2020,precip_large_zwd,precip,tp_mswep,q850_box_mean_g_per_kg,per-timestep spatial mean,actual_vs_uniform_tp,24,dec_s1_pre_skip,hotspot_gaussian,3.0952060222625732,3.0966851711273193,3.094749927520752,0.0014791488647460938,-0.00045609474182128906,-0.30834945196647323,39.47747747747748,239.69295654039695,59.47747747747748,239.69295654039695
cascades_sierra_2020042300_top04_2020,cascades_sierra,top04_2020,precip_large_zwd,precip,tp_mswep,q850_box_mean_g_per_kg,per-timestep spatial mean,actual_vs_uniform_tp,24,dec_s1_pre_skip,low_near_gaussian,3.0952060222625732,3.0966851711273193,3.0938608646392822,0.0014791488647460938,-0.0013451576232910156,-0.9094132817537073,39.47747747747748,239.69295654039695,59.47747747747748,239.69295654039695
cascades_sierra_2020042300_top04_2020,cascades_sierra,top04_2020,precip_large_zwd,precip,tp_mswep,q850_box_mean_g_per_kg,per-timestep spatial mean,actual_vs_uniform_tp,24,dec_s1_pre_skip,remote_control,3.0952060222625732,3.0966851711273193,3.0979456901550293,0.0014791488647460938,0.0027396678924560547,1.8521921341070278,39.47747747747748,239.69295654039695,59.47747747747748,239.69295654039695
cascades_sierra_2020042300_top04_2020,cascades_sierra,top04_2020,precip_large_zwd,precip,tp_mswep,q850_box_mean_g_per_kg,per-timestep spatial mean,actual_vs_uniform_tp,24,dec_s1_post_skip,whole,3.0952060222625732,3.0966851711273193,3.0973522663116455,0.0014791488647460938,0.0021462440490722656,1.4509993552546745,39.47747747747748,239.69295654039695,59.47747747747748,239.69295654039695
cascades_sierra_2020042300_top04_2020,cascades_sierra,top04_2020,precip_large_zwd,precip,tp_mswep,q850_box_mean_g_per_kg,per-timestep spatial mean,actual_vs_uniform_tp,24,dec_s1_post_skip,target_box,3.0952060222625732,3.0966851711273193,3.0961074829101562,0.0014791488647460938,0.0009014606475830078,0.6094455190199871,39.47747747747748,239.69295654039695,59.47747747747748,239.69295654039695
cascades_sierra_2020042300_top04_2020,cascades_sierra,top04_2020,precip_large_zwd,precip,tp_mswep,q850_box_mean_g_per_kg,per-timestep spatial mean,actual_vs_uniform_tp,24,dec_s1_post_skip,mountain_near,3.0952060222625732,3.0966851711273193,3.096262216567993,0.0014791488647460938,0.0010561943054199219,0.7140554480980013,39.47747747747748,239.69295654039695,59.47747747747748,239.69295654039695
cascades_sierra_2020042300_top04_2020,cascades_sierra,top04_2020,precip_large_zwd,precip,tp_mswep,q850_box_mean_g_per_kg,per-timestep spatial mean,actual_vs_uniform_tp,24,dec_s1_post_skip,upstream,3.0952060222625732,3.0966851711273193,3.0934431552886963,0.0014791488647460938,-0.0017628669738769531,-1.191811734364926,39.47747747747748,239.69295654039695,59.47747747747748,239.69295654039695
cascades_sierra_2020042300_top04_2020,cascades_sierra,top04_2020,precip_large_zwd,precip,tp_mswep,q850_box_mean_g_per_kg,per-timestep spatial mean,actual_vs_uniform_tp,24,dec_s1_post_skip,hotspot_gaussian,3.0952060222625732,3.0966851711273193,3.0955650806427,0.0014791488647460938,0.0003590583801269531,0.24274661508704062,39.47747747747748,239.69295654039695,59.47747747747748,239.69295654039695
cascades_sierra_2020042300_top04_2020,cascades_sierra,top04_2020,precip_large_zwd,precip,tp_mswep,q850_box_mean_g_per_kg,per-timestep spatial mean,actual_vs_uniform_tp,24,dec_s1_post_skip,low_near_gaussian,3.0952060222625732,3.0966851711273193,3.0943775177001953,0.0014791488647460938,-0.0008285045623779297,-0.5601225016118633,39.47747747747748,239.69295654039695,59.47747747747748,239.69295654039695
cascades_sierra_2020042300_top04_2020,cascades_sierra,top04_2020,precip_large_zwd,precip,tp_mswep,q850_box_mean_g_per_kg,per-timestep spatial mean,actual_vs_uniform_tp,24,dec_s1_post_skip,remote_control,3.0952060222625732,3.0966851711273193,3.0954837799072266,0.0014791488647460938,0.0002777576446533203,0.18778207607994843,39.47747747747748,239.69295654039695,59.47747747747748,239.69295654039695
cascades_sierra_2020042300_top04_2020,cascades_sierra,top04_2020,precip_large_zwd,precip,tp_mswep,q850_box_mean_g_per_kg,per-timestep spatial mean,actual_vs_uniform_tp,24,dec_s2_pre_concat,whole,3.0952060222625732,3.0966851711273193,3.0973522663116455,0.0014791488647460938,0.0021462440490722656,1.4509993552546745,39.47747747747748,239.69295654039695,59.47747747747748,239.69295654039695
cascades_sierra_2020042300_top04_2020,cascades_sierra,top04_2020,precip_large_zwd,precip,tp_mswep,q850_box_mean_g_per_kg,per-timestep spatial mean,actual_vs_uniform_tp,24,dec_s2_pre_concat,target_box,3.0952060222625732,3.0966851711273193,3.0961074829101562,0.0014791488647460938,0.0009014606475830078,0.6094455190199871,39.47747747747748,239.69295654039695,59.47747747747748,239.69295654039695
cascades_sierra_2020042300_top04_2020,cascades_sierra,top04_2020,precip_large_zwd,precip,tp_mswep,q850_box_mean_g_per_kg,per-timestep spatial mean,actual_vs_uniform_tp,24,dec_s2_pre_concat,mountain_near,3.0952060222625732,3.0966851711273193,3.096262216567993,0.0014791488647460938,0.0010561943054199219,0.7140554480980013,39.47747747747748,239.69295654039695,59.47747747747748,239.69295654039695
cascades_sierra_2020042300_top04_2020,cascades_sierra,top04_2020,precip_large_zwd,precip,tp_mswep,q850_box_mean_g_per_kg,per-timestep spatial mean,actual_vs_uniform_tp,24,dec_s2_pre_concat,upstream,3.0952060222625732,3.0966851711273193,3.0934431552886963,0.0014791488647460938,-0.0017628669738769531,-1.191811734364926,39.47747747747748,239.69295654039695,59.47747747747748,239.69295654039695
cascades_sierra_2020042300_top04_2020,cascades_sierra,top04_2020,precip_large_zwd,precip,tp_mswep,q850_box_mean_g_per_kg,per-timestep spatial mean,actual_vs_uniform_tp,24,dec_s2_pre_concat,hotspot_gaussian,3.0952060222625732,3.0966851711273193,3.0955650806427,0.0014791488647460938,0.0003590583801269531,0.24274661508704062,39.47747747747748,239.69295654039695,59.47747747747748,239.69295654039695
cascades_sierra_2020042300_top04_2020,cascades_sierra,top04_2020,precip_large_zwd,precip,tp_mswep,q850_box_mean_g_per_kg,per-timestep spatial mean,actual_vs_uniform_tp,24,dec_s2_pre_concat,low_near_gaussian,3.0952060222625732,3.0966851711273193,3.0943775177001953,0.0014791488647460938,-0.0008285045623779297,-0.5601225016118633,39.47747747747748,239.69295654039695,59.47747747747748,239.69295654039695
cascades_sierra_2020042300_top04_2020,cascades_sierra,top04_2020,precip_large_zwd,precip,tp_mswep,q850_box_mean_g_per_kg,per-timestep spatial mean,actual_vs_uniform_tp,24,dec_s2_pre_concat,remote_control,3.0952060222625732,3.0966851711273193,3.0954837799072266,0.0014791488647460938,0.0002777576446533203,0.18778207607994843,39.47747747747748,239.69295654039695,59.47747747747748,239.69295654039695
cascades_sierra_2020042300_top04_2020,cascades_sierra,top04_2020,precip_large_zwd,precip,tp_mswep,q850_box_mean_g_per_kg,per-timestep spatial mean,actual_vs_uniform_tp,24,dec_s2_post_concat,whole,3.0952060222625732,3.0966851711273193,3.0951790809631348,0.0014791488647460938,-2.6941299438476562e-05,-0.018214055448098003,39.47747747747748,239.69295654039695,59.47747747747748,239.69295654039695
cascades_sierra_2020042300_top04_2020,cascades_sierra,top04_2020,precip_large_zwd,precip,tp_mswep,q850_box_mean_g_per_kg,per-timestep spatial mean,actual_vs_uniform_tp,24,dec_s2_post_concat,target_box,3.0952060222625732,3.0966851711273193,3.0964760780334473,0.0014791488647460938,0.0012700557708740234,0.8586395873629916,39.47747747747748,239.69295654039695,59.47747747747748,239.69295654039695
cascades_sierra_2020042300_top04_2020,cascades_sierra,top04_2020,precip_large_zwd,precip,tp_mswep,q850_box_mean_g_per_kg,per-timestep spatial mean,actual_vs_uniform_tp,24,dec_s2_post_concat,mountain_near,3.0952060222625732,3.0966851711273193,3.094491720199585,0.0014791488647460938,-0.0007143020629882812,-0.4829142488716957,39.47747747747748,239.69295654039695,59.47747747747748,239.69295654039695
cascades_sierra_2020042300_top04_2020,cascades_sierra,top04_2020,precip_large_zwd,precip,tp_mswep,q850_box_mean_g_per_kg,per-timestep spatial mean,actual_vs_uniform_tp,24,dec_s2_post_concat,upstream,3.0952060222625732,3.0966851711273193,3.092991590499878,0.0014791488647460938,-0.0022144317626953125,-1.4970986460348163,39.47747747747748,239.69295654039695,59.47747747747748,239.69295654039695
cascades_sierra_2020042300_top04_2020,cascades_sierra,top04_2020,precip_large_zwd,precip,tp_mswep,q850_box_mean_g_per_kg,per-timestep spatial mean,actual_vs_uniform_tp,24,dec_s2_post_concat,hotspot_gaussian,3.0952060222625732,3.0966851711273193,3.094297409057617,0.0014791488647460938,-0.0009086132049560547,-0.61428110896196,39.47747747747748,239.69295654039695,59.47747747747748,239.69295654039695
cascades_sierra_2020042300_top04_2020,cascades_sierra,top04_2020,precip_large_zwd,precip,tp_mswep,q850_box_mean_g_per_kg,per-timestep spatial mean,actual_vs_uniform_tp,24,dec_s2_post_concat,low_near_gaussian,3.0952060222625732,3.0966851711273193,3.094606876373291,0.0014791488647460938,-0.0005991458892822266,-0.40506125080593164,39.47747747747748,239.69295654039695,59.47747747747748,239.69295654039695
cascades_sierra_2020042300_top04_2020,cascades_sierra,top04_2020,precip_large_zwd,precip,tp_mswep,q850_box_mean_g_per_kg,per-timestep spatial mean,actual_vs_uniform_tp,24,dec_s2_post_concat,remote_control,3.0952060222625732,3.0966851711273193,3.0942656993865967,0.0014791488647460938,-0.0009403228759765625,-0.63571889103804,39.47747747747748,239.69295654039695,59.47747747747748,239.69295654039695
netherlands_2020110200_strong_2020,netherlands,strong_2020,precip_large_zwd,precip,tp_mswep,q850_box_mean_g_per_kg,per-timestep spatial mean,actual_vs_uniform_tp,6,enc_s0_skip,whole,8.093560218811035,8.09398365020752,8.093501091003418,0.000423431396484375,-5.91278076171875e-05,-0.13963963963963963,49.97747747747748,358.50271099764456,69.97747747747748,3.502710997644563
netherlands_2020110200_strong_2020,netherlands,strong_2020,precip_large_zwd,precip,tp_mswep,q850_box_mean_g_per_kg,per-timestep spatial mean,actual_vs_uniform_tp,6,enc_s0_skip,target_box,8.093560218811035,8.09398365020752,8.094088554382324,0.000423431396484375,0.0005283355712890625,1.2477477477477477,49.97747747747748,358.50271099764456,69.97747747747748,3.502710997644563
netherlands_2020110200_strong_2020,netherlands,strong_2020,precip_large_zwd,precip,tp_mswep,q850_box_mean_g_per_kg,per-timestep spatial mean,actual_vs_uniform_tp,6,enc_s0_skip,mountain_near,8.093560218811035,8.09398365020752,8.093286514282227,0.000423431396484375,-0.00027370452880859375,-0.6463963963963963,49.97747747747748,358.50271099764456,69.97747747747748,3.502710997644563
netherlands_2020110200_strong_2020,netherlands,strong_2020,precip_large_zwd,precip,tp_mswep,q850_box_mean_g_per_kg,per-timestep spatial mean,actual_vs_uniform_tp,6,enc_s0_skip,upstream,8.093560218811035,8.09398365020752,8.093707084655762,0.000423431396484375,0.0001468658447265625,0.34684684684684686,49.97747747747748,358.50271099764456,69.97747747747748,3.502710997644563
netherlands_2020110200_strong_2020,netherlands,strong_2020,precip_large_zwd,precip,tp_mswep,q850_box_mean_g_per_kg,per-timestep spatial mean,actual_vs_uniform_tp,6,enc_s0_skip,hotspot_gaussian,8.093560218811035,8.09398365020752,8.093782424926758,0.000423431396484375,0.00022220611572265625,0.5247747747747747,49.97747747747748,358.50271099764456,69.97747747747748,3.502710997644563
netherlands_2020110200_strong_2020,netherlands,strong_2020,precip_large_zwd,precip,tp_mswep,q850_box_mean_g_per_kg,per-timestep spatial mean,actual_vs_uniform_tp,6,enc_s0_skip,low_near_gaussian,8.093560218811035,8.09398365020752,8.093679428100586,0.000423431396484375,0.00011920928955078125,0.28153153153153154,49.97747747747748,358.50271099764456,69.97747747747748,3.502710997644563
netherlands_2020110200_strong_2020,netherlands,strong_2020,precip_large_zwd,precip,tp_mswep,q850_box_mean_g_per_kg,per-timestep spatial mean,actual_vs_uniform_tp,6,enc_s0_skip,remote_control,8.093560218811035,8.09398365020752,8.09341049194336,0.000423431396484375,-0.00014972686767578125,-0.3536036036036036,49.97747747747748,358.50271099764456,69.97747747747748,3.502710997644563
netherlands_2020110200_strong_2020,netherlands,strong_2020,precip_large_zwd,precip,tp_mswep,q850_box_mean_g_per_kg,per-timestep spatial mean,actual_vs_uniform_tp,6,enc_s1_skip,whole,8.093560218811035,8.09398365020752,8.093560218811035,0.000423431396484375,0.0,0.0,49.97747747747748,358.50271099764456,69.97747747747748,3.502710997644563
netherlands_2020110200_strong_2020,netherlands,strong_2020,precip_large_zwd,precip,tp_mswep,q850_box_mean_g_per_kg,per-timestep spatial mean,actual_vs_uniform_tp,6,enc_s1_skip,target_box,8.093560218811035,8.09398365020752,8.093560218811035,0.000423431396484375,0.0,0.0,49.97747747747748,358.50271099764456,69.97747747747748,3.502710997644563
netherlands_2020110200_strong_2020,netherlands,strong_2020,precip_large_zwd,precip,tp_mswep,q850_box_mean_g_per_kg,per-timestep spatial mean,actual_vs_uniform_tp,6,enc_s1_skip,mountain_near,8.093560218811035,8.09398365020752,8.093560218811035,0.000423431396484375,0.0,0.0,49.97747747747748,358.50271099764456,69.97747747747748,3.502710997644563
netherlands_2020110200_strong_2020,netherlands,strong_2020,precip_large_zwd,precip,tp_mswep,q850_box_mean_g_per_kg,per-timestep spatial mean,actual_vs_uniform_tp,6,enc_s1_skip,upstream,8.093560218811035,8.09398365020752,8.093560218811035,0.000423431396484375,0.0,0.0,49.97747747747748,358.50271099764456,69.97747747747748,3.502710997644563
netherlands_2020110200_strong_2020,netherlands,strong_2020,precip_large_zwd,precip,tp_mswep,q850_box_mean_g_per_kg,per-timestep spatial mean,actual_vs_uniform_tp,6,enc_s1_skip,hotspot_gaussian,8.093560218811035,8.09398365020752,8.093560218811035,0.000423431396484375,0.0,0.0,49.97747747747748,358.50271099764456,69.97747747747748,3.502710997644563
netherlands_2020110200_strong_2020,netherlands,strong_2020,precip_large_zwd,precip,tp_mswep,q850_box_mean_g_per_kg,per-timestep spatial mean,actual_vs_uniform_tp,6,enc_s1_skip,low_near_gaussian,8.093560218811035,8.09398365020752,8.093560218811035,0.000423431396484375,0.0,0.0,49.97747747747748,358.50271099764456,69.97747747747748,3.502710997644563
netherlands_2020110200_strong_2020,netherlands,strong_2020,precip_large_zwd,precip,tp_mswep,q850_box_mean_g_per_kg,per-timestep spatial mean,actual_vs_uniform_tp,6,enc_s1_skip,remote_control,8.093560218811035,8.09398365020752,8.093560218811035,0.000423431396484375,0.0,0.0,49.97747747747748,358.50271099764456,69.97747747747748,3.502710997644563
netherlands_2020110200_strong_2020,netherlands,strong_2020,precip_large_zwd,precip,tp_mswep,q850_box_mean_g_per_kg,per-timestep spatial mean,actual_vs_uniform_tp,6,enc_s2_bottleneck,whole,8.093560218811035,8.09398365020752,8.092716217041016,0.000423431396484375,-0.0008440017700195312,-1.9932432432432432,49.97747747747748,358.50271099764456,69.97747747747748,3.502710997644563
netherlands_2020110200_strong_2020,netherlands,strong_2020,precip_large_zwd,precip,tp_mswep,q850_box_mean_g_per_kg,per-timestep spatial mean,actual_vs_uniform_tp,6,enc_s2_bottleneck,target_box,8.093560218811035,8.09398365020752,8.094218254089355,0.000423431396484375,0.0006580352783203125,1.554054054054054,49.97747747747748,358.50271099764456,69.97747747747748,3.502710997644563
netherlands_2020110200_strong_2020,netherlands,strong_2020,precip_large_zwd,precip,tp_mswep,q850_box_mean_g_per_kg,per-timestep spatial mean,actual_vs_uniform_tp,6,enc_s2_bottleneck,mountain_near,8.093560218811035,8.09398365020752,8.093537330627441,0.000423431396484375,-2.288818359375e-05,-0.05405405405405406,49.97747747747748,358.50271099764456,69.97747747747748,3.502710997644563
netherlands_2020110200_strong_2020,netherlands,strong_2020,precip_large_zwd,precip,tp_mswep,q850_box_mean_g_per_kg,per-timestep spatial mean,actual_vs_uniform_tp,6,enc_s2_bottleneck,upstream,8.093560218811035,8.09398365020752,8.093260765075684,0.000423431396484375,-0.0002994537353515625,-0.7072072072072072,49.97747747747748,358.50271099764456,69.97747747747748,3.502710997644563
netherlands_2020110200_strong_2020,netherlands,strong_2020,precip_large_zwd,precip,tp_mswep,q850_box_mean_g_per_kg,per-timestep spatial mean,actual_vs_uniform_tp,6,enc_s2_bottleneck,hotspot_gaussian,8.093560218811035,8.09398365020752,8.093972206115723,0.000423431396484375,0.0004119873046875,0.972972972972973,49.97747747747748,358.50271099764456,69.97747747747748,3.502710997644563
netherlands_2020110200_strong_2020,netherlands,strong_2020,precip_large_zwd,precip,tp_mswep,q850_box_mean_g_per_kg,per-timestep spatial mean,actual_vs_uniform_tp,6,enc_s2_bottleneck,low_near_gaussian,8.093560218811035,8.09398365020752,8.095261573791504,0.000423431396484375,0.00170135498046875,4.018018018018018,49.97747747747748,358.50271099764456,69.97747747747748,3.502710997644563
netherlands_2020110200_strong_2020,netherlands,strong_2020,precip_large_zwd,precip,tp_mswep,q850_box_mean_g_per_kg,per-timestep spatial mean,actual_vs_uniform_tp,6,enc_s2_bottleneck,remote_control,8.093560218811035,8.09398365020752,8.093679428100586,0.000423431396484375,0.00011920928955078125,0.28153153153153154,49.97747747747748,358.50271099764456,69.97747747747748,3.502710997644563
netherlands_2020110200_strong_2020,netherlands,strong_2020,precip_large_zwd,precip,tp_mswep,q850_box_mean_g_per_kg,per-timestep spatial mean,actual_vs_uniform_tp,6,dec_s0_pre_skip,whole,8.093560218811035,8.09398365020752,8.092716217041016,0.000423431396484375,-0.0008440017700195312,-1.9932432432432432,49.97747747747748,358.50271099764456,69.97747747747748,3.502710997644563
netherlands_2020110200_strong_2020,netherlands,strong_2020,precip_large_zwd,precip,tp_mswep,q850_box_mean_g_per_kg,per-timestep spatial mean,actual_vs_uniform_tp,6,dec_s0_pre_skip,target_box,8.093560218811035,8.09398365020752,8.094218254089355,0.000423431396484375,0.0006580352783203125,1.554054054054054,49.97747747747748,358.50271099764456,69.97747747747748,3.502710997644563
netherlands_2020110200_strong_2020,netherlands,strong_2020,precip_large_zwd,precip,tp_mswep,q850_box_mean_g_per_kg,per-timestep spatial mean,actual_vs_uniform_tp,6,dec_s0_pre_skip,mountain_near,8.093560218811035,8.09398365020752,8.093537330627441,0.000423431396484375,-2.288818359375e-05,-0.05405405405405406,49.97747747747748,358.50271099764456,69.97747747747748,3.502710997644563
netherlands_2020110200_strong_2020,netherlands,strong_2020,precip_large_zwd,precip,tp_mswep,q850_box_mean_g_per_kg,per-timestep spatial mean,actual_vs_uniform_tp,6,dec_s0_pre_skip,upstream,8.093560218811035,8.09398365020752,8.093260765075684,0.000423431396484375,-0.0002994537353515625,-0.7072072072072072,49.97747747747748,358.50271099764456,69.97747747747748,3.502710997644563
netherlands_2020110200_strong_2020,netherlands,strong_2020,precip_large_zwd,precip,tp_mswep,q850_box_mean_g_per_kg,per-timestep spatial mean,actual_vs_uniform_tp,6,dec_s0_pre_skip,hotspot_gaussian,8.093560218811035,8.09398365020752,8.093972206115723,0.000423431396484375,0.0004119873046875,0.972972972972973,49.97747747747748,358.50271099764456,69.97747747747748,3.502710997644563
netherlands_2020110200_strong_2020,netherlands,strong_2020,precip_large_zwd,precip,tp_mswep,q850_box_mean_g_per_kg,per-timestep spatial mean,actual_vs_uniform_tp,6,dec_s0_pre_skip,low_near_gaussian,8.093560218811035,8.09398365020752,8.095261573791504,0.000423431396484375,0.00170135498046875,4.018018018018018,49.97747747747748,358.50271099764456,69.97747747747748,3.502710997644563
netherlands_2020110200_strong_2020,netherlands,strong_2020,precip_large_zwd,precip,tp_mswep,q850_box_mean_g_per_kg,per-timestep spatial mean,actual_vs_uniform_tp,6,dec_s0_pre_skip,remote_control,8.093560218811035,8.09398365020752,8.093679428100586,0.000423431396484375,0.00011920928955078125,0.28153153153153154,49.97747747747748,358.50271099764456,69.97747747747748,3.502710997644563
netherlands_2020110200_strong_2020,netherlands,strong_2020,precip_large_zwd,precip,tp_mswep,q850_box_mean_g_per_kg,per-timestep spatial mean,actual_vs_uniform_tp,6,dec_s1_pre_skip,whole,8.093560218811035,8.09398365020752,8.09259033203125,0.000423431396484375,-0.0009698867797851562,-2.2905405405405403,49.97747747747748,358.50271099764456,69.97747747747748,3.502710997644563
netherlands_2020110200_strong_2020,netherlands,strong_2020,precip_large_zwd,precip,tp_mswep,q850_box_mean_g_per_kg,per-timestep spatial mean,actual_vs_uniform_tp,6,dec_s1_pre_skip,target_box,8.093560218811035,8.09398365020752,8.094098091125488,0.000423431396484375,0.000537872314453125,1.2702702702702702,49.97747747747748,358.50271099764456,69.97747747747748,3.502710997644563
netherlands_2020110200_strong_2020,netherlands,strong_2020,precip_large_zwd,precip,tp_mswep,q850_box_mean_g_per_kg,per-timestep spatial mean,actual_vs_uniform_tp,6,dec_s1_pre_skip,mountain_near,8.093560218811035,8.09398365020752,8.093528747558594,0.000423431396484375,-3.147125244140625e-05,-0.07432432432432433,49.97747747747748,358.50271099764456,69.97747747747748,3.502710997644563
netherlands_2020110200_strong_2020,netherlands,strong_2020,precip_large_zwd,precip,tp_mswep,q850_box_mean_g_per_kg,per-timestep spatial mean,actual_vs_uniform_tp,6,dec_s1_pre_skip,upstream,8.093560218811035,8.09398365020752,8.092564582824707,0.000423431396484375,-0.000995635986328125,-2.3513513513513513,49.97747747747748,358.50271099764456,69.97747747747748,3.502710997644563
netherlands_2020110200_strong_2020,netherlands,strong_2020,precip_large_zwd,precip,tp_mswep,q850_box_mean_g_per_kg,per-timestep spatial mean,actual_vs_uniform_tp,6,dec_s1_pre_skip,hotspot_gaussian,8.093560218811035,8.09398365020752,8.094058990478516,0.000423431396484375,0.0004987716674804688,1.177927927927928,49.97747747747748,358.50271099764456,69.97747747747748,3.502710997644563
netherlands_2020110200_strong_2020,netherlands,strong_2020,precip_large_zwd,precip,tp_mswep,q850_box_mean_g_per_kg,per-timestep spatial mean,actual_vs_uniform_tp,6,dec_s1_pre_skip,low_near_gaussian,8.093560218811035,8.09398365020752,8.094279289245605,0.000423431396484375,0.0007190704345703125,1.6981981981981982,49.97747747747748,358.50271099764456,69.97747747747748,3.502710997644563
netherlands_2020110200_strong_2020,netherlands,strong_2020,precip_large_zwd,precip,tp_mswep,q850_box_mean_g_per_kg,per-timestep spatial mean,actual_vs_uniform_tp,6,dec_s1_pre_skip,remote_control,8.093560218811035,8.09398365020752,8.09337329864502,0.000423431396484375,-0.000186920166015625,-0.44144144144144143,49.97747747747748,358.50271099764456,69.97747747747748,3.502710997644563
netherlands_2020110200_strong_2020,netherlands,strong_2020,precip_large_zwd,precip,tp_mswep,q850_box_mean_g_per_kg,per-timestep spatial mean,actual_vs_uniform_tp,6,dec_s1_post_skip,whole,8.093560218811035,8.09398365020752,8.09378719329834,0.000423431396484375,0.0002269744873046875,0.536036036036036,49.97747747747748,358.50271099764456,69.97747747747748,3.502710997644563
netherlands_2020110200_strong_2020,netherlands,strong_2020,precip_large_zwd,precip,tp_mswep,q850_box_mean_g_per_kg,per-timestep spatial mean,actual_vs_uniform_tp,6,dec_s1_post_skip,target_box,8.093560218811035,8.09398365020752,8.093740463256836,0.000423431396484375,0.00018024444580078125,0.42567567567567566,49.97747747747748,358.50271099764456,69.97747747747748,3.502710997644563
netherlands_2020110200_strong_2020,netherlands,strong_2020,precip_large_zwd,precip,tp_mswep,q850_box_mean_g_per_kg,per-timestep spatial mean,actual_vs_uniform_tp,6,dec_s1_post_skip,mountain_near,8.093560218811035,8.09398365020752,8.093284606933594,0.000423431396484375,-0.00027561187744140625,-0.6509009009009009,49.97747747747748,358.50271099764456,69.97747747747748,3.502710997644563
netherlands_2020110200_strong_2020,netherlands,strong_2020,precip_large_zwd,precip,tp_mswep,q850_box_mean_g_per_kg,per-timestep spatial mean,actual_vs_uniform_tp,6,dec_s1_post_skip,upstream,8.093560218811035,8.09398365020752,8.09345531463623,0.000423431396484375,-0.0001049041748046875,-0.24774774774774774,49.97747747747748,358.50271099764456,69.97747747747748,3.502710997644563
netherlands_2020110200_strong_2020,netherlands,strong_2020,precip_large_zwd,precip,tp_mswep,q850_box_mean_g_per_kg,per-timestep spatial mean,actual_vs_uniform_tp,6,dec_s1_post_skip,hotspot_gaussian,8.093560218811035,8.09398365020752,8.093740463256836,0.000423431396484375,0.00018024444580078125,0.42567567567567566,49.97747747747748,358.50271099764456,69.97747747747748,3.502710997644563
netherlands_2020110200_strong_2020,netherlands,strong_2020,precip_large_zwd,precip,tp_mswep,q850_box_mean_g_per_kg,per-timestep spatial mean,actual_vs_uniform_tp,6,dec_s1_post_skip,low_near_gaussian,8.093560218811035,8.09398365020752,8.093183517456055,0.000423431396484375,-0.00037670135498046875,-0.8896396396396397,49.97747747747748,358.50271099764456,69.97747747747748,3.502710997644563
netherlands_2020110200_strong_2020,netherlands,strong_2020,precip_large_zwd,precip,tp_mswep,q850_box_mean_g_per_kg,per-timestep spatial mean,actual_vs_uniform_tp,6,dec_s1_post_skip,remote_control,8.093560218811035,8.09398365020752,8.093416213989258,0.000423431396484375,-0.00014400482177734375,-0.3400900900900901,49.97747747747748,358.50271099764456,69.97747747747748,3.502710997644563
netherlands_2020110200_strong_2020,netherlands,strong_2020,precip_large_zwd,precip,tp_mswep,q850_box_mean_g_per_kg,per-timestep spatial mean,actual_vs_uniform_tp,6,dec_s2_pre_concat,whole,8.093560218811035,8.09398365020752,8.09378719329834,0.000423431396484375,0.0002269744873046875,0.536036036036036,49.97747747747748,358.50271099764456,69.97747747747748,3.502710997644563
netherlands_2020110200_strong_2020,netherlands,strong_2020,precip_large_zwd,precip,tp_mswep,q850_box_mean_g_per_kg,per-timestep spatial mean,actual_vs_uniform_tp,6,dec_s2_pre_concat,target_box,8.093560218811035,8.09398365020752,8.093740463256836,0.000423431396484375,0.00018024444580078125,0.42567567567567566,49.97747747747748,358.50271099764456,69.97747747747748,3.502710997644563
netherlands_2020110200_strong_2020,netherlands,strong_2020,precip_large_zwd,precip,tp_mswep,q850_box_mean_g_per_kg,per-timestep spatial mean,actual_vs_uniform_tp,6,dec_s2_pre_concat,mountain_near,8.093560218811035,8.09398365020752,8.093284606933594,0.000423431396484375,-0.00027561187744140625,-0.6509009009009009,49.97747747747748,358.50271099764456,69.97747747747748,3.502710997644563
netherlands_2020110200_strong_2020,netherlands,strong_2020,precip_large_zwd,precip,tp_mswep,q850_box_mean_g_per_kg,per-timestep spatial mean,actual_vs_uniform_tp,6,dec_s2_pre_concat,upstream,8.093560218811035,8.09398365020752,8.09345531463623,0.000423431396484375,-0.0001049041748046875,-0.24774774774774774,49.97747747747748,358.50271099764456,69.97747747747748,3.502710997644563
netherlands_2020110200_strong_2020,netherlands,strong_2020,precip_large_zwd,precip,tp_mswep,q850_box_mean_g_per_kg,per-timestep spatial mean,actual_vs_uniform_tp,6,dec_s2_pre_concat,hotspot_gaussian,8.093560218811035,8.09398365020752,8.093740463256836,0.000423431396484375,0.00018024444580078125,0.42567567567567566,49.97747747747748,358.50271099764456,69.97747747747748,3.502710997644563
netherlands_2020110200_strong_2020,netherlands,strong_2020,precip_large_zwd,precip,tp_mswep,q850_box_mean_g_per_kg,per-timestep spatial mean,actual_vs_uniform_tp,6,dec_s2_pre_concat,low_near_gaussian,8.093560218811035,8.09398365020752,8.093183517456055,0.000423431396484375,-0.00037670135498046875,-0.8896396396396397,49.97747747747748,358.50271099764456,69.97747747747748,3.502710997644563
netherlands_2020110200_strong_2020,netherlands,strong_2020,precip_large_zwd,precip,tp_mswep,q850_box_mean_g_per_kg,per-timestep spatial mean,actual_vs_uniform_tp,6,dec_s2_pre_concat,remote_control,8.093560218811035,8.09398365020752,8.093416213989258,0.000423431396484375,-0.00014400482177734375,-0.3400900900900901,49.97747747747748,358.50271099764456,69.97747747747748,3.502710997644563
netherlands_2020110200_strong_2020,netherlands,strong_2020,precip_large_zwd,precip,tp_mswep,q850_box_mean_g_per_kg,per-timestep spatial mean,actual_vs_uniform_tp,6,dec_s2_post_concat,whole,8.093560218811035,8.09398365020752,8.09378719329834,0.000423431396484375,0.0002269744873046875,0.536036036036036,49.97747747747748,358.50271099764456,69.97747747747748,3.502710997644563
netherlands_2020110200_strong_2020,netherlands,strong_2020,precip_large_zwd,precip,tp_mswep,q850_box_mean_g_per_kg,per-timestep spatial mean,actual_vs_uniform_tp,6,dec_s2_post_concat,target_box,8.093560218811035,8.09398365020752,8.093692779541016,0.000423431396484375,0.00013256072998046875,0.3130630630630631,49.97747747747748,358.50271099764456,69.97747747747748,3.502710997644563
netherlands_2020110200_strong_2020,netherlands,strong_2020,precip_large_zwd,precip,tp_mswep,q850_box_mean_g_per_kg,per-timestep spatial mean,actual_vs_uniform_tp,6,dec_s2_post_concat,mountain_near,8.093560218811035,8.09398365020752,8.093365669250488,0.000423431396484375,-0.000194549560546875,-0.4594594594594595,49.97747747747748,358.50271099764456,69.97747747747748,3.502710997644563
netherlands_2020110200_strong_2020,netherlands,strong_2020,precip_large_zwd,precip,tp_mswep,q850_box_mean_g_per_kg,per-timestep spatial mean,actual_vs_uniform_tp,6,dec_s2_post_concat,upstream,8.093560218811035,8.09398365020752,8.09328556060791,0.000423431396484375,-0.000274658203125,-0.6486486486486487,49.97747747747748,358.50271099764456,69.97747747747748,3.502710997644563
netherlands_2020110200_strong_2020,netherlands,strong_2020,precip_large_zwd,precip,tp_mswep,q850_box_mean_g_per_kg,per-timestep spatial mean,actual_vs_uniform_tp,6,dec_s2_post_concat,hotspot_gaussian,8.093560218811035,8.09398365020752,8.093718528747559,0.000423431396484375,0.0001583099365234375,0.3738738738738739,49.97747747747748,358.50271099764456,69.97747747747748,3.502710997644563
netherlands_2020110200_strong_2020,netherlands,strong_2020,precip_large_zwd,precip,tp_mswep,q850_box_mean_g_per_kg,per-timestep spatial mean,actual_vs_uniform_tp,6,dec_s2_post_concat,low_near_gaussian,8.093560218811035,8.09398365020752,8.093149185180664,0.000423431396484375,-0.00041103363037109375,-0.9707207207207207,49.97747747747748,358.50271099764456,69.97747747747748,3.502710997644563
netherlands_2020110200_strong_2020,netherlands,strong_2020,precip_large_zwd,precip,tp_mswep,q850_box_mean_g_per_kg,per-timestep spatial mean,actual_vs_uniform_tp,6,dec_s2_post_concat,remote_control,8.093560218811035,8.09398365020752,8.093365669250488,0.000423431396484375,-0.000194549560546875,-0.4594594594594595,49.97747747747748,358.50271099764456,69.97747747747748,3.502710997644563
netherlands_2020110200_strong_2020,netherlands,strong_2020,precip_large_zwd,precip,tp_mswep,q850_box_mean_g_per_kg,per-timestep spatial mean,actual_vs_uniform_tp,12,enc_s0_skip,whole,7.684988498687744,7.68149471282959,7.68202018737793,-0.003493785858154297,-0.002968311309814453,0.8495973795550703,49.97747747747748,358.50271099764456,69.97747747747748,3.502710997644563
netherlands_2020110200_strong_2020,netherlands,strong_2020,precip_large_zwd,precip,tp_mswep,q850_box_mean_g_per_kg,per-timestep spatial mean,actual_vs_uniform_tp,12,enc_s0_skip,target_box,7.684988498687744,7.68149471282959,7.682729721069336,-0.003493785858154297,-0.002258777618408203,0.6465128975023884,49.97747747747748,358.50271099764456,69.97747747747748,3.502710997644563
netherlands_2020110200_strong_2020,netherlands,strong_2020,precip_large_zwd,precip,tp_mswep,q850_box_mean_g_per_kg,per-timestep spatial mean,actual_vs_uniform_tp,12,enc_s0_skip,mountain_near,7.684988498687744,7.68149471282959,7.68416690826416,-0.003493785858154297,-0.0008215904235839844,0.235157636140303,49.97747747747748,358.50271099764456,69.97747747747748,3.502710997644563
netherlands_2020110200_strong_2020,netherlands,strong_2020,precip_large_zwd,precip,tp_mswep,q850_box_mean_g_per_kg,per-timestep spatial mean,actual_vs_uniform_tp,12,enc_s0_skip,upstream,7.684988498687744,7.68149471282959,7.682991981506348,-0.003493785858154297,-0.0019965171813964844,0.5714480687866794,49.97747747747748,358.50271099764456,69.97747747747748,3.502710997644563
netherlands_2020110200_strong_2020,netherlands,strong_2020,precip_large_zwd,precip,tp_mswep,q850_box_mean_g_per_kg,per-timestep spatial mean,actual_vs_uniform_tp,12,enc_s0_skip,hotspot_gaussian,7.684988498687744,7.68149471282959,7.68569278717041,-0.003493785858154297,0.0007042884826660156,-0.20158318547836768,49.97747747747748,358.50271099764456,69.97747747747748,3.502710997644563
netherlands_2020110200_strong_2020,netherlands,strong_2020,precip_large_zwd,precip,tp_mswep,q850_box_mean_g_per_kg,per-timestep spatial mean,actual_vs_uniform_tp,12,enc_s0_skip,low_near_gaussian,7.684988498687744,7.68149471282959,7.682828426361084,-0.003493785858154297,-0.0021600723266601562,0.6182612256039307,49.97747747747748,358.50271099764456,69.97747747747748,3.502710997644563
netherlands_2020110200_strong_2020,netherlands,strong_2020,precip_large_zwd,precip,tp_mswep,q850_box_mean_g_per_kg,per-timestep spatial mean,actual_vs_uniform_tp,12,enc_s0_skip,remote_control,7.684988498687744,7.68149471282959,7.684022903442383,-0.003493785858154297,-0.0009655952453613281,0.27637505118056505,49.97747747747748,358.50271099764456,69.97747747747748,3.502710997644563
netherlands_2020110200_strong_2020,netherlands,strong_2020,precip_large_zwd,precip,tp_mswep,q850_box_mean_g_per_kg,per-timestep spatial mean,actual_vs_uniform_tp,12,enc_s1_skip,whole,7.684988498687744,7.68149471282959,7.684988498687744,-0.003493785858154297,0.0,-0.0,49.97747747747748,358.50271099764456,69.97747747747748,3.502710997644563
netherlands_2020110200_strong_2020,netherlands,strong_2020,precip_large_zwd,precip,tp_mswep,q850_box_mean_g_per_kg,per-timestep spatial mean,actual_vs_uniform_tp,12,enc_s1_skip,target_box,7.684988498687744,7.68149471282959,7.684988498687744,-0.003493785858154297,0.0,-0.0,49.97747747747748,358.50271099764456,69.97747747747748,3.502710997644563
netherlands_2020110200_strong_2020,netherlands,strong_2020,precip_large_zwd,precip,tp_mswep,q850_box_mean_g_per_kg,per-timestep spatial mean,actual_vs_uniform_tp,12,enc_s1_skip,mountain_near,7.684988498687744,7.68149471282959,7.684988498687744,-0.003493785858154297,0.0,-0.0,49.97747747747748,358.50271099764456,69.97747747747748,3.502710997644563
netherlands_2020110200_strong_2020,netherlands,strong_2020,precip_large_zwd,precip,tp_mswep,q850_box_mean_g_per_kg,per-timestep spatial mean,actual_vs_uniform_tp,12,enc_s1_skip,upstream,7.684988498687744,7.68149471282959,7.684988498687744,-0.003493785858154297,0.0,-0.0,49.97747747747748,358.50271099764456,69.97747747747748,3.502710997644563
netherlands_2020110200_strong_2020,netherlands,strong_2020,precip_large_zwd,precip,tp_mswep,q850_box_mean_g_per_kg,per-timestep spatial mean,actual_vs_uniform_tp,12,enc_s1_skip,hotspot_gaussian,7.684988498687744,7.68149471282959,7.684988498687744,-0.003493785858154297,0.0,-0.0,49.97747747747748,358.50271099764456,69.97747747747748,3.502710997644563
netherlands_2020110200_strong_2020,netherlands,strong_2020,precip_large_zwd,precip,tp_mswep,q850_box_mean_g_per_kg,per-timestep spatial mean,actual_vs_uniform_tp,12,enc_s1_skip,low_near_gaussian,7.684988498687744,7.68149471282959,7.684988498687744,-0.003493785858154297,0.0,-0.0,49.97747747747748,358.50271099764456,69.97747747747748,3.502710997644563
netherlands_2020110200_strong_2020,netherlands,strong_2020,precip_large_zwd,precip,tp_mswep,q850_box_mean_g_per_kg,per-timestep spatial mean,actual_vs_uniform_tp,12,enc_s1_skip,remote_control,7.684988498687744,7.68149471282959,7.684988498687744,-0.003493785858154297,0.0,-0.0,49.97747747747748,358.50271099764456,69.97747747747748,3.502710997644563
netherlands_2020110200_strong_2020,netherlands,strong_2020,precip_large_zwd,precip,tp_mswep,q850_box_mean_g_per_kg,per-timestep spatial mean,actual_vs_uniform_tp,12,enc_s2_bottleneck,whole,7.684988498687744,7.68149471282959,7.683131694793701,-0.003493785858154297,-0.0018568038940429688,0.5314589873072199,49.97747747747748,358.50271099764456,69.97747747747748,3.502710997644563
netherlands_2020110200_strong_2020,netherlands,strong_2020,precip_large_zwd,precip,tp_mswep,q850_box_mean_g_per_kg,per-timestep spatial mean,actual_vs_uniform_tp,12,enc_s2_bottleneck,target_box,7.684988498687744,7.68149471282959,7.685276508331299,-0.003493785858154297,0.0002880096435546875,-0.08243483008052409,49.97747747747748,358.50271099764456,69.97747747747748,3.502710997644563
netherlands_2020110200_strong_2020,netherlands,strong_2020,precip_large_zwd,precip,tp_mswep,q850_box_mean_g_per_kg,per-timestep spatial mean,actual_vs_uniform_tp,12,enc_s2_bottleneck,mountain_near,7.684988498687744,7.68149471282959,7.678000450134277,-0.003493785858154297,-0.006988048553466797,2.0001364815067557,49.97747747747748,358.50271099764456,69.97747747747748,3.502710997644563
netherlands_2020110200_strong_2020,netherlands,strong_2020,precip_large_zwd,precip,tp_mswep,q850_box_mean_g_per_kg,per-timestep spatial mean,actual_vs_uniform_tp,12,enc_s2_bottleneck,upstream,7.684988498687744,7.68149471282959,7.685445308685303,-0.003493785858154297,0.00045680999755859375,-0.13074928347208953,49.97747747747748,358.50271099764456,69.97747747747748,3.502710997644563
netherlands_2020110200_strong_2020,netherlands,strong_2020,precip_large_zwd,precip,tp_mswep,q850_box_mean_g_per_kg,per-timestep spatial mean,actual_vs_uniform_tp,12,enc_s2_bottleneck,hotspot_gaussian,7.684988498687744,7.68149471282959,7.683479309082031,-0.003493785858154297,-0.0015091896057128906,0.43196396888221644,49.97747747747748,358.50271099764456,69.97747747747748,3.502710997644563
netherlands_2020110200_strong_2020,netherlands,strong_2020,precip_large_zwd,precip,tp_mswep,q850_box_mean_g_per_kg,per-timestep spatial mean,actual_vs_uniform_tp,12,enc_s2_bottleneck,low_near_gaussian,7.684988498687744,7.68149471282959,7.688202381134033,-0.003493785858154297,0.0032138824462890625,-0.919885355534325,49.97747747747748,358.50271099764456,69.97747747747748,3.502710997644563
netherlands_2020110200_strong_2020,netherlands,strong_2020,precip_large_zwd,precip,tp_mswep,q850_box_mean_g_per_kg,per-timestep spatial mean,actual_vs_uniform_tp,12,enc_s2_bottleneck,remote_control,7.684988498687744,7.68149471282959,7.685710430145264,-0.003493785858154297,0.0007219314575195312,-0.20663300122833356,49.97747747747748,358.50271099764456,69.97747747747748,3.502710997644563
netherlands_2020110200_strong_2020,netherlands,strong_2020,precip_large_zwd,precip,tp_mswep,q850_box_mean_g_per_kg,per-timestep spatial mean,actual_vs_uniform_tp,12,dec_s0_pre_skip,whole,7.684988498687744,7.68149471282959,7.683131694793701,-0.003493785858154297,-0.0018568038940429688,0.5314589873072199,49.97747747747748,358.50271099764456,69.97747747747748,3.502710997644563
netherlands_2020110200_strong_2020,netherlands,strong_2020,precip_large_zwd,precip,tp_mswep,q850_box_mean_g_per_kg,per-timestep spatial mean,actual_vs_uniform_tp,12,dec_s0_pre_skip,target_box,7.684988498687744,7.68149471282959,7.685276508331299,-0.003493785858154297,0.0002880096435546875,-0.08243483008052409,49.97747747747748,358.50271099764456,69.97747747747748,3.502710997644563
netherlands_2020110200_strong_2020,netherlands,strong_2020,precip_large_zwd,precip,tp_mswep,q850_box_mean_g_per_kg,per-timestep spatial mean,actual_vs_uniform_tp,12,dec_s0_pre_skip,mountain_near,7.684988498687744,7.68149471282959,7.678000450134277,-0.003493785858154297,-0.006988048553466797,2.0001364815067557,49.97747747747748,358.50271099764456,69.97747747747748,3.502710997644563
netherlands_2020110200_strong_2020,netherlands,strong_2020,precip_large_zwd,precip,tp_mswep,q850_box_mean_g_per_kg,per-timestep spatial mean,actual_vs_uniform_tp,12,dec_s0_pre_skip,upstream,7.684988498687744,7.68149471282959,7.685445308685303,-0.003493785858154297,0.00045680999755859375,-0.13074928347208953,49.97747747747748,358.50271099764456,69.97747747747748,3.502710997644563
netherlands_2020110200_strong_2020,netherlands,strong_2020,precip_large_zwd,precip,tp_mswep,q850_box_mean_g_per_kg,per-timestep spatial mean,actual_vs_uniform_tp,12,dec_s0_pre_skip,hotspot_gaussian,7.684988498687744,7.68149471282959,7.683479309082031,-0.003493785858154297,-0.0015091896057128906,0.43196396888221644,49.97747747747748,358.50271099764456,69.97747747747748,3.502710997644563
netherlands_2020110200_strong_2020,netherlands,strong_2020,precip_large_zwd,precip,tp_mswep,q850_box_mean_g_per_kg,per-timestep spatial mean,actual_vs_uniform_tp,12,dec_s0_pre_skip,low_near_gaussian,7.684988498687744,7.68149471282959,7.688202381134033,-0.003493785858154297,0.0032138824462890625,-0.919885355534325,49.97747747747748,358.50271099764456,69.97747747747748,3.502710997644563
netherlands_2020110200_strong_2020,netherlands,strong_2020,precip_large_zwd,precip,tp_mswep,q850_box_mean_g_per_kg,per-timestep spatial mean,actual_vs_uniform_tp,12,dec_s0_pre_skip,remote_control,7.684988498687744,7.68149471282959,7.685710430145264,-0.003493785858154297,0.0007219314575195312,-0.20663300122833356,49.97747747747748,358.50271099764456,69.97747747747748,3.502710997644563
netherlands_2020110200_strong_2020,netherlands,strong_2020,precip_large_zwd,precip,tp_mswep,q850_box_mean_g_per_kg,per-timestep spatial mean,actual_vs_uniform_tp,12,dec_s1_pre_skip,whole,7.684988498687744,7.68149471282959,7.681448459625244,-0.003493785858154297,-0.0035400390625,1.0132387061553159,49.97747747747748,358.50271099764456,69.97747747747748,3.502710997644563
netherlands_2020110200_strong_2020,netherlands,strong_2020,precip_large_zwd,precip,tp_mswep,q850_box_mean_g_per_kg,per-timestep spatial mean,actual_vs_uniform_tp,12,dec_s1_pre_skip,target_box,7.684988498687744,7.68149471282959,7.681783676147461,-0.003493785858154297,-0.003204822540283203,0.9172922069059642,49.97747747747748,358.50271099764456,69.97747747747748,3.502710997644563
netherlands_2020110200_strong_2020,netherlands,strong_2020,precip_large_zwd,precip,tp_mswep,q850_box_mean_g_per_kg,per-timestep spatial mean,actual_vs_uniform_tp,12,dec_s1_pre_skip,mountain_near,7.684988498687744,7.68149471282959,7.685077667236328,-0.003493785858154297,8.916854858398438e-05,-0.025522041763341066,49.97747747747748,358.50271099764456,69.97747747747748,3.502710997644563
netherlands_2020110200_strong_2020,netherlands,strong_2020,precip_large_zwd,precip,tp_mswep,q850_box_mean_g_per_kg,per-timestep spatial mean,actual_vs_uniform_tp,12,dec_s1_pre_skip,upstream,7.684988498687744,7.68149471282959,7.678675174713135,-0.003493785858154297,-0.006313323974609375,1.80701514944725,49.97747747747748,358.50271099764456,69.97747747747748,3.502710997644563
netherlands_2020110200_strong_2020,netherlands,strong_2020,precip_large_zwd,precip,tp_mswep,q850_box_mean_g_per_kg,per-timestep spatial mean,actual_vs_uniform_tp,12,dec_s1_pre_skip,hotspot_gaussian,7.684988498687744,7.68149471282959,7.680873870849609,-0.003493785858154297,-0.004114627838134766,1.1776989217960967,49.97747747747748,358.50271099764456,69.97747747747748,3.502710997644563
netherlands_2020110200_strong_2020,netherlands,strong_2020,precip_large_zwd,precip,tp_mswep,q850_box_mean_g_per_kg,per-timestep spatial mean,actual_vs_uniform_tp,12,dec_s1_pre_skip,low_near_gaussian,7.684988498687744,7.68149471282959,7.684410095214844,-0.003493785858154297,-0.0005784034729003906,0.16555206769482736,49.97747747747748,358.50271099764456,69.97747747747748,3.502710997644563
netherlands_2020110200_strong_2020,netherlands,strong_2020,precip_large_zwd,precip,tp_mswep,q850_box_mean_g_per_kg,per-timestep spatial mean,actual_vs_uniform_tp,12,dec_s1_pre_skip,remote_control,7.684988498687744,7.68149471282959,7.680723190307617,-0.003493785858154297,-0.004265308380126953,1.2208270779309403,49.97747747747748,358.50271099764456,69.97747747747748,3.502710997644563
netherlands_2020110200_strong_2020,netherlands,strong_2020,precip_large_zwd,precip,tp_mswep,q850_box_mean_g_per_kg,per-timestep spatial mean,actual_vs_uniform_tp,12,dec_s1_post_skip,whole,7.684988498687744,7.68149471282959,7.68346643447876,-0.003493785858154297,-0.001522064208984375,0.435648969564624,49.97747747747748,358.50271099764456,69.97747747747748,3.502710997644563
netherlands_2020110200_strong_2020,netherlands,strong_2020,precip_large_zwd,precip,tp_mswep,q850_box_mean_g_per_kg,per-timestep spatial mean,actual_vs_uniform_tp,12,dec_s1_post_skip,target_box,7.684988498687744,7.68149471282959,7.687430381774902,-0.003493785858154297,0.002441883087158203,-0.6989217960966289,49.97747747747748,358.50271099764456,69.97747747747748,3.502710997644563
netherlands_2020110200_strong_2020,netherlands,strong_2020,precip_large_zwd,precip,tp_mswep,q850_box_mean_g_per_kg,per-timestep spatial mean,actual_vs_uniform_tp,12,dec_s1_post_skip,mountain_near,7.684988498687744,7.68149471282959,7.684921741485596,-0.003493785858154297,-6.67572021484375e-05,0.019107410945816843,49.97747747747748,358.50271099764456,69.97747747747748,3.502710997644563
netherlands_2020110200_strong_2020,netherlands,strong_2020,precip_large_zwd,precip,tp_mswep,q850_box_mean_g_per_kg,per-timestep spatial mean,actual_vs_uniform_tp,12,dec_s1_post_skip,upstream,7.684988498687744,7.68149471282959,7.683685302734375,-0.003493785858154297,-0.0013031959533691406,0.3730039579636959,49.97747747747748,358.50271099764456,69.97747747747748,3.502710997644563
netherlands_2020110200_strong_2020,netherlands,strong_2020,precip_large_zwd,precip,tp_mswep,q850_box_mean_g_per_kg,per-timestep spatial mean,actual_vs_uniform_tp,12,dec_s1_post_skip,hotspot_gaussian,7.684988498687744,7.68149471282959,7.683108329772949,-0.003493785858154297,-0.0018801689147949219,0.5381465811382558,49.97747747747748,358.50271099764456,69.97747747747748,3.502710997644563
netherlands_2020110200_strong_2020,netherlands,strong_2020,precip_large_zwd,precip,tp_mswep,q850_box_mean_g_per_kg,per-timestep spatial mean,actual_vs_uniform_tp,12,dec_s1_post_skip,low_near_gaussian,7.684988498687744,7.68149471282959,7.684196472167969,-0.003493785858154297,-0.0007920265197753906,0.22669578272144125,49.97747747747748,358.50271099764456,69.97747747747748,3.502710997644563
netherlands_2020110200_strong_2020,netherlands,strong_2020,precip_large_zwd,precip,tp_mswep,q850_box_mean_g_per_kg,per-timestep spatial mean,actual_vs_uniform_tp,12,dec_s1_post_skip,remote_control,7.684988498687744,7.68149471282959,7.684212684631348,-0.003493785858154297,-0.0007758140563964844,0.22205541149174288,49.97747747747748,358.50271099764456,69.97747747747748,3.502710997644563
netherlands_2020110200_strong_2020,netherlands,strong_2020,precip_large_zwd,precip,tp_mswep,q850_box_mean_g_per_kg,per-timestep spatial mean,actual_vs_uniform_tp,12,dec_s2_pre_concat,whole,7.684988498687744,7.68149471282959,7.68346643447876,-0.003493785858154297,-0.001522064208984375,0.435648969564624,49.97747747747748,358.50271099764456,69.97747747747748,3.502710997644563
netherlands_2020110200_strong_2020,netherlands,strong_2020,precip_large_zwd,precip,tp_mswep,q850_box_mean_g_per_kg,per-timestep spatial mean,actual_vs_uniform_tp,12,dec_s2_pre_concat,target_box,7.684988498687744,7.68149471282959,7.687430381774902,-0.003493785858154297,0.002441883087158203,-0.6989217960966289,49.97747747747748,358.50271099764456,69.97747747747748,3.502710997644563
netherlands_2020110200_strong_2020,netherlands,strong_2020,precip_large_zwd,precip,tp_mswep,q850_box_mean_g_per_kg,per-timestep spatial mean,actual_vs_uniform_tp,12,dec_s2_pre_concat,mountain_near,7.684988498687744,7.68149471282959,7.684921741485596,-0.003493785858154297,-6.67572021484375e-05,0.019107410945816843,49.97747747747748,358.50271099764456,69.97747747747748,3.502710997644563
netherlands_2020110200_strong_2020,netherlands,strong_2020,precip_large_zwd,precip,tp_mswep,q850_box_mean_g_per_kg,per-timestep spatial mean,actual_vs_uniform_tp,12,dec_s2_pre_concat,upstream,7.684988498687744,7.68149471282959,7.683685302734375,-0.003493785858154297,-0.0013031959533691406,0.3730039579636959,49.97747747747748,358.50271099764456,69.97747747747748,3.502710997644563
netherlands_2020110200_strong_2020,netherlands,strong_2020,precip_large_zwd,precip,tp_mswep,q850_box_mean_g_per_kg,per-timestep spatial mean,actual_vs_uniform_tp,12,dec_s2_pre_concat,hotspot_gaussian,7.684988498687744,7.68149471282959,7.683108329772949,-0.003493785858154297,-0.0018801689147949219,0.5381465811382558,49.97747747747748,358.50271099764456,69.97747747747748,3.502710997644563
netherlands_2020110200_strong_2020,netherlands,strong_2020,precip_large_zwd,precip,tp_mswep,q850_box_mean_g_per_kg,per-timestep spatial mean,actual_vs_uniform_tp,12,dec_s2_pre_concat,low_near_gaussian,7.684988498687744,7.68149471282959,7.684196472167969,-0.003493785858154297,-0.0007920265197753906,0.22669578272144125,49.97747747747748,358.50271099764456,69.97747747747748,3.502710997644563
netherlands_2020110200_strong_2020,netherlands,strong_2020,precip_large_zwd,precip,tp_mswep,q850_box_mean_g_per_kg,per-timestep spatial mean,actual_vs_uniform_tp,12,dec_s2_pre_concat,remote_control,7.684988498687744,7.68149471282959,7.684212684631348,-0.003493785858154297,-0.0007758140563964844,0.22205541149174288,49.97747747747748,358.50271099764456,69.97747747747748,3.502710997644563
netherlands_2020110200_strong_2020,netherlands,strong_2020,precip_large_zwd,precip,tp_mswep,q850_box_mean_g_per_kg,per-timestep spatial mean,actual_vs_uniform_tp,12,dec_s2_post_concat,whole,7.684988498687744,7.68149471282959,7.680302619934082,-0.003493785858154297,-0.004685878753662109,1.3412037668895864,49.97747747747748,358.50271099764456,69.97747747747748,3.502710997644563
netherlands_2020110200_strong_2020,netherlands,strong_2020,precip_large_zwd,precip,tp_mswep,q850_box_mean_g_per_kg,per-timestep spatial mean,actual_vs_uniform_tp,12,dec_s2_post_concat,target_box,7.684988498687744,7.68149471282959,7.687272548675537,-0.003493785858154297,0.0022840499877929688,-0.6537464173604477,49.97747747747748,358.50271099764456,69.97747747747748,3.502710997644563
netherlands_2020110200_strong_2020,netherlands,strong_2020,precip_large_zwd,precip,tp_mswep,q850_box_mean_g_per_kg,per-timestep spatial mean,actual_vs_uniform_tp,12,dec_s2_post_concat,mountain_near,7.684988498687744,7.68149471282959,7.682855606079102,-0.003493785858154297,-0.002132892608642578,0.6104817797188481,49.97747747747748,358.50271099764456,69.97747747747748,3.502710997644563
netherlands_2020110200_strong_2020,netherlands,strong_2020,precip_large_zwd,precip,tp_mswep,q850_box_mean_g_per_kg,per-timestep spatial mean,actual_vs_uniform_tp,12,dec_s2_post_concat,upstream,7.684988498687744,7.68149471282959,7.682114124298096,-0.003493785858154297,-0.0028743743896484375,0.8227105227241709,49.97747747747748,358.50271099764456,69.97747747747748,3.502710997644563
netherlands_2020110200_strong_2020,netherlands,strong_2020,precip_large_zwd,precip,tp_mswep,q850_box_mean_g_per_kg,per-timestep spatial mean,actual_vs_uniform_tp,12,dec_s2_post_concat,hotspot_gaussian,7.684988498687744,7.68149471282959,7.683908939361572,-0.003493785858154297,-0.001079559326171875,0.3089941312952095,49.97747747747748,358.50271099764456,69.97747747747748,3.502710997644563
netherlands_2020110200_strong_2020,netherlands,strong_2020,precip_large_zwd,precip,tp_mswep,q850_box_mean_g_per_kg,per-timestep spatial mean,actual_vs_uniform_tp,12,dec_s2_post_concat,low_near_gaussian,7.684988498687744,7.68149471282959,7.681084156036377,-0.003493785858154297,-0.0039043426513671875,1.1175105773167735,49.97747747747748,358.50271099764456,69.97747747747748,3.502710997644563
netherlands_2020110200_strong_2020,netherlands,strong_2020,precip_large_zwd,precip,tp_mswep,q850_box_mean_g_per_kg,per-timestep spatial mean,actual_vs_uniform_tp,12,dec_s2_post_concat,remote_control,7.684988498687744,7.68149471282959,7.683386325836182,-0.003493785858154297,-0.0016021728515625,0.4585778626996042,49.97747747747748,358.50271099764456,69.97747747747748,3.502710997644563
netherlands_2020110200_strong_2020,netherlands,strong_2020,precip_large_zwd,precip,tp_mswep,q850_box_mean_g_per_kg,per-timestep spatial mean,actual_vs_uniform_tp,24,enc_s0_skip,whole,2.5259437561035156,2.5265369415283203,2.5249853134155273,0.0005931854248046875,-0.0009584426879882812,-1.6157556270096463,49.97747747747748,358.50271099764456,69.97747747747748,3.502710997644563
netherlands_2020110200_strong_2020,netherlands,strong_2020,precip_large_zwd,precip,tp_mswep,q850_box_mean_g_per_kg,per-timestep spatial mean,actual_vs_uniform_tp,24,enc_s0_skip,target_box,2.5259437561035156,2.5265369415283203,2.5314278602600098,0.0005931854248046875,0.005484104156494141,9.245176848874598,49.97747747747748,358.50271099764456,69.97747747747748,3.502710997644563
netherlands_2020110200_strong_2020,netherlands,strong_2020,precip_large_zwd,precip,tp_mswep,q850_box_mean_g_per_kg,per-timestep spatial mean,actual_vs_uniform_tp,24,enc_s0_skip,mountain_near,2.5259437561035156,2.5265369415283203,2.5249698162078857,0.0005931854248046875,-0.0009739398956298828,-1.6418810289389068,49.97747747747748,358.50271099764456,69.97747747747748,3.502710997644563
netherlands_2020110200_strong_2020,netherlands,strong_2020,precip_large_zwd,precip,tp_mswep,q850_box_mean_g_per_kg,per-timestep spatial mean,actual_vs_uniform_tp,24,enc_s0_skip,upstream,2.5259437561035156,2.5265369415283203,2.529900550842285,0.0005931854248046875,0.003956794738769531,6.670418006430868,49.97747747747748,358.50271099764456,69.97747747747748,3.502710997644563
netherlands_2020110200_strong_2020,netherlands,strong_2020,precip_large_zwd,precip,tp_mswep,q850_box_mean_g_per_kg,per-timestep spatial mean,actual_vs_uniform_tp,24,enc_s0_skip,hotspot_gaussian,2.5259437561035156,2.5265369415283203,2.5289461612701416,0.0005931854248046875,0.0030024051666259766,5.061495176848875,49.97747747747748,358.50271099764456,69.97747747747748,3.502710997644563
netherlands_2020110200_strong_2020,netherlands,strong_2020,precip_large_zwd,precip,tp_mswep,q850_box_mean_g_per_kg,per-timestep spatial mean,actual_vs_uniform_tp,24,enc_s0_skip,low_near_gaussian,2.5259437561035156,2.5265369415283203,2.531702756881714,0.0005931854248046875,0.005759000778198242,9.708601286173634,49.97747747747748,358.50271099764456,69.97747747747748,3.502710997644563
netherlands_2020110200_strong_2020,netherlands,strong_2020,precip_large_zwd,precip,tp_mswep,q850_box_mean_g_per_kg,per-timestep spatial mean,actual_vs_uniform_tp,24,enc_s0_skip,remote_control,2.5259437561035156,2.5265369415283203,2.530346155166626,0.0005931854248046875,0.0044023990631103516,7.421623794212219,49.97747747747748,358.50271099764456,69.97747747747748,3.502710997644563
netherlands_2020110200_strong_2020,netherlands,strong_2020,precip_large_zwd,precip,tp_mswep,q850_box_mean_g_per_kg,per-timestep spatial mean,actual_vs_uniform_tp,24,enc_s1_skip,whole,2.5259437561035156,2.5265369415283203,2.5259437561035156,0.0005931854248046875,0.0,0.0,49.97747747747748,358.50271099764456,69.97747747747748,3.502710997644563
netherlands_2020110200_strong_2020,netherlands,strong_2020,precip_large_zwd,precip,tp_mswep,q850_box_mean_g_per_kg,per-timestep spatial mean,actual_vs_uniform_tp,24,enc_s1_skip,target_box,2.5259437561035156,2.5265369415283203,2.5259437561035156,0.0005931854248046875,0.0,0.0,49.97747747747748,358.50271099764456,69.97747747747748,3.502710997644563
netherlands_2020110200_strong_2020,netherlands,strong_2020,precip_large_zwd,precip,tp_mswep,q850_box_mean_g_per_kg,per-timestep spatial mean,actual_vs_uniform_tp,24,enc_s1_skip,mountain_near,2.5259437561035156,2.5265369415283203,2.5259437561035156,0.0005931854248046875,0.0,0.0,49.97747747747748,358.50271099764456,69.97747747747748,3.502710997644563
netherlands_2020110200_strong_2020,netherlands,strong_2020,precip_large_zwd,precip,tp_mswep,q850_box_mean_g_per_kg,per-timestep spatial mean,actual_vs_uniform_tp,24,enc_s1_skip,upstream,2.5259437561035156,2.5265369415283203,2.5259437561035156,0.0005931854248046875,0.0,0.0,49.97747747747748,358.50271099764456,69.97747747747748,3.502710997644563
netherlands_2020110200_strong_2020,netherlands,strong_2020,precip_large_zwd,precip,tp_mswep,q850_box_mean_g_per_kg,per-timestep spatial mean,actual_vs_uniform_tp,24,enc_s1_skip,hotspot_gaussian,2.5259437561035156,2.5265369415283203,2.5259437561035156,0.0005931854248046875,0.0,0.0,49.97747747747748,358.50271099764456,69.97747747747748,3.502710997644563
netherlands_2020110200_strong_2020,netherlands,strong_2020,precip_large_zwd,precip,tp_mswep,q850_box_mean_g_per_kg,per-timestep spatial mean,actual_vs_uniform_tp,24,enc_s1_skip,low_near_gaussian,2.5259437561035156,2.5265369415283203,2.5259437561035156,0.0005931854248046875,0.0,0.0,49.97747747747748,358.50271099764456,69.97747747747748,3.502710997644563
netherlands_2020110200_strong_2020,netherlands,strong_2020,precip_large_zwd,precip,tp_mswep,q850_box_mean_g_per_kg,per-timestep spatial mean,actual_vs_uniform_tp,24,enc_s1_skip,remote_control,2.5259437561035156,2.5265369415283203,2.5259437561035156,0.0005931854248046875,0.0,0.0,49.97747747747748,358.50271099764456,69.97747747747748,3.502710997644563
netherlands_2020110200_strong_2020,netherlands,strong_2020,precip_large_zwd,precip,tp_mswep,q850_box_mean_g_per_kg,per-timestep spatial mean,actual_vs_uniform_tp,24,enc_s2_bottleneck,whole,2.5259437561035156,2.5265369415283203,2.527958631515503,0.0005931854248046875,0.0020148754119873047,3.3967041800643085,49.97747747747748,358.50271099764456,69.97747747747748,3.502710997644563
netherlands_2020110200_strong_2020,netherlands,strong_2020,precip_large_zwd,precip,tp_mswep,q850_box_mean_g_per_kg,per-timestep spatial mean,actual_vs_uniform_tp,24,enc_s2_bottleneck,target_box,2.5259437561035156,2.5265369415283203,2.530658006668091,0.0005931854248046875,0.004714250564575195,7.947347266881029,49.97747747747748,358.50271099764456,69.97747747747748,3.502710997644563
netherlands_2020110200_strong_2020,netherlands,strong_2020,precip_large_zwd,precip,tp_mswep,q850_box_mean_g_per_kg,per-timestep spatial mean,actual_vs_uniform_tp,24,enc_s2_bottleneck,mountain_near,2.5259437561035156,2.5265369415283203,2.526559352874756,0.0005931854248046875,0.0006155967712402344,1.037781350482315,49.97747747747748,358.50271099764456,69.97747747747748,3.502710997644563
netherlands_2020110200_strong_2020,netherlands,strong_2020,precip_large_zwd,precip,tp_mswep,q850_box_mean_g_per_kg,per-timestep spatial mean,actual_vs_uniform_tp,24,enc_s2_bottleneck,upstream,2.5259437561035156,2.5265369415283203,2.521667242050171,0.0005931854248046875,-0.0042765140533447266,-7.209405144694534,49.97747747747748,358.50271099764456,69.97747747747748,3.502710997644563
netherlands_2020110200_strong_2020,netherlands,strong_2020,precip_large_zwd,precip,tp_mswep,q850_box_mean_g_per_kg,per-timestep spatial mean,actual_vs_uniform_tp,24,enc_s2_bottleneck,hotspot_gaussian,2.5259437561035156,2.5265369415283203,2.5249581336975098,0.0005931854248046875,-0.0009856224060058594,-1.6615755627009647,49.97747747747748,358.50271099764456,69.97747747747748,3.502710997644563
netherlands_2020110200_strong_2020,netherlands,strong_2020,precip_large_zwd,precip,tp_mswep,q850_box_mean_g_per_kg,per-timestep spatial mean,actual_vs_uniform_tp,24,enc_s2_bottleneck,low_near_gaussian,2.5259437561035156,2.5265369415283203,2.5289039611816406,0.0005931854248046875,0.002960205078125,4.990353697749196,49.97747747747748,358.50271099764456,69.97747747747748,3.502710997644563
netherlands_2020110200_strong_2020,netherlands,strong_2020,precip_large_zwd,precip,tp_mswep,q850_box_mean_g_per_kg,per-timestep spatial mean,actual_vs_uniform_tp,24,enc_s2_bottleneck,remote_control,2.5259437561035156,2.5265369415283203,2.5255682468414307,0.0005931854248046875,-0.00037550926208496094,-0.6330385852090032,49.97747747747748,358.50271099764456,69.97747747747748,3.502710997644563
netherlands_2020110200_strong_2020,netherlands,strong_2020,precip_large_zwd,precip,tp_mswep,q850_box_mean_g_per_kg,per-timestep spatial mean,actual_vs_uniform_tp,24,dec_s0_pre_skip,whole,2.5259437561035156,2.5265369415283203,2.527958631515503,0.0005931854248046875,0.0020148754119873047,3.3967041800643085,49.97747747747748,358.50271099764456,69.97747747747748,3.502710997644563
netherlands_2020110200_strong_2020,netherlands,strong_2020,precip_large_zwd,precip,tp_mswep,q850_box_mean_g_per_kg,per-timestep spatial mean,actual_vs_uniform_tp,24,dec_s0_pre_skip,target_box,2.5259437561035156,2.5265369415283203,2.530658006668091,0.0005931854248046875,0.004714250564575195,7.947347266881029,49.97747747747748,358.50271099764456,69.97747747747748,3.502710997644563
netherlands_2020110200_strong_2020,netherlands,strong_2020,precip_large_zwd,precip,tp_mswep,q850_box_mean_g_per_kg,per-timestep spatial mean,actual_vs_uniform_tp,24,dec_s0_pre_skip,mountain_near,2.5259437561035156,2.5265369415283203,2.526559352874756,0.0005931854248046875,0.0006155967712402344,1.037781350482315,49.97747747747748,358.50271099764456,69.97747747747748,3.502710997644563
netherlands_2020110200_strong_2020,netherlands,strong_2020,precip_large_zwd,precip,tp_mswep,q850_box_mean_g_per_kg,per-timestep spatial mean,actual_vs_uniform_tp,24,dec_s0_pre_skip,upstream,2.5259437561035156,2.5265369415283203,2.521667242050171,0.0005931854248046875,-0.0042765140533447266,-7.209405144694534,49.97747747747748,358.50271099764456,69.97747747747748,3.502710997644563
netherlands_2020110200_strong_2020,netherlands,strong_2020,precip_large_zwd,precip,tp_mswep,q850_box_mean_g_per_kg,per-timestep spatial mean,actual_vs_uniform_tp,24,dec_s0_pre_skip,hotspot_gaussian,2.5259437561035156,2.5265369415283203,2.5249581336975098,0.0005931854248046875,-0.0009856224060058594,-1.6615755627009647,49.97747747747748,358.50271099764456,69.97747747747748,3.502710997644563
netherlands_2020110200_strong_2020,netherlands,strong_2020,precip_large_zwd,precip,tp_mswep,q850_box_mean_g_per_kg,per-timestep spatial mean,actual_vs_uniform_tp,24,dec_s0_pre_skip,low_near_gaussian,2.5259437561035156,2.5265369415283203,2.5289039611816406,0.0005931854248046875,0.002960205078125,4.990353697749196,49.97747747747748,358.50271099764456,69.97747747747748,3.502710997644563
netherlands_2020110200_strong_2020,netherlands,strong_2020,precip_large_zwd,precip,tp_mswep,q850_box_mean_g_per_kg,per-timestep spatial mean,actual_vs_uniform_tp,24,dec_s0_pre_skip,remote_control,2.5259437561035156,2.5265369415283203,2.5255682468414307,0.0005931854248046875,-0.00037550926208496094,-0.6330385852090032,49.97747747747748,358.50271099764456,69.97747747747748,3.502710997644563
netherlands_2020110200_strong_2020,netherlands,strong_2020,precip_large_zwd,precip,tp_mswep,q850_box_mean_g_per_kg,per-timestep spatial mean,actual_vs_uniform_tp,24,dec_s1_pre_skip,whole,2.5259437561035156,2.5265369415283203,2.5239429473876953,0.0005931854248046875,-0.0020008087158203125,-3.372990353697749,49.97747747747748,358.50271099764456,69.97747747747748,3.502710997644563
netherlands_2020110200_strong_2020,netherlands,strong_2020,precip_large_zwd,precip,tp_mswep,q850_box_mean_g_per_kg,per-timestep spatial mean,actual_vs_uniform_tp,24,dec_s1_pre_skip,target_box,2.5259437561035156,2.5265369415283203,2.5266332626342773,0.0005931854248046875,0.0006895065307617188,1.162379421221865,49.97747747747748,358.50271099764456,69.97747747747748,3.502710997644563
netherlands_2020110200_strong_2020,netherlands,strong_2020,precip_large_zwd,precip,tp_mswep,q850_box_mean_g_per_kg,per-timestep spatial mean,actual_vs_uniform_tp,24,dec_s1_pre_skip,mountain_near,2.5259437561035156,2.5265369415283203,2.5258753299713135,0.0005931854248046875,-6.842613220214844e-05,-0.11535369774919614,49.97747747747748,358.50271099764456,69.97747747747748,3.502710997644563
netherlands_2020110200_strong_2020,netherlands,strong_2020,precip_large_zwd,precip,tp_mswep,q850_box_mean_g_per_kg,per-timestep spatial mean,actual_vs_uniform_tp,24,dec_s1_pre_skip,upstream,2.5259437561035156,2.5265369415283203,2.5256028175354004,0.0005931854248046875,-0.0003409385681152344,-0.5747588424437299,49.97747747747748,358.50271099764456,69.97747747747748,3.502710997644563
netherlands_2020110200_strong_2020,netherlands,strong_2020,precip_large_zwd,precip,tp_mswep,q850_box_mean_g_per_kg,per-timestep spatial mean,actual_vs_uniform_tp,24,dec_s1_pre_skip,hotspot_gaussian,2.5259437561035156,2.5265369415283203,2.5269811153411865,0.0005931854248046875,0.0010373592376708984,1.7487942122186495,49.97747747747748,358.50271099764456,69.97747747747748,3.502710997644563
netherlands_2020110200_strong_2020,netherlands,strong_2020,precip_large_zwd,precip,tp_mswep,q850_box_mean_g_per_kg,per-timestep spatial mean,actual_vs_uniform_tp,24,dec_s1_pre_skip,low_near_gaussian,2.5259437561035156,2.5265369415283203,2.524224281311035,0.0005931854248046875,-0.0017194747924804688,-2.8987138263665595,49.97747747747748,358.50271099764456,69.97747747747748,3.502710997644563
netherlands_2020110200_strong_2020,netherlands,strong_2020,precip_large_zwd,precip,tp_mswep,q850_box_mean_g_per_kg,per-timestep spatial mean,actual_vs_uniform_tp,24,dec_s1_pre_skip,remote_control,2.5259437561035156,2.5265369415283203,2.522123098373413,0.0005931854248046875,-0.003820657730102539,-6.440916398713826,49.97747747747748,358.50271099764456,69.97747747747748,3.502710997644563
netherlands_2020110200_strong_2020,netherlands,strong_2020,precip_large_zwd,precip,tp_mswep,q850_box_mean_g_per_kg,per-timestep spatial mean,actual_vs_uniform_tp,24,dec_s1_post_skip,whole,2.5259437561035156,2.5265369415283203,2.5268471240997314,0.0005931854248046875,0.0009033679962158203,1.5229099678456592,49.97747747747748,358.50271099764456,69.97747747747748,3.502710997644563
netherlands_2020110200_strong_2020,netherlands,strong_2020,precip_large_zwd,precip,tp_mswep,q850_box_mean_g_per_kg,per-timestep spatial mean,actual_vs_uniform_tp,24,dec_s1_post_skip,target_box,2.5259437561035156,2.5265369415283203,2.5281968116760254,0.0005931854248046875,0.0022530555725097656,3.7982315112540195,49.97747747747748,358.50271099764456,69.97747747747748,3.502710997644563
netherlands_2020110200_strong_2020,netherlands,strong_2020,precip_large_zwd,precip,tp_mswep,q850_box_mean_g_per_kg,per-timestep spatial mean,actual_vs_uniform_tp,24,dec_s1_post_skip,mountain_near,2.5259437561035156,2.5265369415283203,2.530000925064087,0.0005931854248046875,0.004057168960571289,6.839630225080386,49.97747747747748,358.50271099764456,69.97747747747748,3.502710997644563
netherlands_2020110200_strong_2020,netherlands,strong_2020,precip_large_zwd,precip,tp_mswep,q850_box_mean_g_per_kg,per-timestep spatial mean,actual_vs_uniform_tp,24,dec_s1_post_skip,upstream,2.5259437561035156,2.5265369415283203,2.524759531021118,0.0005931854248046875,-0.001184225082397461,-1.9963826366559485,49.97747747747748,358.50271099764456,69.97747747747748,3.502710997644563
netherlands_2020110200_strong_2020,netherlands,strong_2020,precip_large_zwd,precip,tp_mswep,q850_box_mean_g_per_kg,per-timestep spatial mean,actual_vs_uniform_tp,24,dec_s1_post_skip,hotspot_gaussian,2.5259437561035156,2.5265369415283203,2.526628017425537,0.0005931854248046875,0.0006842613220214844,1.1535369774919615,49.97747747747748,358.50271099764456,69.97747747747748,3.502710997644563
netherlands_2020110200_strong_2020,netherlands,strong_2020,precip_large_zwd,precip,tp_mswep,q850_box_mean_g_per_kg,per-timestep spatial mean,actual_vs_uniform_tp,24,dec_s1_post_skip,low_near_gaussian,2.5259437561035156,2.5265369415283203,2.5284554958343506,0.0005931854248046875,0.002511739730834961,4.234324758842444,49.97747747747748,358.50271099764456,69.97747747747748,3.502710997644563
netherlands_2020110200_strong_2020,netherlands,strong_2020,precip_large_zwd,precip,tp_mswep,q850_box_mean_g_per_kg,per-timestep spatial mean,actual_vs_uniform_tp,24,dec_s1_post_skip,remote_control,2.5259437561035156,2.5265369415283203,2.527487277984619,0.0005931854248046875,0.0015435218811035156,2.602090032154341,49.97747747747748,358.50271099764456,69.97747747747748,3.502710997644563
netherlands_2020110200_strong_2020,netherlands,strong_2020,precip_large_zwd,precip,tp_mswep,q850_box_mean_g_per_kg,per-timestep spatial mean,actual_vs_uniform_tp,24,dec_s2_pre_concat,whole,2.5259437561035156,2.5265369415283203,2.5268471240997314,0.0005931854248046875,0.0009033679962158203,1.5229099678456592,49.97747747747748,358.50271099764456,69.97747747747748,3.502710997644563
netherlands_2020110200_strong_2020,netherlands,strong_2020,precip_large_zwd,precip,tp_mswep,q850_box_mean_g_per_kg,per-timestep spatial mean,actual_vs_uniform_tp,24,dec_s2_pre_concat,target_box,2.5259437561035156,2.5265369415283203,2.5281968116760254,0.0005931854248046875,0.0022530555725097656,3.7982315112540195,49.97747747747748,358.50271099764456,69.97747747747748,3.502710997644563
netherlands_2020110200_strong_2020,netherlands,strong_2020,precip_large_zwd,precip,tp_mswep,q850_box_mean_g_per_kg,per-timestep spatial mean,actual_vs_uniform_tp,24,dec_s2_pre_concat,mountain_near,2.5259437561035156,2.5265369415283203,2.530000925064087,0.0005931854248046875,0.004057168960571289,6.839630225080386,49.97747747747748,358.50271099764456,69.97747747747748,3.502710997644563
netherlands_2020110200_strong_2020,netherlands,strong_2020,precip_large_zwd,precip,tp_mswep,q850_box_mean_g_per_kg,per-timestep spatial mean,actual_vs_uniform_tp,24,dec_s2_pre_concat,upstream,2.5259437561035156,2.5265369415283203,2.524759531021118,0.0005931854248046875,-0.001184225082397461,-1.9963826366559485,49.97747747747748,358.50271099764456,69.97747747747748,3.502710997644563
netherlands_2020110200_strong_2020,netherlands,strong_2020,precip_large_zwd,precip,tp_mswep,q850_box_mean_g_per_kg,per-timestep spatial mean,actual_vs_uniform_tp,24,dec_s2_pre_concat,hotspot_gaussian,2.5259437561035156,2.5265369415283203,2.526628017425537,0.0005931854248046875,0.0006842613220214844,1.1535369774919615,49.97747747747748,358.50271099764456,69.97747747747748,3.502710997644563
netherlands_2020110200_strong_2020,netherlands,strong_2020,precip_large_zwd,precip,tp_mswep,q850_box_mean_g_per_kg,per-timestep spatial mean,actual_vs_uniform_tp,24,dec_s2_pre_concat,low_near_gaussian,2.5259437561035156,2.5265369415283203,2.5284554958343506,0.0005931854248046875,0.002511739730834961,4.234324758842444,49.97747747747748,358.50271099764456,69.97747747747748,3.502710997644563
netherlands_2020110200_strong_2020,netherlands,strong_2020,precip_large_zwd,precip,tp_mswep,q850_box_mean_g_per_kg,per-timestep spatial mean,actual_vs_uniform_tp,24,dec_s2_pre_concat,remote_control,2.5259437561035156,2.5265369415283203,2.527487277984619,0.0005931854248046875,0.0015435218811035156,2.602090032154341,49.97747747747748,358.50271099764456,69.97747747747748,3.502710997644563
netherlands_2020110200_strong_2020,netherlands,strong_2020,precip_large_zwd,precip,tp_mswep,q850_box_mean_g_per_kg,per-timestep spatial mean,actual_vs_uniform_tp,24,dec_s2_post_concat,whole,2.5259437561035156,2.5265369415283203,2.5248754024505615,0.0005931854248046875,-0.0010683536529541016,-1.8010450160771705,49.97747747747748,358.50271099764456,69.97747747747748,3.502710997644563
netherlands_2020110200_strong_2020,netherlands,strong_2020,precip_large_zwd,precip,tp_mswep,q850_box_mean_g_per_kg,per-timestep spatial mean,actual_vs_uniform_tp,24,dec_s2_post_concat,target_box,2.5259437561035156,2.5265369415283203,2.529250383377075,0.0005931854248046875,0.0033066272735595703,5.57435691318328,49.97747747747748,358.50271099764456,69.97747747747748,3.502710997644563
netherlands_2020110200_strong_2020,netherlands,strong_2020,precip_large_zwd,precip,tp_mswep,q850_box_mean_g_per_kg,per-timestep spatial mean,actual_vs_uniform_tp,24,dec_s2_post_concat,mountain_near,2.5259437561035156,2.5265369415283203,2.52490234375,0.0005931854248046875,-0.001041412353515625,-1.7556270096463023,49.97747747747748,358.50271099764456,69.97747747747748,3.502710997644563
netherlands_2020110200_strong_2020,netherlands,strong_2020,precip_large_zwd,precip,tp_mswep,q850_box_mean_g_per_kg,per-timestep spatial mean,actual_vs_uniform_tp,24,dec_s2_post_concat,upstream,2.5259437561035156,2.5265369415283203,2.5260770320892334,0.0005931854248046875,0.00013327598571777344,0.22467845659163987,49.97747747747748,358.50271099764456,69.97747747747748,3.502710997644563
netherlands_2020110200_strong_2020,netherlands,strong_2020,precip_large_zwd,precip,tp_mswep,q850_box_mean_g_per_kg,per-timestep spatial mean,actual_vs_uniform_tp,24,dec_s2_post_concat,hotspot_gaussian,2.5259437561035156,2.5265369415283203,2.526484727859497,0.0005931854248046875,0.0005409717559814453,0.9119774919614148,49.97747747747748,358.50271099764456,69.97747747747748,3.502710997644563
netherlands_2020110200_strong_2020,netherlands,strong_2020,precip_large_zwd,precip,tp_mswep,q850_box_mean_g_per_kg,per-timestep spatial mean,actual_vs_uniform_tp,24,dec_s2_post_concat,low_near_gaussian,2.5259437561035156,2.5265369415283203,2.5205512046813965,0.0005931854248046875,-0.005392551422119141,-9.090836012861736,49.97747747747748,358.50271099764456,69.97747747747748,3.502710997644563
netherlands_2020110200_strong_2020,netherlands,strong_2020,precip_large_zwd,precip,tp_mswep,q850_box_mean_g_per_kg,per-timestep spatial mean,actual_vs_uniform_tp,24,dec_s2_post_concat,remote_control,2.5259437561035156,2.5265369415283203,2.532841920852661,0.0005931854248046875,0.006898164749145508,11.629019292604502,49.97747747747748,358.50271099764456,69.97747747747748,3.502710997644563
