case_id,target,role,model_key,variable,input_name,target_metric,baseline,contrast,lead_h,patch_site,patch_region,score_base,score_source,score_patched,delta_source_minus_base,delta_patched_minus_base,recovery,hotspot_lat,hotspot_lon,low_near_lat,low_near_lon
andes_2020012000_top06_2020,andes,top06_2020,precip_large_zwd,zwd,zwd,q850_box_mean_g_per_kg,per-timestep spatial mean,actual_vs_uniform_zwd,6,enc_s0_skip,whole,9.507187843322754,9.511701583862305,9.584962844848633,0.004513740539550781,0.0777750015258789,17.230720473272765,-30.02252252252252,288.04529172445586,-50.02252252252252,288.04529172445586
andes_2020012000_top06_2020,andes,top06_2020,precip_large_zwd,zwd,zwd,q850_box_mean_g_per_kg,per-timestep spatial mean,actual_vs_uniform_zwd,6,enc_s0_skip,target_box,9.507187843322754,9.511701583862305,9.5177001953125,0.004513740539550781,0.010512351989746094,2.328966828649905,-30.02252252252252,288.04529172445586,-50.02252252252252,288.04529172445586
andes_2020012000_top06_2020,andes,top06_2020,precip_large_zwd,zwd,zwd,q850_box_mean_g_per_kg,per-timestep spatial mean,actual_vs_uniform_zwd,6,enc_s0_skip,mountain_near,9.507187843322754,9.511701583862305,9.497800827026367,0.004513740539550781,-0.009387016296386719,-2.0796534967251215,-30.02252252252252,288.04529172445586,-50.02252252252252,288.04529172445586
andes_2020012000_top06_2020,andes,top06_2020,precip_large_zwd,zwd,zwd,q850_box_mean_g_per_kg,per-timestep spatial mean,actual_vs_uniform_zwd,6,enc_s0_skip,upstream,9.507187843322754,9.511701583862305,9.53906536102295,0.004513740539550781,0.03187751770019531,7.0623283329811954,-30.02252252252252,288.04529172445586,-50.02252252252252,288.04529172445586
andes_2020012000_top06_2020,andes,top06_2020,precip_large_zwd,zwd,zwd,q850_box_mean_g_per_kg,per-timestep spatial mean,actual_vs_uniform_zwd,6,enc_s0_skip,hotspot_gaussian,9.507187843322754,9.511701583862305,9.54688549041748,0.004513740539550781,0.03969764709472656,8.794844707373759,-30.02252252252252,288.04529172445586,-50.02252252252252,288.04529172445586
andes_2020012000_top06_2020,andes,top06_2020,precip_large_zwd,zwd,zwd,q850_box_mean_g_per_kg,per-timestep spatial mean,actual_vs_uniform_zwd,6,enc_s0_skip,low_near_gaussian,9.507187843322754,9.511701583862305,9.508086204528809,0.004513740539550781,0.0008983612060546875,0.19902810057046272,-30.02252252252252,288.04529172445586,-50.02252252252252,288.04529172445586
andes_2020012000_top06_2020,andes,top06_2020,precip_large_zwd,zwd,zwd,q850_box_mean_g_per_kg,per-timestep spatial mean,actual_vs_uniform_zwd,6,enc_s0_skip,remote_control,9.507187843322754,9.511701583862305,9.50699234008789,0.004513740539550781,-0.00019550323486328125,-0.04331290935981407,-30.02252252252252,288.04529172445586,-50.02252252252252,288.04529172445586
andes_2020012000_top06_2020,andes,top06_2020,precip_large_zwd,zwd,zwd,q850_box_mean_g_per_kg,per-timestep spatial mean,actual_vs_uniform_zwd,6,enc_s1_skip,whole,9.507187843322754,9.511701583862305,9.507187843322754,0.004513740539550781,0.0,0.0,-30.02252252252252,288.04529172445586,-50.02252252252252,288.04529172445586
andes_2020012000_top06_2020,andes,top06_2020,precip_large_zwd,zwd,zwd,q850_box_mean_g_per_kg,per-timestep spatial mean,actual_vs_uniform_zwd,6,enc_s1_skip,target_box,9.507187843322754,9.511701583862305,9.507187843322754,0.004513740539550781,0.0,0.0,-30.02252252252252,288.04529172445586,-50.02252252252252,288.04529172445586
andes_2020012000_top06_2020,andes,top06_2020,precip_large_zwd,zwd,zwd,q850_box_mean_g_per_kg,per-timestep spatial mean,actual_vs_uniform_zwd,6,enc_s1_skip,mountain_near,9.507187843322754,9.511701583862305,9.507187843322754,0.004513740539550781,0.0,0.0,-30.02252252252252,288.04529172445586,-50.02252252252252,288.04529172445586
andes_2020012000_top06_2020,andes,top06_2020,precip_large_zwd,zwd,zwd,q850_box_mean_g_per_kg,per-timestep spatial mean,actual_vs_uniform_zwd,6,enc_s1_skip,upstream,9.507187843322754,9.511701583862305,9.507187843322754,0.004513740539550781,0.0,0.0,-30.02252252252252,288.04529172445586,-50.02252252252252,288.04529172445586
andes_2020012000_top06_2020,andes,top06_2020,precip_large_zwd,zwd,zwd,q850_box_mean_g_per_kg,per-timestep spatial mean,actual_vs_uniform_zwd,6,enc_s1_skip,hotspot_gaussian,9.507187843322754,9.511701583862305,9.507187843322754,0.004513740539550781,0.0,0.0,-30.02252252252252,288.04529172445586,-50.02252252252252,288.04529172445586
andes_2020012000_top06_2020,andes,top06_2020,precip_large_zwd,zwd,zwd,q850_box_mean_g_per_kg,per-timestep spatial mean,actual_vs_uniform_zwd,6,enc_s1_skip,low_near_gaussian,9.507187843322754,9.511701583862305,9.507187843322754,0.004513740539550781,0.0,0.0,-30.02252252252252,288.04529172445586,-50.02252252252252,288.04529172445586
andes_2020012000_top06_2020,andes,top06_2020,precip_large_zwd,zwd,zwd,q850_box_mean_g_per_kg,per-timestep spatial mean,actual_vs_uniform_zwd,6,enc_s1_skip,remote_control,9.507187843322754,9.511701583862305,9.507187843322754,0.004513740539550781,0.0,0.0,-30.02252252252252,288.04529172445586,-50.02252252252252,288.04529172445586
andes_2020012000_top06_2020,andes,top06_2020,precip_large_zwd,zwd,zwd,q850_box_mean_g_per_kg,per-timestep spatial mean,actual_vs_uniform_zwd,6,enc_s2_bottleneck,whole,9.507187843322754,9.511701583862305,9.43445110321045,0.004513740539550781,-0.07273674011230469,-16.114515106697656,-30.02252252252252,288.04529172445586,-50.02252252252252,288.04529172445586
andes_2020012000_top06_2020,andes,top06_2020,precip_large_zwd,zwd,zwd,q850_box_mean_g_per_kg,per-timestep spatial mean,actual_vs_uniform_zwd,6,enc_s2_bottleneck,target_box,9.507187843322754,9.511701583862305,9.521283149719238,0.004513740539550781,0.014095306396484375,3.1227551236002538,-30.02252252252252,288.04529172445586,-50.02252252252252,288.04529172445586
andes_2020012000_top06_2020,andes,top06_2020,precip_large_zwd,zwd,zwd,q850_box_mean_g_per_kg,per-timestep spatial mean,actual_vs_uniform_zwd,6,enc_s2_bottleneck,mountain_near,9.507187843322754,9.511701583862305,9.511480331420898,0.004513740539550781,0.004292488098144531,0.9509824635537714,-30.02252252252252,288.04529172445586,-50.02252252252252,288.04529172445586
andes_2020012000_top06_2020,andes,top06_2020,precip_large_zwd,zwd,zwd,q850_box_mean_g_per_kg,per-timestep spatial mean,actual_vs_uniform_zwd,6,enc_s2_bottleneck,upstream,9.507187843322754,9.511701583862305,9.487207412719727,0.004513740539550781,-0.019980430603027344,-4.426579336572998,-30.02252252252252,288.04529172445586,-50.02252252252252,288.04529172445586
andes_2020012000_top06_2020,andes,top06_2020,precip_large_zwd,zwd,zwd,q850_box_mean_g_per_kg,per-timestep spatial mean,actual_vs_uniform_zwd,6,enc_s2_bottleneck,hotspot_gaussian,9.507187843322754,9.511701583862305,9.495182037353516,0.004513740539550781,-0.012005805969238281,-2.659835199661948,-30.02252252252252,288.04529172445586,-50.02252252252252,288.04529172445586
andes_2020012000_top06_2020,andes,top06_2020,precip_large_zwd,zwd,zwd,q850_box_mean_g_per_kg,per-timestep spatial mean,actual_vs_uniform_zwd,6,enc_s2_bottleneck,low_near_gaussian,9.507187843322754,9.511701583862305,9.51132869720459,0.004513740539550781,0.0041408538818359375,0.9173885484893303,-30.02252252252252,288.04529172445586,-50.02252252252252,288.04529172445586
andes_2020012000_top06_2020,andes,top06_2020,precip_large_zwd,zwd,zwd,q850_box_mean_g_per_kg,per-timestep spatial mean,actual_vs_uniform_zwd,6,enc_s2_bottleneck,remote_control,9.507187843322754,9.511701583862305,9.504780769348145,0.004513740539550781,-0.002407073974609375,-0.5332769913374181,-30.02252252252252,288.04529172445586,-50.02252252252252,288.04529172445586
andes_2020012000_top06_2020,andes,top06_2020,precip_large_zwd,zwd,zwd,q850_box_mean_g_per_kg,per-timestep spatial mean,actual_vs_uniform_zwd,6,dec_s0_pre_skip,whole,9.507187843322754,9.511701583862305,9.43445110321045,0.004513740539550781,-0.07273674011230469,-16.114515106697656,-30.02252252252252,288.04529172445586,-50.02252252252252,288.04529172445586
andes_2020012000_top06_2020,andes,top06_2020,precip_large_zwd,zwd,zwd,q850_box_mean_g_per_kg,per-timestep spatial mean,actual_vs_uniform_zwd,6,dec_s0_pre_skip,target_box,9.507187843322754,9.511701583862305,9.521283149719238,0.004513740539550781,0.014095306396484375,3.1227551236002538,-30.02252252252252,288.04529172445586,-50.02252252252252,288.04529172445586
andes_2020012000_top06_2020,andes,top06_2020,precip_large_zwd,zwd,zwd,q850_box_mean_g_per_kg,per-timestep spatial mean,actual_vs_uniform_zwd,6,dec_s0_pre_skip,mountain_near,9.507187843322754,9.511701583862305,9.511480331420898,0.004513740539550781,0.004292488098144531,0.9509824635537714,-30.02252252252252,288.04529172445586,-50.02252252252252,288.04529172445586
andes_2020012000_top06_2020,andes,top06_2020,precip_large_zwd,zwd,zwd,q850_box_mean_g_per_kg,per-timestep spatial mean,actual_vs_uniform_zwd,6,dec_s0_pre_skip,upstream,9.507187843322754,9.511701583862305,9.487207412719727,0.004513740539550781,-0.019980430603027344,-4.426579336572998,-30.02252252252252,288.04529172445586,-50.02252252252252,288.04529172445586
andes_2020012000_top06_2020,andes,top06_2020,precip_large_zwd,zwd,zwd,q850_box_mean_g_per_kg,per-timestep spatial mean,actual_vs_uniform_zwd,6,dec_s0_pre_skip,hotspot_gaussian,9.507187843322754,9.511701583862305,9.495182037353516,0.004513740539550781,-0.012005805969238281,-2.659835199661948,-30.02252252252252,288.04529172445586,-50.02252252252252,288.04529172445586
andes_2020012000_top06_2020,andes,top06_2020,precip_large_zwd,zwd,zwd,q850_box_mean_g_per_kg,per-timestep spatial mean,actual_vs_uniform_zwd,6,dec_s0_pre_skip,low_near_gaussian,9.507187843322754,9.511701583862305,9.51132869720459,0.004513740539550781,0.0041408538818359375,0.9173885484893303,-30.02252252252252,288.04529172445586,-50.02252252252252,288.04529172445586
andes_2020012000_top06_2020,andes,top06_2020,precip_large_zwd,zwd,zwd,q850_box_mean_g_per_kg,per-timestep spatial mean,actual_vs_uniform_zwd,6,dec_s0_pre_skip,remote_control,9.507187843322754,9.511701583862305,9.504780769348145,0.004513740539550781,-0.002407073974609375,-0.5332769913374181,-30.02252252252252,288.04529172445586,-50.02252252252252,288.04529172445586
andes_2020012000_top06_2020,andes,top06_2020,precip_large_zwd,zwd,zwd,q850_box_mean_g_per_kg,per-timestep spatial mean,actual_vs_uniform_zwd,6,dec_s1_pre_skip,whole,9.507187843322754,9.511701583862305,9.433279991149902,0.004513740539550781,-0.07390785217285156,-16.373969997887176,-30.02252252252252,288.04529172445586,-50.02252252252252,288.04529172445586
andes_2020012000_top06_2020,andes,top06_2020,precip_large_zwd,zwd,zwd,q850_box_mean_g_per_kg,per-timestep spatial mean,actual_vs_uniform_zwd,6,dec_s1_pre_skip,target_box,9.507187843322754,9.511701583862305,9.505966186523438,0.004513740539550781,-0.0012216567993164062,-0.27065286287766743,-30.02252252252252,288.04529172445586,-50.02252252252252,288.04529172445586
andes_2020012000_top06_2020,andes,top06_2020,precip_large_zwd,zwd,zwd,q850_box_mean_g_per_kg,per-timestep spatial mean,actual_vs_uniform_zwd,6,dec_s1_pre_skip,mountain_near,9.507187843322754,9.511701583862305,9.495347023010254,0.004513740539550781,-0.0118408203125,-2.6232833298119584,-30.02252252252252,288.04529172445586,-50.02252252252252,288.04529172445586
andes_2020012000_top06_2020,andes,top06_2020,precip_large_zwd,zwd,zwd,q850_box_mean_g_per_kg,per-timestep spatial mean,actual_vs_uniform_zwd,6,dec_s1_pre_skip,upstream,9.507187843322754,9.511701583862305,9.480940818786621,0.004513740539550781,-0.026247024536132812,-5.81491654341855,-30.02252252252252,288.04529172445586,-50.02252252252252,288.04529172445586
andes_2020012000_top06_2020,andes,top06_2020,precip_large_zwd,zwd,zwd,q850_box_mean_g_per_kg,per-timestep spatial mean,actual_vs_uniform_zwd,6,dec_s1_pre_skip,hotspot_gaussian,9.507187843322754,9.511701583862305,9.469893455505371,0.004513740539550781,-0.03729438781738281,-8.262412845975069,-30.02252252252252,288.04529172445586,-50.02252252252252,288.04529172445586
andes_2020012000_top06_2020,andes,top06_2020,precip_large_zwd,zwd,zwd,q850_box_mean_g_per_kg,per-timestep spatial mean,actual_vs_uniform_zwd,6,dec_s1_pre_skip,low_near_gaussian,9.507187843322754,9.511701583862305,9.506634712219238,0.004513740539550781,-0.000553131103515625,-0.12254384111557153,-30.02252252252252,288.04529172445586,-50.02252252252252,288.04529172445586
andes_2020012000_top06_2020,andes,top06_2020,precip_large_zwd,zwd,zwd,q850_box_mean_g_per_kg,per-timestep spatial mean,actual_vs_uniform_zwd,6,dec_s1_pre_skip,remote_control,9.507187843322754,9.511701583862305,9.50716495513916,0.004513740539550781,-2.288818359375e-05,-0.005070779632368476,-30.02252252252252,288.04529172445586,-50.02252252252252,288.04529172445586
andes_2020012000_top06_2020,andes,top06_2020,precip_large_zwd,zwd,zwd,q850_box_mean_g_per_kg,per-timestep spatial mean,actual_vs_uniform_zwd,6,dec_s1_post_skip,whole,9.507187843322754,9.511701583862305,9.497488975524902,0.004513740539550781,-0.009698867797851562,-2.148742869216142,-30.02252252252252,288.04529172445586,-50.02252252252252,288.04529172445586
andes_2020012000_top06_2020,andes,top06_2020,precip_large_zwd,zwd,zwd,q850_box_mean_g_per_kg,per-timestep spatial mean,actual_vs_uniform_zwd,6,dec_s1_post_skip,target_box,9.507187843322754,9.511701583862305,9.472073554992676,0.004513740539550781,-0.035114288330078125,-7.779421085991971,-30.02252252252252,288.04529172445586,-50.02252252252252,288.04529172445586
andes_2020012000_top06_2020,andes,top06_2020,precip_large_zwd,zwd,zwd,q850_box_mean_g_per_kg,per-timestep spatial mean,actual_vs_uniform_zwd,6,dec_s1_post_skip,mountain_near,9.507187843322754,9.511701583862305,9.497519493103027,0.004513740539550781,-0.009668350219726562,-2.1419818297063173,-30.02252252252252,288.04529172445586,-50.02252252252252,288.04529172445586
andes_2020012000_top06_2020,andes,top06_2020,precip_large_zwd,zwd,zwd,q850_box_mean_g_per_kg,per-timestep spatial mean,actual_vs_uniform_zwd,6,dec_s1_post_skip,upstream,9.507187843322754,9.511701583862305,9.516135215759277,0.004513740539550781,0.008947372436523438,1.9822522712867103,-30.02252252252252,288.04529172445586,-50.02252252252252,288.04529172445586
andes_2020012000_top06_2020,andes,top06_2020,precip_large_zwd,zwd,zwd,q850_box_mean_g_per_kg,per-timestep spatial mean,actual_vs_uniform_zwd,6,dec_s1_post_skip,hotspot_gaussian,9.507187843322754,9.511701583862305,9.489497184753418,0.004513740539550781,-0.017690658569335938,-3.9192900908514683,-30.02252252252252,288.04529172445586,-50.02252252252252,288.04529172445586
andes_2020012000_top06_2020,andes,top06_2020,precip_large_zwd,zwd,zwd,q850_box_mean_g_per_kg,per-timestep spatial mean,actual_vs_uniform_zwd,6,dec_s1_post_skip,low_near_gaussian,9.507187843322754,9.511701583862305,9.507075309753418,0.004513740539550781,-0.0001125335693359375,-0.024931333192478342,-30.02252252252252,288.04529172445586,-50.02252252252252,288.04529172445586
andes_2020012000_top06_2020,andes,top06_2020,precip_large_zwd,zwd,zwd,q850_box_mean_g_per_kg,per-timestep spatial mean,actual_vs_uniform_zwd,6,dec_s1_post_skip,remote_control,9.507187843322754,9.511701583862305,9.506881713867188,0.004513740539550781,-0.00030612945556640625,-0.06782167758292837,-30.02252252252252,288.04529172445586,-50.02252252252252,288.04529172445586
andes_2020012000_top06_2020,andes,top06_2020,precip_large_zwd,zwd,zwd,q850_box_mean_g_per_kg,per-timestep spatial mean,actual_vs_uniform_zwd,6,dec_s2_pre_concat,whole,9.507187843322754,9.511701583862305,9.497488975524902,0.004513740539550781,-0.009698867797851562,-2.148742869216142,-30.02252252252252,288.04529172445586,-50.02252252252252,288.04529172445586
andes_2020012000_top06_2020,andes,top06_2020,precip_large_zwd,zwd,zwd,q850_box_mean_g_per_kg,per-timestep spatial mean,actual_vs_uniform_zwd,6,dec_s2_pre_concat,target_box,9.507187843322754,9.511701583862305,9.472073554992676,0.004513740539550781,-0.035114288330078125,-7.779421085991971,-30.02252252252252,288.04529172445586,-50.02252252252252,288.04529172445586
andes_2020012000_top06_2020,andes,top06_2020,precip_large_zwd,zwd,zwd,q850_box_mean_g_per_kg,per-timestep spatial mean,actual_vs_uniform_zwd,6,dec_s2_pre_concat,mountain_near,9.507187843322754,9.511701583862305,9.497519493103027,0.004513740539550781,-0.009668350219726562,-2.1419818297063173,-30.02252252252252,288.04529172445586,-50.02252252252252,288.04529172445586
andes_2020012000_top06_2020,andes,top06_2020,precip_large_zwd,zwd,zwd,q850_box_mean_g_per_kg,per-timestep spatial mean,actual_vs_uniform_zwd,6,dec_s2_pre_concat,upstream,9.507187843322754,9.511701583862305,9.516135215759277,0.004513740539550781,0.008947372436523438,1.9822522712867103,-30.02252252252252,288.04529172445586,-50.02252252252252,288.04529172445586
andes_2020012000_top06_2020,andes,top06_2020,precip_large_zwd,zwd,zwd,q850_box_mean_g_per_kg,per-timestep spatial mean,actual_vs_uniform_zwd,6,dec_s2_pre_concat,hotspot_gaussian,9.507187843322754,9.511701583862305,9.489497184753418,0.004513740539550781,-0.017690658569335938,-3.9192900908514683,-30.02252252252252,288.04529172445586,-50.02252252252252,288.04529172445586
andes_2020012000_top06_2020,andes,top06_2020,precip_large_zwd,zwd,zwd,q850_box_mean_g_per_kg,per-timestep spatial mean,actual_vs_uniform_zwd,6,dec_s2_pre_concat,low_near_gaussian,9.507187843322754,9.511701583862305,9.507075309753418,0.004513740539550781,-0.0001125335693359375,-0.024931333192478342,-30.02252252252252,288.04529172445586,-50.02252252252252,288.04529172445586
andes_2020012000_top06_2020,andes,top06_2020,precip_large_zwd,zwd,zwd,q850_box_mean_g_per_kg,per-timestep spatial mean,actual_vs_uniform_zwd,6,dec_s2_pre_concat,remote_control,9.507187843322754,9.511701583862305,9.506881713867188,0.004513740539550781,-0.00030612945556640625,-0.06782167758292837,-30.02252252252252,288.04529172445586,-50.02252252252252,288.04529172445586
andes_2020012000_top06_2020,andes,top06_2020,precip_large_zwd,zwd,zwd,q850_box_mean_g_per_kg,per-timestep spatial mean,actual_vs_uniform_zwd,6,dec_s2_post_concat,whole,9.507187843322754,9.511701583862305,9.511603355407715,0.004513740539550781,0.0044155120849609375,0.9782379040777519,-30.02252252252252,288.04529172445586,-50.02252252252252,288.04529172445586
andes_2020012000_top06_2020,andes,top06_2020,precip_large_zwd,zwd,zwd,q850_box_mean_g_per_kg,per-timestep spatial mean,actual_vs_uniform_zwd,6,dec_s2_post_concat,target_box,9.507187843322754,9.511701583862305,9.500935554504395,0.004513740539550781,-0.006252288818359375,-1.3851679695753223,-30.02252252252252,288.04529172445586,-50.02252252252252,288.04529172445586
andes_2020012000_top06_2020,andes,top06_2020,precip_large_zwd,zwd,zwd,q850_box_mean_g_per_kg,per-timestep spatial mean,actual_vs_uniform_zwd,6,dec_s2_post_concat,mountain_near,9.507187843322754,9.511701583862305,9.513269424438477,0.004513740539550781,0.006081581115722656,1.3473484048172406,-30.02252252252252,288.04529172445586,-50.02252252252252,288.04529172445586
andes_2020012000_top06_2020,andes,top06_2020,precip_large_zwd,zwd,zwd,q850_box_mean_g_per_kg,per-timestep spatial mean,actual_vs_uniform_zwd,6,dec_s2_post_concat,upstream,9.507187843322754,9.511701583862305,9.527115821838379,0.004513740539550781,0.019927978515625,4.414958799915487,-30.02252252252252,288.04529172445586,-50.02252252252252,288.04529172445586
andes_2020012000_top06_2020,andes,top06_2020,precip_large_zwd,zwd,zwd,q850_box_mean_g_per_kg,per-timestep spatial mean,actual_vs_uniform_zwd,6,dec_s2_post_concat,hotspot_gaussian,9.507187843322754,9.511701583862305,9.50607681274414,0.004513740539550781,-0.0011110305786132812,-0.24614409465455314,-30.02252252252252,288.04529172445586,-50.02252252252252,288.04529172445586
andes_2020012000_top06_2020,andes,top06_2020,precip_large_zwd,zwd,zwd,q850_box_mean_g_per_kg,per-timestep spatial mean,actual_vs_uniform_zwd,6,dec_s2_post_concat,low_near_gaussian,9.507187843322754,9.511701583862305,9.507600784301758,0.004513740539550781,0.00041294097900390625,0.09148531586731459,-30.02252252252252,288.04529172445586,-50.02252252252252,288.04529172445586
andes_2020012000_top06_2020,andes,top06_2020,precip_large_zwd,zwd,zwd,q850_box_mean_g_per_kg,per-timestep spatial mean,actual_vs_uniform_zwd,6,dec_s2_post_concat,remote_control,9.507187843322754,9.511701583862305,9.507338523864746,0.004513740539550781,0.0001506805419921875,0.03338263257975914,-30.02252252252252,288.04529172445586,-50.02252252252252,288.04529172445586
andes_2020012000_top06_2020,andes,top06_2020,precip_large_zwd,zwd,zwd,q850_box_mean_g_per_kg,per-timestep spatial mean,actual_vs_uniform_zwd,12,enc_s0_skip,whole,9.033623695373535,9.02610969543457,9.01964282989502,-0.007513999938964844,-0.013980865478515625,1.8606422134788678,-30.02252252252252,288.04529172445586,-50.02252252252252,288.04529172445586
andes_2020012000_top06_2020,andes,top06_2020,precip_large_zwd,zwd,zwd,q850_box_mean_g_per_kg,per-timestep spatial mean,actual_vs_uniform_zwd,12,enc_s0_skip,target_box,9.033623695373535,9.02610969543457,9.051010131835938,-0.007513999938964844,0.017386436462402344,-2.3138723188221855,-30.02252252252252,288.04529172445586,-50.02252252252252,288.04529172445586
andes_2020012000_top06_2020,andes,top06_2020,precip_large_zwd,zwd,zwd,q850_box_mean_g_per_kg,per-timestep spatial mean,actual_vs_uniform_zwd,12,enc_s0_skip,mountain_near,9.033623695373535,9.02610969543457,9.02015209197998,-0.007513999938964844,-0.013471603393554688,1.7928671151161315,-30.02252252252252,288.04529172445586,-50.02252252252252,288.04529172445586
andes_2020012000_top06_2020,andes,top06_2020,precip_large_zwd,zwd,zwd,q850_box_mean_g_per_kg,per-timestep spatial mean,actual_vs_uniform_zwd,12,enc_s0_skip,upstream,9.033623695373535,9.02610969543457,9.079212188720703,-0.007513999938964844,0.04558849334716797,-6.06714050006346,-30.02252252252252,288.04529172445586,-50.02252252252252,288.04529172445586
andes_2020012000_top06_2020,andes,top06_2020,precip_large_zwd,zwd,zwd,q850_box_mean_g_per_kg,per-timestep spatial mean,actual_vs_uniform_zwd,12,enc_s0_skip,hotspot_gaussian,9.033623695373535,9.02610969543457,9.080787658691406,-0.007513999938964844,0.047163963317871094,-6.276811778144435,-30.02252252252252,288.04529172445586,-50.02252252252252,288.04529172445586
andes_2020012000_top06_2020,andes,top06_2020,precip_large_zwd,zwd,zwd,q850_box_mean_g_per_kg,per-timestep spatial mean,actual_vs_uniform_zwd,12,enc_s0_skip,low_near_gaussian,9.033623695373535,9.02610969543457,9.038012504577637,-0.007513999938964844,0.0043888092041015625,-0.5840842746541439,-30.02252252252252,288.04529172445586,-50.02252252252252,288.04529172445586
andes_2020012000_top06_2020,andes,top06_2020,precip_large_zwd,zwd,zwd,q850_box_mean_g_per_kg,per-timestep spatial mean,actual_vs_uniform_zwd,12,enc_s0_skip,remote_control,9.033623695373535,9.02610969543457,9.034805297851562,-0.007513999938964844,0.0011816024780273438,-0.15725345856073106,-30.02252252252252,288.04529172445586,-50.02252252252252,288.04529172445586
andes_2020012000_top06_2020,andes,top06_2020,precip_large_zwd,zwd,zwd,q850_box_mean_g_per_kg,per-timestep spatial mean,actual_vs_uniform_zwd,12,enc_s1_skip,whole,9.033623695373535,9.02610969543457,9.033623695373535,-0.007513999938964844,0.0,-0.0,-30.02252252252252,288.04529172445586,-50.02252252252252,288.04529172445586
andes_2020012000_top06_2020,andes,top06_2020,precip_large_zwd,zwd,zwd,q850_box_mean_g_per_kg,per-timestep spatial mean,actual_vs_uniform_zwd,12,enc_s1_skip,target_box,9.033623695373535,9.02610969543457,9.033623695373535,-0.007513999938964844,0.0,-0.0,-30.02252252252252,288.04529172445586,-50.02252252252252,288.04529172445586
andes_2020012000_top06_2020,andes,top06_2020,precip_large_zwd,zwd,zwd,q850_box_mean_g_per_kg,per-timestep spatial mean,actual_vs_uniform_zwd,12,enc_s1_skip,mountain_near,9.033623695373535,9.02610969543457,9.033623695373535,-0.007513999938964844,0.0,-0.0,-30.02252252252252,288.04529172445586,-50.02252252252252,288.04529172445586
andes_2020012000_top06_2020,andes,top06_2020,precip_large_zwd,zwd,zwd,q850_box_mean_g_per_kg,per-timestep spatial mean,actual_vs_uniform_zwd,12,enc_s1_skip,upstream,9.033623695373535,9.02610969543457,9.033623695373535,-0.007513999938964844,0.0,-0.0,-30.02252252252252,288.04529172445586,-50.02252252252252,288.04529172445586
andes_2020012000_top06_2020,andes,top06_2020,precip_large_zwd,zwd,zwd,q850_box_mean_g_per_kg,per-timestep spatial mean,actual_vs_uniform_zwd,12,enc_s1_skip,hotspot_gaussian,9.033623695373535,9.02610969543457,9.033623695373535,-0.007513999938964844,0.0,-0.0,-30.02252252252252,288.04529172445586,-50.02252252252252,288.04529172445586
andes_2020012000_top06_2020,andes,top06_2020,precip_large_zwd,zwd,zwd,q850_box_mean_g_per_kg,per-timestep spatial mean,actual_vs_uniform_zwd,12,enc_s1_skip,low_near_gaussian,9.033623695373535,9.02610969543457,9.033623695373535,-0.007513999938964844,0.0,-0.0,-30.02252252252252,288.04529172445586,-50.02252252252252,288.04529172445586
andes_2020012000_top06_2020,andes,top06_2020,precip_large_zwd,zwd,zwd,q850_box_mean_g_per_kg,per-timestep spatial mean,actual_vs_uniform_zwd,12,enc_s1_skip,remote_control,9.033623695373535,9.02610969543457,9.033623695373535,-0.007513999938964844,0.0,-0.0,-30.02252252252252,288.04529172445586,-50.02252252252252,288.04529172445586
andes_2020012000_top06_2020,andes,top06_2020,precip_large_zwd,zwd,zwd,q850_box_mean_g_per_kg,per-timestep spatial mean,actual_vs_uniform_zwd,12,enc_s2_bottleneck,whole,9.033623695373535,9.02610969543457,8.945666313171387,-0.007513999938964844,-0.08795738220214844,11.705800228455388,-30.02252252252252,288.04529172445586,-50.02252252252252,288.04529172445586
andes_2020012000_top06_2020,andes,top06_2020,precip_large_zwd,zwd,zwd,q850_box_mean_g_per_kg,per-timestep spatial mean,actual_vs_uniform_zwd,12,enc_s2_bottleneck,target_box,9.033623695373535,9.02610969543457,9.037111282348633,-0.007513999938964844,0.0034875869750976562,-0.46414519609087446,-30.02252252252252,288.04529172445586,-50.02252252252252,288.04529172445586
andes_2020012000_top06_2020,andes,top06_2020,precip_large_zwd,zwd,zwd,q850_box_mean_g_per_kg,per-timestep spatial mean,actual_vs_uniform_zwd,12,enc_s2_bottleneck,mountain_near,9.033623695373535,9.02610969543457,9.025099754333496,-0.007513999938964844,-0.008523941040039062,1.134407919786775,-30.02252252252252,288.04529172445586,-50.02252252252252,288.04529172445586
andes_2020012000_top06_2020,andes,top06_2020,precip_large_zwd,zwd,zwd,q850_box_mean_g_per_kg,per-timestep spatial mean,actual_vs_uniform_zwd,12,enc_s2_bottleneck,upstream,9.033623695373535,9.02610969543457,9.01900577545166,-0.007513999938964844,-0.014617919921875,1.945424546262216,-30.02252252252252,288.04529172445586,-50.02252252252252,288.04529172445586
andes_2020012000_top06_2020,andes,top06_2020,precip_large_zwd,zwd,zwd,q850_box_mean_g_per_kg,per-timestep spatial mean,actual_vs_uniform_zwd,12,enc_s2_bottleneck,hotspot_gaussian,9.033623695373535,9.02610969543457,9.011115074157715,-0.007513999938964844,-0.022508621215820312,2.9955578119050643,-30.02252252252252,288.04529172445586,-50.02252252252252,288.04529172445586
andes_2020012000_top06_2020,andes,top06_2020,precip_large_zwd,zwd,zwd,q850_box_mean_g_per_kg,per-timestep spatial mean,actual_vs_uniform_zwd,12,enc_s2_bottleneck,low_near_gaussian,9.033623695373535,9.02610969543457,9.038958549499512,-0.007513999938964844,0.0053348541259765625,-0.709988577230613,-30.02252252252252,288.04529172445586,-50.02252252252252,288.04529172445586
andes_2020012000_top06_2020,andes,top06_2020,precip_large_zwd,zwd,zwd,q850_box_mean_g_per_kg,per-timestep spatial mean,actual_vs_uniform_zwd,12,enc_s2_bottleneck,remote_control,9.033623695373535,9.02610969543457,9.03403377532959,-0.007513999938964844,0.0004100799560546875,-0.05457545373778398,-30.02252252252252,288.04529172445586,-50.02252252252252,288.04529172445586
andes_2020012000_top06_2020,andes,top06_2020,precip_large_zwd,zwd,zwd,q850_box_mean_g_per_kg,per-timestep spatial mean,actual_vs_uniform_zwd,12,dec_s0_pre_skip,whole,9.033623695373535,9.02610969543457,8.945666313171387,-0.007513999938964844,-0.08795738220214844,11.705800228455388,-30.02252252252252,288.04529172445586,-50.02252252252252,288.04529172445586
andes_2020012000_top06_2020,andes,top06_2020,precip_large_zwd,zwd,zwd,q850_box_mean_g_per_kg,per-timestep spatial mean,actual_vs_uniform_zwd,12,dec_s0_pre_skip,target_box,9.033623695373535,9.02610969543457,9.037111282348633,-0.007513999938964844,0.0034875869750976562,-0.46414519609087446,-30.02252252252252,288.04529172445586,-50.02252252252252,288.04529172445586
andes_2020012000_top06_2020,andes,top06_2020,precip_large_zwd,zwd,zwd,q850_box_mean_g_per_kg,per-timestep spatial mean,actual_vs_uniform_zwd,12,dec_s0_pre_skip,mountain_near,9.033623695373535,9.02610969543457,9.025099754333496,-0.007513999938964844,-0.008523941040039062,1.134407919786775,-30.02252252252252,288.04529172445586,-50.02252252252252,288.04529172445586
andes_2020012000_top06_2020,andes,top06_2020,precip_large_zwd,zwd,zwd,q850_box_mean_g_per_kg,per-timestep spatial mean,actual_vs_uniform_zwd,12,dec_s0_pre_skip,upstream,9.033623695373535,9.02610969543457,9.01900577545166,-0.007513999938964844,-0.014617919921875,1.945424546262216,-30.02252252252252,288.04529172445586,-50.02252252252252,288.04529172445586
andes_2020012000_top06_2020,andes,top06_2020,precip_large_zwd,zwd,zwd,q850_box_mean_g_per_kg,per-timestep spatial mean,actual_vs_uniform_zwd,12,dec_s0_pre_skip,hotspot_gaussian,9.033623695373535,9.02610969543457,9.011115074157715,-0.007513999938964844,-0.022508621215820312,2.9955578119050643,-30.02252252252252,288.04529172445586,-50.02252252252252,288.04529172445586
andes_2020012000_top06_2020,andes,top06_2020,precip_large_zwd,zwd,zwd,q850_box_mean_g_per_kg,per-timestep spatial mean,actual_vs_uniform_zwd,12,dec_s0_pre_skip,low_near_gaussian,9.033623695373535,9.02610969543457,9.038958549499512,-0.007513999938964844,0.0053348541259765625,-0.709988577230613,-30.02252252252252,288.04529172445586,-50.02252252252252,288.04529172445586
andes_2020012000_top06_2020,andes,top06_2020,precip_large_zwd,zwd,zwd,q850_box_mean_g_per_kg,per-timestep spatial mean,actual_vs_uniform_zwd,12,dec_s0_pre_skip,remote_control,9.033623695373535,9.02610969543457,9.03403377532959,-0.007513999938964844,0.0004100799560546875,-0.05457545373778398,-30.02252252252252,288.04529172445586,-50.02252252252252,288.04529172445586
andes_2020012000_top06_2020,andes,top06_2020,precip_large_zwd,zwd,zwd,q850_box_mean_g_per_kg,per-timestep spatial mean,actual_vs_uniform_zwd,12,dec_s1_pre_skip,whole,9.033623695373535,9.02610969543457,8.941251754760742,-0.007513999938964844,-0.09237194061279297,12.293311333925626,-30.02252252252252,288.04529172445586,-50.02252252252252,288.04529172445586
andes_2020012000_top06_2020,andes,top06_2020,precip_large_zwd,zwd,zwd,q850_box_mean_g_per_kg,per-timestep spatial mean,actual_vs_uniform_zwd,12,dec_s1_pre_skip,target_box,9.033623695373535,9.02610969543457,9.017778396606445,-0.007513999938964844,-0.015845298767089844,2.108770148496002,-30.02252252252252,288.04529172445586,-50.02252252252252,288.04529172445586
andes_2020012000_top06_2020,andes,top06_2020,precip_large_zwd,zwd,zwd,q850_box_mean_g_per_kg,per-timestep spatial mean,actual_vs_uniform_zwd,12,dec_s1_pre_skip,mountain_near,9.033623695373535,9.02610969543457,9.003987312316895,-0.007513999938964844,-0.029636383056640625,3.9441553496636628,-30.02252252252252,288.04529172445586,-50.02252252252252,288.04529172445586
andes_2020012000_top06_2020,andes,top06_2020,precip_large_zwd,zwd,zwd,q850_box_mean_g_per_kg,per-timestep spatial mean,actual_vs_uniform_zwd,12,dec_s1_pre_skip,upstream,9.033623695373535,9.02610969543457,9.015338897705078,-0.007513999938964844,-0.01828479766845703,2.433430638405889,-30.02252252252252,288.04529172445586,-50.02252252252252,288.04529172445586
andes_2020012000_top06_2020,andes,top06_2020,precip_large_zwd,zwd,zwd,q850_box_mean_g_per_kg,per-timestep spatial mean,actual_vs_uniform_zwd,12,dec_s1_pre_skip,hotspot_gaussian,9.033623695373535,9.02610969543457,8.978201866149902,-0.007513999938964844,-0.05542182922363281,7.375809112831577,-30.02252252252252,288.04529172445586,-50.02252252252252,288.04529172445586
andes_2020012000_top06_2020,andes,top06_2020,precip_large_zwd,zwd,zwd,q850_box_mean_g_per_kg,per-timestep spatial mean,actual_vs_uniform_zwd,12,dec_s1_pre_skip,low_near_gaussian,9.033623695373535,9.02610969543457,9.03349781036377,-0.007513999938964844,-0.000125885009765625,0.01675339510090113,-30.02252252252252,288.04529172445586,-50.02252252252252,288.04529172445586
andes_2020012000_top06_2020,andes,top06_2020,precip_large_zwd,zwd,zwd,q850_box_mean_g_per_kg,per-timestep spatial mean,actual_vs_uniform_zwd,12,dec_s1_pre_skip,remote_control,9.033623695373535,9.02610969543457,9.035009384155273,-0.007513999938964844,0.0013856887817382812,-0.18441426576976774,-30.02252252252252,288.04529172445586,-50.02252252252252,288.04529172445586
andes_2020012000_top06_2020,andes,top06_2020,precip_large_zwd,zwd,zwd,q850_box_mean_g_per_kg,per-timestep spatial mean,actual_vs_uniform_zwd,12,dec_s1_post_skip,whole,9.033623695373535,9.02610969543457,8.941486358642578,-0.007513999938964844,-0.09213733673095703,12.26208909760122,-30.02252252252252,288.04529172445586,-50.02252252252252,288.04529172445586
andes_2020012000_top06_2020,andes,top06_2020,precip_large_zwd,zwd,zwd,q850_box_mean_g_per_kg,per-timestep spatial mean,actual_vs_uniform_zwd,12,dec_s1_post_skip,target_box,9.033623695373535,9.02610969543457,8.965697288513184,-0.007513999938964844,-0.06792640686035156,9.039979692854423,-30.02252252252252,288.04529172445586,-50.02252252252252,288.04529172445586
andes_2020012000_top06_2020,andes,top06_2020,precip_large_zwd,zwd,zwd,q850_box_mean_g_per_kg,per-timestep spatial mean,actual_vs_uniform_zwd,12,dec_s1_post_skip,mountain_near,9.033623695373535,9.02610969543457,8.98954963684082,-0.007513999938964844,-0.044074058532714844,5.865592080213225,-30.02252252252252,288.04529172445586,-50.02252252252252,288.04529172445586
andes_2020012000_top06_2020,andes,top06_2020,precip_large_zwd,zwd,zwd,q850_box_mean_g_per_kg,per-timestep spatial mean,actual_vs_uniform_zwd,12,dec_s1_post_skip,upstream,9.033623695373535,9.02610969543457,9.032200813293457,-0.007513999938964844,-0.001422882080078125,0.1893641325041249,-30.02252252252252,288.04529172445586,-50.02252252252252,288.04529172445586
andes_2020012000_top06_2020,andes,top06_2020,precip_large_zwd,zwd,zwd,q850_box_mean_g_per_kg,per-timestep spatial mean,actual_vs_uniform_zwd,12,dec_s1_post_skip,hotspot_gaussian,9.033623695373535,9.02610969543457,8.994507789611816,-0.007513999938964844,-0.03911590576171875,5.20573676862546,-30.02252252252252,288.04529172445586,-50.02252252252252,288.04529172445586
andes_2020012000_top06_2020,andes,top06_2020,precip_large_zwd,zwd,zwd,q850_box_mean_g_per_kg,per-timestep spatial mean,actual_vs_uniform_zwd,12,dec_s1_post_skip,low_near_gaussian,9.033623695373535,9.02610969543457,9.034940719604492,-0.007513999938964844,0.0013170242309570312,-0.1752760502601853,-30.02252252252252,288.04529172445586,-50.02252252252252,288.04529172445586
andes_2020012000_top06_2020,andes,top06_2020,precip_large_zwd,zwd,zwd,q850_box_mean_g_per_kg,per-timestep spatial mean,actual_vs_uniform_zwd,12,dec_s1_post_skip,remote_control,9.033623695373535,9.02610969543457,9.035194396972656,-0.007513999938964844,0.0015707015991210938,-0.20903667978169818,-30.02252252252252,288.04529172445586,-50.02252252252252,288.04529172445586
andes_2020012000_top06_2020,andes,top06_2020,precip_large_zwd,zwd,zwd,q850_box_mean_g_per_kg,per-timestep spatial mean,actual_vs_uniform_zwd,12,dec_s2_pre_concat,whole,9.033623695373535,9.02610969543457,8.941486358642578,-0.007513999938964844,-0.09213733673095703,12.26208909760122,-30.02252252252252,288.04529172445586,-50.02252252252252,288.04529172445586
andes_2020012000_top06_2020,andes,top06_2020,precip_large_zwd,zwd,zwd,q850_box_mean_g_per_kg,per-timestep spatial mean,actual_vs_uniform_zwd,12,dec_s2_pre_concat,target_box,9.033623695373535,9.02610969543457,8.965697288513184,-0.007513999938964844,-0.06792640686035156,9.039979692854423,-30.02252252252252,288.04529172445586,-50.02252252252252,288.04529172445586
andes_2020012000_top06_2020,andes,top06_2020,precip_large_zwd,zwd,zwd,q850_box_mean_g_per_kg,per-timestep spatial mean,actual_vs_uniform_zwd,12,dec_s2_pre_concat,mountain_near,9.033623695373535,9.02610969543457,8.98954963684082,-0.007513999938964844,-0.044074058532714844,5.865592080213225,-30.02252252252252,288.04529172445586,-50.02252252252252,288.04529172445586
andes_2020012000_top06_2020,andes,top06_2020,precip_large_zwd,zwd,zwd,q850_box_mean_g_per_kg,per-timestep spatial mean,actual_vs_uniform_zwd,12,dec_s2_pre_concat,upstream,9.033623695373535,9.02610969543457,9.032200813293457,-0.007513999938964844,-0.001422882080078125,0.1893641325041249,-30.02252252252252,288.04529172445586,-50.02252252252252,288.04529172445586
andes_2020012000_top06_2020,andes,top06_2020,precip_large_zwd,zwd,zwd,q850_box_mean_g_per_kg,per-timestep spatial mean,actual_vs_uniform_zwd,12,dec_s2_pre_concat,hotspot_gaussian,9.033623695373535,9.02610969543457,8.994507789611816,-0.007513999938964844,-0.03911590576171875,5.20573676862546,-30.02252252252252,288.04529172445586,-50.02252252252252,288.04529172445586
andes_2020012000_top06_2020,andes,top06_2020,precip_large_zwd,zwd,zwd,q850_box_mean_g_per_kg,per-timestep spatial mean,actual_vs_uniform_zwd,12,dec_s2_pre_concat,low_near_gaussian,9.033623695373535,9.02610969543457,9.034940719604492,-0.007513999938964844,0.0013170242309570312,-0.1752760502601853,-30.02252252252252,288.04529172445586,-50.02252252252252,288.04529172445586
andes_2020012000_top06_2020,andes,top06_2020,precip_large_zwd,zwd,zwd,q850_box_mean_g_per_kg,per-timestep spatial mean,actual_vs_uniform_zwd,12,dec_s2_pre_concat,remote_control,9.033623695373535,9.02610969543457,9.035194396972656,-0.007513999938964844,0.0015707015991210938,-0.20903667978169818,-30.02252252252252,288.04529172445586,-50.02252252252252,288.04529172445586
andes_2020012000_top06_2020,andes,top06_2020,precip_large_zwd,zwd,zwd,q850_box_mean_g_per_kg,per-timestep spatial mean,actual_vs_uniform_zwd,12,dec_s2_post_concat,whole,9.033623695373535,9.02610969543457,8.93671703338623,-0.007513999938964844,-0.09690666198730469,12.896814316537633,-30.02252252252252,288.04529172445586,-50.02252252252252,288.04529172445586
andes_2020012000_top06_2020,andes,top06_2020,precip_large_zwd,zwd,zwd,q850_box_mean_g_per_kg,per-timestep spatial mean,actual_vs_uniform_zwd,12,dec_s2_post_concat,target_box,9.033623695373535,9.02610969543457,9.006973266601562,-0.007513999938964844,-0.026650428771972656,3.5467698946566824,-30.02252252252252,288.04529172445586,-50.02252252252252,288.04529172445586
andes_2020012000_top06_2020,andes,top06_2020,precip_large_zwd,zwd,zwd,q850_box_mean_g_per_kg,per-timestep spatial mean,actual_vs_uniform_zwd,12,dec_s2_post_concat,mountain_near,9.033623695373535,9.02610969543457,9.004085540771484,-0.007513999938964844,-0.02953815460205078,3.9310826246985657,-30.02252252252252,288.04529172445586,-50.02252252252252,288.04529172445586
andes_2020012000_top06_2020,andes,top06_2020,precip_large_zwd,zwd,zwd,q850_box_mean_g_per_kg,per-timestep spatial mean,actual_vs_uniform_zwd,12,dec_s2_post_concat,upstream,9.033623695373535,9.02610969543457,9.065982818603516,-0.007513999938964844,0.03235912322998047,-4.306510978550578,-30.02252252252252,288.04529172445586,-50.02252252252252,288.04529172445586
andes_2020012000_top06_2020,andes,top06_2020,precip_large_zwd,zwd,zwd,q850_box_mean_g_per_kg,per-timestep spatial mean,actual_vs_uniform_zwd,12,dec_s2_post_concat,hotspot_gaussian,9.033623695373535,9.02610969543457,9.02358627319336,-0.007513999938964844,-0.010037422180175781,1.3358294199771545,-30.02252252252252,288.04529172445586,-50.02252252252252,288.04529172445586
andes_2020012000_top06_2020,andes,top06_2020,precip_large_zwd,zwd,zwd,q850_box_mean_g_per_kg,per-timestep spatial mean,actual_vs_uniform_zwd,12,dec_s2_post_concat,low_near_gaussian,9.033623695373535,9.02610969543457,9.037006378173828,-0.007513999938964844,0.0033826828002929688,-0.4501840335067902,-30.02252252252252,288.04529172445586,-50.02252252252252,288.04529172445586
andes_2020012000_top06_2020,andes,top06_2020,precip_large_zwd,zwd,zwd,q850_box_mean_g_per_kg,per-timestep spatial mean,actual_vs_uniform_zwd,12,dec_s2_post_concat,remote_control,9.033623695373535,9.02610969543457,9.03847885131836,-0.007513999938964844,0.004855155944824219,-0.6461479883233913,-30.02252252252252,288.04529172445586,-50.02252252252252,288.04529172445586
andes_2020012000_top06_2020,andes,top06_2020,precip_large_zwd,zwd,zwd,q850_box_mean_g_per_kg,per-timestep spatial mean,actual_vs_uniform_zwd,24,enc_s0_skip,whole,8.400524139404297,8.470154762268066,8.453030586242676,0.06963062286376953,0.052506446838378906,0.754071192801282,-30.02252252252252,288.04529172445586,-50.02252252252252,288.04529172445586
andes_2020012000_top06_2020,andes,top06_2020,precip_large_zwd,zwd,zwd,q850_box_mean_g_per_kg,per-timestep spatial mean,actual_vs_uniform_zwd,24,enc_s0_skip,target_box,8.400524139404297,8.470154762268066,8.44640827178955,0.06963062286376953,0.045884132385253906,0.6589648418774738,-30.02252252252252,288.04529172445586,-50.02252252252252,288.04529172445586
andes_2020012000_top06_2020,andes,top06_2020,precip_large_zwd,zwd,zwd,q850_box_mean_g_per_kg,per-timestep spatial mean,actual_vs_uniform_zwd,24,enc_s0_skip,mountain_near,8.400524139404297,8.470154762268066,8.411999702453613,0.06963062286376953,0.011475563049316406,0.16480626737704243,-30.02252252252252,288.04529172445586,-50.02252252252252,288.04529172445586
andes_2020012000_top06_2020,andes,top06_2020,precip_large_zwd,zwd,zwd,q850_box_mean_g_per_kg,per-timestep spatial mean,actual_vs_uniform_zwd,24,enc_s0_skip,upstream,8.400524139404297,8.470154762268066,8.502486228942871,0.06963062286376953,0.10196208953857422,1.4643282703080274,-30.02252252252252,288.04529172445586,-50.02252252252252,288.04529172445586
andes_2020012000_top06_2020,andes,top06_2020,precip_large_zwd,zwd,zwd,q850_box_mean_g_per_kg,per-timestep spatial mean,actual_vs_uniform_zwd,24,enc_s0_skip,hotspot_gaussian,8.400524139404297,8.470154762268066,8.532808303833008,0.06963062286376953,0.13228416442871094,1.899798665990988,-30.02252252252252,288.04529172445586,-50.02252252252252,288.04529172445586
andes_2020012000_top06_2020,andes,top06_2020,precip_large_zwd,zwd,zwd,q850_box_mean_g_per_kg,per-timestep spatial mean,actual_vs_uniform_zwd,24,enc_s0_skip,low_near_gaussian,8.400524139404297,8.470154762268066,8.401712417602539,0.06963062286376953,0.0011882781982421875,0.017065454097215563,-30.02252252252252,288.04529172445586,-50.02252252252252,288.04529172445586
andes_2020012000_top06_2020,andes,top06_2020,precip_large_zwd,zwd,zwd,q850_box_mean_g_per_kg,per-timestep spatial mean,actual_vs_uniform_zwd,24,enc_s0_skip,remote_control,8.400524139404297,8.470154762268066,8.402212142944336,0.06963062286376953,0.0016880035400390625,0.024242258227986795,-30.02252252252252,288.04529172445586,-50.02252252252252,288.04529172445586
andes_2020012000_top06_2020,andes,top06_2020,precip_large_zwd,zwd,zwd,q850_box_mean_g_per_kg,per-timestep spatial mean,actual_vs_uniform_zwd,24,enc_s1_skip,whole,8.400524139404297,8.470154762268066,8.400524139404297,0.06963062286376953,0.0,0.0,-30.02252252252252,288.04529172445586,-50.02252252252252,288.04529172445586
andes_2020012000_top06_2020,andes,top06_2020,precip_large_zwd,zwd,zwd,q850_box_mean_g_per_kg,per-timestep spatial mean,actual_vs_uniform_zwd,24,enc_s1_skip,target_box,8.400524139404297,8.470154762268066,8.400524139404297,0.06963062286376953,0.0,0.0,-30.02252252252252,288.04529172445586,-50.02252252252252,288.04529172445586
andes_2020012000_top06_2020,andes,top06_2020,precip_large_zwd,zwd,zwd,q850_box_mean_g_per_kg,per-timestep spatial mean,actual_vs_uniform_zwd,24,enc_s1_skip,mountain_near,8.400524139404297,8.470154762268066,8.400524139404297,0.06963062286376953,0.0,0.0,-30.02252252252252,288.04529172445586,-50.02252252252252,288.04529172445586
andes_2020012000_top06_2020,andes,top06_2020,precip_large_zwd,zwd,zwd,q850_box_mean_g_per_kg,per-timestep spatial mean,actual_vs_uniform_zwd,24,enc_s1_skip,upstream,8.400524139404297,8.470154762268066,8.400524139404297,0.06963062286376953,0.0,0.0,-30.02252252252252,288.04529172445586,-50.02252252252252,288.04529172445586
andes_2020012000_top06_2020,andes,top06_2020,precip_large_zwd,zwd,zwd,q850_box_mean_g_per_kg,per-timestep spatial mean,actual_vs_uniform_zwd,24,enc_s1_skip,hotspot_gaussian,8.400524139404297,8.470154762268066,8.400524139404297,0.06963062286376953,0.0,0.0,-30.02252252252252,288.04529172445586,-50.02252252252252,288.04529172445586
andes_2020012000_top06_2020,andes,top06_2020,precip_large_zwd,zwd,zwd,q850_box_mean_g_per_kg,per-timestep spatial mean,actual_vs_uniform_zwd,24,enc_s1_skip,low_near_gaussian,8.400524139404297,8.470154762268066,8.400524139404297,0.06963062286376953,0.0,0.0,-30.02252252252252,288.04529172445586,-50.02252252252252,288.04529172445586
andes_2020012000_top06_2020,andes,top06_2020,precip_large_zwd,zwd,zwd,q850_box_mean_g_per_kg,per-timestep spatial mean,actual_vs_uniform_zwd,24,enc_s1_skip,remote_control,8.400524139404297,8.470154762268066,8.400524139404297,0.06963062286376953,0.0,0.0,-30.02252252252252,288.04529172445586,-50.02252252252252,288.04529172445586
andes_2020012000_top06_2020,andes,top06_2020,precip_large_zwd,zwd,zwd,q850_box_mean_g_per_kg,per-timestep spatial mean,actual_vs_uniform_zwd,24,enc_s2_bottleneck,whole,8.400524139404297,8.470154762268066,8.370931625366211,0.06963062286376953,-0.029592514038085938,-0.42499280949967816,-30.02252252252252,288.04529172445586,-50.02252252252252,288.04529172445586
andes_2020012000_top06_2020,andes,top06_2020,precip_large_zwd,zwd,zwd,q850_box_mean_g_per_kg,per-timestep spatial mean,actual_vs_uniform_zwd,24,enc_s2_bottleneck,target_box,8.400524139404297,8.470154762268066,8.401762008666992,0.06963062286376953,0.0012378692626953125,0.017777656033856986,-30.02252252252252,288.04529172445586,-50.02252252252252,288.04529172445586
andes_2020012000_top06_2020,andes,top06_2020,precip_large_zwd,zwd,zwd,q850_box_mean_g_per_kg,per-timestep spatial mean,actual_vs_uniform_zwd,24,enc_s2_bottleneck,mountain_near,8.400524139404297,8.470154762268066,8.387964248657227,0.06963062286376953,-0.012559890747070312,-0.18037883664552887,-30.02252252252252,288.04529172445586,-50.02252252252252,288.04529172445586
andes_2020012000_top06_2020,andes,top06_2020,precip_large_zwd,zwd,zwd,q850_box_mean_g_per_kg,per-timestep spatial mean,actual_vs_uniform_zwd,24,enc_s2_bottleneck,upstream,8.400524139404297,8.470154762268066,8.424405097961426,0.06963062286376953,0.023880958557128906,0.3429663210661115,-30.02252252252252,288.04529172445586,-50.02252252252252,288.04529172445586
andes_2020012000_top06_2020,andes,top06_2020,precip_large_zwd,zwd,zwd,q850_box_mean_g_per_kg,per-timestep spatial mean,actual_vs_uniform_zwd,24,enc_s2_bottleneck,hotspot_gaussian,8.400524139404297,8.470154762268066,8.39700984954834,0.06963062286376953,-0.0035142898559570312,-0.05047046416391601,-30.02252252252252,288.04529172445586,-50.02252252252252,288.04529172445586
andes_2020012000_top06_2020,andes,top06_2020,precip_large_zwd,zwd,zwd,q850_box_mean_g_per_kg,per-timestep spatial mean,actual_vs_uniform_zwd,24,enc_s2_bottleneck,low_near_gaussian,8.400524139404297,8.470154762268066,8.403985977172852,0.06963062286376953,0.0034618377685546875,0.04971717365400682,-30.02252252252252,288.04529172445586,-50.02252252252252,288.04529172445586
andes_2020012000_top06_2020,andes,top06_2020,precip_large_zwd,zwd,zwd,q850_box_mean_g_per_kg,per-timestep spatial mean,actual_vs_uniform_zwd,24,enc_s2_bottleneck,remote_control,8.400524139404297,8.470154762268066,8.395612716674805,0.06963062286376953,-0.0049114227294921875,-0.07053538410967909,-30.02252252252252,288.04529172445586,-50.02252252252252,288.04529172445586
andes_2020012000_top06_2020,andes,top06_2020,precip_large_zwd,zwd,zwd,q850_box_mean_g_per_kg,per-timestep spatial mean,actual_vs_uniform_zwd,24,dec_s0_pre_skip,whole,8.400524139404297,8.470154762268066,8.370931625366211,0.06963062286376953,-0.029592514038085938,-0.42499280949967816,-30.02252252252252,288.04529172445586,-50.02252252252252,288.04529172445586
andes_2020012000_top06_2020,andes,top06_2020,precip_large_zwd,zwd,zwd,q850_box_mean_g_per_kg,per-timestep spatial mean,actual_vs_uniform_zwd,24,dec_s0_pre_skip,target_box,8.400524139404297,8.470154762268066,8.401762008666992,0.06963062286376953,0.0012378692626953125,0.017777656033856986,-30.02252252252252,288.04529172445586,-50.02252252252252,288.04529172445586
andes_2020012000_top06_2020,andes,top06_2020,precip_large_zwd,zwd,zwd,q850_box_mean_g_per_kg,per-timestep spatial mean,actual_vs_uniform_zwd,24,dec_s0_pre_skip,mountain_near,8.400524139404297,8.470154762268066,8.387964248657227,0.06963062286376953,-0.012559890747070312,-0.18037883664552887,-30.02252252252252,288.04529172445586,-50.02252252252252,288.04529172445586
andes_2020012000_top06_2020,andes,top06_2020,precip_large_zwd,zwd,zwd,q850_box_mean_g_per_kg,per-timestep spatial mean,actual_vs_uniform_zwd,24,dec_s0_pre_skip,upstream,8.400524139404297,8.470154762268066,8.424405097961426,0.06963062286376953,0.023880958557128906,0.3429663210661115,-30.02252252252252,288.04529172445586,-50.02252252252252,288.04529172445586
andes_2020012000_top06_2020,andes,top06_2020,precip_large_zwd,zwd,zwd,q850_box_mean_g_per_kg,per-timestep spatial mean,actual_vs_uniform_zwd,24,dec_s0_pre_skip,hotspot_gaussian,8.400524139404297,8.470154762268066,8.39700984954834,0.06963062286376953,-0.0035142898559570312,-0.05047046416391601,-30.02252252252252,288.04529172445586,-50.02252252252252,288.04529172445586
andes_2020012000_top06_2020,andes,top06_2020,precip_large_zwd,zwd,zwd,q850_box_mean_g_per_kg,per-timestep spatial mean,actual_vs_uniform_zwd,24,dec_s0_pre_skip,low_near_gaussian,8.400524139404297,8.470154762268066,8.403985977172852,0.06963062286376953,0.0034618377685546875,0.04971717365400682,-30.02252252252252,288.04529172445586,-50.02252252252252,288.04529172445586
andes_2020012000_top06_2020,andes,top06_2020,precip_large_zwd,zwd,zwd,q850_box_mean_g_per_kg,per-timestep spatial mean,actual_vs_uniform_zwd,24,dec_s0_pre_skip,remote_control,8.400524139404297,8.470154762268066,8.395612716674805,0.06963062286376953,-0.0049114227294921875,-0.07053538410967909,-30.02252252252252,288.04529172445586,-50.02252252252252,288.04529172445586
andes_2020012000_top06_2020,andes,top06_2020,precip_large_zwd,zwd,zwd,q850_box_mean_g_per_kg,per-timestep spatial mean,actual_vs_uniform_zwd,24,dec_s1_pre_skip,whole,8.400524139404297,8.470154762268066,8.370440483093262,0.06963062286376953,-0.030083656311035156,-0.43204634791064606,-30.02252252252252,288.04529172445586,-50.02252252252252,288.04529172445586
andes_2020012000_top06_2020,andes,top06_2020,precip_large_zwd,zwd,zwd,q850_box_mean_g_per_kg,per-timestep spatial mean,actual_vs_uniform_zwd,24,dec_s1_pre_skip,target_box,8.400524139404297,8.470154762268066,8.392026901245117,0.06963062286376953,-0.008497238159179688,-0.12203306260528947,-30.02252252252252,288.04529172445586,-50.02252252252252,288.04529172445586
andes_2020012000_top06_2020,andes,top06_2020,precip_large_zwd,zwd,zwd,q850_box_mean_g_per_kg,per-timestep spatial mean,actual_vs_uniform_zwd,24,dec_s1_pre_skip,mountain_near,8.400524139404297,8.470154762268066,8.364542007446289,0.06963062286376953,-0.03598213195800781,-0.5167572897977073,-30.02252252252252,288.04529172445586,-50.02252252252252,288.04529172445586
andes_2020012000_top06_2020,andes,top06_2020,precip_large_zwd,zwd,zwd,q850_box_mean_g_per_kg,per-timestep spatial mean,actual_vs_uniform_zwd,24,dec_s1_pre_skip,upstream,8.400524139404297,8.470154762268066,8.415552139282227,0.06963062286376953,0.015027999877929688,0.21582457918452877,-30.02252252252252,288.04529172445586,-50.02252252252252,288.04529172445586
andes_2020012000_top06_2020,andes,top06_2020,precip_large_zwd,zwd,zwd,q850_box_mean_g_per_kg,per-timestep spatial mean,actual_vs_uniform_zwd,24,dec_s1_pre_skip,hotspot_gaussian,8.400524139404297,8.470154762268066,8.360790252685547,0.06963062286376953,-0.03973388671875,-0.5706381055428486,-30.02252252252252,288.04529172445586,-50.02252252252252,288.04529172445586
andes_2020012000_top06_2020,andes,top06_2020,precip_large_zwd,zwd,zwd,q850_box_mean_g_per_kg,per-timestep spatial mean,actual_vs_uniform_zwd,24,dec_s1_pre_skip,low_near_gaussian,8.400524139404297,8.470154762268066,8.403237342834473,0.06963062286376953,0.0027132034301757812,0.03896566364893923,-30.02252252252252,288.04529172445586,-50.02252252252252,288.04529172445586
andes_2020012000_top06_2020,andes,top06_2020,precip_large_zwd,zwd,zwd,q850_box_mean_g_per_kg,per-timestep spatial mean,actual_vs_uniform_zwd,24,dec_s1_pre_skip,remote_control,8.400524139404297,8.470154762268066,8.3985595703125,0.06963062286376953,-0.001964569091796875,-0.02821415364387164,-30.02252252252252,288.04529172445586,-50.02252252252252,288.04529172445586
andes_2020012000_top06_2020,andes,top06_2020,precip_large_zwd,zwd,zwd,q850_box_mean_g_per_kg,per-timestep spatial mean,actual_vs_uniform_zwd,24,dec_s1_post_skip,whole,8.400524139404297,8.470154762268066,8.383710861206055,0.06963062286376953,-0.016813278198242188,-0.2414638489036199,-30.02252252252252,288.04529172445586,-50.02252252252252,288.04529172445586
andes_2020012000_top06_2020,andes,top06_2020,precip_large_zwd,zwd,zwd,q850_box_mean_g_per_kg,per-timestep spatial mean,actual_vs_uniform_zwd,24,dec_s1_post_skip,target_box,8.400524139404297,8.470154762268066,8.34467887878418,0.06963062286376953,-0.05584526062011719,-0.8020215578047745,-30.02252252252252,288.04529172445586,-50.02252252252252,288.04529172445586
andes_2020012000_top06_2020,andes,top06_2020,precip_large_zwd,zwd,zwd,q850_box_mean_g_per_kg,per-timestep spatial mean,actual_vs_uniform_zwd,24,dec_s1_post_skip,mountain_near,8.400524139404297,8.470154762268066,8.332850456237793,0.06963062286376953,-0.0676736831665039,-0.9718954158848424,-30.02252252252252,288.04529172445586,-50.02252252252252,288.04529172445586
andes_2020012000_top06_2020,andes,top06_2020,precip_large_zwd,zwd,zwd,q850_box_mean_g_per_kg,per-timestep spatial mean,actual_vs_uniform_zwd,24,dec_s1_post_skip,upstream,8.400524139404297,8.470154762268066,8.459800720214844,0.06963062286376953,0.059276580810546875,0.851300453343925,-30.02252252252252,288.04529172445586,-50.02252252252252,288.04529172445586
andes_2020012000_top06_2020,andes,top06_2020,precip_large_zwd,zwd,zwd,q850_box_mean_g_per_kg,per-timestep spatial mean,actual_vs_uniform_zwd,24,dec_s1_post_skip,hotspot_gaussian,8.400524139404297,8.470154762268066,8.385525703430176,0.06963062286376953,-0.014998435974121094,-0.21539999726076178,-30.02252252252252,288.04529172445586,-50.02252252252252,288.04529172445586
andes_2020012000_top06_2020,andes,top06_2020,precip_large_zwd,zwd,zwd,q850_box_mean_g_per_kg,per-timestep spatial mean,actual_vs_uniform_zwd,24,dec_s1_post_skip,low_near_gaussian,8.400524139404297,8.470154762268066,8.40664291381836,0.06963062286376953,0.0061187744140625,0.08787476202867982,-30.02252252252252,288.04529172445586,-50.02252252252252,288.04529172445586
andes_2020012000_top06_2020,andes,top06_2020,precip_large_zwd,zwd,zwd,q850_box_mean_g_per_kg,per-timestep spatial mean,actual_vs_uniform_zwd,24,dec_s1_post_skip,remote_control,8.400524139404297,8.470154762268066,8.397943496704102,0.06963062286376953,-0.0025806427001953125,-0.037061893087532355,-30.02252252252252,288.04529172445586,-50.02252252252252,288.04529172445586
andes_2020012000_top06_2020,andes,top06_2020,precip_large_zwd,zwd,zwd,q850_box_mean_g_per_kg,per-timestep spatial mean,actual_vs_uniform_zwd,24,dec_s2_pre_concat,whole,8.400524139404297,8.470154762268066,8.383710861206055,0.06963062286376953,-0.016813278198242188,-0.2414638489036199,-30.02252252252252,288.04529172445586,-50.02252252252252,288.04529172445586
andes_2020012000_top06_2020,andes,top06_2020,precip_large_zwd,zwd,zwd,q850_box_mean_g_per_kg,per-timestep spatial mean,actual_vs_uniform_zwd,24,dec_s2_pre_concat,target_box,8.400524139404297,8.470154762268066,8.34467887878418,0.06963062286376953,-0.05584526062011719,-0.8020215578047745,-30.02252252252252,288.04529172445586,-50.02252252252252,288.04529172445586
andes_2020012000_top06_2020,andes,top06_2020,precip_large_zwd,zwd,zwd,q850_box_mean_g_per_kg,per-timestep spatial mean,actual_vs_uniform_zwd,24,dec_s2_pre_concat,mountain_near,8.400524139404297,8.470154762268066,8.332850456237793,0.06963062286376953,-0.0676736831665039,-0.9718954158848424,-30.02252252252252,288.04529172445586,-50.02252252252252,288.04529172445586
andes_2020012000_top06_2020,andes,top06_2020,precip_large_zwd,zwd,zwd,q850_box_mean_g_per_kg,per-timestep spatial mean,actual_vs_uniform_zwd,24,dec_s2_pre_concat,upstream,8.400524139404297,8.470154762268066,8.459800720214844,0.06963062286376953,0.059276580810546875,0.851300453343925,-30.02252252252252,288.04529172445586,-50.02252252252252,288.04529172445586
andes_2020012000_top06_2020,andes,top06_2020,precip_large_zwd,zwd,zwd,q850_box_mean_g_per_kg,per-timestep spatial mean,actual_vs_uniform_zwd,24,dec_s2_pre_concat,hotspot_gaussian,8.400524139404297,8.470154762268066,8.385525703430176,0.06963062286376953,-0.014998435974121094,-0.21539999726076178,-30.02252252252252,288.04529172445586,-50.02252252252252,288.04529172445586
andes_2020012000_top06_2020,andes,top06_2020,precip_large_zwd,zwd,zwd,q850_box_mean_g_per_kg,per-timestep spatial mean,actual_vs_uniform_zwd,24,dec_s2_pre_concat,low_near_gaussian,8.400524139404297,8.470154762268066,8.40664291381836,0.06963062286376953,0.0061187744140625,0.08787476202867982,-30.02252252252252,288.04529172445586,-50.02252252252252,288.04529172445586
andes_2020012000_top06_2020,andes,top06_2020,precip_large_zwd,zwd,zwd,q850_box_mean_g_per_kg,per-timestep spatial mean,actual_vs_uniform_zwd,24,dec_s2_pre_concat,remote_control,8.400524139404297,8.470154762268066,8.397943496704102,0.06963062286376953,-0.0025806427001953125,-0.037061893087532355,-30.02252252252252,288.04529172445586,-50.02252252252252,288.04529172445586
andes_2020012000_top06_2020,andes,top06_2020,precip_large_zwd,zwd,zwd,q850_box_mean_g_per_kg,per-timestep spatial mean,actual_vs_uniform_zwd,24,dec_s2_post_concat,whole,8.400524139404297,8.470154762268066,8.42729377746582,0.06963062286376953,0.026769638061523438,0.38445208387547425,-30.02252252252252,288.04529172445586,-50.02252252252252,288.04529172445586
andes_2020012000_top06_2020,andes,top06_2020,precip_large_zwd,zwd,zwd,q850_box_mean_g_per_kg,per-timestep spatial mean,actual_vs_uniform_zwd,24,dec_s2_post_concat,target_box,8.400524139404297,8.470154762268066,8.40523624420166,0.06963062286376953,0.004712104797363281,0.06767288017202416,-30.02252252252252,288.04529172445586,-50.02252252252252,288.04529172445586
andes_2020012000_top06_2020,andes,top06_2020,precip_large_zwd,zwd,zwd,q850_box_mean_g_per_kg,per-timestep spatial mean,actual_vs_uniform_zwd,24,dec_s2_post_concat,mountain_near,8.400524139404297,8.470154762268066,8.381115913391113,0.06963062286376953,-0.019408226013183594,-0.27873118485749115,-30.02252252252252,288.04529172445586,-50.02252252252252,288.04529172445586
andes_2020012000_top06_2020,andes,top06_2020,precip_large_zwd,zwd,zwd,q850_box_mean_g_per_kg,per-timestep spatial mean,actual_vs_uniform_zwd,24,dec_s2_post_concat,upstream,8.400524139404297,8.470154762268066,8.531301498413086,0.06963062286376953,0.13077735900878906,1.8781586840699602,-30.02252252252252,288.04529172445586,-50.02252252252252,288.04529172445586
andes_2020012000_top06_2020,andes,top06_2020,precip_large_zwd,zwd,zwd,q850_box_mean_g_per_kg,per-timestep spatial mean,actual_vs_uniform_zwd,24,dec_s2_post_concat,hotspot_gaussian,8.400524139404297,8.470154762268066,8.490195274353027,0.06963062286376953,0.08967113494873047,1.2878117595496692,-30.02252252252252,288.04529172445586,-50.02252252252252,288.04529172445586
andes_2020012000_top06_2020,andes,top06_2020,precip_large_zwd,zwd,zwd,q850_box_mean_g_per_kg,per-timestep spatial mean,actual_vs_uniform_zwd,24,dec_s2_post_concat,low_near_gaussian,8.400524139404297,8.470154762268066,8.410256385803223,0.06963062286376953,0.009732246398925781,0.13976963006587867,-30.02252252252252,288.04529172445586,-50.02252252252252,288.04529172445586
andes_2020012000_top06_2020,andes,top06_2020,precip_large_zwd,zwd,zwd,q850_box_mean_g_per_kg,per-timestep spatial mean,actual_vs_uniform_zwd,24,dec_s2_post_concat,remote_control,8.400524139404297,8.470154762268066,8.394912719726562,0.06963062286376953,-0.005611419677734375,-0.08058838836919453,-30.02252252252252,288.04529172445586,-50.02252252252252,288.04529172445586
great_plains_2020031912_top06_2020,great_plains,top06_2020,precip_large_zwd,zwd,zwd,q850_box_mean_g_per_kg,per-timestep spatial mean,actual_vs_uniform_zwd,6,enc_s0_skip,whole,7.436614036560059,7.374532699584961,7.622921943664551,-0.062081336975097656,0.1863079071044922,-3.0010292332980013,36.47747747747748,264.5189286960998,56.47747747747748,264.5189286960998
great_plains_2020031912_top06_2020,great_plains,top06_2020,precip_large_zwd,zwd,zwd,q850_box_mean_g_per_kg,per-timestep spatial mean,actual_vs_uniform_zwd,6,enc_s0_skip,target_box,7.436614036560059,7.374532699584961,7.578224182128906,-0.062081336975097656,0.14161014556884766,-2.281042137118454,36.47747747747748,264.5189286960998,56.47747747747748,264.5189286960998
great_plains_2020031912_top06_2020,great_plains,top06_2020,precip_large_zwd,zwd,zwd,q850_box_mean_g_per_kg,per-timestep spatial mean,actual_vs_uniform_zwd,6,enc_s0_skip,mountain_near,7.436614036560059,7.374532699584961,7.427079677581787,-0.062081336975097656,-0.009534358978271484,0.1535785059219319,36.47747747747748,264.5189286960998,56.47747747747748,264.5189286960998
great_plains_2020031912_top06_2020,great_plains,top06_2020,precip_large_zwd,zwd,zwd,q850_box_mean_g_per_kg,per-timestep spatial mean,actual_vs_uniform_zwd,6,enc_s0_skip,upstream,7.436614036560059,7.374532699584961,7.483973503112793,-0.062081336975097656,0.047359466552734375,-0.7628615758022643,36.47747747747748,264.5189286960998,56.47747747747748,264.5189286960998
great_plains_2020031912_top06_2020,great_plains,top06_2020,precip_large_zwd,zwd,zwd,q850_box_mean_g_per_kg,per-timestep spatial mean,actual_vs_uniform_zwd,6,enc_s0_skip,hotspot_gaussian,7.436614036560059,7.374532699584961,7.608580112457275,-0.062081336975097656,0.1719660758972168,-2.770012442969722,36.47747747747748,264.5189286960998,56.47747747747748,264.5189286960998
great_plains_2020031912_top06_2020,great_plains,top06_2020,precip_large_zwd,zwd,zwd,q850_box_mean_g_per_kg,per-timestep spatial mean,actual_vs_uniform_zwd,6,enc_s0_skip,low_near_gaussian,7.436614036560059,7.374532699584961,7.438994884490967,-0.062081336975097656,0.002380847930908203,-0.038350461618815,36.47747747747748,264.5189286960998,56.47747747747748,264.5189286960998
great_plains_2020031912_top06_2020,great_plains,top06_2020,precip_large_zwd,zwd,zwd,q850_box_mean_g_per_kg,per-timestep spatial mean,actual_vs_uniform_zwd,6,enc_s0_skip,remote_control,7.436614036560059,7.374532699584961,7.436687469482422,-0.062081336975097656,7.343292236328125e-05,-0.0011828502081509132,36.47747747747748,264.5189286960998,56.47747747747748,264.5189286960998
great_plains_2020031912_top06_2020,great_plains,top06_2020,precip_large_zwd,zwd,zwd,q850_box_mean_g_per_kg,per-timestep spatial mean,actual_vs_uniform_zwd,6,enc_s1_skip,whole,7.436614036560059,7.374532699584961,7.436614036560059,-0.062081336975097656,0.0,-0.0,36.47747747747748,264.5189286960998,56.47747747747748,264.5189286960998
great_plains_2020031912_top06_2020,great_plains,top06_2020,precip_large_zwd,zwd,zwd,q850_box_mean_g_per_kg,per-timestep spatial mean,actual_vs_uniform_zwd,6,enc_s1_skip,target_box,7.436614036560059,7.374532699584961,7.436614036560059,-0.062081336975097656,0.0,-0.0,36.47747747747748,264.5189286960998,56.47747747747748,264.5189286960998
great_plains_2020031912_top06_2020,great_plains,top06_2020,precip_large_zwd,zwd,zwd,q850_box_mean_g_per_kg,per-timestep spatial mean,actual_vs_uniform_zwd,6,enc_s1_skip,mountain_near,7.436614036560059,7.374532699584961,7.436614036560059,-0.062081336975097656,0.0,-0.0,36.47747747747748,264.5189286960998,56.47747747747748,264.5189286960998
great_plains_2020031912_top06_2020,great_plains,top06_2020,precip_large_zwd,zwd,zwd,q850_box_mean_g_per_kg,per-timestep spatial mean,actual_vs_uniform_zwd,6,enc_s1_skip,upstream,7.436614036560059,7.374532699584961,7.436614036560059,-0.062081336975097656,0.0,-0.0,36.47747747747748,264.5189286960998,56.47747747747748,264.5189286960998
great_plains_2020031912_top06_2020,great_plains,top06_2020,precip_large_zwd,zwd,zwd,q850_box_mean_g_per_kg,per-timestep spatial mean,actual_vs_uniform_zwd,6,enc_s1_skip,hotspot_gaussian,7.436614036560059,7.374532699584961,7.436614036560059,-0.062081336975097656,0.0,-0.0,36.47747747747748,264.5189286960998,56.47747747747748,264.5189286960998
great_plains_2020031912_top06_2020,great_plains,top06_2020,precip_large_zwd,zwd,zwd,q850_box_mean_g_per_kg,per-timestep spatial mean,actual_vs_uniform_zwd,6,enc_s1_skip,low_near_gaussian,7.436614036560059,7.374532699584961,7.436614036560059,-0.062081336975097656,0.0,-0.0,36.47747747747748,264.5189286960998,56.47747747747748,264.5189286960998
great_plains_2020031912_top06_2020,great_plains,top06_2020,precip_large_zwd,zwd,zwd,q850_box_mean_g_per_kg,per-timestep spatial mean,actual_vs_uniform_zwd,6,enc_s1_skip,remote_control,7.436614036560059,7.374532699584961,7.436614036560059,-0.062081336975097656,0.0,-0.0,36.47747747747748,264.5189286960998,56.47747747747748,264.5189286960998
great_plains_2020031912_top06_2020,great_plains,top06_2020,precip_large_zwd,zwd,zwd,q850_box_mean_g_per_kg,per-timestep spatial mean,actual_vs_uniform_zwd,6,enc_s2_bottleneck,whole,7.436614036560059,7.374532699584961,7.180117607116699,-0.062081336975097656,-0.2564964294433594,4.131618968616065,36.47747747747748,264.5189286960998,56.47747747747748,264.5189286960998
great_plains_2020031912_top06_2020,great_plains,top06_2020,precip_large_zwd,zwd,zwd,q850_box_mean_g_per_kg,per-timestep spatial mean,actual_vs_uniform_zwd,6,enc_s2_bottleneck,target_box,7.436614036560059,7.374532699584961,7.416264057159424,-0.062081336975097656,-0.020349979400634766,0.32779544372244496,36.47747747747748,264.5189286960998,56.47747747747748,264.5189286960998
great_plains_2020031912_top06_2020,great_plains,top06_2020,precip_large_zwd,zwd,zwd,q850_box_mean_g_per_kg,per-timestep spatial mean,actual_vs_uniform_zwd,6,enc_s2_bottleneck,mountain_near,7.436614036560059,7.374532699584961,7.453871726989746,-0.062081336975097656,0.0172576904296875,-0.27798516060647954,36.47747747747748,264.5189286960998,56.47747747747748,264.5189286960998
great_plains_2020031912_top06_2020,great_plains,top06_2020,precip_large_zwd,zwd,zwd,q850_box_mean_g_per_kg,per-timestep spatial mean,actual_vs_uniform_zwd,6,enc_s2_bottleneck,upstream,7.436614036560059,7.374532699584961,7.340109348297119,-0.062081336975097656,-0.09650468826293945,1.5544879180300168,36.47747747747748,264.5189286960998,56.47747747747748,264.5189286960998
great_plains_2020031912_top06_2020,great_plains,top06_2020,precip_large_zwd,zwd,zwd,q850_box_mean_g_per_kg,per-timestep spatial mean,actual_vs_uniform_zwd,6,enc_s2_bottleneck,hotspot_gaussian,7.436614036560059,7.374532699584961,7.2523088455200195,-0.062081336975097656,-0.18430519104003906,2.968769682166613,36.47747747747748,264.5189286960998,56.47747747747748,264.5189286960998
great_plains_2020031912_top06_2020,great_plains,top06_2020,precip_large_zwd,zwd,zwd,q850_box_mean_g_per_kg,per-timestep spatial mean,actual_vs_uniform_zwd,6,enc_s2_bottleneck,low_near_gaussian,7.436614036560059,7.374532699584961,7.432161808013916,-0.062081336975097656,-0.004452228546142578,0.07171605450327972,36.47747747747748,264.5189286960998,56.47747747747748,264.5189286960998
great_plains_2020031912_top06_2020,great_plains,top06_2020,precip_large_zwd,zwd,zwd,q850_box_mean_g_per_kg,per-timestep spatial mean,actual_vs_uniform_zwd,6,enc_s2_bottleneck,remote_control,7.436614036560059,7.374532699584961,7.438326835632324,-0.062081336975097656,0.001712799072265625,-0.027589597062844678,36.47747747747748,264.5189286960998,56.47747747747748,264.5189286960998
great_plains_2020031912_top06_2020,great_plains,top06_2020,precip_large_zwd,zwd,zwd,q850_box_mean_g_per_kg,per-timestep spatial mean,actual_vs_uniform_zwd,6,dec_s0_pre_skip,whole,7.436614036560059,7.374532699584961,7.180117607116699,-0.062081336975097656,-0.2564964294433594,4.131618968616065,36.47747747747748,264.5189286960998,56.47747747747748,264.5189286960998
great_plains_2020031912_top06_2020,great_plains,top06_2020,precip_large_zwd,zwd,zwd,q850_box_mean_g_per_kg,per-timestep spatial mean,actual_vs_uniform_zwd,6,dec_s0_pre_skip,target_box,7.436614036560059,7.374532699584961,7.416264057159424,-0.062081336975097656,-0.020349979400634766,0.32779544372244496,36.47747747747748,264.5189286960998,56.47747747747748,264.5189286960998
great_plains_2020031912_top06_2020,great_plains,top06_2020,precip_large_zwd,zwd,zwd,q850_box_mean_g_per_kg,per-timestep spatial mean,actual_vs_uniform_zwd,6,dec_s0_pre_skip,mountain_near,7.436614036560059,7.374532699584961,7.453871726989746,-0.062081336975097656,0.0172576904296875,-0.27798516060647954,36.47747747747748,264.5189286960998,56.47747747747748,264.5189286960998
great_plains_2020031912_top06_2020,great_plains,top06_2020,precip_large_zwd,zwd,zwd,q850_box_mean_g_per_kg,per-timestep spatial mean,actual_vs_uniform_zwd,6,dec_s0_pre_skip,upstream,7.436614036560059,7.374532699584961,7.340109348297119,-0.062081336975097656,-0.09650468826293945,1.5544879180300168,36.47747747747748,264.5189286960998,56.47747747747748,264.5189286960998
great_plains_2020031912_top06_2020,great_plains,top06_2020,precip_large_zwd,zwd,zwd,q850_box_mean_g_per_kg,per-timestep spatial mean,actual_vs_uniform_zwd,6,dec_s0_pre_skip,hotspot_gaussian,7.436614036560059,7.374532699584961,7.2523088455200195,-0.062081336975097656,-0.18430519104003906,2.968769682166613,36.47747747747748,264.5189286960998,56.47747747747748,264.5189286960998
great_plains_2020031912_top06_2020,great_plains,top06_2020,precip_large_zwd,zwd,zwd,q850_box_mean_g_per_kg,per-timestep spatial mean,actual_vs_uniform_zwd,6,dec_s0_pre_skip,low_near_gaussian,7.436614036560059,7.374532699584961,7.432161808013916,-0.062081336975097656,-0.004452228546142578,0.07171605450327972,36.47747747747748,264.5189286960998,56.47747747747748,264.5189286960998
great_plains_2020031912_top06_2020,great_plains,top06_2020,precip_large_zwd,zwd,zwd,q850_box_mean_g_per_kg,per-timestep spatial mean,actual_vs_uniform_zwd,6,dec_s0_pre_skip,remote_control,7.436614036560059,7.374532699584961,7.438326835632324,-0.062081336975097656,0.001712799072265625,-0.027589597062844678,36.47747747747748,264.5189286960998,56.47747747747748,264.5189286960998
great_plains_2020031912_top06_2020,great_plains,top06_2020,precip_large_zwd,zwd,zwd,q850_box_mean_g_per_kg,per-timestep spatial mean,actual_vs_uniform_zwd,6,dec_s1_pre_skip,whole,7.436614036560059,7.374532699584961,7.186095237731934,-0.062081336975097656,-0.250518798828125,4.035331889334378,36.47747747747748,264.5189286960998,56.47747747747748,264.5189286960998
great_plains_2020031912_top06_2020,great_plains,top06_2020,precip_large_zwd,zwd,zwd,q850_box_mean_g_per_kg,per-timestep spatial mean,actual_vs_uniform_zwd,6,dec_s1_pre_skip,target_box,7.436614036560059,7.374532699584961,7.327516078948975,-0.062081336975097656,-0.10909795761108398,1.757339047882391,36.47747747747748,264.5189286960998,56.47747747747748,264.5189286960998
great_plains_2020031912_top06_2020,great_plains,top06_2020,precip_large_zwd,zwd,zwd,q850_box_mean_g_per_kg,per-timestep spatial mean,actual_vs_uniform_zwd,6,dec_s1_pre_skip,mountain_near,7.436614036560059,7.374532699584961,7.453242301940918,-0.062081336975097656,0.016628265380859375,-0.2678464445366146,36.47747747747748,264.5189286960998,56.47747747747748,264.5189286960998
great_plains_2020031912_top06_2020,great_plains,top06_2020,precip_large_zwd,zwd,zwd,q850_box_mean_g_per_kg,per-timestep spatial mean,actual_vs_uniform_zwd,6,dec_s1_pre_skip,upstream,7.436614036560059,7.374532699584961,7.291337966918945,-0.062081336975097656,-0.14527606964111328,2.34009247737991,36.47747747747748,264.5189286960998,56.47747747747748,264.5189286960998
great_plains_2020031912_top06_2020,great_plains,top06_2020,precip_large_zwd,zwd,zwd,q850_box_mean_g_per_kg,per-timestep spatial mean,actual_vs_uniform_zwd,6,dec_s1_pre_skip,hotspot_gaussian,7.436614036560059,7.374532699584961,7.20261287689209,-0.062081336975097656,-0.23400115966796875,3.7692674009554974,36.47747747747748,264.5189286960998,56.47747747747748,264.5189286960998
great_plains_2020031912_top06_2020,great_plains,top06_2020,precip_large_zwd,zwd,zwd,q850_box_mean_g_per_kg,per-timestep spatial mean,actual_vs_uniform_zwd,6,dec_s1_pre_skip,low_near_gaussian,7.436614036560059,7.374532699584961,7.438098430633545,-0.062081336975097656,0.0014843940734863281,-0.02391047206476489,36.47747747747748,264.5189286960998,56.47747747747748,264.5189286960998
great_plains_2020031912_top06_2020,great_plains,top06_2020,precip_large_zwd,zwd,zwd,q850_box_mean_g_per_kg,per-timestep spatial mean,actual_vs_uniform_zwd,6,dec_s1_pre_skip,remote_control,7.436614036560059,7.374532699584961,7.435945987701416,-0.062081336975097656,-0.0006680488586425781,0.010760864555970322,36.47747747747748,264.5189286960998,56.47747747747748,264.5189286960998
great_plains_2020031912_top06_2020,great_plains,top06_2020,precip_large_zwd,zwd,zwd,q850_box_mean_g_per_kg,per-timestep spatial mean,actual_vs_uniform_zwd,6,dec_s1_post_skip,whole,7.436614036560059,7.374532699584961,7.296291828155518,-0.062081336975097656,-0.14032220840454102,2.260296173402768,36.47747747747748,264.5189286960998,56.47747747747748,264.5189286960998
great_plains_2020031912_top06_2020,great_plains,top06_2020,precip_large_zwd,zwd,zwd,q850_box_mean_g_per_kg,per-timestep spatial mean,actual_vs_uniform_zwd,6,dec_s1_post_skip,target_box,7.436614036560059,7.374532699584961,7.322511672973633,-0.062081336975097656,-0.11410236358642578,1.8379495214833248,36.47747747747748,264.5189286960998,56.47747747747748,264.5189286960998
great_plains_2020031912_top06_2020,great_plains,top06_2020,precip_large_zwd,zwd,zwd,q850_box_mean_g_per_kg,per-timestep spatial mean,actual_vs_uniform_zwd,6,dec_s1_post_skip,mountain_near,7.436614036560059,7.374532699584961,7.437040328979492,-0.062081336975097656,0.00042629241943359375,-0.006866675883681276,36.47747747747748,264.5189286960998,56.47747747747748,264.5189286960998
great_plains_2020031912_top06_2020,great_plains,top06_2020,precip_large_zwd,zwd,zwd,q850_box_mean_g_per_kg,per-timestep spatial mean,actual_vs_uniform_zwd,6,dec_s1_post_skip,upstream,7.436614036560059,7.374532699584961,7.379990100860596,-0.062081336975097656,-0.05662393569946289,0.9120927231669662,36.47747747747748,264.5189286960998,56.47747747747748,264.5189286960998
great_plains_2020031912_top06_2020,great_plains,top06_2020,precip_large_zwd,zwd,zwd,q850_box_mean_g_per_kg,per-timestep spatial mean,actual_vs_uniform_zwd,6,dec_s1_post_skip,hotspot_gaussian,7.436614036560059,7.374532699584961,7.315825462341309,-0.062081336975097656,-0.12078857421875,1.9456503371891178,36.47747747747748,264.5189286960998,56.47747747747748,264.5189286960998
great_plains_2020031912_top06_2020,great_plains,top06_2020,precip_large_zwd,zwd,zwd,q850_box_mean_g_per_kg,per-timestep spatial mean,actual_vs_uniform_zwd,6,dec_s1_post_skip,low_near_gaussian,7.436614036560059,7.374532699584961,7.434401512145996,-0.062081336975097656,-0.0022125244140625,0.03563912315467687,36.47747747747748,264.5189286960998,56.47747747747748,264.5189286960998
great_plains_2020031912_top06_2020,great_plains,top06_2020,precip_large_zwd,zwd,zwd,q850_box_mean_g_per_kg,per-timestep spatial mean,actual_vs_uniform_zwd,6,dec_s1_post_skip,remote_control,7.436614036560059,7.374532699584961,7.436641693115234,-0.062081336975097656,2.765655517578125e-05,-0.0004454890394334608,36.47747747747748,264.5189286960998,56.47747747747748,264.5189286960998
great_plains_2020031912_top06_2020,great_plains,top06_2020,precip_large_zwd,zwd,zwd,q850_box_mean_g_per_kg,per-timestep spatial mean,actual_vs_uniform_zwd,6,dec_s2_pre_concat,whole,7.436614036560059,7.374532699584961,7.296291828155518,-0.062081336975097656,-0.14032220840454102,2.260296173402768,36.47747747747748,264.5189286960998,56.47747747747748,264.5189286960998
great_plains_2020031912_top06_2020,great_plains,top06_2020,precip_large_zwd,zwd,zwd,q850_box_mean_g_per_kg,per-timestep spatial mean,actual_vs_uniform_zwd,6,dec_s2_pre_concat,target_box,7.436614036560059,7.374532699584961,7.322511672973633,-0.062081336975097656,-0.11410236358642578,1.8379495214833248,36.47747747747748,264.5189286960998,56.47747747747748,264.5189286960998
great_plains_2020031912_top06_2020,great_plains,top06_2020,precip_large_zwd,zwd,zwd,q850_box_mean_g_per_kg,per-timestep spatial mean,actual_vs_uniform_zwd,6,dec_s2_pre_concat,mountain_near,7.436614036560059,7.374532699584961,7.437040328979492,-0.062081336975097656,0.00042629241943359375,-0.006866675883681276,36.47747747747748,264.5189286960998,56.47747747747748,264.5189286960998
great_plains_2020031912_top06_2020,great_plains,top06_2020,precip_large_zwd,zwd,zwd,q850_box_mean_g_per_kg,per-timestep spatial mean,actual_vs_uniform_zwd,6,dec_s2_pre_concat,upstream,7.436614036560059,7.374532699584961,7.379990100860596,-0.062081336975097656,-0.05662393569946289,0.9120927231669662,36.47747747747748,264.5189286960998,56.47747747747748,264.5189286960998
great_plains_2020031912_top06_2020,great_plains,top06_2020,precip_large_zwd,zwd,zwd,q850_box_mean_g_per_kg,per-timestep spatial mean,actual_vs_uniform_zwd,6,dec_s2_pre_concat,hotspot_gaussian,7.436614036560059,7.374532699584961,7.315825462341309,-0.062081336975097656,-0.12078857421875,1.9456503371891178,36.47747747747748,264.5189286960998,56.47747747747748,264.5189286960998
great_plains_2020031912_top06_2020,great_plains,top06_2020,precip_large_zwd,zwd,zwd,q850_box_mean_g_per_kg,per-timestep spatial mean,actual_vs_uniform_zwd,6,dec_s2_pre_concat,low_near_gaussian,7.436614036560059,7.374532699584961,7.434401512145996,-0.062081336975097656,-0.0022125244140625,0.03563912315467687,36.47747747747748,264.5189286960998,56.47747747747748,264.5189286960998
great_plains_2020031912_top06_2020,great_plains,top06_2020,precip_large_zwd,zwd,zwd,q850_box_mean_g_per_kg,per-timestep spatial mean,actual_vs_uniform_zwd,6,dec_s2_pre_concat,remote_control,7.436614036560059,7.374532699584961,7.436641693115234,-0.062081336975097656,2.765655517578125e-05,-0.0004454890394334608,36.47747747747748,264.5189286960998,56.47747747747748,264.5189286960998
great_plains_2020031912_top06_2020,great_plains,top06_2020,precip_large_zwd,zwd,zwd,q850_box_mean_g_per_kg,per-timestep spatial mean,actual_vs_uniform_zwd,6,dec_s2_post_concat,whole,7.436614036560059,7.374532699584961,7.3744707107543945,-0.062081336975097656,-0.06214332580566406,1.0009985099159715,36.47747747747748,264.5189286960998,56.47747747747748,264.5189286960998
great_plains_2020031912_top06_2020,great_plains,top06_2020,precip_large_zwd,zwd,zwd,q850_box_mean_g_per_kg,per-timestep spatial mean,actual_vs_uniform_zwd,6,dec_s2_post_concat,target_box,7.436614036560059,7.374532699584961,7.379990577697754,-0.062081336975097656,-0.05662345886230469,0.9120850423214587,36.47747747747748,264.5189286960998,56.47747747747748,264.5189286960998
great_plains_2020031912_top06_2020,great_plains,top06_2020,precip_large_zwd,zwd,zwd,q850_box_mean_g_per_kg,per-timestep spatial mean,actual_vs_uniform_zwd,6,dec_s2_post_concat,mountain_near,7.436614036560059,7.374532699584961,7.436393737792969,-0.062081336975097656,-0.00022029876708984375,0.0035485506244527397,36.47747747747748,264.5189286960998,56.47747747747748,264.5189286960998
great_plains_2020031912_top06_2020,great_plains,top06_2020,precip_large_zwd,zwd,zwd,q850_box_mean_g_per_kg,per-timestep spatial mean,actual_vs_uniform_zwd,6,dec_s2_post_concat,upstream,7.436614036560059,7.374532699584961,7.398071765899658,-0.062081336975097656,-0.03854227066040039,0.6208350615235725,36.47747747747748,264.5189286960998,56.47747747747748,264.5189286960998
great_plains_2020031912_top06_2020,great_plains,top06_2020,precip_large_zwd,zwd,zwd,q850_box_mean_g_per_kg,per-timestep spatial mean,actual_vs_uniform_zwd,6,dec_s2_post_concat,hotspot_gaussian,7.436614036560059,7.374532699584961,7.380851745605469,-0.062081336975097656,-0.055762290954589844,0.8982134353349617,36.47747747747748,264.5189286960998,56.47747747747748,264.5189286960998
great_plains_2020031912_top06_2020,great_plains,top06_2020,precip_large_zwd,zwd,zwd,q850_box_mean_g_per_kg,per-timestep spatial mean,actual_vs_uniform_zwd,6,dec_s2_post_concat,low_near_gaussian,7.436614036560059,7.374532699584961,7.435817241668701,-0.062081336975097656,-0.0007967948913574219,0.012834692842988157,36.47747747747748,264.5189286960998,56.47747747747748,264.5189286960998
great_plains_2020031912_top06_2020,great_plains,top06_2020,precip_large_zwd,zwd,zwd,q850_box_mean_g_per_kg,per-timestep spatial mean,actual_vs_uniform_zwd,6,dec_s2_post_concat,remote_control,7.436614036560059,7.374532699584961,7.436393737792969,-0.062081336975097656,-0.00022029876708984375,0.0035485506244527397,36.47747747747748,264.5189286960998,56.47747747747748,264.5189286960998
great_plains_2020031912_top06_2020,great_plains,top06_2020,precip_large_zwd,zwd,zwd,q850_box_mean_g_per_kg,per-timestep spatial mean,actual_vs_uniform_zwd,12,enc_s0_skip,whole,4.523850917816162,4.439346790313721,4.5682244300842285,-0.0845041275024414,0.044373512268066406,-0.5251046733401799,36.47747747747748,264.5189286960998,56.47747747747748,264.5189286960998
great_plains_2020031912_top06_2020,great_plains,top06_2020,precip_large_zwd,zwd,zwd,q850_box_mean_g_per_kg,per-timestep spatial mean,actual_vs_uniform_zwd,12,enc_s0_skip,target_box,4.523850917816162,4.439346790313721,4.546858310699463,-0.0845041275024414,0.02300739288330078,-0.2722635398210114,36.47747747747748,264.5189286960998,56.47747747747748,264.5189286960998
great_plains_2020031912_top06_2020,great_plains,top06_2020,precip_large_zwd,zwd,zwd,q850_box_mean_g_per_kg,per-timestep spatial mean,actual_vs_uniform_zwd,12,enc_s0_skip,mountain_near,4.523850917816162,4.439346790313721,4.496671199798584,-0.0845041275024414,-0.027179718017578125,0.3216377568869979,36.47747747747748,264.5189286960998,56.47747747747748,264.5189286960998
great_plains_2020031912_top06_2020,great_plains,top06_2020,precip_large_zwd,zwd,zwd,q850_box_mean_g_per_kg,per-timestep spatial mean,actual_vs_uniform_zwd,12,enc_s0_skip,upstream,4.523850917816162,4.439346790313721,4.6003594398498535,-0.0845041275024414,0.0765085220336914,-0.9053820717985758,36.47747747747748,264.5189286960998,56.47747747747748,264.5189286960998
great_plains_2020031912_top06_2020,great_plains,top06_2020,precip_large_zwd,zwd,zwd,q850_box_mean_g_per_kg,per-timestep spatial mean,actual_vs_uniform_zwd,12,enc_s0_skip,hotspot_gaussian,4.523850917816162,4.439346790313721,4.56255578994751,-0.0845041275024414,0.038704872131347656,-0.4580234513424144,36.47747747747748,264.5189286960998,56.47747747747748,264.5189286960998
great_plains_2020031912_top06_2020,great_plains,top06_2020,precip_large_zwd,zwd,zwd,q850_box_mean_g_per_kg,per-timestep spatial mean,actual_vs_uniform_zwd,12,enc_s0_skip,low_near_gaussian,4.523850917816162,4.439346790313721,4.529804229736328,-0.0845041275024414,0.005953311920166016,-0.07044995429358192,36.47747747747748,264.5189286960998,56.47747747747748,264.5189286960998
great_plains_2020031912_top06_2020,great_plains,top06_2020,precip_large_zwd,zwd,zwd,q850_box_mean_g_per_kg,per-timestep spatial mean,actual_vs_uniform_zwd,12,enc_s0_skip,remote_control,4.523850917816162,4.439346790313721,4.523257255554199,-0.0845041275024414,-0.0005936622619628906,0.007025245742531797,36.47747747747748,264.5189286960998,56.47747747747748,264.5189286960998
great_plains_2020031912_top06_2020,great_plains,top06_2020,precip_large_zwd,zwd,zwd,q850_box_mean_g_per_kg,per-timestep spatial mean,actual_vs_uniform_zwd,12,enc_s1_skip,whole,4.523850917816162,4.439346790313721,4.523850917816162,-0.0845041275024414,0.0,-0.0,36.47747747747748,264.5189286960998,56.47747747747748,264.5189286960998
great_plains_2020031912_top06_2020,great_plains,top06_2020,precip_large_zwd,zwd,zwd,q850_box_mean_g_per_kg,per-timestep spatial mean,actual_vs_uniform_zwd,12,enc_s1_skip,target_box,4.523850917816162,4.439346790313721,4.523850917816162,-0.0845041275024414,0.0,-0.0,36.47747747747748,264.5189286960998,56.47747747747748,264.5189286960998
great_plains_2020031912_top06_2020,great_plains,top06_2020,precip_large_zwd,zwd,zwd,q850_box_mean_g_per_kg,per-timestep spatial mean,actual_vs_uniform_zwd,12,enc_s1_skip,mountain_near,4.523850917816162,4.439346790313721,4.523850917816162,-0.0845041275024414,0.0,-0.0,36.47747747747748,264.5189286960998,56.47747747747748,264.5189286960998
great_plains_2020031912_top06_2020,great_plains,top06_2020,precip_large_zwd,zwd,zwd,q850_box_mean_g_per_kg,per-timestep spatial mean,actual_vs_uniform_zwd,12,enc_s1_skip,upstream,4.523850917816162,4.439346790313721,4.523850917816162,-0.0845041275024414,0.0,-0.0,36.47747747747748,264.5189286960998,56.47747747747748,264.5189286960998
great_plains_2020031912_top06_2020,great_plains,top06_2020,precip_large_zwd,zwd,zwd,q850_box_mean_g_per_kg,per-timestep spatial mean,actual_vs_uniform_zwd,12,enc_s1_skip,hotspot_gaussian,4.523850917816162,4.439346790313721,4.523850917816162,-0.0845041275024414,0.0,-0.0,36.47747747747748,264.5189286960998,56.47747747747748,264.5189286960998
great_plains_2020031912_top06_2020,great_plains,top06_2020,precip_large_zwd,zwd,zwd,q850_box_mean_g_per_kg,per-timestep spatial mean,actual_vs_uniform_zwd,12,enc_s1_skip,low_near_gaussian,4.523850917816162,4.439346790313721,4.523850917816162,-0.0845041275024414,0.0,-0.0,36.47747747747748,264.5189286960998,56.47747747747748,264.5189286960998
great_plains_2020031912_top06_2020,great_plains,top06_2020,precip_large_zwd,zwd,zwd,q850_box_mean_g_per_kg,per-timestep spatial mean,actual_vs_uniform_zwd,12,enc_s1_skip,remote_control,4.523850917816162,4.439346790313721,4.523850917816162,-0.0845041275024414,0.0,-0.0,36.47747747747748,264.5189286960998,56.47747747747748,264.5189286960998
great_plains_2020031912_top06_2020,great_plains,top06_2020,precip_large_zwd,zwd,zwd,q850_box_mean_g_per_kg,per-timestep spatial mean,actual_vs_uniform_zwd,12,enc_s2_bottleneck,whole,4.523850917816162,4.439346790313721,4.335473537445068,-0.0845041275024414,-0.18837738037109375,2.2292092225394713,36.47747747747748,264.5189286960998,56.47747747747748,264.5189286960998
great_plains_2020031912_top06_2020,great_plains,top06_2020,precip_large_zwd,zwd,zwd,q850_box_mean_g_per_kg,per-timestep spatial mean,actual_vs_uniform_zwd,12,enc_s2_bottleneck,target_box,4.523850917816162,4.439346790313721,4.525282859802246,-0.0845041275024414,0.0014319419860839844,-0.016945231297046576,36.47747747747748,264.5189286960998,56.47747747747748,264.5189286960998
great_plains_2020031912_top06_2020,great_plains,top06_2020,precip_large_zwd,zwd,zwd,q850_box_mean_g_per_kg,per-timestep spatial mean,actual_vs_uniform_zwd,12,enc_s2_bottleneck,mountain_near,4.523850917816162,4.439346790313721,4.348453998565674,-0.0845041275024414,-0.17539691925048828,2.0756018011714388,36.47747747747748,264.5189286960998,56.47747747747748,264.5189286960998
great_plains_2020031912_top06_2020,great_plains,top06_2020,precip_large_zwd,zwd,zwd,q850_box_mean_g_per_kg,per-timestep spatial mean,actual_vs_uniform_zwd,12,enc_s2_bottleneck,upstream,4.523850917816162,4.439346790313721,4.287222862243652,-0.0845041275024414,-0.23662805557250977,2.800195239761198,36.47747747747748,264.5189286960998,56.47747747747748,264.5189286960998
great_plains_2020031912_top06_2020,great_plains,top06_2020,precip_large_zwd,zwd,zwd,q850_box_mean_g_per_kg,per-timestep spatial mean,actual_vs_uniform_zwd,12,enc_s2_bottleneck,hotspot_gaussian,4.523850917816162,4.439346790313721,4.35361909866333,-0.0845041275024414,-0.17023181915283203,2.0144793418275797,36.47747747747748,264.5189286960998,56.47747747747748,264.5189286960998
great_plains_2020031912_top06_2020,great_plains,top06_2020,precip_large_zwd,zwd,zwd,q850_box_mean_g_per_kg,per-timestep spatial mean,actual_vs_uniform_zwd,12,enc_s2_bottleneck,low_near_gaussian,4.523850917816162,4.439346790313721,4.530389785766602,-0.0845041275024414,0.006538867950439453,-0.07737927298581408,36.47747747747748,264.5189286960998,56.47747747747748,264.5189286960998
great_plains_2020031912_top06_2020,great_plains,top06_2020,precip_large_zwd,zwd,zwd,q850_box_mean_g_per_kg,per-timestep spatial mean,actual_vs_uniform_zwd,12,enc_s2_bottleneck,remote_control,4.523850917816162,4.439346790313721,4.521461009979248,-0.0845041275024414,-0.0023899078369140625,0.028281551535397083,36.47747747747748,264.5189286960998,56.47747747747748,264.5189286960998
great_plains_2020031912_top06_2020,great_plains,top06_2020,precip_large_zwd,zwd,zwd,q850_box_mean_g_per_kg,per-timestep spatial mean,actual_vs_uniform_zwd,12,dec_s0_pre_skip,whole,4.523850917816162,4.439346790313721,4.335473537445068,-0.0845041275024414,-0.18837738037109375,2.2292092225394713,36.47747747747748,264.5189286960998,56.47747747747748,264.5189286960998
great_plains_2020031912_top06_2020,great_plains,top06_2020,precip_large_zwd,zwd,zwd,q850_box_mean_g_per_kg,per-timestep spatial mean,actual_vs_uniform_zwd,12,dec_s0_pre_skip,target_box,4.523850917816162,4.439346790313721,4.525282859802246,-0.0845041275024414,0.0014319419860839844,-0.016945231297046576,36.47747747747748,264.5189286960998,56.47747747747748,264.5189286960998
great_plains_2020031912_top06_2020,great_plains,top06_2020,precip_large_zwd,zwd,zwd,q850_box_mean_g_per_kg,per-timestep spatial mean,actual_vs_uniform_zwd,12,dec_s0_pre_skip,mountain_near,4.523850917816162,4.439346790313721,4.348453998565674,-0.0845041275024414,-0.17539691925048828,2.0756018011714388,36.47747747747748,264.5189286960998,56.47747747747748,264.5189286960998
great_plains_2020031912_top06_2020,great_plains,top06_2020,precip_large_zwd,zwd,zwd,q850_box_mean_g_per_kg,per-timestep spatial mean,actual_vs_uniform_zwd,12,dec_s0_pre_skip,upstream,4.523850917816162,4.439346790313721,4.287222862243652,-0.0845041275024414,-0.23662805557250977,2.800195239761198,36.47747747747748,264.5189286960998,56.47747747747748,264.5189286960998
great_plains_2020031912_top06_2020,great_plains,top06_2020,precip_large_zwd,zwd,zwd,q850_box_mean_g_per_kg,per-timestep spatial mean,actual_vs_uniform_zwd,12,dec_s0_pre_skip,hotspot_gaussian,4.523850917816162,4.439346790313721,4.35361909866333,-0.0845041275024414,-0.17023181915283203,2.0144793418275797,36.47747747747748,264.5189286960998,56.47747747747748,264.5189286960998
great_plains_2020031912_top06_2020,great_plains,top06_2020,precip_large_zwd,zwd,zwd,q850_box_mean_g_per_kg,per-timestep spatial mean,actual_vs_uniform_zwd,12,dec_s0_pre_skip,low_near_gaussian,4.523850917816162,4.439346790313721,4.530389785766602,-0.0845041275024414,0.006538867950439453,-0.07737927298581408,36.47747747747748,264.5189286960998,56.47747747747748,264.5189286960998
great_plains_2020031912_top06_2020,great_plains,top06_2020,precip_large_zwd,zwd,zwd,q850_box_mean_g_per_kg,per-timestep spatial mean,actual_vs_uniform_zwd,12,dec_s0_pre_skip,remote_control,4.523850917816162,4.439346790313721,4.521461009979248,-0.0845041275024414,-0.0023899078369140625,0.028281551535397083,36.47747747747748,264.5189286960998,56.47747747747748,264.5189286960998
great_plains_2020031912_top06_2020,great_plains,top06_2020,precip_large_zwd,zwd,zwd,q850_box_mean_g_per_kg,per-timestep spatial mean,actual_vs_uniform_zwd,12,dec_s1_pre_skip,whole,4.523850917816162,4.439346790313721,4.326504707336426,-0.0845041275024414,-0.19734621047973633,2.3353440395445157,36.47747747747748,264.5189286960998,56.47747747747748,264.5189286960998
great_plains_2020031912_top06_2020,great_plains,top06_2020,precip_large_zwd,zwd,zwd,q850_box_mean_g_per_kg,per-timestep spatial mean,actual_vs_uniform_zwd,12,dec_s1_pre_skip,target_box,4.523850917816162,4.439346790313721,4.523542881011963,-0.0845041275024414,-0.00030803680419921875,0.0036452279113859767,36.47747747747748,264.5189286960998,56.47747747747748,264.5189286960998
great_plains_2020031912_top06_2020,great_plains,top06_2020,precip_large_zwd,zwd,zwd,q850_box_mean_g_per_kg,per-timestep spatial mean,actual_vs_uniform_zwd,12,dec_s1_pre_skip,mountain_near,4.523850917816162,4.439346790313721,4.424853801727295,-0.0845041275024414,-0.09899711608886719,1.1715062804004108,36.47747747747748,264.5189286960998,56.47747747747748,264.5189286960998
great_plains_2020031912_top06_2020,great_plains,top06_2020,precip_large_zwd,zwd,zwd,q850_box_mean_g_per_kg,per-timestep spatial mean,actual_vs_uniform_zwd,12,dec_s1_pre_skip,upstream,4.523850917816162,4.439346790313721,4.320436000823975,-0.0845041275024414,-0.2034149169921875,2.407159543612951,36.47747747747748,264.5189286960998,56.47747747747748,264.5189286960998
great_plains_2020031912_top06_2020,great_plains,top06_2020,precip_large_zwd,zwd,zwd,q850_box_mean_g_per_kg,per-timestep spatial mean,actual_vs_uniform_zwd,12,dec_s1_pre_skip,hotspot_gaussian,4.523850917816162,4.439346790313721,4.368882656097412,-0.0845041275024414,-0.15496826171875,1.8338543488810393,36.47747747747748,264.5189286960998,56.47747747747748,264.5189286960998
great_plains_2020031912_top06_2020,great_plains,top06_2020,precip_large_zwd,zwd,zwd,q850_box_mean_g_per_kg,per-timestep spatial mean,actual_vs_uniform_zwd,12,dec_s1_pre_skip,low_near_gaussian,4.523850917816162,4.439346790313721,4.527723789215088,-0.0845041275024414,0.0038728713989257812,-0.04583055897256486,36.47747747747748,264.5189286960998,56.47747747747748,264.5189286960998
great_plains_2020031912_top06_2020,great_plains,top06_2020,precip_large_zwd,zwd,zwd,q850_box_mean_g_per_kg,per-timestep spatial mean,actual_vs_uniform_zwd,12,dec_s1_pre_skip,remote_control,4.523850917816162,4.439346790313721,4.521598815917969,-0.0845041275024414,-0.0022521018981933594,0.026650791680303355,36.47747747747748,264.5189286960998,56.47747747747748,264.5189286960998
great_plains_2020031912_top06_2020,great_plains,top06_2020,precip_large_zwd,zwd,zwd,q850_box_mean_g_per_kg,per-timestep spatial mean,actual_vs_uniform_zwd,12,dec_s1_post_skip,whole,4.523850917816162,4.439346790313721,4.334526538848877,-0.0845041275024414,-0.18932437896728516,2.240415759121534,36.47747747747748,264.5189286960998,56.47747747747748,264.5189286960998
great_plains_2020031912_top06_2020,great_plains,top06_2020,precip_large_zwd,zwd,zwd,q850_box_mean_g_per_kg,per-timestep spatial mean,actual_vs_uniform_zwd,12,dec_s1_post_skip,target_box,4.523850917816162,4.439346790313721,4.52822208404541,-0.0845041275024414,0.004371166229248047,-0.051727251182159824,36.47747747747748,264.5189286960998,56.47747747747748,264.5189286960998
great_plains_2020031912_top06_2020,great_plains,top06_2020,precip_large_zwd,zwd,zwd,q850_box_mean_g_per_kg,per-timestep spatial mean,actual_vs_uniform_zwd,12,dec_s1_post_skip,mountain_near,4.523850917816162,4.439346790313721,4.465837478637695,-0.0845041275024414,-0.0580134391784668,0.6865160423884707,36.47747747747748,264.5189286960998,56.47747747747748,264.5189286960998
great_plains_2020031912_top06_2020,great_plains,top06_2020,precip_large_zwd,zwd,zwd,q850_box_mean_g_per_kg,per-timestep spatial mean,actual_vs_uniform_zwd,12,dec_s1_post_skip,upstream,4.523850917816162,4.439346790313721,4.319183826446533,-0.0845041275024414,-0.2046670913696289,2.4219774515004118,36.47747747747748,264.5189286960998,56.47747747747748,264.5189286960998
great_plains_2020031912_top06_2020,great_plains,top06_2020,precip_large_zwd,zwd,zwd,q850_box_mean_g_per_kg,per-timestep spatial mean,actual_vs_uniform_zwd,12,dec_s1_post_skip,hotspot_gaussian,4.523850917816162,4.439346790313721,4.358489990234375,-0.0845041275024414,-0.1653609275817871,1.9568384701328307,36.47747747747748,264.5189286960998,56.47747747747748,264.5189286960998
great_plains_2020031912_top06_2020,great_plains,top06_2020,precip_large_zwd,zwd,zwd,q850_box_mean_g_per_kg,per-timestep spatial mean,actual_vs_uniform_zwd,12,dec_s1_post_skip,low_near_gaussian,4.523850917816162,4.439346790313721,4.525895118713379,-0.0845041275024414,0.002044200897216797,-0.024190544978501056,36.47747747747748,264.5189286960998,56.47747747747748,264.5189286960998
great_plains_2020031912_top06_2020,great_plains,top06_2020,precip_large_zwd,zwd,zwd,q850_box_mean_g_per_kg,per-timestep spatial mean,actual_vs_uniform_zwd,12,dec_s1_post_skip,remote_control,4.523850917816162,4.439346790313721,4.521859169006348,-0.0845041275024414,-0.001991748809814453,0.023569840535385796,36.47747747747748,264.5189286960998,56.47747747747748,264.5189286960998
great_plains_2020031912_top06_2020,great_plains,top06_2020,precip_large_zwd,zwd,zwd,q850_box_mean_g_per_kg,per-timestep spatial mean,actual_vs_uniform_zwd,12,dec_s2_pre_concat,whole,4.523850917816162,4.439346790313721,4.334526538848877,-0.0845041275024414,-0.18932437896728516,2.240415759121534,36.47747747747748,264.5189286960998,56.47747747747748,264.5189286960998
great_plains_2020031912_top06_2020,great_plains,top06_2020,precip_large_zwd,zwd,zwd,q850_box_mean_g_per_kg,per-timestep spatial mean,actual_vs_uniform_zwd,12,dec_s2_pre_concat,target_box,4.523850917816162,4.439346790313721,4.52822208404541,-0.0845041275024414,0.004371166229248047,-0.051727251182159824,36.47747747747748,264.5189286960998,56.47747747747748,264.5189286960998
great_plains_2020031912_top06_2020,great_plains,top06_2020,precip_large_zwd,zwd,zwd,q850_box_mean_g_per_kg,per-timestep spatial mean,actual_vs_uniform_zwd,12,dec_s2_pre_concat,mountain_near,4.523850917816162,4.439346790313721,4.465837478637695,-0.0845041275024414,-0.0580134391784668,0.6865160423884707,36.47747747747748,264.5189286960998,56.47747747747748,264.5189286960998
great_plains_2020031912_top06_2020,great_plains,top06_2020,precip_large_zwd,zwd,zwd,q850_box_mean_g_per_kg,per-timestep spatial mean,actual_vs_uniform_zwd,12,dec_s2_pre_concat,upstream,4.523850917816162,4.439346790313721,4.319183826446533,-0.0845041275024414,-0.2046670913696289,2.4219774515004118,36.47747747747748,264.5189286960998,56.47747747747748,264.5189286960998
great_plains_2020031912_top06_2020,great_plains,top06_2020,precip_large_zwd,zwd,zwd,q850_box_mean_g_per_kg,per-timestep spatial mean,actual_vs_uniform_zwd,12,dec_s2_pre_concat,hotspot_gaussian,4.523850917816162,4.439346790313721,4.358489990234375,-0.0845041275024414,-0.1653609275817871,1.9568384701328307,36.47747747747748,264.5189286960998,56.47747747747748,264.5189286960998
great_plains_2020031912_top06_2020,great_plains,top06_2020,precip_large_zwd,zwd,zwd,q850_box_mean_g_per_kg,per-timestep spatial mean,actual_vs_uniform_zwd,12,dec_s2_pre_concat,low_near_gaussian,4.523850917816162,4.439346790313721,4.525895118713379,-0.0845041275024414,0.002044200897216797,-0.024190544978501056,36.47747747747748,264.5189286960998,56.47747747747748,264.5189286960998
great_plains_2020031912_top06_2020,great_plains,top06_2020,precip_large_zwd,zwd,zwd,q850_box_mean_g_per_kg,per-timestep spatial mean,actual_vs_uniform_zwd,12,dec_s2_pre_concat,remote_control,4.523850917816162,4.439346790313721,4.521859169006348,-0.0845041275024414,-0.001991748809814453,0.023569840535385796,36.47747747747748,264.5189286960998,56.47747747747748,264.5189286960998
great_plains_2020031912_top06_2020,great_plains,top06_2020,precip_large_zwd,zwd,zwd,q850_box_mean_g_per_kg,per-timestep spatial mean,actual_vs_uniform_zwd,12,dec_s2_post_concat,whole,4.523850917816162,4.439346790313721,4.405864715576172,-0.0845041275024414,-0.11798620223999023,1.3962182171111286,36.47747747747748,264.5189286960998,56.47747747747748,264.5189286960998
great_plains_2020031912_top06_2020,great_plains,top06_2020,precip_large_zwd,zwd,zwd,q850_box_mean_g_per_kg,per-timestep spatial mean,actual_vs_uniform_zwd,12,dec_s2_post_concat,target_box,4.523850917816162,4.439346790313721,4.535801887512207,-0.0845041275024414,0.011950969696044922,-0.14142468597997945,36.47747747747748,264.5189286960998,56.47747747747748,264.5189286960998
great_plains_2020031912_top06_2020,great_plains,top06_2020,precip_large_zwd,zwd,zwd,q850_box_mean_g_per_kg,per-timestep spatial mean,actual_vs_uniform_zwd,12,dec_s2_post_concat,mountain_near,4.523850917816162,4.439346790313721,4.462702751159668,-0.0845041275024414,-0.06114816665649414,0.7236115970161044,36.47747747747748,264.5189286960998,56.47747747747748,264.5189286960998
great_plains_2020031912_top06_2020,great_plains,top06_2020,precip_large_zwd,zwd,zwd,q850_box_mean_g_per_kg,per-timestep spatial mean,actual_vs_uniform_zwd,12,dec_s2_post_concat,upstream,4.523850917816162,4.439346790313721,4.409209251403809,-0.0845041275024414,-0.11464166641235352,1.356639844711034,36.47747747747748,264.5189286960998,56.47747747747748,264.5189286960998
great_plains_2020031912_top06_2020,great_plains,top06_2020,precip_large_zwd,zwd,zwd,q850_box_mean_g_per_kg,per-timestep spatial mean,actual_vs_uniform_zwd,12,dec_s2_post_concat,hotspot_gaussian,4.523850917816162,4.439346790313721,4.385285377502441,-0.0845041275024414,-0.1385655403137207,1.6397487839835683,36.47747747747748,264.5189286960998,56.47747747747748,264.5189286960998
great_plains_2020031912_top06_2020,great_plains,top06_2020,precip_large_zwd,zwd,zwd,q850_box_mean_g_per_kg,per-timestep spatial mean,actual_vs_uniform_zwd,12,dec_s2_post_concat,low_near_gaussian,4.523850917816162,4.439346790313721,4.526660442352295,-0.0845041275024414,0.0028095245361328125,-0.03324718708031915,36.47747747747748,264.5189286960998,56.47747747747748,264.5189286960998
great_plains_2020031912_top06_2020,great_plains,top06_2020,precip_large_zwd,zwd,zwd,q850_box_mean_g_per_kg,per-timestep spatial mean,actual_vs_uniform_zwd,12,dec_s2_post_concat,remote_control,4.523850917816162,4.439346790313721,4.525761604309082,-0.0845041275024414,0.0019106864929199219,-0.022610570032389487,36.47747747747748,264.5189286960998,56.47747747747748,264.5189286960998
great_plains_2020031912_top06_2020,great_plains,top06_2020,precip_large_zwd,zwd,zwd,q850_box_mean_g_per_kg,per-timestep spatial mean,actual_vs_uniform_zwd,24,enc_s0_skip,whole,3.011050224304199,3.0020089149475098,2.983051300048828,-0.009041309356689453,-0.027998924255371094,3.0967775961183484,36.47747747747748,264.5189286960998,56.47747747747748,264.5189286960998
great_plains_2020031912_top06_2020,great_plains,top06_2020,precip_large_zwd,zwd,zwd,q850_box_mean_g_per_kg,per-timestep spatial mean,actual_vs_uniform_zwd,24,enc_s0_skip,target_box,3.011050224304199,3.0020089149475098,3.0180602073669434,-0.009041309356689453,0.007009983062744141,-0.7753283054691208,36.47747747747748,264.5189286960998,56.47747747747748,264.5189286960998
great_plains_2020031912_top06_2020,great_plains,top06_2020,precip_large_zwd,zwd,zwd,q850_box_mean_g_per_kg,per-timestep spatial mean,actual_vs_uniform_zwd,24,enc_s0_skip,mountain_near,3.011050224304199,3.0020089149475098,2.9905147552490234,-0.009041309356689453,-0.02053546905517578,2.2712937081377564,36.47747747747748,264.5189286960998,56.47747747747748,264.5189286960998
great_plains_2020031912_top06_2020,great_plains,top06_2020,precip_large_zwd,zwd,zwd,q850_box_mean_g_per_kg,per-timestep spatial mean,actual_vs_uniform_zwd,24,enc_s0_skip,upstream,3.011050224304199,3.0020089149475098,2.9770336151123047,-0.009041309356689453,-0.03401660919189453,3.7623543062074787,36.47747747747748,264.5189286960998,56.47747747747748,264.5189286960998
great_plains_2020031912_top06_2020,great_plains,top06_2020,precip_large_zwd,zwd,zwd,q850_box_mean_g_per_kg,per-timestep spatial mean,actual_vs_uniform_zwd,24,enc_s0_skip,hotspot_gaussian,3.011050224304199,3.0020089149475098,2.994011878967285,-0.009041309356689453,-0.017038345336914062,1.8844997626707451,36.47747747747748,264.5189286960998,56.47747747747748,264.5189286960998
great_plains_2020031912_top06_2020,great_plains,top06_2020,precip_large_zwd,zwd,zwd,q850_box_mean_g_per_kg,per-timestep spatial mean,actual_vs_uniform_zwd,24,enc_s0_skip,low_near_gaussian,3.011050224304199,3.0020089149475098,2.998239278793335,-0.009041309356689453,-0.012810945510864258,1.416934760824851,36.47747747747748,264.5189286960998,56.47747747747748,264.5189286960998
great_plains_2020031912_top06_2020,great_plains,top06_2020,precip_large_zwd,zwd,zwd,q850_box_mean_g_per_kg,per-timestep spatial mean,actual_vs_uniform_zwd,24,enc_s0_skip,remote_control,3.011050224304199,3.0020089149475098,3.0089807510375977,-0.009041309356689453,-0.0020694732666015625,0.22889088128263277,36.47747747747748,264.5189286960998,56.47747747747748,264.5189286960998
great_plains_2020031912_top06_2020,great_plains,top06_2020,precip_large_zwd,zwd,zwd,q850_box_mean_g_per_kg,per-timestep spatial mean,actual_vs_uniform_zwd,24,enc_s1_skip,whole,3.011050224304199,3.0020089149475098,3.011050224304199,-0.009041309356689453,0.0,-0.0,36.47747747747748,264.5189286960998,56.47747747747748,264.5189286960998
great_plains_2020031912_top06_2020,great_plains,top06_2020,precip_large_zwd,zwd,zwd,q850_box_mean_g_per_kg,per-timestep spatial mean,actual_vs_uniform_zwd,24,enc_s1_skip,target_box,3.011050224304199,3.0020089149475098,3.011050224304199,-0.009041309356689453,0.0,-0.0,36.47747747747748,264.5189286960998,56.47747747747748,264.5189286960998
great_plains_2020031912_top06_2020,great_plains,top06_2020,precip_large_zwd,zwd,zwd,q850_box_mean_g_per_kg,per-timestep spatial mean,actual_vs_uniform_zwd,24,enc_s1_skip,mountain_near,3.011050224304199,3.0020089149475098,3.011050224304199,-0.009041309356689453,0.0,-0.0,36.47747747747748,264.5189286960998,56.47747747747748,264.5189286960998
great_plains_2020031912_top06_2020,great_plains,top06_2020,precip_large_zwd,zwd,zwd,q850_box_mean_g_per_kg,per-timestep spatial mean,actual_vs_uniform_zwd,24,enc_s1_skip,upstream,3.011050224304199,3.0020089149475098,3.011050224304199,-0.009041309356689453,0.0,-0.0,36.47747747747748,264.5189286960998,56.47747747747748,264.5189286960998
great_plains_2020031912_top06_2020,great_plains,top06_2020,precip_large_zwd,zwd,zwd,q850_box_mean_g_per_kg,per-timestep spatial mean,actual_vs_uniform_zwd,24,enc_s1_skip,hotspot_gaussian,3.011050224304199,3.0020089149475098,3.011050224304199,-0.009041309356689453,0.0,-0.0,36.47747747747748,264.5189286960998,56.47747747747748,264.5189286960998
great_plains_2020031912_top06_2020,great_plains,top06_2020,precip_large_zwd,zwd,zwd,q850_box_mean_g_per_kg,per-timestep spatial mean,actual_vs_uniform_zwd,24,enc_s1_skip,low_near_gaussian,3.011050224304199,3.0020089149475098,3.011050224304199,-0.009041309356689453,0.0,-0.0,36.47747747747748,264.5189286960998,56.47747747747748,264.5189286960998
great_plains_2020031912_top06_2020,great_plains,top06_2020,precip_large_zwd,zwd,zwd,q850_box_mean_g_per_kg,per-timestep spatial mean,actual_vs_uniform_zwd,24,enc_s1_skip,remote_control,3.011050224304199,3.0020089149475098,3.011050224304199,-0.009041309356689453,0.0,-0.0,36.47747747747748,264.5189286960998,56.47747747747748,264.5189286960998
great_plains_2020031912_top06_2020,great_plains,top06_2020,precip_large_zwd,zwd,zwd,q850_box_mean_g_per_kg,per-timestep spatial mean,actual_vs_uniform_zwd,24,enc_s2_bottleneck,whole,3.011050224304199,3.0020089149475098,3.0076353549957275,-0.009041309356689453,-0.0034148693084716797,0.37769632403354253,36.47747747747748,264.5189286960998,56.47747747747748,264.5189286960998
great_plains_2020031912_top06_2020,great_plains,top06_2020,precip_large_zwd,zwd,zwd,q850_box_mean_g_per_kg,per-timestep spatial mean,actual_vs_uniform_zwd,24,enc_s2_bottleneck,target_box,3.011050224304199,3.0020089149475098,3.0086774826049805,-0.009041309356689453,-0.00237274169921875,0.2624334159590739,36.47747747747748,264.5189286960998,56.47747747747748,264.5189286960998
great_plains_2020031912_top06_2020,great_plains,top06_2020,precip_large_zwd,zwd,zwd,q850_box_mean_g_per_kg,per-timestep spatial mean,actual_vs_uniform_zwd,24,enc_s2_bottleneck,mountain_near,3.011050224304199,3.0020089149475098,3.003570795059204,-0.009041309356689453,-0.007479429244995117,0.8272506724328885,36.47747747747748,264.5189286960998,56.47747747747748,264.5189286960998
great_plains_2020031912_top06_2020,great_plains,top06_2020,precip_large_zwd,zwd,zwd,q850_box_mean_g_per_kg,per-timestep spatial mean,actual_vs_uniform_zwd,24,enc_s2_bottleneck,upstream,3.011050224304199,3.0020089149475098,3.006176471710205,-0.009041309356689453,-0.004873752593994141,0.5390538473709192,36.47747747747748,264.5189286960998,56.47747747747748,264.5189286960998
great_plains_2020031912_top06_2020,great_plains,top06_2020,precip_large_zwd,zwd,zwd,q850_box_mean_g_per_kg,per-timestep spatial mean,actual_vs_uniform_zwd,24,enc_s2_bottleneck,hotspot_gaussian,3.011050224304199,3.0020089149475098,3.01523494720459,-0.009041309356689453,0.004184722900390625,-0.4628447866673699,36.47747747747748,264.5189286960998,56.47747747747748,264.5189286960998
great_plains_2020031912_top06_2020,great_plains,top06_2020,precip_large_zwd,zwd,zwd,q850_box_mean_g_per_kg,per-timestep spatial mean,actual_vs_uniform_zwd,24,enc_s2_bottleneck,low_near_gaussian,3.011050224304199,3.0020089149475098,3.0032405853271484,-0.009041309356689453,-0.007809638977050781,0.8637730077527557,36.47747747747748,264.5189286960998,56.47747747747748,264.5189286960998
great_plains_2020031912_top06_2020,great_plains,top06_2020,precip_large_zwd,zwd,zwd,q850_box_mean_g_per_kg,per-timestep spatial mean,actual_vs_uniform_zwd,24,enc_s2_bottleneck,remote_control,3.011050224304199,3.0020089149475098,3.007134437561035,-0.009041309356689453,-0.0039157867431640625,0.433099520067507,36.47747747747748,264.5189286960998,56.47747747747748,264.5189286960998
great_plains_2020031912_top06_2020,great_plains,top06_2020,precip_large_zwd,zwd,zwd,q850_box_mean_g_per_kg,per-timestep spatial mean,actual_vs_uniform_zwd,24,dec_s0_pre_skip,whole,3.011050224304199,3.0020089149475098,3.0076353549957275,-0.009041309356689453,-0.0034148693084716797,0.37769632403354253,36.47747747747748,264.5189286960998,56.47747747747748,264.5189286960998
great_plains_2020031912_top06_2020,great_plains,top06_2020,precip_large_zwd,zwd,zwd,q850_box_mean_g_per_kg,per-timestep spatial mean,actual_vs_uniform_zwd,24,dec_s0_pre_skip,target_box,3.011050224304199,3.0020089149475098,3.0086774826049805,-0.009041309356689453,-0.00237274169921875,0.2624334159590739,36.47747747747748,264.5189286960998,56.47747747747748,264.5189286960998
great_plains_2020031912_top06_2020,great_plains,top06_2020,precip_large_zwd,zwd,zwd,q850_box_mean_g_per_kg,per-timestep spatial mean,actual_vs_uniform_zwd,24,dec_s0_pre_skip,mountain_near,3.011050224304199,3.0020089149475098,3.003570795059204,-0.009041309356689453,-0.007479429244995117,0.8272506724328885,36.47747747747748,264.5189286960998,56.47747747747748,264.5189286960998
great_plains_2020031912_top06_2020,great_plains,top06_2020,precip_large_zwd,zwd,zwd,q850_box_mean_g_per_kg,per-timestep spatial mean,actual_vs_uniform_zwd,24,dec_s0_pre_skip,upstream,3.011050224304199,3.0020089149475098,3.006176471710205,-0.009041309356689453,-0.004873752593994141,0.5390538473709192,36.47747747747748,264.5189286960998,56.47747747747748,264.5189286960998
great_plains_2020031912_top06_2020,great_plains,top06_2020,precip_large_zwd,zwd,zwd,q850_box_mean_g_per_kg,per-timestep spatial mean,actual_vs_uniform_zwd,24,dec_s0_pre_skip,hotspot_gaussian,3.011050224304199,3.0020089149475098,3.01523494720459,-0.009041309356689453,0.004184722900390625,-0.4628447866673699,36.47747747747748,264.5189286960998,56.47747747747748,264.5189286960998
great_plains_2020031912_top06_2020,great_plains,top06_2020,precip_large_zwd,zwd,zwd,q850_box_mean_g_per_kg,per-timestep spatial mean,actual_vs_uniform_zwd,24,dec_s0_pre_skip,low_near_gaussian,3.011050224304199,3.0020089149475098,3.0032405853271484,-0.009041309356689453,-0.007809638977050781,0.8637730077527557,36.47747747747748,264.5189286960998,56.47747747747748,264.5189286960998
great_plains_2020031912_top06_2020,great_plains,top06_2020,precip_large_zwd,zwd,zwd,q850_box_mean_g_per_kg,per-timestep spatial mean,actual_vs_uniform_zwd,24,dec_s0_pre_skip,remote_control,3.011050224304199,3.0020089149475098,3.007134437561035,-0.009041309356689453,-0.0039157867431640625,0.433099520067507,36.47747747747748,264.5189286960998,56.47747747747748,264.5189286960998
great_plains_2020031912_top06_2020,great_plains,top06_2020,precip_large_zwd,zwd,zwd,q850_box_mean_g_per_kg,per-timestep spatial mean,actual_vs_uniform_zwd,24,dec_s1_pre_skip,whole,3.011050224304199,3.0020089149475098,3.004748821258545,-0.009041309356689453,-0.006301403045654297,0.6969569115552977,36.47747747747748,264.5189286960998,56.47747747747748,264.5189286960998
great_plains_2020031912_top06_2020,great_plains,top06_2020,precip_large_zwd,zwd,zwd,q850_box_mean_g_per_kg,per-timestep spatial mean,actual_vs_uniform_zwd,24,dec_s1_pre_skip,target_box,3.011050224304199,3.0020089149475098,3.0012600421905518,-0.009041309356689453,-0.009790182113647461,1.0828279099203628,36.47747747747748,264.5189286960998,56.47747747747748,264.5189286960998
great_plains_2020031912_top06_2020,great_plains,top06_2020,precip_large_zwd,zwd,zwd,q850_box_mean_g_per_kg,per-timestep spatial mean,actual_vs_uniform_zwd,24,dec_s1_pre_skip,mountain_near,3.011050224304199,3.0020089149475098,2.999962568283081,-0.009041309356689453,-0.011087656021118164,1.226332999314382,36.47747747747748,264.5189286960998,56.47747747747748,264.5189286960998
great_plains_2020031912_top06_2020,great_plains,top06_2020,precip_large_zwd,zwd,zwd,q850_box_mean_g_per_kg,per-timestep spatial mean,actual_vs_uniform_zwd,24,dec_s1_pre_skip,upstream,3.011050224304199,3.0020089149475098,3.017362594604492,-0.009041309356689453,0.006312370300292969,-0.6981699277464268,36.47747747747748,264.5189286960998,56.47747747747748,264.5189286960998
great_plains_2020031912_top06_2020,great_plains,top06_2020,precip_large_zwd,zwd,zwd,q850_box_mean_g_per_kg,per-timestep spatial mean,actual_vs_uniform_zwd,24,dec_s1_pre_skip,hotspot_gaussian,3.011050224304199,3.0020089149475098,3.019758939743042,-0.009041309356689453,0.008708715438842773,-0.9632139655081483,36.47747747747748,264.5189286960998,56.47747747747748,264.5189286960998
great_plains_2020031912_top06_2020,great_plains,top06_2020,precip_large_zwd,zwd,zwd,q850_box_mean_g_per_kg,per-timestep spatial mean,actual_vs_uniform_zwd,24,dec_s1_pre_skip,low_near_gaussian,3.011050224304199,3.0020089149475098,2.9984302520751953,-0.009041309356689453,-0.012619972229003906,1.3958124571488846,36.47747747747748,264.5189286960998,56.47747747747748,264.5189286960998
great_plains_2020031912_top06_2020,great_plains,top06_2020,precip_large_zwd,zwd,zwd,q850_box_mean_g_per_kg,per-timestep spatial mean,actual_vs_uniform_zwd,24,dec_s1_pre_skip,remote_control,3.011050224304199,3.0020089149475098,3.006385564804077,-0.009041309356689453,-0.00466465950012207,0.5159274299878699,36.47747747747748,264.5189286960998,56.47747747747748,264.5189286960998
great_plains_2020031912_top06_2020,great_plains,top06_2020,precip_large_zwd,zwd,zwd,q850_box_mean_g_per_kg,per-timestep spatial mean,actual_vs_uniform_zwd,24,dec_s1_post_skip,whole,3.011050224304199,3.0020089149475098,3.0019192695617676,-0.009041309356689453,-0.00913095474243164,1.009915088866621,36.47747747747748,264.5189286960998,56.47747747747748,264.5189286960998
great_plains_2020031912_top06_2020,great_plains,top06_2020,precip_large_zwd,zwd,zwd,q850_box_mean_g_per_kg,per-timestep spatial mean,actual_vs_uniform_zwd,24,dec_s1_post_skip,target_box,3.011050224304199,3.0020089149475098,3.0101778507232666,-0.009041309356689453,-0.0008723735809326172,0.09648752702916513,36.47747747747748,264.5189286960998,56.47747747747748,264.5189286960998
great_plains_2020031912_top06_2020,great_plains,top06_2020,precip_large_zwd,zwd,zwd,q850_box_mean_g_per_kg,per-timestep spatial mean,actual_vs_uniform_zwd,24,dec_s1_post_skip,mountain_near,3.011050224304199,3.0020089149475098,2.9901058673858643,-0.009041309356689453,-0.02094435691833496,2.3165181161331154,36.47747747747748,264.5189286960998,56.47747747747748,264.5189286960998
great_plains_2020031912_top06_2020,great_plains,top06_2020,precip_large_zwd,zwd,zwd,q850_box_mean_g_per_kg,per-timestep spatial mean,actual_vs_uniform_zwd,24,dec_s1_post_skip,upstream,3.011050224304199,3.0020089149475098,3.0010170936584473,-0.009041309356689453,-0.010033130645751953,1.1096988555455936,36.47747747747748,264.5189286960998,56.47747747747748,264.5189286960998
great_plains_2020031912_top06_2020,great_plains,top06_2020,precip_large_zwd,zwd,zwd,q850_box_mean_g_per_kg,per-timestep spatial mean,actual_vs_uniform_zwd,24,dec_s1_post_skip,hotspot_gaussian,3.011050224304199,3.0020089149475098,3.013353109359741,-0.009041309356689453,0.002302885055541992,-0.25470703021992513,36.47747747747748,264.5189286960998,56.47747747747748,264.5189286960998
great_plains_2020031912_top06_2020,great_plains,top06_2020,precip_large_zwd,zwd,zwd,q850_box_mean_g_per_kg,per-timestep spatial mean,actual_vs_uniform_zwd,24,dec_s1_post_skip,low_near_gaussian,3.011050224304199,3.0020089149475098,3.0036141872406006,-0.009041309356689453,-0.007436037063598633,0.8224513475027688,36.47747747747748,264.5189286960998,56.47747747747748,264.5189286960998
great_plains_2020031912_top06_2020,great_plains,top06_2020,precip_large_zwd,zwd,zwd,q850_box_mean_g_per_kg,per-timestep spatial mean,actual_vs_uniform_zwd,24,dec_s1_post_skip,remote_control,3.011050224304199,3.0020089149475098,3.0065011978149414,-0.009041309356689453,-0.0045490264892578125,0.5031380201466168,36.47747747747748,264.5189286960998,56.47747747747748,264.5189286960998
great_plains_2020031912_top06_2020,great_plains,top06_2020,precip_large_zwd,zwd,zwd,q850_box_mean_g_per_kg,per-timestep spatial mean,actual_vs_uniform_zwd,24,dec_s2_pre_concat,whole,3.011050224304199,3.0020089149475098,3.0019192695617676,-0.009041309356689453,-0.00913095474243164,1.009915088866621,36.47747747747748,264.5189286960998,56.47747747747748,264.5189286960998
great_plains_2020031912_top06_2020,great_plains,top06_2020,precip_large_zwd,zwd,zwd,q850_box_mean_g_per_kg,per-timestep spatial mean,actual_vs_uniform_zwd,24,dec_s2_pre_concat,target_box,3.011050224304199,3.0020089149475098,3.0101778507232666,-0.009041309356689453,-0.0008723735809326172,0.09648752702916513,36.47747747747748,264.5189286960998,56.47747747747748,264.5189286960998
great_plains_2020031912_top06_2020,great_plains,top06_2020,precip_large_zwd,zwd,zwd,q850_box_mean_g_per_kg,per-timestep spatial mean,actual_vs_uniform_zwd,24,dec_s2_pre_concat,mountain_near,3.011050224304199,3.0020089149475098,2.9901058673858643,-0.009041309356689453,-0.02094435691833496,2.3165181161331154,36.47747747747748,264.5189286960998,56.47747747747748,264.5189286960998
great_plains_2020031912_top06_2020,great_plains,top06_2020,precip_large_zwd,zwd,zwd,q850_box_mean_g_per_kg,per-timestep spatial mean,actual_vs_uniform_zwd,24,dec_s2_pre_concat,upstream,3.011050224304199,3.0020089149475098,3.0010170936584473,-0.009041309356689453,-0.010033130645751953,1.1096988555455936,36.47747747747748,264.5189286960998,56.47747747747748,264.5189286960998
great_plains_2020031912_top06_2020,great_plains,top06_2020,precip_large_zwd,zwd,zwd,q850_box_mean_g_per_kg,per-timestep spatial mean,actual_vs_uniform_zwd,24,dec_s2_pre_concat,hotspot_gaussian,3.011050224304199,3.0020089149475098,3.013353109359741,-0.009041309356689453,0.002302885055541992,-0.25470703021992513,36.47747747747748,264.5189286960998,56.47747747747748,264.5189286960998
great_plains_2020031912_top06_2020,great_plains,top06_2020,precip_large_zwd,zwd,zwd,q850_box_mean_g_per_kg,per-timestep spatial mean,actual_vs_uniform_zwd,24,dec_s2_pre_concat,low_near_gaussian,3.011050224304199,3.0020089149475098,3.0036141872406006,-0.009041309356689453,-0.007436037063598633,0.8224513475027688,36.47747747747748,264.5189286960998,56.47747747747748,264.5189286960998
great_plains_2020031912_top06_2020,great_plains,top06_2020,precip_large_zwd,zwd,zwd,q850_box_mean_g_per_kg,per-timestep spatial mean,actual_vs_uniform_zwd,24,dec_s2_pre_concat,remote_control,3.011050224304199,3.0020089149475098,3.0065011978149414,-0.009041309356689453,-0.0045490264892578125,0.5031380201466168,36.47747747747748,264.5189286960998,56.47747747747748,264.5189286960998
great_plains_2020031912_top06_2020,great_plains,top06_2020,precip_large_zwd,zwd,zwd,q850_box_mean_g_per_kg,per-timestep spatial mean,actual_vs_uniform_zwd,24,dec_s2_post_concat,whole,3.011050224304199,3.0020089149475098,2.981006622314453,-0.009041309356689453,-0.030043601989746094,3.322926006012341,36.47747747747748,264.5189286960998,56.47747747747748,264.5189286960998
great_plains_2020031912_top06_2020,great_plains,top06_2020,precip_large_zwd,zwd,zwd,q850_box_mean_g_per_kg,per-timestep spatial mean,actual_vs_uniform_zwd,24,dec_s2_post_concat,target_box,3.011050224304199,3.0020089149475098,3.017697811126709,-0.009041309356689453,0.006647586822509766,-0.7352460313274616,36.47747747747748,264.5189286960998,56.47747747747748,264.5189286960998
great_plains_2020031912_top06_2020,great_plains,top06_2020,precip_large_zwd,zwd,zwd,q850_box_mean_g_per_kg,per-timestep spatial mean,actual_vs_uniform_zwd,24,dec_s2_post_concat,mountain_near,3.011050224304199,3.0020089149475098,2.969616174697876,-0.009041309356689453,-0.04143404960632324,4.582748800168767,36.47747747747748,264.5189286960998,56.47747747747748,264.5189286960998
great_plains_2020031912_top06_2020,great_plains,top06_2020,precip_large_zwd,zwd,zwd,q850_box_mean_g_per_kg,per-timestep spatial mean,actual_vs_uniform_zwd,24,dec_s2_post_concat,upstream,3.011050224304199,3.0020089149475098,2.970223903656006,-0.009041309356689453,-0.04082632064819336,4.515531881229893,36.47747747747748,264.5189286960998,56.47747747747748,264.5189286960998
great_plains_2020031912_top06_2020,great_plains,top06_2020,precip_large_zwd,zwd,zwd,q850_box_mean_g_per_kg,per-timestep spatial mean,actual_vs_uniform_zwd,24,dec_s2_post_concat,hotspot_gaussian,3.011050224304199,3.0020089149475098,3.005357265472412,-0.009041309356689453,-0.005692958831787109,0.6296608828648278,36.47747747747748,264.5189286960998,56.47747747747748,264.5189286960998
great_plains_2020031912_top06_2020,great_plains,top06_2020,precip_large_zwd,zwd,zwd,q850_box_mean_g_per_kg,per-timestep spatial mean,actual_vs_uniform_zwd,24,dec_s2_post_concat,low_near_gaussian,3.011050224304199,3.0020089149475098,2.9969422817230225,-0.009041309356689453,-0.014107942581176758,1.5603871103844733,36.47747747747748,264.5189286960998,56.47747747747748,264.5189286960998
great_plains_2020031912_top06_2020,great_plains,top06_2020,precip_large_zwd,zwd,zwd,q850_box_mean_g_per_kg,per-timestep spatial mean,actual_vs_uniform_zwd,24,dec_s2_post_concat,remote_control,3.011050224304199,3.0020089149475098,3.009378433227539,-0.009041309356689453,-0.0016717910766601562,0.1849058593956015,36.47747747747748,264.5189286960998,56.47747747747748,264.5189286960998
