case_id,target,scale,region_kind,perturb_timestep,mode,model,target_var,mask_center_lat,mask_center_lon,pooled_saliency,dose_mm,actual_target_score,plus_target_score,minus_target_score,plus_target_delta,minus_target_delta,signed_target_response,common_target_response,mean_abs_target_delta,output_opposite_sign,stage_name,family,stage_index,n_blocks,plus_delta_rms_mean,minus_delta_rms_mean,contrast_rms_mean,common_rms_mean,signed_cosine_mean,contrast_share_mean,magnitude,perturb_level_hpa,plus_clip_frac,minus_clip_frac,plus_realized_frac,minus_realized_frac,pair_asymmetry
alps_east_2020-06-29T06:00:00,alps_east,local,hotspot,t1,precip_trace,precip_only,q850,47.72747747747748,11.252625838336058,9.22260369407013e-05,2.11,7.442893028259277,7.42874813079834,7.4478888511657715,-0.0141448974609375,0.004995822906494141,-0.00957036018371582,-0.00457453727722168,0.00957036018371582,True,enc_s0,encoder,0,6,0.001988867181353271,0.0005025592933331305,0.0009707331288761148,0.0010804868361447006,-0.22257116755346876,0.4712254464656868,,,,,,,
alps_east_2020-06-29T06:00:00,alps_east,local,hotspot,t1,precip_trace,precip_only,q850,47.72747747747748,11.252625838336058,9.22260369407013e-05,2.11,7.442893028259277,7.42874813079834,7.4478888511657715,-0.0141448974609375,0.004995822906494141,-0.00957036018371582,-0.00457453727722168,0.00957036018371582,True,enc_s1,encoder,1,10,0.0017179846297949552,0.0012557838548673318,0.0008216308255214244,0.0012686658999882638,-0.35209458546003075,0.4156969853704674,,,,,,,
alps_east_2020-06-29T06:00:00,alps_east,local,hotspot,t1,precip_trace,precip_only,q850,47.72747747747748,11.252625838336058,9.22260369407013e-05,2.11,7.442893028259277,7.42874813079834,7.4478888511657715,-0.0141448974609375,0.004995822906494141,-0.00957036018371582,-0.00457453727722168,0.00957036018371582,True,enc_s2,encoder,2,8,0.0007788210205035284,0.0007015843002591282,0.00039236951488419436,0.0006288406075327657,-0.4470790897929229,0.3842827128480611,,,,,,,
alps_east_2020-06-29T06:00:00,alps_east,local,hotspot,t1,precip_trace,precip_only,q850,47.72747747747748,11.252625838336058,9.22260369407013e-05,2.11,7.442893028259277,7.42874813079834,7.4478888511657715,-0.0141448974609375,0.004995822906494141,-0.00957036018371582,-0.00457453727722168,0.00957036018371582,True,dec_s0,decoder,0,8,0.0013976153277326375,0.0013135336484992877,0.0007013121139607392,0.0011608293061726727,-0.4726367952041805,0.3768886888287836,,,,,,,
alps_east_2020-06-29T06:00:00,alps_east,local,hotspot,t1,precip_trace,precip_only,q850,47.72747747747748,11.252625838336058,9.22260369407013e-05,2.11,7.442893028259277,7.42874813079834,7.4478888511657715,-0.0141448974609375,0.004995822906494141,-0.00957036018371582,-0.00457453727722168,0.00957036018371582,True,dec_s1,decoder,1,10,0.0024170052260160447,0.002380277111660689,0.0012080007640179248,0.0020723303430713715,-0.507275162591428,0.36833493766030256,,,,,,,
alps_east_2020-06-29T06:00:00,alps_east,local,hotspot,t1,precip_trace,precip_only,q850,47.72747747747748,11.252625838336058,9.22260369407013e-05,2.11,7.442893028259277,7.42874813079834,7.4478888511657715,-0.0141448974609375,0.004995822906494141,-0.00957036018371582,-0.00457453727722168,0.00957036018371582,True,dec_s2,decoder,2,6,0.006902272657801707,0.0061087530727187795,0.0034448994944492974,0.005534193788965543,-0.47360263664721297,0.38327561082265976,,,,,,,
alps_east_2020-06-29T06:00:00,alps_east,local,hotspot,t1,q850_trace,precip_only,q850,47.72747747747748,11.252625838336058,9.22260369407013e-05,,7.442893028259277,8.52341365814209,6.620724678039551,1.0805206298828125,-0.8221683502197266,0.9513444900512695,0.12917613983154297,0.9513444900512695,True,enc_s0,encoder,0,6,0.006970311747863889,0.006180398010959228,0.006352879495049517,0.0017369936880034704,0.8746780730789664,0.7843847555694531,1.0,850,0.0,0.0,1.0,1.0,0.0
alps_east_2020-06-29T06:00:00,alps_east,local,hotspot,t1,q850_trace,precip_only,q850,47.72747747747748,11.252625838336058,9.22260369407013e-05,,7.442893028259277,8.52341365814209,6.620724678039551,1.0805206298828125,-0.8221683502197266,0.9513444900512695,0.12917613983154297,0.9513444900512695,True,enc_s1,encoder,1,10,0.005838387366384268,0.004023748869076371,0.004220446455292404,0.0026746281422674657,0.5174088116955607,0.6285584769209503,1.0,850,0.0,0.0,1.0,1.0,0.0
alps_east_2020-06-29T06:00:00,alps_east,local,hotspot,t1,q850_trace,precip_only,q850,47.72747747747748,11.252625838336058,9.22260369407013e-05,,7.442893028259277,8.52341365814209,6.620724678039551,1.0805206298828125,-0.8221683502197266,0.9513444900512695,0.12917613983154297,0.9513444900512695,True,enc_s2,encoder,2,8,0.0027421542908996344,0.0018882949516410008,0.001883499979157932,0.001412832978530787,0.30838441380366505,0.571698779725501,1.0,850,0.0,0.0,1.0,1.0,0.0
alps_east_2020-06-29T06:00:00,alps_east,local,hotspot,t1,q850_trace,precip_only,q850,47.72747747747748,11.252625838336058,9.22260369407013e-05,,7.442893028259277,8.52341365814209,6.620724678039551,1.0805206298828125,-0.8221683502197266,0.9513444900512695,0.12917613983154297,0.9513444900512695,True,dec_s0,decoder,0,8,0.003943990857806057,0.002897026017308235,0.0026821413193829358,0.002186326964874752,0.22159276253579277,0.5515139545891565,1.0,850,0.0,0.0,1.0,1.0,0.0
alps_east_2020-06-29T06:00:00,alps_east,local,hotspot,t1,q850_trace,precip_only,q850,47.72747747747748,11.252625838336058,9.22260369407013e-05,,7.442893028259277,8.52341365814209,6.620724678039551,1.0805206298828125,-0.8221683502197266,0.9513444900512695,0.12917613983154297,0.9513444900512695,True,dec_s1,decoder,1,10,0.0036048795562237503,0.0038362872553989293,0.0026068920851685107,0.00265937295043841,-0.020123679197021606,0.49520365374704484,1.0,850,0.0,0.0,1.0,1.0,0.0
alps_east_2020-06-29T06:00:00,alps_east,local,hotspot,t1,q850_trace,precip_only,q850,47.72747747747748,11.252625838336058,9.22260369407013e-05,,7.442893028259277,8.52341365814209,6.620724678039551,1.0805206298828125,-0.8221683502197266,0.9513444900512695,0.12917613983154297,0.9513444900512695,True,dec_s2,decoder,2,6,0.01123739251246055,0.012918307756384214,0.009439831910034021,0.007581385318189859,0.2552058530951818,0.5546882331086594,1.0,850,0.0,0.0,1.0,1.0,0.0
alps_east_2020-06-29T06:00:00,alps_east,local,low_near,t1,precip_trace,precip_only,q850,57.72747747747748,351.25262583833603,2.0959887478966266e-06,2.11,7.442893028259277,7.443696975708008,7.442965030670166,0.0008039474487304688,7.200241088867188e-05,0.00036597251892089844,0.0004379749298095703,0.0004379749298095703,False,enc_s0,encoder,0,6,0.002246171080817779,0.0005166408130511021,0.0011003943412409474,0.0012049344756330054,-0.20433428453637856,0.4755746576892554,,,,,,,
alps_east_2020-06-29T06:00:00,alps_east,local,low_near,t1,precip_trace,precip_only,q850,57.72747747747748,351.25262583833603,2.0959887478966266e-06,2.11,7.442893028259277,7.443696975708008,7.442965030670166,0.0008039474487304688,7.200241088867188e-05,0.00036597251892089844,0.0004379749298095703,0.0004379749298095703,False,enc_s1,encoder,1,10,0.001833145192358643,0.001309279422275722,0.000873524765484035,0.0013409685052465647,-0.3592390891363733,0.41517325310453074,,,,,,,
alps_east_2020-06-29T06:00:00,alps_east,local,low_near,t1,precip_trace,precip_only,q850,57.72747747747748,351.25262583833603,2.0959887478966266e-06,2.11,7.442893028259277,7.443696975708008,7.442965030670166,0.0008039474487304688,7.200241088867188e-05,0.00036597251892089844,0.0004379749298095703,0.0004379749298095703,False,enc_s2,encoder,2,8,0.0008643560722703114,0.0007305432154680602,0.00043186461698496714,0.0006737313451594673,-0.42864236463478445,0.3907204956917637,,,,,,,
alps_east_2020-06-29T06:00:00,alps_east,local,low_near,t1,precip_trace,precip_only,q850,57.72747747747748,351.25262583833603,2.0959887478966266e-06,2.11,7.442893028259277,7.443696975708008,7.442965030670166,0.0008039474487304688,7.200241088867188e-05,0.00036597251892089844,0.0004379749298095703,0.0004379749298095703,False,dec_s0,decoder,0,8,0.0014681888278573751,0.0013405360805336386,0.0007337549250223674,0.0011991635619779117,-0.4635320992023681,0.3799761005712119,,,,,,,
alps_east_2020-06-29T06:00:00,alps_east,local,low_near,t1,precip_trace,precip_only,q850,57.72747747747748,351.25262583833603,2.0959887478966266e-06,2.11,7.442893028259277,7.443696975708008,7.442965030670166,0.0008039474487304688,7.200241088867188e-05,0.00036597251892089844,0.0004379749298095703,0.0004379749298095703,False,dec_s1,decoder,1,10,0.00245629558339715,0.0023906999500468372,0.0012270593841094523,0.0020901587093248965,-0.5016454148339887,0.37014452918882956,,,,,,,
alps_east_2020-06-29T06:00:00,alps_east,local,low_near,t1,precip_trace,precip_only,q850,57.72747747747748,351.25262583833603,2.0959887478966266e-06,2.11,7.442893028259277,7.443696975708008,7.442965030670166,0.0008039474487304688,7.200241088867188e-05,0.00036597251892089844,0.0004379749298095703,0.0004379749298095703,False,dec_s2,decoder,2,6,0.007357159862294793,0.00612858310341835,0.0036663475524013243,0.005696216986204187,-0.4514877035375415,0.3907719568159782,,,,,,,
alps_east_2020-06-29T06:00:00,alps_east,local,low_near,t1,q850_trace,precip_only,q850,57.72747747747748,351.25262583833603,2.0959887478966266e-06,,7.442893028259277,7.44803524017334,7.442447662353516,0.0051422119140625,-0.00044536590576171875,0.0027937889099121094,0.0023484230041503906,0.0027937889099121094,True,enc_s0,encoder,0,6,0.008378891584773859,0.007331071188673377,0.007557052420452237,0.0022040554128276804,0.8567188326885272,0.7739784685222181,1.0,850,0.0,0.0,1.0,1.0,0.0
alps_east_2020-06-29T06:00:00,alps_east,local,low_near,t1,q850_trace,precip_only,q850,57.72747747747748,351.25262583833603,2.0959887478966266e-06,,7.442893028259277,7.44803524017334,7.442447662353516,0.0051422119140625,-0.00044536590576171875,0.0027937889099121094,0.0023484230041503906,0.0027937889099121094,True,enc_s1,encoder,1,10,0.007767728064209223,0.004454806889407336,0.005252438085153699,0.003491882258094847,0.4864121130019764,0.6120625565074641,1.0,850,0.0,0.0,1.0,1.0,0.0
alps_east_2020-06-29T06:00:00,alps_east,local,low_near,t1,q850_trace,precip_only,q850,57.72747747747748,351.25262583833603,2.0959887478966266e-06,,7.442893028259277,7.44803524017334,7.442447662353516,0.0051422119140625,-0.00044536590576171875,0.0027937889099121094,0.0023484230041503906,0.0027937889099121094,True,enc_s2,encoder,2,8,0.004003553796792403,0.00210290594259277,0.002612066047731787,0.0018447728361934423,0.4181966227400802,0.5864215327968142,1.0,850,0.0,0.0,1.0,1.0,0.0
alps_east_2020-06-29T06:00:00,alps_east,local,low_near,t1,q850_trace,precip_only,q850,57.72747747747748,351.25262583833603,2.0959887478966266e-06,,7.442893028259277,7.44803524017334,7.442447662353516,0.0051422119140625,-0.00044536590576171875,0.0027937889099121094,0.0023484230041503906,0.0027937889099121094,True,dec_s0,decoder,0,8,0.006070319504942745,0.0029127182497177273,0.0037647226417902857,0.0029142301355022937,0.3348249570671441,0.5639753785530471,1.0,850,0.0,0.0,1.0,1.0,0.0
alps_east_2020-06-29T06:00:00,alps_east,local,low_near,t1,q850_trace,precip_only,q850,57.72747747747748,351.25262583833603,2.0959887478966266e-06,,7.442893028259277,7.44803524017334,7.442447662353516,0.0051422119140625,-0.00044536590576171875,0.0027937889099121094,0.0023484230041503906,0.0027937889099121094,True,dec_s1,decoder,1,10,0.005501239141449332,0.0042035021353513,0.0037453304277732967,0.0031509030261076985,0.20730285319700106,0.5467090849853822,1.0,850,0.0,0.0,1.0,1.0,0.0
alps_east_2020-06-29T06:00:00,alps_east,local,low_near,t1,q850_trace,precip_only,q850,57.72747747747748,351.25262583833603,2.0959887478966266e-06,,7.442893028259277,7.44803524017334,7.442447662353516,0.0051422119140625,-0.00044536590576171875,0.0027937889099121094,0.0023484230041503906,0.0027937889099121094,True,dec_s2,decoder,2,6,0.016616271808743477,0.01495887820298473,0.01335255584369103,0.008462262262279788,0.4994907514952302,0.6123432322053399,1.0,850,0.0,0.0,1.0,1.0,0.0
alps_east_2020-06-29T06:00:00,alps_east,synoptic,hotspot,t1,precip_trace,precip_only,q850,50.22747747747748,8.752625838336058,0.0001581767137395218,2.11,7.442893028259277,7.427738189697266,7.44356107711792,-0.015154838562011719,0.0006680488586425781,-0.007911443710327148,-0.00724339485168457,0.007911443710327148,True,enc_s0,encoder,0,6,0.004684140672907233,0.0005885437810017417,0.0023332962300628424,0.0023902786197140813,-0.09454937550849808,0.49331413176436034,,,,,,,
alps_east_2020-06-29T06:00:00,alps_east,synoptic,hotspot,t1,precip_trace,precip_only,q850,50.22747747747748,8.752625838336058,0.0001581767137395218,2.11,7.442893028259277,7.427738189697266,7.44356107711792,-0.015154838562011719,0.0006680488586425781,-0.007911443710327148,-0.00724339485168457,0.007911443710327148,True,enc_s1,encoder,1,10,0.003071812493726611,0.0015294572978746146,0.0015074412105605007,0.0019290974945761264,-0.25139740172622105,0.44954242612226986,,,,,,,
alps_east_2020-06-29T06:00:00,alps_east,synoptic,hotspot,t1,precip_trace,precip_only,q850,50.22747747747748,8.752625838336058,0.0001581767137395218,2.11,7.442893028259277,7.427738189697266,7.44356107711792,-0.015154838562011719,0.0006680488586425781,-0.007911443710327148,-0.00724339485168457,0.007911443710327148,True,enc_s2,encoder,2,8,0.0012134422722738236,0.0008182803649106063,0.0006062091997591779,0.00083878671284765,-0.34325551034073154,0.4196074158766831,,,,,,,
alps_east_2020-06-29T06:00:00,alps_east,synoptic,hotspot,t1,precip_trace,precip_only,q850,50.22747747747748,8.752625838336058,0.0001581767137395218,2.11,7.442893028259277,7.427738189697266,7.44356107711792,-0.015154838562011719,0.0006680488586425781,-0.007911443710327148,-0.00724339485168457,0.007911443710327148,True,dec_s0,decoder,0,8,0.0018589045212138444,0.0014173553645377979,0.000929380054003559,0.0013670508342329413,-0.3870619980013871,0.4052080398553268,,,,,,,
alps_east_2020-06-29T06:00:00,alps_east,synoptic,hotspot,t1,precip_trace,precip_only,q850,50.22747747747748,8.752625838336058,0.0001581767137395218,2.11,7.442893028259277,7.427738189697266,7.44356107711792,-0.015154838562011719,0.0006680488586425781,-0.007911443710327148,-0.00724339485168457,0.007911443710327148,True,dec_s1,decoder,1,10,0.002646629943046719,0.0024284757673740387,0.0013236998696811498,0.0021677327691577374,-0.47201554896985354,0.37960311620243825,,,,,,,
alps_east_2020-06-29T06:00:00,alps_east,synoptic,hotspot,t1,precip_trace,precip_only,q850,50.22747747747748,8.752625838336058,0.0001581767137395218,2.11,7.442893028259277,7.427738189697266,7.44356107711792,-0.015154838562011719,0.0006680488586425781,-0.007911443710327148,-0.00724339485168457,0.007911443710327148,True,dec_s2,decoder,2,6,0.009709031398718556,0.006207172991707921,0.004853055385562281,0.006557411514222622,-0.35163543837574557,0.42371065979229283,,,,,,,
alps_east_2020-06-29T06:00:00,alps_east,synoptic,hotspot,t1,q850_trace,precip_only,q850,50.22747747747748,8.752625838336058,0.0001581767137395218,,7.442893028259277,8.607516288757324,6.585263729095459,1.1646232604980469,-0.8576292991638184,1.0111262798309326,0.15349698066711426,1.0111262798309326,True,enc_s0,encoder,0,6,0.01770077645778656,0.016282987625648577,0.016360058759649593,0.004642599805568655,0.8551302708847713,0.7780753517883543,1.0,850,0.0,0.004119016552818072,1.0,0.9971609242037252,0.0028390757962748836
alps_east_2020-06-29T06:00:00,alps_east,synoptic,hotspot,t1,q850_trace,precip_only,q850,50.22747747747748,8.752625838336058,0.0001581767137395218,,7.442893028259277,8.607516288757324,6.585263729095459,1.1646232604980469,-0.8576292991638184,1.0111262798309326,0.15349698066711426,1.0111262798309326,True,enc_s1,encoder,1,10,0.013971823826432228,0.009444216778501869,0.010319954343140125,0.005959034082479775,0.5719041126809118,0.6427113405555521,1.0,850,0.0,0.004119016552818072,1.0,0.9971609242037252,0.0028390757962748836
alps_east_2020-06-29T06:00:00,alps_east,synoptic,hotspot,t1,q850_trace,precip_only,q850,50.22747747747748,8.752625838336058,0.0001581767137395218,,7.442893028259277,8.607516288757324,6.585263729095459,1.1646232604980469,-0.8576292991638184,1.0111262798309326,0.15349698066711426,1.0111262798309326,True,enc_s2,encoder,2,8,0.0064151628175750375,0.003980849724030122,0.0044582795817404985,0.002936926990514621,0.4523765172314196,0.6029705024165817,1.0,850,0.0,0.004119016552818072,1.0,0.9971609242037252,0.0028390757962748836
alps_east_2020-06-29T06:00:00,alps_east,synoptic,hotspot,t1,q850_trace,precip_only,q850,50.22747747747748,8.752625838336058,0.0001581767137395218,,7.442893028259277,8.607516288757324,6.585263729095459,1.1646232604980469,-0.8576292991638184,1.0111262798309326,0.15349698066711426,1.0111262798309326,True,dec_s0,decoder,0,8,0.009841358289122581,0.005662468320224434,0.006616444268729538,0.004547566088149324,0.4281290228883228,0.5928603857395547,1.0,850,0.0,0.004119016552818072,1.0,0.9971609242037252,0.0028390757962748836
alps_east_2020-06-29T06:00:00,alps_east,synoptic,hotspot,t1,q850_trace,precip_only,q850,50.22747747747748,8.752625838336058,0.0001581767137395218,,7.442893028259277,8.607516288757324,6.585263729095459,1.1646232604980469,-0.8576292991638184,1.0111262798309326,0.15349698066711426,1.0111262798309326,True,dec_s1,decoder,1,10,0.007999118603765964,0.007186964387074113,0.006099106254987418,0.00454508657567203,0.3274524294408113,0.5763008118201121,1.0,850,0.0,0.004119016552818072,1.0,0.9971609242037252,0.0028390757962748836
alps_east_2020-06-29T06:00:00,alps_east,synoptic,hotspot,t1,q850_trace,precip_only,q850,50.22747747747748,8.752625838336058,0.0001581767137395218,,7.442893028259277,8.607516288757324,6.585263729095459,1.1646232604980469,-0.8576292991638184,1.0111262798309326,0.15349698066711426,1.0111262798309326,True,dec_s2,decoder,2,6,0.026243225981791813,0.024950827782352764,0.021946588531136513,0.01318621247385939,0.5184126842530613,0.624955157895009,1.0,850,0.0,0.004119016552818072,1.0,0.9971609242037252,0.0028390757962748836
alps_east_2020-06-29T06:00:00,alps_east,synoptic,low_near,t1,precip_trace,precip_only,q850,30.22747747747748,18.75262583833606,1.5600626284140162e-05,2.11,7.442893028259277,7.445290565490723,7.446368217468262,0.0023975372314453125,0.003475189208984375,-0.0005388259887695312,0.0029363632202148438,0.0029363632202148438,False,enc_s0,encoder,0,6,0.0039886680121223135,0.0005592026621646559,0.0019810399777876833,0.002049245658175399,-0.11961616031534168,0.49067701941307496,,,,,,,
alps_east_2020-06-29T06:00:00,alps_east,synoptic,low_near,t1,precip_trace,precip_only,q850,30.22747747747748,18.75262583833606,1.5600626284140162e-05,2.11,7.442893028259277,7.445290565490723,7.446368217468262,0.0023975372314453125,0.003475189208984375,-0.0005388259887695312,0.0029363632202148438,0.0029363632202148438,False,enc_s1,encoder,1,10,0.0026884784922003744,0.001558474381454289,0.0013126270147040485,0.001785409718286246,-0.2902334685615534,0.4378105608072912,,,,,,,
alps_east_2020-06-29T06:00:00,alps_east,synoptic,low_near,t1,precip_trace,precip_only,q850,30.22747747747748,18.75262583833606,1.5600626284140162e-05,2.11,7.442893028259277,7.445290565490723,7.446368217468262,0.0023975372314453125,0.003475189208984375,-0.0005388259887695312,0.0029363632202148438,0.0029363632202148438,False,enc_s2,encoder,2,8,0.0011116832320112735,0.0008452653855783865,0.0005554014787776396,0.0008165384788298979,-0.3871743395839738,0.4049354235912456,,,,,,,
alps_east_2020-06-29T06:00:00,alps_east,synoptic,low_near,t1,precip_trace,precip_only,q850,30.22747747747748,18.75262583833606,1.5600626284140162e-05,2.11,7.442893028259277,7.445290565490723,7.446368217468262,0.0023975372314453125,0.003475189208984375,-0.0005388259887695312,0.0029363632202148438,0.0029363632202148438,False,dec_s0,decoder,0,8,0.001711085016722791,0.001448836294002831,0.0008549057019990869,0.001335221721092239,-0.43009011283317045,0.39080067440131494,,,,,,,
alps_east_2020-06-29T06:00:00,alps_east,synoptic,low_near,t1,precip_trace,precip_only,q850,30.22747747747748,18.75262583833606,1.5600626284140162e-05,2.11,7.442893028259277,7.445290565490723,7.446368217468262,0.0023975372314453125,0.003475189208984375,-0.0005388259887695312,0.0029363632202148438,0.0029363632202148438,False,dec_s1,decoder,1,10,0.0025749420281499626,0.002445316780358553,0.0012860350077971816,0.0021566636161878703,-0.4892275401879974,0.3740727058985646,,,,,,,
alps_east_2020-06-29T06:00:00,alps_east,synoptic,low_near,t1,precip_trace,precip_only,q850,30.22747747747748,18.75262583833606,1.5600626284140162e-05,2.11,7.442893028259277,7.445290565490723,7.446368217468262,0.0023975372314453125,0.003475189208984375,-0.0005388259887695312,0.0029363632202148438,0.0029363632202148438,False,dec_s2,decoder,2,6,0.007552462086702387,0.006244258567069967,0.003763947752304375,0.0058179376646876335,-0.4440780123795509,0.3927847511659235,,,,,,,
alps_east_2020-06-29T06:00:00,alps_east,synoptic,low_near,t1,q850_trace,precip_only,q850,30.22747747747748,18.75262583833606,1.5600626284140162e-05,,7.442893028259277,7.4435296058654785,7.437142848968506,0.0006365776062011719,-0.005750179290771484,0.003193378448486328,-0.0025568008422851562,0.003193378448486328,True,enc_s0,encoder,0,6,0.011844138925274214,0.012614288832992315,0.01187027059495449,0.0029639495769515634,0.8882016513455523,0.7996471219151454,1.0,850,0.0,0.006735983971812498,1.0,0.9941714463220398,0.0058285536779601735
alps_east_2020-06-29T06:00:00,alps_east,synoptic,low_near,t1,q850_trace,precip_only,q850,30.22747747747748,18.75262583833606,1.5600626284140162e-05,,7.442893028259277,7.4435296058654785,7.437142848968506,0.0006365776062011719,-0.005750179290771484,0.003193378448486328,-0.0025568008422851562,0.003193378448486328,True,enc_s1,encoder,1,10,0.005741209536790848,0.00660730036906898,0.005636163661256433,0.0024226858862675727,0.7255880345761441,0.7202550402402291,1.0,850,0.0,0.006735983971812498,1.0,0.9941714463220398,0.0058285536779601735
alps_east_2020-06-29T06:00:00,alps_east,synoptic,low_near,t1,q850_trace,precip_only,q850,30.22747747747748,18.75262583833606,1.5600626284140162e-05,,7.442893028259277,7.4435296058654785,7.437142848968506,0.0006365776062011719,-0.005750179290771484,0.003193378448486328,-0.0025568008422851562,0.003193378448486328,True,enc_s2,encoder,2,8,0.0026905648119281977,0.0028708640893455595,0.0025407753710169345,0.0011333516158629209,0.6951179833310814,0.691653136281835,1.0,850,0.0,0.006735983971812498,1.0,0.9941714463220398,0.0058285536779601735
alps_east_2020-06-29T06:00:00,alps_east,synoptic,low_near,t1,q850_trace,precip_only,q850,30.22747747747748,18.75262583833606,1.5600626284140162e-05,,7.442893028259277,7.4435296058654785,7.437142848968506,0.0006365776062011719,-0.005750179290771484,0.003193378448486328,-0.0025568008422851562,0.003193378448486328,True,dec_s0,decoder,0,8,0.0034467348596081138,0.003699414082802832,0.003171798831317574,0.001648506906349212,0.6006289669386178,0.6589655534098681,1.0,850,0.0,0.006735983971812498,1.0,0.9941714463220398,0.0058285536779601735
alps_east_2020-06-29T06:00:00,alps_east,synoptic,low_near,t1,q850_trace,precip_only,q850,30.22747747747748,18.75262583833606,1.5600626284140162e-05,,7.442893028259277,7.4435296058654785,7.437142848968506,0.0006365776062011719,-0.005750179290771484,0.003193378448486328,-0.0025568008422851562,0.003193378448486328,True,dec_s1,decoder,1,10,0.004949457896873355,0.005070494464598596,0.0043535516131669285,0.0024798013851977884,0.56317083478104,0.6390271734065485,1.0,850,0.0,0.006735983971812498,1.0,0.9941714463220398,0.0058285536779601735
alps_east_2020-06-29T06:00:00,alps_east,synoptic,low_near,t1,q850_trace,precip_only,q850,30.22747747747748,18.75262583833606,1.5600626284140162e-05,,7.442893028259277,7.4435296058654785,7.437142848968506,0.0006365776062011719,-0.005750179290771484,0.003193378448486328,-0.0025568008422851562,0.003193378448486328,True,dec_s2,decoder,2,6,0.01950560137629509,0.01907292101532221,0.017889192948738735,0.007218327683707078,0.8134147353137945,0.7125382467620952,1.0,850,0.0,0.006735983971812498,1.0,0.9941714463220398,0.0058285536779601735
andes_2020-03-25T12:00:00,andes,local,hotspot,t1,precip_trace,precip_only,q850,-32.52252252252252,290.54529172445586,0.00013807686627842486,2.11,5.771646022796631,5.818268299102783,5.766211032867432,0.046622276306152344,-0.005434989929199219,0.02602863311767578,0.020593643188476562,0.02602863311767578,True,enc_s0,encoder,0,6,0.001872768101748079,0.0004898685244067261,0.000910072810559844,0.0010242517552493762,-0.23813334396049754,0.4688012296202475,,,,,,,
andes_2020-03-25T12:00:00,andes,local,hotspot,t1,precip_trace,precip_only,q850,-32.52252252252252,290.54529172445586,0.00013807686627842486,2.11,5.771646022796631,5.818268299102783,5.766211032867432,0.046622276306152344,-0.005434989929199219,0.02602863311767578,0.020593643188476562,0.02602863311767578,True,enc_s1,encoder,1,10,0.0017595614772289991,0.0012338202388491482,0.0008356501639354974,0.00127979883691296,-0.3459890395963031,0.41952858465843545,,,,,,,
andes_2020-03-25T12:00:00,andes,local,hotspot,t1,precip_trace,precip_only,q850,-32.52252252252252,290.54529172445586,0.00013807686627842486,2.11,5.771646022796631,5.818268299102783,5.766211032867432,0.046622276306152344,-0.005434989929199219,0.02602863311767578,0.020593643188476562,0.02602863311767578,True,enc_s2,encoder,2,8,0.0007545126281911507,0.0006590504053747281,0.00037691204852308147,0.0005998006527079269,-0.44258411424519306,0.3859441253978128,,,,,,,
andes_2020-03-25T12:00:00,andes,local,hotspot,t1,precip_trace,precip_only,q850,-32.52252252252252,290.54529172445586,0.00013807686627842486,2.11,5.771646022796631,5.818268299102783,5.766211032867432,0.046622276306152344,-0.005434989929199219,0.02602863311767578,0.020593643188476562,0.02602863311767578,True,dec_s0,decoder,0,8,0.0012069050208083354,0.0011078052048105747,0.000603387386945542,0.0009888740605674684,-0.464652800453782,0.37918116086038917,,,,,,,
andes_2020-03-25T12:00:00,andes,local,hotspot,t1,precip_trace,precip_only,q850,-32.52252252252252,290.54529172445586,0.00013807686627842486,2.11,5.771646022796631,5.818268299102783,5.766211032867432,0.046622276306152344,-0.005434989929199219,0.02602863311767578,0.020593643188476562,0.02602863311767578,True,dec_s1,decoder,1,10,0.002351650909986347,0.0023089657188393176,0.0011758700711652637,0.002011996868532151,-0.5049135405792502,0.3689587578533576,,,,,,,
andes_2020-03-25T12:00:00,andes,local,hotspot,t1,precip_trace,precip_only,q850,-32.52252252252252,290.54529172445586,0.00013807686627842486,2.11,5.771646022796631,5.818268299102783,5.766211032867432,0.046622276306152344,-0.005434989929199219,0.02602863311767578,0.020593643188476562,0.02602863311767578,True,dec_s2,decoder,2,6,0.006730626570060849,0.006145137439792355,0.003357790100077788,0.005501045845448971,-0.48531179867637997,0.3788787122257172,,,,,,,
andes_2020-03-25T12:00:00,andes,local,hotspot,t1,q850_trace,precip_only,q850,-32.52252252252252,290.54529172445586,0.00013807686627842486,,5.771646022796631,7.2993292808532715,4.288065433502197,1.5276832580566406,-1.4835805892944336,1.505631923675537,0.022051334381103516,1.505631923675537,True,enc_s0,encoder,0,6,0.005208286767204602,0.005224544554948807,0.005037274677306414,0.0013517504169916112,0.8735400836188179,0.7874827173126651,1.0,850,0.0,0.00641025641025641,1.0,0.9943908805094404,0.005609119490559675
andes_2020-03-25T12:00:00,andes,local,hotspot,t1,q850_trace,precip_only,q850,-32.52252252252252,290.54529172445586,0.00013807686627842486,,5.771646022796631,7.2993292808532715,4.288065433502197,1.5276832580566406,-1.4835805892944336,1.505631923675537,0.022051334381103516,1.505631923675537,True,enc_s1,encoder,1,10,0.003927930537611246,0.003281698562204838,0.0031129840994253755,0.0017890471732243895,0.5726479524021006,0.6584137581621168,1.0,850,0.0,0.00641025641025641,1.0,0.9943908805094404,0.005609119490559675
andes_2020-03-25T12:00:00,andes,local,hotspot,t1,q850_trace,precip_only,q850,-32.52252252252252,290.54529172445586,0.00013807686627842486,,5.771646022796631,7.2993292808532715,4.288065433502197,1.5276832580566406,-1.4835805892944336,1.505631923675537,0.022051334381103516,1.505631923675537,True,enc_s2,encoder,2,8,0.0016593746113358065,0.0014462928229477257,0.001316764042712748,0.0008299256660393439,0.447294186801961,0.6134327410828758,1.0,850,0.0,0.00641025641025641,1.0,0.9943908805094404,0.005609119490559675
andes_2020-03-25T12:00:00,andes,local,hotspot,t1,q850_trace,precip_only,q850,-32.52252252252252,290.54529172445586,0.00013807686627842486,,5.771646022796631,7.2993292808532715,4.288065433502197,1.5276832580566406,-1.4835805892944336,1.505631923675537,0.022051334381103516,1.505631923675537,True,dec_s0,decoder,0,8,0.0023817917390260845,0.002126121849869378,0.0018664467934286222,0.0012697848724201322,0.3828699573422355,0.5959772942546766,1.0,850,0.0,0.00641025641025641,1.0,0.9943908805094404,0.005609119490559675
andes_2020-03-25T12:00:00,andes,local,hotspot,t1,q850_trace,precip_only,q850,-32.52252252252252,290.54529172445586,0.00013807686627842486,,5.771646022796631,7.2993292808532715,4.288065433502197,1.5276832580566406,-1.4835805892944336,1.505631923675537,0.022051334381103516,1.505631923675537,True,dec_s1,decoder,1,10,0.003252081910613924,0.0031736916163936256,0.0023712314083240925,0.002166687848512083,0.0758329271035592,0.5181768996511597,1.0,850,0.0,0.00641025641025641,1.0,0.9943908805094404,0.005609119490559675
andes_2020-03-25T12:00:00,andes,local,hotspot,t1,q850_trace,precip_only,q850,-32.52252252252252,290.54529172445586,0.00013807686627842486,,5.771646022796631,7.2993292808532715,4.288065433502197,1.5276832580566406,-1.4835805892944336,1.505631923675537,0.022051334381103516,1.505631923675537,True,dec_s2,decoder,2,6,0.01177206744129459,0.011309771332889795,0.00974170258268714,0.006192263138170044,0.4773866458602766,0.6112835241822515,1.0,850,0.0,0.00641025641025641,1.0,0.9943908805094404,0.005609119490559675
andes_2020-03-25T12:00:00,andes,local,low_near,t1,precip_trace,precip_only,q850,-42.52252252252252,275.54529172445586,2.205087639595149e-06,2.11,5.771646022796631,5.769009590148926,5.767986297607422,-0.002636432647705078,-0.0036597251892089844,0.0005116462707519531,-0.0031480789184570312,0.0031480789184570312,False,enc_s0,encoder,0,6,0.0018716928510305781,0.0004933010932290927,0.0009064565626128266,0.0010281620391954978,-0.2520987635651825,0.46599648052919,,,,,,,
andes_2020-03-25T12:00:00,andes,local,low_near,t1,precip_trace,precip_only,q850,-42.52252252252252,275.54529172445586,2.205087639595149e-06,2.11,5.771646022796631,5.769009590148926,5.767986297607422,-0.002636432647705078,-0.0036597251892089844,0.0005116462707519531,-0.0031480789184570312,0.0031480789184570312,False,enc_s1,encoder,1,10,0.001814288308378309,0.0012615155923413114,0.0008634657249785959,0.0013150979648344219,-0.34401631970116403,0.4202227210429811,,,,,,,
andes_2020-03-25T12:00:00,andes,local,low_near,t1,precip_trace,precip_only,q850,-42.52252252252252,275.54529172445586,2.205087639595149e-06,2.11,5.771646022796631,5.769009590148926,5.767986297607422,-0.002636432647705078,-0.0036597251892089844,0.0005116462707519531,-0.0031480789184570312,0.0031480789184570312,False,enc_s2,encoder,2,8,0.0008227817816077732,0.0006688517823931761,0.00041100202361121774,0.0006271059901337139,-0.41244346628526773,0.39599068927221126,,,,,,,
andes_2020-03-25T12:00:00,andes,local,low_near,t1,precip_trace,precip_only,q850,-42.52252252252252,275.54529172445586,2.205087639595149e-06,2.11,5.771646022796631,5.769009590148926,5.767986297607422,-0.002636432647705078,-0.0036597251892089844,0.0005116462707519531,-0.0031480789184570312,0.0031480789184570312,False,dec_s0,decoder,0,8,0.001253809554327745,0.001116664156143088,0.0006262298884394113,0.0010086882102768868,-0.45137877985455466,0.38354723038569233,,,,,,,
andes_2020-03-25T12:00:00,andes,local,low_near,t1,precip_trace,precip_only,q850,-42.52252252252252,275.54529172445586,2.205087639595149e-06,2.11,5.771646022796631,5.769009590148926,5.767986297607422,-0.002636432647705078,-0.0036597251892089844,0.0005116462707519531,-0.0031480789184570312,0.0031480789184570312,False,dec_s1,decoder,1,10,0.002407786040566862,0.002310964453499764,0.00120331667130813,0.0020300390548072754,-0.49390005289903305,0.3724409431970742,,,,,,,
andes_2020-03-25T12:00:00,andes,local,low_near,t1,precip_trace,precip_only,q850,-42.52252252252252,275.54529172445586,2.205087639595149e-06,2.11,5.771646022796631,5.769009590148926,5.767986297607422,-0.002636432647705078,-0.0036597251892089844,0.0005116462707519531,-0.0031480789184570312,0.0031480789184570312,False,dec_s2,decoder,2,6,0.0068957090843468904,0.006147218557695548,0.0034401616624866924,0.0055540672813852625,-0.4751795634941431,0.38214932817614305,,,,,,,
andes_2020-03-25T12:00:00,andes,local,low_near,t1,q850_trace,precip_only,q850,-42.52252252252252,275.54529172445586,2.205087639595149e-06,,5.771646022796631,5.769667148590088,5.769492149353027,-0.0019788742065429688,-0.0021538734436035156,8.749961853027344e-05,-0.002066373825073242,0.002066373825073242,False,enc_s0,encoder,0,6,0.005494775638605158,0.005682464766626556,0.005437395768240094,0.0012949958715277414,0.9020180800404515,0.8071668078883557,1.0,850,0.0,0.0,1.0,1.0,0.0
andes_2020-03-25T12:00:00,andes,local,low_near,t1,q850_trace,precip_only,q850,-42.52252252252252,275.54529172445586,2.205087639595149e-06,,5.771646022796631,5.769667148590088,5.769492149353027,-0.0019788742065429688,-0.0021538734436035156,8.749961853027344e-05,-0.002066373825073242,0.002066373825073242,False,enc_s1,encoder,1,10,0.0035264377482235433,0.003265238692983985,0.0029114702716469764,0.0016557726892642676,0.5666522623203702,0.6637531704990223,1.0,850,0.0,0.0,1.0,1.0,0.0
andes_2020-03-25T12:00:00,andes,local,low_near,t1,q850_trace,precip_only,q850,-42.52252252252252,275.54529172445586,2.205087639595149e-06,,5.771646022796631,5.769667148590088,5.769492149353027,-0.0019788742065429688,-0.0021538734436035156,8.749961853027344e-05,-0.002066373825073242,0.002066373825073242,False,enc_s2,encoder,2,8,0.0016449316608486697,0.0014914920466253534,0.0013626323925564066,0.0007798644146532752,0.5230113998801138,0.6361025007669447,1.0,850,0.0,0.0,1.0,1.0,0.0
andes_2020-03-25T12:00:00,andes,local,low_near,t1,q850_trace,precip_only,q850,-42.52252252252252,275.54529172445586,2.205087639595149e-06,,5.771646022796631,5.769667148590088,5.769492149353027,-0.0019788742065429688,-0.0021538734436035156,8.749961853027344e-05,-0.002066373825073242,0.002066373825073242,False,dec_s0,decoder,0,8,0.0020870166190434247,0.0019104547682218254,0.0016400613822042942,0.0011439833760960028,0.36075325677866,0.5906015637290369,1.0,850,0.0,0.0,1.0,1.0,0.0
andes_2020-03-25T12:00:00,andes,local,low_near,t1,q850_trace,precip_only,q850,-42.52252252252252,275.54529172445586,2.205087639595149e-06,,5.771646022796631,5.769667148590088,5.769492149353027,-0.0019788742065429688,-0.0021538734436035156,8.749961853027344e-05,-0.002066373825073242,0.002066373825073242,False,dec_s1,decoder,1,10,0.003686450724489987,0.003193880314938724,0.0026010179077275097,0.0022646815865300595,0.15347232108998357,0.5361999675780078,1.0,850,0.0,0.0,1.0,1.0,0.0
andes_2020-03-25T12:00:00,andes,local,low_near,t1,q850_trace,precip_only,q850,-42.52252252252252,275.54529172445586,2.205087639595149e-06,,5.771646022796631,5.769667148590088,5.769492149353027,-0.0019788742065429688,-0.0021538734436035156,8.749961853027344e-05,-0.002066373825073242,0.002066373825073242,False,dec_s2,decoder,2,6,0.01282081799581647,0.011820210920025906,0.010716996310899654,0.006098597077652812,0.588363501144629,0.6373040780640702,1.0,850,0.0,0.0,1.0,1.0,0.0
andes_2020-03-25T12:00:00,andes,synoptic,hotspot,t1,precip_trace,precip_only,q850,-35.02252252252252,288.04529172445586,0.0002186853380408138,2.11,5.771646022796631,5.820557594299316,5.76861572265625,0.04891157150268555,-0.0030303001403808594,0.025970935821533203,0.022940635681152344,0.025970935821533203,True,enc_s0,encoder,0,6,0.004217735957354307,0.0005962778232060373,0.002098473235188673,0.0021639211918227375,-0.10768181356742122,0.4915354839648558,,,,,,,
andes_2020-03-25T12:00:00,andes,synoptic,hotspot,t1,precip_trace,precip_only,q850,-35.02252252252252,288.04529172445586,0.0002186853380408138,2.11,5.771646022796631,5.820557594299316,5.76861572265625,0.04891157150268555,-0.0030303001403808594,0.025970935821533203,0.022940635681152344,0.025970935821533203,True,enc_s1,encoder,1,10,0.0030313690192997457,0.001610296790022403,0.0014869700418785215,0.0019449655548669398,-0.2626091925653697,0.44620497879348286,,,,,,,
andes_2020-03-25T12:00:00,andes,synoptic,hotspot,t1,precip_trace,precip_only,q850,-35.02252252252252,288.04529172445586,0.0002186853380408138,2.11,5.771646022796631,5.820557594299316,5.76861572265625,0.04891157150268555,-0.0030303001403808594,0.025970935821533203,0.022940635681152344,0.025970935821533203,True,enc_s2,encoder,2,8,0.001186158275231719,0.0008168150452547707,0.0005929396138526499,0.000827969386591576,-0.35001460185144484,0.417347436270181,,,,,,,
andes_2020-03-25T12:00:00,andes,synoptic,hotspot,t1,precip_trace,precip_only,q850,-35.02252252252252,288.04529172445586,0.0002186853380408138,2.11,5.771646022796631,5.820557594299316,5.76861572265625,0.04891157150268555,-0.0030303001403808594,0.025970935821533203,0.022940635681152344,0.025970935821533203,True,dec_s0,decoder,0,8,0.001669593300903216,0.001254684328159783,0.0008346000322489999,0.001218417652125936,-0.3810803840525317,0.40692591656264426,,,,,,,
andes_2020-03-25T12:00:00,andes,synoptic,hotspot,t1,precip_trace,precip_only,q850,-35.02252252252252,288.04529172445586,0.0002186853380408138,2.11,5.771646022796631,5.820557594299316,5.76861572265625,0.04891157150268555,-0.0030303001403808594,0.025970935821533203,0.022940635681152344,0.025970935821533203,True,dec_s1,decoder,1,10,0.002643859654199332,0.002379835641477257,0.001321961497887969,0.002139951824210584,-0.46289251830925837,0.3824181298687074,,,,,,,
andes_2020-03-25T12:00:00,andes,synoptic,hotspot,t1,precip_trace,precip_only,q850,-35.02252252252252,288.04529172445586,0.0002186853380408138,2.11,5.771646022796631,5.820557594299316,5.76861572265625,0.04891157150268555,-0.0030303001403808594,0.025970935821533203,0.022940635681152344,0.025970935821533203,True,dec_s2,decoder,2,6,0.00882000297618409,0.006297037083034714,0.00440580362919718,0.006274230700607101,-0.38599964724951197,0.41179546037700593,,,,,,,
andes_2020-03-25T12:00:00,andes,synoptic,hotspot,t1,q850_trace,precip_only,q850,-35.02252252252252,288.04529172445586,0.0002186853380408138,,5.771646022796631,7.4746856689453125,4.1082940101623535,1.7030396461486816,-1.6633520126342773,1.6831958293914795,0.01984381675720215,1.6831958293914795,True,enc_s0,encoder,0,6,0.013013923851152262,0.013583808361242214,0.01288917101919651,0.0032871218087772527,0.8817163809130873,0.7964186304705422,1.0,850,0.0,0.008353808353808353,1.0,0.9939236383230915,0.006076361676908491
andes_2020-03-25T12:00:00,andes,synoptic,hotspot,t1,q850_trace,precip_only,q850,-35.02252252252252,288.04529172445586,0.0002186853380408138,,5.771646022796631,7.4746856689453125,4.1082940101623535,1.7030396461486816,-1.6633520126342773,1.6831958293914795,0.01984381675720215,1.6831958293914795,True,enc_s1,encoder,1,10,0.007737797731533646,0.00729028726927936,0.006837347522377968,0.0030322961742058397,0.7055854954798217,0.7085511729203436,1.0,850,0.0,0.008353808353808353,1.0,0.9939236383230915,0.006076361676908491
andes_2020-03-25T12:00:00,andes,synoptic,hotspot,t1,q850_trace,precip_only,q850,-35.02252252252252,288.04529172445586,0.0002186853380408138,,5.771646022796631,7.4746856689453125,4.1082940101623535,1.7030396461486816,-1.6633520126342773,1.6831958293914795,0.01984381675720215,1.6831958293914795,True,enc_s2,encoder,2,8,0.0034441529714968055,0.0030906302854418755,0.002980020042741671,0.0013514643214875832,0.6817912972058496,0.688043418475313,1.0,850,0.0,0.008353808353808353,1.0,0.9939236383230915,0.006076361676908491
andes_2020-03-25T12:00:00,andes,synoptic,hotspot,t1,q850_trace,precip_only,q850,-35.02252252252252,288.04529172445586,0.0002186853380408138,,5.771646022796631,7.4746856689453125,4.1082940101623535,1.7030396461486816,-1.6633520126342773,1.6831958293914795,0.01984381675720215,1.6831958293914795,True,dec_s0,decoder,0,8,0.0045336012262851,0.004051235824590549,0.003867650666506961,0.001876793525298126,0.6452987208726293,0.673800889049583,1.0,850,0.0,0.008353808353808353,1.0,0.9939236383230915,0.006076361676908491
andes_2020-03-25T12:00:00,andes,synoptic,hotspot,t1,q850_trace,precip_only,q850,-35.02252252252252,288.04529172445586,0.0002186853380408138,,5.771646022796631,7.4746856689453125,4.1082940101623535,1.7030396461486816,-1.6633520126342773,1.6831958293914795,0.01984381675720215,1.6831958293914795,True,dec_s1,decoder,1,10,0.0060025755083188415,0.005643613636493683,0.005127157573588193,0.00276575613534078,0.5965570297736885,0.6506787247669417,1.0,850,0.0,0.008353808353808353,1.0,0.9939236383230915,0.006076361676908491
andes_2020-03-25T12:00:00,andes,synoptic,hotspot,t1,q850_trace,precip_only,q850,-35.02252252252252,288.04529172445586,0.0002186853380408138,,5.771646022796631,7.4746856689453125,4.1082940101623535,1.7030396461486816,-1.6633520126342773,1.6831958293914795,0.01984381675720215,1.6831958293914795,True,dec_s2,decoder,2,6,0.026070820167660713,0.025004372000694275,0.024029644516607124,0.008661846785495678,0.8223289071697986,0.7350890138259797,1.0,850,0.0,0.008353808353808353,1.0,0.9939236383230915,0.006076361676908491
andes_2020-03-25T12:00:00,andes,synoptic,low_near,t1,precip_trace,precip_only,q850,-45.02252252252252,273.04529172445586,1.6329822756233625e-05,2.11,5.771646022796631,5.770477771759033,5.770078182220459,-0.0011682510375976562,-0.001567840576171875,0.00019979476928710938,-0.0013680458068847656,0.0013680458068847656,False,enc_s0,encoder,0,6,0.004429501947015524,0.0006155419299223771,0.0022032922715879977,0.0022718916685941317,-0.1091800987160557,0.49149154426800906,,,,,,,
andes_2020-03-25T12:00:00,andes,synoptic,low_near,t1,precip_trace,precip_only,q850,-45.02252252252252,273.04529172445586,1.6329822756233625e-05,2.11,5.771646022796631,5.770477771759033,5.770078182220459,-0.0011682510375976562,-0.001567840576171875,0.00019979476928710938,-0.0013680458068847656,0.0013680458068847656,False,enc_s1,encoder,1,10,0.003182018385268748,0.0016029046149924398,0.0015610513626597821,0.0020052138715982437,-0.25364984462049933,0.44910850582240275,,,,,,,
andes_2020-03-25T12:00:00,andes,synoptic,low_near,t1,precip_trace,precip_only,q850,-45.02252252252252,273.04529172445586,1.6329822756233625e-05,2.11,5.771646022796631,5.770477771759033,5.770078182220459,-0.0011682510375976562,-0.001567840576171875,0.00019979476928710938,-0.0013680458068847656,0.0013680458068847656,False,enc_s2,encoder,2,8,0.0013265601737657562,0.0008109117916319519,0.0006623482113354839,0.0008775191308814101,-0.3121479000205343,0.4301888264120335,,,,,,,
andes_2020-03-25T12:00:00,andes,synoptic,low_near,t1,precip_trace,precip_only,q850,-45.02252252252252,273.04529172445586,1.6329822756233625e-05,2.11,5.771646022796631,5.770477771759033,5.770078182220459,-0.0011682510375976562,-0.001567840576171875,0.00019979476928710938,-0.0013680458068847656,0.0013680458068847656,False,dec_s0,decoder,0,8,0.001803955005016178,0.0012492944078985602,0.0009012860246002674,0.0012632778234547004,-0.35184919760461136,0.41694399444494057,,,,,,,
andes_2020-03-25T12:00:00,andes,synoptic,low_near,t1,precip_trace,precip_only,q850,-45.02252252252252,273.04529172445586,1.6329822756233625e-05,2.11,5.771646022796631,5.770477771759033,5.770078182220459,-0.0011682510375976562,-0.001567840576171875,0.00019979476928710938,-0.0013680458068847656,0.0013680458068847656,False,dec_s1,decoder,1,10,0.002813574252650142,0.002373126056045294,0.001406429399503395,0.0021900392370298506,-0.4346208168331914,0.3917051021772616,,,,,,,
andes_2020-03-25T12:00:00,andes,synoptic,low_near,t1,precip_trace,precip_only,q850,-45.02252252252252,273.04529172445586,1.6329822756233625e-05,2.11,5.771646022796631,5.770477771759033,5.770078182220459,-0.0011682510375976562,-0.001567840576171875,0.00019979476928710938,-0.0013680458068847656,0.0013680458068847656,False,dec_s2,decoder,2,6,0.0094353878715386,0.00627551949582994,0.004714151960797608,0.006487729338308175,-0.36179829368851846,0.41961118316161977,,,,,,,
andes_2020-03-25T12:00:00,andes,synoptic,low_near,t1,q850_trace,precip_only,q850,-45.02252252252252,273.04529172445586,1.6329822756233625e-05,,5.771646022796631,5.797852993011475,5.732748985290527,0.02620697021484375,-0.038897037506103516,0.03255200386047363,-0.006345033645629883,0.03255200386047363,True,enc_s0,encoder,0,6,0.01476394028092424,0.014728545987357696,0.014322118212779364,0.0035216454804564514,0.8889750016604901,0.8021163167365458,1.0,850,0.0,0.017014781945111784,1.0,0.9856767165060454,0.014323283493954649
andes_2020-03-25T12:00:00,andes,synoptic,low_near,t1,q850_trace,precip_only,q850,-45.02252252252252,273.04529172445586,1.6329822756233625e-05,,5.771646022796631,5.797852993011475,5.732748985290527,0.02620697021484375,-0.038897037506103516,0.03255200386047363,-0.006345033645629883,0.03255200386047363,True,enc_s1,encoder,1,10,0.010949227027595043,0.008109484519809484,0.008517069462686776,0.00445635411888361,0.6203405733648601,0.6650596172789729,1.0,850,0.0,0.017014781945111784,1.0,0.9856767165060454,0.014323283493954649
andes_2020-03-25T12:00:00,andes,synoptic,low_near,t1,q850_trace,precip_only,q850,-45.02252252252252,273.04529172445586,1.6329822756233625e-05,,5.771646022796631,5.797852993011475,5.732748985290527,0.02620697021484375,-0.038897037506103516,0.03255200386047363,-0.006345033645629883,0.03255200386047363,True,enc_s2,encoder,2,8,0.0048019770183600485,0.0035162997955922037,0.003718382475199178,0.001971060468349606,0.6028911433119402,0.6536040721286323,1.0,850,0.0,0.017014781945111784,1.0,0.9856767165060454,0.014323283493954649
andes_2020-03-25T12:00:00,andes,synoptic,low_near,t1,q850_trace,precip_only,q850,-45.02252252252252,273.04529172445586,1.6329822756233625e-05,,5.771646022796631,5.797852993011475,5.732748985290527,0.02620697021484375,-0.038897037506103516,0.03255200386047363,-0.006345033645629883,0.03255200386047363,True,dec_s0,decoder,0,8,0.0061138299643062055,0.004460925993043929,0.004704808001406491,0.002550308214267716,0.5903876457209958,0.6484996423741303,1.0,850,0.0,0.017014781945111784,1.0,0.9856767165060454,0.014323283493954649
andes_2020-03-25T12:00:00,andes,synoptic,low_near,t1,q850_trace,precip_only,q850,-45.02252252252252,273.04529172445586,1.6329822756233625e-05,,5.771646022796631,5.797852993011475,5.732748985290527,0.02620697021484375,-0.038897037506103516,0.03255200386047363,-0.006345033645629883,0.03255200386047363,True,dec_s1,decoder,1,10,0.008334543975070118,0.006884253746829927,0.006552748824469745,0.003929878538474441,0.5312168327853424,0.6305143602144275,1.0,850,0.0,0.017014781945111784,1.0,0.9856767165060454,0.014323283493954649
andes_2020-03-25T12:00:00,andes,synoptic,low_near,t1,q850_trace,precip_only,q850,-45.02252252252252,273.04529172445586,1.6329822756233625e-05,,5.771646022796631,5.797852993011475,5.732748985290527,0.02620697021484375,-0.038897037506103516,0.03255200386047363,-0.006345033645629883,0.03255200386047363,True,dec_s2,decoder,2,6,0.029175822312633198,0.027149573278923828,0.026178401273985703,0.01043028167138497,0.769658165386272,0.7153320350366256,1.0,850,0.0,0.017014781945111784,1.0,0.9856767165060454,0.014323283493954649
aquitaine_basin_2020-10-02T06:00:00,aquitaine_basin,local,hotspot,t1,precip_trace,precip_only,q850,44.97747747747748,359.3983431897952,7.633692439412698e-05,2.11,4.696399211883545,4.707793235778809,4.698479652404785,0.011394023895263672,0.0020804405212402344,0.004656791687011719,0.006737232208251953,0.006737232208251953,False,enc_s0,encoder,0,6,0.0019587038550525904,0.0005058060341980308,0.0009569875352705518,0.0010655364506722738,-0.21907099318837475,0.4712963430560974,,,,,,,
aquitaine_basin_2020-10-02T06:00:00,aquitaine_basin,local,hotspot,t1,precip_trace,precip_only,q850,44.97747747747748,359.3983431897952,7.633692439412698e-05,2.11,4.696399211883545,4.707793235778809,4.698479652404785,0.011394023895263672,0.0020804405212402344,0.004656791687011719,0.006737232208251953,0.006737232208251953,False,enc_s1,encoder,1,10,0.0016494868381414563,0.001279454620089382,0.0007828857313143089,0.0012560329749248921,-0.3866961097799286,0.4056426734601735,,,,,,,
aquitaine_basin_2020-10-02T06:00:00,aquitaine_basin,local,hotspot,t1,precip_trace,precip_only,q850,44.97747747747748,359.3983431897952,7.633692439412698e-05,2.11,4.696399211883545,4.707793235778809,4.698479652404785,0.011394023895263672,0.0020804405212402344,0.004656791687011719,0.006737232208251953,0.006737232208251953,False,enc_s2,encoder,2,8,0.0007969278085511178,0.0007057335678837262,0.00039742286389810033,0.0006392479845089838,-0.45092555821510066,0.38343474028507923,,,,,,,
aquitaine_basin_2020-10-02T06:00:00,aquitaine_basin,local,hotspot,t1,precip_trace,precip_only,q850,44.97747747747748,359.3983431897952,7.633692439412698e-05,2.11,4.696399211883545,4.707793235778809,4.698479652404785,0.011394023895263672,0.0020804405212402344,0.004656791687011719,0.006737232208251953,0.006737232208251953,False,dec_s0,decoder,0,8,0.001403302638209425,0.0013148475554771721,0.0007002988422755152,0.00116561781760538,-0.47703588538930725,0.3756041768576233,,,,,,,
aquitaine_basin_2020-10-02T06:00:00,aquitaine_basin,local,hotspot,t1,precip_trace,precip_only,q850,44.97747747747748,359.3983431897952,7.633692439412698e-05,2.11,4.696399211883545,4.707793235778809,4.698479652404785,0.011394023895263672,0.0020804405212402344,0.004656791687011719,0.006737232208251953,0.006737232208251953,False,dec_s1,decoder,1,10,0.0024363652453757824,0.0023983962601050735,0.001216014794772491,0.002089354582130909,-0.5083110910377188,0.36799669634530574,,,,,,,
aquitaine_basin_2020-10-02T06:00:00,aquitaine_basin,local,hotspot,t1,precip_trace,precip_only,q850,44.97747747747748,359.3983431897952,7.633692439412698e-05,2.11,4.696399211883545,4.707793235778809,4.698479652404785,0.011394023895263672,0.0020804405212402344,0.004656791687011719,0.006737232208251953,0.006737232208251953,False,dec_s2,decoder,2,6,0.006543988439564903,0.006204285270844896,0.003259753071082135,0.005480198500057061,-0.5052717311431302,0.37295187642645944,,,,,,,
aquitaine_basin_2020-10-02T06:00:00,aquitaine_basin,local,hotspot,t1,q850_trace,precip_only,q850,44.97747747747748,359.3983431897952,7.633692439412698e-05,,4.696399211883545,5.739144325256348,3.8936777114868164,1.0427451133728027,-0.8027215003967285,0.9227333068847656,0.12001180648803711,0.9227333068847656,True,enc_s0,encoder,0,6,0.006226044536257784,0.00577986395607392,0.005756700178608298,0.0017155091627500951,0.8473945319437037,0.7697192833378704,1.0,850,0.0,0.0,1.0,1.0,0.0
aquitaine_basin_2020-10-02T06:00:00,aquitaine_basin,local,hotspot,t1,q850_trace,precip_only,q850,44.97747747747748,359.3983431897952,7.633692439412698e-05,,4.696399211883545,5.739144325256348,3.8936777114868164,1.0427451133728027,-0.8027215003967285,0.9227333068847656,0.12001180648803711,0.9227333068847656,True,enc_s1,encoder,1,10,0.005505640711635351,0.003855257364921272,0.003989764838479459,0.0025525726145133377,0.49828793368975993,0.6236420557012473,1.0,850,0.0,0.0,1.0,1.0,0.0
aquitaine_basin_2020-10-02T06:00:00,aquitaine_basin,local,hotspot,t1,q850_trace,precip_only,q850,44.97747747747748,359.3983431897952,7.633692439412698e-05,,4.696399211883545,5.739144325256348,3.8936777114868164,1.0427451133728027,-0.8027215003967285,0.9227333068847656,0.12001180648803711,0.9227333068847656,True,enc_s2,encoder,2,8,0.002308329043444246,0.001828296561143361,0.0017215909902006388,0.0011712418199749663,0.3879293933192434,0.5951704532967736,1.0,850,0.0,0.0,1.0,1.0,0.0
aquitaine_basin_2020-10-02T06:00:00,aquitaine_basin,local,hotspot,t1,q850_trace,precip_only,q850,44.97747747747748,359.3983431897952,7.633692439412698e-05,,4.696399211883545,5.739144325256348,3.8936777114868164,1.0427451133728027,-0.8027215003967285,0.9227333068847656,0.12001180648803711,0.9227333068847656,True,dec_s0,decoder,0,8,0.0033733382588252425,0.0028385137557052076,0.0025330415228381753,0.001817039170418866,0.33856618539498207,0.5828185775608847,1.0,850,0.0,0.0,1.0,1.0,0.0
aquitaine_basin_2020-10-02T06:00:00,aquitaine_basin,local,hotspot,t1,q850_trace,precip_only,q850,44.97747747747748,359.3983431897952,7.633692439412698e-05,,4.696399211883545,5.739144325256348,3.8936777114868164,1.0427451133728027,-0.8027215003967285,0.9227333068847656,0.12001180648803711,0.9227333068847656,True,dec_s1,decoder,1,10,0.003664934355765581,0.0038150591310113667,0.0027855397551320494,0.0024966873694211244,0.10367360683383628,0.5246002399768188,1.0,850,0.0,0.0,1.0,1.0,0.0
aquitaine_basin_2020-10-02T06:00:00,aquitaine_basin,local,hotspot,t1,q850_trace,precip_only,q850,44.97747747747748,359.3983431897952,7.633692439412698e-05,,4.696399211883545,5.739144325256348,3.8936777114868164,1.0427451133728027,-0.8027215003967285,0.9227333068847656,0.12001180648803711,0.9227333068847656,True,dec_s2,decoder,2,6,0.011843287386000156,0.01264562209447225,0.010003595768163601,0.007072558316091697,0.38285580650401557,0.5858680882420931,1.0,850,0.0,0.0,1.0,1.0,0.0
aquitaine_basin_2020-10-02T06:00:00,aquitaine_basin,local,low_near,t1,precip_trace,precip_only,q850,54.97747747747748,344.3983431897952,1.489134206167364e-06,2.11,4.696399211883545,4.690439701080322,4.692665100097656,-0.005959510803222656,-0.003734111785888672,-0.0011126995086669922,-0.004846811294555664,0.004846811294555664,False,enc_s0,encoder,0,6,0.0021797166749214134,0.0005159207648830488,0.001065576245309785,0.00117474112388057,-0.214010226667107,0.47368316373222025,,,,,,,
aquitaine_basin_2020-10-02T06:00:00,aquitaine_basin,local,low_near,t1,precip_trace,precip_only,q850,54.97747747747748,344.3983431897952,1.489134206167364e-06,2.11,4.696399211883545,4.690439701080322,4.692665100097656,-0.005959510803222656,-0.003734111785888672,-0.0011126995086669922,-0.004846811294555664,0.004846811294555664,False,enc_s1,encoder,1,10,0.0018965469673275948,0.0012758615106577055,0.0009047438681591303,0.0013523654255550356,-0.33932038141815873,0.4216729358041917,,,,,,,
aquitaine_basin_2020-10-02T06:00:00,aquitaine_basin,local,low_near,t1,precip_trace,precip_only,q850,54.97747747747748,344.3983431897952,1.489134206167364e-06,2.11,4.696399211883545,4.690439701080322,4.692665100097656,-0.005959510803222656,-0.003734111785888672,-0.0011126995086669922,-0.004846811294555664,0.004846811294555664,False,enc_s2,encoder,2,8,0.0008409258371102624,0.0006959279053262435,0.00041970157690229826,0.000647776119876653,-0.4212086387740408,0.3933063725761615,,,,,,,
aquitaine_basin_2020-10-02T06:00:00,aquitaine_basin,local,low_near,t1,precip_trace,precip_only,q850,54.97747747747748,344.3983431897952,1.489134206167364e-06,2.11,4.696399211883545,4.690439701080322,4.692665100097656,-0.005959510803222656,-0.003734111785888672,-0.0011126995086669922,-0.004846811294555664,0.004846811294555664,False,dec_s0,decoder,0,8,0.0014363932277774438,0.0013068578191450797,0.0007168051379267126,0.0011712594132404774,-0.4632467804400452,0.3801140030930649,,,,,,,
aquitaine_basin_2020-10-02T06:00:00,aquitaine_basin,local,low_near,t1,precip_trace,precip_only,q850,54.97747747747748,344.3983431897952,1.489134206167364e-06,2.11,4.696399211883545,4.690439701080322,4.692665100097656,-0.005959510803222656,-0.003734111785888672,-0.0011126995086669922,-0.004846811294555664,0.004846811294555664,False,dec_s1,decoder,1,10,0.0024764632573351262,0.00239330263575539,0.0012363218585960567,0.0020980793284252285,-0.49877417282361325,0.37107823305468357,,,,,,,
aquitaine_basin_2020-10-02T06:00:00,aquitaine_basin,local,low_near,t1,precip_trace,precip_only,q850,54.97747747747748,344.3983431897952,1.489134206167364e-06,2.11,4.696399211883545,4.690439701080322,4.692665100097656,-0.005959510803222656,-0.003734111785888672,-0.0011126995086669922,-0.004846811294555664,0.004846811294555664,False,dec_s2,decoder,2,6,0.007041367469355464,0.0061911060474812984,0.003510007169097662,0.005625857428337137,-0.47189843317781044,0.3838373872095279,,,,,,,
aquitaine_basin_2020-10-02T06:00:00,aquitaine_basin,local,low_near,t1,q850_trace,precip_only,q850,54.97747747747748,344.3983431897952,1.489134206167364e-06,,4.696399211883545,4.688050746917725,4.6969122886657715,-0.008348464965820312,0.0005130767822265625,-0.0044307708740234375,-0.003917694091796875,0.0044307708740234375,True,enc_s0,encoder,0,6,0.008729623320202032,0.00863110499146084,0.00820899692674478,0.002829297368104259,0.7915866154456453,0.7425424890175384,1.0,850,0.0,0.05391832958900489,1.0,0.9490475464748457,0.05095245352515427
aquitaine_basin_2020-10-02T06:00:00,aquitaine_basin,local,low_near,t1,q850_trace,precip_only,q850,54.97747747747748,344.3983431897952,1.489134206167364e-06,,4.696399211883545,4.688050746917725,4.6969122886657715,-0.008348464965820312,0.0005130767822265625,-0.0044307708740234375,-0.003917694091796875,0.0044307708740234375,True,enc_s1,encoder,1,10,0.0076628143433481455,0.004768122220411897,0.005180844198912382,0.0036717682611197232,0.4085751383118569,0.5972576621755785,1.0,850,0.0,0.05391832958900489,1.0,0.9490475464748457,0.05095245352515427
aquitaine_basin_2020-10-02T06:00:00,aquitaine_basin,local,low_near,t1,q850_trace,precip_only,q850,54.97747747747748,344.3983431897952,1.489134206167364e-06,,4.696399211883545,4.688050746917725,4.6969122886657715,-0.008348464965820312,0.0005130767822265625,-0.0044307708740234375,-0.003917694091796875,0.0044307708740234375,True,enc_s2,encoder,2,8,0.0031164741958491504,0.002044077147729695,0.002137148199835792,0.001541979974717833,0.35563394549864225,0.581067440744702,1.0,850,0.0,0.05391832958900489,1.0,0.9490475464748457,0.05095245352515427
aquitaine_basin_2020-10-02T06:00:00,aquitaine_basin,local,low_near,t1,q850_trace,precip_only,q850,54.97747747747748,344.3983431897952,1.489134206167364e-06,,4.696399211883545,4.688050746917725,4.6969122886657715,-0.008348464965820312,0.0005130767822265625,-0.0044307708740234375,-0.003917694091796875,0.0044307708740234375,True,dec_s0,decoder,0,8,0.004719155607745051,0.002761692594503984,0.002997655305080116,0.002442015480482951,0.24253632500326583,0.55146752296348,1.0,850,0.0,0.05391832958900489,1.0,0.9490475464748457,0.05095245352515427
aquitaine_basin_2020-10-02T06:00:00,aquitaine_basin,local,low_near,t1,q850_trace,precip_only,q850,54.97747747747748,344.3983431897952,1.489134206167364e-06,,4.696399211883545,4.688050746917725,4.6969122886657715,-0.008348464965820312,0.0005130767822265625,-0.0044307708740234375,-0.003917694091796875,0.0044307708740234375,True,dec_s1,decoder,1,10,0.0047723209951072935,0.00483794619794935,0.003638728871010244,0.0031397073762491345,0.17693616646188903,0.5411316909210805,1.0,850,0.0,0.05391832958900489,1.0,0.9490475464748457,0.05095245352515427
aquitaine_basin_2020-10-02T06:00:00,aquitaine_basin,local,low_near,t1,q850_trace,precip_only,q850,54.97747747747748,344.3983431897952,1.489134206167364e-06,,4.696399211883545,4.688050746917725,4.6969122886657715,-0.008348464965820312,0.0005130767822265625,-0.0044307708740234375,-0.003917694091796875,0.0044307708740234375,True,dec_s2,decoder,2,6,0.014762847684323788,0.01774446697284778,0.013593487286319336,0.00903085774431626,0.46154574844556384,0.6012176024658215,1.0,850,0.0,0.05391832958900489,1.0,0.9490475464748457,0.05095245352515427
aquitaine_basin_2020-10-02T06:00:00,aquitaine_basin,synoptic,hotspot,t1,precip_trace,precip_only,q850,42.47747747747748,359.3983431897952,0.0001375502033624798,2.11,4.696399211883545,4.712792873382568,4.695025444030762,0.016393661499023438,-0.0013737678527832031,0.00888371467590332,0.007509946823120117,0.00888371467590332,True,enc_s0,encoder,0,6,0.004413639195263386,0.0005911440142275145,0.002199602487962693,0.0022560351450617113,-0.09308466034081309,0.4929946454559593,,,,,,,
aquitaine_basin_2020-10-02T06:00:00,aquitaine_basin,synoptic,hotspot,t1,precip_trace,precip_only,q850,42.47747747747748,359.3983431897952,0.0001375502033624798,2.11,4.696399211883545,4.712792873382568,4.695025444030762,0.016393661499023438,-0.0013737678527832031,0.00888371467590332,0.007509946823120117,0.00888371467590332,True,enc_s1,encoder,1,10,0.002733064629137516,0.0016041445371229202,0.0013365193852223455,0.0018214769777841866,-0.2902767809336262,0.4374704875436544,,,,,,,
aquitaine_basin_2020-10-02T06:00:00,aquitaine_basin,synoptic,hotspot,t1,precip_trace,precip_only,q850,42.47747747747748,359.3983431897952,0.0001375502033624798,2.11,4.696399211883545,4.712792873382568,4.695025444030762,0.016393661499023438,-0.0013737678527832031,0.00888371467590332,0.007509946823120117,0.00888371467590332,True,enc_s2,encoder,2,8,0.0011181544687133282,0.0008418013821938075,0.0005586557890637778,0.0008169307693606243,-0.38331242630077356,0.4062003573392581,,,,,,,
aquitaine_basin_2020-10-02T06:00:00,aquitaine_basin,synoptic,hotspot,t1,precip_trace,precip_only,q850,42.47747747747748,359.3983431897952,0.0001375502033624798,2.11,4.696399211883545,4.712792873382568,4.695025444030762,0.016393661499023438,-0.0013737678527832031,0.00888371467590332,0.007509946823120117,0.00888371467590332,True,dec_s0,decoder,0,8,0.0017567358736414462,0.001439865183783695,0.0008776438189670444,0.0013452149432851002,-0.4166644029937576,0.3952543188865512,,,,,,,
aquitaine_basin_2020-10-02T06:00:00,aquitaine_basin,synoptic,hotspot,t1,precip_trace,precip_only,q850,42.47747747747748,359.3983431897952,0.0001375502033624798,2.11,4.696399211883545,4.712792873382568,4.695025444030762,0.016393661499023438,-0.0013737678527832031,0.00888371467590332,0.007509946823120117,0.00888371467590332,True,dec_s1,decoder,1,10,0.00259430994046852,0.0024581555277109145,0.0012964266526978463,0.002169297845102847,-0.48807475511961507,0.37442390388571406,,,,,,,
aquitaine_basin_2020-10-02T06:00:00,aquitaine_basin,synoptic,hotspot,t1,precip_trace,precip_only,q850,42.47747747747748,359.3983431897952,0.0001375502033624798,2.11,4.696399211883545,4.712792873382568,4.695025444030762,0.016393661499023438,-0.0013737678527832031,0.00888371467590332,0.007509946823120117,0.00888371467590332,True,dec_s2,decoder,2,6,0.008409701831017932,0.006329930930708845,0.004204128868877888,0.0061441500050326186,-0.4055150827983757,0.4057752790469293,,,,,,,
aquitaine_basin_2020-10-02T06:00:00,aquitaine_basin,synoptic,hotspot,t1,q850_trace,precip_only,q850,42.47747747747748,359.3983431897952,0.0001375502033624798,,4.696399211883545,5.896194934844971,3.828968048095703,1.1997957229614258,-0.8674311637878418,1.0336134433746338,0.166182279586792,1.0336134433746338,True,enc_s0,encoder,0,6,0.013683444975564877,0.013084993542482456,0.012932316400110722,0.0034610183987145624,0.8699831289835163,0.788144339250605,1.0,850,0.0,5.900575306092344e-05,1.0,0.9999970431795929,2.956820407020636e-06
aquitaine_basin_2020-10-02T06:00:00,aquitaine_basin,synoptic,hotspot,t1,q850_trace,precip_only,q850,42.47747747747748,359.3983431897952,0.0001375502033624798,,4.696399211883545,5.896194934844971,3.828968048095703,1.1997957229614258,-0.8674311637878418,1.0336134433746338,0.166182279586792,1.0336134433746338,True,enc_s1,encoder,1,10,0.010789553029462695,0.007781795924529433,0.0082329039927572,0.004514190484769642,0.5967930041872025,0.6545995887959231,1.0,850,0.0,5.900575306092344e-05,1.0,0.9999970431795929,2.956820407020636e-06
aquitaine_basin_2020-10-02T06:00:00,aquitaine_basin,synoptic,hotspot,t1,q850_trace,precip_only,q850,42.47747747747748,359.3983431897952,0.0001375502033624798,,4.696399211883545,5.896194934844971,3.828968048095703,1.1997957229614258,-0.8674311637878418,1.0336134433746338,0.166182279586792,1.0336134433746338,True,enc_s2,encoder,2,8,0.004513485648203641,0.0034821805311366916,0.0034644011757336557,0.0020607980841305107,0.5089426022322704,0.6271431395333255,1.0,850,0.0,5.900575306092344e-05,1.0,0.9999970431795929,2.956820407020636e-06
aquitaine_basin_2020-10-02T06:00:00,aquitaine_basin,synoptic,hotspot,t1,q850_trace,precip_only,q850,42.47747747747748,359.3983431897952,0.0001375502033624798,,4.696399211883545,5.896194934844971,3.828968048095703,1.1997957229614258,-0.8674311637878418,1.0336134433746338,0.166182279586792,1.0336134433746338,True,dec_s0,decoder,0,8,0.006588705058675259,0.005220342718530446,0.005052003310993314,0.003131468634819612,0.47463626877327547,0.6178461429337496,1.0,850,0.0,5.900575306092344e-05,1.0,0.9999970431795929,2.956820407020636e-06
aquitaine_basin_2020-10-02T06:00:00,aquitaine_basin,synoptic,hotspot,t1,q850_trace,precip_only,q850,42.47747747747748,359.3983431897952,0.0001375502033624798,,4.696399211883545,5.896194934844971,3.828968048095703,1.1997957229614258,-0.8674311637878418,1.0336134433746338,0.166182279586792,1.0336134433746338,True,dec_s1,decoder,1,10,0.006160202343016863,0.006042009266093373,0.005025879386812449,0.003459687216673046,0.3904486637392147,0.5936047210986796,1.0,850,0.0,5.900575306092344e-05,1.0,0.9999970431795929,2.956820407020636e-06
aquitaine_basin_2020-10-02T06:00:00,aquitaine_basin,synoptic,hotspot,t1,q850_trace,precip_only,q850,42.47747747747748,359.3983431897952,0.0001375502033624798,,4.696399211883545,5.896194934844971,3.828968048095703,1.1997957229614258,-0.8674311637878418,1.0336134433746338,0.166182279586792,1.0336134433746338,True,dec_s2,decoder,2,6,0.022208101426561672,0.022487647210558254,0.019679496996104717,0.010590308345854282,0.6125500127675905,0.650240609302183,1.0,850,0.0,5.900575306092344e-05,1.0,0.9999970431795929,2.956820407020636e-06
aquitaine_basin_2020-10-02T06:00:00,aquitaine_basin,synoptic,low_near,t1,precip_trace,precip_only,q850,57.47747747747748,19.39834318979516,1.4005709090270102e-05,2.11,4.696399211883545,4.695748805999756,4.694513320922852,-0.0006504058837890625,-0.0018858909606933594,0.0006177425384521484,-0.001268148422241211,0.001268148422241211,False,enc_s0,encoder,0,6,0.005245169314245383,0.0006187171675264835,0.002613171779861053,0.0026710218905160823,-0.09091802599024312,0.4939705221446462,,,,,,,
aquitaine_basin_2020-10-02T06:00:00,aquitaine_basin,synoptic,low_near,t1,precip_trace,precip_only,q850,57.47747747747748,19.39834318979516,1.4005709090270102e-05,2.11,4.696399211883545,4.695748805999756,4.694513320922852,-0.0006504058837890625,-0.0018858909606933594,0.0006177425384521484,-0.001268148422241211,0.001268148422241211,False,enc_s1,encoder,1,10,0.003547922451980412,0.0015842401946429164,0.0017476086621172726,0.002152821479830891,-0.2278936553562581,0.4568426458689799,,,,,,,
aquitaine_basin_2020-10-02T06:00:00,aquitaine_basin,synoptic,low_near,t1,precip_trace,precip_only,q850,57.47747747747748,19.39834318979516,1.4005709090270102e-05,2.11,4.696399211883545,4.695748805999756,4.694513320922852,-0.0006504058837890625,-0.0018858909606933594,0.0006177425384521484,-0.001268148422241211,0.001268148422241211,False,enc_s2,encoder,2,8,0.0013706093013752252,0.0008186256163753569,0.0006847066106274724,0.0008975590608315542,-0.30442408552698336,0.43282897357511274,,,,,,,
aquitaine_basin_2020-10-02T06:00:00,aquitaine_basin,synoptic,low_near,t1,precip_trace,precip_only,q850,57.47747747747748,19.39834318979516,1.4005709090270102e-05,2.11,4.696399211883545,4.695748805999756,4.694513320922852,-0.0006504058837890625,-0.0018858909606933594,0.0006177425384521484,-0.001268148422241211,0.001268148422241211,False,dec_s0,decoder,0,8,0.0020745225629070774,0.0014164825406624004,0.0010372782926424406,0.0014420828665606678,-0.3472355649019484,0.41886131876701516,,,,,,,
aquitaine_basin_2020-10-02T06:00:00,aquitaine_basin,synoptic,low_near,t1,precip_trace,precip_only,q850,57.47747747747748,19.39834318979516,1.4005709090270102e-05,2.11,4.696399211883545,4.695748805999756,4.694513320922852,-0.0006504058837890625,-0.0018858909606933594,0.0006177425384521484,-0.001268148422241211,0.001268148422241211,False,dec_s1,decoder,1,10,0.002833818341605365,0.0024421941488981247,0.001416981010697782,0.0022337914095260205,-0.4444395574568423,0.3886945608550579,,,,,,,
aquitaine_basin_2020-10-02T06:00:00,aquitaine_basin,synoptic,low_near,t1,precip_trace,precip_only,q850,57.47747747747748,19.39834318979516,1.4005709090270102e-05,2.11,4.696399211883545,4.695748805999756,4.694513320922852,-0.0006504058837890625,-0.0018858909606933594,0.0006177425384521484,-0.001268148422241211,0.001268148422241211,False,dec_s2,decoder,2,6,0.010837000949929157,0.006295220072691639,0.005416579078882933,0.007028057084729274,-0.3217247529049763,0.43357135127345753,,,,,,,
aquitaine_basin_2020-10-02T06:00:00,aquitaine_basin,synoptic,low_near,t1,q850_trace,precip_only,q850,57.47747747747748,19.39834318979516,1.4005709090270102e-05,,4.696399211883545,4.70667028427124,4.667174816131592,0.010271072387695312,-0.029224395751953125,0.01974773406982422,-0.009476661682128906,0.01974773406982422,True,enc_s0,encoder,0,6,0.019476189588507015,0.018457705155014992,0.018248009805878002,0.0052012948629756766,0.852312991620571,0.7775734661914032,1.0,850,0.0,0.002021331498365732,1.0,0.9995059333881956,0.0004940666118043679
aquitaine_basin_2020-10-02T06:00:00,aquitaine_basin,synoptic,low_near,t1,q850_trace,precip_only,q850,57.47747747747748,19.39834318979516,1.4005709090270102e-05,,4.696399211883545,4.70667028427124,4.667174816131592,0.010271072387695312,-0.029224395751953125,0.01974773406982422,-0.009476661682128906,0.01974773406982422,True,enc_s1,encoder,1,10,0.01603443706408143,0.010766792949289084,0.011560107674449682,0.007218361808918416,0.5183092443230939,0.6277586251554078,1.0,850,0.0,0.002021331498365732,1.0,0.9995059333881956,0.0004940666118043679
aquitaine_basin_2020-10-02T06:00:00,aquitaine_basin,synoptic,low_near,t1,q850_trace,precip_only,q850,57.47747747747748,19.39834318979516,1.4005709090270102e-05,,4.696399211883545,4.70667028427124,4.667174816131592,0.010271072387695312,-0.029224395751953125,0.01974773406982422,-0.009476661682128906,0.01974773406982422,True,enc_s2,encoder,2,8,0.007369523053057492,0.004528525285422802,0.005143577174749225,0.0033095170510932803,0.47604320515823173,0.6086033167987106,1.0,850,0.0,0.002021331498365732,1.0,0.9995059333881956,0.0004940666118043679
aquitaine_basin_2020-10-02T06:00:00,aquitaine_basin,synoptic,low_near,t1,q850_trace,precip_only,q850,57.47747747747748,19.39834318979516,1.4005709090270102e-05,,4.696399211883545,4.70667028427124,4.667174816131592,0.010271072387695312,-0.029224395751953125,0.01974773406982422,-0.009476661682128906,0.01974773406982422,True,dec_s0,decoder,0,8,0.01050714694429189,0.00607909623067826,0.007151644327677786,0.004746938968310133,0.46219017020161074,0.6011896675966703,1.0,850,0.0,0.002021331498365732,1.0,0.9995059333881956,0.0004940666118043679
aquitaine_basin_2020-10-02T06:00:00,aquitaine_basin,synoptic,low_near,t1,q850_trace,precip_only,q850,57.47747747747748,19.39834318979516,1.4005709090270102e-05,,4.696399211883545,4.70667028427124,4.667174816131592,0.010271072387695312,-0.029224395751953125,0.01974773406982422,-0.009476661682128906,0.01974773406982422,True,dec_s1,decoder,1,10,0.010584599152207375,0.008692473731935024,0.007835987536236644,0.005677487840875984,0.3718970822356612,0.5876686595320033,1.0,850,0.0,0.002021331498365732,1.0,0.9995059333881956,0.0004940666118043679
aquitaine_basin_2020-10-02T06:00:00,aquitaine_basin,synoptic,low_near,t1,q850_trace,precip_only,q850,57.47747747747748,19.39834318979516,1.4005709090270102e-05,,4.696399211883545,4.70667028427124,4.667174816131592,0.010271072387695312,-0.029224395751953125,0.01974773406982422,-0.009476661682128906,0.01974773406982422,True,dec_s2,decoder,2,6,0.034420245016614594,0.03373141090075175,0.030491443661351997,0.015211205929517746,0.6377780185431577,0.6674714838200568,1.0,850,0.0,0.002021331498365732,1.0,0.9995059333881956,0.0004940666118043679
atlas_2020-03-19T18:00:00,atlas,local,hotspot,t1,precip_trace,precip_only,q850,32.47747747747748,354.79529172445586,8.581561996834353e-05,2.11,6.107126712799072,6.110844135284424,6.108969688415527,0.0037174224853515625,0.0018429756164550781,0.0009372234344482422,0.0027801990509033203,0.0027801990509033203,False,enc_s0,encoder,0,6,0.0018177205929532647,0.0004893595178145915,0.0008848812431097031,0.0009964251075871289,-0.23380264773973747,0.46832754766004187,,,,,,,
atlas_2020-03-19T18:00:00,atlas,local,hotspot,t1,precip_trace,precip_only,q850,32.47747747747748,354.79529172445586,8.581561996834353e-05,2.11,6.107126712799072,6.110844135284424,6.108969688415527,0.0037174224853515625,0.0018429756164550781,0.0009372234344482422,0.0027801990509033203,0.0027801990509033203,False,enc_s1,encoder,1,10,0.0017221055342815817,0.0012274216715013608,0.0008218923467211425,0.001259043556638062,-0.34630073395447636,0.4188454570527913,,,,,,,
atlas_2020-03-19T18:00:00,atlas,local,hotspot,t1,precip_trace,precip_only,q850,32.47747747747748,354.79529172445586,8.581561996834353e-05,2.11,6.107126712799072,6.110844135284424,6.108969688415527,0.0037174224853515625,0.0018429756164550781,0.0009372234344482422,0.0027801990509033203,0.0027801990509033203,False,enc_s2,encoder,2,8,0.000802001821284648,0.0006957720761420205,0.00040082116902340204,0.0006348215028992854,-0.4398886714444142,0.387074087584387,,,,,,,
atlas_2020-03-19T18:00:00,atlas,local,hotspot,t1,precip_trace,precip_only,q850,32.47747747747748,354.79529172445586,8.581561996834353e-05,2.11,6.107126712799072,6.110844135284424,6.108969688415527,0.0037174224853515625,0.0018429756164550781,0.0009372234344482422,0.0027801990509033203,0.0027801990509033203,False,dec_s0,decoder,0,8,0.0014117141981841996,0.0013015293807256967,0.0007066049001878127,0.0011594170209718868,-0.46596853550059536,0.37903345817287193,,,,,,,
atlas_2020-03-19T18:00:00,atlas,local,hotspot,t1,precip_trace,precip_only,q850,32.47747747747748,354.79529172445586,8.581561996834353e-05,2.11,6.107126712799072,6.110844135284424,6.108969688415527,0.0037174224853515625,0.0018429756164550781,0.0009372234344482422,0.0027801990509033203,0.0027801990509033203,False,dec_s1,decoder,1,10,0.0024125916534103453,0.0023665048414841295,0.0012060964829288423,0.002062960679177195,-0.505250804867681,0.36898870260409194,,,,,,,
atlas_2020-03-19T18:00:00,atlas,local,hotspot,t1,precip_trace,precip_only,q850,32.47747747747748,354.79529172445586,8.581561996834353e-05,2.11,6.107126712799072,6.110844135284424,6.108969688415527,0.0037174224853515625,0.0018429756164550781,0.0009372234344482422,0.0027801990509033203,0.0027801990509033203,False,dec_s2,decoder,2,6,0.006632722836608688,0.006086142811303337,0.003305938133659462,0.005439971030379335,-0.48945427086363025,0.3778324339561893,,,,,,,
atlas_2020-03-19T18:00:00,atlas,local,hotspot,t1,q850_trace,precip_only,q850,32.47747747747748,354.79529172445586,8.581561996834353e-05,,6.107126712799072,6.790768623352051,4.551074504852295,0.6836419105529785,-1.5560522079467773,1.119847059249878,-0.4362051486968994,1.119847059249878,True,enc_s0,encoder,0,6,0.005789321847259998,0.006060693024968107,0.005694523453712463,0.0016350157287282248,0.854578500618696,0.7757076413218039,1.0,850,0.0,0.006802721088435374,1.0000000785500416,0.994631026103907,0.005369052024395441
atlas_2020-03-19T18:00:00,atlas,local,hotspot,t1,q850_trace,precip_only,q850,32.47747747747748,354.79529172445586,8.581561996834353e-05,,6.107126712799072,6.790768623352051,4.551074504852295,0.6836419105529785,-1.5560522079467773,1.119847059249878,-0.4362051486968994,1.119847059249878,True,enc_s1,encoder,1,10,0.005112655810080469,0.003895708313211799,0.003912636963650584,0.002263002353720367,0.5762750483602935,0.6568700318427686,1.0,850,0.0,0.006802721088435374,1.0000000785500416,0.994631026103907,0.005369052024395441
atlas_2020-03-19T18:00:00,atlas,local,hotspot,t1,q850_trace,precip_only,q850,32.47747747747748,354.79529172445586,8.581561996834353e-05,,6.107126712799072,6.790768623352051,4.551074504852295,0.6836419105529785,-1.5560522079467773,1.119847059249878,-0.4362051486968994,1.119847059249878,True,enc_s2,encoder,2,8,0.0027280865469947457,0.0019381225283723325,0.0019922302453778684,0.0012768343585776165,0.4557271750579554,0.6095602892137699,1.0,850,0.0,0.006802721088435374,1.0000000785500416,0.994631026103907,0.005369052024395441
atlas_2020-03-19T18:00:00,atlas,local,hotspot,t1,q850_trace,precip_only,q850,32.47747747747748,354.79529172445586,8.581561996834353e-05,,6.107126712799072,6.790768623352051,4.551074504852295,0.6836419105529785,-1.5560522079467773,1.119847059249878,-0.4362051486968994,1.119847059249878,True,dec_s0,decoder,0,8,0.003925892786355689,0.002950031543150544,0.0028451156395021826,0.001990786025999114,0.37047741850738525,0.5888908384042015,1.0,850,0.0,0.006802721088435374,1.0000000785500416,0.994631026103907,0.005369052024395441
atlas_2020-03-19T18:00:00,atlas,local,hotspot,t1,q850_trace,precip_only,q850,32.47747747747748,354.79529172445586,8.581561996834353e-05,,6.107126712799072,6.790768623352051,4.551074504852295,0.6836419105529785,-1.5560522079467773,1.119847059249878,-0.4362051486968994,1.119847059249878,True,dec_s1,decoder,1,10,0.004628847818821669,0.0038821755442768335,0.003284905548207462,0.0027307153097353874,0.18435267593811563,0.5433631941183212,1.0,850,0.0,0.006802721088435374,1.0000000785500416,0.994631026103907,0.005369052024395441
atlas_2020-03-19T18:00:00,atlas,local,hotspot,t1,q850_trace,precip_only,q850,32.47747747747748,354.79529172445586,8.581561996834353e-05,,6.107126712799072,6.790768623352051,4.551074504852295,0.6836419105529785,-1.5560522079467773,1.119847059249878,-0.4362051486968994,1.119847059249878,True,dec_s2,decoder,2,6,0.015085055182377497,0.013020406321932873,0.011611255972335735,0.007982075291996201,0.4124798730429649,0.5927799509916075,1.0,850,0.0,0.006802721088435374,1.0000000785500416,0.994631026103907,0.005369052024395441
atlas_2020-03-19T18:00:00,atlas,local,low_near,t1,precip_trace,precip_only,q850,42.47747747747748,7.295291724455865,1.2054101716785226e-06,2.11,6.107126712799072,6.107022762298584,6.106992721557617,-0.00010395050048828125,-0.00013399124145507812,1.5020370483398438e-05,-0.00011897087097167969,0.00011897087097167969,False,enc_s0,encoder,0,6,0.0019212365344477196,0.00048546388279646635,0.0009322942545016607,0.001048250279078881,-0.24318542513872599,0.46867527328396646,,,,,,,
atlas_2020-03-19T18:00:00,atlas,local,low_near,t1,precip_trace,precip_only,q850,42.47747747747748,7.295291724455865,1.2054101716785226e-06,2.11,6.107126712799072,6.107022762298584,6.106992721557617,-0.00010395050048828125,-0.00013399124145507812,1.5020370483398438e-05,-0.00011897087097167969,0.00011897087097167969,False,enc_s1,encoder,1,10,0.001707839546725154,0.0011869069479871542,0.0008115999051369726,0.001236935402266681,-0.3455829410389303,0.4198871639814589,,,,,,,
atlas_2020-03-19T18:00:00,atlas,local,low_near,t1,precip_trace,precip_only,q850,42.47747747747748,7.295291724455865,1.2054101716785226e-06,2.11,6.107126712799072,6.107022762298584,6.106992721557617,-0.00010395050048828125,-0.00013399124145507812,1.5020370483398438e-05,-0.00011897087097167969,0.00011897087097167969,False,enc_s2,encoder,2,8,0.0007860489495215006,0.0006725107232341543,0.00039225644286489114,0.0006174339796416461,-0.43498856964824534,0.38861701346794275,,,,,,,
atlas_2020-03-19T18:00:00,atlas,local,low_near,t1,precip_trace,precip_only,q850,42.47747747747748,7.295291724455865,1.2054101716785226e-06,2.11,6.107126712799072,6.107022762298584,6.106992721557617,-0.00010395050048828125,-0.00013399124145507812,1.5020370483398438e-05,-0.00011897087097167969,0.00011897087097167969,False,dec_s0,decoder,0,8,0.001382350514177233,0.0012819499461329542,0.0006905571644892916,0.0011403226453694515,-0.4709671012162776,0.37751949971311755,,,,,,,
atlas_2020-03-19T18:00:00,atlas,local,low_near,t1,precip_trace,precip_only,q850,42.47747747747748,7.295291724455865,1.2054101716785226e-06,2.11,6.107126712799072,6.107022762298584,6.106992721557617,-0.00010395050048828125,-0.00013399124145507812,1.5020370483398438e-05,-0.00011897087097167969,0.00011897087097167969,False,dec_s1,decoder,1,10,0.00240719678113237,0.0023534680367447436,0.001202093146275729,0.002054674515966326,-0.5045057117195172,0.3692703342334249,,,,,,,
atlas_2020-03-19T18:00:00,atlas,local,low_near,t1,precip_trace,precip_only,q850,42.47747747747748,7.295291724455865,1.2054101716785226e-06,2.11,6.107126712799072,6.107022762298584,6.106992721557617,-0.00010395050048828125,-0.00013399124145507812,1.5020370483398438e-05,-0.00011897087097167969,0.00011897087097167969,False,dec_s2,decoder,2,6,0.0064352538126210375,0.006053487847869595,0.0032019669112438955,0.005364331028734644,-0.5025711605858961,0.37377862149347746,,,,,,,
atlas_2020-03-19T18:00:00,atlas,local,low_near,t1,q850_trace,precip_only,q850,42.47747747747748,7.295291724455865,1.2054101716785226e-06,,6.107126712799072,6.108686447143555,6.107285022735596,0.0015597343444824219,0.0001583099365234375,0.0007007122039794922,0.0008590221405029297,0.0008590221405029297,False,enc_s0,encoder,0,6,0.006926555807391803,0.0074572159598271055,0.006891206838190556,0.0020733231600994864,0.8428142934040602,0.7680860167334832,1.0,850,0.0,0.045686141304347824,1.0,0.9528711349024138,0.04712886509758618
atlas_2020-03-19T18:00:00,atlas,local,low_near,t1,q850_trace,precip_only,q850,42.47747747747748,7.295291724455865,1.2054101716785226e-06,,6.107126712799072,6.108686447143555,6.107285022735596,0.0015597343444824219,0.0001583099365234375,0.0007007122039794922,0.0008590221405029297,0.0008590221405029297,False,enc_s1,encoder,1,10,0.00422851643525064,0.004075817600823939,0.003573611075989902,0.0020422477799002083,0.5539922308883417,0.6565675001892409,1.0,850,0.0,0.045686141304347824,1.0,0.9528711349024138,0.04712886509758618
atlas_2020-03-19T18:00:00,atlas,local,low_near,t1,q850_trace,precip_only,q850,42.47747747747748,7.295291724455865,1.2054101716785226e-06,,6.107126712799072,6.108686447143555,6.107285022735596,0.0015597343444824219,0.0001583099365234375,0.0007007122039794922,0.0008590221405029297,0.0008590221405029297,False,enc_s2,encoder,2,8,0.0020132047357037663,0.0018089218938257545,0.001618823196622543,0.0010205957805737853,0.44552038864823296,0.6134972052627152,1.0,850,0.0,0.045686141304347824,1.0,0.9528711349024138,0.04712886509758618
atlas_2020-03-19T18:00:00,atlas,local,low_near,t1,q850_trace,precip_only,q850,42.47747747747748,7.295291724455865,1.2054101716785226e-06,,6.107126712799072,6.108686447143555,6.107285022735596,0.0015597343444824219,0.0001583099365234375,0.0007007122039794922,0.0008590221405029297,0.0008590221405029297,False,dec_s0,decoder,0,8,0.002741591917583719,0.0024047173210419714,0.0020515035575954244,0.0015610419941367581,0.28289497472106845,0.5691147267278689,1.0,850,0.0,0.045686141304347824,1.0,0.9528711349024138,0.04712886509758618
atlas_2020-03-19T18:00:00,atlas,local,low_near,t1,q850_trace,precip_only,q850,42.47747747747748,7.295291724455865,1.2054101716785226e-06,,6.107126712799072,6.108686447143555,6.107285022735596,0.0015597343444824219,0.0001583099365234375,0.0007007122039794922,0.0008590221405029297,0.0008590221405029297,False,dec_s1,decoder,1,10,0.003929906291887164,0.0035020817769691346,0.0027098578051663936,0.002552392508368939,0.07778171018220806,0.5182113986458539,1.0,850,0.0,0.045686141304347824,1.0,0.9528711349024138,0.04712886509758618
atlas_2020-03-19T18:00:00,atlas,local,low_near,t1,q850_trace,precip_only,q850,42.47747747747748,7.295291724455865,1.2054101716785226e-06,,6.107126712799072,6.108686447143555,6.107285022735596,0.0015597343444824219,0.0001583099365234375,0.0007007122039794922,0.0008590221405029297,0.0008590221405029297,False,dec_s2,decoder,2,6,0.013729679863899946,0.0137185527322193,0.011619044157365957,0.007304148903737466,0.5099127012439765,0.6140595746638869,1.0,850,0.0,0.045686141304347824,1.0,0.9528711349024138,0.04712886509758618
atlas_2020-03-19T18:00:00,atlas,synoptic,hotspot,t1,precip_trace,precip_only,q850,34.97747747747748,352.29529172445586,0.00014367081166710705,2.11,6.107126712799072,6.112150192260742,6.108119010925293,0.005023479461669922,0.0009922981262207031,0.0020155906677246094,0.0030078887939453125,0.0030078887939453125,False,enc_s0,encoder,0,6,0.004175522713921964,0.0005816904692134509,0.0020772895271268985,0.0021412835145990052,-0.10773558733324619,0.49160742306065625,,,,,,,
atlas_2020-03-19T18:00:00,atlas,synoptic,hotspot,t1,precip_trace,precip_only,q850,34.97747747747748,352.29529172445586,0.00014367081166710705,2.11,6.107126712799072,6.112150192260742,6.108119010925293,0.005023479461669922,0.0009922981262207031,0.0020155906677246094,0.0030078887939453125,0.0030078887939453125,False,enc_s1,encoder,1,10,0.0029321799287572504,0.0015807190909981727,0.0014386403723619877,0.0018915415043011309,-0.2658372373119869,0.44504296166327784,,,,,,,
atlas_2020-03-19T18:00:00,atlas,synoptic,hotspot,t1,precip_trace,precip_only,q850,34.97747747747748,352.29529172445586,0.00014367081166710705,2.11,6.107126712799072,6.112150192260742,6.108119010925293,0.005023479461669922,0.0009922981262207031,0.0020155906677246094,0.0030078887939453125,0.0030078887939453125,False,enc_s2,encoder,2,8,0.0011928535386687145,0.0008483437413815409,0.000595884099311661,0.0008463166450383142,-0.36260839012053614,0.41326196084673716,,,,,,,
atlas_2020-03-19T18:00:00,atlas,synoptic,hotspot,t1,precip_trace,precip_only,q850,34.97747747747748,352.29529172445586,0.00014367081166710705,2.11,6.107126712799072,6.112150192260742,6.108119010925293,0.005023479461669922,0.0009922981262207031,0.0020155906677246094,0.0030078887939453125,0.0030078887939453125,False,dec_s0,decoder,0,8,0.0018208478722954169,0.0014429026050493121,0.0009101998512051068,0.001367749136989005,-0.4019771984263742,0.4001325637396277,,,,,,,
atlas_2020-03-19T18:00:00,atlas,synoptic,hotspot,t1,precip_trace,precip_only,q850,34.97747747747748,352.29529172445586,0.00014367081166710705,2.11,6.107126712799072,6.112150192260742,6.108119010925293,0.005023479461669922,0.0009922981262207031,0.0020155906677246094,0.0030078887939453125,0.0030078887939453125,False,dec_s1,decoder,1,10,0.002666937280446291,0.0024304673890583215,0.0013316052092704922,0.0021764043951407073,-0.4715187252850672,0.3798449394786564,,,,,,,
atlas_2020-03-19T18:00:00,atlas,synoptic,hotspot,t1,precip_trace,precip_only,q850,34.97747747747748,352.29529172445586,0.00014367081166710705,2.11,6.107126712799072,6.112150192260742,6.108119010925293,0.005023479461669922,0.0009922981262207031,0.0020155906677246094,0.0030078887939453125,0.0030078887939453125,False,dec_s2,decoder,2,6,0.00912863799991707,0.006221332432081302,0.004553598662217458,0.006355303262049953,-0.37490522144204746,0.41617792332902476,,,,,,,
atlas_2020-03-19T18:00:00,atlas,synoptic,hotspot,t1,q850_trace,precip_only,q850,34.97747747747748,352.29529172445586,0.00014367081166710705,,6.107126712799072,6.869685173034668,4.379372596740723,0.7625584602355957,-1.7277541160583496,1.2451562881469727,-0.48259782791137695,1.2451562881469727,True,enc_s0,encoder,0,6,0.014751069247722626,0.014930966931084791,0.01435209158807993,0.0037729371494303146,0.8721404507819305,0.7909881521439811,1.0,850,0.0,0.005441195751933919,0.9999998940356032,0.996696665893833,0.003303228491794805
atlas_2020-03-19T18:00:00,atlas,synoptic,hotspot,t1,q850_trace,precip_only,q850,34.97747747747748,352.29529172445586,0.00014367081166710705,,6.107126712799072,6.869685173034668,4.379372596740723,0.7625584602355957,-1.7277541160583496,1.2451562881469727,-0.48259782791137695,1.2451562881469727,True,enc_s1,encoder,1,10,0.011210619891062378,0.008337924629449845,0.008573882561177016,0.004798968019895255,0.5854939871803959,0.6583663298100173,1.0,850,0.0,0.005441195751933919,0.9999998940356032,0.996696665893833,0.003303228491794805
atlas_2020-03-19T18:00:00,atlas,synoptic,hotspot,t1,q850_trace,precip_only,q850,34.97747747747748,352.29529172445586,0.00014367081166710705,,6.107126712799072,6.869685173034668,4.379372596740723,0.7625584602355957,-1.7277541160583496,1.2451562881469727,-0.48259782791137695,1.2451562881469727,True,enc_s2,encoder,2,8,0.005503398890141398,0.003830702306004241,0.004060434293933213,0.002448138577165082,0.5114444347289067,0.6239675716005375,1.0,850,0.0,0.005441195751933919,0.9999998940356032,0.996696665893833,0.003303228491794805
atlas_2020-03-19T18:00:00,atlas,synoptic,hotspot,t1,q850_trace,precip_only,q850,34.97747747747748,352.29529172445586,0.00014367081166710705,,6.107126712799072,6.869685173034668,4.379372596740723,0.7625584602355957,-1.7277541160583496,1.2451562881469727,-0.48259782791137695,1.2451562881469727,True,dec_s0,decoder,0,8,0.007490578631404787,0.005304599646478891,0.005499072198290378,0.0034473205741960555,0.4779959888055825,0.6149187834790457,1.0,850,0.0,0.005441195751933919,0.9999998940356032,0.996696665893833,0.003303228491794805
atlas_2020-03-19T18:00:00,atlas,synoptic,hotspot,t1,q850_trace,precip_only,q850,34.97747747747748,352.29529172445586,0.00014367081166710705,,6.107126712799072,6.869685173034668,4.379372596740723,0.7625584602355957,-1.7277541160583496,1.2451562881469727,-0.48259782791137695,1.2451562881469727,True,dec_s1,decoder,1,10,0.008571358071640134,0.006988885207101702,0.006511646788567305,0.004329644353128969,0.43660843673712374,0.6034190321033506,1.0,850,0.0,0.005441195751933919,0.9999998940356032,0.996696665893833,0.003303228491794805
atlas_2020-03-19T18:00:00,atlas,synoptic,hotspot,t1,q850_trace,precip_only,q850,34.97747747747748,352.29529172445586,0.00014367081166710705,,6.107126712799072,6.869685173034668,4.379372596740723,0.7625584602355957,-1.7277541160583496,1.2451562881469727,-0.48259782791137695,1.2451562881469727,True,dec_s2,decoder,2,6,0.0296356404821078,0.02792445197701454,0.025552174697319668,0.013264338951557875,0.6183136163711345,0.6586920276713822,1.0,850,0.0,0.005441195751933919,0.9999998940356032,0.996696665893833,0.003303228491794805
atlas_2020-03-19T18:00:00,atlas,synoptic,low_near,t1,precip_trace,precip_only,q850,49.97747747747748,357.29529172445586,9.972637599275913e-06,2.11,6.107126712799072,6.106659889221191,6.106963157653809,-0.0004668235778808594,-0.00016355514526367188,-0.00015163421630859375,-0.0003151893615722656,0.0003151893615722656,False,enc_s0,encoder,0,6,0.004833657372122009,0.0006143423767449955,0.002406376414000988,0.0024688918104705713,-0.09916309158535615,0.4929395586583649,,,,,,,
atlas_2020-03-19T18:00:00,atlas,synoptic,low_near,t1,precip_trace,precip_only,q850,49.97747747747748,357.29529172445586,9.972637599275913e-06,2.11,6.107126712799072,6.106659889221191,6.106963157653809,-0.0004668235778808594,-0.00016355514526367188,-0.00015163421630859375,-0.0003151893615722656,0.0003151893615722656,False,enc_s1,encoder,1,10,0.003123738500289619,0.00157565813860856,0.0015341784805059434,0.001966180477757007,-0.2534507014573861,0.44926458162117894,,,,,,,
atlas_2020-03-19T18:00:00,atlas,synoptic,low_near,t1,precip_trace,precip_only,q850,49.97747747747748,357.29529172445586,9.972637599275913e-06,2.11,6.107126712799072,6.106659889221191,6.106963157653809,-0.0004668235778808594,-0.00016355514526367188,-0.00015163421630859375,-0.0003151893615722656,0.0003151893615722656,False,enc_s2,encoder,2,8,0.0013167776633054018,0.0008267292505479418,0.0006581736961379647,0.0008806604455458,-0.3193665940847987,0.4277963607581058,,,,,,,
atlas_2020-03-19T18:00:00,atlas,synoptic,low_near,t1,precip_trace,precip_only,q850,49.97747747747748,357.29529172445586,9.972637599275913e-06,2.11,6.107126712799072,6.106659889221191,6.106963157653809,-0.0004668235778808594,-0.00016355514526367188,-0.00015163421630859375,-0.0003151893615722656,0.0003151893615722656,False,dec_s0,decoder,0,8,0.00196088119992055,0.001423285240889527,0.0009803071297938004,0.001405393166351132,-0.3685908225328628,0.4115563547146089,,,,,,,
atlas_2020-03-19T18:00:00,atlas,synoptic,low_near,t1,precip_trace,precip_only,q850,49.97747747747748,357.29529172445586,9.972637599275913e-06,2.11,6.107126712799072,6.106659889221191,6.106963157653809,-0.0004668235778808594,-0.00016355514526367188,-0.00015163421630859375,-0.0003151893615722656,0.0003151893615722656,False,dec_s1,decoder,1,10,0.0027655949466861784,0.002416749077383429,0.001382294954964891,0.002198661724105477,-0.4510179100385911,0.3865773850043591,,,,,,,
atlas_2020-03-19T18:00:00,atlas,synoptic,low_near,t1,precip_trace,precip_only,q850,49.97747747747748,357.29529172445586,9.972637599275913e-06,2.11,6.107126712799072,6.106659889221191,6.106963157653809,-0.0004668235778808594,-0.00016355514526367188,-0.00015163421630859375,-0.0003151893615722656,0.0003151893615722656,False,dec_s2,decoder,2,6,0.009822988572220007,0.006185741163790226,0.00490435150762399,0.006592796882614493,-0.3472253169043693,0.42515329752927733,,,,,,,
atlas_2020-03-19T18:00:00,atlas,synoptic,low_near,t1,q850_trace,precip_only,q850,49.97747747747748,357.29529172445586,9.972637599275913e-06,,6.107126712799072,6.119977951049805,6.08173131942749,0.012851238250732422,-0.02539539337158203,0.019123315811157227,-0.006272077560424805,0.019123315811157227,True,enc_s0,encoder,0,6,0.0195982006068031,0.018907553826769192,0.018372108228504658,0.005781352908040087,0.8219472878147652,0.7600962232637585,1.0,850,0.0,0.049004475999382624,0.999999916833803,0.9354369169425844,0.06456300526067824
atlas_2020-03-19T18:00:00,atlas,synoptic,low_near,t1,q850_trace,precip_only,q850,49.97747747747748,357.29529172445586,9.972637599275913e-06,,6.107126712799072,6.119977951049805,6.08173131942749,0.012851238250732422,-0.02539539337158203,0.019123315811157227,-0.006272077560424805,0.019123315811157227,True,enc_s1,encoder,1,10,0.015925274603068827,0.010814642906188965,0.011287277191877365,0.007471673237159848,0.47360471692886874,0.6173964853134689,1.0,850,0.0,0.049004475999382624,0.999999916833803,0.9354369169425844,0.06456300526067824
atlas_2020-03-19T18:00:00,atlas,synoptic,low_near,t1,q850_trace,precip_only,q850,49.97747747747748,357.29529172445586,9.972637599275913e-06,,6.107126712799072,6.119977951049805,6.08173131942749,0.012851238250732422,-0.02539539337158203,0.019123315811157227,-0.006272077560424805,0.019123315811157227,True,enc_s2,encoder,2,8,0.007798139180522412,0.0047076885239221156,0.005343975615687668,0.0035960355307906866,0.43601324360618393,0.5979737522919151,1.0,850,0.0,0.049004475999382624,0.999999916833803,0.9354369169425844,0.06456300526067824
atlas_2020-03-19T18:00:00,atlas,synoptic,low_near,t1,q850_trace,precip_only,q850,49.97747747747748,357.29529172445586,9.972637599275913e-06,,6.107126712799072,6.119977951049805,6.08173131942749,0.012851238250732422,-0.02539539337158203,0.019123315811157227,-0.006272077560424805,0.019123315811157227,True,dec_s0,decoder,0,8,0.012057444313541055,0.006145522580482066,0.007726040086708963,0.005646697944030166,0.3857984550436415,0.5777770565027447,1.0,850,0.0,0.049004475999382624,0.999999916833803,0.9354369169425844,0.06456300526067824
atlas_2020-03-19T18:00:00,atlas,synoptic,low_near,t1,q850_trace,precip_only,q850,49.97747747747748,357.29529172445586,9.972637599275913e-06,,6.107126712799072,6.119977951049805,6.08173131942749,0.012851238250732422,-0.02539539337158203,0.019123315811157227,-0.006272077560424805,0.019123315811157227,True,dec_s1,decoder,1,10,0.010314038349315524,0.009207575907930731,0.008070636494085192,0.00552041670307517,0.40829697311097435,0.5975139208327327,1.0,850,0.0,0.049004475999382624,0.999999916833803,0.9354369169425844,0.06456300526067824
atlas_2020-03-19T18:00:00,atlas,synoptic,low_near,t1,q850_trace,precip_only,q850,49.97747747747748,357.29529172445586,9.972637599275913e-06,,6.107126712799072,6.119977951049805,6.08173131942749,0.012851238250732422,-0.02539539337158203,0.019123315811157227,-0.006272077560424805,0.019123315811157227,True,dec_s2,decoder,2,6,0.03329685144126415,0.03435618927081426,0.029988203818599384,0.015646533109247684,0.606751942890433,0.6576357829656923,1.0,850,0.0,0.049004475999382624,0.999999916833803,0.9354369169425844,0.06456300526067824
california_2020-12-13T18:00:00,california,local,hotspot,t1,precip_trace,precip_only,q850,38.22747747747748,234.32046739745803,5.3696090617449954e-05,2.11,4.947642803192139,4.953320503234863,4.9474334716796875,0.005677700042724609,-0.00020933151245117188,0.0029435157775878906,0.0027341842651367188,0.0029435157775878906,True,enc_s0,encoder,0,6,0.0018608223957320054,0.0004949342595258107,0.0009033817138212422,0.00102110606773446,-0.24364299741626563,0.4671945500834483,,,,,,,
california_2020-12-13T18:00:00,california,local,hotspot,t1,precip_trace,precip_only,q850,38.22747747747748,234.32046739745803,5.3696090617449954e-05,2.11,4.947642803192139,4.953320503234863,4.9474334716796875,0.005677700042724609,-0.00020933151245117188,0.0029435157775878906,0.0027341842651367188,0.0029435157775878906,True,enc_s1,encoder,1,10,0.00171635199803859,0.0012559521186631174,0.0008174855902325362,0.001271578046726063,-0.3610039563741666,0.4144109815617054,,,,,,,
california_2020-12-13T18:00:00,california,local,hotspot,t1,precip_trace,precip_only,q850,38.22747747747748,234.32046739745803,5.3696090617449954e-05,2.11,4.947642803192139,4.953320503234863,4.9474334716796875,0.005677700042724609,-0.00020933151245117188,0.0029435157775878906,0.0027341842651367188,0.0029435157775878906,True,enc_s2,encoder,2,8,0.0008173699752660468,0.0007102475574356504,0.00040780009658192284,0.0006480613010353409,-0.4420402358113932,0.386317864851766,,,,,,,
california_2020-12-13T18:00:00,california,local,hotspot,t1,precip_trace,precip_only,q850,38.22747747747748,234.32046739745803,5.3696090617449954e-05,2.11,4.947642803192139,4.953320503234863,4.9474334716796875,0.005677700042724609,-0.00020933151245117188,0.0029435157775878906,0.0027341842651367188,0.0029435157775878906,True,dec_s0,decoder,0,8,0.0014139452832750976,0.0013111550506437197,0.0007061488722683862,0.0011664482663036324,-0.47143921521133203,0.37743052421217516,,,,,,,
california_2020-12-13T18:00:00,california,local,hotspot,t1,precip_trace,precip_only,q850,38.22747747747748,234.32046739745803,5.3696090617449954e-05,2.11,4.947642803192139,4.953320503234863,4.9474334716796875,0.005677700042724609,-0.00020933151245117188,0.0029435157775878906,0.0027341842651367188,0.0029435157775878906,True,dec_s1,decoder,1,10,0.002387807925697416,0.002337139588780701,0.0011929625121410935,0.0020393076818436386,-0.5047956426268574,0.3692546862878192,,,,,,,
california_2020-12-13T18:00:00,california,local,hotspot,t1,precip_trace,precip_only,q850,38.22747747747748,234.32046739745803,5.3696090617449954e-05,2.11,4.947642803192139,4.953320503234863,4.9474334716796875,0.005677700042724609,-0.00020933151245117188,0.0029435157775878906,0.0027341842651367188,0.0029435157775878906,True,dec_s2,decoder,2,6,0.006541143404319882,0.005929934947441022,0.003256869191924731,0.005326907771329085,-0.4857986592941652,0.37918098616135154,,,,,,,
california_2020-12-13T18:00:00,california,local,hotspot,t1,q850_trace,precip_only,q850,38.22747747747748,234.32046739745803,5.3696090617449954e-05,,4.947642803192139,5.64487361907959,3.689890146255493,0.6972308158874512,-1.2577526569366455,0.9774917364120483,-0.28026092052459717,0.9774917364120483,True,enc_s0,encoder,0,6,0.006580190655464928,0.006423838747044404,0.006216684045890967,0.0019120684398027759,0.836361218043011,0.7642602316902835,1.0,850,0.0,0.0,1.0,1.0,0.0
california_2020-12-13T18:00:00,california,local,hotspot,t1,q850_trace,precip_only,q850,38.22747747747748,234.32046739745803,5.3696090617449954e-05,,4.947642803192139,5.64487361907959,3.689890146255493,0.6972308158874512,-1.2577526569366455,0.9774917364120483,-0.28026092052459717,0.9774917364120483,True,enc_s1,encoder,1,10,0.006023213104344905,0.004215804859995842,0.00429013641551137,0.0028961814008653165,0.4576870416700133,0.6134480922517931,1.0,850,0.0,0.0,1.0,1.0,0.0
california_2020-12-13T18:00:00,california,local,hotspot,t1,q850_trace,precip_only,q850,38.22747747747748,234.32046739745803,5.3696090617449954e-05,,4.947642803192139,5.64487361907959,3.689890146255493,0.6972308158874512,-1.2577526569366455,0.9774917364120483,-0.28026092052459717,0.9774917364120483,True,enc_s2,encoder,2,8,0.0028833969263359904,0.001965355797437951,0.0020173662778688595,0.0014208531065378338,0.3727490697866089,0.5868471188244742,1.0,850,0.0,0.0,1.0,1.0,0.0
california_2020-12-13T18:00:00,california,local,hotspot,t1,q850_trace,precip_only,q850,38.22747747747748,234.32046739745803,5.3696090617449954e-05,,4.947642803192139,5.64487361907959,3.689890146255493,0.6972308158874512,-1.2577526569366455,0.9774917364120483,-0.28026092052459717,0.9774917364120483,True,dec_s0,decoder,0,8,0.0039725481474306434,0.002853908546967432,0.0027779971715062857,0.0020604100718628615,0.31858370477260345,0.57459215509649,1.0,850,0.0,0.0,1.0,1.0,0.0
california_2020-12-13T18:00:00,california,local,hotspot,t1,q850_trace,precip_only,q850,38.22747747747748,234.32046739745803,5.3696090617449954e-05,,4.947642803192139,5.64487361907959,3.689890146255493,0.6972308158874512,-1.2577526569366455,0.9774917364120483,-0.28026092052459717,0.9774917364120483,True,dec_s1,decoder,1,10,0.0038911355659365654,0.0038299546809867024,0.002915677730925381,0.002530917327385396,0.1477062783188934,0.5349627745368858,1.0,850,0.0,0.0,1.0,1.0,0.0
california_2020-12-13T18:00:00,california,local,hotspot,t1,q850_trace,precip_only,q850,38.22747747747748,234.32046739745803,5.3696090617449954e-05,,4.947642803192139,5.64487361907959,3.689890146255493,0.6972308158874512,-1.2577526569366455,0.9774917364120483,-0.28026092052459717,0.9774917364120483,True,dec_s2,decoder,2,6,0.012140270322561264,0.012509903715302547,0.010229226822654406,0.00687749784750243,0.43440601995892747,0.5980806715661557,1.0,850,0.0,0.0,1.0,1.0,0.0
california_2020-12-13T18:00:00,california,local,low_near,t1,precip_trace,precip_only,q850,50.72747747747748,249.32046739745803,1.0240736401101458e-06,2.11,4.947642803192139,4.947470664978027,4.94809627532959,-0.00017213821411132812,0.0004534721374511719,-0.00031280517578125,0.00014066696166992188,0.00031280517578125,True,enc_s0,encoder,0,6,0.0023547029704786837,0.0005027241228769223,0.0011547072305499266,0.0012531620256292324,-0.1969070262261268,0.4782690015078739,,,,,,,
california_2020-12-13T18:00:00,california,local,low_near,t1,precip_trace,precip_only,q850,50.72747747747748,249.32046739745803,1.0240736401101458e-06,2.11,4.947642803192139,4.947470664978027,4.94809627532959,-0.00017213821411132812,0.0004534721374511719,-0.00031280517578125,0.00014066696166992188,0.00031280517578125,True,enc_s1,encoder,1,10,0.0016852862434461712,0.0012311153259361163,0.0008001124137081206,0.0012472689268179238,-0.3670706971966232,0.41268324799160216,,,,,,,
california_2020-12-13T18:00:00,california,local,low_near,t1,precip_trace,precip_only,q850,50.72747747747748,249.32046739745803,1.0240736401101458e-06,2.11,4.947642803192139,4.947470664978027,4.94809627532959,-0.00017213821411132812,0.0004534721374511719,-0.00031280517578125,0.00014066696166992188,0.00031280517578125,True,enc_s2,encoder,2,8,0.0008178323987522162,0.0006884748872835189,0.00040780071503832005,0.0006365055814967491,-0.4291787711968644,0.390613850729383,,,,,,,
california_2020-12-13T18:00:00,california,local,low_near,t1,precip_trace,precip_only,q850,50.72747747747748,249.32046739745803,1.0240736401101458e-06,2.11,4.947642803192139,4.947470664978027,4.94809627532959,-0.00017213821411132812,0.0004534721374511719,-0.00031280517578125,0.00014066696166992188,0.00031280517578125,True,dec_s0,decoder,0,8,0.0014160391729092225,0.0012924364273203537,0.0007066728940117173,0.0011569135458557867,-0.4651326964722935,0.3795116203456062,,,,,,,
california_2020-12-13T18:00:00,california,local,low_near,t1,precip_trace,precip_only,q850,50.72747747747748,249.32046739745803,1.0240736401101458e-06,2.11,4.947642803192139,4.947470664978027,4.94809627532959,-0.00017213821411132812,0.0004534721374511719,-0.00031280517578125,0.00014066696166992188,0.00031280517578125,True,dec_s1,decoder,1,10,0.002396578236948699,0.002327636140398681,0.0011969186365604402,0.0020367019693367182,-0.5012350530952455,0.370414293128958,,,,,,,
california_2020-12-13T18:00:00,california,local,low_near,t1,precip_trace,precip_only,q850,50.72747747747748,249.32046739745803,1.0240736401101458e-06,2.11,4.947642803192139,4.947470664978027,4.94809627532959,-0.00017213821411132812,0.0004534721374511719,-0.00031280517578125,0.00014066696166992188,0.00031280517578125,True,dec_s2,decoder,2,6,0.006732937103758256,0.005912961748739083,0.0033522545903300247,0.005377021695797642,-0.4719081845741204,0.3839257597866632,,,,,,,
california_2020-12-13T18:00:00,california,local,low_near,t1,q850_trace,precip_only,q850,50.72747747747748,249.32046739745803,1.0240736401101458e-06,,4.947642803192139,4.9475321769714355,4.948999881744385,-0.000110626220703125,0.0013570785522460938,-0.0007338523864746094,0.0006232261657714844,0.0007338523864746094,True,enc_s0,encoder,0,6,0.008930640450368324,0.005264696199446917,0.006653769873082638,0.003081957809627056,0.7470357489552476,0.6835751066244896,1.0,850,0.0,0.24030329542140566,1.0,0.4924827299386906,0.5075172700613094
california_2020-12-13T18:00:00,california,local,low_near,t1,q850_trace,precip_only,q850,50.72747747747748,249.32046739745803,1.0240736401101458e-06,,4.947642803192139,4.9475321769714355,4.948999881744385,-0.000110626220703125,0.0013570785522460938,-0.0007338523864746094,0.0006232261657714844,0.0007338523864746094,True,enc_s1,encoder,1,10,0.00926269544288516,0.0036934316623955963,0.005420968728139996,0.004479764751158655,0.33057313742165717,0.5571879068697283,1.0,850,0.0,0.24030329542140566,1.0,0.4924827299386906,0.5075172700613094
california_2020-12-13T18:00:00,california,local,low_near,t1,q850_trace,precip_only,q850,50.72747747747748,249.32046739745803,1.0240736401101458e-06,,4.947642803192139,4.9475321769714355,4.948999881744385,-0.000110626220703125,0.0013570785522460938,-0.0007338523864746094,0.0006232261657714844,0.0007338523864746094,True,enc_s2,encoder,2,8,0.00416600814787671,0.0017480555980000645,0.002453360357321799,0.0020463384134927765,0.2587099851410835,0.5454652399172807,1.0,850,0.0,0.24030329542140566,1.0,0.4924827299386906,0.5075172700613094
california_2020-12-13T18:00:00,california,local,low_near,t1,q850_trace,precip_only,q850,50.72747747747748,249.32046739745803,1.0240736401101458e-06,,4.947642803192139,4.9475321769714355,4.948999881744385,-0.000110626220703125,0.0013570785522460938,-0.0007338523864746094,0.0006232261657714844,0.0007338523864746094,True,dec_s0,decoder,0,8,0.008914136968087405,0.002524489857023582,0.004806709854165092,0.0044519309885799885,0.1505759047836232,0.519160063372623,1.0,850,0.0,0.24030329542140566,1.0,0.4924827299386906,0.5075172700613094
california_2020-12-13T18:00:00,california,local,low_near,t1,q850_trace,precip_only,q850,50.72747747747748,249.32046739745803,1.0240736401101458e-06,,4.947642803192139,4.9475321769714355,4.948999881744385,-0.000110626220703125,0.0013570785522460938,-0.0007338523864746094,0.0006232261657714844,0.0007338523864746094,True,dec_s1,decoder,1,10,0.006373140541836619,0.0035981133580207823,0.0038409322500228883,0.003468016511760652,0.13539624863957928,0.5270403792831246,1.0,850,0.0,0.24030329542140566,1.0,0.4924827299386906,0.5075172700613094
california_2020-12-13T18:00:00,california,local,low_near,t1,q850_trace,precip_only,q850,50.72747747747748,249.32046739745803,1.0240736401101458e-06,,4.947642803192139,4.9475321769714355,4.948999881744385,-0.000110626220703125,0.0013570785522460938,-0.0007338523864746094,0.0006232261657714844,0.0007338523864746094,True,dec_s2,decoder,2,6,0.017010491030911606,0.01204111659899354,0.011960687736670176,0.008607727320243916,0.40020258629544286,0.5816392278759532,1.0,850,0.0,0.24030329542140566,1.0,0.4924827299386906,0.5075172700613094
california_2020-12-13T18:00:00,california,synoptic,hotspot,t1,precip_trace,precip_only,q850,35.72747747747748,234.32046739745803,0.0001035681925714016,2.11,4.947642803192139,4.9499006271362305,4.946341037750244,0.002257823944091797,-0.0013017654418945312,0.001779794692993164,0.0004780292510986328,0.001779794692993164,True,enc_s0,encoder,0,6,0.004216816043481231,0.0006007909056885788,0.0020976316882297397,0.002164754298670838,-0.10939551875953024,0.4912788190319732,,,,,,,
california_2020-12-13T18:00:00,california,synoptic,hotspot,t1,precip_trace,precip_only,q850,35.72747747747748,234.32046739745803,0.0001035681925714016,2.11,4.947642803192139,4.9499006271362305,4.946341037750244,0.002257823944091797,-0.0013017654418945312,0.001779794692993164,0.0004780292510986328,0.001779794692993164,True,enc_s1,encoder,1,10,0.002867043111473322,0.0016110153461340814,0.001401337841525674,0.0018788833869621158,-0.2800202118369242,0.4408788462118947,,,,,,,
california_2020-12-13T18:00:00,california,synoptic,hotspot,t1,precip_trace,precip_only,q850,35.72747747747748,234.32046739745803,0.0001035681925714016,2.11,4.947642803192139,4.9499006271362305,4.946341037750244,0.002257823944091797,-0.0013017654418945312,0.001779794692993164,0.0004780292510986328,0.001779794692993164,True,enc_s2,encoder,2,8,0.0012545164354378358,0.0008628740033600479,0.0006272816099226475,0.0008750773486099206,-0.3492417914214316,0.41762727609111394,,,,,,,
california_2020-12-13T18:00:00,california,synoptic,hotspot,t1,precip_trace,precip_only,q850,35.72747747747748,234.32046739745803,0.0001035681925714016,2.11,4.947642803192139,4.9499006271362305,4.946341037750244,0.002257823944091797,-0.0013017654418945312,0.001779794692993164,0.0004780292510986328,0.001779794692993164,True,dec_s0,decoder,0,8,0.001894126573461108,0.001453538949135691,0.0009470441873418167,0.001397773768985644,-0.3895572317770578,0.40441585454177215,,,,,,,
california_2020-12-13T18:00:00,california,synoptic,hotspot,t1,precip_trace,precip_only,q850,35.72747747747748,234.32046739745803,0.0001035681925714016,2.11,4.947642803192139,4.9499006271362305,4.946341037750244,0.002257823944091797,-0.0013017654418945312,0.001779794692993164,0.0004780292510986328,0.001779794692993164,True,dec_s1,decoder,1,10,0.002699264558032155,0.002403962530661374,0.0013499082415364683,0.0021703542559407653,-0.45915698122924475,0.38391456196574947,,,,,,,
california_2020-12-13T18:00:00,california,synoptic,hotspot,t1,precip_trace,precip_only,q850,35.72747747747748,234.32046739745803,0.0001035681925714016,2.11,4.947642803192139,4.9499006271362305,4.946341037750244,0.002257823944091797,-0.0013017654418945312,0.001779794692993164,0.0004780292510986328,0.001779794692993164,True,dec_s2,decoder,2,6,0.008648495888337493,0.006073827079186837,0.0043219880511363344,0.006100617814809084,-0.38130565142151074,0.41390424314912383,,,,,,,
california_2020-12-13T18:00:00,california,synoptic,hotspot,t1,q850_trace,precip_only,q850,35.72747747747748,234.32046739745803,0.0001035681925714016,,4.947642803192139,5.781121730804443,3.6082475185394287,0.8334789276123047,-1.33939528465271,1.0864371061325073,-0.25295817852020264,1.0864371061325073,True,enc_s0,encoder,0,6,0.01481041902055343,0.015146097633987665,0.01441261451691389,0.004084776000430186,0.853846765570179,0.7786084862817736,1.0,850,0.0,0.059377333376619164,1.0,0.9463825186660574,0.05361748133394267
california_2020-12-13T18:00:00,california,synoptic,hotspot,t1,q850_trace,precip_only,q850,35.72747747747748,234.32046739745803,0.0001035681925714016,,4.947642803192139,5.781121730804443,3.6082475185394287,0.8334789276123047,-1.33939528465271,1.0864371061325073,-0.25295817852020264,1.0864371061325073,True,enc_s1,encoder,1,10,0.010756001994013786,0.008679003827273846,0.008464142633602022,0.004811959573999047,0.5620580113500195,0.65096436222283,1.0,850,0.0,0.059377333376619164,1.0,0.9463825186660574,0.05361748133394267
california_2020-12-13T18:00:00,california,synoptic,hotspot,t1,q850_trace,precip_only,q850,35.72747747747748,234.32046739745803,0.0001035681925714016,,4.947642803192139,5.781121730804443,3.6082475185394287,0.8334789276123047,-1.33939528465271,1.0864371061325073,-0.25295817852020264,1.0864371061325073,True,enc_s2,encoder,2,8,0.005159754422493279,0.003938082227250561,0.003953779931180179,0.00233098681201227,0.5161140187084285,0.6291915144563169,1.0,850,0.0,0.059377333376619164,1.0,0.9463825186660574,0.05361748133394267
california_2020-12-13T18:00:00,california,synoptic,hotspot,t1,q850_trace,precip_only,q850,35.72747747747748,234.32046739745803,0.0001035681925714016,,4.947642803192139,5.781121730804443,3.6082475185394287,0.8334789276123047,-1.33939528465271,1.0864371061325073,-0.25295817852020264,1.0864371061325073,True,dec_s0,decoder,0,8,0.007179872656706721,0.00545252877054736,0.005452498677186668,0.0033029618207365274,0.4971744441961078,0.6229885787575417,1.0,850,0.0,0.059377333376619164,1.0,0.9463825186660574,0.05361748133394267
california_2020-12-13T18:00:00,california,synoptic,hotspot,t1,q850_trace,precip_only,q850,35.72747747747748,234.32046739745803,0.0001035681925714016,,4.947642803192139,5.781121730804443,3.6082475185394287,0.8334789276123047,-1.33939528465271,1.0864371061325073,-0.25295817852020264,1.0864371061325073,True,dec_s1,decoder,1,10,0.007150583993643522,0.006795105757191777,0.005920136603526771,0.003686844860203564,0.4895067737575608,0.6189946934150635,1.0,850,0.0,0.059377333376619164,1.0,0.9463825186660574,0.05361748133394267
california_2020-12-13T18:00:00,california,synoptic,hotspot,t1,q850_trace,precip_only,q850,35.72747747747748,234.32046739745803,0.0001035681925714016,,4.947642803192139,5.781121730804443,3.6082475185394287,0.8334789276123047,-1.33939528465271,1.0864371061325073,-0.25295817852020264,1.0864371061325073,True,dec_s2,decoder,2,6,0.02619240991771221,0.026071134644250076,0.0238257081558307,0.010731093275050322,0.7131765433693992,0.6896793568375595,1.0,850,0.0,0.059377333376619164,1.0,0.9463825186660574,0.05361748133394267
california_2020-12-13T18:00:00,california,synoptic,low_near,t1,precip_trace,precip_only,q850,50.72747747747748,254.32046739745803,8.604457434557844e-06,2.11,4.947642803192139,4.947576999664307,4.947271823883057,-6.580352783203125e-05,-0.00037097930908203125,0.000152587890625,-0.00021839141845703125,0.00021839141845703125,False,enc_s0,encoder,0,6,0.005400352335224549,0.0006220484210643917,0.002690954909970363,0.0027475454844534397,-0.0884003316642016,0.49432694372587954,,,,,,,
california_2020-12-13T18:00:00,california,synoptic,low_near,t1,precip_trace,precip_only,q850,50.72747747747748,254.32046739745803,8.604457434557844e-06,2.11,4.947642803192139,4.947576999664307,4.947271823883057,-6.580352783203125e-05,-0.00037097930908203125,0.000152587890625,-0.00021839141845703125,0.00021839141845703125,False,enc_s1,encoder,1,10,0.003037975658662617,0.0016222533828113227,0.001490860735066235,0.0019475782406516372,-0.2666563182320708,0.4452698280175805,,,,,,,
california_2020-12-13T18:00:00,california,synoptic,low_near,t1,precip_trace,precip_only,q850,50.72747747747748,254.32046739745803,8.604457434557844e-06,2.11,4.947642803192139,4.947576999664307,4.947271823883057,-6.580352783203125e-05,-0.00037097930908203125,0.000152587890625,-0.00021839141845703125,0.00021839141845703125,False,enc_s2,encoder,2,8,0.0013288419577293098,0.0008589891585870646,0.0006638147897319868,0.0009006976470118389,-0.3296160837286339,0.4243857212904333,,,,,,,
california_2020-12-13T18:00:00,california,synoptic,low_near,t1,precip_trace,precip_only,q850,50.72747747747748,254.32046739745803,8.604457434557844e-06,2.11,4.947642803192139,4.947576999664307,4.947271823883057,-6.580352783203125e-05,-0.00037097930908203125,0.000152587890625,-0.00021839141845703125,0.00021839141845703125,False,dec_s0,decoder,0,8,0.001978263258934021,0.0014505170256597921,0.0009881051882985048,0.0014257543807616457,-0.37422017387940704,0.4098024056809224,,,,,,,
california_2020-12-13T18:00:00,california,synoptic,low_near,t1,precip_trace,precip_only,q850,50.72747747747748,254.32046739745803,8.604457434557844e-06,2.11,4.947642803192139,4.947576999664307,4.947271823883057,-6.580352783203125e-05,-0.00037097930908203125,0.000152587890625,-0.00021839141845703125,0.00021839141845703125,False,dec_s1,decoder,1,10,0.002755505300592631,0.002396664768457413,0.0013755188323557378,0.0021856300649233163,-0.4494641416509045,0.3872501649457313,,,,,,,
california_2020-12-13T18:00:00,california,synoptic,low_near,t1,precip_trace,precip_only,q850,50.72747747747748,254.32046739745803,8.604457434557844e-06,2.11,4.947642803192139,4.947576999664307,4.947271823883057,-6.580352783203125e-05,-0.00037097930908203125,0.000152587890625,-0.00021839141845703125,0.00021839141845703125,False,dec_s2,decoder,2,6,0.010009283355126778,0.006057539489120245,0.004996161830301086,0.006598200028141339,-0.33269856352062394,0.43025175235123037,,,,,,,
california_2020-12-13T18:00:00,california,synoptic,low_near,t1,q850_trace,precip_only,q850,50.72747747747748,254.32046739745803,8.604457434557844e-06,,4.947642803192139,4.971206188201904,4.931270122528076,0.023563385009765625,-0.0163726806640625,0.019968032836914062,0.0035953521728515625,0.019968032836914062,True,enc_s0,encoder,0,6,0.022816847078502178,0.014611416806777319,0.017450800475974877,0.007929903687909245,0.7269428580544163,0.6875837857513214,1.0,850,0.0,0.22380313425656345,1.0,0.5443047756764156,0.45569522432358445
california_2020-12-13T18:00:00,california,synoptic,low_near,t1,q850_trace,precip_only,q850,50.72747747747748,254.32046739745803,8.604457434557844e-06,,4.947642803192139,4.971206188201904,4.931270122528076,0.023563385009765625,-0.0163726806640625,0.019968032836914062,0.0035953521728515625,0.019968032836914062,True,enc_s1,encoder,1,10,0.02143203802406788,0.009435979183763266,0.013135182019323111,0.010031745629385113,0.3992682863143879,0.5744129432263186,1.0,850,0.0,0.22380313425656345,1.0,0.5443047756764156,0.45569522432358445
california_2020-12-13T18:00:00,california,synoptic,low_near,t1,q850_trace,precip_only,q850,50.72747747747748,254.32046739745803,8.604457434557844e-06,,4.947642803192139,4.971206188201904,4.931270122528076,0.023563385009765625,-0.0163726806640625,0.019968032836914062,0.0035953521728515625,0.019968032836914062,True,enc_s2,encoder,2,8,0.009454457089304924,0.004260898451320827,0.005854225310031325,0.00441613479051739,0.3756059029543879,0.5701765941268304,1.0,850,0.0,0.22380313425656345,1.0,0.5443047756764156,0.45569522432358445
california_2020-12-13T18:00:00,california,synoptic,low_near,t1,q850_trace,precip_only,q850,50.72747747747748,254.32046739745803,8.604457434557844e-06,,4.947642803192139,4.971206188201904,4.931270122528076,0.023563385009765625,-0.0163726806640625,0.019968032836914062,0.0035953521728515625,0.019968032836914062,True,dec_s0,decoder,0,8,0.015553975477814674,0.006076856341678649,0.009292987990193069,0.00728522875579074,0.36028022831018125,0.5604057982827766,1.0,850,0.0,0.22380313425656345,1.0,0.5443047756764156,0.45569522432358445
california_2020-12-13T18:00:00,california,synoptic,low_near,t1,q850_trace,precip_only,q850,50.72747747747748,254.32046739745803,8.604457434557844e-06,,4.947642803192139,4.971206188201904,4.931270122528076,0.023563385009765625,-0.0163726806640625,0.019968032836914062,0.0035953521728515625,0.019968032836914062,True,dec_s1,decoder,1,10,0.012387642869725823,0.007386078359559178,0.008136227168142796,0.00614618263207376,0.3479365538184339,0.5726616026813157,1.0,850,0.0,0.22380313425656345,1.0,0.5443047756764156,0.45569522432358445
california_2020-12-13T18:00:00,california,synoptic,low_near,t1,q850_trace,precip_only,q850,50.72747747747748,254.32046739745803,8.604457434557844e-06,,4.947642803192139,4.971206188201904,4.931270122528076,0.023563385009765625,-0.0163726806640625,0.019968032836914062,0.0035953521728515625,0.019968032836914062,True,dec_s2,decoder,2,6,0.03494340429703394,0.026631935499608517,0.026665231833855312,0.015941523015499115,0.5259431761255279,0.6259651418127586,1.0,850,0.0,0.22380313425656345,1.0,0.5443047756764156,0.45569522432358445
canterbury_plain_2020-02-22T06:00:00,canterbury_plain,local,hotspot,t1,precip_trace,precip_only,q850,-43.52252252252252,172.2004848495109,6.510733510367572e-05,2.11,4.565371036529541,4.587724685668945,4.567209720611572,0.022353649139404297,0.00183868408203125,0.010257482528686523,0.012096166610717773,0.012096166610717773,False,enc_s0,encoder,0,6,0.0019397811265662313,0.000502699146939752,0.0009439056933236619,0.0010593098898728688,-0.23417969540716754,0.46905356456944863,,,,,,,
canterbury_plain_2020-02-22T06:00:00,canterbury_plain,local,hotspot,t1,precip_trace,precip_only,q850,-43.52252252252252,172.2004848495109,6.510733510367572e-05,2.11,4.565371036529541,4.587724685668945,4.567209720611572,0.022353649139404297,0.00183868408203125,0.010257482528686523,0.012096166610717773,0.012096166610717773,False,enc_s1,encoder,1,10,0.0017878310638479889,0.0012475303054088726,0.000850918999640271,0.0012960432679392398,-0.34796026194589974,0.4187685954402599,,,,,,,
canterbury_plain_2020-02-22T06:00:00,canterbury_plain,local,hotspot,t1,precip_trace,precip_only,q850,-43.52252252252252,172.2004848495109,6.510733510367572e-05,2.11,4.565371036529541,4.587724685668945,4.567209720611572,0.022353649139404297,0.00183868408203125,0.010257482528686523,0.012096166610717773,0.012096166610717773,False,enc_s2,encoder,2,8,0.0008401777522522025,0.000728930754121393,0.0004188921993772965,0.0006657009507762268,-0.44217317236306297,0.3863005627746634,,,,,,,
canterbury_plain_2020-02-22T06:00:00,canterbury_plain,local,hotspot,t1,precip_trace,precip_only,q850,-43.52252252252252,172.2004848495109,6.510733510367572e-05,2.11,4.565371036529541,4.587724685668945,4.567209720611572,0.022353649139404297,0.00183868408203125,0.010257482528686523,0.012096166610717773,0.012096166610717773,False,dec_s0,decoder,0,8,0.0014353795268107206,0.0013274318334879354,0.0007162792680901475,0.0011824558314401656,-0.4703301192167838,0.3775700645969065,,,,,,,
canterbury_plain_2020-02-22T06:00:00,canterbury_plain,local,hotspot,t1,precip_trace,precip_only,q850,-43.52252252252252,172.2004848495109,6.510733510367572e-05,2.11,4.565371036529541,4.587724685668945,4.567209720611572,0.022353649139404297,0.00183868408203125,0.010257482528686523,0.012096166610717773,0.012096166610717773,False,dec_s1,decoder,1,10,0.0024141550413332878,0.0023622357985004783,0.0012062822584994136,0.002061319793574512,-0.5041597691132174,0.36925535528507425,,,,,,,
canterbury_plain_2020-02-22T06:00:00,canterbury_plain,local,hotspot,t1,precip_trace,precip_only,q850,-43.52252252252252,172.2004848495109,6.510733510367572e-05,2.11,4.565371036529541,4.587724685668945,4.567209720611572,0.022353649139404297,0.00183868408203125,0.010257482528686523,0.012096166610717773,0.012096166610717773,False,dec_s2,decoder,2,6,0.006664771819487214,0.006070990891506274,0.003319576111001273,0.005442762669796745,-0.48611620268521266,0.37867361999796795,,,,,,,
canterbury_plain_2020-02-22T06:00:00,canterbury_plain,local,hotspot,t1,q850_trace,precip_only,q850,-43.52252252252252,172.2004848495109,6.510733510367572e-05,,4.565371036529541,5.5481414794921875,2.378699779510498,0.9827704429626465,-2.186671257019043,1.5847208499908447,-0.6019504070281982,1.5847208499908447,True,enc_s0,encoder,0,6,0.007103369027997057,0.00697383393223087,0.006737617775797844,0.002035896177403629,0.8375813886533291,0.7669109143947433,1.0,850,0.0,0.004004004004004004,1.0,0.9969186910641771,0.0030813089358229205
canterbury_plain_2020-02-22T06:00:00,canterbury_plain,local,hotspot,t1,q850_trace,precip_only,q850,-43.52252252252252,172.2004848495109,6.510733510367572e-05,,4.565371036529541,5.5481414794921875,2.378699779510498,0.9827704429626465,-2.186671257019043,1.5847208499908447,-0.6019504070281982,1.5847208499908447,True,enc_s1,encoder,1,10,0.006289784610271454,0.004236175934784115,0.00448704396840185,0.002890807227231562,0.49565210117357006,0.6232495097261767,1.0,850,0.0,0.004004004004004004,1.0,0.9969186910641771,0.0030813089358229205
canterbury_plain_2020-02-22T06:00:00,canterbury_plain,local,hotspot,t1,q850_trace,precip_only,q850,-43.52252252252252,172.2004848495109,6.510733510367572e-05,,4.565371036529541,5.5481414794921875,2.378699779510498,0.9827704429626465,-2.186671257019043,1.5847208499908447,-0.6019504070281982,1.5847208499908447,True,enc_s2,encoder,2,8,0.0032012842420954257,0.002097876465995796,0.0022190817107912153,0.0015493727260036394,0.38684997369967344,0.5890727154321089,1.0,850,0.0,0.004004004004004004,1.0,0.9969186910641771,0.0030813089358229205
canterbury_plain_2020-02-22T06:00:00,canterbury_plain,local,hotspot,t1,q850_trace,precip_only,q850,-43.52252252252252,172.2004848495109,6.510733510367572e-05,,4.565371036529541,5.5481414794921875,2.378699779510498,0.9827704429626465,-2.186671257019043,1.5847208499908447,-0.6019504070281982,1.5847208499908447,True,dec_s0,decoder,0,8,0.0049341804115101695,0.003103672672295943,0.0032696658454369754,0.0025109590496867895,0.29713619997028295,0.565848297755195,1.0,850,0.0,0.004004004004004004,1.0,0.9969186910641771,0.0030813089358229205
canterbury_plain_2020-02-22T06:00:00,canterbury_plain,local,hotspot,t1,q850_trace,precip_only,q850,-43.52252252252252,172.2004848495109,6.510733510367572e-05,,4.565371036529541,5.5481414794921875,2.378699779510498,0.9827704429626465,-2.186671257019043,1.5847208499908447,-0.6019504070281982,1.5847208499908447,True,dec_s1,decoder,1,10,0.0044525771401822565,0.004131040582433343,0.0033543261932209136,0.00268167465692386,0.22501006864896622,0.5536654352935957,1.0,850,0.0,0.004004004004004004,1.0,0.9969186910641771,0.0030813089358229205
canterbury_plain_2020-02-22T06:00:00,canterbury_plain,local,hotspot,t1,q850_trace,precip_only,q850,-43.52252252252252,172.2004848495109,6.510733510367572e-05,,4.565371036529541,5.5481414794921875,2.378699779510498,0.9827704429626465,-2.186671257019043,1.5847208499908447,-0.6019504070281982,1.5847208499908447,True,dec_s2,decoder,2,6,0.015084210317581892,0.015520709721992413,0.01305447006598115,0.007986337101707855,0.5058202437307352,0.6206289107881862,1.0,850,0.0,0.004004004004004004,1.0,0.9969186910641771,0.0030813089358229205
canterbury_plain_2020-02-22T06:00:00,canterbury_plain,local,low_near,t1,precip_trace,precip_only,q850,-56.02252252252252,184.7004848495109,9.628978432374424e-07,2.11,4.565371036529541,4.563361167907715,4.567880630493164,-0.002009868621826172,0.002509593963623047,-0.0022597312927246094,0.0002498626708984375,0.0022597312927246094,True,enc_s0,encoder,0,6,0.0021706937501827874,0.0005092026112833992,0.0010607538861222565,0.0011689035163726658,-0.21499671268013798,0.4739088823388453,,,,,,,
canterbury_plain_2020-02-22T06:00:00,canterbury_plain,local,low_near,t1,precip_trace,precip_only,q850,-56.02252252252252,184.7004848495109,9.628978432374424e-07,2.11,4.565371036529541,4.563361167907715,4.567880630493164,-0.002009868621826172,0.002509593963623047,-0.0022597312927246094,0.0002498626708984375,0.0022597312927246094,True,enc_s1,encoder,1,10,0.0016989855444990098,0.0012218551069963723,0.0008073934644926339,0.0012466590385884046,-0.36452018410245224,0.41379304368064834,,,,,,,
canterbury_plain_2020-02-22T06:00:00,canterbury_plain,local,low_near,t1,precip_trace,precip_only,q850,-56.02252252252252,184.7004848495109,9.628978432374424e-07,2.11,4.565371036529541,4.563361167907715,4.567880630493164,-0.002009868621826172,0.002509593963623047,-0.0022597312927246094,0.0002498626708984375,0.0022597312927246094,True,enc_s2,encoder,2,8,0.0008668890295666642,0.0007117797213140875,0.0004331607196945697,0.0006644210370723158,-0.4155847509213495,0.3947554509626558,,,,,,,
canterbury_plain_2020-02-22T06:00:00,canterbury_plain,local,low_near,t1,precip_trace,precip_only,q850,-56.02252252252252,184.7004848495109,9.628978432374424e-07,2.11,4.565371036529541,4.563361167907715,4.567880630493164,-0.002009868621826172,0.002509593963623047,-0.0022597312927246094,0.0002498626708984375,0.0022597312927246094,True,dec_s0,decoder,0,8,0.0014674242702312768,0.0013113916502334177,0.0007338973955484107,0.00118239159201039,-0.45195080416746747,0.3834125782625659,,,,,,,
canterbury_plain_2020-02-22T06:00:00,canterbury_plain,local,low_near,t1,precip_trace,precip_only,q850,-56.02252252252252,184.7004848495109,9.628978432374424e-07,2.11,4.565371036529541,4.563361167907715,4.567880630493164,-0.002009868621826172,0.002509593963623047,-0.0022597312927246094,0.0002498626708984375,0.0022597312927246094,True,dec_s1,decoder,1,10,0.002436299901455641,0.002350111026316881,0.0012174490781035273,0.0020608534337952732,-0.49680983567356585,0.3715434219082069,,,,,,,
canterbury_plain_2020-02-22T06:00:00,canterbury_plain,local,low_near,t1,precip_trace,precip_only,q850,-56.02252252252252,184.7004848495109,9.628978432374424e-07,2.11,4.565371036529541,4.563361167907715,4.567880630493164,-0.002009868621826172,0.002509593963623047,-0.0022597312927246094,0.0002498626708984375,0.0022597312927246094,True,dec_s2,decoder,2,6,0.006667162058874965,0.006037150975316763,0.003318119910545647,0.0054263096147527294,-0.48432152099771403,0.3792901786608316,,,,,,,
canterbury_plain_2020-02-22T06:00:00,canterbury_plain,local,low_near,t1,q850_trace,precip_only,q850,-56.02252252252252,184.7004848495109,9.628978432374424e-07,,4.565371036529541,4.562493801116943,4.565059661865234,-0.0028772354125976562,-0.0003113746643066406,-0.0012829303741455078,-0.0015943050384521484,0.0015943050384521484,False,enc_s0,encoder,0,6,0.006484244872505466,0.006616071177025636,0.006311986284951369,0.0017608993027048807,0.8649188654463112,0.7814890561457816,1.0,850,0.0,0.03602676273803397,1.0,0.9499751468604074,0.05002485313959263
canterbury_plain_2020-02-22T06:00:00,canterbury_plain,local,low_near,t1,q850_trace,precip_only,q850,-56.02252252252252,184.7004848495109,9.628978432374424e-07,,4.565371036529541,4.562493801116943,4.565059661865234,-0.0028772354125976562,-0.0003113746643066406,-0.0012829303741455078,-0.0015943050384521484,0.0015943050384521484,False,enc_s1,encoder,1,10,0.00635495837777853,0.004279459593817592,0.004615100030787289,0.0028021740494295956,0.5336158820893654,0.6345944325453681,1.0,850,0.0,0.03602676273803397,1.0,0.9499751468604074,0.05002485313959263
canterbury_plain_2020-02-22T06:00:00,canterbury_plain,local,low_near,t1,q850_trace,precip_only,q850,-56.02252252252252,184.7004848495109,9.628978432374424e-07,,4.565371036529541,4.562493801116943,4.565059661865234,-0.0028772354125976562,-0.0003113746643066406,-0.0012829303741455078,-0.0015943050384521484,0.0015943050384521484,False,enc_s2,encoder,2,8,0.002895552635891363,0.0021180481126066297,0.002153938025003299,0.0013400110474321991,0.4755665626169494,0.6166625691449916,1.0,850,0.0,0.03602676273803397,1.0,0.9499751468604074,0.05002485313959263
canterbury_plain_2020-02-22T06:00:00,canterbury_plain,local,low_near,t1,q850_trace,precip_only,q850,-56.02252252252252,184.7004848495109,9.628978432374424e-07,,4.565371036529541,4.562493801116943,4.565059661865234,-0.0028772354125976562,-0.0003113746643066406,-0.0012829303741455078,-0.0015943050384521484,0.0015943050384521484,False,dec_s0,decoder,0,8,0.004598342347890139,0.003169271512888372,0.003220268408767879,0.0022868295054649934,0.3645566546015907,0.5848860641272262,1.0,850,0.0,0.03602676273803397,1.0,0.9499751468604074,0.05002485313959263
canterbury_plain_2020-02-22T06:00:00,canterbury_plain,local,low_near,t1,q850_trace,precip_only,q850,-56.02252252252252,184.7004848495109,9.628978432374424e-07,,4.565371036529541,4.562493801116943,4.565059661865234,-0.0028772354125976562,-0.0003113746643066406,-0.0012829303741455078,-0.0015943050384521484,0.0015943050384521484,False,dec_s1,decoder,1,10,0.004878042871132493,0.0046768041094765065,0.0037595412693917753,0.0029493947862647475,0.26207837437274834,0.5624335154219401,1.0,850,0.0,0.03602676273803397,1.0,0.9499751468604074,0.05002485313959263
canterbury_plain_2020-02-22T06:00:00,canterbury_plain,local,low_near,t1,q850_trace,precip_only,q850,-56.02252252252252,184.7004848495109,9.628978432374424e-07,,4.565371036529541,4.562493801116943,4.565059661865234,-0.0028772354125976562,-0.0003113746643066406,-0.0012829303741455078,-0.0015943050384521484,0.0015943050384521484,False,dec_s2,decoder,2,6,0.014828038246681293,0.015999494586139917,0.013124754652380943,0.008103479631245136,0.5003728825396504,0.6184346758444758,1.0,850,0.0,0.03602676273803397,1.0,0.9499751468604074,0.05002485313959263
canterbury_plain_2020-02-22T06:00:00,canterbury_plain,synoptic,hotspot,t1,precip_trace,precip_only,q850,-46.02252252252252,172.2004848495109,0.00011775813618442044,2.11,4.565371036529541,4.588824272155762,4.565235137939453,0.023453235626220703,-0.00013589859008789062,0.011794567108154297,0.011658668518066406,0.011794567108154297,True,enc_s0,encoder,0,6,0.00451547132494549,0.0006092071998864412,0.002247308846563101,0.0023121523942487934,-0.10405993316664891,0.4920952384340182,,,,,,,
canterbury_plain_2020-02-22T06:00:00,canterbury_plain,synoptic,hotspot,t1,precip_trace,precip_only,q850,-46.02252252252252,172.2004848495109,0.00011775813618442044,2.11,4.565371036529541,4.588824272155762,4.565235137939453,0.023453235626220703,-0.00013589859008789062,0.011794567108154297,0.011658668518066406,0.011794567108154297,True,enc_s1,encoder,1,10,0.0031558630289509892,0.0016005755809601397,0.0015525884926319122,0.0019908397225663066,-0.25255610180538124,0.44913220591673875,,,,,,,
canterbury_plain_2020-02-22T06:00:00,canterbury_plain,synoptic,hotspot,t1,precip_trace,precip_only,q850,-46.02252252252252,172.2004848495109,0.00011775813618442044,2.11,4.565371036529541,4.588824272155762,4.565235137939453,0.023453235626220703,-0.00013589859008789062,0.011794567108154297,0.011658668518066406,0.011794567108154297,True,enc_s2,encoder,2,8,0.0013504883245332167,0.0008799635761533864,0.0006755028007319197,0.0009180644774460234,-0.3294572478418327,0.4239857894501057,,,,,,,
canterbury_plain_2020-02-22T06:00:00,canterbury_plain,synoptic,hotspot,t1,precip_trace,precip_only,q850,-46.02252252252252,172.2004848495109,0.00011775813618442044,2.11,4.565371036529541,4.588824272155762,4.565235137939453,0.023453235626220703,-0.00013589859008789062,0.011794567108154297,0.011658668518066406,0.011794567108154297,True,dec_s0,decoder,0,8,0.001988372518098913,0.0014662348694400862,0.0009944719859049655,0.001436458682292141,-0.3732417908615083,0.4096593980697767,,,,,,,
canterbury_plain_2020-02-22T06:00:00,canterbury_plain,synoptic,hotspot,t1,precip_trace,precip_only,q850,-46.02252252252252,172.2004848495109,0.00011775813618442044,2.11,4.565371036529541,4.588824272155762,4.565235137939453,0.023453235626220703,-0.00013589859008789062,0.011794567108154297,0.011658668518066406,0.011794567108154297,True,dec_s1,decoder,1,10,0.002764359291177243,0.0024236072902567686,0.0013822196458932012,0.002201674191746861,-0.45161253155665654,0.3860883001947909,,,,,,,
canterbury_plain_2020-02-22T06:00:00,canterbury_plain,synoptic,hotspot,t1,precip_trace,precip_only,q850,-46.02252252252252,172.2004848495109,0.00011775813618442044,2.11,4.565371036529541,4.588824272155762,4.565235137939453,0.023453235626220703,-0.00013589859008789062,0.011794567108154297,0.011658668518066406,0.011794567108154297,True,dec_s2,decoder,2,6,0.008752247163405022,0.006197864189743996,0.0043663508258759975,0.006204521516337991,-0.38436647167736154,0.4123372551958256,,,,,,,
canterbury_plain_2020-02-22T06:00:00,canterbury_plain,synoptic,hotspot,t1,q850_trace,precip_only,q850,-46.02252252252252,172.2004848495109,0.00011775813618442044,,4.565371036529541,5.767221450805664,2.026822805404663,1.201850414276123,-2.538548231124878,1.8701993227005005,-0.6683489084243774,1.8701993227005005,True,enc_s0,encoder,0,6,0.017443999958535034,0.016922281744579475,0.016443831846117973,0.005002763122320175,0.8321982123295016,0.7658561351672527,1.0,850,0.0,0.024850756629182284,0.999999910201222,0.9735137606300426,0.026486151949603486
canterbury_plain_2020-02-22T06:00:00,canterbury_plain,synoptic,hotspot,t1,q850_trace,precip_only,q850,-46.02252252252252,172.2004848495109,0.00011775813618442044,,4.565371036529541,5.767221450805664,2.026822805404663,1.201850414276123,-2.538548231124878,1.8701993227005005,-0.6683489084243774,1.8701993227005005,True,enc_s1,encoder,1,10,0.014820080250501633,0.009530211519449949,0.010648634098470212,0.0064116200665012,0.5424658431797698,0.6334719021868528,1.0,850,0.0,0.024850756629182284,0.999999910201222,0.9735137606300426,0.026486151949603486
canterbury_plain_2020-02-22T06:00:00,canterbury_plain,synoptic,hotspot,t1,q850_trace,precip_only,q850,-46.02252252252252,172.2004848495109,0.00011775813618442044,,4.565371036529541,5.767221450805664,2.026822805404663,1.201850414276123,-2.538548231124878,1.8701993227005005,-0.6683489084243774,1.8701993227005005,True,enc_s2,encoder,2,8,0.007282647187821567,0.004541671485640109,0.005133154045324773,0.003237780852941796,0.48984526805715034,0.6134056344916698,1.0,850,0.0,0.024850756629182284,0.999999910201222,0.9735137606300426,0.026486151949603486
canterbury_plain_2020-02-22T06:00:00,canterbury_plain,synoptic,hotspot,t1,q850_trace,precip_only,q850,-46.02252252252252,172.2004848495109,0.00011775813618442044,,4.565371036529541,5.767221450805664,2.026822805404663,1.201850414276123,-2.538548231124878,1.8701993227005005,-0.6683489084243774,1.8701993227005005,True,dec_s0,decoder,0,8,0.010565857752226293,0.0062787014176137745,0.007202849781606346,0.004863743262831122,0.4353251730743295,0.5969482517182519,1.0,850,0.0,0.024850756629182284,0.999999910201222,0.9735137606300426,0.026486151949603486
canterbury_plain_2020-02-22T06:00:00,canterbury_plain,synoptic,hotspot,t1,q850_trace,precip_only,q850,-46.02252252252252,172.2004848495109,0.00011775813618442044,,4.565371036529541,5.767221450805664,2.026822805404663,1.201850414276123,-2.538548231124878,1.8701993227005005,-0.6683489084243774,1.8701993227005005,True,dec_s1,decoder,1,10,0.010102941561490298,0.00872316313907504,0.007940507680177688,0.005096771474927664,0.46752583470103487,0.6147435050614984,1.0,850,0.0,0.024850756629182284,0.999999910201222,0.9735137606300426,0.026486151949603486
canterbury_plain_2020-02-22T06:00:00,canterbury_plain,synoptic,hotspot,t1,q850_trace,precip_only,q850,-46.02252252252252,172.2004848495109,0.00011775813618442044,,4.565371036529541,5.767221450805664,2.026822805404663,1.201850414276123,-2.538548231124878,1.8701993227005005,-0.6683489084243774,1.8701993227005005,True,dec_s2,decoder,2,6,0.034283604472875595,0.03442774899303913,0.030756614170968533,0.01529793239509066,0.630483170076105,0.6682794432402533,1.0,850,0.0,0.024850756629182284,0.999999910201222,0.9735137606300426,0.026486151949603486
canterbury_plain_2020-02-22T06:00:00,canterbury_plain,synoptic,low_near,t1,precip_trace,precip_only,q850,-61.02252252252252,172.2004848495109,8.954866643762216e-06,2.11,4.565371036529541,4.565504550933838,4.565183639526367,0.000133514404296875,-0.00018739700317382812,0.00016045570373535156,-2.6941299438476562e-05,0.00016045570373535156,True,enc_s0,encoder,0,6,0.005509733998527129,0.000632099894573912,0.0027466121052081385,0.0028020908357575536,-0.08542847867149343,0.49444797080331315,,,,,,,
canterbury_plain_2020-02-22T06:00:00,canterbury_plain,synoptic,low_near,t1,precip_trace,precip_only,q850,-61.02252252252252,172.2004848495109,8.954866643762216e-06,2.11,4.565371036529541,4.565504550933838,4.565183639526367,0.000133514404296875,-0.00018739700317382812,0.00016045570373535156,-2.6941299438476562e-05,0.00016045570373535156,True,enc_s1,encoder,1,10,0.0029424811713397504,0.0015913089795503766,0.0014433526084758341,0.0018953621736727655,-0.2707163243966353,0.4439598412369946,,,,,,,
canterbury_plain_2020-02-22T06:00:00,canterbury_plain,synoptic,low_near,t1,precip_trace,precip_only,q850,-61.02252252252252,172.2004848495109,8.954866643762216e-06,2.11,4.565371036529541,4.565504550933838,4.565183639526367,0.000133514404296875,-0.00018739700317382812,0.00016045570373535156,-2.6941299438476562e-05,0.00016045570373535156,True,enc_s2,encoder,2,8,0.0014762765495106578,0.0008765124657656997,0.0007378559821518138,0.0009640926582505926,-0.3014817396718372,0.43362072230645404,,,,,,,
canterbury_plain_2020-02-22T06:00:00,canterbury_plain,synoptic,low_near,t1,precip_trace,precip_only,q850,-61.02252252252252,172.2004848495109,8.954866643762216e-06,2.11,4.565371036529541,4.565504550933838,4.565183639526367,0.000133514404296875,-0.00018739700317382812,0.00016045570373535156,-2.6941299438476562e-05,0.00016045570373535156,True,dec_s0,decoder,0,8,0.0021887849434278905,0.0014652072422904894,0.0010935905957012437,0.0015077884017955512,-0.3405422104010408,0.42087140771628617,,,,,,,
canterbury_plain_2020-02-22T06:00:00,canterbury_plain,synoptic,low_near,t1,precip_trace,precip_only,q850,-61.02252252252252,172.2004848495109,8.954866643762216e-06,2.11,4.565371036529541,4.565504550933838,4.565183639526367,0.000133514404296875,-0.00018739700317382812,0.00016045570373535156,-2.6941299438476562e-05,0.00016045570373535156,True,dec_s1,decoder,1,10,0.002799616160336882,0.002415401872713119,0.0013994975539389997,0.0022085912292823195,-0.4436339877865792,0.38868308254190936,,,,,,,
canterbury_plain_2020-02-22T06:00:00,canterbury_plain,synoptic,low_near,t1,precip_trace,precip_only,q850,-61.02252252252252,172.2004848495109,8.954866643762216e-06,2.11,4.565371036529541,4.565504550933838,4.565183639526367,0.000133514404296875,-0.00018739700317382812,0.00016045570373535156,-2.6941299438476562e-05,0.00016045570373535156,True,dec_s2,decoder,2,6,0.008318639282758037,0.0061670769937336445,0.004151054231139521,0.006032717181369662,-0.39797402854283487,0.4074310296699822,,,,,,,
canterbury_plain_2020-02-22T06:00:00,canterbury_plain,synoptic,low_near,t1,q850_trace,precip_only,q850,-61.02252252252252,172.2004848495109,8.954866643762216e-06,,4.565371036529541,4.601867198944092,4.511790752410889,0.03649616241455078,-0.053580284118652344,0.04503822326660156,-0.008542060852050781,0.04503822326660156,True,enc_s0,encoder,0,6,0.02301816052446763,0.023685884661972523,0.02211181229601304,0.007578163951014479,0.7935337162253487,0.7444026636606925,1.0,850,0.0,0.07634327346005541,1.0,0.9170534840505181,0.08294651594948192
canterbury_plain_2020-02-22T06:00:00,canterbury_plain,synoptic,low_near,t1,q850_trace,precip_only,q850,-61.02252252252252,172.2004848495109,8.954866643762216e-06,,4.565371036529541,4.601867198944092,4.511790752410889,0.03649616241455078,-0.053580284118652344,0.04503822326660156,-0.008542060852050781,0.04503822326660156,True,enc_s1,encoder,1,10,0.02138126352801919,0.01370004303753376,0.0148377506993711,0.010002085380256176,0.44119221028085215,0.6070029840311382,1.0,850,0.0,0.07634327346005541,1.0,0.9170534840505181,0.08294651594948192
canterbury_plain_2020-02-22T06:00:00,canterbury_plain,synoptic,low_near,t1,q850_trace,precip_only,q850,-61.02252252252252,172.2004848495109,8.954866643762216e-06,,4.565371036529541,4.601867198944092,4.511790752410889,0.03649616241455078,-0.053580284118652344,0.04503822326660156,-0.008542060852050781,0.04503822326660156,True,enc_s2,encoder,2,8,0.010466051520779729,0.007518216094467789,0.007637746457476169,0.00496936816489324,0.4330254511242201,0.6060201496088651,1.0,850,0.0,0.07634327346005541,1.0,0.9170534840505181,0.08294651594948192
canterbury_plain_2020-02-22T06:00:00,canterbury_plain,synoptic,low_near,t1,q850_trace,precip_only,q850,-61.02252252252252,172.2004848495109,8.954866643762216e-06,,4.565371036529541,4.601867198944092,4.511790752410889,0.03649616241455078,-0.053580284118652344,0.04503822326660156,-0.008542060852050781,0.04503822326660156,True,dec_s0,decoder,0,8,0.014913389692083001,0.010857745073735714,0.010735718882642686,0.0074090794078074396,0.3780788941431621,0.5917381614142653,1.0,850,0.0,0.07634327346005541,1.0,0.9170534840505181,0.08294651594948192
canterbury_plain_2020-02-22T06:00:00,canterbury_plain,synoptic,low_near,t1,q850_trace,precip_only,q850,-61.02252252252252,172.2004848495109,8.954866643762216e-06,,4.565371036529541,4.601867198944092,4.511790752410889,0.03649616241455078,-0.053580284118652344,0.04503822326660156,-0.008542060852050781,0.04503822326660156,True,dec_s1,decoder,1,10,0.013718168949708343,0.014294795272871853,0.011243864614516496,0.00834130309522152,0.33150983086536623,0.5824915549136532,1.0,850,0.0,0.07634327346005541,1.0,0.9170534840505181,0.08294651594948192
canterbury_plain_2020-02-22T06:00:00,canterbury_plain,synoptic,low_near,t1,q850_trace,precip_only,q850,-61.02252252252252,172.2004848495109,8.954866643762216e-06,,4.565371036529541,4.601867198944092,4.511790752410889,0.03649616241455078,-0.053580284118652344,0.04503822326660156,-0.008542060852050781,0.04503822326660156,True,dec_s2,decoder,2,6,0.03642369247972965,0.04415617696940899,0.03482512074212233,0.020612502470612526,0.5084193239450657,0.6285749146232646,1.0,850,0.0,0.07634327346005541,1.0,0.9170534840505181,0.08294651594948192
cascades_sierra_2020-11-13T18:00:00,cascades_sierra,local,hotspot,t1,precip_trace,precip_only,q850,41.97747747747748,239.69295654039695,7.42684060242027e-05,2.11,4.549033164978027,4.558157920837402,4.548933029174805,0.009124755859375,-0.00010013580322265625,0.004612445831298828,0.004512310028076172,0.004612445831298828,True,enc_s0,encoder,0,6,0.0019530947126137714,0.0004969591488285611,0.0009533887011154244,0.001061395926323409,-0.2216867509227246,0.47128957495246987,,,,,,,
cascades_sierra_2020-11-13T18:00:00,cascades_sierra,local,hotspot,t1,precip_trace,precip_only,q850,41.97747747747748,239.69295654039695,7.42684060242027e-05,2.11,4.549033164978027,4.558157920837402,4.548933029174805,0.009124755859375,-0.00010013580322265625,0.004612445831298828,0.004512310028076172,0.004612445831298828,True,enc_s1,encoder,1,10,0.0017446345183998347,0.0012828649749280884,0.0008330857905093581,0.0012947537237778307,-0.3590828695008859,0.41473024531854585,,,,,,,
cascades_sierra_2020-11-13T18:00:00,cascades_sierra,local,hotspot,t1,precip_trace,precip_only,q850,41.97747747747748,239.69295654039695,7.42684060242027e-05,2.11,4.549033164978027,4.558157920837402,4.548933029174805,0.009124755859375,-0.00010013580322265625,0.004612445831298828,0.004512310028076172,0.004612445831298828,True,enc_s2,encoder,2,8,0.0007889255284680985,0.0007195645666797645,0.0003932977379008662,0.0006445218969020061,-0.4646144468553935,0.37901651592350466,,,,,,,
cascades_sierra_2020-11-13T18:00:00,cascades_sierra,local,hotspot,t1,precip_trace,precip_only,q850,41.97747747747748,239.69295654039695,7.42684060242027e-05,2.11,4.549033164978027,4.558157920837402,4.548933029174805,0.009124755859375,-0.00010013580322265625,0.004612445831298828,0.004512310028076172,0.004612445831298828,True,dec_s0,decoder,0,8,0.0013719124108320102,0.0012993351992918178,0.0006844708768767305,0.0011474835337139666,-0.48280275367854153,0.373778279827368,,,,,,,
cascades_sierra_2020-11-13T18:00:00,cascades_sierra,local,hotspot,t1,precip_trace,precip_only,q850,41.97747747747748,239.69295654039695,7.42684060242027e-05,2.11,4.549033164978027,4.558157920837402,4.548933029174805,0.009124755859375,-0.00010013580322265625,0.004612445831298828,0.004512310028076172,0.004612445831298828,True,dec_s1,decoder,1,10,0.0023667133995331825,0.0023419109871611,0.0011824254295788705,0.00203588135773316,-0.5100991919591027,0.3674878806186822,,,,,,,
cascades_sierra_2020-11-13T18:00:00,cascades_sierra,local,hotspot,t1,precip_trace,precip_only,q850,41.97747747747748,239.69295654039695,7.42684060242027e-05,2.11,4.549033164978027,4.558157920837402,4.548933029174805,0.009124755859375,-0.00010013580322265625,0.004612445831298828,0.004512310028076172,0.004612445831298828,True,dec_s2,decoder,2,6,0.006339652619014184,0.005941546366860469,0.0031609132032220564,0.005268376475820939,-0.49908532402496353,0.3749397216685641,,,,,,,
cascades_sierra_2020-11-13T18:00:00,cascades_sierra,local,hotspot,t1,q850_trace,precip_only,q850,41.97747747747748,239.69295654039695,7.42684060242027e-05,,4.549033164978027,5.008613109588623,4.065053939819336,0.4595799446105957,-0.4839792251586914,0.47177958488464355,-0.012199640274047852,0.47177958488464355,True,enc_s0,encoder,0,6,0.0058454776493211584,0.006381523484985034,0.005861101284002264,0.0017534345970489085,0.8452255321744642,0.7686211124606009,1.0,850,0.0,0.01574264202600958,1.0,0.9932579096003352,0.006742090399664751
cascades_sierra_2020-11-13T18:00:00,cascades_sierra,local,hotspot,t1,q850_trace,precip_only,q850,41.97747747747748,239.69295654039695,7.42684060242027e-05,,4.549033164978027,5.008613109588623,4.065053939819336,0.4595799446105957,-0.4839792251586914,0.47177958488464355,-0.012199640274047852,0.47177958488464355,True,enc_s1,encoder,1,10,0.005357227195054293,0.0044429006287828084,0.004208845971152187,0.002512038697022945,0.527450237804421,0.6411827256031266,1.0,850,0.0,0.01574264202600958,1.0,0.9932579096003352,0.006742090399664751
cascades_sierra_2020-11-13T18:00:00,cascades_sierra,local,hotspot,t1,q850_trace,precip_only,q850,41.97747747747748,239.69295654039695,7.42684060242027e-05,,4.549033164978027,5.008613109588623,4.065053939819336,0.4595799446105957,-0.4839792251586914,0.47177958488464355,-0.012199640274047852,0.47177958488464355,True,enc_s2,encoder,2,8,0.0022537163458764553,0.0020067339937668294,0.0017844626563601196,0.0011700189643306658,0.4135558608981838,0.6040256770495849,1.0,850,0.0,0.01574264202600958,1.0,0.9932579096003352,0.006742090399664751
cascades_sierra_2020-11-13T18:00:00,cascades_sierra,local,hotspot,t1,q850_trace,precip_only,q850,41.97747747747748,239.69295654039695,7.42684060242027e-05,,4.549033164978027,5.008613109588623,4.065053939819336,0.4595799446105957,-0.4839792251586914,0.47177958488464355,-0.012199640274047852,0.47177958488464355,True,dec_s0,decoder,0,8,0.003485259658191353,0.0032543817651458085,0.002800763613777235,0.0018776422657538205,0.3949913990317857,0.5988217541921435,1.0,850,0.0,0.01574264202600958,1.0,0.9932579096003352,0.006742090399664751
cascades_sierra_2020-11-13T18:00:00,cascades_sierra,local,hotspot,t1,q850_trace,precip_only,q850,41.97747747747748,239.69295654039695,7.42684060242027e-05,,4.549033164978027,5.008613109588623,4.065053939819336,0.4595799446105957,-0.4839792251586914,0.47177958488464355,-0.012199640274047852,0.47177958488464355,True,dec_s1,decoder,1,10,0.003690166585147381,0.004169175354763866,0.0030499516753479837,0.002488939859904349,0.20211612060833678,0.5478893788913274,1.0,850,0.0,0.01574264202600958,1.0,0.9932579096003352,0.006742090399664751
cascades_sierra_2020-11-13T18:00:00,cascades_sierra,local,hotspot,t1,q850_trace,precip_only,q850,41.97747747747748,239.69295654039695,7.42684060242027e-05,,4.549033164978027,5.008613109588623,4.065053939819336,0.4595799446105957,-0.4839792251586914,0.47177958488464355,-0.012199640274047852,0.47177958488464355,True,dec_s2,decoder,2,6,0.012118374928832054,0.013928619058181843,0.010909403984745344,0.007170484013234575,0.46280833237806657,0.6034284303702054,1.0,850,0.0,0.01574264202600958,1.0,0.9932579096003352,0.006742090399664751
cascades_sierra_2020-11-13T18:00:00,cascades_sierra,local,low_near,t1,precip_trace,precip_only,q850,51.97747747747748,257.19295654039695,1.0740226343841641e-06,2.11,4.549033164978027,4.548079967498779,4.54746675491333,-0.0009531974792480469,-0.0015664100646972656,0.0003066062927246094,-0.0012598037719726562,0.0012598037719726562,False,enc_s0,encoder,0,6,0.0022358304898565016,0.0005013202123033503,0.0010939920127081375,0.0011972997065943976,-0.207750245675718,0.47600607778233583,,,,,,,
cascades_sierra_2020-11-13T18:00:00,cascades_sierra,local,low_near,t1,precip_trace,precip_only,q850,51.97747747747748,257.19295654039695,1.0740226343841641e-06,2.11,4.549033164978027,4.548079967498779,4.54746675491333,-0.0009531974792480469,-0.0015664100646972656,0.0003066062927246094,-0.0012598037719726562,0.0012598037719726562,False,enc_s1,encoder,1,10,0.001825327076949179,0.001241528446553275,0.000871795299462974,0.0013066604326013476,-0.34054970738029056,0.42136802410773316,,,,,,,
cascades_sierra_2020-11-13T18:00:00,cascades_sierra,local,low_near,t1,precip_trace,precip_only,q850,51.97747747747748,257.19295654039695,1.0740226343841641e-06,2.11,4.549033164978027,4.548079967498779,4.54746675491333,-0.0009531974792480469,-0.0015664100646972656,0.0003066062927246094,-0.0012598037719726562,0.0012598037719726562,False,enc_s2,encoder,2,8,0.0008285967996926047,0.0006906975759193301,0.0004127937318116892,0.0006414323506760411,-0.4262279227242669,0.3916680162270422,,,,,,,
cascades_sierra_2020-11-13T18:00:00,cascades_sierra,local,low_near,t1,precip_trace,precip_only,q850,51.97747747747748,257.19295654039695,1.0740226343841641e-06,2.11,4.549033164978027,4.548079967498779,4.54746675491333,-0.0009531974792480469,-0.0015664100646972656,0.0003066062927246094,-0.0012598037719726562,0.0012598037719726562,False,dec_s0,decoder,0,8,0.0013988221617182717,0.0012741565878968686,0.0006975643991609104,0.0011417475689086132,-0.46463983311583557,0.3796451179953452,,,,,,,
cascades_sierra_2020-11-13T18:00:00,cascades_sierra,local,low_near,t1,precip_trace,precip_only,q850,51.97747747747748,257.19295654039695,1.0740226343841641e-06,2.11,4.549033164978027,4.548079967498779,4.54746675491333,-0.0009531974792480469,-0.0015664100646972656,0.0003066062927246094,-0.0012598037719726562,0.0012598037719726562,False,dec_s1,decoder,1,10,0.0023862139321863653,0.002325777732767165,0.0011906582105439157,0.0020332201616838574,-0.503509761177285,0.36957356740161573,,,,,,,
cascades_sierra_2020-11-13T18:00:00,cascades_sierra,local,low_near,t1,precip_trace,precip_only,q850,51.97747747747748,257.19295654039695,1.0740226343841641e-06,2.11,4.549033164978027,4.548079967498779,4.54746675491333,-0.0009531974792480469,-0.0015664100646972656,0.0003066062927246094,-0.0012598037719726562,0.0012598037719726562,False,dec_s2,decoder,2,6,0.006593028316274285,0.005910658355181416,0.003282619950671991,0.005331776415308316,-0.48130603624931984,0.3809805768640094,,,,,,,
cascades_sierra_2020-11-13T18:00:00,cascades_sierra,local,low_near,t1,q850_trace,precip_only,q850,51.97747747747748,257.19295654039695,1.0740226343841641e-06,,4.549033164978027,4.549232482910156,4.548783302307129,0.00019931793212890625,-0.0002498626708984375,0.00022459030151367188,-2.5272369384765625e-05,0.00022459030151367188,True,enc_s0,encoder,0,6,0.007752868579700589,0.007365540834143758,0.007272446683297555,0.0020721787974859276,0.8575067262227943,0.7775971106414993,1.0,850,0.0,0.15402070628279677,1.0,0.7489339770670717,0.2510660229329284
cascades_sierra_2020-11-13T18:00:00,cascades_sierra,local,low_near,t1,q850_trace,precip_only,q850,51.97747747747748,257.19295654039695,1.0740226343841641e-06,,4.549033164978027,4.549232482910156,4.548783302307129,0.00019931793212890625,-0.0002498626708984375,0.00022459030151367188,-2.5272369384765625e-05,0.00022459030151367188,True,enc_s1,encoder,1,10,0.0053455288987606766,0.004358029179275036,0.004205973842181266,0.002408323052804917,0.5521304766340809,0.6501059680044373,1.0,850,0.0,0.15402070628279677,1.0,0.7489339770670717,0.2510660229329284
cascades_sierra_2020-11-13T18:00:00,cascades_sierra,local,low_near,t1,q850_trace,precip_only,q850,51.97747747747748,257.19295654039695,1.0740226343841641e-06,,4.549033164978027,4.549232482910156,4.548783302307129,0.00019931793212890625,-0.0002498626708984375,0.00022459030151367188,-2.5272369384765625e-05,0.00022459030151367188,True,enc_s2,encoder,2,8,0.002548288262914866,0.0019640385871753097,0.001945074400282465,0.0011796305334428325,0.4925671136799159,0.6227365639148164,1.0,850,0.0,0.15402070628279677,1.0,0.7489339770670717,0.2510660229329284
cascades_sierra_2020-11-13T18:00:00,cascades_sierra,local,low_near,t1,q850_trace,precip_only,q850,51.97747747747748,257.19295654039695,1.0740226343841641e-06,,4.549033164978027,4.549232482910156,4.548783302307129,0.00019931793212890625,-0.0002498626708984375,0.00022459030151367188,-2.5272369384765625e-05,0.00022459030151367188,True,dec_s0,decoder,0,8,0.0035466794506646693,0.0026694607513491064,0.002576822618721053,0.00179188403126318,0.3785977647377482,0.5904415276065083,1.0,850,0.0,0.15402070628279677,1.0,0.7489339770670717,0.2510660229329284
cascades_sierra_2020-11-13T18:00:00,cascades_sierra,local,low_near,t1,q850_trace,precip_only,q850,51.97747747747748,257.19295654039695,1.0740226343841641e-06,,4.549033164978027,4.549232482910156,4.548783302307129,0.00019931793212890625,-0.0002498626708984375,0.00022459030151367188,-2.5272369384765625e-05,0.00022459030151367188,True,dec_s1,decoder,1,10,0.004950007563456893,0.004021783778443933,0.0037137717939913274,0.0025580507237464188,0.3986755715141547,0.5927065795693184,1.0,850,0.0,0.15402070628279677,1.0,0.7489339770670717,0.2510660229329284
cascades_sierra_2020-11-13T18:00:00,cascades_sierra,local,low_near,t1,q850_trace,precip_only,q850,51.97747747747748,257.19295654039695,1.0740226343841641e-06,,4.549033164978027,4.549232482910156,4.548783302307129,0.00019931793212890625,-0.0002498626708984375,0.00022459030151367188,-2.5272369384765625e-05,0.00022459030151367188,True,dec_s2,decoder,2,6,0.018376171278456848,0.016758030590911705,0.016309663963814575,0.006576579452181856,0.8232593582087625,0.7126375660843148,1.0,850,0.0,0.15402070628279677,1.0,0.7489339770670717,0.2510660229329284
cascades_sierra_2020-11-13T18:00:00,cascades_sierra,synoptic,hotspot,t1,precip_trace,precip_only,q850,39.47747747747748,239.69295654039695,0.00013925741950515658,2.11,4.549033164978027,4.560142993927002,4.548259735107422,0.01110982894897461,-0.0007734298706054688,0.005941629409790039,0.00516819953918457,0.005941629409790039,True,enc_s0,encoder,0,6,0.004410905724701782,0.0005942303202270219,0.0021970030114365122,0.0022563635332820318,-0.09759077881209204,0.49264552055669353,,,,,,,
cascades_sierra_2020-11-13T18:00:00,cascades_sierra,synoptic,hotspot,t1,precip_trace,precip_only,q850,39.47747747747748,239.69295654039695,0.00013925741950515658,2.11,4.549033164978027,4.560142993927002,4.548259735107422,0.01110982894897461,-0.0007734298706054688,0.005941629409790039,0.00516819953918457,0.005941629409790039,True,enc_s1,encoder,1,10,0.002987324888817966,0.0015777248656377197,0.0014679895364679396,0.0019112031441181898,-0.26031455359448186,0.4466200540980748,,,,,,,
cascades_sierra_2020-11-13T18:00:00,cascades_sierra,synoptic,hotspot,t1,precip_trace,precip_only,q850,39.47747747747748,239.69295654039695,0.00013925741950515658,2.11,4.549033164978027,4.560142993927002,4.548259735107422,0.01110982894897461,-0.0007734298706054688,0.005941629409790039,0.00516819953918457,0.005941629409790039,True,enc_s2,encoder,2,8,0.0011861722741741687,0.0008525409866706468,0.0005935450826655142,0.0008453712507616729,-0.3641290431062862,0.41257725424897185,,,,,,,
cascades_sierra_2020-11-13T18:00:00,cascades_sierra,synoptic,hotspot,t1,precip_trace,precip_only,q850,39.47747747747748,239.69295654039695,0.00013925741950515658,2.11,4.549033164978027,4.560142993927002,4.548259735107422,0.01110982894897461,-0.0007734298706054688,0.005941629409790039,0.00516819953918457,0.005941629409790039,True,dec_s0,decoder,0,8,0.0018123303598258644,0.0014233562833396718,0.0009063822362804785,0.0013542036613216624,-0.3984117618433125,0.40130334988211747,,,,,,,
cascades_sierra_2020-11-13T18:00:00,cascades_sierra,synoptic,hotspot,t1,precip_trace,precip_only,q850,39.47747747747748,239.69295654039695,0.00013925741950515658,2.11,4.549033164978027,4.560142993927002,4.548259735107422,0.01110982894897461,-0.0007734298706054688,0.005941629409790039,0.00516819953918457,0.005941629409790039,True,dec_s1,decoder,1,10,0.002595937077421695,0.0023975140298716723,0.0012974630983080715,0.0021354622673243283,-0.47568109235743083,0.3784322610096535,,,,,,,
cascades_sierra_2020-11-13T18:00:00,cascades_sierra,synoptic,hotspot,t1,precip_trace,precip_only,q850,39.47747747747748,239.69295654039695,0.00013925741950515658,2.11,4.549033164978027,4.560142993927002,4.548259735107422,0.01110982894897461,-0.0007734298706054688,0.005941629409790039,0.00516819953918457,0.005941629409790039,True,dec_s2,decoder,2,6,0.008566365111619234,0.00605674390681088,0.00428320801195999,0.006060638464987278,-0.3830547173853705,0.41342373493978996,,,,,,,
cascades_sierra_2020-11-13T18:00:00,cascades_sierra,synoptic,hotspot,t1,q850_trace,precip_only,q850,39.47747747747748,239.69295654039695,0.00013925741950515658,,4.549033164978027,5.163060188293457,3.8473050594329834,0.6140270233154297,-0.701728105545044,0.6578775644302368,-0.04385054111480713,0.6578775644302368,True,enc_s0,encoder,0,6,0.01473776064813137,0.015298703374962011,0.014476546086370945,0.004001096938736737,0.8598272337381864,0.7825266007798254,1.0,850,0.0,0.04031361896530436,1.0,0.949947064828067,0.050052935171933
cascades_sierra_2020-11-13T18:00:00,cascades_sierra,synoptic,hotspot,t1,q850_trace,precip_only,q850,39.47747747747748,239.69295654039695,0.00013925741950515658,,4.549033164978027,5.163060188293457,3.8473050594329834,0.6140270233154297,-0.701728105545044,0.6578775644302368,-0.04385054111480713,0.6578775644302368,True,enc_s1,encoder,1,10,0.010950742335990072,0.009336467506363988,0.009046590561047197,0.004611661424860358,0.6216525482909152,0.6719299027744785,1.0,850,0.0,0.04031361896530436,1.0,0.949947064828067,0.050052935171933
cascades_sierra_2020-11-13T18:00:00,cascades_sierra,synoptic,hotspot,t1,q850_trace,precip_only,q850,39.47747747747748,239.69295654039695,0.00013925741950515658,,4.549033164978027,5.163060188293457,3.8473050594329834,0.6140270233154297,-0.701728105545044,0.6578775644302368,-0.04385054111480713,0.6578775644302368,True,enc_s2,encoder,2,8,0.004698954231571406,0.004025746806291863,0.0038291503151413053,0.002116855073836632,0.5549523408550583,0.6441204820926202,1.0,850,0.0,0.04031361896530436,1.0,0.949947064828067,0.050052935171933
cascades_sierra_2020-11-13T18:00:00,cascades_sierra,synoptic,hotspot,t1,q850_trace,precip_only,q850,39.47747747747748,239.69295654039695,0.00013925741950515658,,4.549033164978027,5.163060188293457,3.8473050594329834,0.6140270233154297,-0.701728105545044,0.6578775644302368,-0.04385054111480713,0.6578775644302368,True,dec_s0,decoder,0,8,0.006934541277587414,0.006115997035522014,0.0056910140556283295,0.0032189529738388956,0.5367555625836763,0.6388362091321995,1.0,850,0.0,0.04031361896530436,1.0,0.949947064828067,0.050052935171933
cascades_sierra_2020-11-13T18:00:00,cascades_sierra,synoptic,hotspot,t1,q850_trace,precip_only,q850,39.47747747747748,239.69295654039695,0.00013925741950515658,,4.549033164978027,5.163060188293457,3.8473050594329834,0.6140270233154297,-0.701728105545044,0.6578775644302368,-0.04385054111480713,0.6578775644302368,True,dec_s1,decoder,1,10,0.006607433804310859,0.006827799789607525,0.005807719146832824,0.0033774293609894813,0.5419735478507167,0.6337034665857137,1.0,850,0.0,0.04031361896530436,1.0,0.949947064828067,0.050052935171933
cascades_sierra_2020-11-13T18:00:00,cascades_sierra,synoptic,hotspot,t1,q850_trace,precip_only,q850,39.47747747747748,239.69295654039695,0.00013925741950515658,,4.549033164978027,5.163060188293457,3.8473050594329834,0.6140270233154297,-0.701728105545044,0.6578775644302368,-0.04385054111480713,0.6578775644302368,True,dec_s2,decoder,2,6,0.02514378974835078,0.026101695373654366,0.023369324083129566,0.01051701900238792,0.7172214210550237,0.6897607584834194,1.0,850,0.0,0.04031361896530436,1.0,0.949947064828067,0.050052935171933
cascades_sierra_2020-11-13T18:00:00,cascades_sierra,synoptic,low_near,t1,precip_trace,precip_only,q850,59.47747747747748,239.69295654039695,1.033178068610141e-05,2.11,4.549033164978027,4.545782089233398,4.548685073852539,-0.0032510757446289062,-0.00034809112548828125,-0.0014514923095703125,-0.0017995834350585938,0.0017995834350585938,False,enc_s0,encoder,0,6,0.00580786494538188,0.0006348719180095941,0.002896031403603653,0.002948868825721244,-0.08070107322603744,0.49505344282346725,,,,,,,
cascades_sierra_2020-11-13T18:00:00,cascades_sierra,synoptic,low_near,t1,precip_trace,precip_only,q850,59.47747747747748,239.69295654039695,1.033178068610141e-05,2.11,4.549033164978027,4.545782089233398,4.548685073852539,-0.0032510757446289062,-0.00034809112548828125,-0.0014514923095703125,-0.0017995834350585938,0.0017995834350585938,False,enc_s1,encoder,1,10,0.003283921955153346,0.0015841418236959726,0.0016171068302355707,0.0020383261842653157,-0.24384614608527908,0.45187165810469176,,,,,,,
cascades_sierra_2020-11-13T18:00:00,cascades_sierra,synoptic,low_near,t1,precip_trace,precip_only,q850,59.47747747747748,239.69295654039695,1.033178068610141e-05,2.11,4.549033164978027,4.545782089233398,4.548685073852539,-0.0032510757446289062,-0.00034809112548828125,-0.0014514923095703125,-0.0017995834350585938,0.0017995834350585938,False,enc_s2,encoder,2,8,0.0014004246186232194,0.0008407521454500966,0.0006997880482231267,0.0009189100601361133,-0.3055594056249278,0.4324039629632491,,,,,,,
cascades_sierra_2020-11-13T18:00:00,cascades_sierra,synoptic,low_near,t1,precip_trace,precip_only,q850,59.47747747747748,239.69295654039695,1.033178068610141e-05,2.11,4.549033164978027,4.545782089233398,4.548685073852539,-0.0032510757446289062,-0.00034809112548828125,-0.0014514923095703125,-0.0017995834350585938,0.0017995834350585938,False,dec_s0,decoder,0,8,0.002071227034321055,0.0014122121647233143,0.0010345009723096155,0.0014395701145986095,-0.3485158975820145,0.4185751321575114,,,,,,,
cascades_sierra_2020-11-13T18:00:00,cascades_sierra,synoptic,low_near,t1,precip_trace,precip_only,q850,59.47747747747748,239.69295654039695,1.033178068610141e-05,2.11,4.549033164978027,4.545782089233398,4.548685073852539,-0.0032510757446289062,-0.00034809112548828125,-0.0014514923095703125,-0.0017995834350585938,0.0017995834350585938,False,dec_s1,decoder,1,10,0.0027469645254313948,0.002385045797564089,0.0013713586202356964,0.0021764925098977984,-0.448348041065828,0.38755559355529806,,,,,,,
cascades_sierra_2020-11-13T18:00:00,cascades_sierra,synoptic,low_near,t1,precip_trace,precip_only,q850,59.47747747747748,239.69295654039695,1.033178068610141e-05,2.11,4.549033164978027,4.545782089233398,4.548685073852539,-0.0032510757446289062,-0.00034809112548828125,-0.0014514923095703125,-0.0017995834350585938,0.0017995834350585938,False,dec_s2,decoder,2,6,0.011571037427832684,0.0060259858922411995,0.005773978773504496,0.007211615874742468,-0.2933684465558875,0.44278573592184206,,,,,,,
cascades_sierra_2020-11-13T18:00:00,cascades_sierra,synoptic,low_near,t1,q850_trace,precip_only,q850,59.47747747747748,239.69295654039695,1.033178068610141e-05,,4.549033164978027,4.556301593780518,4.5418500900268555,0.007268428802490234,-0.007183074951171875,0.007225751876831055,4.267692565917969e-05,0.007225751876831055,True,enc_s0,encoder,0,6,0.02563591922322909,0.022857841725150745,0.022856217498580616,0.008252544794231653,0.7766829856691534,0.7343120624371782,1.0,850,0.0,0.1635890872894956,1.0,0.7304910522845454,0.26950894771545464
cascades_sierra_2020-11-13T18:00:00,cascades_sierra,synoptic,low_near,t1,q850_trace,precip_only,q850,59.47747747747748,239.69295654039695,1.033178068610141e-05,,4.549033164978027,4.556301593780518,4.5418500900268555,0.007268428802490234,-0.007183074951171875,0.007225751876831055,4.267692565917969e-05,0.007225751876831055,True,enc_s1,encoder,1,10,0.023979453183710576,0.014838947262614966,0.016192578710615635,0.011537265637889505,0.41228256552772147,0.5955005244783926,1.0,850,0.0,0.1635890872894956,1.0,0.7304910522845454,0.26950894771545464
cascades_sierra_2020-11-13T18:00:00,cascades_sierra,synoptic,low_near,t1,q850_trace,precip_only,q850,59.47747747747748,239.69295654039695,1.033178068610141e-05,,4.549033164978027,4.556301593780518,4.5418500900268555,0.007268428802490234,-0.007183074951171875,0.007225751876831055,4.267692565917969e-05,0.007225751876831055,True,enc_s2,encoder,2,8,0.010988873895257711,0.00662703812122345,0.007460589113179594,0.0051650708192028105,0.4043286522172038,0.5911601799433499,1.0,850,0.0,0.1635890872894956,1.0,0.7304910522845454,0.26950894771545464
cascades_sierra_2020-11-13T18:00:00,cascades_sierra,synoptic,low_near,t1,q850_trace,precip_only,q850,59.47747747747748,239.69295654039695,1.033178068610141e-05,,4.549033164978027,4.556301593780518,4.5418500900268555,0.007268428802490234,-0.007183074951171875,0.007225751876831055,4.267692565917969e-05,0.007225751876831055,True,dec_s0,decoder,0,8,0.01810299197677523,0.009200735716149211,0.011587408371269703,0.008480474294628948,0.37983071692399883,0.5772296364386249,1.0,850,0.0,0.1635890872894956,1.0,0.7304910522845454,0.26950894771545464
cascades_sierra_2020-11-13T18:00:00,cascades_sierra,synoptic,low_near,t1,q850_trace,precip_only,q850,59.47747747747748,239.69295654039695,1.033178068610141e-05,,4.549033164978027,4.556301593780518,4.5418500900268555,0.007268428802490234,-0.007183074951171875,0.007225751876831055,4.267692565917969e-05,0.007225751876831055,True,dec_s1,decoder,1,10,0.013892164640128612,0.011018197843804955,0.01027842815965414,0.00717570106498897,0.3873750802894897,0.592321512266955,1.0,850,0.0,0.1635890872894956,1.0,0.7304910522845454,0.26950894771545464
cascades_sierra_2020-11-13T18:00:00,cascades_sierra,synoptic,low_near,t1,q850_trace,precip_only,q850,59.47747747747748,239.69295654039695,1.033178068610141e-05,,4.549033164978027,4.556301593780518,4.5418500900268555,0.007268428802490234,-0.007183074951171875,0.007225751876831055,4.267692565917969e-05,0.007225751876831055,True,dec_s2,decoder,2,6,0.03961785261829694,0.04182969219982624,0.03573865815997124,0.01953001134097576,0.5640195416261347,0.6472068230002291,1.0,850,0.0,0.1635890872894956,1.0,0.7304910522845454,0.26950894771545464
caspian_lowland_2020-09-19T06:00:00,caspian_lowland,local,hotspot,t1,precip_trace,precip_only,q850,45.97747747747748,45.57755541383499,8.502865966875106e-05,2.11,4.041501998901367,4.0655131340026855,4.04288911819458,0.02401113510131836,0.0013871192932128906,0.011312007904052734,0.012699127197265625,0.012699127197265625,False,enc_s0,encoder,0,6,0.0019523854134604335,0.0004907567199552432,0.0009495025733485818,0.0010628220431196194,-0.23517699937698244,0.4698796811070071,,,,,,,
caspian_lowland_2020-09-19T06:00:00,caspian_lowland,local,hotspot,t1,precip_trace,precip_only,q850,45.97747747747748,45.57755541383499,8.502865966875106e-05,2.11,4.041501998901367,4.0655131340026855,4.04288911819458,0.02401113510131836,0.0013871192932128906,0.011312007904052734,0.012699127197265625,0.012699127197265625,False,enc_s1,encoder,1,10,0.0017668264103122056,0.0012215079535963015,0.0008435457246378064,0.0012730164045933634,-0.3451170159327822,0.4202006484454393,,,,,,,
caspian_lowland_2020-09-19T06:00:00,caspian_lowland,local,hotspot,t1,precip_trace,precip_only,q850,45.97747747747748,45.57755541383499,8.502865966875106e-05,2.11,4.041501998901367,4.0655131340026855,4.04288911819458,0.02401113510131836,0.0013871192932128906,0.011312007904052734,0.012699127197265625,0.012699127197265625,False,enc_s2,encoder,2,8,0.0007945943216327578,0.0006684982581646182,0.000396399169403594,0.0006180776981636882,-0.4282604922524069,0.39086211298469564,,,,,,,
caspian_lowland_2020-09-19T06:00:00,caspian_lowland,local,hotspot,t1,precip_trace,precip_only,q850,45.97747747747748,45.57755541383499,8.502865966875106e-05,2.11,4.041501998901367,4.0655131340026855,4.04288911819458,0.02401113510131836,0.0013871192932128906,0.011312007904052734,0.012699127197265625,0.012699127197265625,False,dec_s0,decoder,0,8,0.0013813792902510613,0.0012691615556832403,0.0006902606692165136,0.0011327451429679058,-0.4663417090041932,0.3790231202577149,,,,,,,
caspian_lowland_2020-09-19T06:00:00,caspian_lowland,local,hotspot,t1,precip_trace,precip_only,q850,45.97747747747748,45.57755541383499,8.502865966875106e-05,2.11,4.041501998901367,4.0655131340026855,4.04288911819458,0.02401113510131836,0.0013871192932128906,0.011312007904052734,0.012699127197265625,0.012699127197265625,False,dec_s1,decoder,1,10,0.002397555438801646,0.0023417678894475102,0.001196977193467319,0.0020453180652111767,-0.504099379252282,0.3693647347639663,,,,,,,
caspian_lowland_2020-09-19T06:00:00,caspian_lowland,local,hotspot,t1,precip_trace,precip_only,q850,45.97747747747748,45.57755541383499,8.502865966875106e-05,2.11,4.041501998901367,4.0655131340026855,4.04288911819458,0.02401113510131836,0.0013871192932128906,0.011312007904052734,0.012699127197265625,0.012699127197265625,False,dec_s2,decoder,2,6,0.006621017974490921,0.006051977941145499,0.0032937654371683798,0.005420960408324997,-0.4904758128497087,0.3778269279927153,,,,,,,
caspian_lowland_2020-09-19T06:00:00,caspian_lowland,local,hotspot,t1,q850_trace,precip_only,q850,45.97747747747748,45.57755541383499,8.502865966875106e-05,,4.041501998901367,5.007637977600098,3.094254493713379,0.9661359786987305,-0.9472475051879883,0.9566917419433594,0.009444236755371094,0.9566917419433594,True,enc_s0,encoder,0,6,0.00619519113873442,0.0061309123411774635,0.005914355628192425,0.0017353642615489662,0.8499282205156371,0.7723418899520359,1.0,850,0.0,0.00512,1.0,0.9982715904629014,0.0017284095370986533
caspian_lowland_2020-09-19T06:00:00,caspian_lowland,local,hotspot,t1,q850_trace,precip_only,q850,45.97747747747748,45.57755541383499,8.502865966875106e-05,,4.041501998901367,5.007637977600098,3.094254493713379,0.9661359786987305,-0.9472475051879883,0.9566917419433594,0.009444236755371094,0.9566917419433594,True,enc_s1,encoder,1,10,0.005670194700360298,0.003770659794099629,0.00402769441716373,0.0026066937716677785,0.48926396665938227,0.6212264087765809,1.0,850,0.0,0.00512,1.0,0.9982715904629014,0.0017284095370986533
caspian_lowland_2020-09-19T06:00:00,caspian_lowland,local,hotspot,t1,q850_trace,precip_only,q850,45.97747747747748,45.57755541383499,8.502865966875106e-05,,4.041501998901367,5.007637977600098,3.094254493713379,0.9661359786987305,-0.9472475051879883,0.9566917419433594,0.009444236755371094,0.9566917419433594,True,enc_s2,encoder,2,8,0.00251887648482807,0.001600202449481003,0.0016930671699810773,0.0012594765867106616,0.3277127835956817,0.573486661537724,1.0,850,0.0,0.00512,1.0,0.9982715904629014,0.0017284095370986533
caspian_lowland_2020-09-19T06:00:00,caspian_lowland,local,hotspot,t1,q850_trace,precip_only,q850,45.97747747747748,45.57755541383499,8.502865966875106e-05,,4.041501998901367,5.007637977600098,3.094254493713379,0.9661359786987305,-0.9472475051879883,0.9566917419433594,0.009444236755371094,0.9566917419433594,True,dec_s0,decoder,0,8,0.00397791012073867,0.0023623237502761185,0.002561644447268918,0.00203503982629627,0.26873018193024023,0.557549488066316,1.0,850,0.0,0.00512,1.0,0.9982715904629014,0.0017284095370986533
caspian_lowland_2020-09-19T06:00:00,caspian_lowland,local,hotspot,t1,q850_trace,precip_only,q850,45.97747747747748,45.57755541383499,8.502865966875106e-05,,4.041501998901367,5.007637977600098,3.094254493713379,0.9661359786987305,-0.9472475051879883,0.9566917419433594,0.009444236755371094,0.9566917419433594,True,dec_s1,decoder,1,10,0.003910619905218482,0.003512389329262078,0.0027077869162894785,0.0025465247104875743,0.06178906594994673,0.5144382916814824,1.0,850,0.0,0.00512,1.0,0.9982715904629014,0.0017284095370986533
caspian_lowland_2020-09-19T06:00:00,caspian_lowland,local,hotspot,t1,q850_trace,precip_only,q850,45.97747747747748,45.57755541383499,8.502865966875106e-05,,4.041501998901367,5.007637977600098,3.094254493713379,0.9661359786987305,-0.9472475051879883,0.9566917419433594,0.009444236755371094,0.9566917419433594,True,dec_s2,decoder,2,6,0.012346665219714245,0.011340270284563303,0.00969354280581077,0.006823077720279495,0.39117750628920783,0.5869678014994232,1.0,850,0.0,0.00512,1.0,0.9982715904629014,0.0017284095370986533
caspian_lowland_2020-09-19T06:00:00,caspian_lowland,local,low_near,t1,precip_trace,precip_only,q850,60.97747747747748,55.57755541383499,1.6073196320576244e-06,2.11,4.041501998901367,4.04622220993042,4.045566082000732,0.004720211029052734,0.004064083099365234,0.00032806396484375,0.004392147064208984,0.004392147064208984,False,enc_s0,encoder,0,6,0.0023688077150533595,0.0005104530476576959,0.0011634906792702775,0.0012602656109568973,-0.19081928787862656,0.4785526668433178,,,,,,,
caspian_lowland_2020-09-19T06:00:00,caspian_lowland,local,low_near,t1,precip_trace,precip_only,q850,60.97747747747748,55.57755541383499,1.6073196320576244e-06,2.11,4.041501998901367,4.04622220993042,4.045566082000732,0.004720211029052734,0.004064083099365234,0.00032806396484375,0.004392147064208984,0.004392147064208984,False,enc_s1,encoder,1,10,0.0019383593229576946,0.001274084229953587,0.0009303069091401994,0.0013651099405251443,-0.32792605842286726,0.42506186604222834,,,,,,,
caspian_lowland_2020-09-19T06:00:00,caspian_lowland,local,low_near,t1,precip_trace,precip_only,q850,60.97747747747748,55.57755541383499,1.6073196320576244e-06,2.11,4.041501998901367,4.04622220993042,4.045566082000732,0.004720211029052734,0.004064083099365234,0.00032806396484375,0.004392147064208984,0.004392147064208984,False,enc_s2,encoder,2,8,0.0008284325813292526,0.0006721734898746945,0.0004133968614041805,0.0006310122043942101,-0.412491333418855,0.39591227671296525,,,,,,,
caspian_lowland_2020-09-19T06:00:00,caspian_lowland,local,low_near,t1,precip_trace,precip_only,q850,60.97747747747748,55.57755541383499,1.6073196320576244e-06,2.11,4.041501998901367,4.04622220993042,4.045566082000732,0.004720211029052734,0.004064083099365234,0.00032806396484375,0.004392147064208984,0.004392147064208984,False,dec_s0,decoder,0,8,0.0014102951245149598,0.001268168940441683,0.0007044571684673429,0.0011412622770876624,-0.45674813505262785,0.3822073530147062,,,,,,,
caspian_lowland_2020-09-19T06:00:00,caspian_lowland,local,low_near,t1,precip_trace,precip_only,q850,60.97747747747748,55.57755541383499,1.6073196320576244e-06,2.11,4.041501998901367,4.04622220993042,4.045566082000732,0.004720211029052734,0.004064083099365234,0.00032806396484375,0.004392147064208984,0.004392147064208984,False,dec_s1,decoder,1,10,0.0024041214725002646,0.0023394453688524663,0.0012009946105536074,0.0020454907789826393,-0.5018614461026486,0.37012799064339086,,,,,,,
caspian_lowland_2020-09-19T06:00:00,caspian_lowland,local,low_near,t1,precip_trace,precip_only,q850,60.97747747747748,55.57755541383499,1.6073196320576244e-06,2.11,4.041501998901367,4.04622220993042,4.045566082000732,0.004720211029052734,0.004064083099365234,0.00032806396484375,0.004392147064208984,0.004392147064208984,False,dec_s2,decoder,2,6,0.0066790529526770115,0.0060454439371824265,0.0033268170276035867,0.0054326471872627735,-0.48505920396738006,0.3796830913687728,,,,,,,
caspian_lowland_2020-09-19T06:00:00,caspian_lowland,local,low_near,t1,q850_trace,precip_only,q850,60.97747747747748,55.57755541383499,1.6073196320576244e-06,,4.041501998901367,4.021257400512695,4.0439910888671875,-0.020244598388671875,0.0024890899658203125,-0.011366844177246094,-0.008877754211425781,0.011366844177246094,True,enc_s0,encoder,0,6,0.008748154000689587,0.008448369412993392,0.008263578172773123,0.002394187574585279,0.8522297214211688,0.774964534339615,1.0,850,0.0,0.0,1.0,1.0,0.0
caspian_lowland_2020-09-19T06:00:00,caspian_lowland,local,low_near,t1,q850_trace,precip_only,q850,60.97747747747748,55.57755541383499,1.6073196320576244e-06,,4.041501998901367,4.021257400512695,4.0439910888671875,-0.020244598388671875,0.0024890899658203125,-0.011366844177246094,-0.008877754211425781,0.011366844177246094,True,enc_s1,encoder,1,10,0.008660063706338405,0.005332223000004887,0.005937465326860547,0.004010350012686103,0.4585822681876657,0.609097680167029,1.0,850,0.0,0.0,1.0,1.0,0.0
caspian_lowland_2020-09-19T06:00:00,caspian_lowland,local,low_near,t1,q850_trace,precip_only,q850,60.97747747747748,55.57755541383499,1.6073196320576244e-06,,4.041501998901367,4.021257400512695,4.0439910888671875,-0.020244598388671875,0.0024890899658203125,-0.011366844177246094,-0.008877754211425781,0.011366844177246094,True,enc_s2,encoder,2,8,0.003973852522904053,0.002464783377945423,0.0026673904503695667,0.001954193110577762,0.3456651952967916,0.577260374453771,1.0,850,0.0,0.0,1.0,1.0,0.0
caspian_lowland_2020-09-19T06:00:00,caspian_lowland,local,low_near,t1,q850_trace,precip_only,q850,60.97747747747748,55.57755541383499,1.6073196320576244e-06,,4.041501998901367,4.021257400512695,4.0439910888671875,-0.020244598388671875,0.0024890899658203125,-0.011366844177246094,-0.008877754211425781,0.011366844177246094,True,dec_s0,decoder,0,8,0.006143235019408166,0.0034390575892757624,0.003890037682140246,0.003107613534666598,0.2693739906124061,0.5559225687015066,1.0,850,0.0,0.0,1.0,1.0,0.0
caspian_lowland_2020-09-19T06:00:00,caspian_lowland,local,low_near,t1,q850_trace,precip_only,q850,60.97747747747748,55.57755541383499,1.6073196320576244e-06,,4.041501998901367,4.021257400512695,4.0439910888671875,-0.020244598388671875,0.0024890899658203125,-0.011366844177246094,-0.008877754211425781,0.011366844177246094,True,dec_s1,decoder,1,10,0.005203244392760098,0.0052324747666716576,0.00405081135686487,0.0032905732514336705,0.23135740178370406,0.5537871966868362,1.0,850,0.0,0.0,1.0,1.0,0.0
caspian_lowland_2020-09-19T06:00:00,caspian_lowland,local,low_near,t1,q850_trace,precip_only,q850,60.97747747747748,55.57755541383499,1.6073196320576244e-06,,4.041501998901367,4.021257400512695,4.0439910888671875,-0.020244598388671875,0.0024890899658203125,-0.011366844177246094,-0.008877754211425781,0.011366844177246094,True,dec_s2,decoder,2,6,0.015880991239100695,0.016712953026096027,0.013600915359954039,0.008987653069198132,0.4514266765428537,0.6023567172712072,1.0,850,0.0,0.0,1.0,1.0,0.0
caspian_lowland_2020-09-19T06:00:00,caspian_lowland,synoptic,hotspot,t1,precip_trace,precip_only,q850,48.47747747747748,45.57755541383499,0.00015244846872519702,2.11,4.041501998901367,4.066951274871826,4.0421600341796875,0.025449275970458984,0.0006580352783203125,0.012395620346069336,0.013053655624389648,0.013053655624389648,False,enc_s0,encoder,0,6,0.004663491505198181,0.0005923685481927047,0.0023216989745075503,0.002381884182492892,-0.09916554274331069,0.4929613273757007,,,,,,,
caspian_lowland_2020-09-19T06:00:00,caspian_lowland,synoptic,hotspot,t1,precip_trace,precip_only,q850,48.47747747747748,45.57755541383499,0.00015244846872519702,2.11,4.041501998901367,4.066951274871826,4.0421600341796875,0.025449275970458984,0.0006580352783203125,0.012395620346069336,0.013053655624389648,0.013053655624389648,False,enc_s1,encoder,1,10,0.003136046533472836,0.0015797152242157607,0.0015408946434035896,0.001975919504184276,-0.2532467652239355,0.44897740179980145,,,,,,,
caspian_lowland_2020-09-19T06:00:00,caspian_lowland,synoptic,hotspot,t1,precip_trace,precip_only,q850,48.47747747747748,45.57755541383499,0.00015244846872519702,2.11,4.041501998901367,4.066951274871826,4.0421600341796875,0.025449275970458984,0.0006580352783203125,0.012395620346069336,0.013053655624389648,0.013053655624389648,False,enc_s2,encoder,2,8,0.001207782479468733,0.0008039967287913896,0.0006037137791281566,0.0008295487641589716,-0.3387258843495268,0.42130846712363057,,,,,,,
caspian_lowland_2020-09-19T06:00:00,caspian_lowland,synoptic,hotspot,t1,precip_trace,precip_only,q850,48.47747747747748,45.57755541383499,0.00015244846872519702,2.11,4.041501998901367,4.066951274871826,4.0421600341796875,0.025449275970458984,0.0006580352783203125,0.012395620346069336,0.013053655624389648,0.013053655624389648,False,dec_s0,decoder,0,8,0.0018099699809681624,0.0013894620060455054,0.0009048233332578093,0.001336068962700665,-0.389598181133442,0.40437498027257013,,,,,,,
caspian_lowland_2020-09-19T06:00:00,caspian_lowland,synoptic,hotspot,t1,precip_trace,precip_only,q850,48.47747747747748,45.57755541383499,0.00015244846872519702,2.11,4.041501998901367,4.066951274871826,4.0421600341796875,0.025449275970458984,0.0006580352783203125,0.012395620346069336,0.013053655624389648,0.013053655624389648,False,dec_s1,decoder,1,10,0.0026394448592327534,0.002395777590572834,0.0013188982324209065,0.0021479840856045485,-0.4682127435252547,0.38090159285408054,,,,,,,
caspian_lowland_2020-09-19T06:00:00,caspian_lowland,synoptic,hotspot,t1,precip_trace,precip_only,q850,48.47747747747748,45.57755541383499,0.00015244846872519702,2.11,4.041501998901367,4.066951274871826,4.0421600341796875,0.025449275970458984,0.0006580352783203125,0.012395620346069336,0.013053655624389648,0.013053655624389648,False,dec_s2,decoder,2,6,0.009242157607028881,0.0061718338790039224,0.004611346133363743,0.0063698851348211365,-0.3671884569270321,0.41890759937569194,,,,,,,
caspian_lowland_2020-09-19T06:00:00,caspian_lowland,synoptic,hotspot,t1,q850_trace,precip_only,q850,48.47747747747748,45.57755541383499,0.00015244846872519702,,4.041501998901367,5.241462230682373,2.6639959812164307,1.1999602317810059,-1.3775060176849365,1.2887331247329712,-0.08877289295196533,1.2887331247329712,True,enc_s0,encoder,0,6,0.01598900044336915,0.015833542527010042,0.015294099847475687,0.0043955448394020396,0.8493330421184342,0.7759270982061802,1.0,850,0.0,0.011058368028852529,0.9999999142698811,0.9954885382260312,0.004511376430610764
caspian_lowland_2020-09-19T06:00:00,caspian_lowland,synoptic,hotspot,t1,q850_trace,precip_only,q850,48.47747747747748,45.57755541383499,0.00015244846872519702,,4.041501998901367,5.241462230682373,2.6639959812164307,1.1999602317810059,-1.3775060176849365,1.2887331247329712,-0.08877289295196533,1.2887331247329712,True,enc_s1,encoder,1,10,0.013692039530724287,0.00918344035744667,0.009970229398459197,0.0059980065561831,0.5382449747978117,0.6341335338448295,1.0,850,0.0,0.011058368028852529,0.9999999142698811,0.9954885382260312,0.004511376430610764
caspian_lowland_2020-09-19T06:00:00,caspian_lowland,synoptic,hotspot,t1,q850_trace,precip_only,q850,48.47747747747748,45.57755541383499,0.00015244846872519702,,4.041501998901367,5.241462230682373,2.6639959812164307,1.1999602317810059,-1.3775060176849365,1.2887331247329712,-0.08877289295196533,1.2887331247329712,True,enc_s2,encoder,2,8,0.006208813050761819,0.0038963604893069714,0.004314608871936798,0.002872352983104065,0.4402745225892458,0.6004457494043878,1.0,850,0.0,0.011058368028852529,0.9999999142698811,0.9954885382260312,0.004511376430610764
caspian_lowland_2020-09-19T06:00:00,caspian_lowland,synoptic,hotspot,t1,q850_trace,precip_only,q850,48.47747747747748,45.57755541383499,0.00015244846872519702,,4.041501998901367,5.241462230682373,2.6639959812164307,1.1999602317810059,-1.3775060176849365,1.2887331247329712,-0.08877289295196533,1.2887331247329712,True,dec_s0,decoder,0,8,0.009749291581101716,0.005589091102592647,0.006505819852463901,0.004563290742225945,0.40739336858153496,0.5876382725121896,1.0,850,0.0,0.011058368028852529,0.9999999142698811,0.9954885382260312,0.004511376430610764
caspian_lowland_2020-09-19T06:00:00,caspian_lowland,synoptic,hotspot,t1,q850_trace,precip_only,q850,48.47747747747748,45.57755541383499,0.00015244846872519702,,4.041501998901367,5.241462230682373,2.6639959812164307,1.1999602317810059,-1.3775060176849365,1.2887331247329712,-0.08877289295196533,1.2887331247329712,True,dec_s1,decoder,1,10,0.008683637157082558,0.008078447356820107,0.0068484938237816095,0.004838518239557743,0.3799027576951971,0.5901450857587933,1.0,850,0.0,0.011058368028852529,0.9999999142698811,0.9954885382260312,0.004511376430610764
caspian_lowland_2020-09-19T06:00:00,caspian_lowland,synoptic,hotspot,t1,q850_trace,precip_only,q850,48.47747747747748,45.57755541383499,0.00015244846872519702,,4.041501998901367,5.241462230682373,2.6639959812164307,1.1999602317810059,-1.3775060176849365,1.2887331247329712,-0.08877289295196533,1.2887331247329712,True,dec_s2,decoder,2,6,0.029000780545175076,0.027048954119284947,0.02448842612405618,0.013659806145975987,0.56918784643756,0.642118415691333,1.0,850,0.0,0.011058368028852529,0.9999999142698811,0.9954885382260312,0.004511376430610764
caspian_lowland_2020-09-19T06:00:00,caspian_lowland,synoptic,low_near,t1,precip_trace,precip_only,q850,38.47747747747748,70.577555413835,1.2659621461352799e-05,2.11,4.041501998901367,4.040484428405762,4.0413432121276855,-0.0010175704956054688,-0.00015878677368164062,-0.00042939186096191406,-0.0005881786346435547,0.0005881786346435547,False,enc_s0,encoder,0,6,0.004464957319820921,0.0006029075108623753,0.0022212390322238207,0.002286715724039823,-0.1061469816077344,0.4921318428979459,,,,,,,
caspian_lowland_2020-09-19T06:00:00,caspian_lowland,synoptic,low_near,t1,precip_trace,precip_only,q850,38.47747747747748,70.577555413835,1.2659621461352799e-05,2.11,4.041501998901367,4.040484428405762,4.0413432121276855,-0.0010175704956054688,-0.00015878677368164062,-0.00042939186096191406,-0.0005881786346435547,0.0005881786346435547,False,enc_s1,encoder,1,10,0.0028944368241354823,0.0016296203422825784,0.0014283001073636115,0.0018917289795354008,-0.2707706021274265,0.4427928987929383,,,,,,,
caspian_lowland_2020-09-19T06:00:00,caspian_lowland,synoptic,low_near,t1,precip_trace,precip_only,q850,38.47747747747748,70.577555413835,1.2659621461352799e-05,2.11,4.041501998901367,4.040484428405762,4.0413432121276855,-0.0010175704956054688,-0.00015878677368164062,-0.00042939186096191406,-0.0005881786346435547,0.0005881786346435547,False,enc_s2,encoder,2,8,0.0011027714936062694,0.0008476619550492615,0.0005563857994275168,0.0008110415074042976,-0.3783033479333479,0.40698871286900884,,,,,,,
caspian_lowland_2020-09-19T06:00:00,caspian_lowland,synoptic,low_near,t1,precip_trace,precip_only,q850,38.47747747747748,70.577555413835,1.2659621461352799e-05,2.11,4.041501998901367,4.040484428405762,4.0413432121276855,-0.0010175704956054688,-0.00015878677368164062,-0.00042939186096191406,-0.0005881786346435547,0.0005881786346435547,False,dec_s0,decoder,0,8,0.001730609525111504,0.001435625395970419,0.0008706343942321837,0.0013304521999089047,-0.41337014913479325,0.39588686652952665,,,,,,,
caspian_lowland_2020-09-19T06:00:00,caspian_lowland,synoptic,low_near,t1,precip_trace,precip_only,q850,38.47747747747748,70.577555413835,1.2659621461352799e-05,2.11,4.041501998901367,4.040484428405762,4.0413432121276855,-0.0010175704956054688,-0.00015878677368164062,-0.00042939186096191406,-0.0005881786346435547,0.0005881786346435547,False,dec_s1,decoder,1,10,0.0025766024366021155,0.0024203507928177714,0.0012904538481961936,0.0021408649161458017,-0.48139170393157515,0.37652997805484933,,,,,,,
caspian_lowland_2020-09-19T06:00:00,caspian_lowland,synoptic,low_near,t1,precip_trace,precip_only,q850,38.47747747747748,70.577555413835,1.2659621461352799e-05,2.11,4.041501998901367,4.040484428405762,4.0413432121276855,-0.0010175704956054688,-0.00015878677368164062,-0.00042939186096191406,-0.0005881786346435547,0.0005881786346435547,False,dec_s2,decoder,2,6,0.008971192175522447,0.006221319626395901,0.004481271103334923,0.006289831828325987,-0.37755691924401774,0.41537122271218435,,,,,,,
caspian_lowland_2020-09-19T06:00:00,caspian_lowland,synoptic,low_near,t1,q850_trace,precip_only,q850,38.47747747747748,70.577555413835,1.2659621461352799e-05,,4.041501998901367,4.036161422729492,4.046664714813232,-0.005340576171875,0.005162715911865234,-0.005251646041870117,-8.893013000488281e-05,0.005251646041870117,True,enc_s0,encoder,0,6,0.01425836111108462,0.014655340928584337,0.013838673941791058,0.0041781710072730975,0.8344950283270364,0.7671977590582895,1.0,850,0.0,0.061543277508217246,0.9999998987590697,0.8955566165605054,0.10444329277250036
caspian_lowland_2020-09-19T06:00:00,caspian_lowland,synoptic,low_near,t1,q850_trace,precip_only,q850,38.47747747747748,70.577555413835,1.2659621461352799e-05,,4.041501998901367,4.036161422729492,4.046664714813232,-0.005340576171875,0.005162715911865234,-0.005251646041870117,-8.893013000488281e-05,0.005251646041870117,True,enc_s1,encoder,1,10,0.008246194943785668,0.00832176674157381,0.0075964005663990974,0.003273915976751596,0.7140852325349519,0.7082113404257873,1.0,850,0.0,0.061543277508217246,0.9999998987590697,0.8955566165605054,0.10444329277250036
caspian_lowland_2020-09-19T06:00:00,caspian_lowland,synoptic,low_near,t1,q850_trace,precip_only,q850,38.47747747747748,70.577555413835,1.2659621461352799e-05,,4.041501998901367,4.036161422729492,4.046664714813232,-0.005340576171875,0.005162715911865234,-0.005251646041870117,-8.893013000488281e-05,0.005251646041870117,True,enc_s2,encoder,2,8,0.003452516277320683,0.003299745440017432,0.003014679823536426,0.0015216914471238852,0.6140046372665576,0.6646594154632764,1.0,850,0.0,0.061543277508217246,0.9999998987590697,0.8955566165605054,0.10444329277250036
caspian_lowland_2020-09-19T06:00:00,caspian_lowland,synoptic,low_near,t1,q850_trace,precip_only,q850,38.47747747747748,70.577555413835,1.2659621461352799e-05,,4.041501998901367,4.036161422729492,4.046664714813232,-0.005340576171875,0.005162715911865234,-0.005251646041870117,-8.893013000488281e-05,0.005251646041870117,True,dec_s0,decoder,0,8,0.00523780717048794,0.004954966192599386,0.004529232595814392,0.0023401268699672073,0.604173713441766,0.6600609743169517,1.0,850,0.0,0.061543277508217246,0.9999998987590697,0.8955566165605054,0.10444329277250036
caspian_lowland_2020-09-19T06:00:00,caspian_lowland,synoptic,low_near,t1,q850_trace,precip_only,q850,38.47747747747748,70.577555413835,1.2659621461352799e-05,,4.041501998901367,4.036161422729492,4.046664714813232,-0.005340576171875,0.005162715911865234,-0.005251646041870117,-8.893013000488281e-05,0.005251646041870117,True,dec_s1,decoder,1,10,0.005265515623614192,0.005513732391409576,0.0045323173981159925,0.0029192896909080446,0.4539993714870761,0.6091361174094554,1.0,850,0.0,0.061543277508217246,0.9999998987590697,0.8955566165605054,0.10444329277250036
caspian_lowland_2020-09-19T06:00:00,caspian_lowland,synoptic,low_near,t1,q850_trace,precip_only,q850,38.47747747747748,70.577555413835,1.2659621461352799e-05,,4.041501998901367,4.036161422729492,4.046664714813232,-0.005340576171875,0.005162715911865234,-0.005251646041870117,-8.893013000488281e-05,0.005251646041870117,True,dec_s2,decoder,2,6,0.019509052547315758,0.01914734486490488,0.017213004951675732,0.008791612926870584,0.6594068037660673,0.6620959954314111,1.0,850,0.0,0.061543277508217246,0.9999998987590697,0.8955566165605054,0.10444329277250036
caucasus_2020-08-22T12:00:00,caucasus,local,hotspot,t1,precip_trace,precip_only,q850,42.22747747747748,43.57312758741756,8.379690552828833e-05,2.11,7.84367036819458,7.845377445220947,7.843379974365234,0.0017070770263671875,-0.0002903938293457031,0.0009987354278564453,0.0007083415985107422,0.0009987354278564453,True,enc_s0,encoder,0,6,0.0019484348595142365,0.0004958413289083788,0.0009493494580965489,0.0010604990432815005,-0.2281962856063109,0.47056650260948163,,,,,,,
caucasus_2020-08-22T12:00:00,caucasus,local,hotspot,t1,precip_trace,precip_only,q850,42.22747747747748,43.57312758741756,8.379690552828833e-05,2.11,7.84367036819458,7.845377445220947,7.843379974365234,0.0017070770263671875,-0.0002903938293457031,0.0009987354278564453,0.0007083415985107422,0.0009987354278564453,True,enc_s1,encoder,1,10,0.0017300782725214957,0.0012924545037094504,0.0008220671850722283,0.00129556460888125,-0.3686185411652487,0.41169520642289364,,,,,,,
caucasus_2020-08-22T12:00:00,caucasus,local,hotspot,t1,precip_trace,precip_only,q850,42.22747747747748,43.57312758741756,8.379690552828833e-05,2.11,7.84367036819458,7.845377445220947,7.843379974365234,0.0017070770263671875,-0.0002903938293457031,0.0009987354278564453,0.0007083415985107422,0.0009987354278564453,True,enc_s2,encoder,2,8,0.0007340006486629136,0.000662093676510267,0.0003659667600004468,0.0005955106025794521,-0.45907035360056053,0.3806671923991105,,,,,,,
caucasus_2020-08-22T12:00:00,caucasus,local,hotspot,t1,precip_trace,precip_only,q850,42.22747747747748,43.57312758741756,8.379690552828833e-05,2.11,7.84367036819458,7.845377445220947,7.843379974365234,0.0017070770263671875,-0.0002903938293457031,0.0009987354278564453,0.0007083415985107422,0.0009987354278564453,True,dec_s0,decoder,0,8,0.0011811503354692832,0.001113761383749079,0.0005892161789233796,0.0009852088114712387,-0.48009455118381367,0.3744749057891001,,,,,,,
caucasus_2020-08-22T12:00:00,caucasus,local,hotspot,t1,precip_trace,precip_only,q850,42.22747747747748,43.57312758741756,8.379690552828833e-05,2.11,7.84367036819458,7.845377445220947,7.843379974365234,0.0017070770263671875,-0.0002903938293457031,0.0009987354278564453,0.0007083415985107422,0.0009987354278564453,True,dec_s1,decoder,1,10,0.002356782928109169,0.0023267998243682087,0.0011774161946959793,0.0020243286271579564,-0.5086729642416657,0.3678011007681388,,,,,,,
caucasus_2020-08-22T12:00:00,caucasus,local,hotspot,t1,precip_trace,precip_only,q850,42.22747747747748,43.57312758741756,8.379690552828833e-05,2.11,7.84367036819458,7.845377445220947,7.843379974365234,0.0017070770263671875,-0.0002903938293457031,0.0009987354278564453,0.0007083415985107422,0.0009987354278564453,True,dec_s2,decoder,2,6,0.006785356672480702,0.006174795640011628,0.0033830376341938972,0.005535984023784597,-0.485852293338413,0.3790851048051149,,,,,,,
caucasus_2020-08-22T12:00:00,caucasus,local,hotspot,t1,q850_trace,precip_only,q850,42.22747747747748,43.57312758741756,8.379690552828833e-05,,7.84367036819458,9.040520668029785,6.555232048034668,1.196850299835205,-1.288438320159912,1.2426443099975586,-0.045794010162353516,1.2426443099975586,True,enc_s0,encoder,0,6,0.00646065982679526,0.005804035579785705,0.005900102201849222,0.0016952652755814295,0.8582821211493692,0.7754363113081039,1.0,850,0.0,0.0,0.9999999310517531,0.9999999310517531,0.0
caucasus_2020-08-22T12:00:00,caucasus,local,hotspot,t1,q850_trace,precip_only,q850,42.22747747747748,43.57312758741756,8.379690552828833e-05,,7.84367036819458,9.040520668029785,6.555232048034668,1.196850299835205,-1.288438320159912,1.2426443099975586,-0.045794010162353516,1.2426443099975586,True,enc_s1,encoder,1,10,0.004930675565265119,0.0037709137191995977,0.003771906066685915,0.0022168149647768588,0.5579921004867415,0.6451648114742753,1.0,850,0.0,0.0,0.9999999310517531,0.9999999310517531,0.0
caucasus_2020-08-22T12:00:00,caucasus,local,hotspot,t1,q850_trace,precip_only,q850,42.22747747747748,43.57312758741756,8.379690552828833e-05,,7.84367036819458,9.040520668029785,6.555232048034668,1.196850299835205,-1.288438320159912,1.2426443099975586,-0.045794010162353516,1.2426443099975586,True,enc_s2,encoder,2,8,0.0021423355501610786,0.0016635989159112796,0.0016413987905252725,0.000992237743048463,0.4934301867411563,0.6232909871178337,1.0,850,0.0,0.0,0.9999999310517531,0.9999999310517531,0.0
caucasus_2020-08-22T12:00:00,caucasus,local,hotspot,t1,q850_trace,precip_only,q850,42.22747747747748,43.57312758741756,8.379690552828833e-05,,7.84367036819458,9.040520668029785,6.555232048034668,1.196850299835205,-1.288438320159912,1.2426443099975586,-0.045794010162353516,1.2426443099975586,True,dec_s0,decoder,0,8,0.0030345699342433363,0.0023379968624794856,0.0022784257016610354,0.0014648164215032011,0.4464984774443199,0.6092486847688413,1.0,850,0.0,0.0,0.9999999310517531,0.9999999310517531,0.0
caucasus_2020-08-22T12:00:00,caucasus,local,hotspot,t1,q850_trace,precip_only,q850,42.22747747747748,43.57312758741756,8.379690552828833e-05,,7.84367036819458,9.040520668029785,6.555232048034668,1.196850299835205,-1.288438320159912,1.2426443099975586,-0.045794010162353516,1.2426443099975586,True,dec_s1,decoder,1,10,0.0036884467350319027,0.0034905343665741382,0.0027572076651267707,0.002299690549261868,0.17845680435333994,0.542488838979439,1.0,850,0.0,0.0,0.9999999310517531,0.9999999310517531,0.0
caucasus_2020-08-22T12:00:00,caucasus,local,hotspot,t1,q850_trace,precip_only,q850,42.22747747747748,43.57312758741756,8.379690552828833e-05,,7.84367036819458,9.040520668029785,6.555232048034668,1.196850299835205,-1.288438320159912,1.2426443099975586,-0.045794010162353516,1.2426443099975586,True,dec_s2,decoder,2,6,0.012616003087411324,0.012058502373596033,0.010410452106346687,0.006626282120123506,0.4934512700561359,0.6110790639655747,1.0,850,0.0,0.0,0.9999999310517531,0.9999999310517531,0.0
caucasus_2020-08-22T12:00:00,caucasus,local,low_near,t1,precip_trace,precip_only,q850,57.22747747747748,53.57312758741756,8.667876727486146e-07,2.11,7.84367036819458,7.843423843383789,7.843886375427246,-0.0002465248107910156,0.00021600723266601562,-0.00023126602172851562,-1.52587890625e-05,0.00023126602172851562,True,enc_s0,encoder,0,6,0.0022178502210105457,0.0004931001215785121,0.0010849827570685495,0.001187125463426734,-0.20902245295423286,0.47586800575757593,,,,,,,
caucasus_2020-08-22T12:00:00,caucasus,local,low_near,t1,precip_trace,precip_only,q850,57.22747747747748,53.57312758741756,8.667876727486146e-07,2.11,7.84367036819458,7.843423843383789,7.843886375427246,-0.0002465248107910156,0.00021600723266601562,-0.00023126602172851562,-1.52587890625e-05,0.00023126602172851562,True,enc_s1,encoder,1,10,0.0019351669470779598,0.0012594159110449255,0.0009243640175554902,0.0013595767144579441,-0.328138226568275,0.42554950699497934,,,,,,,
caucasus_2020-08-22T12:00:00,caucasus,local,low_near,t1,precip_trace,precip_only,q850,57.22747747747748,53.57312758741756,8.667876727486146e-07,2.11,7.84367036819458,7.843423843383789,7.843886375427246,-0.0002465248107910156,0.00021600723266601562,-0.00023126602172851562,-1.52587890625e-05,0.00023126602172851562,True,enc_s2,encoder,2,8,0.0008131011854857206,0.0006419533310690895,0.00040502221600036137,0.0006104052954469807,-0.4045689065692449,0.39894789897214183,,,,,,,
caucasus_2020-08-22T12:00:00,caucasus,local,low_near,t1,precip_trace,precip_only,q850,57.22747747747748,53.57312758741756,8.667876727486146e-07,2.11,7.84367036819458,7.843423843383789,7.843886375427246,-0.0002465248107910156,0.00021600723266601562,-0.00023126602172851562,-1.52587890625e-05,0.00023126602172851562,True,dec_s0,decoder,0,8,0.0012437458572094329,0.001095847510441672,0.00061991347320145,0.0009948636725312099,-0.4495359366826307,0.3844631345498101,,,,,,,
caucasus_2020-08-22T12:00:00,caucasus,local,low_near,t1,precip_trace,precip_only,q850,57.22747747747748,53.57312758741756,8.667876727486146e-07,2.11,7.84367036819458,7.843423843383789,7.843886375427246,-0.0002465248107910156,0.00021600723266601562,-0.00023126602172851562,-1.52587890625e-05,0.00023126602172851562,True,dec_s1,decoder,1,10,0.0023954557022079826,0.002313947246875614,0.001196007354883477,0.002028763561975211,-0.49800580363709274,0.3711877806256261,,,,,,,
caucasus_2020-08-22T12:00:00,caucasus,local,low_near,t1,precip_trace,precip_only,q850,57.22747747747748,53.57312758741756,8.667876727486146e-07,2.11,7.84367036819458,7.843423843383789,7.843886375427246,-0.0002465248107910156,0.00021600723266601562,-0.00023126602172851562,-1.52587890625e-05,0.00023126602172851562,True,dec_s2,decoder,2,6,0.006565473120038708,0.006137881039952238,0.003267461395201584,0.005450983764603734,-0.49974014434968256,0.37477794283067634,,,,,,,
caucasus_2020-08-22T12:00:00,caucasus,local,low_near,t1,q850_trace,precip_only,q850,57.22747747747748,53.57312758741756,8.667876727486146e-07,,7.84367036819458,7.836066246032715,7.846167087554932,-0.007604122161865234,0.0024967193603515625,-0.0050504207611083984,-0.002553701400756836,0.0050504207611083984,True,enc_s0,encoder,0,6,0.009403760079294443,0.008682702978452047,0.008620520743230978,0.002743727876804769,0.8198760342084875,0.7574283619297667,1.0,850,0.0,0.0,1.0,1.0,0.0
caucasus_2020-08-22T12:00:00,caucasus,local,low_near,t1,q850_trace,precip_only,q850,57.22747747747748,53.57312758741756,8.667876727486146e-07,,7.84367036819458,7.836066246032715,7.846167087554932,-0.007604122161865234,0.0024967193603515625,-0.0050504207611083984,-0.002553701400756836,0.0050504207611083984,True,enc_s1,encoder,1,10,0.008531609317287803,0.005536628607660532,0.005888726282864809,0.0040683119092136625,0.4519672957612265,0.6083524079580883,1.0,850,0.0,0.0,1.0,1.0,0.0
caucasus_2020-08-22T12:00:00,caucasus,local,low_near,t1,q850_trace,precip_only,q850,57.22747747747748,53.57312758741756,8.667876727486146e-07,,7.84367036819458,7.836066246032715,7.846167087554932,-0.007604122161865234,0.0024967193603515625,-0.0050504207611083984,-0.002553701400756836,0.0050504207611083984,True,enc_s2,encoder,2,8,0.003916402376489714,0.0024170075776055455,0.002672785078175366,0.001856684684753418,0.4016393546253816,0.5902525005166386,1.0,850,0.0,0.0,1.0,1.0,0.0
caucasus_2020-08-22T12:00:00,caucasus,local,low_near,t1,q850_trace,precip_only,q850,57.22747747747748,53.57312758741756,8.667876727486146e-07,,7.84367036819458,7.836066246032715,7.846167087554932,-0.007604122161865234,0.0024967193603515625,-0.0050504207611083984,-0.002553701400756836,0.0050504207611083984,True,dec_s0,decoder,0,8,0.007223275548312813,0.0030648774991277605,0.004283077898435295,0.0035276435664854944,0.27639691056476245,0.5484300130962474,1.0,850,0.0,0.0,1.0,1.0,0.0
caucasus_2020-08-22T12:00:00,caucasus,local,low_near,t1,q850_trace,precip_only,q850,57.22747747747748,53.57312758741756,8.667876727486146e-07,,7.84367036819458,7.836066246032715,7.846167087554932,-0.007604122161865234,0.0024967193603515625,-0.0050504207611083984,-0.002553701400756836,0.0050504207611083984,True,dec_s1,decoder,1,10,0.005795184778980911,0.005031175096519291,0.004171290365047753,0.003468942630570382,0.22228971448184076,0.550827640350531,1.0,850,0.0,0.0,1.0,1.0,0.0
caucasus_2020-08-22T12:00:00,caucasus,local,low_near,t1,q850_trace,precip_only,q850,57.22747747747748,53.57312758741756,8.667876727486146e-07,,7.84367036819458,7.836066246032715,7.846167087554932,-0.007604122161865234,0.0024967193603515625,-0.0050504207611083984,-0.002553701400756836,0.0050504207611083984,True,dec_s2,decoder,2,6,0.016484580623606842,0.016702549842496712,0.013722615937391916,0.00932692519078652,0.4291079887452796,0.5955918843281788,1.0,850,0.0,0.0,1.0,1.0,0.0
caucasus_2020-08-22T12:00:00,caucasus,synoptic,hotspot,t1,precip_trace,precip_only,q850,44.72747747747748,43.57312758741756,0.00013724413292948157,2.11,7.84367036819458,7.843080043792725,7.844200134277344,-0.0005903244018554688,0.0005297660827636719,-0.0005600452423095703,-3.0279159545898438e-05,0.0005600452423095703,True,enc_s0,encoder,0,6,0.004493631538935006,0.0006112253565030793,0.002236497103391836,0.0023016074943977096,-0.10377758749234477,0.49210236914290645,,,,,,,
caucasus_2020-08-22T12:00:00,caucasus,synoptic,hotspot,t1,precip_trace,precip_only,q850,44.72747747747748,43.57312758741756,0.00013724413292948157,2.11,7.84367036819458,7.843080043792725,7.844200134277344,-0.0005903244018554688,0.0005297660827636719,-0.0005600452423095703,-3.0279159545898438e-05,0.0005600452423095703,True,enc_s1,encoder,1,10,0.002903736918233335,0.001655367499915883,0.0014234855072572828,0.0019107664469629527,-0.28310804411117596,0.4397716524553381,,,,,,,
caucasus_2020-08-22T12:00:00,caucasus,synoptic,hotspot,t1,precip_trace,precip_only,q850,44.72747747747748,43.57312758741756,0.00013724413292948157,2.11,7.84367036819458,7.843080043792725,7.844200134277344,-0.0005903244018554688,0.0005297660827636719,-0.0005600452423095703,-3.0279159545898438e-05,0.0005600452423095703,True,enc_s2,encoder,2,8,0.001112216865294613,0.0008051197582972236,0.0005561905636568554,0.0007958030982990749,-0.3675138372568151,0.4114389483572343,,,,,,,
caucasus_2020-08-22T12:00:00,caucasus,synoptic,hotspot,t1,precip_trace,precip_only,q850,44.72747747747748,43.57312758741756,0.00013724413292948157,2.11,7.84367036819458,7.843080043792725,7.844200134277344,-0.0005903244018554688,0.0005297660827636719,-0.0005600452423095703,-3.0279159545898438e-05,0.0005600452423095703,True,dec_s0,decoder,0,8,0.0015658534539397806,0.001246948042535223,0.0007828048328519799,0.0011793347439379431,-0.4040148046902561,0.3994115862334504,,,,,,,
caucasus_2020-08-22T12:00:00,caucasus,synoptic,hotspot,t1,precip_trace,precip_only,q850,44.72747747747748,43.57312758741756,0.00013724413292948157,2.11,7.84367036819458,7.843080043792725,7.844200134277344,-0.0005903244018554688,0.0005297660827636719,-0.0005600452423095703,-3.0279159545898438e-05,0.0005600452423095703,True,dec_s1,decoder,1,10,0.00259771024575457,0.00239157973555848,0.0012987289752345531,0.0021324254339560866,-0.47422484866839987,0.37880370706009747,,,,,,,
caucasus_2020-08-22T12:00:00,caucasus,synoptic,hotspot,t1,precip_trace,precip_only,q850,44.72747747747748,43.57312758741756,0.00013724413292948157,2.11,7.84367036819458,7.843080043792725,7.844200134277344,-0.0005903244018554688,0.0005297660827636719,-0.0005600452423095703,-3.0279159545898438e-05,0.0005600452423095703,True,dec_s2,decoder,2,6,0.008694809706260761,0.006318990762035052,0.004339601340082784,0.0062421096954494715,-0.3950656442246938,0.4096376147180101,,,,,,,
caucasus_2020-08-22T12:00:00,caucasus,synoptic,hotspot,t1,q850_trace,precip_only,q850,44.72747747747748,43.57312758741756,0.00013724413292948157,,7.84367036819458,9.180255889892578,6.451392650604248,1.336585521697998,-1.392277717590332,1.364431619644165,-0.027846097946166992,1.364431619644165,True,enc_s0,encoder,0,6,0.015599296738704046,0.015297023889919123,0.014877009205520153,0.00414902934183677,0.8560339875817015,0.7807170457580703,1.0,850,0.0,0.0004262090128999261,0.9999999081208744,0.9998775251254954,0.00012238300662338302
caucasus_2020-08-22T12:00:00,caucasus,synoptic,hotspot,t1,q850_trace,precip_only,q850,44.72747747747748,43.57312758741756,0.00013724413292948157,,7.84367036819458,9.180255889892578,6.451392650604248,1.336585521697998,-1.392277717590332,1.364431619644165,-0.027846097946166992,1.364431619644165,True,enc_s1,encoder,1,10,0.010685751680284739,0.009522962057963014,0.00903489557094872,0.004533544252626598,0.6378707306238035,0.678188721548271,1.0,850,0.0,0.0004262090128999261,0.9999999081208744,0.9998775251254954,0.00012238300662338302
caucasus_2020-08-22T12:00:00,caucasus,synoptic,hotspot,t1,q850_trace,precip_only,q850,44.72747747747748,43.57312758741756,0.00013724413292948157,,7.84367036819458,9.180255889892578,6.451392650604248,1.336585521697998,-1.392277717590332,1.364431619644165,-0.027846097946166992,1.364431619644165,True,enc_s2,encoder,2,8,0.0047707605408504605,0.003913086227839813,0.00380086328368634,0.0021423746657092124,0.5425968513659118,0.639557813755642,1.0,850,0.0,0.0004262090128999261,0.9999999081208744,0.9998775251254954,0.00012238300662338302
caucasus_2020-08-22T12:00:00,caucasus,synoptic,hotspot,t1,q850_trace,precip_only,q850,44.72747747747748,43.57312758741756,0.00013724413292948157,,7.84367036819458,9.180255889892578,6.451392650604248,1.336585521697998,-1.392277717590332,1.364431619644165,-0.027846097946166992,1.364431619644165,True,dec_s0,decoder,0,8,0.006827028817497194,0.005139574583154172,0.005210250790696591,0.003060360992094502,0.5240176352039511,0.6300563466733827,1.0,850,0.0,0.0004262090128999261,0.9999999081208744,0.9998775251254954,0.00012238300662338302
caucasus_2020-08-22T12:00:00,caucasus,synoptic,hotspot,t1,q850_trace,precip_only,q850,44.72747747747748,43.57312758741756,0.00013724413292948157,,7.84367036819458,9.180255889892578,6.451392650604248,1.336585521697998,-1.392277717590332,1.364431619644165,-0.027846097946166992,1.364431619644165,True,dec_s1,decoder,1,10,0.007400186453014612,0.0072051762137562035,0.006125581287778914,0.003974187350831926,0.4577565402515157,0.6103499905265712,1.0,850,0.0,0.0004262090128999261,0.9999999081208744,0.9998775251254954,0.00012238300662338302
caucasus_2020-08-22T12:00:00,caucasus,synoptic,hotspot,t1,q850_trace,precip_only,q850,44.72747747747748,43.57312758741756,0.00013724413292948157,,7.84367036819458,9.180255889892578,6.451392650604248,1.336585521697998,-1.392277717590332,1.364431619644165,-0.027846097946166992,1.364431619644165,True,dec_s2,decoder,2,6,0.025904263369739056,0.025315217673778534,0.022682621454199154,0.011891590586553017,0.622270935828938,0.6562005014774148,1.0,850,0.0,0.0004262090128999261,0.9999999081208744,0.9998775251254954,0.00012238300662338302
caucasus_2020-08-22T12:00:00,caucasus,synoptic,low_near,t1,precip_trace,precip_only,q850,59.72747747747748,48.57312758741756,8.51015738589922e-06,2.11,7.84367036819458,7.842881679534912,7.84354829788208,-0.0007886886596679688,-0.0001220703125,-0.0003333091735839844,-0.0004553794860839844,0.0004553794860839844,False,enc_s0,encoder,0,6,0.005308772049223383,0.0006386551443332186,0.0026450816464299956,0.0027049718579898276,-0.09106632289666017,0.49381588240095026,,,,,,,
caucasus_2020-08-22T12:00:00,caucasus,synoptic,low_near,t1,precip_trace,precip_only,q850,59.72747747747748,48.57312758741756,8.51015738589922e-06,2.11,7.84367036819458,7.842881679534912,7.84354829788208,-0.0007886886596679688,-0.0001220703125,-0.0003333091735839844,-0.0004553794860839844,0.0004553794860839844,False,enc_s1,encoder,1,10,0.0034245493821799754,0.0016383474925532938,0.0016837927629239856,0.0021209493512287735,-0.24417593140264843,0.45197556953793205,,,,,,,
caucasus_2020-08-22T12:00:00,caucasus,synoptic,low_near,t1,precip_trace,precip_only,q850,59.72747747747748,48.57312758741756,8.51015738589922e-06,2.11,7.84367036819458,7.842881679534912,7.84354829788208,-0.0007886886596679688,-0.0001220703125,-0.0003333091735839844,-0.0004553794860839844,0.0004553794860839844,False,enc_s2,encoder,2,8,0.0013162172690499574,0.0007866113737691194,0.0006576713203685358,0.0008620474254712462,-0.30417031918121185,0.4328120872797727,,,,,,,
caucasus_2020-08-22T12:00:00,caucasus,synoptic,low_near,t1,precip_trace,precip_only,q850,59.72747747747748,48.57312758741756,8.51015738589922e-06,2.11,7.84367036819458,7.842881679534912,7.84354829788208,-0.0007886886596679688,-0.0001220703125,-0.0003333091735839844,-0.0004553794860839844,0.0004553794860839844,False,dec_s0,decoder,0,8,0.0017921541730174795,0.0012263375101611018,0.0008954959630500525,0.0012476426491048187,-0.3482345319480703,0.4184233034123834,,,,,,,
caucasus_2020-08-22T12:00:00,caucasus,synoptic,low_near,t1,precip_trace,precip_only,q850,59.72747747747748,48.57312758741756,8.51015738589922e-06,2.11,7.84367036819458,7.842881679534912,7.84354829788208,-0.0007886886596679688,-0.0001220703125,-0.0003333091735839844,-0.0004553794860839844,0.0004553794860839844,False,dec_s1,decoder,1,10,0.0027357007726095616,0.0023756797309033573,0.0013676747912541032,0.002166537847369909,-0.44685999436705404,0.3878369034794167,,,,,,,
caucasus_2020-08-22T12:00:00,caucasus,synoptic,low_near,t1,precip_trace,precip_only,q850,59.72747747747748,48.57312758741756,8.51015738589922e-06,2.11,7.84367036819458,7.842881679534912,7.84354829788208,-0.0007886886596679688,-0.0001220703125,-0.0003333091735839844,-0.0004553794860839844,0.0004553794860839844,False,dec_s2,decoder,2,6,0.00876666217421492,0.006280772077540557,0.004376355791464448,0.006245419538269441,-0.38900384841077235,0.4118667669978974,,,,,,,
caucasus_2020-08-22T12:00:00,caucasus,synoptic,low_near,t1,q850_trace,precip_only,q850,59.72747747747748,48.57312758741756,8.51015738589922e-06,,7.84367036819458,7.8629608154296875,7.812952518463135,0.019290447235107422,-0.030717849731445312,0.025004148483276367,-0.005713701248168945,0.025004148483276367,True,enc_s0,encoder,0,6,0.02155825061102708,0.020164023153483868,0.019998733264704544,0.005958635825663805,0.8378109682603713,0.7692771724799824,1.0,850,0.0,0.0015120662889861092,1.0,0.9994103898129129,0.0005896101870871458
caucasus_2020-08-22T12:00:00,caucasus,synoptic,low_near,t1,q850_trace,precip_only,q850,59.72747747747748,48.57312758741756,8.51015738589922e-06,,7.84367036819458,7.8629608154296875,7.812952518463135,0.019290447235107422,-0.030717849731445312,0.025004148483276367,-0.005713701248168945,0.025004148483276367,True,enc_s1,encoder,1,10,0.01646519610658288,0.012045261356979609,0.012317030318081379,0.007481733290478587,0.5309288982161139,0.6350491818364509,1.0,850,0.0,0.0015120662889861092,1.0,0.9994103898129129,0.0005896101870871458
caucasus_2020-08-22T12:00:00,caucasus,synoptic,low_near,t1,q850_trace,precip_only,q850,59.72747747747748,48.57312758741756,8.51015738589922e-06,,7.84367036819458,7.8629608154296875,7.812952518463135,0.019290447235107422,-0.030717849731445312,0.025004148483276367,-0.005713701248168945,0.025004148483276367,True,enc_s2,encoder,2,8,0.007326380233280361,0.004847253498155624,0.005260956997517496,0.0033028094621840864,0.4828682244412065,0.6143807250373834,1.0,850,0.0,0.0015120662889861092,1.0,0.9994103898129129,0.0005896101870871458
caucasus_2020-08-22T12:00:00,caucasus,synoptic,low_near,t1,q850_trace,precip_only,q850,59.72747747747748,48.57312758741756,8.51015738589922e-06,,7.84367036819458,7.8629608154296875,7.812952518463135,0.019290447235107422,-0.030717849731445312,0.025004148483276367,-0.005713701248168945,0.025004148483276367,True,dec_s0,decoder,0,8,0.011033245013095438,0.006058343860786408,0.007352083921432495,0.00501704728230834,0.44394212957148915,0.5944112361915168,1.0,850,0.0,0.0015120662889861092,1.0,0.9994103898129129,0.0005896101870871458
caucasus_2020-08-22T12:00:00,caucasus,synoptic,low_near,t1,q850_trace,precip_only,q850,59.72747747747748,48.57312758741756,8.51015738589922e-06,,7.84367036819458,7.8629608154296875,7.812952518463135,0.019290447235107422,-0.030717849731445312,0.025004148483276367,-0.005713701248168945,0.025004148483276367,True,dec_s1,decoder,1,10,0.011010200902819633,0.009059878811240197,0.008400208270177244,0.005568410153500736,0.44839204486401396,0.6071240179569808,1.0,850,0.0,0.0015120662889861092,1.0,0.9994103898129129,0.0005896101870871458
caucasus_2020-08-22T12:00:00,caucasus,synoptic,low_near,t1,q850_trace,precip_only,q850,59.72747747747748,48.57312758741756,8.51015738589922e-06,,7.84367036819458,7.8629608154296875,7.812952518463135,0.019290447235107422,-0.030717849731445312,0.025004148483276367,-0.005713701248168945,0.025004148483276367,True,dec_s2,decoder,2,6,0.035239819437265396,0.03549497885008653,0.03196541778743267,0.015130946412682533,0.6698099577218187,0.6789658395365504,1.0,850,0.0,0.0015120662889861092,1.0,0.9994103898129129,0.0005896101870871458
ganges_plain_2020-07-19T12:00:00,ganges_plain,local,hotspot,t1,precip_trace,precip_only,q850,24.47747747747748,89.24892185705099,8.608861389802769e-05,2.11,15.741825103759766,15.764204978942871,15.742631912231445,0.02237987518310547,0.0008068084716796875,0.01078653335571289,0.011593341827392578,0.011593341827392578,False,enc_s0,encoder,0,6,0.0017192279143879812,0.0005157549943154057,0.0008353219600394368,0.0009583598390842477,-0.24595708330607383,0.46336338096322544,,,,,,,
ganges_plain_2020-07-19T12:00:00,ganges_plain,local,hotspot,t1,precip_trace,precip_only,q850,24.47747747747748,89.24892185705099,8.608861389802769e-05,2.11,15.741825103759766,15.764204978942871,15.742631912231445,0.02237987518310547,0.0008068084716796875,0.01078653335571289,0.011593341827392578,0.011593341827392578,False,enc_s1,encoder,1,10,0.0016348759352695196,0.0013299895799718797,0.000772793497890234,0.001277576549910009,-0.40424750386674957,0.39933849018269046,,,,,,,
ganges_plain_2020-07-19T12:00:00,ganges_plain,local,hotspot,t1,precip_trace,precip_only,q850,24.47747747747748,89.24892185705099,8.608861389802769e-05,2.11,15.741825103759766,15.764204978942871,15.742631912231445,0.02237987518310547,0.0008068084716796875,0.01078653335571289,0.011593341827392578,0.011593341827392578,False,enc_s2,encoder,2,8,0.0007557272328995168,0.0006947202055016533,0.0003774973774852697,0.0006199816489242949,-0.46631031496645853,0.37847908297852156,,,,,,,
ganges_plain_2020-07-19T12:00:00,ganges_plain,local,hotspot,t1,precip_trace,precip_only,q850,24.47747747747748,89.24892185705099,8.608861389802769e-05,2.11,15.741825103759766,15.764204978942871,15.742631912231445,0.02237987518310547,0.0008068084716796875,0.01078653335571289,0.011593341827392578,0.011593341827392578,False,dec_s0,decoder,0,8,0.001207913133839611,0.0011467326112324372,0.0006038088613422588,0.0010111637820955366,-0.48124749187510474,0.37403955977666997,,,,,,,
ganges_plain_2020-07-19T12:00:00,ganges_plain,local,hotspot,t1,precip_trace,precip_only,q850,24.47747747747748,89.24892185705099,8.608861389802769e-05,2.11,15.741825103759766,15.764204978942871,15.742631912231445,0.02237987518310547,0.0008068084716796875,0.01078653335571289,0.011593341827392578,0.011593341827392578,False,dec_s1,decoder,1,10,0.002392512047663331,0.0023633012897334993,0.0011952327331528068,0.0020557417534291743,-0.5089281182000691,0.36770883960740536,,,,,,,
ganges_plain_2020-07-19T12:00:00,ganges_plain,local,hotspot,t1,precip_trace,precip_only,q850,24.47747747747748,89.24892185705099,8.608861389802769e-05,2.11,15.741825103759766,15.764204978942871,15.742631912231445,0.02237987518310547,0.0008068084716796875,0.01078653335571289,0.011593341827392578,0.011593341827392578,False,dec_s2,decoder,2,6,0.006557684391736984,0.006269225074599187,0.003265802670891086,0.005521596098939578,-0.5090729597458997,0.3716176314070711,,,,,,,
ganges_plain_2020-07-19T12:00:00,ganges_plain,local,hotspot,t1,q850_trace,precip_only,q850,24.47747747747748,89.24892185705099,8.608861389802769e-05,,15.741825103759766,17.485074996948242,13.954785346984863,1.7432498931884766,-1.7870397567749023,1.7651448249816895,-0.02189493179321289,1.7651448249816895,True,enc_s0,encoder,0,6,0.005379470453287165,0.005028994443515937,0.0050039931666105986,0.001437570802712192,0.8581904859169874,0.7759856015075982,1.0,850,0.010495382031905962,0.0,0.9930271745366491,1.0000000847440536,0.006972909616491666
ganges_plain_2020-07-19T12:00:00,ganges_plain,local,hotspot,t1,q850_trace,precip_only,q850,24.47747747747748,89.24892185705099,8.608861389802769e-05,,15.741825103759766,17.485074996948242,13.954785346984863,1.7432498931884766,-1.7870397567749023,1.7651448249816895,-0.02189493179321289,1.7651448249816895,True,enc_s1,encoder,1,10,0.004359748889692127,0.0034675867762416603,0.0032846651505678893,0.0021194423141423615,0.5002434499418124,0.6320150412846486,1.0,850,0.010495382031905962,0.0,0.9930271745366491,1.0000000847440536,0.006972909616491666
ganges_plain_2020-07-19T12:00:00,ganges_plain,local,hotspot,t1,q850_trace,precip_only,q850,24.47747747747748,89.24892185705099,8.608861389802769e-05,,15.741825103759766,17.485074996948242,13.954785346984863,1.7432498931884766,-1.7870397567749023,1.7651448249816895,-0.02189493179321289,1.7651448249816895,True,enc_s2,encoder,2,8,0.0020477846264839172,0.0016251320048468187,0.001541821489809081,0.0010198137315455824,0.41365101725919934,0.601942213436935,1.0,850,0.010495382031905962,0.0,0.9930271745366491,1.0000000847440536,0.006972909616491666
ganges_plain_2020-07-19T12:00:00,ganges_plain,local,hotspot,t1,q850_trace,precip_only,q850,24.47747747747748,89.24892185705099,8.608861389802769e-05,,15.741825103759766,17.485074996948242,13.954785346984863,1.7432498931884766,-1.7870397567749023,1.7651448249816895,-0.02189493179321289,1.7651448249816895,True,dec_s0,decoder,0,8,0.002758733549853787,0.002248111355584115,0.0020484335836954415,0.0014614140964113176,0.34521938943135977,0.5842144603206523,1.0,850,0.010495382031905962,0.0,0.9930271745366491,1.0000000847440536,0.006972909616491666
ganges_plain_2020-07-19T12:00:00,ganges_plain,local,hotspot,t1,q850_trace,precip_only,q850,24.47747747747748,89.24892185705099,8.608861389802769e-05,,15.741825103759766,17.485074996948242,13.954785346984863,1.7432498931884766,-1.7870397567749023,1.7651448249816895,-0.02189493179321289,1.7651448249816895,True,dec_s1,decoder,1,10,0.004007434379309416,0.0034886939567513762,0.002857709734234959,0.002438229660037905,0.155475388830493,0.5367750020986592,1.0,850,0.010495382031905962,0.0,0.9930271745366491,1.0000000847440536,0.006972909616491666
ganges_plain_2020-07-19T12:00:00,ganges_plain,local,hotspot,t1,q850_trace,precip_only,q850,24.47747747747748,89.24892185705099,8.608861389802769e-05,,15.741825103759766,17.485074996948242,13.954785346984863,1.7432498931884766,-1.7870397567749023,1.7651448249816895,-0.02189493179321289,1.7651448249816895,True,dec_s2,decoder,2,6,0.012537054717540741,0.011241610317180553,0.00983353719736139,0.0067139631913354,0.4167354663336686,0.5942622850124685,1.0,850,0.010495382031905962,0.0,0.9930271745366491,1.0000000847440536,0.006972909616491666
ganges_plain_2020-07-19T12:00:00,ganges_plain,local,low_near,t1,precip_trace,precip_only,q850,36.97747747747748,79.24892185705099,1.4308703839560621e-06,2.11,15.741825103759766,15.742557525634766,15.742722511291504,0.000732421875,0.0008974075317382812,-8.249282836914062e-05,0.0008149147033691406,0.0008149147033691406,False,enc_s0,encoder,0,6,0.0019297372200526297,0.000513028857919077,0.0009383150318171829,0.0010575177730061114,-0.2366449697027869,0.46840228670638373,,,,,,,
ganges_plain_2020-07-19T12:00:00,ganges_plain,local,low_near,t1,precip_trace,precip_only,q850,36.97747747747748,79.24892185705099,1.4308703839560621e-06,2.11,15.741825103759766,15.742557525634766,15.742722511291504,0.000732421875,0.0008974075317382812,-8.249282836914062e-05,0.0008149147033691406,0.0008149147033691406,False,enc_s1,encoder,1,10,0.0017058951314538717,0.0013032395974732936,0.0008072241384070366,0.0012913884420413524,-0.38423256655975396,0.40676646138062866,,,,,,,
ganges_plain_2020-07-19T12:00:00,ganges_plain,local,low_near,t1,precip_trace,precip_only,q850,36.97747747747748,79.24892185705099,1.4308703839560621e-06,2.11,15.741825103759766,15.742557525634766,15.742722511291504,0.000732421875,0.0008974075317382812,-8.249282836914062e-05,0.0008149147033691406,0.0008149147033691406,False,enc_s2,encoder,2,8,0.000745653931517154,0.0006747106381226331,0.0003718900552485138,0.0006060662926756777,-0.46007649633119485,0.3803030705554483,,,,,,,
ganges_plain_2020-07-19T12:00:00,ganges_plain,local,low_near,t1,precip_trace,precip_only,q850,36.97747747747748,79.24892185705099,1.4308703839560621e-06,2.11,15.741825103759766,15.742557525634766,15.742722511291504,0.000732421875,0.0008974075317382812,-8.249282836914062e-05,0.0008149147033691406,0.0008149147033691406,False,dec_s0,decoder,0,8,0.0012023460731143132,0.0011266004585195333,0.000599726103246212,0.0009988865785999224,-0.4773853812774772,0.3753330368533674,,,,,,,
ganges_plain_2020-07-19T12:00:00,ganges_plain,local,low_near,t1,precip_trace,precip_only,q850,36.97747747747748,79.24892185705099,1.4308703839560621e-06,2.11,15.741825103759766,15.742557525634766,15.742722511291504,0.000732421875,0.0008974075317382812,-8.249282836914062e-05,0.0008149147033691406,0.0008149147033691406,False,dec_s1,decoder,1,10,0.0023957201163284482,0.0023509350954554974,0.0011953493114560843,0.0020504454500041903,-0.5072130026615704,0.3682784937921778,,,,,,,
ganges_plain_2020-07-19T12:00:00,ganges_plain,local,low_near,t1,precip_trace,precip_only,q850,36.97747747747748,79.24892185705099,1.4308703839560621e-06,2.11,15.741825103759766,15.742557525634766,15.742722511291504,0.000732421875,0.0008974075317382812,-8.249282836914062e-05,0.0008149147033691406,0.0008149147033691406,False,dec_s2,decoder,2,6,0.006910644316424926,0.006234791905929645,0.003438216207238535,0.00561268317202727,-0.4841821353509368,0.37964394389468437,,,,,,,
ganges_plain_2020-07-19T12:00:00,ganges_plain,local,low_near,t1,q850_trace,precip_only,q850,36.97747747747748,79.24892185705099,1.4308703839560621e-06,,15.741825103759766,15.735505104064941,15.742915153503418,-0.006319999694824219,0.0010900497436523438,-0.0037050247192382812,-0.0026149749755859375,0.0037050247192382812,True,enc_s0,encoder,0,6,0.004871204883481066,0.004804849314192931,0.0046710676203171415,0.001251736927467088,0.8742055077965158,0.7870511494950999,1.0,850,0.0,0.0,1.0,0.9999999256149468,7.438505318642881e-08
ganges_plain_2020-07-19T12:00:00,ganges_plain,local,low_near,t1,q850_trace,precip_only,q850,36.97747747747748,79.24892185705099,1.4308703839560621e-06,,15.741825103759766,15.735505104064941,15.742915153503418,-0.006319999694824219,0.0010900497436523438,-0.0037050247192382812,-0.0026149749755859375,0.0037050247192382812,True,enc_s1,encoder,1,10,0.0034188601886853574,0.003089928021654487,0.002833309257403016,0.0015600738290231675,0.6012078301034386,0.6691963077438363,1.0,850,0.0,0.0,1.0,0.9999999256149468,7.438505318642881e-08
ganges_plain_2020-07-19T12:00:00,ganges_plain,local,low_near,t1,q850_trace,precip_only,q850,36.97747747747748,79.24892185705099,1.4308703839560621e-06,,15.741825103759766,15.735505104064941,15.742915153503418,-0.006319999694824219,0.0010900497436523438,-0.0037050247192382812,-0.0026149749755859375,0.0037050247192382812,True,enc_s2,encoder,2,8,0.001556659844936803,0.0013438858586596325,0.0012413892254699022,0.0007573428665637039,0.4746993135527166,0.621162422231498,1.0,850,0.0,0.0,1.0,0.9999999256149468,7.438505318642881e-08
ganges_plain_2020-07-19T12:00:00,ganges_plain,local,low_near,t1,q850_trace,precip_only,q850,36.97747747747748,79.24892185705099,1.4308703839560621e-06,,15.741825103759766,15.735505104064941,15.742915153503418,-0.006319999694824219,0.0010900497436523438,-0.0037050247192382812,-0.0026149749755859375,0.0037050247192382812,True,dec_s0,decoder,0,8,0.002348144364077598,0.0019827620562864468,0.001808148212148808,0.0012050620644004084,0.4071786063193841,0.6011300505541084,1.0,850,0.0,0.0,1.0,0.9999999256149468,7.438505318642881e-08
ganges_plain_2020-07-19T12:00:00,ganges_plain,local,low_near,t1,q850_trace,precip_only,q850,36.97747747747748,79.24892185705099,1.4308703839560621e-06,,15.741825103759766,15.735505104064941,15.742915153503418,-0.006319999694824219,0.0010900497436523438,-0.0037050247192382812,-0.0026149749755859375,0.0037050247192382812,True,dec_s1,decoder,1,10,0.003971508215181529,0.003286865272093564,0.002758712403010577,0.002382150269113481,0.1338511137697481,0.5312219062035672,1.0,850,0.0,0.0,1.0,0.9999999256149468,7.438505318642881e-08
ganges_plain_2020-07-19T12:00:00,ganges_plain,local,low_near,t1,q850_trace,precip_only,q850,36.97747747747748,79.24892185705099,1.4308703839560621e-06,,15.741825103759766,15.735505104064941,15.742915153503418,-0.006319999694824219,0.0010900497436523438,-0.0037050247192382812,-0.0026149749755859375,0.0037050247192382812,True,dec_s2,decoder,2,6,0.01254949439316988,0.010088483182092508,0.00910999703531464,0.006829403651257356,0.3357269379200584,0.5716282816360605,1.0,850,0.0,0.0,1.0,0.9999999256149468,7.438505318642881e-08
ganges_plain_2020-07-19T12:00:00,ganges_plain,synoptic,hotspot,t1,precip_trace,precip_only,q850,21.97747747747748,89.24892185705099,0.00015920671285130084,2.11,15.741825103759766,15.765510559082031,15.73996639251709,0.023685455322265625,-0.0018587112426757812,0.012772083282470703,0.010913372039794922,0.012772083282470703,True,enc_s0,encoder,0,6,0.0038654430924604335,0.0006220005355620136,0.0019257299912472565,0.0019929890792506435,-0.10547325313435281,0.4904256079311767,,,,,,,
ganges_plain_2020-07-19T12:00:00,ganges_plain,synoptic,hotspot,t1,precip_trace,precip_only,q850,21.97747747747748,89.24892185705099,0.00015920671285130084,2.11,15.741825103759766,15.765510559082031,15.73996639251709,0.023685455322265625,-0.0018587112426757812,0.012772083282470703,0.010913372039794922,0.012772083282470703,True,enc_s1,encoder,1,10,0.0025931615382432938,0.0016927439020946622,0.0012653446523472668,0.0018043587799184025,-0.31910107938264465,0.42808523458771564,,,,,,,
ganges_plain_2020-07-19T12:00:00,ganges_plain,synoptic,hotspot,t1,precip_trace,precip_only,q850,21.97747747747748,89.24892185705099,0.00015920671285130084,2.11,15.741825103759766,15.765510559082031,15.73996639251709,0.023685455322265625,-0.0018587112426757812,0.012772083282470703,0.010913372039794922,0.012772083282470703,True,enc_s2,encoder,2,8,0.001078143934137188,0.000847761781187728,0.0005392605671659112,0.0008060767722781748,-0.3990049360019904,0.4008784080471091,,,,,,,
ganges_plain_2020-07-19T12:00:00,ganges_plain,synoptic,hotspot,t1,precip_trace,precip_only,q850,21.97747747747748,89.24892185705099,0.00015920671285130084,2.11,15.741825103759766,15.765510559082031,15.73996639251709,0.023685455322265625,-0.0018587112426757812,0.012772083282470703,0.010913372039794922,0.012772083282470703,True,dec_s0,decoder,0,8,0.001538408236228861,0.0012929947406519204,0.0007694329033256508,0.00119471345533384,-0.4257701205221547,0.3920606883446496,,,,,,,
ganges_plain_2020-07-19T12:00:00,ganges_plain,synoptic,hotspot,t1,precip_trace,precip_only,q850,21.97747747747748,89.24892185705099,0.00015920671285130084,2.11,15.741825103759766,15.765510559082031,15.73996639251709,0.023685455322265625,-0.0018587112426757812,0.012772083282470703,0.010913372039794922,0.012772083282470703,True,dec_s1,decoder,1,10,0.0025842161499895155,0.0024351092986762525,0.0012912092788610607,0.002153321949299425,-0.4853123716341736,0.375202628197436,,,,,,,
ganges_plain_2020-07-19T12:00:00,ganges_plain,synoptic,hotspot,t1,precip_trace,precip_only,q850,21.97747747747748,89.24892185705099,0.00015920671285130084,2.11,15.741825103759766,15.765510559082031,15.73996639251709,0.023685455322265625,-0.0018587112426757812,0.012772083282470703,0.010913372039794922,0.012772083282470703,True,dec_s2,decoder,2,6,0.008135834398368994,0.006413783800477783,0.004056364297866821,0.006102035598208507,-0.4260046027944271,0.39888418183751445,,,,,,,
ganges_plain_2020-07-19T12:00:00,ganges_plain,synoptic,hotspot,t1,q850_trace,precip_only,q850,21.97747747747748,89.24892185705099,0.00015920671285130084,,15.741825103759766,17.875019073486328,13.586742401123047,2.1331939697265625,-2.1550827026367188,2.1441383361816406,-0.010944366455078125,2.1441383361816406,True,enc_s0,encoder,0,6,0.014054858591407537,0.012562728021293879,0.01274380615601937,0.003901626138637463,0.8354676268933402,0.7647026075212642,1.0,850,0.003003782540977527,0.0,0.9983519268484577,0.9999999400373604,0.0016480132877217492
ganges_plain_2020-07-19T12:00:00,ganges_plain,synoptic,hotspot,t1,q850_trace,precip_only,q850,21.97747747747748,89.24892185705099,0.00015920671285130084,,15.741825103759766,17.875019073486328,13.586742401123047,2.1331939697265625,-2.1550827026367188,2.1441383361816406,-0.010944366455078125,2.1441383361816406,True,enc_s1,encoder,1,10,0.008932452881708741,0.007038058387115598,0.007026036595925688,0.0038566376781091092,0.5997947965849664,0.660455001531268,1.0,850,0.003003782540977527,0.0,0.9983519268484577,0.9999999400373604,0.0016480132877217492
ganges_plain_2020-07-19T12:00:00,ganges_plain,synoptic,hotspot,t1,q850_trace,precip_only,q850,21.97747747747748,89.24892185705099,0.00015920671285130084,,15.741825103759766,17.875019073486328,13.586742401123047,2.1331939697265625,-2.1550827026367188,2.1441383361816406,-0.010944366455078125,2.1441383361816406,True,enc_s2,encoder,2,8,0.004354072036221623,0.0030782895046286285,0.0032902435632422566,0.0018415614904370159,0.5722566539093085,0.6411658847294062,1.0,850,0.003003782540977527,0.0,0.9983519268484577,0.9999999400373604,0.0016480132877217492
ganges_plain_2020-07-19T12:00:00,ganges_plain,synoptic,hotspot,t1,q850_trace,precip_only,q850,21.97747747747748,89.24892185705099,0.00015920671285130084,,15.741825103759766,17.875019073486328,13.586742401123047,2.1331939697265625,-2.1550827026367188,2.1441383361816406,-0.010944366455078125,2.1441383361816406,True,dec_s0,decoder,0,8,0.005864240869414061,0.004065728804562241,0.0043827178596984595,0.0025003475311677903,0.5618888226347066,0.6368323939510232,1.0,850,0.003003782540977527,0.0,0.9983519268484577,0.9999999400373604,0.0016480132877217492
ganges_plain_2020-07-19T12:00:00,ganges_plain,synoptic,hotspot,t1,q850_trace,precip_only,q850,21.97747747747748,89.24892185705099,0.00015920671285130084,,15.741825103759766,17.875019073486328,13.586742401123047,2.1331939697265625,-2.1550827026367188,2.1441383361816406,-0.010944366455078125,2.1441383361816406,True,dec_s1,decoder,1,10,0.007506446121260524,0.005861666891723872,0.0056815104559063915,0.0036137268412858247,0.481767246285251,0.614453337388866,1.0,850,0.003003782540977527,0.0,0.9983519268484577,0.9999999400373604,0.0016480132877217492
ganges_plain_2020-07-19T12:00:00,ganges_plain,synoptic,hotspot,t1,q850_trace,precip_only,q850,21.97747747747748,89.24892185705099,0.00015920671285130084,,15.741825103759766,17.875019073486328,13.586742401123047,2.1331939697265625,-2.1550827026367188,2.1441383361816406,-0.010944366455078125,2.1441383361816406,True,dec_s2,decoder,2,6,0.02618810658653577,0.02150935431321462,0.021641976510485012,0.01028828276321292,0.7031743608671709,0.6778730098019209,1.0,850,0.003003782540977527,0.0,0.9983519268484577,0.9999999400373604,0.0016480132877217492
ganges_plain_2020-07-19T12:00:00,ganges_plain,synoptic,low_near,t1,precip_trace,precip_only,q850,41.97747747747748,89.24892185705099,1.2194820556032937e-05,2.11,15.741825103759766,15.740368843078613,15.743322372436523,-0.0014562606811523438,0.0014972686767578125,-0.0014767646789550781,2.0503997802734375e-05,0.0014767646789550781,True,enc_s0,encoder,0,6,0.004530477492759625,0.0006352602504193783,0.0022551334695890546,0.002322598379881432,-0.10351561344752984,0.49196676750980406,,,,,,,
ganges_plain_2020-07-19T12:00:00,ganges_plain,synoptic,low_near,t1,precip_trace,precip_only,q850,41.97747747747748,89.24892185705099,1.2194820556032937e-05,2.11,15.741825103759766,15.740368843078613,15.743322372436523,-0.0014562606811523438,0.0014972686767578125,-0.0014767646789550781,2.0503997802734375e-05,0.0014767646789550781,True,enc_s1,encoder,1,10,0.0027920616790652274,0.0016500568890478462,0.0013654588023200632,0.0018619013717398047,-0.2946799823979311,0.43623407459468666,,,,,,,
ganges_plain_2020-07-19T12:00:00,ganges_plain,synoptic,low_near,t1,precip_trace,precip_only,q850,41.97747747747748,89.24892185705099,1.2194820556032937e-05,2.11,15.741825103759766,15.740368843078613,15.743322372436523,-0.0014562606811523438,0.0014972686767578125,-0.0014767646789550781,2.0503997802734375e-05,0.0014767646789550781,True,enc_s2,encoder,2,8,0.0010757449053926393,0.0008159059871104546,0.000537304746103473,0.0007891673885751516,-0.3862576542121579,0.40511096677632374,,,,,,,
ganges_plain_2020-07-19T12:00:00,ganges_plain,synoptic,low_near,t1,precip_trace,precip_only,q850,41.97747747747748,89.24892185705099,1.2194820556032937e-05,2.11,15.741825103759766,15.740368843078613,15.743322372436523,-0.0014562606811523438,0.0014972686767578125,-0.0014767646789550781,2.0503997802734375e-05,0.0014767646789550781,True,dec_s0,decoder,0,8,0.001542463171062991,0.0012601162670762278,0.0007699575216975063,0.0011793297162512317,-0.4164683930496138,0.39533713143977767,,,,,,,
ganges_plain_2020-07-19T12:00:00,ganges_plain,synoptic,low_near,t1,precip_trace,precip_only,q850,41.97747747747748,89.24892185705099,1.2194820556032937e-05,2.11,15.741825103759766,15.740368843078613,15.743322372436523,-0.0014562606811523438,0.0014972686767578125,-0.0014767646789550781,2.0503997802734375e-05,0.0014767646789550781,True,dec_s1,decoder,1,10,0.0025593555881641807,0.002415218169335276,0.0012787337182089686,0.0021346347173675896,-0.4865318091271244,0.3748451111671972,,,,,,,
ganges_plain_2020-07-19T12:00:00,ganges_plain,synoptic,low_near,t1,precip_trace,precip_only,q850,41.97747747747748,89.24892185705099,1.2194820556032937e-05,2.11,15.741825103759766,15.740368843078613,15.743322372436523,-0.0014562606811523438,0.0014972686767578125,-0.0014767646789550781,2.0503997802734375e-05,0.0014767646789550781,True,dec_s2,decoder,2,6,0.008549415584032735,0.006376132757092516,0.004264123970642686,0.006221808415527145,-0.40453748243216725,0.40631785882798827,,,,,,,
ganges_plain_2020-07-19T12:00:00,ganges_plain,synoptic,low_near,t1,q850_trace,precip_only,q850,41.97747747747748,89.24892185705099,1.2194820556032937e-05,,15.741825103759766,15.753546714782715,15.724267959594727,0.011721611022949219,-0.017557144165039062,0.01463937759399414,-0.002917766571044922,0.01463937759399414,True,enc_s0,encoder,0,6,0.012074587866663933,0.012448608875274658,0.011847681986788908,0.0031527765871336064,0.8704749575633972,0.7886249564626663,1.0,850,5.947778504728484e-05,0.007286028668292393,0.9999906744416827,0.9965391603267291,0.003451546302549891
ganges_plain_2020-07-19T12:00:00,ganges_plain,synoptic,low_near,t1,q850_trace,precip_only,q850,41.97747747747748,89.24892185705099,1.2194820556032937e-05,,15.741825103759766,15.753546714782715,15.724267959594727,0.011721611022949219,-0.017557144165039062,0.01463937759399414,-0.002917766571044922,0.01463937759399414,True,enc_s1,encoder,1,10,0.008002734137699008,0.00729801687411964,0.007019268535077572,0.0030107623315416276,0.7288528981113046,0.7138286691090657,1.0,850,5.947778504728484e-05,0.007286028668292393,0.9999906744416827,0.9965391603267291,0.003451546302549891
ganges_plain_2020-07-19T12:00:00,ganges_plain,synoptic,low_near,t1,q850_trace,precip_only,q850,41.97747747747748,89.24892185705099,1.2194820556032937e-05,,15.741825103759766,15.753546714782715,15.724267959594727,0.011721611022949219,-0.017557144165039062,0.01463937759399414,-0.002917766571044922,0.01463937759399414,True,enc_s2,encoder,2,8,0.0036385119310580194,0.0029735979333054274,0.002975378360133618,0.0014790279237786308,0.6356318867505446,0.6680270363557466,1.0,850,5.947778504728484e-05,0.007286028668292393,0.9999906744416827,0.9965391603267291,0.003451546302549891
ganges_plain_2020-07-19T12:00:00,ganges_plain,synoptic,low_near,t1,q850_trace,precip_only,q850,41.97747747747748,89.24892185705099,1.2194820556032937e-05,,15.741825103759766,15.753546714782715,15.724267959594727,0.011721611022949219,-0.017557144165039062,0.01463937759399414,-0.002917766571044922,0.01463937759399414,True,dec_s0,decoder,0,8,0.005027479724958539,0.0041828804824035615,0.004087692213943228,0.002162604607292451,0.5961277573788925,0.6545660074073164,1.0,850,5.947778504728484e-05,0.007286028668292393,0.9999906744416827,0.9965391603267291,0.003451546302549891
ganges_plain_2020-07-19T12:00:00,ganges_plain,synoptic,low_near,t1,q850_trace,precip_only,q850,41.97747747747748,89.24892185705099,1.2194820556032937e-05,,15.741825103759766,15.753546714782715,15.724267959594727,0.011721611022949219,-0.017557144165039062,0.01463937759399414,-0.002917766571044922,0.01463937759399414,True,dec_s1,decoder,1,10,0.00645717098377645,0.0054366963915526865,0.00504178567789495,0.0031957158935256302,0.4769067925829365,0.6135736894296927,1.0,850,5.947778504728484e-05,0.007286028668292393,0.9999906744416827,0.9965391603267291,0.003451546302549891
ganges_plain_2020-07-19T12:00:00,ganges_plain,synoptic,low_near,t1,q850_trace,precip_only,q850,41.97747747747748,89.24892185705099,1.2194820556032937e-05,,15.741825103759766,15.753546714782715,15.724267959594727,0.011721611022949219,-0.017557144165039062,0.01463937759399414,-0.002917766571044922,0.01463937759399414,True,dec_s2,decoder,2,6,0.02174760028719902,0.01916435919702053,0.017981423065066338,0.009836062478522459,0.610550474848089,0.6466062611513449,1.0,850,5.947778504728484e-05,0.007286028668292393,0.9999906744416827,0.9965391603267291,0.003451546302549891
great_plains_2020-06-27T12:00:00,great_plains,local,hotspot,t1,precip_trace,precip_only,q850,38.97747747747748,262.0189286960998,0.00015982080367393792,2.11,12.272308349609375,12.307465553283691,12.271215438842773,0.035157203674316406,-0.0010929107666015625,0.018125057220458984,0.017032146453857422,0.018125057220458984,True,enc_s0,encoder,0,6,0.0018440384301356971,0.0004990947442517305,0.0008953400829341263,0.0010140654630959034,-0.24378408727351067,0.4666829701769328,,,,,,,
great_plains_2020-06-27T12:00:00,great_plains,local,hotspot,t1,precip_trace,precip_only,q850,38.97747747747748,262.0189286960998,0.00015982080367393792,2.11,12.272308349609375,12.307465553283691,12.271215438842773,0.035157203674316406,-0.0010929107666015625,0.018125057220458984,0.017032146453857422,0.018125057220458984,True,enc_s1,encoder,1,10,0.001720194425433874,0.001303749464568682,0.0008145109401084483,0.001298412459436804,-0.37496355158988093,0.4096933464828766,,,,,,,
great_plains_2020-06-27T12:00:00,great_plains,local,hotspot,t1,precip_trace,precip_only,q850,38.97747747747748,262.0189286960998,0.00015982080367393792,2.11,12.272308349609375,12.307465553283691,12.271215438842773,0.035157203674316406,-0.0010929107666015625,0.018125057220458984,0.017032146453857422,0.018125057220458984,True,enc_s2,encoder,2,8,0.0007543894098489545,0.000677701631502714,0.0003769060022023041,0.0006100293758208863,-0.45503945292464404,0.3819275558249037,,,,,,,
great_plains_2020-06-27T12:00:00,great_plains,local,hotspot,t1,precip_trace,precip_only,q850,38.97747747747748,262.0189286960998,0.00015982080367393792,2.11,12.272308349609375,12.307465553283691,12.271215438842773,0.035157203674316406,-0.0010929107666015625,0.018125057220458984,0.017032146453857422,0.018125057220458984,True,dec_s0,decoder,0,8,0.0011944931466132402,0.0011216504353797063,0.0005965076597931329,0.000993306763120927,-0.47703737061361495,0.37543814371955897,,,,,,,
great_plains_2020-06-27T12:00:00,great_plains,local,hotspot,t1,precip_trace,precip_only,q850,38.97747747747748,262.0189286960998,0.00015982080367393792,2.11,12.272308349609375,12.307465553283691,12.271215438842773,0.035157203674316406,-0.0010929107666015625,0.018125057220458984,0.017032146453857422,0.018125057220458984,True,dec_s1,decoder,1,10,0.0023690668633207677,0.002339977025985718,0.001184252422535792,0.002035077114123851,-0.5082963848684219,0.36795120662525566,,,,,,,
great_plains_2020-06-27T12:00:00,great_plains,local,hotspot,t1,precip_trace,precip_only,q850,38.97747747747748,262.0189286960998,0.00015982080367393792,2.11,12.272308349609375,12.307465553283691,12.271215438842773,0.035157203674316406,-0.0010929107666015625,0.018125057220458984,0.017032146453857422,0.018125057220458984,True,dec_s2,decoder,2,6,0.006593747918183605,0.006215052213519812,0.0032888689699272313,0.005498790725444754,-0.5014076685721964,0.3741873243006422,,,,,,,
great_plains_2020-06-27T12:00:00,great_plains,local,hotspot,t1,q850_trace,precip_only,q850,38.97747747747748,262.0189286960998,0.00015982080367393792,,12.272308349609375,13.574812889099121,11.021284103393555,1.302504539489746,-1.2510242462158203,1.2767643928527832,0.02574014663696289,1.2767643928527832,True,enc_s0,encoder,0,6,0.004928862986465295,0.004620459008341034,0.004649582163741191,0.0010942344670183957,0.9094021382407288,0.8086017212331044,1.0,850,0.0,0.0,1.0006750635812753,1.0006750635812753,0.0
great_plains_2020-06-27T12:00:00,great_plains,local,hotspot,t1,q850_trace,precip_only,q850,38.97747747747748,262.0189286960998,0.00015982080367393792,,12.272308349609375,13.574812889099121,11.021284103393555,1.302504539489746,-1.2510242462158203,1.2767643928527832,0.02574014663696289,1.2767643928527832,True,enc_s1,encoder,1,10,0.00357972530182451,0.0028377250069752335,0.0026697617722675204,0.0017510275589302181,0.5047182245154131,0.6345297980529248,1.0,850,0.0,0.0,1.0006750635812753,1.0006750635812753,0.0
great_plains_2020-06-27T12:00:00,great_plains,local,hotspot,t1,q850_trace,precip_only,q850,38.97747747747748,262.0189286960998,0.00015982080367393792,,12.272308349609375,13.574812889099121,11.021284103393555,1.302504539489746,-1.2510242462158203,1.2767643928527832,0.02574014663696289,1.2767643928527832,True,enc_s2,encoder,2,8,0.0015846531168790534,0.001204889515065588,0.0011391193402232602,0.0008269211029983126,0.3305272541959876,0.579480048826847,1.0,850,0.0,0.0,1.0006750635812753,1.0006750635812753,0.0
great_plains_2020-06-27T12:00:00,great_plains,local,hotspot,t1,q850_trace,precip_only,q850,38.97747747747748,262.0189286960998,0.00015982080367393792,,12.272308349609375,13.574812889099121,11.021284103393555,1.302504539489746,-1.2510242462158203,1.2767643928527832,0.02574014663696289,1.2767643928527832,True,dec_s0,decoder,0,8,0.0020949835452483967,0.0016611996397841722,0.001448202267056331,0.0012145184737164527,0.18897449400582184,0.5451584193991638,1.0,850,0.0,0.0,1.0006750635812753,1.0006750635812753,0.0
great_plains_2020-06-27T12:00:00,great_plains,local,hotspot,t1,q850_trace,precip_only,q850,38.97747747747748,262.0189286960998,0.00015982080367393792,,12.272308349609375,13.574812889099121,11.021284103393555,1.302504539489746,-1.2510242462158203,1.2767643928527832,0.02574014663696289,1.2767643928527832,True,dec_s1,decoder,1,10,0.003349957009777427,0.0029337990563362837,0.0022155910730361937,0.0022368657868355513,-0.02354871112877747,0.4943094545371811,1.0,850,0.0,0.0,1.0006750635812753,1.0006750635812753,0.0
great_plains_2020-06-27T12:00:00,great_plains,local,hotspot,t1,q850_trace,precip_only,q850,38.97747747747748,262.0189286960998,0.00015982080367393792,,12.272308349609375,13.574812889099121,11.021284103393555,1.302504539489746,-1.2510242462158203,1.2767643928527832,0.02574014663696289,1.2767643928527832,True,dec_s2,decoder,2,6,0.010921012920637926,0.009428429106871286,0.008037233259528875,0.006283597555011511,0.2861287570856554,0.561296550372658,1.0,850,0.0,0.0,1.0006750635812753,1.0006750635812753,0.0
great_plains_2020-06-27T12:00:00,great_plains,local,low_near,t1,precip_trace,precip_only,q850,51.47747747747748,264.5189286960998,4.923642336507328e-06,2.11,12.272308349609375,12.272756576538086,12.271062850952148,0.0004482269287109375,-0.0012454986572265625,0.00084686279296875,-0.0003986358642578125,0.00084686279296875,True,enc_s0,encoder,0,6,0.002042297157458961,0.0005098417847572515,0.0009950874955393374,0.0011096966239468504,-0.22839849323331748,0.4707326267247855,,,,,,,
great_plains_2020-06-27T12:00:00,great_plains,local,low_near,t1,precip_trace,precip_only,q850,51.47747747747748,264.5189286960998,4.923642336507328e-06,2.11,12.272308349609375,12.272756576538086,12.271062850952148,0.0004482269287109375,-0.0012454986572265625,0.00084686279296875,-0.0003986358642578125,0.00084686279296875,True,enc_s1,encoder,1,10,0.0017902060528285802,0.0013142786745447665,0.0008518292976077646,0.0013285753491800278,-0.3668302573091153,0.41254455770506304,,,,,,,
great_plains_2020-06-27T12:00:00,great_plains,local,low_near,t1,precip_trace,precip_only,q850,51.47747747747748,264.5189286960998,4.923642336507328e-06,2.11,12.272308349609375,12.272756576538086,12.271062850952148,0.0004482269287109375,-0.0012454986572265625,0.00084686279296875,-0.0003986358642578125,0.00084686279296875,True,enc_s2,encoder,2,8,0.0007594540729769506,0.0006732411566190422,0.00037923634590697475,0.00060925825528102,-0.44979898182750244,0.3836922389739597,,,,,,,
great_plains_2020-06-27T12:00:00,great_plains,local,low_near,t1,precip_trace,precip_only,q850,51.47747747747748,264.5189286960998,4.923642336507328e-06,2.11,12.272308349609375,12.272756576538086,12.271062850952148,0.0004482269287109375,-0.0012454986572265625,0.00084686279296875,-0.0003986358642578125,0.00084686279296875,True,dec_s0,decoder,0,8,0.0012047916243318468,0.0011188482167199254,0.0006015601538820192,0.0009948933657142334,-0.47239998849283416,0.37699330955354843,,,,,,,
great_plains_2020-06-27T12:00:00,great_plains,local,low_near,t1,precip_trace,precip_only,q850,51.47747747747748,264.5189286960998,4.923642336507328e-06,2.11,12.272308349609375,12.272756576538086,12.271062850952148,0.0004482269287109375,-0.0012454986572265625,0.00084686279296875,-0.0003986358642578125,0.00084686279296875,True,dec_s1,decoder,1,10,0.0023752062581479548,0.0023305670474655926,0.0011864437605254353,0.002031976054422557,-0.5059367600282316,0.36871738629246487,,,,,,,
great_plains_2020-06-27T12:00:00,great_plains,local,low_near,t1,precip_trace,precip_only,q850,51.47747747747748,264.5189286960998,4.923642336507328e-06,2.11,12.272308349609375,12.272756576538086,12.271062850952148,0.0004482269287109375,-0.0012454986572265625,0.00084686279296875,-0.0003986358642578125,0.00084686279296875,True,dec_s2,decoder,2,6,0.006855582895999153,0.0061868665895114345,0.003413480046826104,0.005567135056480765,-0.48401019372969856,0.37989663480366537,,,,,,,
great_plains_2020-06-27T12:00:00,great_plains,local,low_near,t1,q850_trace,precip_only,q850,51.47747747747748,264.5189286960998,4.923642336507328e-06,,12.272308349609375,12.272943496704102,12.277350425720215,0.0006351470947265625,0.005042076110839844,-0.0022034645080566406,0.002838611602783203,0.002838611602783203,False,enc_s0,encoder,0,6,0.006527197081595659,0.006269512542833884,0.006202982040122151,0.00157159495089824,0.8893328212288548,0.7969918148254443,1.0,850,0.0,0.0,1.0005407229821186,1.0005407229821186,0.0
great_plains_2020-06-27T12:00:00,great_plains,local,low_near,t1,q850_trace,precip_only,q850,51.47747747747748,264.5189286960998,4.923642336507328e-06,,12.272308349609375,12.272943496704102,12.277350425720215,0.0006351470947265625,0.005042076110839844,-0.0022034645080566406,0.002838611602783203,0.002838611602783203,False,enc_s1,encoder,1,10,0.004375471500679851,0.003628114308230579,0.0033917502034455536,0.0020797822799067944,0.5302313766934756,0.6451948726717986,1.0,850,0.0,0.0,1.0005407229821186,1.0005407229821186,0.0
great_plains_2020-06-27T12:00:00,great_plains,local,low_near,t1,q850_trace,precip_only,q850,51.47747747747748,264.5189286960998,4.923642336507328e-06,,12.272308349609375,12.272943496704102,12.277350425720215,0.0006351470947265625,0.005042076110839844,-0.0022034645080566406,0.002838611602783203,0.002838611602783203,False,enc_s2,encoder,2,8,0.0020705662900581956,0.0015608426183462143,0.0015023711312096566,0.0010509732383070514,0.36859629431552715,0.5884682310539409,1.0,850,0.0,0.0,1.0005407229821186,1.0005407229821186,0.0
great_plains_2020-06-27T12:00:00,great_plains,local,low_near,t1,q850_trace,precip_only,q850,51.47747747747748,264.5189286960998,4.923642336507328e-06,,12.272308349609375,12.272943496704102,12.277350425720215,0.0006351470947265625,0.005042076110839844,-0.0022034645080566406,0.002838611602783203,0.002838611602783203,False,dec_s0,decoder,0,8,0.0027462020225357264,0.002045327622909099,0.0019182477990398183,0.0014768418477615342,0.27879191455962604,0.565805094638697,1.0,850,0.0,0.0,1.0005407229821186,1.0005407229821186,0.0
great_plains_2020-06-27T12:00:00,great_plains,local,low_near,t1,q850_trace,precip_only,q850,51.47747747747748,264.5189286960998,4.923642336507328e-06,,12.272308349609375,12.272943496704102,12.277350425720215,0.0006351470947265625,0.005042076110839844,-0.0022034645080566406,0.002838611602783203,0.002838611602783203,False,dec_s1,decoder,1,10,0.004961144109256565,0.003747609630227089,0.0033152687828987837,0.00288992621935904,0.15325677242891808,0.534798593479163,1.0,850,0.0,0.0,1.0005407229821186,1.0005407229821186,0.0
great_plains_2020-06-27T12:00:00,great_plains,local,low_near,t1,q850_trace,precip_only,q850,51.47747747747748,264.5189286960998,4.923642336507328e-06,,12.272308349609375,12.272943496704102,12.277350425720215,0.0006351470947265625,0.005042076110839844,-0.0022034645080566406,0.002838611602783203,0.002838611602783203,False,dec_s2,decoder,2,6,0.015057129319757223,0.011439224860320488,0.01058465801179409,0.008169465387860933,0.30665396277410123,0.5645949636046055,1.0,850,0.0,0.0,1.0005407229821186,1.0005407229821186,0.0
great_plains_2020-06-27T12:00:00,great_plains,synoptic,hotspot,t1,precip_trace,precip_only,q850,36.47747747747748,264.5189286960998,0.0003045427438337356,2.11,12.272308349609375,12.310132026672363,12.271286964416504,0.03782367706298828,-0.0010213851928710938,0.019422531127929688,0.018401145935058594,0.019422531127929688,True,enc_s0,encoder,0,6,0.004142904731755455,0.0006007001308413843,0.002060644833060602,0.002128469835345944,-0.11070246800308021,0.4910598384035037,,,,,,,
great_plains_2020-06-27T12:00:00,great_plains,synoptic,hotspot,t1,precip_trace,precip_only,q850,36.47747747747748,264.5189286960998,0.0003045427438337356,2.11,12.272308349609375,12.310132026672363,12.271286964416504,0.03782367706298828,-0.0010213851928710938,0.019422531127929688,0.018401145935058594,0.019422531127929688,True,enc_s1,encoder,1,10,0.0027897780062630774,0.0016199404781218618,0.0013659985270351171,0.0018507420783862472,-0.2858047060115221,0.4388900389692825,,,,,,,
great_plains_2020-06-27T12:00:00,great_plains,synoptic,hotspot,t1,precip_trace,precip_only,q850,36.47747747747748,264.5189286960998,0.0003045427438337356,2.11,12.272308349609375,12.310132026672363,12.271286964416504,0.03782367706298828,-0.0010213851928710938,0.019422531127929688,0.018401145935058594,0.019422531127929688,True,enc_s2,encoder,2,8,0.0010899128392338753,0.0008120766215142794,0.0005451338583952747,0.0007915402602520771,-0.37808484072113263,0.40787526006774155,,,,,,,
great_plains_2020-06-27T12:00:00,great_plains,synoptic,hotspot,t1,precip_trace,precip_only,q850,36.47747747747748,264.5189286960998,0.0003045427438337356,2.11,12.272308349609375,12.310132026672363,12.271286964416504,0.03782367706298828,-0.0010213851928710938,0.019422531127929688,0.018401145935058594,0.019422531127929688,True,dec_s0,decoder,0,8,0.0015506962954532355,0.0012484828839660622,0.0007753773606964387,0.0011749917030101642,-0.40834012125159874,0.3979211988321383,,,,,,,
great_plains_2020-06-27T12:00:00,great_plains,synoptic,hotspot,t1,precip_trace,precip_only,q850,36.47747747747748,264.5189286960998,0.0003045427438337356,2.11,12.272308349609375,12.310132026672363,12.271286964416504,0.03782367706298828,-0.0010213851928710938,0.019422531127929688,0.018401145935058594,0.019422531127929688,True,dec_s1,decoder,1,10,0.002569280005991459,0.002400486881379038,0.0012835208501201123,0.0021294187172316015,-0.48152628368956885,0.3764640893054344,,,,,,,
great_plains_2020-06-27T12:00:00,great_plains,synoptic,hotspot,t1,precip_trace,precip_only,q850,36.47747747747748,264.5189286960998,0.0003045427438337356,2.11,12.272308349609375,12.310132026672363,12.271286964416504,0.03782367706298828,-0.0010213851928710938,0.019422531127929688,0.018401145935058594,0.019422531127929688,True,dec_s2,decoder,2,6,0.008936359081417322,0.006342661023760836,0.004464312572963536,0.006340510211884975,-0.3871708008264599,0.4120825153321987,,,,,,,
great_plains_2020-06-27T12:00:00,great_plains,synoptic,hotspot,t1,q850_trace,precip_only,q850,36.47747747747748,264.5189286960998,0.0003045427438337356,,12.272308349609375,13.591890335083008,11.031387329101562,1.3195819854736328,-1.2409210205078125,1.2802515029907227,0.039330482482910156,1.2802515029907227,True,enc_s0,encoder,0,6,0.012070555860797564,0.011290823264668385,0.011403765839835009,0.0025550204251582422,0.9108241253055679,0.8162650220072956,1.0,850,0.0,0.0,1.000121249392843,1.000121249392843,0.0
great_plains_2020-06-27T12:00:00,great_plains,synoptic,hotspot,t1,q850_trace,precip_only,q850,36.47747747747748,264.5189286960998,0.0003045427438337356,,12.272308349609375,13.591890335083008,11.031387329101562,1.3195819854736328,-1.2409210205078125,1.2802515029907227,0.039330482482910156,1.2802515029907227,True,enc_s1,encoder,1,10,0.007899106992408634,0.006151894992217422,0.006329932203516364,0.003102412330918014,0.678992375792917,0.6876147878621418,1.0,850,0.0,0.0,1.000121249392843,1.000121249392843,0.0
great_plains_2020-06-27T12:00:00,great_plains,synoptic,hotspot,t1,q850_trace,precip_only,q850,36.47747747747748,264.5189286960998,0.0003045427438337356,,12.272308349609375,13.591890335083008,11.031387329101562,1.3195819854736328,-1.2409210205078125,1.2802515029907227,0.039330482482910156,1.2802515029907227,True,enc_s2,encoder,2,8,0.003424459951929748,0.0025071106501854956,0.0026365915837232023,0.0014333846047520638,0.5916427261632659,0.647858788392393,1.0,850,0.0,0.0,1.000121249392843,1.000121249392843,0.0
great_plains_2020-06-27T12:00:00,great_plains,synoptic,hotspot,t1,q850_trace,precip_only,q850,36.47747747747748,264.5189286960998,0.0003045427438337356,,12.272308349609375,13.591890335083008,11.031387329101562,1.3195819854736328,-1.2409210205078125,1.2802515029907227,0.039330482482910156,1.2802515029907227,True,dec_s0,decoder,0,8,0.004366423352621496,0.003290354216005653,0.003359203867148608,0.0019134524336550385,0.5523963408871805,0.6374201242388456,1.0,850,0.0,0.0,1.000121249392843,1.000121249392843,0.0
great_plains_2020-06-27T12:00:00,great_plains,synoptic,hotspot,t1,q850_trace,precip_only,q850,36.47747747747748,264.5189286960998,0.0003045427438337356,,12.272308349609375,13.591890335083008,11.031387329101562,1.3195819854736328,-1.2409210205078125,1.2802515029907227,0.039330482482910156,1.2802515029907227,True,dec_s1,decoder,1,10,0.006031036283820868,0.005226180632598698,0.0046930737560614945,0.0031331437290646135,0.42625307597078627,0.6012986695370883,1.0,850,0.0,0.0,1.000121249392843,1.000121249392843,0.0
great_plains_2020-06-27T12:00:00,great_plains,synoptic,hotspot,t1,q850_trace,precip_only,q850,36.47747747747748,264.5189286960998,0.0003045427438337356,,12.272308349609375,13.591890335083008,11.031387329101562,1.3195819854736328,-1.2409210205078125,1.2802515029907227,0.039330482482910156,1.2802515029907227,True,dec_s2,decoder,2,6,0.021698284273346264,0.019549736753106117,0.018258200647930305,0.00964815573145946,0.6376410861531108,0.6545344107728407,1.0,850,0.0,0.0,1.000121249392843,1.000121249392843,0.0
great_plains_2020-06-27T12:00:00,great_plains,synoptic,low_near,t1,precip_trace,precip_only,q850,56.47747747747748,264.5189286960998,2.6525876819505356e-05,2.11,12.272308349609375,12.272361755371094,12.268991470336914,5.340576171875e-05,-0.0033168792724609375,0.0016851425170898438,-0.0016317367553710938,0.0016851425170898438,True,enc_s0,encoder,0,6,0.005116332322359085,0.0006173844158183783,0.0025485106743872166,0.002607757691293955,-0.09345724680017953,0.4936544174578888,,,,,,,
great_plains_2020-06-27T12:00:00,great_plains,synoptic,low_near,t1,precip_trace,precip_only,q850,56.47747747747748,264.5189286960998,2.6525876819505356e-05,2.11,12.272308349609375,12.272361755371094,12.268991470336914,5.340576171875e-05,-0.0033168792724609375,0.0016851425170898438,-0.0016317367553710938,0.0016851425170898438,True,enc_s1,encoder,1,10,0.0035336890025064347,0.001618604635586962,0.0017397383344359696,0.0021600289503112434,-0.23228050730974908,0.455245501787145,,,,,,,
great_plains_2020-06-27T12:00:00,great_plains,synoptic,low_near,t1,precip_trace,precip_only,q850,56.47747747747748,264.5189286960998,2.6525876819505356e-05,2.11,12.272308349609375,12.272361755371094,12.268991470336914,5.340576171875e-05,-0.0033168792724609375,0.0016851425170898438,-0.0016317367553710938,0.0016851425170898438,True,enc_s2,encoder,2,8,0.0012939306325279176,0.0007976667475304566,0.0006475231275544502,0.0008579177156207152,-0.3111931726115859,0.43017190028663055,,,,,,,
great_plains_2020-06-27T12:00:00,great_plains,synoptic,low_near,t1,precip_trace,precip_only,q850,56.47747747747748,264.5189286960998,2.6525876819505356e-05,2.11,12.272308349609375,12.272361755371094,12.268991470336914,5.340576171875e-05,-0.0033168792724609375,0.0016851425170898438,-0.0016317367553710938,0.0016851425170898438,True,dec_s0,decoder,0,8,0.00183945894241333,0.0012342024128884077,0.0009202423025271855,0.0012675607722485438,-0.3406135619177525,0.42090325679560053,,,,,,,
great_plains_2020-06-27T12:00:00,great_plains,synoptic,low_near,t1,precip_trace,precip_only,q850,56.47747747747748,264.5189286960998,2.6525876819505356e-05,2.11,12.272308349609375,12.272361755371094,12.268991470336914,5.340576171875e-05,-0.0033168792724609375,0.0016851425170898438,-0.0016317367553710938,0.0016851425170898438,True,dec_s1,decoder,1,10,0.002734682522714138,0.002384185150731355,0.0013659573392942547,0.0021715902839787304,-0.4503492250028215,0.38675284214693745,,,,,,,
great_plains_2020-06-27T12:00:00,great_plains,synoptic,low_near,t1,precip_trace,precip_only,q850,56.47747747747748,264.5189286960998,2.6525876819505356e-05,2.11,12.272308349609375,12.272361755371094,12.268991470336914,5.340576171875e-05,-0.0033168792724609375,0.0016851425170898438,-0.0016317367553710938,0.0016851425170898438,True,dec_s2,decoder,2,6,0.010708981193602085,0.006300064502283931,0.005347920814529061,0.006984071418022116,-0.3270213860381192,0.4320056396852329,,,,,,,
great_plains_2020-06-27T12:00:00,great_plains,synoptic,low_near,t1,q850_trace,precip_only,q850,56.47747747747748,264.5189286960998,2.6525876819505356e-05,,12.272308349609375,12.274270057678223,12.263277053833008,0.0019617080688476562,-0.009031295776367188,0.005496501922607422,-0.0035347938537597656,0.005496501922607422,True,enc_s0,encoder,0,6,0.01862752189238866,0.017888602800667286,0.017648452892899513,0.004683343305562933,0.8699501038706877,0.7893648267804075,1.0,850,0.0,0.007884972170686457,1.000083204966758,0.9935242252867679,0.006558433985708361
great_plains_2020-06-27T12:00:00,great_plains,synoptic,low_near,t1,q850_trace,precip_only,q850,56.47747747747748,264.5189286960998,2.6525876819505356e-05,,12.272308349609375,12.274270057678223,12.263277053833008,0.0019617080688476562,-0.009031295776367188,0.005496501922607422,-0.0035347938537597656,0.005496501922607422,True,enc_s1,encoder,1,10,0.013435898069292306,0.010221929429098964,0.01065640514716506,0.0053462081123143435,0.6419916777627326,0.6731452215679046,1.0,850,0.0,0.007884972170686457,1.000083204966758,0.9935242252867679,0.006558433985708361
great_plains_2020-06-27T12:00:00,great_plains,synoptic,low_near,t1,q850_trace,precip_only,q850,56.47747747747748,264.5189286960998,2.6525876819505356e-05,,12.272308349609375,12.274270057678223,12.263277053833008,0.0019617080688476562,-0.009031295776367188,0.005496501922607422,-0.0035347938537597656,0.005496501922607422,True,enc_s2,encoder,2,8,0.005933267006184906,0.004051781550515443,0.004366376961115748,0.002597116370452568,0.5257093410280473,0.6270519387277184,1.0,850,0.0,0.007884972170686457,1.000083204966758,0.9935242252867679,0.006558433985708361
great_plains_2020-06-27T12:00:00,great_plains,synoptic,low_near,t1,q850_trace,precip_only,q850,56.47747747747748,264.5189286960998,2.6525876819505356e-05,,12.272308349609375,12.274270057678223,12.263277053833008,0.0019617080688476562,-0.009031295776367188,0.005496501922607422,-0.0035347938537597656,0.005496501922607422,True,dec_s0,decoder,0,8,0.007460365362931043,0.005101391230709851,0.005475971614941955,0.003294468653621152,0.5194318330362511,0.6244888999531875,1.0,850,0.0,0.007884972170686457,1.000083204966758,0.9935242252867679,0.006558433985708361
great_plains_2020-06-27T12:00:00,great_plains,synoptic,low_near,t1,q850_trace,precip_only,q850,56.47747747747748,264.5189286960998,2.6525876819505356e-05,,12.272308349609375,12.274270057678223,12.263277053833008,0.0019617080688476562,-0.009031295776367188,0.005496501922607422,-0.0035347938537597656,0.005496501922607422,True,dec_s1,decoder,1,10,0.01021128473803401,0.008371032308787107,0.007801034115254879,0.005123764812014997,0.45793165503864464,0.609547167148689,1.0,850,0.0,0.007884972170686457,1.000083204966758,0.9935242252867679,0.006558433985708361
great_plains_2020-06-27T12:00:00,great_plains,synoptic,low_near,t1,q850_trace,precip_only,q850,56.47747747747748,264.5189286960998,2.6525876819505356e-05,,12.272308349609375,12.274270057678223,12.263277053833008,0.0019617080688476562,-0.009031295776367188,0.005496501922607422,-0.0035347938537597656,0.005496501922607422,True,dec_s2,decoder,2,6,0.0342373742411534,0.029941927331189316,0.028442232869565487,0.015001501111934582,0.6095237265104599,0.6552213509189686,1.0,850,0.0,0.007884972170686457,1.000083204966758,0.9935242252867679,0.006558433985708361
himalayas_2020-09-23T06:00:00,himalayas,local,hotspot,t1,precip_trace,precip_only,q850,28.22747747747748,84.4321042943339,0.00011218470172025263,2.11,11.470555305480957,11.454048156738281,11.473589897155762,-0.01650714874267578,0.0030345916748046875,-0.009770870208740234,-0.006736278533935547,0.009770870208740234,True,enc_s0,encoder,0,6,0.0018358672580992181,0.0005089270804698268,0.0008941526272489378,0.0010098890343215317,-0.23316242904860765,0.46775485721706717,,,,,,,
himalayas_2020-09-23T06:00:00,himalayas,local,hotspot,t1,precip_trace,precip_only,q850,28.22747747747748,84.4321042943339,0.00011218470172025263,2.11,11.470555305480957,11.454048156738281,11.473589897155762,-0.01650714874267578,0.0030345916748046875,-0.009770870208740234,-0.006736278533935547,0.009770870208740234,True,enc_s1,encoder,1,10,0.0016837705275975167,0.0013190320692956447,0.0008013290818780661,0.0012891866033896803,-0.3837556712556737,0.4063709487819044,,,,,,,
himalayas_2020-09-23T06:00:00,himalayas,local,hotspot,t1,precip_trace,precip_only,q850,28.22747747747748,84.4321042943339,0.00011218470172025263,2.11,11.470555305480957,11.454048156738281,11.473589897155762,-0.01650714874267578,0.0030345916748046875,-0.009770870208740234,-0.006736278533935547,0.009770870208740234,True,enc_s2,encoder,2,8,0.0007958614005474374,0.0007323104218812659,0.000396993025788106,0.0006536315340781584,-0.4685079882554013,0.3778827825350749,,,,,,,
himalayas_2020-09-23T06:00:00,himalayas,local,hotspot,t1,precip_trace,precip_only,q850,28.22747747747748,84.4321042943339,0.00011218470172025263,2.11,11.470555305480957,11.454048156738281,11.473589897155762,-0.01650714874267578,0.0030345916748046875,-0.009770870208740234,-0.006736278533935547,0.009770870208740234,True,dec_s0,decoder,0,8,0.0014136555982986465,0.0013314365351106972,0.0007051913053146563,0.0011782588117057458,-0.48010178466745446,0.3746100350632127,,,,,,,
himalayas_2020-09-23T06:00:00,himalayas,local,hotspot,t1,precip_trace,precip_only,q850,28.22747747747748,84.4321042943339,0.00011218470172025263,2.11,11.470555305480957,11.454048156738281,11.473589897155762,-0.01650714874267578,0.0030345916748046875,-0.009770870208740234,-0.006736278533935547,0.009770870208740234,True,dec_s1,decoder,1,10,0.0024127127486281096,0.0023740545148029923,0.0012060305278282612,0.0020674023078754546,-0.5071671237078693,0.3683984340811258,,,,,,,
himalayas_2020-09-23T06:00:00,himalayas,local,hotspot,t1,precip_trace,precip_only,q850,28.22747747747748,84.4321042943339,0.00011218470172025263,2.11,11.470555305480957,11.454048156738281,11.473589897155762,-0.01650714874267578,0.0030345916748046875,-0.009770870208740234,-0.006736278533935547,0.009770870208740234,True,dec_s2,decoder,2,6,0.006513183781256278,0.0061014078091830015,0.0032490166292215386,0.0054100449196994305,-0.49787415759628617,0.37517904252045725,,,,,,,
himalayas_2020-09-23T06:00:00,himalayas,local,hotspot,t1,q850_trace,precip_only,q850,28.22747747747748,84.4321042943339,0.00011218470172025263,,11.470555305480957,11.989737510681152,10.469621658325195,0.5191822052001953,-1.0009336471557617,0.7600579261779785,-0.2408757209777832,0.7600579261779785,True,enc_s0,encoder,0,6,0.004897076714163025,0.004605702667807539,0.004601241322234273,0.0011868369959605236,0.8863434412115349,0.7938998208169239,1.0,850,0.0,0.0,0.999999917960646,1.0,8.203935394993237e-08
himalayas_2020-09-23T06:00:00,himalayas,local,hotspot,t1,q850_trace,precip_only,q850,28.22747747747748,84.4321042943339,0.00011218470172025263,,11.470555305480957,11.989737510681152,10.469621658325195,0.5191822052001953,-1.0009336471557617,0.7600579261779785,-0.2408757209777832,0.7600579261779785,True,enc_s1,encoder,1,10,0.004381781537085771,0.003347653429955244,0.0032583816442638635,0.0020723331545013934,0.519635198419609,0.6390250445324438,1.0,850,0.0,0.0,0.999999917960646,1.0,8.203935394993237e-08
himalayas_2020-09-23T06:00:00,himalayas,local,hotspot,t1,q850_trace,precip_only,q850,28.22747747747748,84.4321042943339,0.00011218470172025263,,11.470555305480957,11.989737510681152,10.469621658325195,0.5191822052001953,-1.0009336471557617,0.7600579261779785,-0.2408757209777832,0.7600579261779785,True,enc_s2,encoder,2,8,0.0021307241695467383,0.0017402765224687755,0.001639177484321408,0.0010475671733729541,0.4402563436836917,0.6100018562841175,1.0,850,0.0,0.0,0.999999917960646,1.0,8.203935394993237e-08
himalayas_2020-09-23T06:00:00,himalayas,local,hotspot,t1,q850_trace,precip_only,q850,28.22747747747748,84.4321042943339,0.00011218470172025263,,11.470555305480957,11.989737510681152,10.469621658325195,0.5191822052001953,-1.0009336471557617,0.7600579261779785,-0.2408757209777832,0.7600579261779785,True,dec_s0,decoder,0,8,0.003394364204723388,0.0027722694794647396,0.0025704337167553604,0.0017307373927906156,0.39855555486542416,0.5983255812789317,1.0,850,0.0,0.0,0.999999917960646,1.0,8.203935394993237e-08
himalayas_2020-09-23T06:00:00,himalayas,local,hotspot,t1,q850_trace,precip_only,q850,28.22747747747748,84.4321042943339,0.00011218470172025263,,11.470555305480957,11.989737510681152,10.469621658325195,0.5191822052001953,-1.0009336471557617,0.7600579261779785,-0.2408757209777832,0.7600579261779785,True,dec_s1,decoder,1,10,0.004039623914286495,0.0037450532894581557,0.002981585555244237,0.002505434222985059,0.16823910496790553,0.540153919096568,1.0,850,0.0,0.0,0.999999917960646,1.0,8.203935394993237e-08
himalayas_2020-09-23T06:00:00,himalayas,local,hotspot,t1,q850_trace,precip_only,q850,28.22747747747748,84.4321042943339,0.00011218470172025263,,11.470555305480957,11.989737510681152,10.469621658325195,0.5191822052001953,-1.0009336471557617,0.7600579261779785,-0.2408757209777832,0.7600579261779785,True,dec_s2,decoder,2,6,0.013536968268454075,0.011794402884940306,0.010460408094028631,0.007194379965464274,0.4074472477458733,0.59248315391836,1.0,850,0.0,0.0,0.999999917960646,1.0,8.203935394993237e-08
himalayas_2020-09-23T06:00:00,himalayas,local,low_near,t1,precip_trace,precip_only,q850,38.22747747747748,69.4321042943339,1.9300625808682526e-06,2.11,11.470555305480957,11.472490310668945,11.470580101013184,0.0019350051879882812,2.47955322265625e-05,0.0009551048278808594,0.0009799003601074219,0.0009799003601074219,False,enc_s0,encoder,0,6,0.0019500628113746643,0.0004905018043549111,0.0009477172085704902,0.0010619213862810284,-0.23663270799770608,0.4700147894637277,,,,,,,
himalayas_2020-09-23T06:00:00,himalayas,local,low_near,t1,precip_trace,precip_only,q850,38.22747747747748,69.4321042943339,1.9300625808682526e-06,2.11,11.470555305480957,11.472490310668945,11.470580101013184,0.0019350051879882812,2.47955322265625e-05,0.0009551048278808594,0.0009799003601074219,0.0009799003601074219,False,enc_s1,encoder,1,10,0.001723926211707294,0.0012284035386983306,0.0008207781938835979,0.0012608793622348458,-0.35586665983582116,0.4164615740169181,,,,,,,
himalayas_2020-09-23T06:00:00,himalayas,local,low_near,t1,precip_trace,precip_only,q850,38.22747747747748,69.4321042943339,1.9300625808682526e-06,2.11,11.470555305480957,11.472490310668945,11.470580101013184,0.0019350051879882812,2.47955322265625e-05,0.0009551048278808594,0.0009799003601074219,0.0009799003601074219,False,enc_s2,encoder,2,8,0.0007687322504352778,0.0006753495181328617,0.0003834092422039248,0.0006136218289611861,-0.4470294303818485,0.38465500446837775,,,,,,,
himalayas_2020-09-23T06:00:00,himalayas,local,low_near,t1,precip_trace,precip_only,q850,38.22747747747748,69.4321042943339,1.9300625808682526e-06,2.11,11.470555305480957,11.472490310668945,11.470580101013184,0.0019350051879882812,2.47955322265625e-05,0.0009551048278808594,0.0009799003601074219,0.0009799003601074219,False,dec_s0,decoder,0,8,0.0013681863638339564,0.0012790942273568362,0.0006827695833635516,0.0011348425323376432,-0.4760299583824952,0.3759220629990893,,,,,,,
himalayas_2020-09-23T06:00:00,himalayas,local,low_near,t1,precip_trace,precip_only,q850,38.22747747747748,69.4321042943339,1.9300625808682526e-06,2.11,11.470555305480957,11.472490310668945,11.470580101013184,0.0019350051879882812,2.47955322265625e-05,0.0009551048278808594,0.0009799003601074219,0.0009799003601074219,False,dec_s1,decoder,1,10,0.002391072490718216,0.002349147782661021,0.0011934163689147682,0.0020478340797126294,-0.5075721092071034,0.3683003388763156,,,,,,,
himalayas_2020-09-23T06:00:00,himalayas,local,low_near,t1,precip_trace,precip_only,q850,38.22747747747748,69.4321042943339,1.9300625808682526e-06,2.11,11.470555305480957,11.472490310668945,11.470580101013184,0.0019350051879882812,2.47955322265625e-05,0.0009551048278808594,0.0009799003601074219,0.0009799003601074219,False,dec_s2,decoder,2,6,0.006831546624501546,0.00605280720628798,0.003402438208771249,0.005485145996014277,-0.47563827762765043,0.3825493784365024,,,,,,,
himalayas_2020-09-23T06:00:00,himalayas,local,low_near,t1,q850_trace,precip_only,q850,38.22747747747748,69.4321042943339,1.9300625808682526e-06,,11.470555305480957,11.469897270202637,11.472355842590332,-0.0006580352783203125,0.001800537109375,-0.0012292861938476562,0.0005712509155273438,0.0012292861938476562,True,enc_s0,encoder,0,6,0.006004529461885492,0.006930804500977199,0.006191963485131661,0.0019172525693041582,0.8389258175346086,0.7623077362748624,1.0,850,0.0,0.028411147303655446,1.0,0.9807417955540367,0.01925820444596327
himalayas_2020-09-23T06:00:00,himalayas,local,low_near,t1,q850_trace,precip_only,q850,38.22747747747748,69.4321042943339,1.9300625808682526e-06,,11.470555305480957,11.469897270202637,11.472355842590332,-0.0006580352783203125,0.001800537109375,-0.0012292861938476562,0.0005712509155273438,0.0012292861938476562,True,enc_s1,encoder,1,10,0.0035206696949899195,0.003919847100041807,0.00324193867854774,0.0017643592495005579,0.592988380733402,0.668559383906912,1.0,850,0.0,0.028411147303655446,1.0,0.9807417955540367,0.01925820444596327
himalayas_2020-09-23T06:00:00,himalayas,local,low_near,t1,q850_trace,precip_only,q850,38.22747747747748,69.4321042943339,1.9300625808682526e-06,,11.470555305480957,11.469897270202637,11.472355842590332,-0.0006580352783203125,0.001800537109375,-0.0012292861938476562,0.0005712509155273438,0.0012292861938476562,True,enc_s2,encoder,2,8,0.0014881096285535023,0.0015642579819541425,0.0012885017349617556,0.0008186219129129313,0.43975438777099773,0.611736121745228,1.0,850,0.0,0.028411147303655446,1.0,0.9807417955540367,0.01925820444596327
himalayas_2020-09-23T06:00:00,himalayas,local,low_near,t1,q850_trace,precip_only,q850,38.22747747747748,69.4321042943339,1.9300625808682526e-06,,11.470555305480957,11.469897270202637,11.472355842590332,-0.0006580352783203125,0.001800537109375,-0.0012292861938476562,0.0005712509155273438,0.0012292861938476562,True,dec_s0,decoder,0,8,0.002226334676379338,0.002316621787031181,0.0018127694929717109,0.0013683564029633999,0.2884213807982619,0.5714418955962584,1.0,850,0.0,0.028411147303655446,1.0,0.9807417955540367,0.01925820444596327
himalayas_2020-09-23T06:00:00,himalayas,local,low_near,t1,q850_trace,precip_only,q850,38.22747747747748,69.4321042943339,1.9300625808682526e-06,,11.470555305480957,11.469897270202637,11.472355842590332,-0.0006580352783203125,0.001800537109375,-0.0012292861938476562,0.0005712509155273438,0.0012292861938476562,True,dec_s1,decoder,1,10,0.0029251180705614386,0.0029838416376151145,0.0020313196582719684,0.0021455303067341447,-0.059122923903148474,0.48580620488578996,1.0,850,0.0,0.028411147303655446,1.0,0.9807417955540367,0.01925820444596327
himalayas_2020-09-23T06:00:00,himalayas,local,low_near,t1,q850_trace,precip_only,q850,38.22747747747748,69.4321042943339,1.9300625808682526e-06,,11.470555305480957,11.469897270202637,11.472355842590332,-0.0006580352783203125,0.001800537109375,-0.0012292861938476562,0.0005712509155273438,0.0012292861938476562,True,dec_s2,decoder,2,6,0.009622139545778433,0.00986173360918959,0.007761005312204361,0.005889371735975146,0.3198677867349074,0.5686287670990093,1.0,850,0.0,0.028411147303655446,1.0,0.9807417955540367,0.01925820444596327
himalayas_2020-09-23T06:00:00,himalayas,synoptic,hotspot,t1,precip_trace,precip_only,q850,30.72747747747748,84.4321042943339,0.00017673235561233014,2.11,11.470555305480957,11.447488784790039,11.472380638122559,-0.02306652069091797,0.0018253326416015625,-0.012445926666259766,-0.010620594024658203,0.012445926666259766,True,enc_s0,encoder,0,6,0.004246616658444206,0.0005975202948320657,0.002115738345310092,0.0021752579292903342,-0.09734411345165528,0.4923743409600753,,,,,,,
himalayas_2020-09-23T06:00:00,himalayas,synoptic,hotspot,t1,precip_trace,precip_only,q850,30.72747747747748,84.4321042943339,0.00017673235561233014,2.11,11.470555305480957,11.447488784790039,11.472380638122559,-0.02306652069091797,0.0018253326416015625,-0.012445926666259766,-0.010620594024658203,0.012445926666259766,True,enc_s1,encoder,1,10,0.002732825931161642,0.0015932831563986837,0.0013397160917520523,0.001814588566776365,-0.28450672974797675,0.4389847507286936,,,,,,,
himalayas_2020-09-23T06:00:00,himalayas,synoptic,hotspot,t1,precip_trace,precip_only,q850,30.72747747747748,84.4321042943339,0.00017673235561233014,2.11,11.470555305480957,11.447488784790039,11.472380638122559,-0.02306652069091797,0.0018253326416015625,-0.012445926666259766,-0.010620594024658203,0.012445926666259766,True,enc_s2,encoder,2,8,0.0010887481475947425,0.0008417813805863261,0.0005445561109809205,0.0008065111833275296,-0.3918563867916348,0.40312536009720873,,,,,,,
himalayas_2020-09-23T06:00:00,himalayas,synoptic,hotspot,t1,precip_trace,precip_only,q850,30.72747747747748,84.4321042943339,0.00017673235561233014,2.11,11.470555305480957,11.447488784790039,11.472380638122559,-0.02306652069091797,0.0018253326416015625,-0.012445926666259766,-0.010620594024658203,0.012445926666259766,True,dec_s0,decoder,0,8,0.001728800096316263,0.0014320329355541617,0.0008638755607535131,0.0013317478151293471,-0.4208770057804805,0.39378993088752356,,,,,,,
himalayas_2020-09-23T06:00:00,himalayas,synoptic,hotspot,t1,precip_trace,precip_only,q850,30.72747747747748,84.4321042943339,0.00017673235561233014,2.11,11.470555305480957,11.447488784790039,11.472380638122559,-0.02306652069091797,0.0018253326416015625,-0.012445926666259766,-0.010620594024658203,0.012445926666259766,True,dec_s1,decoder,1,10,0.002575098571833223,0.00242028123466298,0.00128727697301656,0.0021418229094706475,-0.48443339616480313,0.3755726764900103,,,,,,,
himalayas_2020-09-23T06:00:00,himalayas,synoptic,hotspot,t1,precip_trace,precip_only,q850,30.72747747747748,84.4321042943339,0.00017673235561233014,2.11,11.470555305480957,11.447488784790039,11.472380638122559,-0.02306652069091797,0.0018253326416015625,-0.012445926666259766,-0.010620594024658203,0.012445926666259766,True,dec_s2,decoder,2,6,0.008484559987361232,0.0062029859982430935,0.004240084090270102,0.006106335436925292,-0.39432086551941364,0.40928452417537836,,,,,,,
himalayas_2020-09-23T06:00:00,himalayas,synoptic,hotspot,t1,q850_trace,precip_only,q850,30.72747747747748,84.4321042943339,0.00017673235561233014,,11.470555305480957,12.066512107849121,10.463057518005371,0.5959568023681641,-1.007497787475586,0.801727294921875,-0.20577049255371094,0.801727294921875,True,enc_s0,encoder,0,6,0.012065426136056582,0.01241016403461496,0.01183472682411472,0.0031015625378737846,0.8729124516314021,0.7909831031855736,1.0,850,0.0,0.018221824932957438,0.9999998888329471,0.9760280478921004,0.023971843605725993
himalayas_2020-09-23T06:00:00,himalayas,synoptic,hotspot,t1,q850_trace,precip_only,q850,30.72747747747748,84.4321042943339,0.00017673235561233014,,11.470555305480957,12.066512107849121,10.463057518005371,0.5959568023681641,-1.007497787475586,0.801727294921875,-0.20577049255371094,0.801727294921875,True,enc_s1,encoder,1,10,0.008453064039349556,0.007451047468930483,0.007119756238535046,0.0035041776252910497,0.6525165478051881,0.6850922287430935,1.0,850,0.0,0.018221824932957438,0.9999998888329471,0.9760280478921004,0.023971843605725993
himalayas_2020-09-23T06:00:00,himalayas,synoptic,hotspot,t1,q850_trace,precip_only,q850,30.72747747747748,84.4321042943339,0.00017673235561233014,,11.470555305480957,12.066512107849121,10.463057518005371,0.5959568023681641,-1.007497787475586,0.801727294921875,-0.20577049255371094,0.801727294921875,True,enc_s2,encoder,2,8,0.004140265140449628,0.0034136599279008806,0.003337289672344923,0.001805643638363108,0.5753899500206352,0.6489651432382264,1.0,850,0.0,0.018221824932957438,0.9999998888329471,0.9760280478921004,0.023971843605725993
himalayas_2020-09-23T06:00:00,himalayas,synoptic,hotspot,t1,q850_trace,precip_only,q850,30.72747747747748,84.4321042943339,0.00017673235561233014,,11.470555305480957,12.066512107849121,10.463057518005371,0.5959568023681641,-1.007497787475586,0.801727294921875,-0.20577049255371094,0.801727294921875,True,dec_s0,decoder,0,8,0.006186290818732232,0.005171997705474496,0.0049877193523570895,0.002762553485808894,0.5583971740401654,0.6439113065038409,1.0,850,0.0,0.018221824932957438,0.9999998888329471,0.9760280478921004,0.023971843605725993
himalayas_2020-09-23T06:00:00,himalayas,synoptic,hotspot,t1,q850_trace,precip_only,q850,30.72747747747748,84.4321042943339,0.00017673235561233014,,11.470555305480957,12.066512107849121,10.463057518005371,0.5959568023681641,-1.007497787475586,0.801727294921875,-0.20577049255371094,0.801727294921875,True,dec_s1,decoder,1,10,0.006032823864370584,0.00573924311902374,0.004889740538783371,0.003279756708070636,0.41226071102221323,0.5997042668637667,1.0,850,0.0,0.018221824932957438,0.9999998888329471,0.9760280478921004,0.023971843605725993
himalayas_2020-09-23T06:00:00,himalayas,synoptic,hotspot,t1,q850_trace,precip_only,q850,30.72747747747748,84.4321042943339,0.00017673235561233014,,11.470555305480957,12.066512107849121,10.463057518005371,0.5959568023681641,-1.007497787475586,0.801727294921875,-0.20577049255371094,0.801727294921875,True,dec_s2,decoder,2,6,0.02172953138748805,0.020174046978354454,0.01837384483466546,0.010098391057302555,0.5907597840641267,0.6454156385332076,1.0,850,0.0,0.018221824932957438,0.9999998888329471,0.9760280478921004,0.023971843605725993
himalayas_2020-09-23T06:00:00,himalayas,synoptic,low_near,t1,precip_trace,precip_only,q850,45.72747747747748,89.4321042943339,1.474230066378368e-05,2.11,11.470555305480957,11.472299575805664,11.472887992858887,0.0017442703247070312,0.0023326873779296875,-0.0002942085266113281,0.0020384788513183594,0.0020384788513183594,False,enc_s0,encoder,0,6,0.004693274192201595,0.0006178298790473491,0.00233602294853578,0.0024003227784608803,-0.10150679860102975,0.49262632895514114,,,,,,,
himalayas_2020-09-23T06:00:00,himalayas,synoptic,low_near,t1,precip_trace,precip_only,q850,45.72747747747748,89.4321042943339,1.474230066378368e-05,2.11,11.470555305480957,11.472299575805664,11.472887992858887,0.0017442703247070312,0.0023326873779296875,-0.0002942085266113281,0.0020384788513183594,0.0020384788513183594,False,enc_s1,encoder,1,10,0.0030929754255339505,0.0016134147939737887,0.0015195978805422783,0.001969743426889181,-0.25990624907832444,0.44678402843363774,,,,,,,
himalayas_2020-09-23T06:00:00,himalayas,synoptic,low_near,t1,precip_trace,precip_only,q850,45.72747747747748,89.4321042943339,1.474230066378368e-05,2.11,11.470555305480957,11.472299575805664,11.472887992858887,0.0017442703247070312,0.0023326873779296875,-0.0002942085266113281,0.0020384788513183594,0.0020384788513183594,False,enc_s2,encoder,2,8,0.0011614215618465096,0.0008370024152100086,0.0005808041896671057,0.0008291291742352769,-0.36580004289893453,0.41204182371089954,,,,,,,
himalayas_2020-09-23T06:00:00,himalayas,synoptic,low_near,t1,precip_trace,precip_only,q850,45.72747747747748,89.4321042943339,1.474230066378368e-05,2.11,11.470555305480957,11.472299575805664,11.472887992858887,0.0017442703247070312,0.0023326873779296875,-0.0002942085266113281,0.0020384788513183594,0.0020384788513183594,False,dec_s0,decoder,0,8,0.0017791031714295968,0.0014276022702688351,0.000889800299773924,0.0013454048748826608,-0.40669130370381956,0.3985097375259245,,,,,,,
himalayas_2020-09-23T06:00:00,himalayas,synoptic,low_near,t1,precip_trace,precip_only,q850,45.72747747747748,89.4321042943339,1.474230066378368e-05,2.11,11.470555305480957,11.472299575805664,11.472887992858887,0.0017442703247070312,0.0023326873779296875,-0.0002942085266113281,0.0020384788513183594,0.0020384788513183594,False,dec_s1,decoder,1,10,0.002641705179121345,0.0024180169450119136,0.0013204179413150996,0.002160837908741087,-0.472988076572341,0.37931939774024914,,,,,,,
himalayas_2020-09-23T06:00:00,himalayas,synoptic,low_near,t1,precip_trace,precip_only,q850,45.72747747747748,89.4321042943339,1.474230066378368e-05,2.11,11.470555305480957,11.472299575805664,11.472887992858887,0.0017442703247070312,0.0023326873779296875,-0.0002942085266113281,0.0020384788513183594,0.0020384788513183594,False,dec_s2,decoder,2,6,0.009572610724717379,0.0062010439578443766,0.004779707407578826,0.0065031930183370905,-0.35520984042453124,0.4225883911013273,,,,,,,
himalayas_2020-09-23T06:00:00,himalayas,synoptic,low_near,t1,q850_trace,precip_only,q850,45.72747747747748,89.4321042943339,1.474230066378368e-05,,11.470555305480957,11.48424243927002,11.461420059204102,0.0136871337890625,-0.009135246276855469,0.011411190032958984,0.0022759437561035156,0.011411190032958984,True,enc_s0,encoder,0,6,0.01555104786530137,0.017158264604707558,0.01575462721909086,0.004445437341928482,0.8566063003226129,0.7788130055544862,1.0,850,0.0,0.01183762354123625,1.0,0.9928804097700451,0.007119590229954892
himalayas_2020-09-23T06:00:00,himalayas,synoptic,low_near,t1,q850_trace,precip_only,q850,45.72747747747748,89.4321042943339,1.474230066378368e-05,,11.470555305480957,11.48424243927002,11.461420059204102,0.0136871337890625,-0.009135246276855469,0.011411190032958984,0.0022759437561035156,0.011411190032958984,True,enc_s1,encoder,1,10,0.011391683761030436,0.010898956563323736,0.010140575096011161,0.0045821161707863215,0.6877276440601208,0.6995253723365498,1.0,850,0.0,0.01183762354123625,1.0,0.9928804097700451,0.007119590229954892
himalayas_2020-09-23T06:00:00,himalayas,synoptic,low_near,t1,q850_trace,precip_only,q850,45.72747747747748,89.4321042943339,1.474230066378368e-05,,11.470555305480957,11.48424243927002,11.461420059204102,0.0136871337890625,-0.009135246276855469,0.011411190032958984,0.0022759437561035156,0.011411190032958984,True,enc_s2,encoder,2,8,0.005163908062968403,0.004651707946322858,0.004332422977313399,0.002319940598681569,0.5719134365890979,0.6513372191744455,1.0,850,0.0,0.01183762354123625,1.0,0.9928804097700451,0.007119590229954892
himalayas_2020-09-23T06:00:00,himalayas,synoptic,low_near,t1,q850_trace,precip_only,q850,45.72747747747748,89.4321042943339,1.474230066378368e-05,,11.470555305480957,11.48424243927002,11.461420059204102,0.0136871337890625,-0.009135246276855469,0.011411190032958984,0.0022759437561035156,0.011411190032958984,True,dec_s0,decoder,0,8,0.007630932494066656,0.007044788217172027,0.00638957874616608,0.0036207620287314057,0.5337400795668004,0.6390470146277749,1.0,850,0.0,0.01183762354123625,1.0,0.9928804097700451,0.007119590229954892
himalayas_2020-09-23T06:00:00,himalayas,synoptic,low_near,t1,q850_trace,precip_only,q850,45.72747747747748,89.4321042943339,1.474230066378368e-05,,11.470555305480957,11.48424243927002,11.461420059204102,0.0136871337890625,-0.009135246276855469,0.011411190032958984,0.0022759437561035156,0.011411190032958984,True,dec_s1,decoder,1,10,0.008171461150050163,0.008365822210907935,0.006938300840556621,0.004498479375615716,0.45079403394583994,0.6092433583830816,1.0,850,0.0,0.01183762354123625,1.0,0.9928804097700451,0.007119590229954892
himalayas_2020-09-23T06:00:00,himalayas,synoptic,low_near,t1,q850_trace,precip_only,q850,45.72747747747748,89.4321042943339,1.474230066378368e-05,,11.470555305480957,11.48424243927002,11.461420059204102,0.0136871337890625,-0.009135246276855469,0.011411190032958984,0.0022759437561035156,0.011411190032958984,True,dec_s2,decoder,2,6,0.028068535961210728,0.028217379935085773,0.024184116162359715,0.014384046662598848,0.5167219663852142,0.627535866554144,1.0,850,0.0,0.01183762354123625,1.0,0.9928804097700451,0.007119590229954892
japan_2020-10-10T00:00:00,japan,local,hotspot,t1,precip_trace,precip_only,q850,35.47747747747748,138.58497947810284,0.00010302375449100509,2.11,9.92697811126709,9.933860778808594,9.931899070739746,0.006882667541503906,0.00492095947265625,0.0009808540344238281,0.005901813507080078,0.005901813507080078,False,enc_s0,encoder,0,6,0.0018434326630085707,0.0004972522001480684,0.0009034202375914901,0.0010055210441350937,-0.2104392671126519,0.4711895491705165,,,,,,,
japan_2020-10-10T00:00:00,japan,local,hotspot,t1,precip_trace,precip_only,q850,35.47747747747748,138.58497947810284,0.00010302375449100509,2.11,9.92697811126709,9.933860778808594,9.931899070739746,0.006882667541503906,0.00492095947265625,0.0009808540344238281,0.005901813507080078,0.005901813507080078,False,enc_s1,encoder,1,10,0.0016930035781115294,0.0012540213181637227,0.000805203802883625,0.0012606186035554856,-0.35947022451710825,0.41412449562913806,,,,,,,
japan_2020-10-10T00:00:00,japan,local,hotspot,t1,precip_trace,precip_only,q850,35.47747747747748,138.58497947810284,0.00010302375449100509,2.11,9.92697811126709,9.933860778808594,9.931899070739746,0.006882667541503906,0.00492095947265625,0.0009808540344238281,0.005901813507080078,0.005901813507080078,False,enc_s2,encoder,2,8,0.000739024588256143,0.0006414259769371711,0.00036902723877574317,0.0005853315742569976,-0.4409525295630222,0.386706819389245,,,,,,,
japan_2020-10-10T00:00:00,japan,local,hotspot,t1,precip_trace,precip_only,q850,35.47747747747748,138.58497947810284,0.00010302375449100509,2.11,9.92697811126709,9.933860778808594,9.931899070739746,0.006882667541503906,0.00492095947265625,0.0009808540344238281,0.005901813507080078,0.005901813507080078,False,dec_s0,decoder,0,8,0.001169633469544351,0.0010738908822531812,0.0005843386898050085,0.0009587684762664139,-0.46584786741819517,0.3789947657891649,,,,,,,
japan_2020-10-10T00:00:00,japan,local,hotspot,t1,precip_trace,precip_only,q850,35.47747747747748,138.58497947810284,0.00010302375449100509,2.11,9.92697811126709,9.933860778808594,9.931899070739746,0.006882667541503906,0.00492095947265625,0.0009808540344238281,0.005901813507080078,0.005901813507080078,False,dec_s1,decoder,1,10,0.0023307613446377218,0.002282522991299629,0.0011637766205240042,0.0019916842225939035,-0.5054820916290464,0.36883623903437385,,,,,,,
japan_2020-10-10T00:00:00,japan,local,hotspot,t1,precip_trace,precip_only,q850,35.47747747747748,138.58497947810284,0.00010302375449100509,2.11,9.92697811126709,9.933860778808594,9.931899070739746,0.006882667541503906,0.00492095947265625,0.0009808540344238281,0.005901813507080078,0.005901813507080078,False,dec_s2,decoder,2,6,0.0065988902157793445,0.006071027523527543,0.0032892696714649596,0.0054207907523959875,-0.4903160266971219,0.37752000944230285,,,,,,,
japan_2020-10-10T00:00:00,japan,local,hotspot,t1,q850_trace,precip_only,q850,35.47747747747748,138.58497947810284,0.00010302375449100509,,9.92697811126709,10.845170021057129,9.203019142150879,0.9181919097900391,-0.7239589691162109,0.821075439453125,0.09711647033691406,0.821075439453125,True,enc_s0,encoder,0,6,0.004755887668579817,0.004236261049906413,0.0043671840491394205,0.001096969722614934,0.8997859059378998,0.7985375619335602,1.0,850,0.0,0.0031871016122984627,1.0,0.999316355763729,0.0006836442362709664
japan_2020-10-10T00:00:00,japan,local,hotspot,t1,q850_trace,precip_only,q850,35.47747747747748,138.58497947810284,0.00010302375449100509,,9.92697811126709,10.845170021057129,9.203019142150879,0.9181919097900391,-0.7239589691162109,0.821075439453125,0.09711647033691406,0.821075439453125,True,enc_s1,encoder,1,10,0.003987970435991884,0.00300912584643811,0.0030255509074777363,0.0017779232701286673,0.5797192652182366,0.653264777329371,1.0,850,0.0,0.0031871016122984627,1.0,0.999316355763729,0.0006836442362709664
japan_2020-10-10T00:00:00,japan,local,hotspot,t1,q850_trace,precip_only,q850,35.47747747747748,138.58497947810284,0.00010302375449100509,,9.92697811126709,10.845170021057129,9.203019142150879,0.9181919097900391,-0.7239589691162109,0.821075439453125,0.09711647033691406,0.821075439453125,True,enc_s2,encoder,2,8,0.001764542525052093,0.0014290168619481847,0.0013621626130770892,0.0008499315663357265,0.46238600293089466,0.6157281316035254,1.0,850,0.0,0.0031871016122984627,1.0,0.999316355763729,0.0006836442362709664
japan_2020-10-10T00:00:00,japan,local,hotspot,t1,q850_trace,precip_only,q850,35.47747747747748,138.58497947810284,0.00010302375449100509,,9.92697811126709,10.845170021057129,9.203019142150879,0.9181919097900391,-0.7239589691162109,0.821075439453125,0.09711647033691406,0.821075439453125,True,dec_s0,decoder,0,8,0.002552668214775622,0.0021637435420416296,0.0019946904794778675,0.001272826615604572,0.44272509288037687,0.610913127774229,1.0,850,0.0,0.0031871016122984627,1.0,0.999316355763729,0.0006836442362709664
japan_2020-10-10T00:00:00,japan,local,hotspot,t1,q850_trace,precip_only,q850,35.47747747747748,138.58497947810284,0.00010302375449100509,,9.92697811126709,10.845170021057129,9.203019142150879,0.9181919097900391,-0.7239589691162109,0.821075439453125,0.09711647033691406,0.821075439453125,True,dec_s1,decoder,1,10,0.00380288353189826,0.0034245283692143857,0.002824723662342876,0.002258845476899296,0.20501425035925033,0.5489386307122197,1.0,850,0.0,0.0031871016122984627,1.0,0.999316355763729,0.0006836442362709664
japan_2020-10-10T00:00:00,japan,local,hotspot,t1,q850_trace,precip_only,q850,35.47747747747748,138.58497947810284,0.00010302375449100509,,9.92697811126709,10.845170021057129,9.203019142150879,0.9181919097900391,-0.7239589691162109,0.821075439453125,0.09711647033691406,0.821075439453125,True,dec_s2,decoder,2,6,0.01347891086091598,0.011680749400208393,0.010760164664437374,0.0065786864918967085,0.5277770353678092,0.62053393333198,1.0,850,0.0,0.0031871016122984627,1.0,0.999316355763729,0.0006836442362709664
japan_2020-10-10T00:00:00,japan,local,low_near,t1,precip_trace,precip_only,q850,22.97747747747748,126.08497947810284,1.1451935506556765e-06,2.11,9.92697811126709,9.927286148071289,9.926514625549316,0.00030803680419921875,-0.0004634857177734375,0.0003857612609863281,-7.772445678710938e-05,0.0003857612609863281,True,enc_s0,encoder,0,6,0.001683717380122592,0.0005053239729022607,0.0008106919995043427,0.0009452813537791371,-0.2748442547327482,0.4587780336400941,,,,,,,
japan_2020-10-10T00:00:00,japan,local,low_near,t1,precip_trace,precip_only,q850,22.97747747747748,126.08497947810284,1.1451935506556765e-06,2.11,9.92697811126709,9.927286148071289,9.926514625549316,0.00030803680419921875,-0.0004634857177734375,0.0003857612609863281,-7.772445678710938e-05,0.0003857612609863281,True,enc_s1,encoder,1,10,0.001670545421075076,0.0013345282728550955,0.0007932929351227358,0.001292702043429017,-0.392730541869209,0.4036448215015855,,,,,,,
japan_2020-10-10T00:00:00,japan,local,low_near,t1,precip_trace,precip_only,q850,22.97747747747748,126.08497947810284,1.1451935506556765e-06,2.11,9.92697811126709,9.927286148071289,9.926514625549316,0.00030803680419921875,-0.0004634857177734375,0.0003857612609863281,-7.772445678710938e-05,0.0003857612609863281,True,enc_s2,encoder,2,8,0.0007790912059135735,0.0006909585936227813,0.0003890756888722535,0.0006251628074096516,-0.45045549929643525,0.38365437826304627,,,,,,,
japan_2020-10-10T00:00:00,japan,local,low_near,t1,precip_trace,precip_only,q850,22.97747747747748,126.08497947810284,1.1451935506556765e-06,2.11,9.92697811126709,9.927286148071289,9.926514625549316,0.00030803680419921875,-0.0004634857177734375,0.0003857612609863281,-7.772445678710938e-05,0.0003857612609863281,True,dec_s0,decoder,0,8,0.0012089752199244685,0.0011217057835892774,0.0006038467327016406,0.0009976557921618223,-0.4711932343530191,0.37728098203470095,,,,,,,
japan_2020-10-10T00:00:00,japan,local,low_near,t1,precip_trace,precip_only,q850,22.97747747747748,126.08497947810284,1.1451935506556765e-06,2.11,9.92697811126709,9.927286148071289,9.926514625549316,0.00030803680419921875,-0.0004634857177734375,0.0003857612609863281,-7.772445678710938e-05,0.0003857612609863281,True,dec_s1,decoder,1,10,0.0023819645983166994,0.0023084375890903173,0.001190889219287783,0.0020206699497066437,-0.49908569169344974,0.3708485319263689,,,,,,,
japan_2020-10-10T00:00:00,japan,local,low_near,t1,precip_trace,precip_only,q850,22.97747747747748,126.08497947810284,1.1451935506556765e-06,2.11,9.92697811126709,9.927286148071289,9.926514625549316,0.00030803680419921875,-0.0004634857177734375,0.0003857612609863281,-7.772445678710938e-05,0.0003857612609863281,True,dec_s2,decoder,2,6,0.006556691989923517,0.006123438787957032,0.003270914739308258,0.005435656600942214,-0.4961443489362131,0.3755875832161719,,,,,,,
japan_2020-10-10T00:00:00,japan,local,low_near,t1,q850_trace,precip_only,q850,22.97747747747748,126.08497947810284,1.1451935506556765e-06,,9.92697811126709,9.925679206848145,9.925718307495117,-0.0012989044189453125,-0.0012598037719726562,-1.9550323486328125e-05,-0.0012793540954589844,0.0012793540954589844,False,enc_s0,encoder,0,6,0.007003955543041229,0.006074798991903663,0.00614302116446197,0.0022828965059792003,0.7690642379924711,0.7279270890383461,1.0,850,0.0,0.0,1.0,0.999999914275099,8.57249009063008e-08
japan_2020-10-10T00:00:00,japan,local,low_near,t1,q850_trace,precip_only,q850,22.97747747747748,126.08497947810284,1.1451935506556765e-06,,9.92697811126709,9.925679206848145,9.925718307495117,-0.0012989044189453125,-0.0012598037719726562,-1.9550323486328125e-05,-0.0012793540954589844,0.0012793540954589844,False,enc_s1,encoder,1,10,0.0054161074105650185,0.0037290583131834865,0.003688542637974024,0.0027480718097649516,0.3985719371032778,0.5990222889722835,1.0,850,0.0,0.0,1.0,0.999999914275099,8.57249009063008e-08
japan_2020-10-10T00:00:00,japan,local,low_near,t1,q850_trace,precip_only,q850,22.97747747747748,126.08497947810284,1.1451935506556765e-06,,9.92697811126709,9.925679206848145,9.925718307495117,-0.0012989044189453125,-0.0012598037719726562,-1.9550323486328125e-05,-0.0012793540954589844,0.0012793540954589844,False,enc_s2,encoder,2,8,0.002407543099252507,0.0016409865638706833,0.001679362656432204,0.0011934218346141279,0.3646301186031945,0.5846151752679939,1.0,850,0.0,0.0,1.0,0.999999914275099,8.57249009063008e-08
japan_2020-10-10T00:00:00,japan,local,low_near,t1,q850_trace,precip_only,q850,22.97747747747748,126.08497947810284,1.1451935506556765e-06,,9.92697811126709,9.925679206848145,9.925718307495117,-0.0012989044189453125,-0.0012598037719726562,-1.9550323486328125e-05,-0.0012793540954589844,0.0012793540954589844,False,dec_s0,decoder,0,8,0.003089720761636272,0.0021007106552133337,0.0020727797236759216,0.0016378027794416994,0.2591627718763527,0.5591270991231874,1.0,850,0.0,0.0,1.0,0.999999914275099,8.57249009063008e-08
japan_2020-10-10T00:00:00,japan,local,low_near,t1,q850_trace,precip_only,q850,22.97747747747748,126.08497947810284,1.1451935506556765e-06,,9.92697811126709,9.925679206848145,9.925718307495117,-0.0012989044189453125,-0.0012598037719726562,-1.9550323486328125e-05,-0.0012793540954589844,0.0012793540954589844,False,dec_s1,decoder,1,10,0.0044375981669873,0.0037822706392034887,0.002985762758180499,0.0028435871587134897,0.06263388511691606,0.5145027388761721,1.0,850,0.0,0.0,1.0,0.999999914275099,8.57249009063008e-08
japan_2020-10-10T00:00:00,japan,local,low_near,t1,q850_trace,precip_only,q850,22.97747747747748,126.08497947810284,1.1451935506556765e-06,,9.92697811126709,9.925679206848145,9.925718307495117,-0.0012989044189453125,-0.0012598037719726562,-1.9550323486328125e-05,-0.0012793540954589844,0.0012793540954589844,False,dec_s2,decoder,2,6,0.013394146847228209,0.012953820483138164,0.010630821188290914,0.007783856242895126,0.35616506384419583,0.5773853879366554,1.0,850,0.0,0.0,1.0,0.999999914275099,8.57249009063008e-08
japan_2020-10-10T00:00:00,japan,synoptic,hotspot,t1,precip_trace,precip_only,q850,32.97747747747748,141.08497947810284,0.0001805153879104182,2.11,9.92697811126709,9.93891429901123,9.927291870117188,0.011936187744140625,0.00031375885009765625,0.005811214447021484,0.006124973297119141,0.006124973297119141,False,enc_s0,encoder,0,6,0.004069405103412767,0.0006008138007018715,0.0020281499018892646,0.0020885921549052,-0.09813958703312016,0.49174531423975165,,,,,,,
japan_2020-10-10T00:00:00,japan,synoptic,hotspot,t1,precip_trace,precip_only,q850,32.97747747747748,141.08497947810284,0.0001805153879104182,2.11,9.92697811126709,9.93891429901123,9.927291870117188,0.011936187744140625,0.00031375885009765625,0.005811214447021484,0.006124973297119141,0.006124973297119141,False,enc_s1,encoder,1,10,0.0026962060481309892,0.0016100229695439339,0.0013185331015847623,0.0018080318463034929,-0.29044618356886254,0.4369398173925189,,,,,,,
japan_2020-10-10T00:00:00,japan,synoptic,hotspot,t1,precip_trace,precip_only,q850,32.97747747747748,141.08497947810284,0.0001805153879104182,2.11,9.92697811126709,9.93891429901123,9.927291870117188,0.011936187744140625,0.00031375885009765625,0.005811214447021484,0.006124973297119141,0.006124973297119141,False,enc_s2,encoder,2,8,0.0011085320438724011,0.0007915171663626097,0.0005546683023567311,0.0007874228685977869,-0.3617904292977468,0.41333334453807236,,,,,,,
japan_2020-10-10T00:00:00,japan,synoptic,hotspot,t1,precip_trace,precip_only,q850,32.97747747747748,141.08497947810284,0.0001805153879104182,2.11,9.92697811126709,9.93891429901123,9.927291870117188,0.011936187744140625,0.00031375885009765625,0.005811214447021484,0.006124973297119141,0.006124973297119141,False,dec_s0,decoder,0,8,0.0015573552082059905,0.0012149998947279528,0.000778864799940493,0.0011594987445278093,-0.3953015025977063,0.40229620703107116,,,,,,,
japan_2020-10-10T00:00:00,japan,synoptic,hotspot,t1,precip_trace,precip_only,q850,32.97747747747748,141.08497947810284,0.0001805153879104182,2.11,9.92697811126709,9.93891429901123,9.927291870117188,0.011936187744140625,0.00031375885009765625,0.005811214447021484,0.006124973297119141,0.006124973297119141,False,dec_s1,decoder,1,10,0.0025991709786467253,0.0023548502125777305,0.0012987413618247956,0.0021127729211002587,-0.467975117161134,0.3808899483749141,,,,,,,
japan_2020-10-10T00:00:00,japan,synoptic,hotspot,t1,precip_trace,precip_only,q850,32.97747747747748,141.08497947810284,0.0001805153879104182,2.11,9.92697811126709,9.93891429901123,9.927291870117188,0.011936187744140625,0.00031375885009765625,0.005811214447021484,0.006124973297119141,0.006124973297119141,False,dec_s2,decoder,2,6,0.008805144345387816,0.0062327134267737465,0.004395424233128627,0.006240442239989837,-0.38576011092110635,0.4123101072821707,,,,,,,
japan_2020-10-10T00:00:00,japan,synoptic,hotspot,t1,q850_trace,precip_only,q850,32.97747747747748,141.08497947810284,0.0001805153879104182,,9.92697811126709,10.86307430267334,9.00290298461914,0.93609619140625,-0.9240751266479492,0.9300856590270996,0.006010532379150391,0.9300856590270996,True,enc_s0,encoder,0,6,0.012761982157826424,0.01200513681396842,0.01200713108604153,0.0030502182974790535,0.8836349587343252,0.7966429784671064,1.0,850,0.0,0.01583626908236873,1.0,0.9895491090331485,0.010450890966851431
japan_2020-10-10T00:00:00,japan,synoptic,hotspot,t1,q850_trace,precip_only,q850,32.97747747747748,141.08497947810284,0.0001805153879104182,,9.92697811126709,10.86307430267334,9.00290298461914,0.93609619140625,-0.9240751266479492,0.9300856590270996,0.006010532379150391,0.9300856590270996,True,enc_s1,encoder,1,10,0.008733379049226641,0.00643118117004633,0.006767518632113933,0.003556930064223707,0.6296333611754794,0.6676022626579827,1.0,850,0.0,0.01583626908236873,1.0,0.9895491090331485,0.010450890966851431
japan_2020-10-10T00:00:00,japan,synoptic,hotspot,t1,q850_trace,precip_only,q850,32.97747747747748,141.08497947810284,0.0001805153879104182,,9.92697811126709,10.86307430267334,9.00290298461914,0.93609619140625,-0.9240751266479492,0.9300856590270996,0.006010532379150391,0.9300856590270996,True,enc_s2,encoder,2,8,0.00385135380201973,0.002889787225285545,0.0029599461413454264,0.0016824868216644973,0.5488870727834749,0.6375797405369824,1.0,850,0.0,0.01583626908236873,1.0,0.9895491090331485,0.010450890966851431
japan_2020-10-10T00:00:00,japan,synoptic,hotspot,t1,q850_trace,precip_only,q850,32.97747747747748,141.08497947810284,0.0001805153879104182,,9.92697811126709,10.86307430267334,9.00290298461914,0.93609619140625,-0.9240751266479492,0.9300856590270996,0.006010532379150391,0.9300856590270996,True,dec_s0,decoder,0,8,0.005302889563608915,0.004078773927176371,0.004119289718801156,0.002326053800061345,0.5532451029443144,0.6392308424623544,1.0,850,0.0,0.01583626908236873,1.0,0.9895491090331485,0.010450890966851431
japan_2020-10-10T00:00:00,japan,synoptic,hotspot,t1,q850_trace,precip_only,q850,32.97747747747748,141.08497947810284,0.0001805153879104182,,9.92697811126709,10.86307430267334,9.00290298461914,0.93609619140625,-0.9240751266479492,0.9300856590270996,0.006010532379150391,0.9300856590270996,True,dec_s1,decoder,1,10,0.007079208898358047,0.006333016906864941,0.005764842801727355,0.003446282888762653,0.5213838017819052,0.6277084630387308,1.0,850,0.0,0.01583626908236873,1.0,0.9895491090331485,0.010450890966851431
japan_2020-10-10T00:00:00,japan,synoptic,hotspot,t1,q850_trace,precip_only,q850,32.97747747747748,141.08497947810284,0.0001805153879104182,,9.92697811126709,10.86307430267334,9.00290298461914,0.93609619140625,-0.9240751266479492,0.9300856590270996,0.006010532379150391,0.9300856590270996,True,dec_s2,decoder,2,6,0.027642888637880485,0.023946422152221203,0.02339073767264684,0.011029291432350874,0.694913761442096,0.679678171840199,1.0,850,0.0,0.01583626908236873,1.0,0.9895491090331485,0.010450890966851431
japan_2020-10-10T00:00:00,japan,synoptic,low_near,t1,precip_trace,precip_only,q850,52.97747747747748,141.08497947810284,1.2401071217027493e-05,2.11,9.92697811126709,9.930729866027832,9.929373741149902,0.0037517547607421875,0.0023956298828125,0.0006780624389648438,0.0030736923217773438,0.0030736923217773438,False,enc_s0,encoder,0,6,0.005036675293619434,0.0006258001861472925,0.0025082709228930375,0.002570018133458992,-0.09607969741661058,0.4933075941660226,,,,,,,
japan_2020-10-10T00:00:00,japan,synoptic,low_near,t1,precip_trace,precip_only,q850,52.97747747747748,141.08497947810284,1.2401071217027493e-05,2.11,9.92697811126709,9.930729866027832,9.929373741149902,0.0037517547607421875,0.0023956298828125,0.0006780624389648438,0.0030736923217773438,0.0030736923217773438,False,enc_s1,encoder,1,10,0.0033501375699415805,0.0016493890841957181,0.001649899990297854,0.0020916911540552973,-0.24521137991550565,0.4513904311816905,,,,,,,
japan_2020-10-10T00:00:00,japan,synoptic,low_near,t1,precip_trace,precip_only,q850,52.97747747747748,141.08497947810284,1.2401071217027493e-05,2.11,9.92697811126709,9.930729866027832,9.929373741149902,0.0037517547607421875,0.0023956298828125,0.0006780624389648438,0.0030736923217773438,0.0030736923217773438,False,enc_s2,encoder,2,8,0.0012618509499588981,0.0007992203100002371,0.000631716764473822,0.0008464486236334778,-0.31984682525804037,0.4274091618772674,,,,,,,
japan_2020-10-10T00:00:00,japan,synoptic,low_near,t1,precip_trace,precip_only,q850,52.97747747747748,141.08497947810284,1.2401071217027493e-05,2.11,9.92697811126709,9.930729866027832,9.929373741149902,0.0037517547607421875,0.0023956298828125,0.0006780624389648438,0.0030736923217773438,0.0030736923217773438,False,dec_s0,decoder,0,8,0.0017488913290435448,0.0012207875479361974,0.0008748924592509866,0.0012285749326110817,-0.35370925980525436,0.4163892671202801,,,,,,,
japan_2020-10-10T00:00:00,japan,synoptic,low_near,t1,precip_trace,precip_only,q850,52.97747747747748,141.08497947810284,1.2401071217027493e-05,2.11,9.92697811126709,9.930729866027832,9.929373741149902,0.0037517547607421875,0.0023956298828125,0.0006780624389648438,0.0030736923217773438,0.0030736923217773438,False,dec_s1,decoder,1,10,0.002702572976704687,0.0023491763160564004,0.0013519314175937324,0.002141045103780925,-0.44675330678620345,0.387901317666858,,,,,,,
japan_2020-10-10T00:00:00,japan,synoptic,low_near,t1,precip_trace,precip_only,q850,52.97747747747748,141.08497947810284,1.2401071217027493e-05,2.11,9.92697811126709,9.930729866027832,9.929373741149902,0.0037517547607421875,0.0023956298828125,0.0006780624389648438,0.0030736923217773438,0.0030736923217773438,False,dec_s2,decoder,2,6,0.009704592172056437,0.00620946839141349,0.004846360068768263,0.006553603569045663,-0.3504285680247654,0.42436140826286417,,,,,,,
japan_2020-10-10T00:00:00,japan,synoptic,low_near,t1,q850_trace,precip_only,q850,52.97747747747748,141.08497947810284,1.2401071217027493e-05,,9.92697811126709,9.946683883666992,9.90765380859375,0.019705772399902344,-0.019324302673339844,0.019515037536621094,0.00019073486328125,0.019515037536621094,True,enc_s0,encoder,0,6,0.021641732193529606,0.019627716081837814,0.01960388074318568,0.006520683411508799,0.8053745232168313,0.7497342625569091,1.0,850,0.0,0.11129036141677301,0.9999999221308428,0.8092508558793744,0.19074908110493852
japan_2020-10-10T00:00:00,japan,synoptic,low_near,t1,q850_trace,precip_only,q850,52.97747747747748,141.08497947810284,1.2401071217027493e-05,,9.92697811126709,9.946683883666992,9.90765380859375,0.019705772399902344,-0.019324302673339844,0.019515037536621094,0.00019073486328125,0.019515037536621094,True,enc_s1,encoder,1,10,0.014173017721623183,0.01151157421991229,0.011482704430818558,0.005925052519887686,0.6188295289071891,0.6661733912745438,1.0,850,0.0,0.11129036141677301,0.9999999221308428,0.8092508558793744,0.19074908110493852
japan_2020-10-10T00:00:00,japan,synoptic,low_near,t1,q850_trace,precip_only,q850,52.97747747747748,141.08497947810284,1.2401071217027493e-05,,9.92697811126709,9.946683883666992,9.90765380859375,0.019705772399902344,-0.019324302673339844,0.019515037536621094,0.00019073486328125,0.019515037536621094,True,enc_s2,encoder,2,8,0.0060778651386499405,0.004443200363311917,0.00462435552617535,0.0026374805893283337,0.5471004935587902,0.6368445583616814,1.0,850,0.0,0.11129036141677301,0.9999999221308428,0.8092508558793744,0.19074908110493852
japan_2020-10-10T00:00:00,japan,synoptic,low_near,t1,q850_trace,precip_only,q850,52.97747747747748,141.08497947810284,1.2401071217027493e-05,,9.92697811126709,9.946683883666992,9.90765380859375,0.019705772399902344,-0.019324302673339844,0.019515037536621094,0.00019073486328125,0.019515037536621094,True,dec_s0,decoder,0,8,0.008395431679673493,0.005591495078988373,0.006148050772026181,0.0036161017196718603,0.5413893799051961,0.6295511937216338,1.0,850,0.0,0.11129036141677301,0.9999999221308428,0.8092508558793744,0.19074908110493852
japan_2020-10-10T00:00:00,japan,synoptic,low_near,t1,q850_trace,precip_only,q850,52.97747747747748,141.08497947810284,1.2401071217027493e-05,,9.92697811126709,9.946683883666992,9.90765380859375,0.019705772399902344,-0.019324302673339844,0.019515037536621094,0.00019073486328125,0.019515037536621094,True,dec_s1,decoder,1,10,0.00981954406015575,0.008601205283775925,0.00800603157840669,0.00458888344001025,0.5627466769515597,0.6402030971723951,1.0,850,0.0,0.11129036141677301,0.9999999221308428,0.8092508558793744,0.19074908110493852
japan_2020-10-10T00:00:00,japan,synoptic,low_near,t1,q850_trace,precip_only,q850,52.97747747747748,141.08497947810284,1.2401071217027493e-05,,9.92697811126709,9.946683883666992,9.90765380859375,0.019705772399902344,-0.019324302673339844,0.019515037536621094,0.00019073486328125,0.019515037536621094,True,dec_s2,decoder,2,6,0.038902719815572105,0.035484252497553825,0.034253003696600594,0.014587876697381338,0.7283477066442333,0.7016061372390755,1.0,850,0.0,0.11129036141677301,0.9999999221308428,0.8092508558793744,0.19074908110493852
netherlands_2020-12-27T12:00:00,netherlands,local,hotspot,t1,precip_trace,precip_only,q850,52.47747747747748,3.502710997644563,5.496609446709044e-05,2.11,3.481840133666992,3.4883971214294434,3.4825994968414307,0.006556987762451172,0.0007593631744384766,0.0028988122940063477,0.0036581754684448242,0.0036581754684448242,False,enc_s0,encoder,0,6,0.0021346554858610034,0.0005198682968815168,0.0010456543241161853,0.001151455498378103,-0.20656252517359544,0.47425241940842705,,,,,,,
netherlands_2020-12-27T12:00:00,netherlands,local,hotspot,t1,precip_trace,precip_only,q850,52.47747747747748,3.502710997644563,5.496609446709044e-05,2.11,3.481840133666992,3.4883971214294434,3.4825994968414307,0.006556987762451172,0.0007593631744384766,0.0028988122940063477,0.0036581754684448242,0.0036581754684448242,False,enc_s1,encoder,1,10,0.0016079607070423664,0.0013231928023742512,0.000756862064008601,0.001265944167971611,-0.41641213176110814,0.395542315328856,,,,,,,
netherlands_2020-12-27T12:00:00,netherlands,local,hotspot,t1,precip_trace,precip_only,q850,52.47747747747748,3.502710997644563,5.496609446709044e-05,2.11,3.481840133666992,3.4883971214294434,3.4825994968414307,0.006556987762451172,0.0007593631744384766,0.0028988122940063477,0.0036581754684448242,0.0036581754684448242,False,enc_s2,encoder,2,8,0.0007584926570416428,0.0006855120591353625,0.00037835133480257355,0.000616013232502155,-0.45960960339492063,0.38052996535485745,,,,,,,
netherlands_2020-12-27T12:00:00,netherlands,local,hotspot,t1,precip_trace,precip_only,q850,52.47747747747748,3.502710997644563,5.496609446709044e-05,2.11,3.481840133666992,3.4883971214294434,3.4825994968414307,0.006556987762451172,0.0007593631744384766,0.0028988122940063477,0.0036581754684448242,0.0036581754684448242,False,dec_s0,decoder,0,8,0.0012154963114880957,0.0011483371708891355,0.0006066380847187247,0.0010149222580366768,-0.4809002697262541,0.3743375875931504,,,,,,,
netherlands_2020-12-27T12:00:00,netherlands,local,hotspot,t1,precip_trace,precip_only,q850,52.47747747747748,3.502710997644563,5.496609446709044e-05,2.11,3.481840133666992,3.4883971214294434,3.4825994968414307,0.006556987762451172,0.0007593631744384766,0.0028988122940063477,0.0036581754684448242,0.0036581754684448242,False,dec_s1,decoder,1,10,0.0023576554376631975,0.002323945832904428,0.0011776268831454218,0.0020230749971233307,-0.5086807162036056,0.36801127558187746,,,,,,,
netherlands_2020-12-27T12:00:00,netherlands,local,hotspot,t1,precip_trace,precip_only,q850,52.47747747747748,3.502710997644563,5.496609446709044e-05,2.11,3.481840133666992,3.4883971214294434,3.4825994968414307,0.006556987762451172,0.0007593631744384766,0.0028988122940063477,0.0036581754684448242,0.0036581754684448242,False,dec_s2,decoder,2,6,0.006644156373416384,0.0061093897093087435,0.0033110569541653,0.005456592887639999,-0.4908700443585691,0.37752805315918786,,,,,,,
netherlands_2020-12-27T12:00:00,netherlands,local,hotspot,t1,q850_trace,precip_only,q850,52.47747747747748,3.502710997644563,5.496609446709044e-05,,3.481840133666992,4.040131092071533,2.514861583709717,0.558290958404541,-0.9669785499572754,0.7626347541809082,-0.2043437957763672,0.7626347541809082,True,enc_s0,encoder,0,6,0.006853548189004262,0.006964290436978142,0.00659096574721237,0.002083485519203047,0.8281807346974793,0.7595723243374216,1.0,850,0.0,0.03409090909090909,1.0,0.9577547924148907,0.04224520758510926
netherlands_2020-12-27T12:00:00,netherlands,local,hotspot,t1,q850_trace,precip_only,q850,52.47747747747748,3.502710997644563,5.496609446709044e-05,,3.481840133666992,4.040131092071533,2.514861583709717,0.558290958404541,-0.9669785499572754,0.7626347541809082,-0.2043437957763672,0.7626347541809082,True,enc_s1,encoder,1,10,0.006586464773863554,0.004733859398402274,0.004787844931706786,0.003117726545315236,0.4691871522904287,0.6183142439756345,1.0,850,0.0,0.03409090909090909,1.0,0.9577547924148907,0.04224520758510926
netherlands_2020-12-27T12:00:00,netherlands,local,hotspot,t1,q850_trace,precip_only,q850,52.47747747747748,3.502710997644563,5.496609446709044e-05,,3.481840133666992,4.040131092071533,2.514861583709717,0.558290958404541,-0.9669785499572754,0.7626347541809082,-0.2043437957763672,0.7626347541809082,True,enc_s2,encoder,2,8,0.00259210797958076,0.002079834492178634,0.001951626458321698,0.0013090751017443836,0.40049341616815326,0.5985330480095421,1.0,850,0.0,0.03409090909090909,1.0,0.9577547924148907,0.04224520758510926
netherlands_2020-12-27T12:00:00,netherlands,local,hotspot,t1,q850_trace,precip_only,q850,52.47747747747748,3.502710997644563,5.496609446709044e-05,,3.481840133666992,4.040131092071533,2.514861583709717,0.558290958404541,-0.9669785499572754,0.7626347541809082,-0.2043437957763672,0.7626347541809082,True,dec_s0,decoder,0,8,0.003417683008592576,0.0028630439774133265,0.002575327904196456,0.0018185892986366525,0.35380683920189104,0.5865180498086414,1.0,850,0.0,0.03409090909090909,1.0,0.9577547924148907,0.04224520758510926
netherlands_2020-12-27T12:00:00,netherlands,local,hotspot,t1,q850_trace,precip_only,q850,52.47747747747748,3.502710997644563,5.496609446709044e-05,,3.481840133666992,4.040131092071533,2.514861583709717,0.558290958404541,-0.9669785499572754,0.7626347541809082,-0.2043437957763672,0.7626347541809082,True,dec_s1,decoder,1,10,0.004325708583928644,0.004655075236223638,0.003463301691226661,0.002863165852613747,0.20721042997784123,0.548572811004048,1.0,850,0.0,0.03409090909090909,1.0,0.9577547924148907,0.04224520758510926
netherlands_2020-12-27T12:00:00,netherlands,local,hotspot,t1,q850_trace,precip_only,q850,52.47747747747748,3.502710997644563,5.496609446709044e-05,,3.481840133666992,4.040131092071533,2.514861583709717,0.558290958404541,-0.9669785499572754,0.7626347541809082,-0.2043437957763672,0.7626347541809082,True,dec_s2,decoder,2,6,0.013692553155124187,0.015111681229124466,0.011724979306260744,0.008391570532694459,0.3849469654124163,0.5830933915916515,1.0,850,0.0,0.03409090909090909,1.0,0.9577547924148907,0.04224520758510926
netherlands_2020-12-27T12:00:00,netherlands,local,low_near,t1,precip_trace,precip_only,q850,64.97747747747748,346.00271099764456,7.220296538434923e-07,2.11,3.481840133666992,3.481614589691162,3.4832117557525635,-0.00022554397583007812,0.001371622085571289,-0.0007985830307006836,0.0005730390548706055,0.0007985830307006836,True,enc_s0,encoder,0,6,0.0026446684884528318,0.0005369617332083484,0.001304083833626161,0.0013956243443923693,-0.17053475604780266,0.4818156507571831,,,,,,,
netherlands_2020-12-27T12:00:00,netherlands,local,low_near,t1,precip_trace,precip_only,q850,64.97747747747748,346.00271099764456,7.220296538434923e-07,2.11,3.481840133666992,3.481614589691162,3.4832117557525635,-0.00022554397583007812,0.001371622085571289,-0.0007985830307006836,0.0005730390548706055,0.0007985830307006836,True,enc_s1,encoder,1,10,0.001822158566210419,0.001309587567811832,0.0008701199374627322,0.0013337933749426156,-0.3616833178209746,0.4142301494676358,,,,,,,
netherlands_2020-12-27T12:00:00,netherlands,local,low_near,t1,precip_trace,precip_only,q850,64.97747747747748,346.00271099764456,7.220296538434923e-07,2.11,3.481840133666992,3.481614589691162,3.4832117557525635,-0.00022554397583007812,0.001371622085571289,-0.0007985830307006836,0.0005730390548706055,0.0007985830307006836,True,enc_s2,encoder,2,8,0.0008176904375432059,0.0006686801498290151,0.00040822408482199535,0.0006254903637454845,-0.4148144635716874,0.3949704664446613,,,,,,,
netherlands_2020-12-27T12:00:00,netherlands,local,low_near,t1,precip_trace,precip_only,q850,64.97747747747748,346.00271099764456,7.220296538434923e-07,2.11,3.481840133666992,3.481614589691162,3.4832117557525635,-0.00022554397583007812,0.001371622085571289,-0.0007985830307006836,0.0005730390548706055,0.0007985830307006836,True,dec_s0,decoder,0,8,0.0012785687431460246,0.0011343433652655222,0.0006384392981999554,0.0010262582218274474,-0.4511733427148702,0.3839086736891847,,,,,,,
netherlands_2020-12-27T12:00:00,netherlands,local,low_near,t1,precip_trace,precip_only,q850,64.97747747747748,346.00271099764456,7.220296538434923e-07,2.11,3.481840133666992,3.481614589691162,3.4832117557525635,-0.00022554397583007812,0.001371622085571289,-0.0007985830307006836,0.0005730390548706055,0.0007985830307006836,True,dec_s1,decoder,1,10,0.0023888805182650684,0.002311020786873996,0.0011934341106098144,0.0020247252890840174,-0.49923909922352144,0.37098627516606114,,,,,,,
netherlands_2020-12-27T12:00:00,netherlands,local,low_near,t1,precip_trace,precip_only,q850,64.97747747747748,346.00271099764456,7.220296538434923e-07,2.11,3.481840133666992,3.481614589691162,3.4832117557525635,-0.00022554397583007812,0.001371622085571289,-0.0007985830307006836,0.0005730390548706055,0.0007985830307006836,True,dec_s2,decoder,2,6,0.007046661727751295,0.006075520301237702,0.003516004498427113,0.005561680377771457,-0.46170968023159803,0.3870408326900215,,,,,,,
netherlands_2020-12-27T12:00:00,netherlands,local,low_near,t1,q850_trace,precip_only,q850,64.97747747747748,346.00271099764456,7.220296538434923e-07,,3.481840133666992,3.477470636367798,3.4832987785339355,-0.004369497299194336,0.0014586448669433594,-0.0029140710830688477,-0.0014554262161254883,0.0029140710830688477,True,enc_s0,encoder,0,6,0.008252519182860851,0.00892260205000639,0.00816890395556887,0.0026888307572032013,0.8148542757727899,0.7520593487680006,1.0,850,0.0,0.05765485001947799,1.0,0.9443478392378737,0.05565216076212633
netherlands_2020-12-27T12:00:00,netherlands,local,low_near,t1,q850_trace,precip_only,q850,64.97747747747748,346.00271099764456,7.220296538434923e-07,,3.481840133666992,3.477470636367798,3.4832987785339355,-0.004369497299194336,0.0014586448669433594,-0.0029140710830688477,-0.0014554262161254883,0.0029140710830688477,True,enc_s1,encoder,1,10,0.008410517685115337,0.00556628992781043,0.005895748175680638,0.003967738791834563,0.44088297765313583,0.6087779765391679,1.0,850,0.0,0.05765485001947799,1.0,0.9443478392378737,0.05565216076212633
netherlands_2020-12-27T12:00:00,netherlands,local,low_near,t1,q850_trace,precip_only,q850,64.97747747747748,346.00271099764456,7.220296538434923e-07,,3.481840133666992,3.477470636367798,3.4832987785339355,-0.004369497299194336,0.0014586448669433594,-0.0029140710830688477,-0.0014554262161254883,0.0029140710830688477,True,enc_s2,encoder,2,8,0.003370287362486124,0.002312096068635583,0.0023612320655956864,0.001666426454903558,0.3685238732694433,0.5863260708629667,1.0,850,0.0,0.05765485001947799,1.0,0.9443478392378737,0.05565216076212633
netherlands_2020-12-27T12:00:00,netherlands,local,low_near,t1,q850_trace,precip_only,q850,64.97747747747748,346.00271099764456,7.220296538434923e-07,,3.481840133666992,3.477470636367798,3.4832987785339355,-0.004369497299194336,0.0014586448669433594,-0.0029140710830688477,-0.0014554262161254883,0.0029140710830688477,True,dec_s0,decoder,0,8,0.004494268272537738,0.003131471836240962,0.003112401900580153,0.0023056077770888805,0.32386719597655195,0.5747878624059628,1.0,850,0.0,0.05765485001947799,1.0,0.9443478392378737,0.05565216076212633
netherlands_2020-12-27T12:00:00,netherlands,local,low_near,t1,q850_trace,precip_only,q850,64.97747747747748,346.00271099764456,7.220296538434923e-07,,3.481840133666992,3.477470636367798,3.4832987785339355,-0.004369497299194336,0.0014586448669433594,-0.0029140710830688477,-0.0014554262161254883,0.0029140710830688477,True,dec_s1,decoder,1,10,0.004894217406399548,0.005166821088641882,0.0039119633147493005,0.003167660743929446,0.2261522974623825,0.5528975826479001,1.0,850,0.0,0.05765485001947799,1.0,0.9443478392378737,0.05565216076212633
netherlands_2020-12-27T12:00:00,netherlands,local,low_near,t1,q850_trace,precip_only,q850,64.97747747747748,346.00271099764456,7.220296538434923e-07,,3.481840133666992,3.477470636367798,3.4832987785339355,-0.004369497299194336,0.0014586448669433594,-0.0029140710830688477,-0.0014554262161254883,0.0029140710830688477,True,dec_s2,decoder,2,6,0.014432981765518585,0.016977676500876743,0.013128809786091248,0.008712098623315493,0.45666119869500843,0.6012867672478155,1.0,850,0.0,0.05765485001947799,1.0,0.9443478392378737,0.05565216076212633
netherlands_2020-12-27T12:00:00,netherlands,synoptic,hotspot,t1,precip_trace,precip_only,q850,49.97747747747748,3.502710997644563,9.8186828836333e-05,2.11,3.481840133666992,3.48659086227417,3.482802391052246,0.004750728607177734,0.0009622573852539062,0.001894235610961914,0.0028564929962158203,0.0028564929962158203,False,enc_s0,encoder,0,6,0.004840083459081749,0.0006183432609153291,0.002414202162375053,0.0024677965169151625,-0.08418218866255815,0.49393638637462894,,,,,,,
netherlands_2020-12-27T12:00:00,netherlands,synoptic,hotspot,t1,precip_trace,precip_only,q850,49.97747747747748,3.502710997644563,9.8186828836333e-05,2.11,3.481840133666992,3.48659086227417,3.482802391052246,0.004750728607177734,0.0009622573852539062,0.001894235610961914,0.0028564929962158203,0.0028564929962158203,False,enc_s1,encoder,1,10,0.0027959748171269895,0.001596800092374906,0.0013682567165233194,0.0018418409279547631,-0.28349887051616707,0.43959533670856876,,,,,,,
netherlands_2020-12-27T12:00:00,netherlands,synoptic,hotspot,t1,precip_trace,precip_only,q850,49.97747747747748,3.502710997644563,9.8186828836333e-05,2.11,3.481840133666992,3.48659086227417,3.482802391052246,0.004750728607177734,0.0009622573852539062,0.001894235610961914,0.0028564929962158203,0.0028564929962158203,False,enc_s2,encoder,2,8,0.0011028750304831192,0.0007902127181296237,0.0005511719937203452,0.0007852486669435166,-0.36396023449530784,0.41247631436539683,,,,,,,
netherlands_2020-12-27T12:00:00,netherlands,synoptic,hotspot,t1,precip_trace,precip_only,q850,49.97747747747748,3.502710997644563,9.8186828836333e-05,2.11,3.481840133666992,3.48659086227417,3.482802391052246,0.004750728607177734,0.0009622573852539062,0.001894235610961914,0.0028564929962158203,0.0028564929962158203,False,dec_s0,decoder,0,8,0.0015784786810399964,0.001245099825609941,0.0007886136518209241,0.001182891966891475,-0.4012344875937043,0.40045199159383194,,,,,,,
netherlands_2020-12-27T12:00:00,netherlands,synoptic,hotspot,t1,precip_trace,precip_only,q850,49.97747747747748,3.502710997644563,9.8186828836333e-05,2.11,3.481840133666992,3.48659086227417,3.482802391052246,0.004750728607177734,0.0009622573852539062,0.001894235610961914,0.0028564929962158203,0.0028564929962158203,False,dec_s1,decoder,1,10,0.0025424163090065123,0.0023707487154752014,0.0012703176471404731,0.0021044185385107996,-0.48074649443156814,0.37690213400689787,,,,,,,
netherlands_2020-12-27T12:00:00,netherlands,synoptic,hotspot,t1,precip_trace,precip_only,q850,49.97747747747748,3.502710997644563,9.8186828836333e-05,2.11,3.481840133666992,3.48659086227417,3.482802391052246,0.004750728607177734,0.0009622573852539062,0.001894235610961914,0.0028564929962158203,0.0028564929962158203,False,dec_s2,decoder,2,6,0.008882671982670823,0.006209849535177152,0.004438145939881603,0.0062525692240645485,-0.38002959301112016,0.41436608814594594,,,,,,,
netherlands_2020-12-27T12:00:00,netherlands,synoptic,hotspot,t1,q850_trace,precip_only,q850,49.97747747747748,3.502710997644563,9.8186828836333e-05,,3.481840133666992,4.088715553283691,2.4908604621887207,0.6068754196166992,-0.9909796714782715,0.7989275455474854,-0.19205212593078613,0.7989275455474854,True,enc_s0,encoder,0,6,0.016436586777369182,0.016629432328045368,0.015779368424167235,0.004952045856043696,0.8238416024167773,0.7607001096662609,1.0,850,0.0,0.07701211513234046,0.9999999168338999,0.9133717782492372,0.08662814578918772
netherlands_2020-12-27T12:00:00,netherlands,synoptic,hotspot,t1,q850_trace,precip_only,q850,49.97747747747748,3.502710997644563,9.8186828836333e-05,,3.481840133666992,4.088715553283691,2.4908604621887207,0.6068754196166992,-0.9909796714782715,0.7989275455474854,-0.19205212593078613,0.7989275455474854,True,enc_s1,encoder,1,10,0.013744505029171706,0.010207229852676391,0.010421648528426886,0.0061183438636362554,0.5347712038860928,0.6378340695124358,1.0,850,0.0,0.07701211513234046,0.9999999168338999,0.9133717782492372,0.08662814578918772
netherlands_2020-12-27T12:00:00,netherlands,synoptic,hotspot,t1,q850_trace,precip_only,q850,49.97747747747748,3.502710997644563,9.8186828836333e-05,,3.481840133666992,4.088715553283691,2.4908604621887207,0.6068754196166992,-0.9909796714782715,0.7989275455474854,-0.19205212593078613,0.7989275455474854,True,enc_s2,encoder,2,8,0.0051899588434025645,0.0041565378196537495,0.004000029672170058,0.002471135667292401,0.4715297415956707,0.6181504008946597,1.0,850,0.0,0.07701211513234046,0.9999999168338999,0.9133717782492372,0.08662814578918772
netherlands_2020-12-27T12:00:00,netherlands,synoptic,hotspot,t1,q850_trace,precip_only,q850,49.97747747747748,3.502710997644563,9.8186828836333e-05,,3.481840133666992,4.088715553283691,2.4908604621887207,0.6068754196166992,-0.9909796714782715,0.7989275455474854,-0.19205212593078613,0.7989275455474854,True,dec_s0,decoder,0,8,0.006846155389212072,0.005621528718620539,0.005324937286786735,0.003298717230791226,0.4686378275544761,0.6175430333225063,1.0,850,0.0,0.07701211513234046,0.9999999168338999,0.9133717782492372,0.08662814578918772
netherlands_2020-12-27T12:00:00,netherlands,synoptic,hotspot,t1,q850_trace,precip_only,q850,49.97747747747748,3.502710997644563,9.8186828836333e-05,,3.481840133666992,4.088715553283691,2.4908604621887207,0.6068754196166992,-0.9909796714782715,0.7989275455474854,-0.19205212593078613,0.7989275455474854,True,dec_s1,decoder,1,10,0.007737568346783519,0.008221731381490826,0.006625388748943806,0.004451181669719517,0.4257830940421689,0.6024796856814267,1.0,850,0.0,0.07701211513234046,0.9999999168338999,0.9133717782492372,0.08662814578918772
netherlands_2020-12-27T12:00:00,netherlands,synoptic,hotspot,t1,q850_trace,precip_only,q850,49.97747747747748,3.502710997644563,9.8186828836333e-05,,3.481840133666992,4.088715553283691,2.4908604621887207,0.6068754196166992,-0.9909796714782715,0.7989275455474854,-0.19205212593078613,0.7989275455474854,True,dec_s2,decoder,2,6,0.027968290261924267,0.029946368498106796,0.025309810414910316,0.014097583324958881,0.5680452477669179,0.6425973276897158,1.0,850,0.0,0.07701211513234046,0.9999999168338999,0.9133717782492372,0.08662814578918772
netherlands_2020-12-27T12:00:00,netherlands,synoptic,low_near,t1,precip_trace,precip_only,q850,69.97747747747748,358.50271099764456,6.196584763529245e-06,2.11,3.481840133666992,3.481778621673584,3.482210874557495,-6.151199340820312e-05,0.0003707408905029297,-0.0002161264419555664,0.00015461444854736328,0.0002161264419555664,True,enc_s0,encoder,0,6,0.006940418078253667,0.0006963112585557004,0.003465514164417982,0.0035127448306108513,-0.06521181124659102,0.4962339535486609,,,,,,,
netherlands_2020-12-27T12:00:00,netherlands,synoptic,low_near,t1,precip_trace,precip_only,q850,69.97747747747748,358.50271099764456,6.196584763529245e-06,2.11,3.481840133666992,3.481778621673584,3.482210874557495,-6.151199340820312e-05,0.0003707408905029297,-0.0002161264419555664,0.00015461444854736328,0.0002161264419555664,True,enc_s1,encoder,1,10,0.0038445893209427596,0.0016954074904788285,0.0018987529212608934,0.0023154712514951827,-0.22309461668506833,0.4581797020667501,,,,,,,
netherlands_2020-12-27T12:00:00,netherlands,synoptic,low_near,t1,precip_trace,precip_only,q850,69.97747747747748,358.50271099764456,6.196584763529245e-06,2.11,3.481840133666992,3.481778621673584,3.482210874557495,-6.151199340820312e-05,0.0003707408905029297,-0.0002161264419555664,0.00015461444854736328,0.0002161264419555664,True,enc_s2,encoder,2,8,0.001611777173820883,0.00082697335164994,0.000805971103545744,0.0009956739231711254,-0.26021025404794207,0.44740242840519195,,,,,,,
netherlands_2020-12-27T12:00:00,netherlands,synoptic,low_near,t1,precip_trace,precip_only,q850,69.97747747747748,358.50271099764456,6.196584763529245e-06,2.11,3.481840133666992,3.481778621673584,3.482210874557495,-6.151199340820312e-05,0.0003707408905029297,-0.0002161264419555664,0.00015461444854736328,0.0002161264419555664,True,dec_s0,decoder,0,8,0.0022935510496608913,0.0012856283865403384,0.0011469708770164289,0.0014633710379712284,-0.28529359207944627,0.4397112957794027,,,,,,,
netherlands_2020-12-27T12:00:00,netherlands,synoptic,low_near,t1,precip_trace,precip_only,q850,69.97747747747748,358.50271099764456,6.196584763529245e-06,2.11,3.481840133666992,3.481778621673584,3.482210874557495,-6.151199340820312e-05,0.0003707408905029297,-0.0002161264419555664,0.00015461444854736328,0.0002161264419555664,True,dec_s1,decoder,1,10,0.003025330265518278,0.0023791063809767365,0.0015122979937586933,0.0022627322352491317,-0.40664807377966383,0.4014928584180474,,,,,,,
netherlands_2020-12-27T12:00:00,netherlands,synoptic,low_near,t1,precip_trace,precip_only,q850,69.97747747747748,358.50271099764456,6.196584763529245e-06,2.11,3.481840133666992,3.481778621673584,3.482210874557495,-6.151199340820312e-05,0.0003707408905029297,-0.0002161264419555664,0.00015461444854736328,0.0002161264419555664,True,dec_s2,decoder,2,6,0.0110450335778296,0.006218405983721216,0.005518312954033415,0.00706915642755727,-0.31002242110147255,0.4375817147320847,,,,,,,
netherlands_2020-12-27T12:00:00,netherlands,synoptic,low_near,t1,q850_trace,precip_only,q850,69.97747747747748,358.50271099764456,6.196584763529245e-06,,3.481840133666992,3.4672114849090576,3.4744319915771484,-0.01462864875793457,-0.00740814208984375,-0.00361025333404541,-0.01101839542388916,0.01101839542388916,False,enc_s0,encoder,0,6,0.029312158624331158,0.023376512962083023,0.024821709841489792,0.009343421241889397,0.7731206259418361,0.7263207232292951,1.0,850,0.0,0.17359300720748352,1.0,0.7340199781336065,0.2659800218663935
netherlands_2020-12-27T12:00:00,netherlands,synoptic,low_near,t1,q850_trace,precip_only,q850,69.97747747747748,358.50271099764456,6.196584763529245e-06,,3.481840133666992,3.4672114849090576,3.4744319915771484,-0.01462864875793457,-0.00740814208984375,-0.00361025333404541,-0.01101839542388916,0.01101839542388916,False,enc_s1,encoder,1,10,0.028302829712629318,0.01500118626281619,0.018433475401252508,0.013106021005660296,0.4291994881846368,0.5919605301999141,1.0,850,0.0,0.17359300720748352,1.0,0.7340199781336065,0.2659800218663935
netherlands_2020-12-27T12:00:00,netherlands,synoptic,low_near,t1,q850_trace,precip_only,q850,69.97747747747748,358.50271099764456,6.196584763529245e-06,,3.481840133666992,3.4672114849090576,3.4744319915771484,-0.01462864875793457,-0.00740814208984375,-0.00361025333404541,-0.01101839542388916,0.01101839542388916,False,enc_s2,encoder,2,8,0.010970426723361015,0.006392034643795341,0.0073881761636585,0.005100844951812178,0.4131375973128406,0.5915985098553858,1.0,850,0.0,0.17359300720748352,1.0,0.7340199781336065,0.2659800218663935
netherlands_2020-12-27T12:00:00,netherlands,synoptic,low_near,t1,q850_trace,precip_only,q850,69.97747747747748,358.50271099764456,6.196584763529245e-06,,3.481840133666992,3.4672114849090576,3.4744319915771484,-0.01462864875793457,-0.00740814208984375,-0.00361025333404541,-0.01101839542388916,0.01101839542388916,False,dec_s0,decoder,0,8,0.017704149708151817,0.00858883507316932,0.01138325419742614,0.008003564376849681,0.43527102096834325,0.5869266028593266,1.0,850,0.0,0.17359300720748352,1.0,0.7340199781336065,0.2659800218663935
netherlands_2020-12-27T12:00:00,netherlands,synoptic,low_near,t1,q850_trace,precip_only,q850,69.97747747747748,358.50271099764456,6.196584763529245e-06,,3.481840133666992,3.4672114849090576,3.4744319915771484,-0.01462864875793457,-0.00740814208984375,-0.00361025333404541,-0.01101839542388916,0.01101839542388916,False,dec_s1,decoder,1,10,0.015181497670710087,0.012617330811917783,0.011247795959934592,0.008270583068951964,0.33518577066300753,0.5798951436947489,1.0,850,0.0,0.17359300720748352,1.0,0.7340199781336065,0.2659800218663935
netherlands_2020-12-27T12:00:00,netherlands,synoptic,low_near,t1,q850_trace,precip_only,q850,69.97747747747748,358.50271099764456,6.196584763529245e-06,,3.481840133666992,3.4672114849090576,3.4744319915771484,-0.01462864875793457,-0.00740814208984375,-0.00361025333404541,-0.01101839542388916,0.01101839542388916,False,dec_s2,decoder,2,6,0.04275901118914286,0.04022570326924324,0.03577741359670957,0.02104176425685485,0.5085837274191443,0.6299754793609553,1.0,850,0.0,0.17359300720748352,1.0,0.7340199781336065,0.2659800218663935
new_zealand_alps_2020-12-23T00:00:00,new_zealand_alps,local,hotspot,t1,precip_trace,precip_only,q850,-44.02252252252252,168.69000921133608,6.917526479810476e-05,2.11,7.405608654022217,7.406575679779053,7.405267715454102,0.0009670257568359375,-0.0003409385681152344,0.0006539821624755859,0.00031304359436035156,0.0006539821624755859,True,enc_s0,encoder,0,6,0.0019308742485009134,0.0005079259572084993,0.0009420343946355084,0.001054141524946317,-0.2257822666921747,0.46975928985507515,,,,,,,
new_zealand_alps_2020-12-23T00:00:00,new_zealand_alps,local,hotspot,t1,precip_trace,precip_only,q850,-44.02252252252252,168.69000921133608,6.917526479810476e-05,2.11,7.405608654022217,7.406575679779053,7.405267715454102,0.0009670257568359375,-0.0003409385681152344,0.0006539821624755859,0.00031304359436035156,0.0006539821624755859,True,enc_s1,encoder,1,10,0.001791445177514106,0.0013090497726807372,0.0008540516428183764,0.0013255224039312452,-0.35874520313185604,0.4147955586099944,,,,,,,
new_zealand_alps_2020-12-23T00:00:00,new_zealand_alps,local,hotspot,t1,precip_trace,precip_only,q850,-44.02252252252252,168.69000921133608,6.917526479810476e-05,2.11,7.405608654022217,7.406575679779053,7.405267715454102,0.0009670257568359375,-0.0003409385681152344,0.0006539821624755859,0.00031304359436035156,0.0006539821624755859,True,enc_s2,encoder,2,8,0.0007802752006682567,0.0006896013437653892,0.00038956120624789037,0.0006248486679396592,-0.44849658839146955,0.384069963479401,,,,,,,
new_zealand_alps_2020-12-23T00:00:00,new_zealand_alps,local,hotspot,t1,precip_trace,precip_only,q850,-44.02252252252252,168.69000921133608,6.917526479810476e-05,2.11,7.405608654022217,7.406575679779053,7.405267715454102,0.0009670257568359375,-0.0003409385681152344,0.0006539821624755859,0.00031304359436035156,0.0006539821624755859,True,dec_s0,decoder,0,8,0.0012078217914677225,0.0011230677191633731,0.0006026423179719131,0.0009984546995838173,-0.47264466069757305,0.37667843731498196,,,,,,,
new_zealand_alps_2020-12-23T00:00:00,new_zealand_alps,local,hotspot,t1,precip_trace,precip_only,q850,-44.02252252252252,168.69000921133608,6.917526479810476e-05,2.11,7.405608654022217,7.406575679779053,7.405267715454102,0.0009670257568359375,-0.0003409385681152344,0.0006539821624755859,0.00031304359436035156,0.0006539821624755859,True,dec_s1,decoder,1,10,0.002323483827058226,0.002288733108434826,0.0011613257287535817,0.001992427185177803,-0.5071746867116738,0.3683150338414261,,,,,,,
new_zealand_alps_2020-12-23T00:00:00,new_zealand_alps,local,hotspot,t1,precip_trace,precip_only,q850,-44.02252252252252,168.69000921133608,6.917526479810476e-05,2.11,7.405608654022217,7.406575679779053,7.405267715454102,0.0009670257568359375,-0.0003409385681152344,0.0006539821624755859,0.00031304359436035156,0.0006539821624755859,True,dec_s2,decoder,2,6,0.0063553797857215,0.006033813813701272,0.0031678335896382728,0.005325766280293465,-0.50371235192123,0.3729525438131595,,,,,,,
new_zealand_alps_2020-12-23T00:00:00,new_zealand_alps,local,hotspot,t1,q850_trace,precip_only,q850,-44.02252252252252,168.69000921133608,6.917526479810476e-05,,7.405608654022217,8.256521224975586,6.613999843597412,0.8509125709533691,-0.7916088104248047,0.8212606906890869,0.029651880264282227,0.8212606906890869,True,enc_s0,encoder,0,6,0.006282199639827013,0.005444593649978439,0.0056547307564566536,0.0015994493927185733,0.866760148901211,0.7787802450178506,1.0,850,0.0,0.0,0.9999999330458277,0.9999999330458277,0.0
new_zealand_alps_2020-12-23T00:00:00,new_zealand_alps,local,hotspot,t1,q850_trace,precip_only,q850,-44.02252252252252,168.69000921133608,6.917526479810476e-05,,7.405608654022217,8.256521224975586,6.613999843597412,0.8509125709533691,-0.7916088104248047,0.8212606906890869,0.029651880264282227,0.8212606906890869,True,enc_s1,encoder,1,10,0.005978329037316143,0.003725238493643701,0.004197040037252009,0.0026541641214862465,0.5307057126947483,0.6264907725560624,1.0,850,0.0,0.0,0.9999999330458277,0.9999999330458277,0.0
new_zealand_alps_2020-12-23T00:00:00,new_zealand_alps,local,hotspot,t1,q850_trace,precip_only,q850,-44.02252252252252,168.69000921133608,6.917526479810476e-05,,7.405608654022217,8.256521224975586,6.613999843597412,0.8509125709533691,-0.7916088104248047,0.8212606906890869,0.029651880264282227,0.8212606906890869,True,enc_s2,encoder,2,8,0.0027033218648284674,0.001759316393872723,0.001881390024209395,0.001289205509237945,0.40407245329507857,0.5933816622809603,1.0,850,0.0,0.0,0.9999999330458277,0.9999999330458277,0.0
new_zealand_alps_2020-12-23T00:00:00,new_zealand_alps,local,hotspot,t1,q850_trace,precip_only,q850,-44.02252252252252,168.69000921133608,6.917526479810476e-05,,7.405608654022217,8.256521224975586,6.613999843597412,0.8509125709533691,-0.7916088104248047,0.8212606906890869,0.029651880264282227,0.8212606906890869,True,dec_s0,decoder,0,8,0.0038662604347337037,0.002574132668087259,0.0027143411280121654,0.0018496763368602842,0.40843761997650596,0.5945192929146746,1.0,850,0.0,0.0,0.9999999330458277,0.9999999330458277,0.0
new_zealand_alps_2020-12-23T00:00:00,new_zealand_alps,local,hotspot,t1,q850_trace,precip_only,q850,-44.02252252252252,168.69000921133608,6.917526479810476e-05,,7.405608654022217,8.256521224975586,6.613999843597412,0.8509125709533691,-0.7916088104248047,0.8212606906890869,0.029651880264282227,0.8212606906890869,True,dec_s1,decoder,1,10,0.004795033880509436,0.004111773916520178,0.0036489696823991833,0.002573825838044286,0.34117534763472174,0.5816064226924836,1.0,850,0.0,0.0,0.9999999330458277,0.9999999330458277,0.0
new_zealand_alps_2020-12-23T00:00:00,new_zealand_alps,local,hotspot,t1,q850_trace,precip_only,q850,-44.02252252252252,168.69000921133608,6.917526479810476e-05,,7.405608654022217,8.256521224975586,6.613999843597412,0.8509125709533691,-0.7916088104248047,0.8212606906890869,0.029651880264282227,0.8212606906890869,True,dec_s2,decoder,2,6,0.016276017297059298,0.014028496419390043,0.013170260159919659,0.00757621965991954,0.5633305451848339,0.6347702289625256,1.0,850,0.0,0.0,0.9999999330458277,0.9999999330458277,0.0
new_zealand_alps_2020-12-23T00:00:00,new_zealand_alps,local,low_near,t1,precip_trace,precip_only,q850,-54.02252252252252,153.69000921133608,8.649820983919199e-07,2.11,7.405608654022217,7.405483245849609,7.406341075897217,-0.00012540817260742188,0.000732421875,-0.00042891502380371094,0.00030350685119628906,0.00042891502380371094,True,enc_s0,encoder,0,6,0.0021170437685213983,0.0005071199314746385,0.0010339129851975788,0.001143077281691755,-0.21844096626265488,0.47292587030263283,,,,,,,
new_zealand_alps_2020-12-23T00:00:00,new_zealand_alps,local,low_near,t1,precip_trace,precip_only,q850,-54.02252252252252,153.69000921133608,8.649820983919199e-07,2.11,7.405608654022217,7.405483245849609,7.406341075897217,-0.00012540817260742188,0.000732421875,-0.00042891502380371094,0.00030350685119628906,0.00042891502380371094,True,enc_s1,encoder,1,10,0.0017862108768895268,0.0012228974956087768,0.0008477798139210791,0.0012839188275393099,-0.3479874339431877,0.41921146789495917,,,,,,,
new_zealand_alps_2020-12-23T00:00:00,new_zealand_alps,local,low_near,t1,precip_trace,precip_only,q850,-54.02252252252252,153.69000921133608,8.649820983919199e-07,2.11,7.405608654022217,7.405483245849609,7.406341075897217,-0.00012540817260742188,0.000732421875,-0.00042891502380371094,0.00030350685119628906,0.00042891502380371094,True,enc_s2,encoder,2,8,0.0008034259153646417,0.0006474839101429097,0.0004004265974799637,0.0006099500096752308,-0.4111914194348083,0.3963857635532086,,,,,,,
new_zealand_alps_2020-12-23T00:00:00,new_zealand_alps,local,low_near,t1,precip_trace,precip_only,q850,-54.02252252252252,153.69000921133608,8.649820983919199e-07,2.11,7.405608654022217,7.405483245849609,7.406341075897217,-0.00012540817260742188,0.000732421875,-0.00042891502380371094,0.00030350685119628906,0.00042891502380371094,True,dec_s0,decoder,0,8,0.0012235072572366334,0.0010842394840437919,0.0006105908432800788,0.000981615718046669,-0.4501624219593224,0.3839607124556265,,,,,,,
new_zealand_alps_2020-12-23T00:00:00,new_zealand_alps,local,low_near,t1,precip_trace,precip_only,q850,-54.02252252252252,153.69000921133608,8.649820983919199e-07,2.11,7.405608654022217,7.405483245849609,7.406341075897217,-0.00012540817260742188,0.000732421875,-0.00042891502380371094,0.00030350685119628906,0.00042891502380371094,True,dec_s1,decoder,1,10,0.0023442032979801297,0.0022648767684586347,0.001171035465085879,0.0019852397264912723,-0.49797378891122956,0.37121659161735365,,,,,,,
new_zealand_alps_2020-12-23T00:00:00,new_zealand_alps,local,low_near,t1,precip_trace,precip_only,q850,-54.02252252252252,153.69000921133608,8.649820983919199e-07,2.11,7.405608654022217,7.405483245849609,7.406341075897217,-0.00012540817260742188,0.000732421875,-0.00042891502380371094,0.00030350685119628906,0.00042891502380371094,True,dec_s2,decoder,2,6,0.006435697975878914,0.005977224015320341,0.003206851426512003,0.005318816207970182,-0.4940654789739827,0.37607300724194287,,,,,,,
new_zealand_alps_2020-12-23T00:00:00,new_zealand_alps,local,low_near,t1,q850_trace,precip_only,q850,-54.02252252252252,153.69000921133608,8.649820983919199e-07,,7.405608654022217,7.395820140838623,7.40708065032959,-0.00978851318359375,0.0014719963073730469,-0.0056302547454833984,-0.0041582584381103516,0.0056302547454833984,True,enc_s0,encoder,0,6,0.008803059036533037,0.00881810113787651,0.008389967183272043,0.0027075002435594797,0.8167322237217801,0.7554285253112504,1.0,850,0.0,0.027864195860949546,0.9999998905988052,0.9763587300184188,0.02364116316675796
new_zealand_alps_2020-12-23T00:00:00,new_zealand_alps,local,low_near,t1,q850_trace,precip_only,q850,-54.02252252252252,153.69000921133608,8.649820983919199e-07,,7.405608654022217,7.395820140838623,7.40708065032959,-0.00978851318359375,0.0014719963073730469,-0.0056302547454833984,-0.0041582584381103516,0.0056302547454833984,True,enc_s1,encoder,1,10,0.008333169855177402,0.005198762938380242,0.005736155714839697,0.003874379978515208,0.4481535707452823,0.6073548145726706,1.0,850,0.0,0.027864195860949546,0.9999998905988052,0.9763587300184188,0.02364116316675796
new_zealand_alps_2020-12-23T00:00:00,new_zealand_alps,local,low_near,t1,q850_trace,precip_only,q850,-54.02252252252252,153.69000921133608,8.649820983919199e-07,,7.405608654022217,7.395820140838623,7.40708065032959,-0.00978851318359375,0.0014719963073730469,-0.0056302547454833984,-0.0041582584381103516,0.0056302547454833984,True,enc_s2,encoder,2,8,0.0037656461936421692,0.0024410453625023365,0.00263814241043292,0.0017634098476264626,0.4280363766320026,0.5994124643239113,1.0,850,0.0,0.027864195860949546,0.9999998905988052,0.9763587300184188,0.02364116316675796
new_zealand_alps_2020-12-23T00:00:00,new_zealand_alps,local,low_near,t1,q850_trace,precip_only,q850,-54.02252252252252,153.69000921133608,8.649820983919199e-07,,7.405608654022217,7.395820140838623,7.40708065032959,-0.00978851318359375,0.0014719963073730469,-0.0056302547454833984,-0.0041582584381103516,0.0056302547454833984,True,dec_s0,decoder,0,8,0.005035602895077318,0.003208904672646895,0.003456721460679546,0.0024249623238574713,0.3858528057393156,0.5876351855516726,1.0,850,0.0,0.027864195860949546,0.9999998905988052,0.9763587300184188,0.02364116316675796
new_zealand_alps_2020-12-23T00:00:00,new_zealand_alps,local,low_near,t1,q850_trace,precip_only,q850,-54.02252252252252,153.69000921133608,8.649820983919199e-07,,7.405608654022217,7.395820140838623,7.40708065032959,-0.00978851318359375,0.0014719963073730469,-0.0056302547454833984,-0.0041582584381103516,0.0056302547454833984,True,dec_s1,decoder,1,10,0.005753667140379548,0.005330416164360941,0.004480006126686931,0.0032669454580172897,0.3469183449363288,0.5829892354733344,1.0,850,0.0,0.027864195860949546,0.9999998905988052,0.9763587300184188,0.02364116316675796
new_zealand_alps_2020-12-23T00:00:00,new_zealand_alps,local,low_near,t1,q850_trace,precip_only,q850,-54.02252252252252,153.69000921133608,8.649820983919199e-07,,7.405608654022217,7.395820140838623,7.40708065032959,-0.00978851318359375,0.0014719963073730469,-0.0056302547454833984,-0.0041582584381103516,0.0056302547454833984,True,dec_s2,decoder,2,6,0.017933888360857964,0.017739753238856792,0.015522019316752752,0.008787506880859533,0.5724256900462179,0.6386648119140116,1.0,850,0.0,0.027864195860949546,0.9999998905988052,0.9763587300184188,0.02364116316675796
new_zealand_alps_2020-12-23T00:00:00,new_zealand_alps,synoptic,hotspot,t1,precip_trace,precip_only,q850,-41.52252252252252,168.69000921133608,0.00014061319234315306,2.11,7.405608654022217,7.400585174560547,7.406062602996826,-0.005023479461669922,0.000453948974609375,-0.0027387142181396484,-0.0022847652435302734,0.0027387142181396484,True,enc_s0,encoder,0,6,0.004320080392062664,0.0006093077536206692,0.002152851530505965,0.002213064522948116,-0.09659181499245466,0.49227107786439217,,,,,,,
new_zealand_alps_2020-12-23T00:00:00,new_zealand_alps,synoptic,hotspot,t1,precip_trace,precip_only,q850,-41.52252252252252,168.69000921133608,0.00014061319234315306,2.11,7.405608654022217,7.400585174560547,7.406062602996826,-0.005023479461669922,0.000453948974609375,-0.0027387142181396484,-0.0022847652435302734,0.0027387142181396484,True,enc_s1,encoder,1,10,0.0030403867829591038,0.0016066732467152178,0.0014903227100148797,0.0019476890680380165,-0.26250629809549086,0.4459411516692466,,,,,,,
new_zealand_alps_2020-12-23T00:00:00,new_zealand_alps,synoptic,hotspot,t1,precip_trace,precip_only,q850,-41.52252252252252,168.69000921133608,0.00014061319234315306,2.11,7.405608654022217,7.400585174560547,7.406062602996826,-0.005023479461669922,0.000453948974609375,-0.0027387142181396484,-0.0022847652435302734,0.0027387142181396484,True,enc_s2,encoder,2,8,0.001191597679280676,0.0008181417724699713,0.000596189041971229,0.000830194097943604,-0.34752207968360715,0.4180222991459794,,,,,,,
new_zealand_alps_2020-12-23T00:00:00,new_zealand_alps,synoptic,hotspot,t1,precip_trace,precip_only,q850,-41.52252252252252,168.69000921133608,0.00014061319234315306,2.11,7.405608654022217,7.400585174560547,7.406062602996826,-0.005023479461669922,0.000453948974609375,-0.0027387142181396484,-0.0022847652435302734,0.0027387142181396484,True,dec_s0,decoder,0,8,0.0016362722089979798,0.001244983111973852,0.0008186283812392503,0.0012016233304166235,-0.3844571208132358,0.4056999203393185,,,,,,,
new_zealand_alps_2020-12-23T00:00:00,new_zealand_alps,synoptic,hotspot,t1,precip_trace,precip_only,q850,-41.52252252252252,168.69000921133608,0.00014061319234315306,2.11,7.405608654022217,7.400585174560547,7.406062602996826,-0.005023479461669922,0.000453948974609375,-0.0027387142181396484,-0.0022847652435302734,0.0027387142181396484,True,dec_s1,decoder,1,10,0.0025639516301453114,0.0023465246544219554,0.0012810276763048022,0.0020973985083401203,-0.47164671544805714,0.3796252600898694,,,,,,,
new_zealand_alps_2020-12-23T00:00:00,new_zealand_alps,synoptic,hotspot,t1,precip_trace,precip_only,q850,-41.52252252252252,168.69000921133608,0.00014061319234315306,2.11,7.405608654022217,7.400585174560547,7.406062602996826,-0.005023479461669922,0.000453948974609375,-0.0027387142181396484,-0.0022847652435302734,0.0027387142181396484,True,dec_s2,decoder,2,6,0.008108970709145069,0.006160804458583395,0.0040446106577292085,0.005959801143035293,-0.408685886882652,0.4038956169679134,,,,,,,
new_zealand_alps_2020-12-23T00:00:00,new_zealand_alps,synoptic,hotspot,t1,q850_trace,precip_only,q850,-41.52252252252252,168.69000921133608,0.00014061319234315306,,7.405608654022217,8.619750022888184,6.198422908782959,1.2141413688659668,-1.2071857452392578,1.2106635570526123,0.003477811813354492,1.2106635570526123,True,enc_s0,encoder,0,6,0.014580402057617903,0.013089723885059357,0.013436903400967518,0.003371632502724727,0.8883369840347205,0.7985952760696621,1.0,850,0.0,0.0017371510722415239,1.0,0.9985087234161214,0.0014912765838786437
new_zealand_alps_2020-12-23T00:00:00,new_zealand_alps,synoptic,hotspot,t1,q850_trace,precip_only,q850,-41.52252252252252,168.69000921133608,0.00014061319234315306,,7.405608654022217,8.619750022888184,6.198422908782959,1.2141413688659668,-1.2071857452392578,1.2106635570526123,0.003477811813354492,1.2106635570526123,True,enc_s1,encoder,1,10,0.011889859847724438,0.007790421135723591,0.008827530685812235,0.004773073107935488,0.6250155669828217,0.6574396361800809,1.0,850,0.0,0.0017371510722415239,1.0,0.9985087234161214,0.0014912765838786437
new_zealand_alps_2020-12-23T00:00:00,new_zealand_alps,synoptic,hotspot,t1,q850_trace,precip_only,q850,-41.52252252252252,168.69000921133608,0.00014061319234315306,,7.405608654022217,8.619750022888184,6.198422908782959,1.2141413688659668,-1.2071857452392578,1.2106635570526123,0.003477811813354492,1.2106635570526123,True,enc_s2,encoder,2,8,0.005217012949287891,0.003495100885629654,0.0038303014007396996,0.002246230316814035,0.5403270294153247,0.6303515168939724,1.0,850,0.0,0.0017371510722415239,1.0,0.9985087234161214,0.0014912765838786437
new_zealand_alps_2020-12-23T00:00:00,new_zealand_alps,synoptic,hotspot,t1,q850_trace,precip_only,q850,-41.52252252252252,168.69000921133608,0.00014061319234315306,,7.405608654022217,8.619750022888184,6.198422908782959,1.2141413688659668,-1.2071857452392578,1.2106635570526123,0.003477811813354492,1.2106635570526123,True,dec_s0,decoder,0,8,0.007099005568306893,0.004708807391580194,0.005193256423808634,0.0030521183216478676,0.5423019199360575,0.6297078981803763,1.0,850,0.0,0.0017371510722415239,1.0,0.9985087234161214,0.0014912765838786437
new_zealand_alps_2020-12-23T00:00:00,new_zealand_alps,synoptic,hotspot,t1,q850_trace,precip_only,q850,-41.52252252252252,168.69000921133608,0.00014061319234315306,,7.405608654022217,8.619750022888184,6.198422908782959,1.2141413688659668,-1.2071857452392578,1.2106635570526123,0.003477811813354492,1.2106635570526123,True,dec_s1,decoder,1,10,0.008354781242087484,0.007074950076639652,0.006708941818214953,0.0038615294848568737,0.5545861117628912,0.6375595149596877,1.0,850,0.0,0.0017371510722415239,1.0,0.9985087234161214,0.0014912765838786437
new_zealand_alps_2020-12-23T00:00:00,new_zealand_alps,synoptic,hotspot,t1,q850_trace,precip_only,q850,-41.52252252252252,168.69000921133608,0.00014061319234315306,,7.405608654022217,8.619750022888184,6.198422908782959,1.2141413688659668,-1.2071857452392578,1.2106635570526123,0.003477811813354492,1.2106635570526123,True,dec_s2,decoder,2,6,0.030871668209632237,0.027144066368540127,0.026330392186840374,0.01231426994005839,0.6814308445562807,0.6814622560110467,1.0,850,0.0,0.0017371510722415239,1.0,0.9985087234161214,0.0014912765838786437
new_zealand_alps_2020-12-23T00:00:00,new_zealand_alps,synoptic,low_near,t1,precip_trace,precip_only,q850,-61.52252252252252,168.69000921133608,6.812769242969807e-06,2.11,7.405608654022217,7.402608394622803,7.4055047035217285,-0.0030002593994140625,-0.00010395050048828125,-0.0014481544494628906,-0.0015521049499511719,0.0015521049499511719,False,enc_s0,encoder,0,6,0.0056100930863370495,0.000610798083168144,0.0027969590155407786,0.002848859798784057,-0.08281845520708016,0.4948864944004909,,,,,,,
new_zealand_alps_2020-12-23T00:00:00,new_zealand_alps,synoptic,low_near,t1,precip_trace,precip_only,q850,-61.52252252252252,168.69000921133608,6.812769242969807e-06,2.11,7.405608654022217,7.402608394622803,7.4055047035217285,-0.0030002593994140625,-0.00010395050048828125,-0.0014481544494628906,-0.0015521049499511719,0.0015521049499511719,False,enc_s1,encoder,1,10,0.0038382390048354864,0.0015636939438991248,0.001893800520338118,0.0022674321313388645,-0.20747483352280946,0.4629135437027022,,,,,,,
new_zealand_alps_2020-12-23T00:00:00,new_zealand_alps,synoptic,low_near,t1,precip_trace,precip_only,q850,-61.52252252252252,168.69000921133608,6.812769242969807e-06,2.11,7.405608654022217,7.402608394622803,7.4055047035217285,-0.0030002593994140625,-0.00010395050048828125,-0.0014481544494628906,-0.0015521049499511719,0.0015521049499511719,False,enc_s2,encoder,2,8,0.0016056629101512954,0.0007966002885950729,0.000802776514319703,0.0009808234972297214,-0.2519429234144955,0.4501297155182364,,,,,,,
new_zealand_alps_2020-12-23T00:00:00,new_zealand_alps,synoptic,low_near,t1,precip_trace,precip_only,q850,-61.52252252252252,168.69000921133608,6.812769242969807e-06,2.11,7.405608654022217,7.402608394622803,7.4055047035217285,-0.0030002593994140625,-0.00010395050048828125,-0.0014481544494628906,-0.0015521049499511719,0.0015521049499511719,False,dec_s0,decoder,0,8,0.002171156695112586,0.001222056191181764,0.0010855336076929234,0.0013878614408895373,-0.28568433884936273,0.43933133296338084,,,,,,,
new_zealand_alps_2020-12-23T00:00:00,new_zealand_alps,synoptic,low_near,t1,precip_trace,precip_only,q850,-61.52252252252252,168.69000921133608,6.812769242969807e-06,2.11,7.405608654022217,7.402608394622803,7.4055047035217285,-0.0030002593994140625,-0.00010395050048828125,-0.0014481544494628906,-0.0015521049499511719,0.0015521049499511719,False,dec_s1,decoder,1,10,0.0031005484983325005,0.002328012720681727,0.001549881906248629,0.0022615190129727123,-0.38963274669838266,0.40674179756769624,,,,,,,
new_zealand_alps_2020-12-23T00:00:00,new_zealand_alps,synoptic,low_near,t1,precip_trace,precip_only,q850,-61.52252252252252,168.69000921133608,6.812769242969807e-06,2.11,7.405608654022217,7.402608394622803,7.4055047035217285,-0.0030002593994140625,-0.00010395050048828125,-0.0014481544494628906,-0.0015521049499511719,0.0015521049499511719,False,dec_s2,decoder,2,6,0.010613378758231798,0.006103906547650695,0.0052987798893203335,0.006853505891437332,-0.3149482496392167,0.4351097038777099,,,,,,,
new_zealand_alps_2020-12-23T00:00:00,new_zealand_alps,synoptic,low_near,t1,q850_trace,precip_only,q850,-61.52252252252252,168.69000921133608,6.812769242969807e-06,,7.405608654022217,7.409054279327393,7.389160633087158,0.0034456253051757812,-0.016448020935058594,0.009946823120117188,-0.006501197814941406,0.009946823120117188,True,enc_s0,encoder,0,6,0.024148266141613323,0.02440115436911583,0.023191744461655617,0.007217645800362031,0.8259445471644956,0.7621972359955073,1.0,850,0.0,0.05104881769641495,1.0,0.9463936327269763,0.0536063672730237
new_zealand_alps_2020-12-23T00:00:00,new_zealand_alps,synoptic,low_near,t1,q850_trace,precip_only,q850,-61.52252252252252,168.69000921133608,6.812769242969807e-06,,7.405608654022217,7.409054279327393,7.389160633087158,0.0034456253051757812,-0.016448020935058594,0.009946823120117188,-0.006501197814941406,0.009946823120117188,True,enc_s1,encoder,1,10,0.021420077979564668,0.014166494831442833,0.015282857790589332,0.009711854020133614,0.48599828234086057,0.6201304684895284,1.0,850,0.0,0.05104881769641495,1.0,0.9463936327269763,0.0536063672730237
new_zealand_alps_2020-12-23T00:00:00,new_zealand_alps,synoptic,low_near,t1,q850_trace,precip_only,q850,-61.52252252252252,168.69000921133608,6.812769242969807e-06,,7.405608654022217,7.409054279327393,7.389160633087158,0.0034456253051757812,-0.016448020935058594,0.009946823120117188,-0.006501197814941406,0.009946823120117188,True,enc_s2,encoder,2,8,0.010040222550742328,0.006750497093889862,0.007231660943944007,0.004570627002976835,0.46886195463576796,0.6127716781472288,1.0,850,0.0,0.05104881769641495,1.0,0.9463936327269763,0.0536063672730237
new_zealand_alps_2020-12-23T00:00:00,new_zealand_alps,synoptic,low_near,t1,q850_trace,precip_only,q850,-61.52252252252252,168.69000921133608,6.812769242969807e-06,,7.405608654022217,7.409054279327393,7.389160633087158,0.0034456253051757812,-0.016448020935058594,0.009946823120117188,-0.006501197814941406,0.009946823120117188,True,dec_s0,decoder,0,8,0.013317084521986544,0.008845688600558788,0.009548401576466858,0.0060517672682181,0.4684782113438025,0.6117893761753077,1.0,850,0.0,0.05104881769641495,1.0,0.9463936327269763,0.0536063672730237
new_zealand_alps_2020-12-23T00:00:00,new_zealand_alps,synoptic,low_near,t1,q850_trace,precip_only,q850,-61.52252252252252,168.69000921133608,6.812769242969807e-06,,7.405608654022217,7.409054279327393,7.389160633087158,0.0034456253051757812,-0.016448020935058594,0.009946823120117188,-0.006501197814941406,0.009946823120117188,True,dec_s1,decoder,1,10,0.01387677351012826,0.01266935644671321,0.011251070210710168,0.007043450116179883,0.4814924976793075,0.6236480201061376,1.0,850,0.0,0.05104881769641495,1.0,0.9463936327269763,0.0536063672730237
new_zealand_alps_2020-12-23T00:00:00,new_zealand_alps,synoptic,low_near,t1,q850_trace,precip_only,q850,-61.52252252252252,168.69000921133608,6.812769242969807e-06,,7.405608654022217,7.409054279327393,7.389160633087158,0.0034456253051757812,-0.016448020935058594,0.009946823120117188,-0.006501197814941406,0.009946823120117188,True,dec_s2,decoder,2,6,0.045569514855742455,0.05039703597625097,0.04377139297624429,0.019789759380122025,0.6798774998130384,0.6890927337761356,1.0,850,0.0,0.05104881769641495,1.0,0.9463936327269763,0.0536063672730237
pacific_nw_coast_2020-10-10T12:00:00,pacific_nw_coast,local,hotspot,t1,precip_trace,precip_only,q850,45.47747747747748,234.36670733333705,7.029702828731388e-05,2.11,4.6356282234191895,4.646698951721191,4.639468669891357,0.011070728302001953,0.0038404464721679688,0.003615140914916992,0.007455587387084961,0.007455587387084961,False,enc_s0,encoder,0,6,0.0019292121869511902,0.0005051299037101368,0.0009414044034201652,0.0010524505632929504,-0.22469595619699254,0.47000753588524175,,,,,,,
pacific_nw_coast_2020-10-10T12:00:00,pacific_nw_coast,local,hotspot,t1,precip_trace,precip_only,q850,45.47747747747748,234.36670733333705,7.029702828731388e-05,2.11,4.6356282234191895,4.646698951721191,4.639468669891357,0.011070728302001953,0.0038404464721679688,0.003615140914916992,0.007455587387084961,0.007455587387084961,False,enc_s1,encoder,1,10,0.0017312480485998094,0.0012905213341582566,0.0008213516615796834,0.0012954720412380993,-0.3662599379035898,0.4121055315123131,,,,,,,
pacific_nw_coast_2020-10-10T12:00:00,pacific_nw_coast,local,hotspot,t1,precip_trace,precip_only,q850,45.47747747747748,234.36670733333705,7.029702828731388e-05,2.11,4.6356282234191895,4.646698951721191,4.639468669891357,0.011070728302001953,0.0038404464721679688,0.003615140914916992,0.007455587387084961,0.007455587387084961,False,enc_s2,encoder,2,8,0.0007338981595239602,0.000651516456855461,0.00036635444848798215,0.0005893462730455212,-0.4506505270235932,0.3833811248367842,,,,,,,
pacific_nw_coast_2020-10-10T12:00:00,pacific_nw_coast,local,hotspot,t1,precip_trace,precip_only,q850,45.47747747747748,234.36670733333705,7.029702828731388e-05,2.11,4.6356282234191895,4.646698951721191,4.639468669891357,0.011070728302001953,0.0038404464721679688,0.003615140914916992,0.007455587387084961,0.007455587387084961,False,dec_s0,decoder,0,8,0.001160802952654194,0.0010841643597814254,0.0005797977064503357,0.0009619261472835205,-0.4742998113528579,0.3763362995285729,,,,,,,
pacific_nw_coast_2020-10-10T12:00:00,pacific_nw_coast,local,hotspot,t1,precip_trace,precip_only,q850,45.47747747747748,234.36670733333705,7.029702828731388e-05,2.11,4.6356282234191895,4.646698951721191,4.639468669891357,0.011070728302001953,0.0038404464721679688,0.003615140914916992,0.007455587387084961,0.007455587387084961,False,dec_s1,decoder,1,10,0.002324857050552964,0.0022863626363687217,0.0011614341288805007,0.0019918048405088485,-0.5068651354369873,0.368459087971436,,,,,,,
pacific_nw_coast_2020-10-10T12:00:00,pacific_nw_coast,local,hotspot,t1,precip_trace,precip_only,q850,45.47747747747748,234.36670733333705,7.029702828731388e-05,2.11,4.6356282234191895,4.646698951721191,4.639468669891357,0.011070728302001953,0.0038404464721679688,0.003615140914916992,0.007455587387084961,0.007455587387084961,False,dec_s2,decoder,2,6,0.006508942848692338,0.006070682778954506,0.0032446041392783322,0.005392966481546561,-0.49686180095297133,0.37554962846607576,,,,,,,
pacific_nw_coast_2020-10-10T12:00:00,pacific_nw_coast,local,hotspot,t1,q850_trace,precip_only,q850,45.47747747747748,234.36670733333705,7.029702828731388e-05,,4.6356282234191895,5.6639299392700195,3.6658568382263184,1.02830171585083,-0.9697713851928711,0.9990365505218506,0.029265165328979492,0.9990365505218506,True,enc_s0,encoder,0,6,0.006724135251715779,0.006294947971279423,0.006250452793513735,0.0018307416078945,0.8517042107739162,0.772628820947736,1.0,850,0.0,0.0,0.9999998694208252,0.9999999347104126,6.528959165734821e-08
pacific_nw_coast_2020-10-10T12:00:00,pacific_nw_coast,local,hotspot,t1,q850_trace,precip_only,q850,45.47747747747748,234.36670733333705,7.029702828731388e-05,,4.6356282234191895,5.6639299392700195,3.6658568382263184,1.02830171585083,-0.9697713851928711,0.9990365505218506,0.029265165328979492,0.9990365505218506,True,enc_s1,encoder,1,10,0.005963266035541892,0.004279581061564386,0.004355056374333799,0.0027905498165637253,0.49459370142234943,0.6239714345172347,1.0,850,0.0,0.0,0.9999998694208252,0.9999999347104126,6.528959165734821e-08
pacific_nw_coast_2020-10-10T12:00:00,pacific_nw_coast,local,hotspot,t1,q850_trace,precip_only,q850,45.47747747747748,234.36670733333705,7.029702828731388e-05,,4.6356282234191895,5.6639299392700195,3.6658568382263184,1.02830171585083,-0.9697713851928711,0.9990365505218506,0.029265165328979492,0.9990365505218506,True,enc_s2,encoder,2,8,0.0022585177212022245,0.001833608839660883,0.001689156168140471,0.0011740737245418131,0.366140657552289,0.5899408387828995,1.0,850,0.0,0.0,0.9999998694208252,0.9999999347104126,6.528959165734821e-08
pacific_nw_coast_2020-10-10T12:00:00,pacific_nw_coast,local,hotspot,t1,q850_trace,precip_only,q850,45.47747747747748,234.36670733333705,7.029702828731388e-05,,4.6356282234191895,5.6639299392700195,3.6658568382263184,1.02830171585083,-0.9697713851928711,0.9990365505218506,0.029265165328979492,0.9990365505218506,True,dec_s0,decoder,0,8,0.003048770362511277,0.002640356367919594,0.002338124410016462,0.0016331125661963597,0.36152810931149476,0.5890572243802801,1.0,850,0.0,0.0,0.9999998694208252,0.9999999347104126,6.528959165734821e-08
pacific_nw_coast_2020-10-10T12:00:00,pacific_nw_coast,local,hotspot,t1,q850_trace,precip_only,q850,45.47747747747748,234.36670733333705,7.029702828731388e-05,,4.6356282234191895,5.6639299392700195,3.6658568382263184,1.02830171585083,-0.9697713851928711,0.9990365505218506,0.029265165328979492,0.9990365505218506,True,dec_s1,decoder,1,10,0.003822043398395181,0.004048403888009489,0.00301090928260237,0.0025363361346535385,0.17677909866727579,0.5418207170101755,1.0,850,0.0,0.0,0.9999998694208252,0.9999999347104126,6.528959165734821e-08
pacific_nw_coast_2020-10-10T12:00:00,pacific_nw_coast,local,hotspot,t1,q850_trace,precip_only,q850,45.47747747747748,234.36670733333705,7.029702828731388e-05,,4.6356282234191895,5.6639299392700195,3.6658568382263184,1.02830171585083,-0.9697713851928711,0.9990365505218506,0.029265165328979492,0.9990365505218506,True,dec_s2,decoder,2,6,0.012510896970828375,0.013254331890493631,0.01062530449902018,0.007293976144865155,0.4161124752983482,0.5930026626539401,1.0,850,0.0,0.0,0.9999998694208252,0.9999999347104126,6.528959165734821e-08
pacific_nw_coast_2020-10-10T12:00:00,pacific_nw_coast,local,low_near,t1,precip_trace,precip_only,q850,60.47747747747748,231.86670733333705,7.133359645195014e-07,2.11,4.6356282234191895,4.637844085693359,4.637426853179932,0.002215862274169922,0.0017986297607421875,0.0002086162567138672,0.0020072460174560547,0.0020072460174560547,False,enc_s0,encoder,0,6,0.002425807916248838,0.0005153794821429377,0.001191420160466805,0.0012890744061830144,-0.19050543702514808,0.47888675607059744,,,,,,,
pacific_nw_coast_2020-10-10T12:00:00,pacific_nw_coast,local,low_near,t1,precip_trace,precip_only,q850,60.47747747747748,231.86670733333705,7.133359645195014e-07,2.11,4.6356282234191895,4.637844085693359,4.637426853179932,0.002215862274169922,0.0017986297607421875,0.0002086162567138672,0.0020072460174560547,0.0020072460174560547,False,enc_s1,encoder,1,10,0.0019117194111458956,0.0012720774073386564,0.0009119853493757546,0.0013570938317570835,-0.3355989160366534,0.422824632647425,,,,,,,
pacific_nw_coast_2020-10-10T12:00:00,pacific_nw_coast,local,low_near,t1,precip_trace,precip_only,q850,60.47747747747748,231.86670733333705,7.133359645195014e-07,2.11,4.6356282234191895,4.637844085693359,4.637426853179932,0.002215862274169922,0.0017986297607421875,0.0002086162567138672,0.0020072460174560547,0.0020072460174560547,False,enc_s2,encoder,2,8,0.0007674656517338008,0.0006296596475294791,0.0003825915337074548,0.0005885323844267987,-0.41813868162707274,0.3940258536389422,,,,,,,
pacific_nw_coast_2020-10-10T12:00:00,pacific_nw_coast,local,low_near,t1,precip_trace,precip_only,q850,60.47747747747748,231.86670733333705,7.133359645195014e-07,2.11,4.6356282234191895,4.637844085693359,4.637426853179932,0.002215862274169922,0.0017986297607421875,0.0002086162567138672,0.0020072460174560547,0.0020072460174560547,False,dec_s0,decoder,0,8,0.0011888819062733091,0.001062372131855227,0.0005931028863415122,0.0009588276734575629,-0.45526944584557516,0.382599541745012,,,,,,,
pacific_nw_coast_2020-10-10T12:00:00,pacific_nw_coast,local,low_near,t1,precip_trace,precip_only,q850,60.47747747747748,231.86670733333705,7.133359645195014e-07,2.11,4.6356282234191895,4.637844085693359,4.637426853179932,0.002215862274169922,0.0017986297607421875,0.0002086162567138672,0.0020072460174560547,0.0020072460174560547,False,dec_s1,decoder,1,10,0.0023285893490538,0.002270625764504075,0.0011632559646386654,0.0019839124055579306,-0.5023287351931367,0.3699187822590379,,,,,,,
pacific_nw_coast_2020-10-10T12:00:00,pacific_nw_coast,local,low_near,t1,precip_trace,precip_only,q850,60.47747747747748,231.86670733333705,7.133359645195014e-07,2.11,4.6356282234191895,4.637844085693359,4.637426853179932,0.002215862274169922,0.0017986297607421875,0.0002086162567138672,0.0020072460174560547,0.0020072460174560547,False,dec_s2,decoder,2,6,0.007553814755131801,0.006033357077588637,0.0037664076080545783,0.005711304256692529,-0.4349672597995822,0.3962185103351339,,,,,,,
pacific_nw_coast_2020-10-10T12:00:00,pacific_nw_coast,local,low_near,t1,q850_trace,precip_only,q850,60.47747747747748,231.86670733333705,7.133359645195014e-07,,4.6356282234191895,4.628391742706299,4.6389899253845215,-0.007236480712890625,0.0033617019653320312,-0.005299091339111328,-0.0019373893737792969,0.005299091339111328,True,enc_s0,encoder,0,6,0.010308129247277975,0.011847621916482845,0.010467412571112314,0.003721400435703496,0.7863502707170443,0.737086734136517,1.0,850,0.0,0.044391462306993645,1.000000091765404,0.9633342151988653,0.036665873201880014
pacific_nw_coast_2020-10-10T12:00:00,pacific_nw_coast,local,low_near,t1,q850_trace,precip_only,q850,60.47747747747748,231.86670733333705,7.133359645195014e-07,,4.6356282234191895,4.628391742706299,4.6389899253845215,-0.007236480712890625,0.0033617019653320312,-0.005299091339111328,-0.0019373893737792969,0.005299091339111328,True,enc_s1,encoder,1,10,0.010109984362497926,0.007552669569849968,0.007392082177102566,0.004953333153389394,0.4351787503002411,0.6110919456317336,1.0,850,0.0,0.044391462306993645,1.000000091765404,0.9633342151988653,0.036665873201880014
pacific_nw_coast_2020-10-10T12:00:00,pacific_nw_coast,local,low_near,t1,q850_trace,precip_only,q850,60.47747747747748,231.86670733333705,7.133359645195014e-07,,4.6356282234191895,4.628391742706299,4.6389899253845215,-0.007236480712890625,0.0033617019653320312,-0.005299091339111328,-0.0019373893737792969,0.005299091339111328,True,enc_s2,encoder,2,8,0.004378282523248345,0.003149175929138437,0.0030930426146369427,0.0022311727225314826,0.3422513550754791,0.5810681933974516,1.0,850,0.0,0.044391462306993645,1.000000091765404,0.9633342151988653,0.036665873201880014
pacific_nw_coast_2020-10-10T12:00:00,pacific_nw_coast,local,low_near,t1,q850_trace,precip_only,q850,60.47747747747748,231.86670733333705,7.133359645195014e-07,,4.6356282234191895,4.628391742706299,4.6389899253845215,-0.007236480712890625,0.0033617019653320312,-0.005299091339111328,-0.0019373893737792969,0.005299091339111328,True,dec_s0,decoder,0,8,0.007658681191969663,0.0040297495725099,0.0047542613465338945,0.0038531031750608236,0.260678000333486,0.5524912967603888,1.0,850,0.0,0.044391462306993645,1.000000091765404,0.9633342151988653,0.036665873201880014
pacific_nw_coast_2020-10-10T12:00:00,pacific_nw_coast,local,low_near,t1,q850_trace,precip_only,q850,60.47747747747748,231.86670733333705,7.133359645195014e-07,,4.6356282234191895,4.628391742706299,4.6389899253845215,-0.007236480712890625,0.0033617019653320312,-0.005299091339111328,-0.0019373893737792969,0.005299091339111328,True,dec_s1,decoder,1,10,0.005605108384042978,0.0060384102864190934,0.004359187488444149,0.003862976701930165,0.1475238684783747,0.5341590740228939,1.0,850,0.0,0.044391462306993645,1.000000091765404,0.9633342151988653,0.036665873201880014
pacific_nw_coast_2020-10-10T12:00:00,pacific_nw_coast,local,low_near,t1,q850_trace,precip_only,q850,60.47747747747748,231.86670733333705,7.133359645195014e-07,,4.6356282234191895,4.628391742706299,4.6389899253845215,-0.007236480712890625,0.0033617019653320312,-0.005299091339111328,-0.0019373893737792969,0.005299091339111328,True,dec_s2,decoder,2,6,0.01598793004329006,0.019961285404860973,0.01472518794859449,0.010491956491023302,0.3845070258627989,0.5843517081317603,1.0,850,0.0,0.044391462306993645,1.000000091765404,0.9633342151988653,0.036665873201880014
pacific_nw_coast_2020-10-10T12:00:00,pacific_nw_coast,synoptic,hotspot,t1,precip_trace,precip_only,q850,42.97747747747748,234.36670733333705,0.00011783451191149652,2.11,4.6356282234191895,4.651762962341309,4.637756824493408,0.01613473892211914,0.00212860107421875,0.007003068923950195,0.009131669998168945,0.009131669998168945,False,enc_s0,encoder,0,6,0.0043860873362670345,0.0006072259566280991,0.0021846803138032556,0.002246286739440014,-0.09906742946960127,0.4922582073229858,,,,,,,
pacific_nw_coast_2020-10-10T12:00:00,pacific_nw_coast,synoptic,hotspot,t1,precip_trace,precip_only,q850,42.97747747747748,234.36670733333705,0.00011783451191149652,2.11,4.6356282234191895,4.651762962341309,4.637756824493408,0.01613473892211914,0.00212860107421875,0.007003068923950195,0.009131669998168945,0.009131669998168945,False,enc_s1,encoder,1,10,0.0030342333950102328,0.0016292796295601874,0.0014907868579030036,0.0019526563584804535,-0.26371358442161635,0.44543033671073634,,,,,,,
pacific_nw_coast_2020-10-10T12:00:00,pacific_nw_coast,synoptic,hotspot,t1,precip_trace,precip_only,q850,42.97747747747748,234.36670733333705,0.00011783451191149652,2.11,4.6356282234191895,4.651762962341309,4.637756824493408,0.01613473892211914,0.00212860107421875,0.007003068923950195,0.009131669998168945,0.009131669998168945,False,enc_s2,encoder,2,8,0.001145770846051164,0.0007903488731244579,0.0005734036240028217,0.0007999732988537289,-0.34936028856094314,0.41756130294843546,,,,,,,
pacific_nw_coast_2020-10-10T12:00:00,pacific_nw_coast,synoptic,hotspot,t1,precip_trace,precip_only,q850,42.97747747747748,234.36670733333705,0.00011783451191149652,2.11,4.6356282234191895,4.651762962341309,4.637756824493408,0.01613473892211914,0.00212860107421875,0.007003068923950195,0.009131669998168945,0.009131669998168945,False,dec_s0,decoder,0,8,0.0016012228443287313,0.0012126565125072375,0.0008011362806428224,0.0011728964091162197,-0.38327041765200465,0.406311438536524,,,,,,,
pacific_nw_coast_2020-10-10T12:00:00,pacific_nw_coast,synoptic,hotspot,t1,precip_trace,precip_only,q850,42.97747747747748,234.36670733333705,0.00011783451191149652,2.11,4.6356282234191895,4.651762962341309,4.637756824493408,0.01613473892211914,0.00212860107421875,0.007003068923950195,0.009131669998168945,0.009131669998168945,False,dec_s1,decoder,1,10,0.00258829640224576,0.002349386247806251,0.0012934972939547152,0.002106302743777633,-0.4675365049915491,0.3810539090102907,,,,,,,
pacific_nw_coast_2020-10-10T12:00:00,pacific_nw_coast,synoptic,hotspot,t1,precip_trace,precip_only,q850,42.97747747747748,234.36670733333705,0.00011783451191149652,2.11,4.6356282234191895,4.651762962341309,4.637756824493408,0.01613473892211914,0.00212860107421875,0.007003068923950195,0.009131669998168945,0.009131669998168945,False,dec_s2,decoder,2,6,0.008757011033594608,0.006206799065694213,0.004372800506340961,0.006208400086810191,-0.386026848030739,0.41243570657985934,,,,,,,
pacific_nw_coast_2020-10-10T12:00:00,pacific_nw_coast,synoptic,hotspot,t1,q850_trace,precip_only,q850,42.97747747747748,234.36670733333705,0.00011783451191149652,,4.6356282234191895,5.846011638641357,3.497894763946533,1.210383415222168,-1.1377334594726562,1.174058437347412,0.03632497787475586,1.174058437347412,True,enc_s0,encoder,0,6,0.015186170116066933,0.014868368860334158,0.014495143666863441,0.003963600029237568,0.8624807093414835,0.7843156912263883,1.0,850,0.0,0.010269764175785593,0.9999999053844391,0.9924082366251916,0.007591669477537554
pacific_nw_coast_2020-10-10T12:00:00,pacific_nw_coast,synoptic,hotspot,t1,q850_trace,precip_only,q850,42.97747747747748,234.36670733333705,0.00011783451191149652,,4.6356282234191895,5.846011638641357,3.497894763946533,1.210383415222168,-1.1377334594726562,1.174058437347412,0.03632497787475586,1.174058437347412,True,enc_s1,encoder,1,10,0.01148715540766716,0.00899089826270938,0.009008802752941848,0.004989551077596843,0.5806620241234602,0.6537318763197917,1.0,850,0.0,0.010269764175785593,0.9999999053844391,0.9924082366251916,0.007591669477537554
pacific_nw_coast_2020-10-10T12:00:00,pacific_nw_coast,synoptic,hotspot,t1,q850_trace,precip_only,q850,42.97747747747748,234.36670733333705,0.00011783451191149652,,4.6356282234191895,5.846011638641357,3.497894763946533,1.210383415222168,-1.1377334594726562,1.174058437347412,0.03632497787475586,1.174058437347412,True,enc_s2,encoder,2,8,0.004519039241131395,0.003644040203653276,0.0035243318998254836,0.0021046947804279625,0.49990844857871813,0.6261199357827028,1.0,850,0.0,0.010269764175785593,0.9999999053844391,0.9924082366251916,0.007591669477537554
pacific_nw_coast_2020-10-10T12:00:00,pacific_nw_coast,synoptic,hotspot,t1,q850_trace,precip_only,q850,42.97747747747748,234.36670733333705,0.00011783451191149652,,4.6356282234191895,5.846011638641357,3.497894763946533,1.210383415222168,-1.1377334594726562,1.174058437347412,0.03632497787475586,1.174058437347412,True,dec_s0,decoder,0,8,0.006182030949275941,0.004951890266966075,0.004803990421351045,0.00287967556505464,0.4998266548307775,0.6252447431377743,1.0,850,0.0,0.010269764175785593,0.9999999053844391,0.9924082366251916,0.007591669477537554
pacific_nw_coast_2020-10-10T12:00:00,pacific_nw_coast,synoptic,hotspot,t1,q850_trace,precip_only,q850,42.97747747747748,234.36670733333705,0.00011783451191149652,,4.6356282234191895,5.846011638641357,3.497894763946533,1.210383415222168,-1.1377334594726562,1.174058437347412,0.03632497787475586,1.174058437347412,True,dec_s1,decoder,1,10,0.00736597147770226,0.007336059398949146,0.006173641979694366,0.003987852542195469,0.4614305395501406,0.6116901754378996,1.0,850,0.0,0.010269764175785593,0.9999999053844391,0.9924082366251916,0.007591669477537554
pacific_nw_coast_2020-10-10T12:00:00,pacific_nw_coast,synoptic,hotspot,t1,q850_trace,precip_only,q850,42.97747747747748,234.36670733333705,0.00011783451191149652,,4.6356282234191895,5.846011638641357,3.497894763946533,1.210383415222168,-1.1377334594726562,1.174058437347412,0.03632497787475586,1.174058437347412,True,dec_s2,decoder,2,6,0.026199556266268093,0.026541187117497127,0.023461537746091683,0.012039070793737968,0.6333435135428568,0.6610508014859446,1.0,850,0.0,0.010269764175785593,0.9999999053844391,0.9924082366251916,0.007591669477537554
pacific_nw_coast_2020-10-10T12:00:00,pacific_nw_coast,synoptic,low_near,t1,precip_trace,precip_only,q850,62.97747747747748,229.36670733333705,6.609056072193198e-06,2.11,4.6356282234191895,4.638665199279785,4.635420799255371,0.003036975860595703,-0.00020742416381835938,0.0016222000122070312,0.0014147758483886719,0.0016222000122070312,True,enc_s0,encoder,0,6,0.00590251541386048,0.0006401639548130333,0.0029437393338109055,0.0029959415551275015,-0.07909255981001527,0.49516885891764156,,,,,,,
pacific_nw_coast_2020-10-10T12:00:00,pacific_nw_coast,synoptic,low_near,t1,precip_trace,precip_only,q850,62.97747747747748,229.36670733333705,6.609056072193198e-06,2.11,4.6356282234191895,4.638665199279785,4.635420799255371,0.003036975860595703,-0.00020742416381835938,0.0016222000122070312,0.0014147758483886719,0.0016222000122070312,True,enc_s1,encoder,1,10,0.003812526725232601,0.001646018953761086,0.0018796843476593494,0.0022924443241208793,-0.2212875493834931,0.4584643419843915,,,,,,,
pacific_nw_coast_2020-10-10T12:00:00,pacific_nw_coast,synoptic,low_near,t1,precip_trace,precip_only,q850,62.97747747747748,229.36670733333705,6.609056072193198e-06,2.11,4.6356282234191895,4.638665199279785,4.635420799255371,0.003036975860595703,-0.00020742416381835938,0.0016222000122070312,0.0014147758483886719,0.0016222000122070312,True,enc_s2,encoder,2,8,0.0014196823904057965,0.0007843613784643821,0.0007094400789355859,0.0009011728398036212,-0.2812003023874081,0.44052206055606724,,,,,,,
pacific_nw_coast_2020-10-10T12:00:00,pacific_nw_coast,synoptic,low_near,t1,precip_trace,precip_only,q850,62.97747747747748,229.36670733333705,6.609056072193198e-06,2.11,4.6356282234191895,4.638665199279785,4.635420799255371,0.003036975860595703,-0.00020742416381835938,0.0016222000122070312,0.0014147758483886719,0.0016222000122070312,True,dec_s0,decoder,0,8,0.0019507386314217001,0.0012064500115229748,0.0009749183154781349,0.0012963531189598143,-0.3154507173343242,0.42967784551917293,,,,,,,
pacific_nw_coast_2020-10-10T12:00:00,pacific_nw_coast,synoptic,low_near,t1,precip_trace,precip_only,q850,62.97747747747748,229.36670733333705,6.609056072193198e-06,2.11,4.6356282234191895,4.638665199279785,4.635420799255371,0.003036975860595703,-0.00020742416381835938,0.0016222000122070312,0.0014147758483886719,0.0016222000122070312,True,dec_s1,decoder,1,10,0.0027426331653259695,0.002340263337828219,0.0013698743598069996,0.002150317816995084,-0.43969895383294705,0.3903800645505556,,,,,,,
pacific_nw_coast_2020-10-10T12:00:00,pacific_nw_coast,synoptic,low_near,t1,precip_trace,precip_only,q850,62.97747747747748,229.36670733333705,6.609056072193198e-06,2.11,4.6356282234191895,4.638665199279785,4.635420799255371,0.003036975860595703,-0.00020742416381835938,0.0016222000122070312,0.0014147758483886719,0.0016222000122070312,True,dec_s2,decoder,2,6,0.012530915283908447,0.006180345236013333,0.006257838491971294,0.007673707014570634,-0.2797416137125726,0.4463590340581758,,,,,,,
pacific_nw_coast_2020-10-10T12:00:00,pacific_nw_coast,synoptic,low_near,t1,q850_trace,precip_only,q850,62.97747747747748,229.36670733333705,6.609056072193198e-06,,4.6356282234191895,4.64355993270874,4.614291191101074,0.007931709289550781,-0.021337032318115234,0.014634370803833008,-0.0067026615142822266,0.014634370803833008,True,enc_s0,encoder,0,6,0.026731584842006367,0.028220714690784614,0.02601371333003044,0.00893497932702303,0.7923091580790843,0.7438596382187619,1.0,850,0.0,0.07667005887911608,1.0,0.9170733134680128,0.0829266865319872
pacific_nw_coast_2020-10-10T12:00:00,pacific_nw_coast,synoptic,low_near,t1,q850_trace,precip_only,q850,62.97747747747748,229.36670733333705,6.609056072193198e-06,,4.6356282234191895,4.64355993270874,4.614291191101074,0.007931709289550781,-0.021337032318115234,0.014634370803833008,-0.0067026615142822266,0.014634370803833008,True,enc_s1,encoder,1,10,0.02540495600551367,0.01810653880238533,0.01810741759836674,0.012431481946259737,0.4342222807859694,0.6084143338433975,1.0,850,0.0,0.07667005887911608,1.0,0.9170733134680128,0.0829266865319872
pacific_nw_coast_2020-10-10T12:00:00,pacific_nw_coast,synoptic,low_near,t1,q850_trace,precip_only,q850,62.97747747747748,229.36670733333705,6.609056072193198e-06,,4.6356282234191895,4.64355993270874,4.614291191101074,0.007931709289550781,-0.021337032318115234,0.014634370803833008,-0.0067026615142822266,0.014634370803833008,True,enc_s2,encoder,2,8,0.01088615891057998,0.007542445498984307,0.007817275880370289,0.0051566002657637,0.4252979584653592,0.602595160830095,1.0,850,0.0,0.07667005887911608,1.0,0.9170733134680128,0.0829266865319872
pacific_nw_coast_2020-10-10T12:00:00,pacific_nw_coast,synoptic,low_near,t1,q850_trace,precip_only,q850,62.97747747747748,229.36670733333705,6.609056072193198e-06,,4.6356282234191895,4.64355993270874,4.614291191101074,0.007931709289550781,-0.021337032318115234,0.014634370803833008,-0.0067026615142822266,0.014634370803833008,True,dec_s0,decoder,0,8,0.01952228555455804,0.009714549756608903,0.012472937582060695,0.009065449936315417,0.3903361716880155,0.5788541012178976,1.0,850,0.0,0.07667005887911608,1.0,0.9170733134680128,0.0829266865319872
pacific_nw_coast_2020-10-10T12:00:00,pacific_nw_coast,synoptic,low_near,t1,q850_trace,precip_only,q850,62.97747747747748,229.36670733333705,6.609056072193198e-06,,4.6356282234191895,4.64355993270874,4.614291191101074,0.007931709289550781,-0.021337032318115234,0.014634370803833008,-0.0067026615142822266,0.014634370803833008,True,dec_s1,decoder,1,10,0.01374917346984148,0.013644489692524076,0.010949317086488008,0.008216409804299473,0.31620779440965296,0.5774901093912497,1.0,850,0.0,0.07667005887911608,1.0,0.9170733134680128,0.0829266865319872
pacific_nw_coast_2020-10-10T12:00:00,pacific_nw_coast,synoptic,low_near,t1,q850_trace,precip_only,q850,62.97747747747748,229.36670733333705,6.609056072193198e-06,,4.6356282234191895,4.64355993270874,4.614291191101074,0.007931709289550781,-0.021337032318115234,0.014634370803833008,-0.0067026615142822266,0.014634370803833008,True,dec_s2,decoder,2,6,0.04022939316928387,0.04922759160399437,0.03844572231173515,0.023273793670038383,0.49260488965952026,0.6234345870905722,1.0,850,0.0,0.07667005887911608,1.0,0.9170733134680128,0.0829266865319872
pampas_2020-01-15T12:00:00,pampas,local,hotspot,t1,precip_trace,precip_only,q850,-37.02252252252252,299.67102679969264,0.00022615896887145936,2.11,10.027322769165039,10.035962104797363,10.02678108215332,0.008639335632324219,-0.00054168701171875,0.004590511322021484,0.004048824310302734,0.004590511322021484,True,enc_s0,encoder,0,6,0.001814747171010822,0.0005089167534606531,0.0008805313943109164,0.0010030879639089108,-0.24738906131615812,0.4651413260754432,,,,,,,
pampas_2020-01-15T12:00:00,pampas,local,hotspot,t1,precip_trace,precip_only,q850,-37.02252252252252,299.67102679969264,0.00022615896887145936,2.11,10.027322769165039,10.035962104797363,10.02678108215332,0.008639335632324219,-0.00054168701171875,0.004590511322021484,0.004048824310302734,0.004590511322021484,True,enc_s1,encoder,1,10,0.0016628253972157836,0.001279213887755759,0.0007862255268264561,0.0012640229309909047,-0.38510124789492084,0.4063121617458421,,,,,,,
pampas_2020-01-15T12:00:00,pampas,local,hotspot,t1,precip_trace,precip_only,q850,-37.02252252252252,299.67102679969264,0.00022615896887145936,2.11,10.027322769165039,10.035962104797363,10.02678108215332,0.008639335632324219,-0.00054168701171875,0.004590511322021484,0.004048824310302734,0.004590511322021484,True,enc_s2,encoder,2,8,0.000739163180696778,0.0006771290063625202,0.0003682544775074348,0.0006056598067516461,-0.4667301903935599,0.3781533096959791,,,,,,,
pampas_2020-01-15T12:00:00,pampas,local,hotspot,t1,precip_trace,precip_only,q850,-37.02252252252252,299.67102679969264,0.00022615896887145936,2.11,10.027322769165039,10.035962104797363,10.02678108215332,0.008639335632324219,-0.00054168701171875,0.004590511322021484,0.004048824310302734,0.004590511322021484,True,dec_s0,decoder,0,8,0.0011726591110345908,0.001113720252760686,0.0005849476328876335,0.0009826501627685502,-0.48322318058896235,0.37331039908998936,,,,,,,
pampas_2020-01-15T12:00:00,pampas,local,hotspot,t1,precip_trace,precip_only,q850,-37.02252252252252,299.67102679969264,0.00022615896887145936,2.11,10.027322769165039,10.035962104797363,10.02678108215332,0.008639335632324219,-0.00054168701171875,0.004590511322021484,0.004048824310302734,0.004590511322021484,True,dec_s1,decoder,1,10,0.0023077519261278214,0.0022813514457084238,0.0011522069689817727,0.0019843295332975684,-0.5099427466788752,0.36745009712936105,,,,,,,
pampas_2020-01-15T12:00:00,pampas,local,hotspot,t1,precip_trace,precip_only,q850,-37.02252252252252,299.67102679969264,0.00022615896887145936,2.11,10.027322769165039,10.035962104797363,10.02678108215332,0.008639335632324219,-0.00054168701171875,0.004590511322021484,0.004048824310302734,0.004590511322021484,True,dec_s2,decoder,2,6,0.006352455743278067,0.006025723957767089,0.003162672355150183,0.005322540954997142,-0.5047826097423339,0.3726851351726705,,,,,,,
pampas_2020-01-15T12:00:00,pampas,local,hotspot,t1,q850_trace,precip_only,q850,-37.02252252252252,299.67102679969264,0.00022615896887145936,,10.027322769165039,11.328195571899414,8.742189407348633,1.300872802734375,-1.2851333618164062,1.2930030822753906,0.007869720458984375,1.2930030822753906,True,enc_s0,encoder,0,6,0.004695301953082283,0.004993141163140535,0.004682977683842182,0.0012489840349492927,0.8796259262863981,0.788853400512501,1.0,850,0.0,0.059786607799852835,0.9999999256590032,0.9333698000702968,0.06663013054205667
pampas_2020-01-15T12:00:00,pampas,local,hotspot,t1,q850_trace,precip_only,q850,-37.02252252252252,299.67102679969264,0.00022615896887145936,,10.027322769165039,11.328195571899414,8.742189407348633,1.300872802734375,-1.2851333618164062,1.2930030822753906,0.007869720458984375,1.2930030822753906,True,enc_s1,encoder,1,10,0.0031033406965434553,0.0029238184681162236,0.0026058384217321874,0.0014519339893013239,0.5859203692396063,0.6674764973313188,1.0,850,0.0,0.059786607799852835,0.9999999256590032,0.9333698000702968,0.06663013054205667
pampas_2020-01-15T12:00:00,pampas,local,hotspot,t1,q850_trace,precip_only,q850,-37.02252252252252,299.67102679969264,0.00022615896887145936,,10.027322769165039,11.328195571899414,8.742189407348633,1.300872802734375,-1.2851333618164062,1.2930030822753906,0.007869720458984375,1.2930030822753906,True,enc_s2,encoder,2,8,0.0013152470055501908,0.0012406694586388767,0.001076294734957628,0.0006899769941810519,0.4281233075912997,0.6094846917222899,1.0,850,0.0,0.059786607799852835,0.9999999256590032,0.9333698000702968,0.06663013054205667
pampas_2020-01-15T12:00:00,pampas,local,hotspot,t1,q850_trace,precip_only,q850,-37.02252252252252,299.67102679969264,0.00022615896887145936,,10.027322769165039,11.328195571899414,8.742189407348633,1.300872802734375,-1.2851333618164062,1.2930030822753906,0.007869720458984375,1.2930030822753906,True,dec_s0,decoder,0,8,0.0018540176388341933,0.0017691701650619507,0.0014574795786757022,0.0010761265803012066,0.306688976585086,0.576554197019368,1.0,850,0.0,0.059786607799852835,0.9999999256590032,0.9333698000702968,0.06663013054205667
pampas_2020-01-15T12:00:00,pampas,local,hotspot,t1,q850_trace,precip_only,q850,-37.02252252252252,299.67102679969264,0.00022615896887145936,,10.027322769165039,11.328195571899414,8.742189407348633,1.300872802734375,-1.2851333618164062,1.2930030822753906,0.007869720458984375,1.2930030822753906,True,dec_s1,decoder,1,10,0.0032546119880862536,0.002935076947323978,0.0022647151607088746,0.0021143432706594465,0.05064559392639038,0.5119752019130621,1.0,850,0.0,0.059786607799852835,0.9999999256590032,0.9333698000702968,0.06663013054205667
pampas_2020-01-15T12:00:00,pampas,local,hotspot,t1,q850_trace,precip_only,q850,-37.02252252252252,299.67102679969264,0.00022615896887145936,,10.027322769165039,11.328195571899414,8.742189407348633,1.300872802734375,-1.2851333618164062,1.2930030822753906,0.007869720458984375,1.2930030822753906,True,dec_s2,decoder,2,6,0.011126257323970398,0.009925664402544498,0.008681748993694782,0.005982177409653862,0.4093302315675718,0.5920560203352293,1.0,850,0.0,0.059786607799852835,0.9999999256590032,0.9333698000702968,0.06663013054205667
pampas_2020-01-15T12:00:00,pampas,local,low_near,t1,precip_trace,precip_only,q850,-44.52252252252252,314.67102679969264,4.959940270055085e-06,2.11,10.027322769165039,10.028712272644043,10.032322883605957,0.0013895034790039062,0.005000114440917969,-0.0018053054809570312,0.0031948089599609375,0.0031948089599609375,False,enc_s0,encoder,0,6,0.0019130181171931326,0.0005084545167240625,0.0009313284147841235,0.0010475661838427186,-0.23378594155490298,0.4683953337962161,,,,,,,
pampas_2020-01-15T12:00:00,pampas,local,low_near,t1,precip_trace,precip_only,q850,-44.52252252252252,314.67102679969264,4.959940270055085e-06,2.11,10.027322769165039,10.028712272644043,10.032322883605957,0.0013895034790039062,0.005000114440917969,-0.0018053054809570312,0.0031948089599609375,0.0031948089599609375,False,enc_s1,encoder,1,10,0.0016780007048510016,0.0013053726637735964,0.0007971490791533143,0.001280407514423132,-0.3864749016385002,0.4059252765187537,,,,,,,
pampas_2020-01-15T12:00:00,pampas,local,low_near,t1,precip_trace,precip_only,q850,-44.52252252252252,314.67102679969264,4.959940270055085e-06,2.11,10.027322769165039,10.028712272644043,10.032322883605957,0.0013895034790039062,0.005000114440917969,-0.0018053054809570312,0.0031948089599609375,0.0031948089599609375,False,enc_s2,encoder,2,8,0.0007872874703025445,0.0006949984599486925,0.0003928634505427908,0.0006301472603809088,-0.4485327931047193,0.3840728945038079,,,,,,,
pampas_2020-01-15T12:00:00,pampas,local,low_near,t1,precip_trace,precip_only,q850,-44.52252252252252,314.67102679969264,4.959940270055085e-06,2.11,10.027322769165039,10.028712272644043,10.032322883605957,0.0013895034790039062,0.005000114440917969,-0.0018053054809570312,0.0031948089599609375,0.0031948089599609375,False,dec_s0,decoder,0,8,0.0012170138725196011,0.0011292002964182757,0.0006075147321098484,0.0010045250746770762,-0.47118684638615244,0.37712549648123295,,,,,,,
pampas_2020-01-15T12:00:00,pampas,local,low_near,t1,precip_trace,precip_only,q850,-44.52252252252252,314.67102679969264,4.959940270055085e-06,2.11,10.027322769165039,10.028712272644043,10.032322883605957,0.0013895034790039062,0.005000114440917969,-0.0018053054809570312,0.0031948089599609375,0.0031948089599609375,False,dec_s1,decoder,1,10,0.002332445327192545,0.002288383955601603,0.0011657023569568992,0.0019949037348851563,-0.5052253016932926,0.36890350065350724,,,,,,,
pampas_2020-01-15T12:00:00,pampas,local,low_near,t1,precip_trace,precip_only,q850,-44.52252252252252,314.67102679969264,4.959940270055085e-06,2.11,10.027322769165039,10.028712272644043,10.032322883605957,0.0013895034790039062,0.005000114440917969,-0.0018053054809570312,0.0031948089599609375,0.0031948089599609375,False,dec_s2,decoder,2,6,0.006364870350807905,0.006036093924194574,0.0031690923497080803,0.005332003502796094,-0.5044906752379573,0.37275426635043946,,,,,,,
pampas_2020-01-15T12:00:00,pampas,local,low_near,t1,q850_trace,precip_only,q850,-44.52252252252252,314.67102679969264,4.959940270055085e-06,,10.027322769165039,10.045814514160156,10.02763557434082,0.018491744995117188,0.00031280517578125,0.009089469909667969,0.009402275085449219,0.009402275085449219,False,enc_s0,encoder,0,6,0.005752534062291185,0.005119228502735496,0.0052646014373749495,0.0013883996483248968,0.8841365721548798,0.790787608676735,1.0,850,0.0,0.0,1.0,1.0,0.0
pampas_2020-01-15T12:00:00,pampas,local,low_near,t1,q850_trace,precip_only,q850,-44.52252252252252,314.67102679969264,4.959940270055085e-06,,10.027322769165039,10.045814514160156,10.02763557434082,0.018491744995117188,0.00031280517578125,0.009089469909667969,0.009402275085449219,0.009402275085449219,False,enc_s1,encoder,1,10,0.005485513154417277,0.003909435798414051,0.004074991564266384,0.0024401756061706694,0.5558189116544537,0.6410051175989174,1.0,850,0.0,0.0,1.0,1.0,0.0
pampas_2020-01-15T12:00:00,pampas,local,low_near,t1,q850_trace,precip_only,q850,-44.52252252252252,314.67102679969264,4.959940270055085e-06,,10.027322769165039,10.045814514160156,10.02763557434082,0.018491744995117188,0.00031280517578125,0.009089469909667969,0.009402275085449219,0.009402275085449219,False,enc_s2,encoder,2,8,0.002371389709878713,0.0017328133544651791,0.0017706632788758725,0.0010852798004634678,0.4877644365598637,0.6199938664122862,1.0,850,0.0,0.0,1.0,1.0,0.0
pampas_2020-01-15T12:00:00,pampas,local,low_near,t1,q850_trace,precip_only,q850,-44.52252252252252,314.67102679969264,4.959940270055085e-06,,10.027322769165039,10.045814514160156,10.02763557434082,0.018491744995117188,0.00031280517578125,0.009089469909667969,0.009402275085449219,0.009402275085449219,False,dec_s0,decoder,0,8,0.003294659749371931,0.002488994679879397,0.0024808557936921716,0.0015396346134366468,0.4748333295006135,0.6173200412851474,1.0,850,0.0,0.0,1.0,1.0,0.0
pampas_2020-01-15T12:00:00,pampas,local,low_near,t1,q850_trace,precip_only,q850,-44.52252252252252,314.67102679969264,4.959940270055085e-06,,10.027322769165039,10.045814514160156,10.02763557434082,0.018491744995117188,0.00031280517578125,0.009089469909667969,0.009402275085449219,0.009402275085449219,False,dec_s1,decoder,1,10,0.0044346366776153445,0.0038479079958051443,0.00339296207530424,0.0023906377726234497,0.33753268883169507,0.5819856358023346,1.0,850,0.0,0.0,1.0,1.0,0.0
pampas_2020-01-15T12:00:00,pampas,local,low_near,t1,q850_trace,precip_only,q850,-44.52252252252252,314.67102679969264,4.959940270055085e-06,,10.027322769165039,10.045814514160156,10.02763557434082,0.018491744995117188,0.00031280517578125,0.009089469909667969,0.009402275085449219,0.009402275085449219,False,dec_s2,decoder,2,6,0.014882727060467005,0.012839192834993204,0.012128914551188549,0.006786730140447617,0.5860076975071683,0.6411819631302649,1.0,850,0.0,0.0,1.0,1.0,0.0
pampas_2020-01-15T12:00:00,pampas,synoptic,hotspot,t1,precip_trace,precip_only,q850,-37.02252252252252,299.67102679969264,0.00044189963955432177,2.11,10.027322769165039,10.056177139282227,10.030287742614746,0.0288543701171875,0.0029649734497070312,0.012944698333740234,0.015909671783447266,0.015909671783447266,False,enc_s0,encoder,0,6,0.004187436037076016,0.0005961615242995322,0.0020857926768561206,0.002146648611718168,-0.0999101130085569,0.4920093258421588,,,,,,,
pampas_2020-01-15T12:00:00,pampas,synoptic,hotspot,t1,precip_trace,precip_only,q850,-37.02252252252252,299.67102679969264,0.00044189963955432177,2.11,10.027322769165039,10.056177139282227,10.030287742614746,0.0288543701171875,0.0029649734497070312,0.012944698333740234,0.015909671783447266,0.015909671783447266,False,enc_s1,encoder,1,10,0.002791957603767514,0.0015994737157598137,0.0013675656984560192,0.0018421393353492022,-0.28129879368419186,0.44015525380779386,,,,,,,
pampas_2020-01-15T12:00:00,pampas,synoptic,hotspot,t1,precip_trace,precip_only,q850,-37.02252252252252,299.67102679969264,0.00044189963955432177,2.11,10.027322769165039,10.056177139282227,10.030287742614746,0.0288543701171875,0.0029649734497070312,0.012944698333740234,0.015909671783447266,0.015909671783447266,False,enc_s2,encoder,2,8,0.0010847904195543379,0.0008192200766643509,0.0005422541435109451,0.0007936760812299326,-0.38334136499888294,0.4059420855031799,,,,,,,
pampas_2020-01-15T12:00:00,pampas,synoptic,hotspot,t1,precip_trace,precip_only,q850,-37.02252252252252,299.67102679969264,0.00044189963955432177,2.11,10.027322769165039,10.056177139282227,10.030287742614746,0.0288543701171875,0.0029649734497070312,0.012944698333740234,0.015909671783447266,0.015909671783447266,False,dec_s0,decoder,0,8,0.001549402135424316,0.0012475860930862837,0.0007750904987915419,0.001173833014036063,-0.40742904233741806,0.39798179941721723,,,,,,,
pampas_2020-01-15T12:00:00,pampas,synoptic,hotspot,t1,precip_trace,precip_only,q850,-37.02252252252252,299.67102679969264,0.00044189963955432177,2.11,10.027322769165039,10.056177139282227,10.030287742614746,0.0288543701171875,0.0029649734497070312,0.012944698333740234,0.015909671783447266,0.015909671783447266,False,dec_s1,decoder,1,10,0.002524344390258193,0.002347149746492505,0.0012619482178706676,0.002085241163149476,-0.47888531395005973,0.3772438678575791,,,,,,,
pampas_2020-01-15T12:00:00,pampas,synoptic,hotspot,t1,precip_trace,precip_only,q850,-37.02252252252252,299.67102679969264,0.00044189963955432177,2.11,10.027322769165039,10.056177139282227,10.030287742614746,0.0288543701171875,0.0029649734497070312,0.012944698333740234,0.015909671783447266,0.015909671783447266,False,dec_s2,decoder,2,6,0.00807243554542462,0.0061620416430135565,0.00403078106076767,0.0059445045577983064,-0.40870143172763446,0.403745405164984,,,,,,,
pampas_2020-01-15T12:00:00,pampas,synoptic,hotspot,t1,q850_trace,precip_only,q850,-37.02252252252252,299.67102679969264,0.00044189963955432177,,10.027322769165039,11.571656227111816,8.383570671081543,1.5443334579467773,-1.643752098083496,1.5940427780151367,-0.049709320068359375,1.5940427780151367,True,enc_s0,encoder,0,6,0.012823565863072872,0.012729533016681671,0.012367550749331713,0.0032076616771519184,0.8770125058190242,0.7933601616774414,1.0,850,0.0,0.04090821996551063,1.0,0.9339860197623153,0.06601398023768469
pampas_2020-01-15T12:00:00,pampas,synoptic,hotspot,t1,q850_trace,precip_only,q850,-37.02252252252252,299.67102679969264,0.00044189963955432177,,10.027322769165039,11.571656227111816,8.383570671081543,1.5443334579467773,-1.643752098083496,1.5940427780151367,-0.049709320068359375,1.5940427780151367,True,enc_s1,encoder,1,10,0.009590884670615196,0.00782433794811368,0.00790977762080729,0.0037055315915495157,0.6810733222951117,0.6910705409550243,1.0,850,0.0,0.04090821996551063,1.0,0.9339860197623153,0.06601398023768469
pampas_2020-01-15T12:00:00,pampas,synoptic,hotspot,t1,q850_trace,precip_only,q850,-37.02252252252252,299.67102679969264,0.00044189963955432177,,10.027322769165039,11.571656227111816,8.383570671081543,1.5443334579467773,-1.643752098083496,1.5940427780151367,-0.049709320068359375,1.5940427780151367,True,enc_s2,encoder,2,8,0.004066040040925145,0.0033416476799175143,0.003303401288576424,0.001713826452032663,0.6017645959904103,0.6584324911002217,1.0,850,0.0,0.04090821996551063,1.0,0.9339860197623153,0.06601398023768469
pampas_2020-01-15T12:00:00,pampas,synoptic,hotspot,t1,q850_trace,precip_only,q850,-37.02252252252252,299.67102679969264,0.00044189963955432177,,10.027322769165039,11.571656227111816,8.383570671081543,1.5443334579467773,-1.643752098083496,1.5940427780151367,-0.049709320068359375,1.5940427780151367,True,dec_s0,decoder,0,8,0.0058263931423425674,0.004925961140543222,0.004789640486706048,0.0024831884948071092,0.600984574655949,0.6587885533331557,1.0,850,0.0,0.04090821996551063,1.0,0.9339860197623153,0.06601398023768469
pampas_2020-01-15T12:00:00,pampas,synoptic,hotspot,t1,q850_trace,precip_only,q850,-37.02252252252252,299.67102679969264,0.00044189963955432177,,10.027322769165039,11.571656227111816,8.383570671081543,1.5443334579467773,-1.643752098083496,1.5940427780151367,-0.049709320068359375,1.5940427780151367,True,dec_s1,decoder,1,10,0.0077324163168668745,0.006852724752388894,0.006319198245182634,0.003666455391794443,0.5351605886005089,0.6340035723316787,1.0,850,0.0,0.04090821996551063,1.0,0.9339860197623153,0.06601398023768469
pampas_2020-01-15T12:00:00,pampas,synoptic,hotspot,t1,q850_trace,precip_only,q850,-37.02252252252252,299.67102679969264,0.00044189963955432177,,10.027322769165039,11.571656227111816,8.383570671081543,1.5443334579467773,-1.643752098083496,1.5940427780151367,-0.049709320068359375,1.5940427780151367,True,dec_s2,decoder,2,6,0.029321254851917427,0.025747655890882015,0.02472369248668353,0.012249127185593048,0.6459333788849466,0.6688667366379907,1.0,850,0.0,0.04090821996551063,1.0,0.9339860197623153,0.06601398023768469
pampas_2020-01-15T12:00:00,pampas,synoptic,low_near,t1,precip_trace,precip_only,q850,-52.02252252252252,304.67102679969264,3.6554443795466796e-05,2.11,10.027322769165039,10.026309967041016,10.02755069732666,-0.0010128021240234375,0.00022792816162109375,-0.0006203651428222656,-0.0003924369812011719,0.0006203651428222656,True,enc_s0,encoder,0,6,0.004857135820202529,0.0006135134996535877,0.002422116716237118,0.002476355953452488,-0.08611830252415725,0.4938350671783202,,,,,,,
pampas_2020-01-15T12:00:00,pampas,synoptic,low_near,t1,precip_trace,precip_only,q850,-52.02252252252252,304.67102679969264,3.6554443795466796e-05,2.11,10.027322769165039,10.026309967041016,10.02755069732666,-0.0010128021240234375,0.00022792816162109375,-0.0006203651428222656,-0.0003924369812011719,0.0006203651428222656,True,enc_s1,encoder,1,10,0.0027083962224423884,0.0015609777881763875,0.001322122267447412,0.0017885630833916367,-0.2887810554367198,0.43832171081924576,,,,,,,
pampas_2020-01-15T12:00:00,pampas,synoptic,low_near,t1,precip_trace,precip_only,q850,-52.02252252252252,304.67102679969264,3.6554443795466796e-05,2.11,10.027322769165039,10.026309967041016,10.02755069732666,-0.0010128021240234375,0.00022792816162109375,-0.0006203651428222656,-0.0003924369812011719,0.0006203651428222656,True,enc_s2,encoder,2,8,0.0011865685228258371,0.000803547452960629,0.0005929819744778797,0.0008217224094551057,-0.34382573520181003,0.41921069357984886,,,,,,,
pampas_2020-01-15T12:00:00,pampas,synoptic,low_near,t1,precip_trace,precip_only,q850,-52.02252252252252,304.67102679969264,3.6554443795466796e-05,2.11,10.027322769165039,10.026309967041016,10.02755069732666,-0.0010128021240234375,0.00022792816162109375,-0.0006203651428222656,-0.0003924369812011719,0.0006203651428222656,True,dec_s0,decoder,0,8,0.0016583823307882994,0.0012297840439714491,0.0008290287441923283,0.0012017857588944025,-0.3757282117513482,0.40865394701316066,,,,,,,
pampas_2020-01-15T12:00:00,pampas,synoptic,low_near,t1,precip_trace,precip_only,q850,-52.02252252252252,304.67102679969264,3.6554443795466796e-05,2.11,10.027322769165039,10.026309967041016,10.02755069732666,-0.0010128021240234375,0.00022792816162109375,-0.0006203651428222656,-0.0003924369812011719,0.0006203651428222656,True,dec_s1,decoder,1,10,0.002557537262327969,0.0023275653482414784,0.001277100935112685,0.0020852898014709353,-0.46925403841863106,0.38037669957595155,,,,,,,
pampas_2020-01-15T12:00:00,pampas,synoptic,low_near,t1,precip_trace,precip_only,q850,-52.02252252252252,304.67102679969264,3.6554443795466796e-05,2.11,10.027322769165039,10.026309967041016,10.02755069732666,-0.0010128021240234375,0.00022792816162109375,-0.0006203651428222656,-0.0003924369812011719,0.0006203651428222656,True,dec_s2,decoder,2,6,0.008503905807932218,0.0061108888282130165,0.004239430961509545,0.006074446098258098,-0.38995191374338084,0.4104315680609248,,,,,,,
pampas_2020-01-15T12:00:00,pampas,synoptic,low_near,t1,q850_trace,precip_only,q850,-52.02252252252252,304.67102679969264,3.6554443795466796e-05,,10.027322769165039,10.067492485046387,9.963532447814941,0.040169715881347656,-0.06379032135009766,0.051980018615722656,-0.011810302734375,0.051980018615722656,True,enc_s0,encoder,0,6,0.016681876654426258,0.01785820536315441,0.016540251672267914,0.005030329183985789,0.8360472747563779,0.766433739267469,1.0,850,0.0,0.013561741613133477,1.0,0.9955566976049219,0.004443302395078061
pampas_2020-01-15T12:00:00,pampas,synoptic,low_near,t1,q850_trace,precip_only,q850,-52.02252252252252,304.67102679969264,3.6554443795466796e-05,,10.027322769165039,10.067492485046387,9.963532447814941,0.040169715881347656,-0.06379032135009766,0.051980018615722656,-0.011810302734375,0.051980018615722656,True,enc_s1,encoder,1,10,0.014902575872838497,0.010920407436788081,0.011345392465591431,0.006434525852091611,0.5578967712355195,0.6449888174925915,1.0,850,0.0,0.013561741613133477,1.0,0.9955566976049219,0.004443302395078061
pampas_2020-01-15T12:00:00,pampas,synoptic,low_near,t1,q850_trace,precip_only,q850,-52.02252252252252,304.67102679969264,3.6554443795466796e-05,,10.027322769165039,10.067492485046387,9.963532447814941,0.040169715881347656,-0.06379032135009766,0.051980018615722656,-0.011810302734375,0.051980018615722656,True,enc_s2,encoder,2,8,0.006318362720776349,0.004929796734359115,0.00487616250757128,0.0028872064722236246,0.504868165286927,0.6281128311967772,1.0,850,0.0,0.013561741613133477,1.0,0.9955566976049219,0.004443302395078061
pampas_2020-01-15T12:00:00,pampas,synoptic,low_near,t1,q850_trace,precip_only,q850,-52.02252252252252,304.67102679969264,3.6554443795466796e-05,,10.027322769165039,10.067492485046387,9.963532447814941,0.040169715881347656,-0.06379032135009766,0.051980018615722656,-0.011810302734375,0.051980018615722656,True,dec_s0,decoder,0,8,0.008489885367453098,0.006810232240241021,0.006701490201521665,0.0037840329750906676,0.5390393963731308,0.6388965517682432,1.0,850,0.0,0.013561741613133477,1.0,0.9955566976049219,0.004443302395078061
pampas_2020-01-15T12:00:00,pampas,synoptic,low_near,t1,q850_trace,precip_only,q850,-52.02252252252252,304.67102679969264,3.6554443795466796e-05,,10.027322769165039,10.067492485046387,9.963532447814941,0.040169715881347656,-0.06379032135009766,0.051980018615722656,-0.011810302734375,0.051980018615722656,True,dec_s1,decoder,1,10,0.009164423868060111,0.009549467405304313,0.0077582408208400015,0.005226177931763232,0.42191724419273813,0.6046283567184837,1.0,850,0.0,0.013561741613133477,1.0,0.9955566976049219,0.004443302395078061
pampas_2020-01-15T12:00:00,pampas,synoptic,low_near,t1,q850_trace,precip_only,q850,-52.02252252252252,304.67102679969264,3.6554443795466796e-05,,10.027322769165039,10.067492485046387,9.963532447814941,0.040169715881347656,-0.06379032135009766,0.051980018615722656,-0.011810302734375,0.051980018615722656,True,dec_s2,decoder,2,6,0.03045705488572518,0.03305905250211557,0.028219654224812984,0.014623394856850306,0.6050515876989963,0.658836020376309,1.0,850,0.0,0.013561741613133477,1.0,0.9955566976049219,0.004443302395078061
pyrenees_2020-03-02T06:00:00,pyrenees,local,hotspot,t1,precip_trace,precip_only,q850,42.72747747747748,0.8288408933144389,7.217795064207166e-05,2.11,3.613551616668701,3.6243627071380615,3.612893581390381,0.010811090469360352,-0.0006580352783203125,0.005734562873840332,0.0050765275955200195,0.005734562873840332,True,enc_s0,encoder,0,6,0.0019478598842397332,0.0005034823358679811,0.0009495497991641363,0.0010614920465741307,-0.22689268346245553,0.4704034626245663,,,,,,,
pyrenees_2020-03-02T06:00:00,pyrenees,local,hotspot,t1,precip_trace,precip_only,q850,42.72747747747748,0.8288408933144389,7.217795064207166e-05,2.11,3.613551616668701,3.6243627071380615,3.612893581390381,0.010811090469360352,-0.0006580352783203125,0.005734562873840332,0.0050765275955200195,0.005734562873840332,True,enc_s1,encoder,1,10,0.0016697689541615545,0.001310297893360257,0.0007922821387182921,0.0012809851788915694,-0.38904575095642896,0.40500417440230896,,,,,,,
pyrenees_2020-03-02T06:00:00,pyrenees,local,hotspot,t1,precip_trace,precip_only,q850,42.72747747747748,0.8288408933144389,7.217795064207166e-05,2.11,3.613551616668701,3.6243627071380615,3.612893581390381,0.010811090469360352,-0.0006580352783203125,0.005734562873840332,0.0050765275955200195,0.005734562873840332,True,enc_s2,encoder,2,8,0.0007951761945150793,0.000733388245862443,0.00039670510523137636,0.0006539943933603354,-0.46882792061064515,0.37760001509005725,,,,,,,
pyrenees_2020-03-02T06:00:00,pyrenees,local,hotspot,t1,precip_trace,precip_only,q850,42.72747747747748,0.8288408933144389,7.217795064207166e-05,2.11,3.613551616668701,3.6243627071380615,3.612893581390381,0.010811090469360352,-0.0006580352783203125,0.005734562873840332,0.0050765275955200195,0.005734562873840332,True,dec_s0,decoder,0,8,0.001401632747729309,0.001335570283117704,0.0007001635894994251,0.0011764130249503069,-0.48434148104688657,0.3732701932640851,,,,,,,
pyrenees_2020-03-02T06:00:00,pyrenees,local,hotspot,t1,precip_trace,precip_only,q850,42.72747747747748,0.8288408933144389,7.217795064207166e-05,2.11,3.613551616668701,3.6243627071380615,3.612893581390381,0.010811090469360352,-0.0006580352783203125,0.005734562873840332,0.0050765275955200195,0.005734562873840332,True,dec_s1,decoder,1,10,0.002388140419498086,0.002362028695642948,0.0011930898355785758,0.002053712261840701,-0.5100137567434102,0.3675314523639892,,,,,,,
pyrenees_2020-03-02T06:00:00,pyrenees,local,hotspot,t1,precip_trace,precip_only,q850,42.72747747747748,0.8288408933144389,7.217795064207166e-05,2.11,3.613551616668701,3.6243627071380615,3.612893581390381,0.010811090469360352,-0.0006580352783203125,0.005734562873840332,0.0050765275955200195,0.005734562873840332,True,dec_s2,decoder,2,6,0.006531332929929097,0.006059195613488555,0.003253397958663603,0.005394794124489029,-0.49532065141535814,0.3760802604575293,,,,,,,
pyrenees_2020-03-02T06:00:00,pyrenees,local,hotspot,t1,q850_trace,precip_only,q850,42.72747747747748,0.8288408933144389,7.217795064207166e-05,,3.613551616668701,3.9374892711639404,3.3803868293762207,0.32393765449523926,-0.23316478729248047,0.27855122089385986,0.045386433601379395,0.27855122089385986,True,enc_s0,encoder,0,6,0.00543465946490566,0.0052801931742578745,0.0051843222851554556,0.001353645386795203,0.8828249754478393,0.7925103665394421,1.0,850,0.0,0.0,1.0000000683996446,1.0000000683996446,0.0
pyrenees_2020-03-02T06:00:00,pyrenees,local,hotspot,t1,q850_trace,precip_only,q850,42.72747747747748,0.8288408933144389,7.217795064207166e-05,,3.613551616668701,3.9374892711639404,3.3803868293762207,0.32393765449523926,-0.23316478729248047,0.27855122089385986,0.045386433601379395,0.27855122089385986,True,enc_s1,encoder,1,10,0.00560152071993798,0.003992359177209437,0.004127564234659075,0.0025302381545770913,0.5336088257807912,0.6368733647371476,1.0,850,0.0,0.0,1.0000000683996446,1.0000000683996446,0.0
pyrenees_2020-03-02T06:00:00,pyrenees,local,hotspot,t1,q850_trace,precip_only,q850,42.72747747747748,0.8288408933144389,7.217795064207166e-05,,3.613551616668701,3.9374892711639404,3.3803868293762207,0.32393765449523926,-0.23316478729248047,0.27855122089385986,0.045386433601379395,0.27855122089385986,True,enc_s2,encoder,2,8,0.002347447181819007,0.0018635751912370324,0.001756079713231884,0.001186748151667416,0.3932228797410846,0.5966323361855778,1.0,850,0.0,0.0,1.0000000683996446,1.0000000683996446,0.0
pyrenees_2020-03-02T06:00:00,pyrenees,local,hotspot,t1,q850_trace,precip_only,q850,42.72747747747748,0.8288408933144389,7.217795064207166e-05,,3.613551616668701,3.9374892711639404,3.3803868293762207,0.32393765449523926,-0.23316478729248047,0.27855122089385986,0.045386433601379395,0.27855122089385986,True,dec_s0,decoder,0,8,0.0035551159526221454,0.0030526317714247853,0.002721141296206042,0.0018904531316366047,0.36667876455322546,0.5906124053053075,1.0,850,0.0,0.0,1.0000000683996446,1.0000000683996446,0.0
pyrenees_2020-03-02T06:00:00,pyrenees,local,hotspot,t1,q850_trace,precip_only,q850,42.72747747747748,0.8288408933144389,7.217795064207166e-05,,3.613551616668701,3.9374892711639404,3.3803868293762207,0.32393765449523926,-0.23316478729248047,0.27855122089385986,0.045386433601379395,0.27855122089385986,True,dec_s1,decoder,1,10,0.003655579360201955,0.0037485518958419563,0.0027691933559253813,0.002457219851203263,0.11506247595509045,0.5274563618742303,1.0,850,0.0,0.0,1.0000000683996446,1.0000000683996446,0.0
pyrenees_2020-03-02T06:00:00,pyrenees,local,hotspot,t1,q850_trace,precip_only,q850,42.72747747747748,0.8288408933144389,7.217795064207166e-05,,3.613551616668701,3.9374892711639404,3.3803868293762207,0.32393765449523926,-0.23316478729248047,0.27855122089385986,0.045386433601379395,0.27855122089385986,True,dec_s2,decoder,2,6,0.01159610521669189,0.012269559316337109,0.00974134961143136,0.006900555764635404,0.37998701586101197,0.5853897266991883,1.0,850,0.0,0.0,1.0000000683996446,1.0000000683996446,0.0
pyrenees_2020-03-02T06:00:00,pyrenees,local,low_near,t1,precip_trace,precip_only,q850,57.72747747747748,8.328840893314439,1.4653957123300643e-06,2.11,3.613551616668701,3.6165003776550293,3.6162376403808594,0.002948760986328125,0.002686023712158203,0.00013136863708496094,0.002817392349243164,0.002817392349243164,False,enc_s0,encoder,0,6,0.002288629999384284,0.0005263912704928467,0.0011214740225113928,0.0012272117504229148,-0.20246239541961983,0.4759384572115275,,,,,,,
pyrenees_2020-03-02T06:00:00,pyrenees,local,low_near,t1,precip_trace,precip_only,q850,57.72747747747748,8.328840893314439,1.4653957123300643e-06,2.11,3.613551616668701,3.6165003776550293,3.6162376403808594,0.002948760986328125,0.002686023712158203,0.00013136863708496094,0.002817392349243164,0.002817392349243164,False,enc_s1,encoder,1,10,0.0017704644706100225,0.001319965597940609,0.0008438662276603282,0.0013205203169491142,-0.37406050942338254,0.4101271155118157,,,,,,,
pyrenees_2020-03-02T06:00:00,pyrenees,local,low_near,t1,precip_trace,precip_only,q850,57.72747747747748,8.328840893314439,1.4653957123300643e-06,2.11,3.613551616668701,3.6165003776550293,3.6162376403808594,0.002948760986328125,0.002686023712158203,0.00013136863708496094,0.002817392349243164,0.002817392349243164,False,enc_s2,encoder,2,8,0.0008551570645067841,0.0007376826761174016,0.00042668742753448896,0.000675045870593749,-0.43884919987537524,0.3873843966723899,,,,,,,
pyrenees_2020-03-02T06:00:00,pyrenees,local,low_near,t1,precip_trace,precip_only,q850,57.72747747747748,8.328840893314439,1.4653957123300643e-06,2.11,3.613551616668701,3.6165003776550293,3.6162376403808594,0.002948760986328125,0.002686023712158203,0.00013136863708496094,0.002817392349243164,0.002817392349243164,False,dec_s0,decoder,0,8,0.0014532523200614378,0.0013429976024781354,0.000725770638382528,0.0011962874486926012,-0.4699539454964963,0.3779174474596533,,,,,,,
pyrenees_2020-03-02T06:00:00,pyrenees,local,low_near,t1,precip_trace,precip_only,q850,57.72747747747748,8.328840893314439,1.4653957123300643e-06,2.11,3.613551616668701,3.6165003776550293,3.6162376403808594,0.002948760986328125,0.002686023712158203,0.00013136863708496094,0.002817392349243164,0.002817392349243164,False,dec_s1,decoder,1,10,0.0024149038712494076,0.0023572372971102594,0.0012058790889568627,0.002059134631417692,-0.503777239090102,0.3695283116258303,,,,,,,
pyrenees_2020-03-02T06:00:00,pyrenees,local,low_near,t1,precip_trace,precip_only,q850,57.72747747747748,8.328840893314439,1.4653957123300643e-06,2.11,3.613551616668701,3.6165003776550293,3.6162376403808594,0.002948760986328125,0.002686023712158203,0.00013136863708496094,0.002817392349243164,0.002817392349243164,False,dec_s2,decoder,2,6,0.007018964349602659,0.006043299101293087,0.003499636698203782,0.005537889897823334,-0.4627924626890462,0.38674598035444396,,,,,,,
pyrenees_2020-03-02T06:00:00,pyrenees,local,low_near,t1,q850_trace,precip_only,q850,57.72747747747748,8.328840893314439,1.4653957123300643e-06,,3.613551616668701,3.6045408248901367,3.616645336151123,-0.009010791778564453,0.003093719482421875,-0.006052255630493164,-0.002958536148071289,0.006052255630493164,True,enc_s0,encoder,0,6,0.010093209333717823,0.010076191276311874,0.00947958572457234,0.003458950862598916,0.7698587868478902,0.7322263057660092,1.0,850,0.0,0.06699446834665028,1.0,0.9108515850987995,0.08914841490120048
pyrenees_2020-03-02T06:00:00,pyrenees,local,low_near,t1,q850_trace,precip_only,q850,57.72747747747748,8.328840893314439,1.4653957123300643e-06,,3.613551616668701,3.6045408248901367,3.616645336151123,-0.009010791778564453,0.003093719482421875,-0.006052255630493164,-0.002958536148071289,0.006052255630493164,True,enc_s1,encoder,1,10,0.009230751264840364,0.006198922591283918,0.006323896301910281,0.0046053247060626745,0.37848537424318274,0.5915547028731081,1.0,850,0.0,0.06699446834665028,1.0,0.9108515850987995,0.08914841490120048
pyrenees_2020-03-02T06:00:00,pyrenees,local,low_near,t1,q850_trace,precip_only,q850,57.72747747747748,8.328840893314439,1.4653957123300643e-06,,3.613551616668701,3.6045408248901367,3.616645336151123,-0.009010791778564453,0.003093719482421875,-0.006052255630493164,-0.002958536148071289,0.006052255630493164,True,enc_s2,encoder,2,8,0.004247760633006692,0.002882239787140861,0.0029341202171053737,0.0021367559966165572,0.340664933604434,0.578801156464721,1.0,850,0.0,0.06699446834665028,1.0,0.9108515850987995,0.08914841490120048
pyrenees_2020-03-02T06:00:00,pyrenees,local,low_near,t1,q850_trace,precip_only,q850,57.72747747747748,8.328840893314439,1.4653957123300643e-06,,3.613551616668701,3.6045408248901367,3.616645336151123,-0.009010791778564453,0.003093719482421875,-0.006052255630493164,-0.002958536148071289,0.006052255630493164,True,dec_s0,decoder,0,8,0.006216331094037741,0.003989016084233299,0.004079263308085501,0.003261438454501331,0.25226441585945847,0.5560368679623662,1.0,850,0.0,0.06699446834665028,1.0,0.9108515850987995,0.08914841490120048
pyrenees_2020-03-02T06:00:00,pyrenees,local,low_near,t1,q850_trace,precip_only,q850,57.72747747747748,8.328840893314439,1.4653957123300643e-06,,3.613551616668701,3.6045408248901367,3.616645336151123,-0.009010791778564453,0.003093719482421875,-0.006052255630493164,-0.002958536148071289,0.006052255630493164,True,dec_s1,decoder,1,10,0.005521764908917248,0.006009946507401764,0.0043922812212258576,0.003746898320969194,0.18204700203086327,0.5421409226775804,1.0,850,0.0,0.06699446834665028,1.0,0.9108515850987995,0.08914841490120048
pyrenees_2020-03-02T06:00:00,pyrenees,local,low_near,t1,q850_trace,precip_only,q850,57.72747747747748,8.328840893314439,1.4653957123300643e-06,,3.613551616668701,3.6045408248901367,3.616645336151123,-0.009010791778564453,0.003093719482421875,-0.006052255630493164,-0.002958536148071289,0.006052255630493164,True,dec_s2,decoder,2,6,0.016366216043631237,0.018674325818816822,0.014506866379330555,0.00988913762072722,0.4244092349660613,0.5949735361262126,1.0,850,0.0,0.06699446834665028,1.0,0.9108515850987995,0.08914841490120048
pyrenees_2020-03-02T06:00:00,pyrenees,synoptic,hotspot,t1,precip_trace,precip_only,q850,45.22747747747748,0.8288408933144389,0.0001437571772839874,2.11,3.613551616668701,3.6359593868255615,3.613255023956299,0.02240777015686035,-0.00029659271240234375,0.011352181434631348,0.011055588722229004,0.011352181434631348,True,enc_s0,encoder,0,6,0.004576300969347358,0.0005915895259628693,0.002280446312700709,0.002336262356645117,-0.09219354770306727,0.4933537030126023,,,,,,,
pyrenees_2020-03-02T06:00:00,pyrenees,synoptic,hotspot,t1,precip_trace,precip_only,q850,45.22747747747748,0.8288408933144389,0.0001437571772839874,2.11,3.613551616668701,3.6359593868255615,3.613255023956299,0.02240777015686035,-0.00029659271240234375,0.011352181434631348,0.011055588722229004,0.011352181434631348,True,enc_s1,encoder,1,10,0.0028441629372537138,0.0015606513188686222,0.0013968774117529392,0.0018436263548210264,-0.268712436078756,0.4438524614262075,,,,,,,
pyrenees_2020-03-02T06:00:00,pyrenees,synoptic,hotspot,t1,precip_trace,precip_only,q850,45.22747747747748,0.8288408933144389,0.0001437571772839874,2.11,3.613551616668701,3.6359593868255615,3.613255023956299,0.02240777015686035,-0.00029659271240234375,0.011352181434631348,0.011055588722229004,0.011352181434631348,True,enc_s2,encoder,2,8,0.0011600529978750274,0.0008291293634101748,0.0005808956120745279,0.0008241222385549918,-0.3608821091341401,0.4135270150883343,,,,,,,
pyrenees_2020-03-02T06:00:00,pyrenees,synoptic,hotspot,t1,precip_trace,precip_only,q850,45.22747747747748,0.8288408933144389,0.0001437571772839874,2.11,3.613551616668701,3.6359593868255615,3.613255023956299,0.02240777015686035,-0.00029659271240234375,0.011352181434631348,0.011055588722229004,0.011352181434631348,True,dec_s0,decoder,0,8,0.001792158858734183,0.00142598150705453,0.0008974395459517837,0.0013481579371728003,-0.4016029911545518,0.4001357671999465,,,,,,,
pyrenees_2020-03-02T06:00:00,pyrenees,synoptic,hotspot,t1,precip_trace,precip_only,q850,45.22747747747748,0.8288408933144389,0.0001437571772839874,2.11,3.613551616668701,3.6359593868255615,3.613255023956299,0.02240777015686035,-0.00029659271240234375,0.011352181434631348,0.011055588722229004,0.011352181434631348,True,dec_s1,decoder,1,10,0.002570574765559286,0.0023977661156095566,0.0012848306796513498,0.0021278809173963962,-0.4803325796488059,0.3769493616210298,,,,,,,
pyrenees_2020-03-02T06:00:00,pyrenees,synoptic,hotspot,t1,precip_trace,precip_only,q850,45.22747747747748,0.8288408933144389,0.0001437571772839874,2.11,3.613551616668701,3.6359593868255615,3.613255023956299,0.02240777015686035,-0.00029659271240234375,0.011352181434631348,0.011055588722229004,0.011352181434631348,True,dec_s2,decoder,2,6,0.008427242127557596,0.006130626269926627,0.004209891427308321,0.006051082552100222,-0.39364782154406136,0.409683919335417,,,,,,,
pyrenees_2020-03-02T06:00:00,pyrenees,synoptic,hotspot,t1,q850_trace,precip_only,q850,45.22747747747748,0.8288408933144389,0.0001437571772839874,,3.613551616668701,4.280264377593994,3.0226404666900635,0.666712760925293,-0.5909111499786377,0.6288119554519653,0.03790080547332764,0.6288119554519653,True,enc_s0,encoder,0,6,0.01663695617268483,0.01739401463419199,0.016295917176951964,0.00493244167106847,0.8358664558281018,0.7671028633752881,1.0,850,0.0,0.012760203937917242,1.0,0.9948278459462083,0.005172154053791641
pyrenees_2020-03-02T06:00:00,pyrenees,synoptic,hotspot,t1,q850_trace,precip_only,q850,45.22747747747748,0.8288408933144389,0.0001437571772839874,,3.613551616668701,4.280264377593994,3.0226404666900635,0.666712760925293,-0.5909111499786377,0.6288119554519653,0.03790080547332764,0.6288119554519653,True,enc_s1,encoder,1,10,0.0144311991520226,0.010396531037986278,0.010800789203494787,0.006387761468067766,0.5345736396475719,0.6373801435455853,1.0,850,0.0,0.012760203937917242,1.0,0.9948278459462083,0.005172154053791641
pyrenees_2020-03-02T06:00:00,pyrenees,synoptic,hotspot,t1,q850_trace,precip_only,q850,45.22747747747748,0.8288408933144389,0.0001437571772839874,,3.613551616668701,4.280264377593994,3.0226404666900635,0.666712760925293,-0.5909111499786377,0.6288119554519653,0.03790080547332764,0.6288119554519653,True,enc_s2,encoder,2,8,0.006142094265669584,0.00455654674442485,0.004553778097033501,0.0029168726759962738,0.4488021418107365,0.6096762528927013,1.0,850,0.0,0.012760203937917242,1.0,0.9948278459462083,0.005172154053791641
pyrenees_2020-03-02T06:00:00,pyrenees,synoptic,hotspot,t1,q850_trace,precip_only,q850,45.22747747747748,0.8288408933144389,0.0001437571772839874,,3.613551616668701,4.280264377593994,3.0226404666900635,0.666712760925293,-0.5909111499786377,0.6288119554519653,0.03790080547332764,0.6288119554519653,True,dec_s0,decoder,0,8,0.009039222204592079,0.006709810812026262,0.006638585065957159,0.004392541799461469,0.42063653672583673,0.6019284658066761,1.0,850,0.0,0.012760203937917242,1.0,0.9948278459462083,0.005172154053791641
pyrenees_2020-03-02T06:00:00,pyrenees,synoptic,hotspot,t1,q850_trace,precip_only,q850,45.22747747747748,0.8288408933144389,0.0001437571772839874,,3.613551616668701,4.280264377593994,3.0226404666900635,0.666712760925293,-0.5909111499786377,0.6288119554519653,0.03790080547332764,0.6288119554519653,True,dec_s1,decoder,1,10,0.007574508106335998,0.008093267772346735,0.006435200455598533,0.004475023527629673,0.3896014245940727,0.5932974491321246,1.0,850,0.0,0.012760203937917242,1.0,0.9948278459462083,0.005172154053791641
pyrenees_2020-03-02T06:00:00,pyrenees,synoptic,hotspot,t1,q850_trace,precip_only,q850,45.22747747747748,0.8288408933144389,0.0001437571772839874,,3.613551616668701,4.280264377593994,3.0226404666900635,0.666712760925293,-0.5909111499786377,0.6288119554519653,0.03790080547332764,0.6288119554519653,True,dec_s2,decoder,2,6,0.025324093798796337,0.028842367542286713,0.02367364273717006,0.013270867833246788,0.5704157491747552,0.6409705111022436,1.0,850,0.0,0.012760203937917242,1.0,0.9948278459462083,0.005172154053791641
pyrenees_2020-03-02T06:00:00,pyrenees,synoptic,low_near,t1,precip_trace,precip_only,q850,60.22747747747748,0.8288408933144389,1.2209363376314286e-05,2.11,3.613551616668701,3.6151299476623535,3.6119680404663086,0.0015783309936523438,-0.0015835762023925781,0.001580953598022461,-2.6226043701171875e-06,0.001580953598022461,True,enc_s0,encoder,0,6,0.005593197342629234,0.0006403535177620748,0.0027898140639687576,0.0028424042587478957,-0.0796617522490332,0.4948557240167253,,,,,,,
pyrenees_2020-03-02T06:00:00,pyrenees,synoptic,low_near,t1,precip_trace,precip_only,q850,60.22747747747748,0.8288408933144389,1.2209363376314286e-05,2.11,3.613551616668701,3.6151299476623535,3.6119680404663086,0.0015783309936523438,-0.0015835762023925781,0.001580953598022461,-2.6226043701171875e-06,0.001580953598022461,True,enc_s1,encoder,1,10,0.0030106021789833904,0.0015864942339248954,0.001476794865448028,0.0019227826851420105,-0.2641755045543489,0.44578158933641143,,,,,,,
pyrenees_2020-03-02T06:00:00,pyrenees,synoptic,low_near,t1,precip_trace,precip_only,q850,60.22747747747748,0.8288408933144389,1.2209363376314286e-05,2.11,3.613551616668701,3.6151299476623535,3.6119680404663086,0.0015783309936523438,-0.0015835762023925781,0.001580953598022461,-2.6226043701171875e-06,0.001580953598022461,True,enc_s2,encoder,2,8,0.0013705503370147198,0.0008476891744066961,0.0006848836419521831,0.000910758288227953,-0.3145261536687926,0.42930505087746584,,,,,,,
pyrenees_2020-03-02T06:00:00,pyrenees,synoptic,low_near,t1,precip_trace,precip_only,q850,60.22747747747748,0.8288408933144389,1.2209363376314286e-05,2.11,3.613551616668701,3.6151299476623535,3.6119680404663086,0.0015783309936523438,-0.0015835762023925781,0.001580953598022461,-2.6226043701171875e-06,0.001580953598022461,True,dec_s0,decoder,0,8,0.002084632098558359,0.0014468221925199032,0.0010428253444842994,0.0014602951996494085,-0.35229016614542585,0.4170684982893382,,,,,,,
pyrenees_2020-03-02T06:00:00,pyrenees,synoptic,low_near,t1,precip_trace,precip_only,q850,60.22747747747748,0.8288408933144389,1.2209363376314286e-05,2.11,3.613551616668701,3.6151299476623535,3.6119680404663086,0.0015783309936523438,-0.0015835762023925781,0.001580953598022461,-2.6226043701171875e-06,0.001580953598022461,True,dec_s1,decoder,1,10,0.0027248696773312987,0.0024012399837374685,0.0013631638314109296,0.00217662068316713,-0.4529891575174744,0.3858864456848546,,,,,,,
pyrenees_2020-03-02T06:00:00,pyrenees,synoptic,low_near,t1,precip_trace,precip_only,q850,60.22747747747748,0.8288408933144389,1.2209363376314286e-05,2.11,3.613551616668701,3.6151299476623535,3.6119680404663086,0.0015783309936523438,-0.0015835762023925781,0.001580953598022461,-2.6226043701171875e-06,0.001580953598022461,True,dec_s2,decoder,2,6,0.010296972468495369,0.006130778230726719,0.005148926982656121,0.006742294567326705,-0.32752506292900313,0.4314531306022775,,,,,,,
pyrenees_2020-03-02T06:00:00,pyrenees,synoptic,low_near,t1,q850_trace,precip_only,q850,60.22747747747748,0.8288408933144389,1.2209363376314286e-05,,3.613551616668701,3.6108670234680176,3.601689577102661,-0.0026845932006835938,-0.011862039566040039,0.004588723182678223,-0.007273316383361816,0.007273316383361816,False,enc_s0,encoder,0,6,0.024027347564697266,0.02401904637614886,0.022666540928184986,0.007999272318556905,0.7810090977382577,0.7387420756542915,1.0,850,0.0,0.10947585850761683,0.9999999357835835,0.8648873753222219,0.1351125691378066
pyrenees_2020-03-02T06:00:00,pyrenees,synoptic,low_near,t1,q850_trace,precip_only,q850,60.22747747747748,0.8288408933144389,1.2209363376314286e-05,,3.613551616668701,3.6108670234680176,3.601689577102661,-0.0026845932006835938,-0.011862039566040039,0.004588723182678223,-0.007273316383361816,0.007273316383361816,False,enc_s1,encoder,1,10,0.021306493505835532,0.014894352480769157,0.015236053243279457,0.010208342550322413,0.44464329482483383,0.6096563363637155,1.0,850,0.0,0.10947585850761683,0.9999999357835835,0.8648873753222219,0.1351125691378066
pyrenees_2020-03-02T06:00:00,pyrenees,synoptic,low_near,t1,q850_trace,precip_only,q850,60.22747747747748,0.8288408933144389,1.2209363376314286e-05,,3.613551616668701,3.6108670234680176,3.601689577102661,-0.0026845932006835938,-0.011862039566040039,0.004588723182678223,-0.007273316383361816,0.007273316383361816,False,enc_s2,encoder,2,8,0.009378229500725865,0.006685237167403102,0.006805071490816772,0.004473279928788543,0.4268277972979869,0.6035482789826616,1.0,850,0.0,0.10947585850761683,0.9999999357835835,0.8648873753222219,0.1351125691378066
pyrenees_2020-03-02T06:00:00,pyrenees,synoptic,low_near,t1,q850_trace,precip_only,q850,60.22747747747748,0.8288408933144389,1.2209363376314286e-05,,3.613551616668701,3.6108670234680176,3.601689577102661,-0.0026845932006835938,-0.011862039566040039,0.004588723182678223,-0.007273316383361816,0.007273316383361816,False,dec_s0,decoder,0,8,0.014013807754963636,0.009610600187443197,0.010011198581196368,0.006644737673923373,0.42317232254314363,0.6009424027492816,1.0,850,0.0,0.10947585850761683,0.9999999357835835,0.8648873753222219,0.1351125691378066
pyrenees_2020-03-02T06:00:00,pyrenees,synoptic,low_near,t1,q850_trace,precip_only,q850,60.22747747747748,0.8288408933144389,1.2209363376314286e-05,,3.613551616668701,3.6108670234680176,3.601689577102661,-0.0026845932006835938,-0.011862039566040039,0.004588723182678223,-0.007273316383361816,0.007273316383361816,False,dec_s1,decoder,1,10,0.01155162719078362,0.012007481278851628,0.009590864228084684,0.006840937142260373,0.36389107783078967,0.5885530706260711,1.0,850,0.0,0.10947585850761683,0.9999999357835835,0.8648873753222219,0.1351125691378066
pyrenees_2020-03-02T06:00:00,pyrenees,synoptic,low_near,t1,q850_trace,precip_only,q850,60.22747747747748,0.8288408933144389,1.2209363376314286e-05,,3.613551616668701,3.6108670234680176,3.601689577102661,-0.0026845932006835938,-0.011862039566040039,0.004588723182678223,-0.007273316383361816,0.007273316383361816,False,dec_s2,decoder,2,6,0.03510918654501438,0.04007525990406672,0.03270712991555532,0.018685892845193546,0.5387484394065684,0.6367869864301415,1.0,850,0.0,0.10947585850761683,0.9999999357835835,0.8648873753222219,0.1351125691378066
rockies_2020-07-27T00:00:00,rockies,local,hotspot,t1,precip_trace,precip_only,q850,39.47747747747748,256.3115539507046,0.00011621142766671255,2.11,11.70083236694336,11.736809730529785,11.703296661376953,0.03597736358642578,0.00246429443359375,0.016756534576416016,0.019220829010009766,0.019220829010009766,False,enc_s0,encoder,0,6,0.0019125740509480238,0.0005127212692362567,0.00093104123758773,0.0010483177126540493,-0.23353507553109373,0.4684361270142668,,,,,,,
rockies_2020-07-27T00:00:00,rockies,local,hotspot,t1,precip_trace,precip_only,q850,39.47747747747748,256.3115539507046,0.00011621142766671255,2.11,11.70083236694336,11.736809730529785,11.703296661376953,0.03597736358642578,0.00246429443359375,0.016756534576416016,0.019220829010009766,0.019220829010009766,False,enc_s1,encoder,1,10,0.0016713393153622747,0.0013049581146333366,0.0007908393046818674,0.0012791613466106356,-0.3885646800650969,0.40481839243386925,,,,,,,
rockies_2020-07-27T00:00:00,rockies,local,hotspot,t1,precip_trace,precip_only,q850,39.47747747747748,256.3115539507046,0.00011621142766671255,2.11,11.70083236694336,11.736809730529785,11.703296661376953,0.03597736358642578,0.00246429443359375,0.016756534576416016,0.019220829010009766,0.019220829010009766,False,enc_s2,encoder,2,8,0.000745519413612783,0.0006794020446250215,0.0003725040405697655,0.0006082235486246645,-0.4613901289715682,0.3798568620765449,,,,,,,
rockies_2020-07-27T00:00:00,rockies,local,hotspot,t1,precip_trace,precip_only,q850,39.47747747747748,256.3115539507046,0.00011621142766671255,2.11,11.70083236694336,11.736809730529785,11.703296661376953,0.03597736358642578,0.00246429443359375,0.016756534576416016,0.019220829010009766,0.019220829010009766,False,dec_s0,decoder,0,8,0.0011941505508730188,0.0011290462061879225,0.0005962058166915085,0.0009974595595849678,-0.48053158696593645,0.3743258009292312,,,,,,,
rockies_2020-07-27T00:00:00,rockies,local,hotspot,t1,precip_trace,precip_only,q850,39.47747747747748,256.3115539507046,0.00011621142766671255,2.11,11.70083236694336,11.736809730529785,11.703296661376953,0.03597736358642578,0.00246429443359375,0.016756534576416016,0.019220829010009766,0.019220829010009766,False,dec_s1,decoder,1,10,0.0023803683230653404,0.0023484700941480696,0.0011896894488018007,0.0020433734636753796,-0.5080729133641378,0.3679980321508727,,,,,,,
rockies_2020-07-27T00:00:00,rockies,local,hotspot,t1,precip_trace,precip_only,q850,39.47747747747748,256.3115539507046,0.00011621142766671255,2.11,11.70083236694336,11.736809730529785,11.703296661376953,0.03597736358642578,0.00246429443359375,0.016756534576416016,0.019220829010009766,0.019220829010009766,False,dec_s2,decoder,2,6,0.006692846848939856,0.006250147009268403,0.0033362292451784015,0.005549812223762274,-0.4974279897554237,0.3753663071610695,,,,,,,
rockies_2020-07-27T00:00:00,rockies,local,hotspot,t1,q850_trace,precip_only,q850,39.47747747747748,256.3115539507046,0.00011621142766671255,,11.70083236694336,12.921514511108398,10.33225154876709,1.220682144165039,-1.3685808181762695,1.2946314811706543,-0.07394933700561523,1.2946314811706543,True,enc_s0,encoder,0,6,0.004964091815054417,0.004664567997679114,0.004658329300582409,0.0012207578596038122,0.883504217252136,0.7913400542677751,1.0,850,0.0,0.0,1.0,1.0,0.0
rockies_2020-07-27T00:00:00,rockies,local,hotspot,t1,q850_trace,precip_only,q850,39.47747747747748,256.3115539507046,0.00011621142766671255,,11.70083236694336,12.921514511108398,10.33225154876709,1.220682144165039,-1.3685808181762695,1.2946314811706543,-0.07394933700561523,1.2946314811706543,True,enc_s1,encoder,1,10,0.003634816175326705,0.003124212031252682,0.0029834251618012786,0.0015665711252950132,0.6386131429144092,0.6790545520323967,1.0,850,0.0,0.0,1.0,1.0,0.0
rockies_2020-07-27T00:00:00,rockies,local,hotspot,t1,q850_trace,precip_only,q850,39.47747747747748,256.3115539507046,0.00011621142766671255,,11.70083236694336,12.921514511108398,10.33225154876709,1.220682144165039,-1.3685808181762695,1.2946314811706543,-0.07394933700561523,1.2946314811706543,True,enc_s2,encoder,2,8,0.0016842784971231595,0.0014675825368613005,0.0013802465691696852,0.0007682481445954181,0.5470032939421949,0.6424737453337981,1.0,850,0.0,0.0,1.0,1.0,0.0
rockies_2020-07-27T00:00:00,rockies,local,hotspot,t1,q850_trace,precip_only,q850,39.47747747747748,256.3115539507046,0.00011621142766671255,,11.70083236694336,12.921514511108398,10.33225154876709,1.220682144165039,-1.3685808181762695,1.2946314811706543,-0.07394933700561523,1.2946314811706543,True,dec_s0,decoder,0,8,0.0023887330607976764,0.0021190571860643104,0.00192398636136204,0.001180930012196768,0.4750473012219162,0.6208113893840583,1.0,850,0.0,0.0,1.0,1.0,0.0
rockies_2020-07-27T00:00:00,rockies,local,hotspot,t1,q850_trace,precip_only,q850,39.47747747747748,256.3115539507046,0.00011621142766671255,,11.70083236694336,12.921514511108398,10.33225154876709,1.220682144165039,-1.3685808181762695,1.2946314811706543,-0.07394933700561523,1.2946314811706543,True,dec_s1,decoder,1,10,0.003697648155502975,0.0034673190210014583,0.0027832074207253753,0.0022564984043128788,0.19648981924859554,0.5468901921264021,1.0,850,0.0,0.0,1.0,1.0,0.0
rockies_2020-07-27T00:00:00,rockies,local,hotspot,t1,q850_trace,precip_only,q850,39.47747747747748,256.3115539507046,0.00011621142766671255,,11.70083236694336,12.921514511108398,10.33225154876709,1.220682144165039,-1.3685808181762695,1.2946314811706543,-0.07394933700561523,1.2946314811706543,True,dec_s2,decoder,2,6,0.013001235978056988,0.011559563223272562,0.010395675897598267,0.006577111625423034,0.4996857107027794,0.6124917947775627,1.0,850,0.0,0.0,1.0,1.0,0.0
rockies_2020-07-27T00:00:00,rockies,local,low_near,t1,precip_trace,precip_only,q850,51.97747747747748,246.3115539507046,1.5402207509396248e-06,2.11,11.70083236694336,11.70485782623291,11.703332901000977,0.004025459289550781,0.0025005340576171875,0.0007624626159667969,0.0032629966735839844,0.0032629966735839844,False,enc_s0,encoder,0,6,0.0020953982796830437,0.0005116302393920099,0.0010222282629304875,0.0011346537018350016,-0.22241407797896814,0.4721269099248763,,,,,,,
rockies_2020-07-27T00:00:00,rockies,local,low_near,t1,precip_trace,precip_only,q850,51.97747747747748,246.3115539507046,1.5402207509396248e-06,2.11,11.70083236694336,11.70485782623291,11.703332901000977,0.004025459289550781,0.0025005340576171875,0.0007624626159667969,0.0032629966735839844,0.0032629966735839844,False,enc_s1,encoder,1,10,0.00175405292538926,0.0013374799804296345,0.0008300890563987196,0.0013268779497593642,-0.3859184986082346,0.4062212514997622,,,,,,,
rockies_2020-07-27T00:00:00,rockies,local,low_near,t1,precip_trace,precip_only,q850,51.97747747747748,246.3115539507046,1.5402207509396248e-06,2.11,11.70083236694336,11.70485782623291,11.703332901000977,0.004025459289550781,0.0025005340576171875,0.0007624626159667969,0.0032629966735839844,0.0032629966735839844,False,enc_s2,encoder,2,8,0.0007734181635896675,0.0006879820430185646,0.00038521816895809025,0.0006223821328603663,-0.4541911073482943,0.38235838939836864,,,,,,,
rockies_2020-07-27T00:00:00,rockies,local,low_near,t1,precip_trace,precip_only,q850,51.97747747747748,246.3115539507046,1.5402207509396248e-06,2.11,11.70083236694336,11.70485782623291,11.703332901000977,0.004025459289550781,0.0025005340576171875,0.0007624626159667969,0.0032629966735839844,0.0032629966735839844,False,dec_s0,decoder,0,8,0.0012155372533015907,0.0011378939598216675,0.0006062863176339306,0.0010092632655869238,-0.47709480310301244,0.3755187091592311,,,,,,,
rockies_2020-07-27T00:00:00,rockies,local,low_near,t1,precip_trace,precip_only,q850,51.97747747747748,246.3115539507046,1.5402207509396248e-06,2.11,11.70083236694336,11.70485782623291,11.703332901000977,0.004025459289550781,0.0025005340576171875,0.0007624626159667969,0.0032629966735839844,0.0032629966735839844,False,dec_s1,decoder,1,10,0.002381439635064453,0.002348506520502269,0.0011895357689354568,0.002044109860435128,-0.5080905991010252,0.3680337857296989,,,,,,,
rockies_2020-07-27T00:00:00,rockies,local,low_near,t1,precip_trace,precip_only,q850,51.97747747747748,246.3115539507046,1.5402207509396248e-06,2.11,11.70083236694336,11.70485782623291,11.703332901000977,0.004025459289550781,0.0025005340576171875,0.0007624626159667969,0.0032629966735839844,0.0032629966735839844,False,dec_s2,decoder,2,6,0.006591538122544686,0.006240290434410174,0.0032812658076485,0.005516168661415577,-0.5053015822859914,0.37297754387072063,,,,,,,
rockies_2020-07-27T00:00:00,rockies,local,low_near,t1,q850_trace,precip_only,q850,51.97747747747748,246.3115539507046,1.5402207509396248e-06,,11.70083236694336,11.70181655883789,11.703300476074219,0.00098419189453125,0.002468109130859375,-0.0007419586181640625,0.0017261505126953125,0.0017261505126953125,False,enc_s0,encoder,0,6,0.0064050025927523775,0.006363715898866455,0.006139757266889016,0.0017454562863955896,0.857907188810135,0.7776153926951067,1.0,850,0.0,0.0,0.9999998852906345,0.9999998852906345,0.0
rockies_2020-07-27T00:00:00,rockies,local,low_near,t1,q850_trace,precip_only,q850,51.97747747747748,246.3115539507046,1.5402207509396248e-06,,11.70083236694336,11.70181655883789,11.703300476074219,0.00098419189453125,0.002468109130859375,-0.0007419586181640625,0.0017261505126953125,0.0017261505126953125,False,enc_s1,encoder,1,10,0.004402424162253738,0.003726652171462774,0.0035941693466156723,0.001870323542971164,0.6299040680058482,0.6775570154205152,1.0,850,0.0,0.0,0.9999998852906345,0.9999998852906345,0.0
rockies_2020-07-27T00:00:00,rockies,local,low_near,t1,q850_trace,precip_only,q850,51.97747747747748,246.3115539507046,1.5402207509396248e-06,,11.70083236694336,11.70181655883789,11.703300476074219,0.00098419189453125,0.002468109130859375,-0.0007419586181640625,0.0017261505126953125,0.0017261505126953125,False,enc_s2,encoder,2,8,0.0021182844939175993,0.0016545391117688268,0.0016554085887037218,0.0009336982548120432,0.5517646031489823,0.6394566647049456,1.0,850,0.0,0.0,0.9999998852906345,0.9999998852906345,0.0
rockies_2020-07-27T00:00:00,rockies,local,low_near,t1,q850_trace,precip_only,q850,51.97747747747748,246.3115539507046,1.5402207509396248e-06,,11.70083236694336,11.70181655883789,11.703300476074219,0.00098419189453125,0.002468109130859375,-0.0007419586181640625,0.0017261505126953125,0.0017261505126953125,False,dec_s0,decoder,0,8,0.0030814344936516136,0.0022488979011541232,0.00227733570500277,0.0014445019623963162,0.4694783720888759,0.6130660322268349,1.0,850,0.0,0.0,0.9999998852906345,0.9999998852906345,0.0
rockies_2020-07-27T00:00:00,rockies,local,low_near,t1,q850_trace,precip_only,q850,51.97747747747748,246.3115539507046,1.5402207509396248e-06,,11.70083236694336,11.70181655883789,11.703300476074219,0.00098419189453125,0.002468109130859375,-0.0007419586181640625,0.0017261505126953125,0.0017261505126953125,False,dec_s1,decoder,1,10,0.003695254516787827,0.003332667471840978,0.0026687997509725393,0.0022929883096367122,0.16645790663237692,0.5389649850266791,1.0,850,0.0,0.0,0.9999998852906345,0.9999998852906345,0.0
rockies_2020-07-27T00:00:00,rockies,local,low_near,t1,q850_trace,precip_only,q850,51.97747747747748,246.3115539507046,1.5402207509396248e-06,,11.70083236694336,11.70181655883789,11.703300476074219,0.00098419189453125,0.002468109130859375,-0.0007419586181640625,0.0017261505126953125,0.0017261505126953125,False,dec_s2,decoder,2,6,0.01193868617216746,0.012624548592915138,0.010507397198428711,0.006368051593502362,0.5534535047671264,0.6226276609645135,1.0,850,0.0,0.0,0.9999998852906345,0.9999998852906345,0.0
rockies_2020-07-27T00:00:00,rockies,synoptic,hotspot,t1,precip_trace,precip_only,q850,41.97747747747748,256.3115539507046,0.00018256761541124433,2.11,11.70083236694336,11.742781639099121,11.704842567443848,0.04194927215576172,0.004010200500488281,0.01896953582763672,0.022979736328125,0.022979736328125,False,enc_s0,encoder,0,6,0.004434076060230534,0.0006128397944848984,0.002208069975798329,0.0022709768187875548,-0.10019039684633223,0.49226428179425347,,,,,,,
rockies_2020-07-27T00:00:00,rockies,synoptic,hotspot,t1,precip_trace,precip_only,q850,41.97747747747748,256.3115539507046,0.00018256761541124433,2.11,11.70083236694336,11.742781639099121,11.704842567443848,0.04194927215576172,0.004010200500488281,0.01896953582763672,0.022979736328125,0.022979736328125,False,enc_s1,encoder,1,10,0.002796537312678993,0.0016502056329045444,0.0013696282403543591,0.0018652731785550713,-0.2905744368527782,0.43733785986576573,,,,,,,
rockies_2020-07-27T00:00:00,rockies,synoptic,hotspot,t1,precip_trace,precip_only,q850,41.97747747747748,256.3115539507046,0.00018256761541124433,2.11,11.70083236694336,11.742781639099121,11.704842567443848,0.04194927215576172,0.004010200500488281,0.01896953582763672,0.022979736328125,0.022979736328125,False,enc_s2,encoder,2,8,0.0011146307806484401,0.0008273878411273472,0.0005573080270551145,0.0008080337647697888,-0.37710016398182133,0.40823354138771184,,,,,,,
rockies_2020-07-27T00:00:00,rockies,synoptic,hotspot,t1,precip_trace,precip_only,q850,41.97747747747748,256.3115539507046,0.00018256761541124433,2.11,11.70083236694336,11.742781639099121,11.704842567443848,0.04194927215576172,0.004010200500488281,0.01896953582763672,0.022979736328125,0.022979736328125,False,dec_s0,decoder,0,8,0.001575621819938533,0.0012702719322987832,0.0007876888630562462,0.0011949144973186776,-0.40900040970757046,0.3977095594212214,,,,,,,
rockies_2020-07-27T00:00:00,rockies,synoptic,hotspot,t1,precip_trace,precip_only,q850,41.97747747747748,256.3115539507046,0.00018256761541124433,2.11,11.70083236694336,11.742781639099121,11.704842567443848,0.04194927215576172,0.004010200500488281,0.01896953582763672,0.022979736328125,0.022979736328125,False,dec_s1,decoder,1,10,0.002584724745247513,0.0024136110791005195,0.0012920967652462422,0.002140958118252456,-0.48075721412735783,0.37666901915085915,,,,,,,
rockies_2020-07-27T00:00:00,rockies,synoptic,hotspot,t1,precip_trace,precip_only,q850,41.97747747747748,256.3115539507046,0.00018256761541124433,2.11,11.70083236694336,11.742781639099121,11.704842567443848,0.04194927215576172,0.004010200500488281,0.01896953582763672,0.022979736328125,0.022979736328125,False,dec_s2,decoder,2,6,0.008343390732382735,0.006380943891902764,0.004163575009442866,0.006151320179924369,-0.41245231580541164,0.4034407502092336,,,,,,,
rockies_2020-07-27T00:00:00,rockies,synoptic,hotspot,t1,q850_trace,precip_only,q850,41.97747747747748,256.3115539507046,0.00018256761541124433,,11.70083236694336,12.940604209899902,10.318571090698242,1.239771842956543,-1.3822612762451172,1.31101655960083,-0.07124471664428711,1.31101655960083,True,enc_s0,encoder,0,6,0.012702537079652151,0.012579760669420162,0.012250136584043503,0.0031120062728102007,0.8816511324097057,0.7965574436624876,1.0,850,0.0,0.0035080417397508694,1.0,0.9972586704138106,0.002741329586189406
rockies_2020-07-27T00:00:00,rockies,synoptic,hotspot,t1,q850_trace,precip_only,q850,41.97747747747748,256.3115539507046,0.00018256761541124433,,11.70083236694336,12.940604209899902,10.318571090698242,1.239771842956543,-1.3822612762451172,1.31101655960083,-0.07124471664428711,1.31101655960083,True,enc_s1,encoder,1,10,0.00873741451650858,0.007498655095696449,0.007503816392272711,0.0031213488895446063,0.7445335632387685,0.7175721842614335,1.0,850,0.0,0.0035080417397508694,1.0,0.9972586704138106,0.002741329586189406
rockies_2020-07-27T00:00:00,rockies,synoptic,hotspot,t1,q850_trace,precip_only,q850,41.97747747747748,256.3115539507046,0.00018256761541124433,,11.70083236694336,12.940604209899902,10.318571090698242,1.239771842956543,-1.3822612762451172,1.31101655960083,-0.07124471664428711,1.31101655960083,True,enc_s2,encoder,2,8,0.004038246639538556,0.003256447147578001,0.0033212378330063075,0.0015573446144117042,0.6752122725959767,0.6808093326189508,1.0,850,0.0,0.0035080417397508694,1.0,0.9972586704138106,0.002741329586189406
rockies_2020-07-27T00:00:00,rockies,synoptic,hotspot,t1,q850_trace,precip_only,q850,41.97747747747748,256.3115539507046,0.00018256761541124433,,11.70083236694336,12.940604209899902,10.318571090698242,1.239771842956543,-1.3822612762451172,1.31101655960083,-0.07124471664428711,1.31101655960083,True,dec_s0,decoder,0,8,0.0055637836921960115,0.004464743105927482,0.004550181358354166,0.0021771556057501584,0.66793846500491,0.6767279423274872,1.0,850,0.0,0.0035080417397508694,1.0,0.9972586704138106,0.002741329586189406
rockies_2020-07-27T00:00:00,rockies,synoptic,hotspot,t1,q850_trace,precip_only,q850,41.97747747747748,256.3115539507046,0.00018256761541124433,,11.70083236694336,12.940604209899902,10.318571090698242,1.239771842956543,-1.3822612762451172,1.31101655960083,-0.07124471664428711,1.31101655960083,True,dec_s1,decoder,1,10,0.006948781968094409,0.006176071614027024,0.0057112449314445255,0.003254994412418455,0.5618828788070471,0.6382398740986414,1.0,850,0.0,0.0035080417397508694,1.0,0.9972586704138106,0.002741329586189406
rockies_2020-07-27T00:00:00,rockies,synoptic,hotspot,t1,q850_trace,precip_only,q850,41.97747747747748,256.3115539507046,0.00018256761541124433,,11.70083236694336,12.940604209899902,10.318571090698242,1.239771842956543,-1.3822612762451172,1.31101655960083,-0.07124471664428711,1.31101655960083,True,dec_s2,decoder,2,6,0.025320533973475296,0.023211121869583923,0.02197087152550618,0.010354096535593271,0.6993891513367462,0.6798217008341655,1.0,850,0.0,0.0035080417397508694,1.0,0.9972586704138106,0.002741329586189406
rockies_2020-07-27T00:00:00,rockies,synoptic,low_near,t1,precip_trace,precip_only,q850,56.97747747747748,256.3115539507046,1.340857761533698e-05,2.11,11.70083236694336,11.701818466186523,11.702130317687988,0.0009860992431640625,0.0012979507446289062,-0.00015592575073242188,0.0011420249938964844,0.0011420249938964844,False,enc_s0,encoder,0,6,0.005107382545247674,0.0006437719372722009,0.0025448485976085067,0.0026062473577136793,-0.09261921262111916,0.49338970192997245,,,,,,,
rockies_2020-07-27T00:00:00,rockies,synoptic,low_near,t1,precip_trace,precip_only,q850,56.97747747747748,256.3115539507046,1.340857761533698e-05,2.11,11.70083236694336,11.701818466186523,11.702130317687988,0.0009860992431640625,0.0012979507446289062,-0.00015592575073242188,0.0011420249938964844,0.0011420249938964844,False,enc_s1,encoder,1,10,0.0033124298090115188,0.0016890274884644896,0.0016283459728583694,0.0020932330866344274,-0.25741089983706444,0.4477821510322114,,,,,,,
rockies_2020-07-27T00:00:00,rockies,synoptic,low_near,t1,precip_trace,precip_only,q850,56.97747747747748,256.3115539507046,1.340857761533698e-05,2.11,11.70083236694336,11.701818466186523,11.702130317687988,0.0009860992431640625,0.0012979507446289062,-0.00015592575073242188,0.0011420249938964844,0.0011420249938964844,False,enc_s2,encoder,2,8,0.001245968567673117,0.0008226091304095462,0.000622243620455265,0.0008528871767339297,-0.3364554572239638,0.42187599096271144,,,,,,,
rockies_2020-07-27T00:00:00,rockies,synoptic,low_near,t1,precip_trace,precip_only,q850,56.97747747747748,256.3115539507046,1.340857761533698e-05,2.11,11.70083236694336,11.701818466186523,11.702130317687988,0.0009860992431640625,0.0012979507446289062,-0.00015592575073242188,0.0011420249938964844,0.0011420249938964844,False,dec_s0,decoder,0,8,0.001715555103146471,0.0012628709446289577,0.0008569309793529101,0.0012389565235935152,-0.37495978915389583,0.4093289362582052,,,,,,,
rockies_2020-07-27T00:00:00,rockies,synoptic,low_near,t1,precip_trace,precip_only,q850,56.97747747747748,256.3115539507046,1.340857761533698e-05,2.11,11.70083236694336,11.701818466186523,11.702130317687988,0.0009860992431640625,0.0012979507446289062,-0.00015592575073242188,0.0011420249938964844,0.0011420249938964844,False,dec_s1,decoder,1,10,0.0026572786853648724,0.0024054337642155587,0.0013273758755531161,0.0021591648925095796,-0.4663804930332597,0.3814668972086421,,,,,,,
rockies_2020-07-27T00:00:00,rockies,synoptic,low_near,t1,precip_trace,precip_only,q850,56.97747747747748,256.3115539507046,1.340857761533698e-05,2.11,11.70083236694336,11.701818466186523,11.702130317687988,0.0009860992431640625,0.0012979507446289062,-0.00015592575073242188,0.0011420249938964844,0.0011420249938964844,False,dec_s2,decoder,2,6,0.009329178215314945,0.0063665796381731825,0.0046597018372267485,0.006490473402664065,-0.37271905660546706,0.4172018130168474,,,,,,,
rockies_2020-07-27T00:00:00,rockies,synoptic,low_near,t1,q850_trace,precip_only,q850,56.97747747747748,256.3115539507046,1.340857761533698e-05,,11.70083236694336,11.72111988067627,11.674829483032227,0.020287513732910156,-0.026002883911132812,0.023145198822021484,-0.002857685089111328,0.023145198822021484,True,enc_s0,encoder,0,6,0.018946867746611435,0.017391531417767208,0.017429761588573456,0.005172886963312824,0.8408760496023676,0.7699933002802929,1.0,850,0.0,0.0,0.9999999295229791,0.9999999295229791,0.0
rockies_2020-07-27T00:00:00,rockies,synoptic,low_near,t1,q850_trace,precip_only,q850,56.97747747747748,256.3115539507046,1.340857761533698e-05,,11.70083236694336,11.72111988067627,11.674829483032227,0.020287513732910156,-0.026002883911132812,0.023145198822021484,-0.002857685089111328,0.023145198822021484,True,enc_s1,encoder,1,10,0.014839243516325951,0.010287247505038977,0.011095674894750118,0.006305788783356548,0.5773287873852615,0.6457806774121537,1.0,850,0.0,0.0,0.9999999295229791,0.9999999295229791,0.0
rockies_2020-07-27T00:00:00,rockies,synoptic,low_near,t1,q850_trace,precip_only,q850,56.97747747747748,256.3115539507046,1.340857761533698e-05,,11.70083236694336,11.72111988067627,11.674829483032227,0.020287513732910156,-0.026002883911132812,0.023145198822021484,-0.002857685089111328,0.023145198822021484,True,enc_s2,encoder,2,8,0.006704679632093757,0.004241794580593705,0.004818852758035064,0.0028726236487273127,0.5385712923547374,0.6265908484474366,1.0,850,0.0,0.0,0.9999999295229791,0.9999999295229791,0.0
rockies_2020-07-27T00:00:00,rockies,synoptic,low_near,t1,q850_trace,precip_only,q850,56.97747747747748,256.3115539507046,1.340857761533698e-05,,11.70083236694336,11.72111988067627,11.674829483032227,0.020287513732910156,-0.026002883911132812,0.023145198822021484,-0.002857685089111328,0.023145198822021484,True,dec_s0,decoder,0,8,0.00989708979614079,0.005402322334703058,0.006740419950801879,0.004258988512447104,0.5247475448188745,0.6129465189472991,1.0,850,0.0,0.0,0.9999999295229791,0.9999999295229791,0.0
rockies_2020-07-27T00:00:00,rockies,synoptic,low_near,t1,q850_trace,precip_only,q850,56.97747747747748,256.3115539507046,1.340857761533698e-05,,11.70083236694336,11.72111988067627,11.674829483032227,0.020287513732910156,-0.026002883911132812,0.023145198822021484,-0.002857685089111328,0.023145198822021484,True,dec_s1,decoder,1,10,0.009118330106139183,0.0074253347236663105,0.007081777649000287,0.004355147667229176,0.5119834196106521,0.6226777530217663,1.0,850,0.0,0.0,0.9999999295229791,0.9999999295229791,0.0
rockies_2020-07-27T00:00:00,rockies,synoptic,low_near,t1,q850_trace,precip_only,q850,56.97747747747748,256.3115539507046,1.340857761533698e-05,,11.70083236694336,11.72111988067627,11.674829483032227,0.020287513732910156,-0.026002883911132812,0.023145198822021484,-0.002857685089111328,0.023145198822021484,True,dec_s2,decoder,2,6,0.031193864531815052,0.03107934103657802,0.028217918549974758,0.013157116870085398,0.6855742642727553,0.6822895560788846,1.0,850,0.0,0.0,0.9999999295229791,0.9999999295229791,0.0
sahara_plain_2020-09-01T06:00:00,sahara_plain,local,hotspot,t1,precip_trace,precip_only,q850,29.47747747747748,351.12262293728037,9.714221232570708e-05,2.11,11.912124633789062,11.96142864227295,11.911764144897461,0.04930400848388672,-0.0003604888916015625,0.02483224868774414,0.024471759796142578,0.02483224868774414,True,enc_s0,encoder,0,6,0.0017628459415088098,0.00048635944646472734,0.0008511151051303992,0.0009758056160838654,-0.26282667566172896,0.46361254804534885,,,,,,,
sahara_plain_2020-09-01T06:00:00,sahara_plain,local,hotspot,t1,precip_trace,precip_only,q850,29.47747747747748,351.12262293728037,9.714221232570708e-05,2.11,11.912124633789062,11.96142864227295,11.911764144897461,0.04930400848388672,-0.0003604888916015625,0.02483224868774414,0.024471759796142578,0.02483224868774414,True,enc_s1,encoder,1,10,0.00169098898768425,0.0012894274113932624,0.0008030821394640952,0.0012795228045433759,-0.375160310781369,0.4098461720386277,,,,,,,
sahara_plain_2020-09-01T06:00:00,sahara_plain,local,hotspot,t1,precip_trace,precip_only,q850,29.47747747747748,351.12262293728037,9.714221232570708e-05,2.11,11.912124633789062,11.96142864227295,11.911764144897461,0.04930400848388672,-0.0003604888916015625,0.02483224868774414,0.024471759796142578,0.02483224868774414,True,enc_s2,encoder,2,8,0.0008287785312859342,0.0007368997321464121,0.0004132776339247357,0.000666446125251241,-0.45346477368416793,0.3827391780641013,,,,,,,
sahara_plain_2020-09-01T06:00:00,sahara_plain,local,hotspot,t1,precip_trace,precip_only,q850,29.47747747747748,351.12262293728037,9.714221232570708e-05,2.11,11.912124633789062,11.96142864227295,11.911764144897461,0.04930400848388672,-0.0003604888916015625,0.02483224868774414,0.024471759796142578,0.02483224868774414,True,dec_s0,decoder,0,8,0.0015070138324517757,0.0013639597527799197,0.0007525539622292854,0.0012245245525264181,-0.45987736405596136,0.3809403093741378,,,,,,,
sahara_plain_2020-09-01T06:00:00,sahara_plain,local,hotspot,t1,precip_trace,precip_only,q850,29.47747747747748,351.12262293728037,9.714221232570708e-05,2.11,11.912124633789062,11.96142864227295,11.911764144897461,0.04930400848388672,-0.0003604888916015625,0.02483224868774414,0.024471759796142578,0.02483224868774414,True,dec_s1,decoder,1,10,0.002515618340112269,0.0024466570932418106,0.0012565825425554066,0.002139682287815958,-0.5015623408087008,0.36995885779568993,,,,,,,
sahara_plain_2020-09-01T06:00:00,sahara_plain,local,hotspot,t1,precip_trace,precip_only,q850,29.47747747747748,351.12262293728037,9.714221232570708e-05,2.11,11.912124633789062,11.96142864227295,11.911764144897461,0.04930400848388672,-0.0003604888916015625,0.02483224868774414,0.024471759796142578,0.02483224868774414,True,dec_s2,decoder,2,6,0.00694452621974051,0.006289085218062003,0.0034596070957680545,0.005650076161449154,-0.4832942213999086,0.37966338326167787,,,,,,,
sahara_plain_2020-09-01T06:00:00,sahara_plain,local,hotspot,t1,q850_trace,precip_only,q850,29.47747747747748,351.12262293728037,9.714221232570708e-05,,11.912124633789062,13.378445625305176,10.217576026916504,1.4663209915161133,-1.6945486068725586,1.580434799194336,-0.11411380767822266,1.580434799194336,True,enc_s0,encoder,0,6,0.004783430990452568,0.0044700690389921265,0.004478062503039837,0.0011717627057805657,0.8855987615384775,0.7918033622959261,1.0,850,0.0,0.00060156406657309,0.9999999189408947,0.9999940826853131,5.836256054710361e-06
sahara_plain_2020-09-01T06:00:00,sahara_plain,local,hotspot,t1,q850_trace,precip_only,q850,29.47747747747748,351.12262293728037,9.714221232570708e-05,,11.912124633789062,13.378445625305176,10.217576026916504,1.4663209915161133,-1.6945486068725586,1.580434799194336,-0.11411380767822266,1.580434799194336,True,enc_s1,encoder,1,10,0.0035323824035003782,0.002654146868735552,0.002586149820126593,0.0016775085474364459,0.516132958242843,0.6433368892327875,1.0,850,0.0,0.00060156406657309,0.9999999189408947,0.9999940826853131,5.836256054710361e-06
sahara_plain_2020-09-01T06:00:00,sahara_plain,local,hotspot,t1,q850_trace,precip_only,q850,29.47747747747748,351.12262293728037,9.714221232570708e-05,,11.912124633789062,13.378445625305176,10.217576026916504,1.4663209915161133,-1.6945486068725586,1.580434799194336,-0.11411380767822266,1.580434799194336,True,enc_s2,encoder,2,8,0.002082563631120138,0.001335102686425671,0.001438409584807232,0.0009953736007446423,0.398711693216141,0.5910109009836109,1.0,850,0.0,0.00060156406657309,0.9999999189408947,0.9999940826853131,5.836256054710361e-06
sahara_plain_2020-09-01T06:00:00,sahara_plain,local,hotspot,t1,q850_trace,precip_only,q850,29.47747747747748,351.12262293728037,9.714221232570708e-05,,11.912124633789062,13.378445625305176,10.217576026916504,1.4663209915161133,-1.6945486068725586,1.580434799194336,-0.11411380767822266,1.580434799194336,True,dec_s0,decoder,0,8,0.0032633333757985383,0.0021227665129117668,0.0022077053581597283,0.0016435735014965758,0.3267546707240878,0.5743048895238054,1.0,850,0.0,0.00060156406657309,0.9999999189408947,0.9999940826853131,5.836256054710361e-06
sahara_plain_2020-09-01T06:00:00,sahara_plain,local,hotspot,t1,q850_trace,precip_only,q850,29.47747747747748,351.12262293728037,9.714221232570708e-05,,11.912124633789062,13.378445625305176,10.217576026916504,1.4663209915161133,-1.6945486068725586,1.580434799194336,-0.11411380767822266,1.580434799194336,True,dec_s1,decoder,1,10,0.004478876269422472,0.0031277355970814823,0.002879530913196504,0.0025752598652616144,0.10700677573226472,0.5239304496525283,1.0,850,0.0,0.00060156406657309,0.9999999189408947,0.9999940826853131,5.836256054710361e-06
sahara_plain_2020-09-01T06:00:00,sahara_plain,local,hotspot,t1,q850_trace,precip_only,q850,29.47747747747748,351.12262293728037,9.714221232570708e-05,,11.912124633789062,13.378445625305176,10.217576026916504,1.4663209915161133,-1.6945486068725586,1.580434799194336,-0.11411380767822266,1.580434799194336,True,dec_s2,decoder,2,6,0.016667219810187817,0.010371744011839231,0.0112378493261834,0.008148316371565064,0.3966808437233141,0.5797758841122492,1.0,850,0.0,0.00060156406657309,0.9999999189408947,0.9999940826853131,5.836256054710361e-06
sahara_plain_2020-09-01T06:00:00,sahara_plain,local,low_near,t1,precip_trace,precip_only,q850,39.47747747747748,338.62262293728037,2.8684119115496287e-06,2.11,11.912124633789062,11.91511344909668,11.913409233093262,0.0029888153076171875,0.0012845993041992188,0.0008521080017089844,0.002136707305908203,0.002136707305908203,False,enc_s0,encoder,0,6,0.0018427349859848619,0.0004965548141626641,0.0008919801427206645,0.0010154392997113366,-0.2544713616537638,0.46510576388079267,,,,,,,
sahara_plain_2020-09-01T06:00:00,sahara_plain,local,low_near,t1,precip_trace,precip_only,q850,39.47747747747748,338.62262293728037,2.8684119115496287e-06,2.11,11.912124633789062,11.91511344909668,11.913409233093262,0.0029888153076171875,0.0012845993041992188,0.0008521080017089844,0.002136707305908203,0.002136707305908203,False,enc_s1,encoder,1,10,0.001733541628345847,0.0013059752993285656,0.0008252954285126179,0.0013019147154409438,-0.3724621708122469,0.4107551153276744,,,,,,,
sahara_plain_2020-09-01T06:00:00,sahara_plain,local,low_near,t1,precip_trace,precip_only,q850,39.47747747747748,338.62262293728037,2.8684119115496287e-06,2.11,11.912124633789062,11.91511344909668,11.913409233093262,0.0029888153076171875,0.0012845993041992188,0.0008521080017089844,0.002136707305908203,0.002136707305908203,False,enc_s2,encoder,2,8,0.0008666611538501456,0.0007329346481128596,0.0004325926202000119,0.0006760424003005028,-0.43002614838600944,0.39032004493271594,,,,,,,
sahara_plain_2020-09-01T06:00:00,sahara_plain,local,low_near,t1,precip_trace,precip_only,q850,39.47747747747748,338.62262293728037,2.8684119115496287e-06,2.11,11.912124633789062,11.91511344909668,11.913409233093262,0.0029888153076171875,0.0012845993041992188,0.0008521080017089844,0.002136707305908203,0.002136707305908203,False,dec_s0,decoder,0,8,0.0014703811903018504,0.0013539703941205516,0.0007338449868257158,0.0012079752777935937,-0.46837094234331644,0.3783726160499563,,,,,,,
sahara_plain_2020-09-01T06:00:00,sahara_plain,local,low_near,t1,precip_trace,precip_only,q850,39.47747747747748,338.62262293728037,2.8684119115496287e-06,2.11,11.912124633789062,11.91511344909668,11.913409233093262,0.0029888153076171875,0.0012845993041992188,0.0008521080017089844,0.002136707305908203,0.002136707305908203,False,dec_s1,decoder,1,10,0.0025284096598625185,0.0024416091735474767,0.0012627084041014313,0.0021407363237813115,-0.4978592307989591,0.3712403760765297,,,,,,,
sahara_plain_2020-09-01T06:00:00,sahara_plain,local,low_near,t1,precip_trace,precip_only,q850,39.47747747747748,338.62262293728037,2.8684119115496287e-06,2.11,11.912124633789062,11.91511344909668,11.913409233093262,0.0029888153076171875,0.0012845993041992188,0.0008521080017089844,0.002136707305908203,0.002136707305908203,False,dec_s2,decoder,2,6,0.006687166014065345,0.006285457173362374,0.0033306449574107924,0.005569570853064458,-0.5015312994442446,0.37416899708168455,,,,,,,
sahara_plain_2020-09-01T06:00:00,sahara_plain,local,low_near,t1,q850_trace,precip_only,q850,39.47747747747748,338.62262293728037,2.8684119115496287e-06,,11.912124633789062,11.9110107421875,11.9150972366333,-0.0011138916015625,0.0029726028442382812,-0.0020432472229003906,0.0009293556213378906,0.0020432472229003906,True,enc_s0,encoder,0,6,0.004869274018953244,0.0046788526233285666,0.004619140721236666,0.001209873512076835,0.8849860789830796,0.7920128354535484,1.0,850,0.0,0.07453416149068323,1.0,0.8502438735502849,0.14975612644971514
sahara_plain_2020-09-01T06:00:00,sahara_plain,local,low_near,t1,q850_trace,precip_only,q850,39.47747747747748,338.62262293728037,2.8684119115496287e-06,,11.912124633789062,11.9110107421875,11.9150972366333,-0.0011138916015625,0.0029726028442382812,-0.0020432472229003906,0.0009293556213378906,0.0020432472229003906,True,enc_s1,encoder,1,10,0.0029256919398903845,0.0027197577292099595,0.0023579529486596586,0.001466744573554024,0.5219788700902407,0.6488037245367456,1.0,850,0.0,0.07453416149068323,1.0,0.8502438735502849,0.14975612644971514
sahara_plain_2020-09-01T06:00:00,sahara_plain,local,low_near,t1,q850_trace,precip_only,q850,39.47747747747748,338.62262293728037,2.8684119115496287e-06,,11.912124633789062,11.9110107421875,11.9150972366333,-0.0011138916015625,0.0029726028442382812,-0.0020432472229003906,0.0009293556213378906,0.0020432472229003906,True,enc_s2,encoder,2,8,0.0014730766852153465,0.0013593529001809657,0.0011993338994216174,0.0007550887748948298,0.4471439477741671,0.6139081381778753,1.0,850,0.0,0.07453416149068323,1.0,0.8502438735502849,0.14975612644971514
sahara_plain_2020-09-01T06:00:00,sahara_plain,local,low_near,t1,q850_trace,precip_only,q850,39.47747747747748,338.62262293728037,2.8684119115496287e-06,,11.912124633789062,11.9110107421875,11.9150972366333,-0.0011138916015625,0.0029726028442382812,-0.0020432472229003906,0.0009293556213378906,0.0020432472229003906,True,dec_s0,decoder,0,8,0.002056993340374902,0.0019280871783848852,0.0015302485262509435,0.0012755847637890838,0.19395036941978827,0.5475803360659588,1.0,850,0.0,0.07453416149068323,1.0,0.8502438735502849,0.14975612644971514
sahara_plain_2020-09-01T06:00:00,sahara_plain,local,low_near,t1,q850_trace,precip_only,q850,39.47747747747748,338.62262293728037,2.8684119115496287e-06,,11.912124633789062,11.9110107421875,11.9150972366333,-0.0011138916015625,0.0029726028442382812,-0.0020432472229003906,0.0009293556213378906,0.0020432472229003906,True,dec_s1,decoder,1,10,0.0032914484036155045,0.003094847162719816,0.002309401228558272,0.0022065693396143616,0.04363344556455857,0.5102362717685531,1.0,850,0.0,0.07453416149068323,1.0,0.8502438735502849,0.14975612644971514
sahara_plain_2020-09-01T06:00:00,sahara_plain,local,low_near,t1,q850_trace,precip_only,q850,39.47747747747748,338.62262293728037,2.8684119115496287e-06,,11.912124633789062,11.9110107421875,11.9150972366333,-0.0011138916015625,0.0029726028442382812,-0.0020432472229003906,0.0009293556213378906,0.0020432472229003906,True,dec_s2,decoder,2,6,0.01230720275392135,0.01099774024138848,0.01006876165047288,0.0059015690349042416,0.5849070590425572,0.6302737115313021,1.0,850,0.0,0.07453416149068323,1.0,0.8502438735502849,0.14975612644971514
sahara_plain_2020-09-01T06:00:00,sahara_plain,synoptic,hotspot,t1,precip_trace,precip_only,q850,31.97747747747748,351.12262293728037,0.00018687859119381756,2.11,11.912124633789062,11.970222473144531,11.912508964538574,0.05809783935546875,0.00038433074951171875,0.028856754302978516,0.029241085052490234,0.029241085052490234,False,enc_s0,encoder,0,6,0.004055177288440366,0.0005899136109898487,0.002014758666822066,0.0020859851695907614,-0.11843576965829067,0.49042143700961754,,,,,,,
sahara_plain_2020-09-01T06:00:00,sahara_plain,synoptic,hotspot,t1,precip_trace,precip_only,q850,31.97747747747748,351.12262293728037,0.00018687859119381756,2.11,11.912124633789062,11.970222473144531,11.912508964538574,0.05809783935546875,0.00038433074951171875,0.028856754302978516,0.029241085052490234,0.029241085052490234,False,enc_s1,encoder,1,10,0.0028139158384874463,0.0016097607731353492,0.0013766370830126107,0.0018567468738183378,-0.28393090823469713,0.43972827416444815,,,,,,,
sahara_plain_2020-09-01T06:00:00,sahara_plain,synoptic,hotspot,t1,precip_trace,precip_only,q850,31.97747747747748,351.12262293728037,0.00018687859119381756,2.11,11.912124633789062,11.970222473144531,11.912508964538574,0.05809783935546875,0.00038433074951171875,0.028856754302978516,0.029241085052490234,0.029241085052490234,False,enc_s2,encoder,2,8,0.0012001441791653633,0.0008631676319055259,0.0006003375310683623,0.0008557501423638314,-0.36477094724025566,0.41233805355822867,,,,,,,
sahara_plain_2020-09-01T06:00:00,sahara_plain,synoptic,hotspot,t1,precip_trace,precip_only,q850,31.97747747747748,351.12262293728037,0.00018687859119381756,2.11,11.912124633789062,11.970222473144531,11.912508964538574,0.05809783935546875,0.00038433074951171875,0.028856754302978516,0.029241085052490234,0.029241085052490234,False,dec_s0,decoder,0,8,0.0019296853570267558,0.001477136174798943,0.0009651639993535355,0.0014218230353435501,-0.3875271841897458,0.40483256551837676,,,,,,,
sahara_plain_2020-09-01T06:00:00,sahara_plain,synoptic,hotspot,t1,precip_trace,precip_only,q850,31.97747747747748,351.12262293728037,0.00018687859119381756,2.11,11.912124633789062,11.970222473144531,11.912508964538574,0.05809783935546875,0.00038433074951171875,0.028856754302978516,0.029241085052490234,0.029241085052490234,False,dec_s1,decoder,1,10,0.002759383188094944,0.002500260481610894,0.0013797919207718223,0.0022425467730499806,-0.46645276572037797,0.3812065644781375,,,,,,,
sahara_plain_2020-09-01T06:00:00,sahara_plain,synoptic,hotspot,t1,precip_trace,precip_only,q850,31.97747747747748,351.12262293728037,0.00018687859119381756,2.11,11.912124633789062,11.970222473144531,11.912508964538574,0.05809783935546875,0.00038433074951171875,0.028856754302978516,0.029241085052490234,0.029241085052490234,False,dec_s2,decoder,2,6,0.008737739874050021,0.006411043461412191,0.004364308784715831,0.00630139474136134,-0.3964311563715515,0.40873241907026764,,,,,,,
sahara_plain_2020-09-01T06:00:00,sahara_plain,synoptic,hotspot,t1,q850_trace,precip_only,q850,31.97747747747748,351.12262293728037,0.00018687859119381756,,11.912124633789062,13.474516868591309,10.070348739624023,1.562392234802246,-1.841775894165039,1.7020840644836426,-0.13969182968139648,1.7020840644836426,True,enc_s0,encoder,0,6,0.01171915465965867,0.010896829888224602,0.010924947448074818,0.002945893599341313,0.8713637653087943,0.7872036086293512,1.0,850,0.0,0.032484486792580786,1.0,0.9184410132512141,0.08155898674878596
sahara_plain_2020-09-01T06:00:00,sahara_plain,synoptic,hotspot,t1,q850_trace,precip_only,q850,31.97747747747748,351.12262293728037,0.00018687859119381756,,11.912124633789062,13.474516868591309,10.070348739624023,1.562392234802246,-1.841775894165039,1.7020840644836426,-0.13969182968139648,1.7020840644836426,True,enc_s1,encoder,1,10,0.006460485514253378,0.00566316032782197,0.005396768637001515,0.0026750286924652755,0.6534779727137587,0.6885460908230411,1.0,850,0.0,0.032484486792580786,1.0,0.9184410132512141,0.08155898674878596
sahara_plain_2020-09-01T06:00:00,sahara_plain,synoptic,hotspot,t1,q850_trace,precip_only,q850,31.97747747747748,351.12262293728037,0.00018687859119381756,,11.912124633789062,13.474516868591309,10.070348739624023,1.562392234802246,-1.841775894165039,1.7020840644836426,-0.13969182968139648,1.7020840644836426,True,enc_s2,encoder,2,8,0.003491774230496958,0.0026387656398583204,0.0027304805407766253,0.001456821250030771,0.5984430604799809,0.6521677444349328,1.0,850,0.0,0.032484486792580786,1.0,0.9184410132512141,0.08155898674878596
sahara_plain_2020-09-01T06:00:00,sahara_plain,synoptic,hotspot,t1,q850_trace,precip_only,q850,31.97747747747748,351.12262293728037,0.00018687859119381756,,11.912124633789062,13.474516868591309,10.070348739624023,1.562392234802246,-1.841775894165039,1.7020840644836426,-0.13969182968139648,1.7020840644836426,True,dec_s0,decoder,0,8,0.005177073704544455,0.0038966702995821834,0.003999325592303649,0.0022351556399371475,0.565702853369344,0.642026609998847,1.0,850,0.0,0.032484486792580786,1.0,0.9184410132512141,0.08155898674878596
sahara_plain_2020-09-01T06:00:00,sahara_plain,synoptic,hotspot,t1,q850_trace,precip_only,q850,31.97747747747748,351.12262293728037,0.00018687859119381756,,11.912124633789062,13.474516868591309,10.070348739624023,1.562392234802246,-1.841775894165039,1.7020840644836426,-0.13969182968139648,1.7020840644836426,True,dec_s1,decoder,1,10,0.006660633627325297,0.00477042265702039,0.004836048884317279,0.0031923900824040174,0.45094565538438164,0.6037299524317,1.0,850,0.0,0.032484486792580786,1.0,0.9184410132512141,0.08155898674878596
sahara_plain_2020-09-01T06:00:00,sahara_plain,synoptic,hotspot,t1,q850_trace,precip_only,q850,31.97747747747748,351.12262293728037,0.00018687859119381756,,11.912124633789062,13.474516868591309,10.070348739624023,1.562392234802246,-1.841775894165039,1.7020840644836426,-0.13969182968139648,1.7020840644836426,True,dec_s2,decoder,2,6,0.026646173559129238,0.01908149228741725,0.020483012000719707,0.010839220757285753,0.6610011397529078,0.6541513237651193,1.0,850,0.0,0.032484486792580786,1.0,0.9184410132512141,0.08155898674878596
sahara_plain_2020-09-01T06:00:00,sahara_plain,synoptic,low_near,t1,precip_trace,precip_only,q850,46.97747747747748,351.12262293728037,2.2283971702563576e-05,2.11,11.912124633789062,11.91386604309082,11.912760734558105,0.0017414093017578125,0.0006361007690429688,0.0005526542663574219,0.0011887550354003906,0.0011887550354003906,False,enc_s0,encoder,0,6,0.00453304941765964,0.0006109726479432235,0.0022553623809168735,0.0023217772832140326,-0.1061598086827318,0.4919484135214712,,,,,,,
sahara_plain_2020-09-01T06:00:00,sahara_plain,synoptic,low_near,t1,precip_trace,precip_only,q850,46.97747747747748,351.12262293728037,2.2283971702563576e-05,2.11,11.912124633789062,11.91386604309082,11.912760734558105,0.0017414093017578125,0.0006361007690429688,0.0005526542663574219,0.0011887550354003906,0.0011887550354003906,False,enc_s1,encoder,1,10,0.003102852846495807,0.0016130948497448117,0.0015226170886307954,0.001976650988217443,-0.26149007256301277,0.44653412631278844,,,,,,,
sahara_plain_2020-09-01T06:00:00,sahara_plain,synoptic,low_near,t1,precip_trace,precip_only,q850,46.97747747747748,351.12262293728037,2.2283971702563576e-05,2.11,11.912124633789062,11.91386604309082,11.912760734558105,0.0017414093017578125,0.0006361007690429688,0.0005526542663574219,0.0011887550354003906,0.0011887550354003906,False,enc_s2,encoder,2,8,0.001276585680898279,0.0008517426977050491,0.0006375840384862386,0.00087814327707747,-0.3404923303309435,0.42075409603965874,,,,,,,
sahara_plain_2020-09-01T06:00:00,sahara_plain,synoptic,low_near,t1,precip_trace,precip_only,q850,46.97747747747748,351.12262293728037,2.2283971702563576e-05,2.11,11.912124633789062,11.91386604309082,11.912760734558105,0.0017414093017578125,0.0006361007690429688,0.0005526542663574219,0.0011887550354003906,0.0011887550354003906,False,dec_s0,decoder,0,8,0.0019245746661908925,0.0014648428332293406,0.0009610280249034986,0.0014148709597066045,-0.3879073783404705,0.4050948478932326,,,,,,,
sahara_plain_2020-09-01T06:00:00,sahara_plain,synoptic,low_near,t1,precip_trace,precip_only,q850,46.97747747747748,351.12262293728037,2.2283971702563576e-05,2.11,11.912124633789062,11.91386604309082,11.912760734558105,0.0017414093017578125,0.0006361007690429688,0.0005526542663574219,0.0011887550354003906,0.0011887550354003906,False,dec_s1,decoder,1,10,0.0027611429686658084,0.002487816323991865,0.0013802674890030175,0.002236460812855512,-0.4635689195844101,0.38232391051988024,,,,,,,
sahara_plain_2020-09-01T06:00:00,sahara_plain,synoptic,low_near,t1,precip_trace,precip_only,q850,46.97747747747748,351.12262293728037,2.2283971702563576e-05,2.11,11.912124633789062,11.91386604309082,11.912760734558105,0.0017414093017578125,0.0006361007690429688,0.0005526542663574219,0.0011887550354003906,0.0011887550354003906,False,dec_s2,decoder,2,6,0.008947642675290505,0.006382923573255539,0.004467099400547643,0.006364099603767197,-0.3894213494245575,0.4116952221123658,,,,,,,
sahara_plain_2020-09-01T06:00:00,sahara_plain,synoptic,low_near,t1,q850_trace,precip_only,q850,46.97747747747748,351.12262293728037,2.2283971702563576e-05,,11.912124633789062,11.913986206054688,11.888336181640625,0.001861572265625,-0.0237884521484375,0.01282501220703125,-0.01096343994140625,0.01282501220703125,True,enc_s0,encoder,0,6,0.015882691368460655,0.015551470530529818,0.015179605688899755,0.004078822443261743,0.8674856323667948,0.7874358131852447,1.0,850,0.0,0.03154677436961031,1.0,0.9564037378586037,0.04359626214139634
sahara_plain_2020-09-01T06:00:00,sahara_plain,synoptic,low_near,t1,q850_trace,precip_only,q850,46.97747747747748,351.12262293728037,2.2283971702563576e-05,,11.912124633789062,11.913986206054688,11.888336181640625,0.001861572265625,-0.0237884521484375,0.01282501220703125,-0.01096343994140625,0.01282501220703125,True,enc_s1,encoder,1,10,0.010764593072235585,0.00839081434533,0.00842854818329215,0.00460353777743876,0.6004350757605271,0.6619962185003867,1.0,850,0.0,0.03154677436961031,1.0,0.9564037378586037,0.04359626214139634
sahara_plain_2020-09-01T06:00:00,sahara_plain,synoptic,low_near,t1,q850_trace,precip_only,q850,46.97747747747748,351.12262293728037,2.2283971702563576e-05,,11.912124633789062,11.913986206054688,11.888336181640625,0.001861572265625,-0.0237884521484375,0.01282501220703125,-0.01096343994140625,0.01282501220703125,True,enc_s2,encoder,2,8,0.004939354490488768,0.00355554764973931,0.00377732195192948,0.0020618256385205314,0.5874988430733172,0.6470374018113891,1.0,850,0.0,0.03154677436961031,1.0,0.9564037378586037,0.04359626214139634
sahara_plain_2020-09-01T06:00:00,sahara_plain,synoptic,low_near,t1,q850_trace,precip_only,q850,46.97747747747748,351.12262293728037,2.2283971702563576e-05,,11.912124633789062,11.913986206054688,11.888336181640625,0.001861572265625,-0.0237884521484375,0.01282501220703125,-0.01096343994140625,0.01282501220703125,True,dec_s0,decoder,0,8,0.00722577003762126,0.004693582479376346,0.005223846121225506,0.0031355923565570265,0.533988955508801,0.6250147707564511,1.0,850,0.0,0.03154677436961031,1.0,0.9564037378586037,0.04359626214139634
sahara_plain_2020-09-01T06:00:00,sahara_plain,synoptic,low_near,t1,q850_trace,precip_only,q850,46.97747747747748,351.12262293728037,2.2283971702563576e-05,,11.912124633789062,11.913986206054688,11.888336181640625,0.001861572265625,-0.0237884521484375,0.01282501220703125,-0.01096343994140625,0.01282501220703125,True,dec_s1,decoder,1,10,0.007543112244457006,0.006397558865137399,0.006001349864527583,0.0035888106212951243,0.5345966029277279,0.6288217043099598,1.0,850,0.0,0.03154677436961031,1.0,0.9564037378586037,0.04359626214139634
sahara_plain_2020-09-01T06:00:00,sahara_plain,synoptic,low_near,t1,q850_trace,precip_only,q850,46.97747747747748,351.12262293728037,2.2283971702563576e-05,,11.912124633789062,11.913986206054688,11.888336181640625,0.001861572265625,-0.0237884521484375,0.01282501220703125,-0.01096343994140625,0.01282501220703125,True,dec_s2,decoder,2,6,0.028941501552859943,0.0271288575604558,0.026029829867184162,0.010450563703974089,0.7785646723031281,0.7136872770616297,1.0,850,0.0,0.03154677436961031,1.0,0.9564037378586037,0.04359626214139634
ticino_2020-10-03T00:00:00,ticino,local,hotspot,t1,precip_trace,precip_only,q850,46.22747747747748,8.680083446444733,0.00010671580821508542,2.11,6.873339653015137,6.8607378005981445,6.872915744781494,-0.012601852416992188,-0.0004239082336425781,-0.006088972091674805,-0.006512880325317383,0.006512880325317383,False,enc_s0,encoder,0,6,0.0020085310097783804,0.0005091634035731355,0.0009826731111388654,0.0010890734459583957,-0.21285603411484208,0.47261047548720625,,,,,,,
ticino_2020-10-03T00:00:00,ticino,local,hotspot,t1,precip_trace,precip_only,q850,46.22747747747748,8.680083446444733,0.00010671580821508542,2.11,6.873339653015137,6.8607378005981445,6.872915744781494,-0.012601852416992188,-0.0004239082336425781,-0.006088972091674805,-0.006512880325317383,0.006512880325317383,False,enc_s1,encoder,1,10,0.0016963617410510779,0.0013005179120227695,0.0008016905281692744,0.0012881160655524582,-0.38040099973456387,0.4075735135838481,,,,,,,
ticino_2020-10-03T00:00:00,ticino,local,hotspot,t1,precip_trace,precip_only,q850,46.22747747747748,8.680083446444733,0.00010671580821508542,2.11,6.873339653015137,6.8607378005981445,6.872915744781494,-0.012601852416992188,-0.0004239082336425781,-0.006088972091674805,-0.006512880325317383,0.006512880325317383,False,enc_s2,encoder,2,8,0.0007242227511596866,0.0006586706367670558,0.0003617789698182605,0.0005901617769268341,-0.4607443664325831,0.380076584460705,,,,,,,
ticino_2020-10-03T00:00:00,ticino,local,hotspot,t1,precip_trace,precip_only,q850,46.22747747747748,8.680083446444733,0.00010671580821508542,2.11,6.873339653015137,6.8607378005981445,6.872915744781494,-0.012601852416992188,-0.0004239082336425781,-0.006088972091674805,-0.006512880325317383,0.006512880325317383,False,dec_s0,decoder,0,8,0.0011690667379298247,0.0011073050336563028,0.0005839239311171696,0.0009774816790013574,-0.4808814682396832,0.3741955606763299,,,,,,,
ticino_2020-10-03T00:00:00,ticino,local,hotspot,t1,precip_trace,precip_only,q850,46.22747747747748,8.680083446444733,0.00010671580821508542,2.11,6.873339653015137,6.8607378005981445,6.872915744781494,-0.012601852416992188,-0.0004239082336425781,-0.006088972091674805,-0.006512880325317383,0.006512880325317383,False,dec_s1,decoder,1,10,0.0023571112309582532,0.0023316153208725156,0.0011782074812799691,0.0020268274121917782,-0.5091545110594564,0.3676571536410326,,,,,,,
ticino_2020-10-03T00:00:00,ticino,local,hotspot,t1,precip_trace,precip_only,q850,46.22747747747748,8.680083446444733,0.00010671580821508542,2.11,6.873339653015137,6.8607378005981445,6.872915744781494,-0.012601852416992188,-0.0004239082336425781,-0.006088972091674805,-0.006512880325317383,0.006512880325317383,False,dec_s2,decoder,2,6,0.006727276757980387,0.00620549024703602,0.0033554949332028627,0.005534132321675618,-0.49113639544015714,0.37733008326006195,,,,,,,
ticino_2020-10-03T00:00:00,ticino,local,hotspot,t1,q850_trace,precip_only,q850,46.22747747747748,8.680083446444733,0.00010671580821508542,,6.873339653015137,7.392099857330322,6.299487590789795,0.5187602043151855,-0.5738520622253418,0.5463061332702637,-0.027545928955078125,0.5463061332702637,True,enc_s0,encoder,0,6,0.005476106113443772,0.005031389184296131,0.00509162712842226,0.0013087478970798354,0.8884457359811971,0.7947012851610901,1.0,850,0.0,0.0,1.0,1.0,0.0
ticino_2020-10-03T00:00:00,ticino,local,hotspot,t1,q850_trace,precip_only,q850,46.22747747747748,8.680083446444733,0.00010671580821508542,,6.873339653015137,7.392099857330322,6.299487590789795,0.5187602043151855,-0.5738520622253418,0.5463061332702637,-0.027545928955078125,0.5463061332702637,True,enc_s1,encoder,1,10,0.004871285357512534,0.003530676057562232,0.0036728456849232315,0.002112526848213747,0.5816327485976736,0.6508456849288184,1.0,850,0.0,0.0,1.0,1.0,0.0
ticino_2020-10-03T00:00:00,ticino,local,hotspot,t1,q850_trace,precip_only,q850,46.22747747747748,8.680083446444733,0.00010671580821508542,,6.873339653015137,7.392099857330322,6.299487590789795,0.5187602043151855,-0.5738520622253418,0.5463061332702637,-0.027545928955078125,0.5463061332702637,True,enc_s2,encoder,2,8,0.0019308929331600666,0.001492801253334619,0.0014593162050005049,0.0009213041557813995,0.45668388683901995,0.6130275376049532,1.0,850,0.0,0.0,1.0,1.0,0.0
ticino_2020-10-03T00:00:00,ticino,local,hotspot,t1,q850_trace,precip_only,q850,46.22747747747748,8.680083446444733,0.00010671580821508542,,6.873339653015137,7.392099857330322,6.299487590789795,0.5187602043151855,-0.5738520622253418,0.5463061332702637,-0.027545928955078125,0.5463061332702637,True,dec_s0,decoder,0,8,0.0028511805285234004,0.0022375188273144886,0.0021437402901938185,0.0014043147239135578,0.4270687789978217,0.604632870389928,1.0,850,0.0,0.0,1.0,1.0,0.0
ticino_2020-10-03T00:00:00,ticino,local,hotspot,t1,q850_trace,precip_only,q850,46.22747747747748,8.680083446444733,0.00010671580821508542,,6.873339653015137,7.392099857330322,6.299487590789795,0.5187602043151855,-0.5738520622253418,0.5463061332702637,-0.027545928955078125,0.5463061332702637,True,dec_s1,decoder,1,10,0.003894781973212957,0.0035289976745843886,0.002888674079440534,0.002334780606906861,0.19418268374078446,0.5462044328989276,1.0,850,0.0,0.0,1.0,1.0,0.0
ticino_2020-10-03T00:00:00,ticino,local,hotspot,t1,q850_trace,precip_only,q850,46.22747747747748,8.680083446444733,0.00010671580821508542,,6.873339653015137,7.392099857330322,6.299487590789795,0.5187602043151855,-0.5738520622253418,0.5463061332702637,-0.027545928955078125,0.5463061332702637,True,dec_s2,decoder,2,6,0.013318407349288464,0.012131141343464455,0.01078619963179032,0.006777148228138685,0.5070890553756819,0.6140936549018406,1.0,850,0.0,0.0,1.0,1.0,0.0
ticino_2020-10-03T00:00:00,ticino,local,low_near,t1,precip_trace,precip_only,q850,61.22747747747748,358.6800834464447,1.1939338264710386e-06,2.11,6.873339653015137,6.87257194519043,6.8705153465271,-0.0007677078247070312,-0.0028243064880371094,0.001028299331665039,-0.0017960071563720703,0.0017960071563720703,False,enc_s0,encoder,0,6,0.0023422722588293254,0.0005121714639244601,0.0011489059931288164,0.0012494921102188528,-0.1977222286015916,0.4772749049396898,,,,,,,
ticino_2020-10-03T00:00:00,ticino,local,low_near,t1,precip_trace,precip_only,q850,61.22747747747748,358.6800834464447,1.1939338264710386e-06,2.11,6.873339653015137,6.87257194519043,6.8705153465271,-0.0007677078247070312,-0.0028243064880371094,0.001028299331665039,-0.0017960071563720703,0.0017960071563720703,False,enc_s1,encoder,1,10,0.0019993271678686144,0.001282133033964783,0.0009540640807244926,0.0013965019606985152,-0.324026091121952,0.42653201525577533,,,,,,,
ticino_2020-10-03T00:00:00,ticino,local,low_near,t1,precip_trace,precip_only,q850,61.22747747747748,358.6800834464447,1.1939338264710386e-06,2.11,6.873339653015137,6.87257194519043,6.8705153465271,-0.0007677078247070312,-0.0028243064880371094,0.001028299331665039,-0.0017960071563720703,0.0017960071563720703,False,enc_s2,encoder,2,8,0.0007887853207648732,0.0006304708294919692,0.00039412809201166965,0.0005954131484031677,-0.4048403862276584,0.39836342206872966,,,,,,,
ticino_2020-10-03T00:00:00,ticino,local,low_near,t1,precip_trace,precip_only,q850,61.22747747747748,358.6800834464447,1.1939338264710386e-06,2.11,6.873339653015137,6.87257194519043,6.8705153465271,-0.0007677078247070312,-0.0028243064880371094,0.001028299331665039,-0.0017960071563720703,0.0017960071563720703,False,dec_s0,decoder,0,8,0.0012224141319165938,0.001080665948393289,0.0006104542335378937,0.0009790428230189718,-0.44899438255932295,0.384600064141732,,,,,,,
ticino_2020-10-03T00:00:00,ticino,local,low_near,t1,precip_trace,precip_only,q850,61.22747747747748,358.6800834464447,1.1939338264710386e-06,2.11,6.873339653015137,6.87257194519043,6.8705153465271,-0.0007677078247070312,-0.0028243064880371094,0.001028299331665039,-0.0017960071563720703,0.0017960071563720703,False,dec_s1,decoder,1,10,0.0023975273594260215,0.002315487677697092,0.0011980035284068435,0.002029682509601116,-0.4977103527314938,0.37131791468340825,,,,,,,
ticino_2020-10-03T00:00:00,ticino,local,low_near,t1,precip_trace,precip_only,q850,61.22747747747748,358.6800834464447,1.1939338264710386e-06,2.11,6.873339653015137,6.87257194519043,6.8705153465271,-0.0007677078247070312,-0.0028243064880371094,0.001028299331665039,-0.0017960071563720703,0.0017960071563720703,False,dec_s2,decoder,2,6,0.00693631397249798,0.006170767281825344,0.0034613084668914476,0.0055787102319300175,-0.47500213283688336,0.38267466121829824,,,,,,,
ticino_2020-10-03T00:00:00,ticino,local,low_near,t1,q850_trace,precip_only,q850,61.22747747747748,358.6800834464447,1.1939338264710386e-06,,6.873339653015137,6.870289325714111,6.871529579162598,-0.0030503273010253906,-0.0018100738525390625,-0.0006201267242431641,-0.0024302005767822266,0.0024302005767822266,False,enc_s0,encoder,0,6,0.00853180761138598,0.007986842965086302,0.007928170884648958,0.0023300595736751952,0.847904366252513,0.7720935802267435,1.0,850,0.0,0.011416537353136776,1.0,0.9870302379488319,0.012969762051168052
ticino_2020-10-03T00:00:00,ticino,local,low_near,t1,q850_trace,precip_only,q850,61.22747747747748,358.6800834464447,1.1939338264710386e-06,,6.873339653015137,6.870289325714111,6.871529579162598,-0.0030503273010253906,-0.0018100738525390625,-0.0006201267242431641,-0.0024302005767822266,0.0024302005767822266,False,enc_s1,encoder,1,10,0.007958144415169954,0.004948913981206715,0.005440502194687724,0.003725067910272628,0.4552606422184196,0.6094286676178431,1.0,850,0.0,0.011416537353136776,1.0,0.9870302379488319,0.012969762051168052
ticino_2020-10-03T00:00:00,ticino,local,low_near,t1,q850_trace,precip_only,q850,61.22747747747748,358.6800834464447,1.1939338264710386e-06,,6.873339653015137,6.870289325714111,6.871529579162598,-0.0030503273010253906,-0.0018100738525390625,-0.0006201267242431641,-0.0024302005767822266,0.0024302005767822266,False,enc_s2,encoder,2,8,0.003410250326851383,0.0021474189998116344,0.0023369309201370925,0.0016307808400597423,0.393854991523658,0.5890577944302685,1.0,850,0.0,0.011416537353136776,1.0,0.9870302379488319,0.012969762051168052
ticino_2020-10-03T00:00:00,ticino,local,low_near,t1,q850_trace,precip_only,q850,61.22747747747748,358.6800834464447,1.1939338264710386e-06,,6.873339653015137,6.870289325714111,6.871529579162598,-0.0030503273010253906,-0.0018100738525390625,-0.0006201267242431641,-0.0024302005767822266,0.0024302005767822266,False,dec_s0,decoder,0,8,0.004560438450425863,0.002824071212671697,0.0030455294472631067,0.0022612060711253434,0.33718678485297393,0.5740291785369419,1.0,850,0.0,0.011416537353136776,1.0,0.9870302379488319,0.012969762051168052
ticino_2020-10-03T00:00:00,ticino,local,low_near,t1,q850_trace,precip_only,q850,61.22747747747748,358.6800834464447,1.1939338264710386e-06,,6.873339653015137,6.870289325714111,6.871529579162598,-0.0030503273010253906,-0.0018100738525390625,-0.0006201267242431641,-0.0024302005767822266,0.0024302005767822266,False,dec_s1,decoder,1,10,0.00557944942265749,0.004955956456251442,0.004233277658931911,0.003150604502297938,0.3194268452864436,0.5744557461190329,1.0,850,0.0,0.011416537353136776,1.0,0.9870302379488319,0.012969762051168052
ticino_2020-10-03T00:00:00,ticino,local,low_near,t1,q850_trace,precip_only,q850,61.22747747747748,358.6800834464447,1.1939338264710386e-06,,6.873339653015137,6.870289325714111,6.871529579162598,-0.0030503273010253906,-0.0018100738525390625,-0.0006201267242431641,-0.0024302005767822266,0.0024302005767822266,False,dec_s2,decoder,2,6,0.017809041465322178,0.018091293672720592,0.015399672867109379,0.009221390665819248,0.5528630085318097,0.6257824878980895,1.0,850,0.0,0.011416537353136776,1.0,0.9870302379488319,0.012969762051168052
ticino_2020-10-03T00:00:00,ticino,synoptic,hotspot,t1,precip_trace,precip_only,q850,43.72747747747748,6.180083446444733,0.00019000675820279866,2.11,6.873339653015137,6.86830997467041,6.868587017059326,-0.0050296783447265625,-0.004752635955810547,-0.0001385211944580078,-0.004891157150268555,0.004891157150268555,False,enc_s0,encoder,0,6,0.004470928184067209,0.0005907122686039656,0.002228249116645505,0.0022840866004116833,-0.09214230927544714,0.4931577178095308,,,,,,,
ticino_2020-10-03T00:00:00,ticino,synoptic,hotspot,t1,precip_trace,precip_only,q850,43.72747747747748,6.180083446444733,0.00019000675820279866,2.11,6.873339653015137,6.86830997467041,6.868587017059326,-0.0050296783447265625,-0.004752635955810547,-0.0001385211944580078,-0.004891157150268555,0.004891157150268555,False,enc_s1,encoder,1,10,0.0028130996506661177,0.0015733819222077728,0.0013771992176771163,0.0018398519488982857,-0.2760564517053027,0.4417450935020201,,,,,,,
ticino_2020-10-03T00:00:00,ticino,synoptic,hotspot,t1,precip_trace,precip_only,q850,43.72747747747748,6.180083446444733,0.00019000675820279866,2.11,6.873339653015137,6.86830997467041,6.868587017059326,-0.0050296783447265625,-0.004752635955810547,-0.0001385211944580078,-0.004891157150268555,0.004891157150268555,False,enc_s2,encoder,2,8,0.0010456807358423248,0.0007713822851656005,0.0005227994042797945,0.0007556049677077681,-0.3744902812777696,0.4089987612701864,,,,,,,
ticino_2020-10-03T00:00:00,ticino,synoptic,hotspot,t1,precip_trace,precip_only,q850,43.72747747747748,6.180083446444733,0.00019000675820279866,2.11,6.873339653015137,6.86830997467041,6.868587017059326,-0.0050296783447265625,-0.004752635955810547,-0.0001385211944580078,-0.004891157150268555,0.004891157150268555,False,dec_s0,decoder,0,8,0.0015012452058726922,0.0012117660444346257,0.0007502782318624668,0.0011394431930966675,-0.40978353844572524,0.3974798578216226,,,,,,,
ticino_2020-10-03T00:00:00,ticino,synoptic,hotspot,t1,precip_trace,precip_only,q850,43.72747747747748,6.180083446444733,0.00019000675820279866,2.11,6.873339653015137,6.86830997467041,6.868587017059326,-0.0050296783447265625,-0.004752635955810547,-0.0001385211944580078,-0.004891157150268555,0.004891157150268555,False,dec_s1,decoder,1,10,0.0025300206267274915,0.0023836551001295446,0.001264020847156644,0.0021080097765661778,-0.4855235234955629,0.3751556906506478,,,,,,,
ticino_2020-10-03T00:00:00,ticino,synoptic,hotspot,t1,precip_trace,precip_only,q850,43.72747747747748,6.180083446444733,0.00019000675820279866,2.11,6.873339653015137,6.86830997467041,6.868587017059326,-0.0050296783447265625,-0.004752635955810547,-0.0001385211944580078,-0.004891157150268555,0.004891157150268555,False,dec_s2,decoder,2,6,0.008926323537404338,0.0063217077404260635,0.0044578997961555915,0.006325424260770281,-0.38576948398714467,0.4126022606513136,,,,,,,
ticino_2020-10-03T00:00:00,ticino,synoptic,hotspot,t1,q850_trace,precip_only,q850,43.72747747747748,6.180083446444733,0.00019000675820279866,,6.873339653015137,7.607706546783447,6.073174476623535,0.7343668937683105,-0.8001651763916016,0.767266035079956,-0.03289914131164551,0.767266035079956,True,enc_s0,encoder,0,6,0.013686138670891523,0.013195076336463293,0.012977134746809801,0.003504476509988308,0.8669013322815696,0.7864867973625764,1.0,850,0.0,0.002225819506272764,0.9999999065466326,0.9989036050944795,0.0010963015546062561
ticino_2020-10-03T00:00:00,ticino,synoptic,hotspot,t1,q850_trace,precip_only,q850,43.72747747747748,6.180083446444733,0.00019000675820279866,,6.873339653015137,7.607706546783447,6.073174476623535,0.7343668937683105,-0.8001651763916016,0.767266035079956,-0.03289914131164551,0.767266035079956,True,enc_s1,encoder,1,10,0.010858036344870925,0.0075255949050188065,0.008216585405170918,0.004413080913946032,0.6158837198030883,0.6583794222344599,1.0,850,0.0,0.002225819506272764,0.9999999065466326,0.9989036050944795,0.0010963015546062561
ticino_2020-10-03T00:00:00,ticino,synoptic,hotspot,t1,q850_trace,precip_only,q850,43.72747747747748,6.180083446444733,0.00019000675820279866,,6.873339653015137,7.607706546783447,6.073174476623535,0.7343668937683105,-0.8001651763916016,0.767266035079956,-0.03289914131164551,0.767266035079956,True,enc_s2,encoder,2,8,0.00432704936247319,0.002985664817970246,0.0031912322738207877,0.001906485966173932,0.5229074444415169,0.626106078086373,1.0,850,0.0,0.002225819506272764,0.9999999065466326,0.9989036050944795,0.0010963015546062561
ticino_2020-10-03T00:00:00,ticino,synoptic,hotspot,t1,q850_trace,precip_only,q850,43.72747747747748,6.180083446444733,0.00019000675820279866,,6.873339653015137,7.607706546783447,6.073174476623535,0.7343668937683105,-0.8001651763916016,0.767266035079956,-0.03289914131164551,0.767266035079956,True,dec_s0,decoder,0,8,0.0067159750033169985,0.004072104959050193,0.004652638192055747,0.00303272542078048,0.47046888601230574,0.6053596861302628,1.0,850,0.0,0.002225819506272764,0.9999999065466326,0.9989036050944795,0.0010963015546062561
ticino_2020-10-03T00:00:00,ticino,synoptic,hotspot,t1,q850_trace,precip_only,q850,43.72747747747748,6.180083446444733,0.00019000675820279866,,6.873339653015137,7.607706546783447,6.073174476623535,0.7343668937683105,-0.8001651763916016,0.767266035079956,-0.03289914131164551,0.767266035079956,True,dec_s1,decoder,1,10,0.0066111631691455845,0.005743965855799615,0.0052361843641847376,0.0033064248971641065,0.46903683777718114,0.6125373433864394,1.0,850,0.0,0.002225819506272764,0.9999999065466326,0.9989036050944795,0.0010963015546062561
ticino_2020-10-03T00:00:00,ticino,synoptic,hotspot,t1,q850_trace,precip_only,q850,43.72747747747748,6.180083446444733,0.00019000675820279866,,6.873339653015137,7.607706546783447,6.073174476623535,0.7343668937683105,-0.8001651763916016,0.767266035079956,-0.03289914131164551,0.767266035079956,True,dec_s2,decoder,2,6,0.02477950882166624,0.02317752813299497,0.021488744144638378,0.010667757131159306,0.667839657819186,0.668468428021483,1.0,850,0.0,0.002225819506272764,0.9999999065466326,0.9989036050944795,0.0010963015546062561
ticino_2020-10-03T00:00:00,ticino,synoptic,low_near,t1,precip_trace,precip_only,q850,63.72747747747748,11.180083446444733,1.0927389666903764e-05,2.11,6.873339653015137,6.86970329284668,6.871697902679443,-0.0036363601684570312,-0.0016417503356933594,-0.000997304916381836,-0.0026390552520751953,0.0026390552520751953,False,enc_s0,encoder,0,6,0.005818509341528018,0.0006523137756933769,0.002900934351297716,0.002956952201202512,-0.08327945230436118,0.4947138844409987,,,,,,,
ticino_2020-10-03T00:00:00,ticino,synoptic,low_near,t1,precip_trace,precip_only,q850,63.72747747747748,11.180083446444733,1.0927389666903764e-05,2.11,6.873339653015137,6.86970329284668,6.871697902679443,-0.0036363601684570312,-0.0016417503356933594,-0.000997304916381836,-0.0026390552520751953,0.0026390552520751953,False,enc_s1,encoder,1,10,0.0037885763216763736,0.0016698099963832647,0.001869415701366961,0.002286547084804624,-0.22316935352087314,0.45806950825785037,,,,,,,
ticino_2020-10-03T00:00:00,ticino,synoptic,low_near,t1,precip_trace,precip_only,q850,63.72747747747748,11.180083446444733,1.0927389666903764e-05,2.11,6.873339653015137,6.86970329284668,6.871697902679443,-0.0036363601684570312,-0.0016417503356933594,-0.000997304916381836,-0.0026390552520751953,0.0026390552520751953,False,enc_s2,encoder,2,8,0.0014211102679837495,0.0007877621465013362,0.0007103303796611726,0.0009030807559611276,-0.2817383346723487,0.4403116750982898,,,,,,,
ticino_2020-10-03T00:00:00,ticino,synoptic,low_near,t1,precip_trace,precip_only,q850,63.72747747747748,11.180083446444733,1.0927389666903764e-05,2.11,6.873339653015137,6.86970329284668,6.871697902679443,-0.0036363601684570312,-0.0016417503356933594,-0.000997304916381836,-0.0026390552520751953,0.0026390552520751953,False,dec_s0,decoder,0,8,0.001954863822902553,0.0012261113297427073,0.0009762729387148283,0.0013076420436846092,-0.32081420992635645,0.4279638151917204,,,,,,,
ticino_2020-10-03T00:00:00,ticino,synoptic,low_near,t1,precip_trace,precip_only,q850,63.72747747747748,11.180083446444733,1.0927389666903764e-05,2.11,6.873339653015137,6.86970329284668,6.871697902679443,-0.0036363601684570312,-0.0016417503356933594,-0.000997304916381836,-0.0026390552520751953,0.0026390552520751953,False,dec_s1,decoder,1,10,0.002870406222064048,0.0023854750441387297,0.0014341486967168748,0.0022155087208375335,-0.42935459844794926,0.3937639914651735,,,,,,,
ticino_2020-10-03T00:00:00,ticino,synoptic,low_near,t1,precip_trace,precip_only,q850,63.72747747747748,11.180083446444733,1.0927389666903764e-05,2.11,6.873339653015137,6.86970329284668,6.871697902679443,-0.0036363601684570312,-0.0016417503356933594,-0.000997304916381836,-0.0026390552520751953,0.0026390552520751953,False,dec_s2,decoder,2,6,0.01169670776774486,0.006321923419212301,0.0058413126195470495,0.00738279443855087,-0.30199158991089836,0.4399631554745503,,,,,,,
ticino_2020-10-03T00:00:00,ticino,synoptic,low_near,t1,q850_trace,precip_only,q850,63.72747747747748,11.180083446444733,1.0927389666903764e-05,,6.873339653015137,6.88041877746582,6.856489658355713,0.007079124450683594,-0.016849994659423828,0.011964559555053711,-0.004885435104370117,0.011964559555053711,True,enc_s0,encoder,0,6,0.020581145770847797,0.020608392544090748,0.019860625887910526,0.0054559248965233564,0.8611278505862643,0.7838879663516116,1.0,850,0.0,0.0020181634712411706,1.0,0.9992978451068975,0.0007021548931025561
ticino_2020-10-03T00:00:00,ticino,synoptic,low_near,t1,q850_trace,precip_only,q850,63.72747747747748,11.180083446444733,1.0927389666903764e-05,,6.873339653015137,6.88041877746582,6.856489658355713,0.007079124450683594,-0.016849994659423828,0.011964559555053711,-0.004885435104370117,0.011964559555053711,True,enc_s1,encoder,1,10,0.01605872204527259,0.011589161586016417,0.012210736330598593,0.006813603453338146,0.5807914128031851,0.6508039787474715,1.0,850,0.0,0.0020181634712411706,1.0,0.9992978451068975,0.0007021548931025561
ticino_2020-10-03T00:00:00,ticino,synoptic,low_near,t1,q850_trace,precip_only,q850,63.72747747747748,11.180083446444733,1.0927389666903764e-05,,6.873339653015137,6.88041877746582,6.856489658355713,0.007079124450683594,-0.016849994659423828,0.011964559555053711,-0.004885435104370117,0.011964559555053711,True,enc_s2,encoder,2,8,0.0071019751485437155,0.004865010152570903,0.005260543606709689,0.003062669624341652,0.5408867973717073,0.6320907148544281,1.0,850,0.0,0.0020181634712411706,1.0,0.9992978451068975,0.0007021548931025561
ticino_2020-10-03T00:00:00,ticino,synoptic,low_near,t1,q850_trace,precip_only,q850,63.72747747747748,11.180083446444733,1.0927389666903764e-05,,6.873339653015137,6.88041877746582,6.856489658355713,0.007079124450683594,-0.016849994659423828,0.011964559555053711,-0.004885435104370117,0.011964559555053711,True,dec_s0,decoder,0,8,0.01064092037267983,0.0061734236078336835,0.007311334600672126,0.004713923117378727,0.4874241117719773,0.6080304027875472,1.0,850,0.0,0.0020181634712411706,1.0,0.9992978451068975,0.0007021548931025561
ticino_2020-10-03T00:00:00,ticino,synoptic,low_near,t1,q850_trace,precip_only,q850,63.72747747747748,11.180083446444733,1.0927389666903764e-05,,6.873339653015137,6.88041877746582,6.856489658355713,0.007079124450683594,-0.016849994659423828,0.011964559555053711,-0.004885435104370117,0.011964559555053711,True,dec_s1,decoder,1,10,0.01147507675923407,0.009672113740816713,0.00907004759646952,0.005498824827373028,0.5210691289811125,0.6288922488398465,1.0,850,0.0,0.0020181634712411706,1.0,0.9992978451068975,0.0007021548931025561
ticino_2020-10-03T00:00:00,ticino,synoptic,low_near,t1,q850_trace,precip_only,q850,63.72747747747748,11.180083446444733,1.0927389666903764e-05,,6.873339653015137,6.88041877746582,6.856489658355713,0.007079124450683594,-0.016849994659423828,0.011964559555053711,-0.004885435104370117,0.011964559555053711,True,dec_s2,decoder,2,6,0.04086814013620218,0.04171974149843057,0.03801217613120874,0.016130438229689997,0.7238437645461269,0.702434772196415,1.0,850,0.0,0.0020181634712411706,1.0,0.9992978451068975,0.0007021548931025561
valais_2020-10-03T00:00:00,valais,local,hotspot,t1,precip_trace,precip_only,q850,46.47747747747748,7.280638034804468,0.00010067348921438679,2.11,5.678887367248535,5.677806854248047,5.674722194671631,-0.0010805130004882812,-0.004165172576904297,0.0015423297882080078,-0.002622842788696289,0.002622842788696289,False,enc_s0,encoder,0,6,0.0020143777558890483,0.0005121598320935542,0.0009862110503794004,0.0010920599937283744,-0.21045794776773288,0.4728058805116464,,,,,,,
valais_2020-10-03T00:00:00,valais,local,hotspot,t1,precip_trace,precip_only,q850,46.47747747747748,7.280638034804468,0.00010067348921438679,2.11,5.678887367248535,5.677806854248047,5.674722194671631,-0.0010805130004882812,-0.004165172576904297,0.0015423297882080078,-0.002622842788696289,0.002622842788696289,False,enc_s1,encoder,1,10,0.0016849714796990157,0.0013064948114333674,0.000795208290219307,0.001286764594260603,-0.3832803074076745,0.40625487013910905,,,,,,,
valais_2020-10-03T00:00:00,valais,local,hotspot,t1,precip_trace,precip_only,q850,46.47747747747748,7.280638034804468,0.00010067348921438679,2.11,5.678887367248535,5.677806854248047,5.674722194671631,-0.0010805130004882812,-0.004165172576904297,0.0015423297882080078,-0.002622842788696289,0.002622842788696289,False,enc_s2,encoder,2,8,0.000720831158105284,0.0006602293433388695,0.0003602593242248986,0.0005898856543353759,-0.46343456068346045,0.37919619434462787,,,,,,,
valais_2020-10-03T00:00:00,valais,local,hotspot,t1,precip_trace,precip_only,q850,46.47747747747748,7.280638034804468,0.00010067348921438679,2.11,5.678887367248535,5.677806854248047,5.674722194671631,-0.0010805130004882812,-0.004165172576904297,0.0015423297882080078,-0.002622842788696289,0.002622842788696289,False,dec_s0,decoder,0,8,0.0011652525790850632,0.001109079603338614,0.000582046381168766,0.000977329160377849,-0.4831864500125953,0.37347455677678915,,,,,,,
valais_2020-10-03T00:00:00,valais,local,hotspot,t1,precip_trace,precip_only,q850,46.47747747747748,7.280638034804468,0.00010067348921438679,2.11,5.678887367248535,5.677806854248047,5.674722194671631,-0.0010805130004882812,-0.004165172576904297,0.0015423297882080078,-0.002622842788696289,0.002622842788696289,False,dec_s1,decoder,1,10,0.002355718321632594,0.002333075494971126,0.0011770381999667734,0.0020275376038625835,-0.5102242730944223,0.36733634146379757,,,,,,,
valais_2020-10-03T00:00:00,valais,local,hotspot,t1,precip_trace,precip_only,q850,46.47747747747748,7.280638034804468,0.00010067348921438679,2.11,5.678887367248535,5.677806854248047,5.674722194671631,-0.0010805130004882812,-0.004165172576904297,0.0015423297882080078,-0.002622842788696289,0.002622842788696289,False,dec_s2,decoder,2,6,0.006729463503385584,0.00620788149535656,0.003358144972783824,0.00553520869774123,-0.4907655575408476,0.3774545479013487,,,,,,,
valais_2020-10-03T00:00:00,valais,local,hotspot,t1,q850_trace,precip_only,q850,46.47747747747748,7.280638034804468,0.00010067348921438679,,5.678887367248535,6.378683567047119,4.897593975067139,0.699796199798584,-0.7812933921813965,0.7405447959899902,-0.04074859619140625,0.7405447959899902,True,enc_s0,encoder,0,6,0.00569351304632922,0.00525788093606631,0.005299732089042664,0.0013890781556256115,0.8829267027782604,0.7915511625615581,1.0,850,0.0,0.0,0.9999998717579447,0.9999998717579447,0.0
valais_2020-10-03T00:00:00,valais,local,hotspot,t1,q850_trace,precip_only,q850,46.47747747747748,7.280638034804468,0.00010067348921438679,,5.678887367248535,6.378683567047119,4.897593975067139,0.699796199798584,-0.7812933921813965,0.7405447959899902,-0.04074859619140625,0.7405447959899902,True,enc_s1,encoder,1,10,0.005153402197174728,0.0036035532131791113,0.003805898898281157,0.002272226248169318,0.555404249262968,0.640103927007247,1.0,850,0.0,0.0,0.9999998717579447,0.9999998717579447,0.0
valais_2020-10-03T00:00:00,valais,local,hotspot,t1,q850_trace,precip_only,q850,46.47747747747748,7.280638034804468,0.00010067348921438679,,5.678887367248535,6.378683567047119,4.897593975067139,0.699796199798584,-0.7812933921813965,0.7405447959899902,-0.04074859619140625,0.7405447959899902,True,enc_s2,encoder,2,8,0.0020040803065057844,0.0015179953188635409,0.0014917440857971087,0.0009669807259342633,0.4363353579363206,0.6067511036553268,1.0,850,0.0,0.0,0.9999998717579447,0.9999998717579447,0.0
valais_2020-10-03T00:00:00,valais,local,hotspot,t1,q850_trace,precip_only,q850,46.47747747747748,7.280638034804468,0.00010067348921438679,,5.678887367248535,6.378683567047119,4.897593975067139,0.699796199798584,-0.7812933921813965,0.7405447959899902,-0.04074859619140625,0.7405447959899902,True,dec_s0,decoder,0,8,0.0029065803391858935,0.00223433252540417,0.002156265589292161,0.0014390445430763066,0.4121468433312673,0.6000299752104454,1.0,850,0.0,0.0,0.9999998717579447,0.9999998717579447,0.0
valais_2020-10-03T00:00:00,valais,local,hotspot,t1,q850_trace,precip_only,q850,46.47747747747748,7.280638034804468,0.00010067348921438679,,5.678887367248535,6.378683567047119,4.897593975067139,0.699796199798584,-0.7812933921813965,0.7405447959899902,-0.04074859619140625,0.7405447959899902,True,dec_s1,decoder,1,10,0.0039010676089674236,0.0035566729377023874,0.002911017439328134,0.002333177556283772,0.20322336987004327,0.5483335950899191,1.0,850,0.0,0.0,0.9999998717579447,0.9999998717579447,0.0
valais_2020-10-03T00:00:00,valais,local,hotspot,t1,q850_trace,precip_only,q850,46.47747747747748,7.280638034804468,0.00010067348921438679,,5.678887367248535,6.378683567047119,4.897593975067139,0.699796199798584,-0.7812933921813965,0.7405447959899902,-0.04074859619140625,0.7405447959899902,True,dec_s2,decoder,2,6,0.013385244955619177,0.012391742939750353,0.011000021981696287,0.006734945656110843,0.5347187152164125,0.6202361527008192,1.0,850,0.0,0.0,0.9999998717579447,0.9999998717579447,0.0
valais_2020-10-03T00:00:00,valais,local,low_near,t1,precip_trace,precip_only,q850,53.97747747747748,344.7806380348045,1.0222548780802754e-06,2.11,5.678887367248535,5.677235126495361,5.680747032165527,-0.0016522407531738281,0.0018596649169921875,-0.0017559528350830078,0.00010371208190917969,0.0017559528350830078,True,enc_s0,encoder,0,6,0.0021142201925007007,0.0005122585134813562,0.001032241474604234,0.0011433412340314437,-0.22013136648565867,0.47240332055762985,,,,,,,
valais_2020-10-03T00:00:00,valais,local,low_near,t1,precip_trace,precip_only,q850,53.97747747747748,344.7806380348045,1.0222548780802754e-06,2.11,5.678887367248535,5.677235126495361,5.680747032165527,-0.0016522407531738281,0.0018596649169921875,-0.0017559528350830078,0.00010371208190917969,0.0017559528350830078,True,enc_s1,encoder,1,10,0.001894495717715472,0.0012795072252629325,0.0009021063102409244,0.0013543644570745527,-0.3383896625378898,0.421763379922005,,,,,,,
valais_2020-10-03T00:00:00,valais,local,low_near,t1,precip_trace,precip_only,q850,53.97747747747748,344.7806380348045,1.0222548780802754e-06,2.11,5.678887367248535,5.677235126495361,5.680747032165527,-0.0016522407531738281,0.0018596649169921875,-0.0017559528350830078,0.00010371208190917969,0.0017559528350830078,True,enc_s2,encoder,2,8,0.0007815104399924167,0.0006413873124984093,0.00039076164830476046,0.0005986570395180024,-0.41551844266686633,0.3950152499405607,,,,,,,
valais_2020-10-03T00:00:00,valais,local,low_near,t1,precip_trace,precip_only,q850,53.97747747747748,344.7806380348045,1.0222548780802754e-06,2.11,5.678887367248535,5.677235126495361,5.680747032165527,-0.0016522407531738281,0.0018596649169921875,-0.0017559528350830078,0.00010371208190917969,0.0017559528350830078,True,dec_s0,decoder,0,8,0.0012152035778854042,0.0010925929382210597,0.0006072118230804335,0.0009831729403231293,-0.45592867342613536,0.38229353636745017,,,,,,,
valais_2020-10-03T00:00:00,valais,local,low_near,t1,precip_trace,precip_only,q850,53.97747747747748,344.7806380348045,1.0222548780802754e-06,2.11,5.678887367248535,5.677235126495361,5.680747032165527,-0.0016522407531738281,0.0018596649169921875,-0.0017559528350830078,0.00010371208190917969,0.0017559528350830078,True,dec_s1,decoder,1,10,0.0023980565834790467,0.0023224730626679956,0.0011990967206656933,0.002033343585208058,-0.4978866209790883,0.3712413253355693,,,,,,,
valais_2020-10-03T00:00:00,valais,local,low_near,t1,precip_trace,precip_only,q850,53.97747747747748,344.7806380348045,1.0222548780802754e-06,2.11,5.678887367248535,5.677235126495361,5.680747032165527,-0.0016522407531738281,0.0018596649169921875,-0.0017559528350830078,0.00010371208190917969,0.0017559528350830078,True,dec_s2,decoder,2,6,0.0066827344708144665,0.006181723903864622,0.003332152652243773,0.00550773701009651,-0.49295279372749395,0.376850553806997,,,,,,,
valais_2020-10-03T00:00:00,valais,local,low_near,t1,q850_trace,precip_only,q850,53.97747747747748,344.7806380348045,1.0222548780802754e-06,,5.678887367248535,5.673388957977295,5.673996448516846,-0.005498409271240234,-0.004890918731689453,-0.0003037452697753906,-0.005194664001464844,0.005194664001464844,False,enc_s0,encoder,0,6,0.008372414003436765,0.0082366734277457,0.007912611278394857,0.002526637981645763,0.8193589971548949,0.7568746295245984,1.0,850,0.0,0.02735274204468517,1.0,0.9714245692674044,0.0285754307325956
valais_2020-10-03T00:00:00,valais,local,low_near,t1,q850_trace,precip_only,q850,53.97747747747748,344.7806380348045,1.0222548780802754e-06,,5.678887367248535,5.673388957977295,5.673996448516846,-0.005498409271240234,-0.004890918731689453,-0.0003037452697753906,-0.005194664001464844,0.005194664001464844,False,enc_s1,encoder,1,10,0.007758441800251603,0.00483011151663959,0.0052504171151667835,0.0037165572168305515,0.41524445787418085,0.5986833385462524,1.0,850,0.0,0.02735274204468517,1.0,0.9714245692674044,0.0285754307325956
valais_2020-10-03T00:00:00,valais,local,low_near,t1,q850_trace,precip_only,q850,53.97747747747748,344.7806380348045,1.0222548780802754e-06,,5.678887367248535,5.673388957977295,5.673996448516846,-0.005498409271240234,-0.004890918731689453,-0.0003037452697753906,-0.005194664001464844,0.005194664001464844,False,enc_s2,encoder,2,8,0.0031475946598220617,0.0019625528948381543,0.0020958687528036535,0.0015770144091220573,0.3175816271733675,0.5707060136359964,1.0,850,0.0,0.02735274204468517,1.0,0.9714245692674044,0.0285754307325956
valais_2020-10-03T00:00:00,valais,local,low_near,t1,q850_trace,precip_only,q850,53.97747747747748,344.7806380348045,1.0222548780802754e-06,,5.678887367248535,5.673388957977295,5.673996448516846,-0.005498409271240234,-0.004890918731689453,-0.0003037452697753906,-0.005194664001464844,0.005194664001464844,False,dec_s0,decoder,0,8,0.004608804185409099,0.00255349776125513,0.002890557167120278,0.002350802213186398,0.2500743815149223,0.551694006919818,1.0,850,0.0,0.02735274204468517,1.0,0.9714245692674044,0.0285754307325956
valais_2020-10-03T00:00:00,valais,local,low_near,t1,q850_trace,precip_only,q850,53.97747747747748,344.7806380348045,1.0222548780802754e-06,,5.678887367248535,5.673388957977295,5.673996448516846,-0.005498409271240234,-0.004890918731689453,-0.0003037452697753906,-0.005194664001464844,0.005194664001464844,False,dec_s1,decoder,1,10,0.005026787985116243,0.0049172211438417435,0.0038154023932293057,0.003190202172845602,0.20518284582900334,0.5476846284900276,1.0,850,0.0,0.02735274204468517,1.0,0.9714245692674044,0.0285754307325956
valais_2020-10-03T00:00:00,valais,local,low_near,t1,q850_trace,precip_only,q850,53.97747747747748,344.7806380348045,1.0222548780802754e-06,,5.678887367248535,5.673388957977295,5.673996448516846,-0.005498409271240234,-0.004890918731689453,-0.0003037452697753906,-0.005194664001464844,0.005194664001464844,False,dec_s2,decoder,2,6,0.015576440064857403,0.015542558239152035,0.012683471975227198,0.009012474678456783,0.3841738827962639,0.5847958936801841,1.0,850,0.0,0.02735274204468517,1.0,0.9714245692674044,0.0285754307325956
valais_2020-10-03T00:00:00,valais,synoptic,hotspot,t1,precip_trace,precip_only,q850,43.97747747747748,9.780638034804468,0.0001590295578353107,2.11,5.678887367248535,5.678440570831299,5.676469802856445,-0.0004467964172363281,-0.0024175643920898438,0.0009853839874267578,-0.001432180404663086,0.001432180404663086,False,enc_s0,encoder,0,6,0.004464955457175772,0.0005867021003117164,0.0022245273964169123,0.0022813145575734475,-0.09450844239406946,0.49304680829734787,,,,,,,
valais_2020-10-03T00:00:00,valais,synoptic,hotspot,t1,precip_trace,precip_only,q850,43.97747747747748,9.780638034804468,0.0001590295578353107,2.11,5.678887367248535,5.678440570831299,5.676469802856445,-0.0004467964172363281,-0.0024175643920898438,0.0009853839874267578,-0.001432180404663086,0.001432180404663086,False,enc_s1,encoder,1,10,0.0028470054268836973,0.001578237017383799,0.0013918763492256404,0.0018576468690298497,-0.275685669559359,0.44202588648906993,,,,,,,
valais_2020-10-03T00:00:00,valais,synoptic,hotspot,t1,precip_trace,precip_only,q850,43.97747747747748,9.780638034804468,0.0001590295578353107,2.11,5.678887367248535,5.678440570831299,5.676469802856445,-0.0004467964172363281,-0.0024175643920898438,0.0009853839874267578,-0.001432180404663086,0.001432180404663086,False,enc_s2,encoder,2,8,0.0010469785920577124,0.0007705027164774947,0.0005231455288594589,0.0007558154029538855,-0.37438064975575047,0.4090888585181023,,,,,,,
valais_2020-10-03T00:00:00,valais,synoptic,hotspot,t1,precip_trace,precip_only,q850,43.97747747747748,9.780638034804468,0.0001590295578353107,2.11,5.678887367248535,5.678440570831299,5.676469802856445,-0.0004467964172363281,-0.0024175643920898438,0.0009853839874267578,-0.001432180404663086,0.001432180404663086,False,dec_s0,decoder,0,8,0.00150088599184528,0.0012111763717257418,0.0007496882099076174,0.0011392786400392652,-0.4103055726725046,0.39733593584720817,,,,,,,
valais_2020-10-03T00:00:00,valais,synoptic,hotspot,t1,precip_trace,precip_only,q850,43.97747747747748,9.780638034804468,0.0001590295578353107,2.11,5.678887367248535,5.678440570831299,5.676469802856445,-0.0004467964172363281,-0.0024175643920898438,0.0009853839874267578,-0.001432180404663086,0.001432180404663086,False,dec_s1,decoder,1,10,0.002529079292435199,0.0023841622401960193,0.0012636117578949779,0.002107977669220418,-0.48584904253304784,0.3750451272061686,,,,,,,
valais_2020-10-03T00:00:00,valais,synoptic,hotspot,t1,precip_trace,precip_only,q850,43.97747747747748,9.780638034804468,0.0001590295578353107,2.11,5.678887367248535,5.678440570831299,5.676469802856445,-0.0004467964172363281,-0.0024175643920898438,0.0009853839874267578,-0.001432180404663086,0.001432180404663086,False,dec_s2,decoder,2,6,0.008943404071033001,0.0063210176303982735,0.004465292130286495,0.006331908594196041,-0.38537252602810224,0.41275917812280344,,,,,,,
valais_2020-10-03T00:00:00,valais,synoptic,hotspot,t1,q850_trace,precip_only,q850,43.97747747747748,9.780638034804468,0.0001590295578353107,,5.678887367248535,6.483225345611572,4.8567214012146,0.8043379783630371,-0.8221659660339355,0.8132519721984863,-0.008913993835449219,0.8132519721984863,True,enc_s0,encoder,0,6,0.013177933637052774,0.012583172569672266,0.012503020154933134,0.0031049190244326987,0.8876619877054944,0.800238220462318,1.0,850,0.0,0.0002590822730151419,0.9999999069374674,0.999923781785857,7.612515869489836e-05
valais_2020-10-03T00:00:00,valais,synoptic,hotspot,t1,q850_trace,precip_only,q850,43.97747747747748,9.780638034804468,0.0001590295578353107,,5.678887367248535,6.483225345611572,4.8567214012146,0.8043379783630371,-0.8221659660339355,0.8132519721984863,-0.008913993835449219,0.8132519721984863,True,enc_s1,encoder,1,10,0.010009120730683208,0.007163503114134074,0.007746813632547855,0.003933598764706403,0.650514839605514,0.6716960380194348,1.0,850,0.0,0.0002590822730151419,0.9999999069374674,0.999923781785857,7.612515869489836e-05
valais_2020-10-03T00:00:00,valais,synoptic,hotspot,t1,q850_trace,precip_only,q850,43.97747747747748,9.780638034804468,0.0001590295578353107,,5.678887367248535,6.483225345611572,4.8567214012146,0.8043379783630371,-0.8221659660339355,0.8132519721984863,-0.008913993835449219,0.8132519721984863,True,enc_s2,encoder,2,8,0.004038419923745096,0.0028515267476905137,0.0030465136806014925,0.001714205602183938,0.5669676458815427,0.640041401008994,1.0,850,0.0,0.0002590822730151419,0.9999999069374674,0.999923781785857,7.612515869489836e-05
valais_2020-10-03T00:00:00,valais,synoptic,hotspot,t1,q850_trace,precip_only,q850,43.97747747747748,9.780638034804468,0.0001590295578353107,,5.678887367248535,6.483225345611572,4.8567214012146,0.8043379783630371,-0.8221659660339355,0.8132519721984863,-0.008913993835449219,0.8132519721984863,True,dec_s0,decoder,0,8,0.005874592869076878,0.003898527647834271,0.00427064867108129,0.002572305384092033,0.5258000568002997,0.6242020303393154,1.0,850,0.0,0.0002590822730151419,0.9999999069374674,0.999923781785857,7.612515869489836e-05
valais_2020-10-03T00:00:00,valais,synoptic,hotspot,t1,q850_trace,precip_only,q850,43.97747747747748,9.780638034804468,0.0001590295578353107,,5.678887367248535,6.483225345611572,4.8567214012146,0.8043379783630371,-0.8221659660339355,0.8132519721984863,-0.008913993835449219,0.8132519721984863,True,dec_s1,decoder,1,10,0.0064434240572154525,0.005510771996341646,0.0051120090764015915,0.0031320351641625165,0.4957442468910025,0.6193933495397002,1.0,850,0.0,0.0002590822730151419,0.9999999069374674,0.999923781785857,7.612515869489836e-05
valais_2020-10-03T00:00:00,valais,synoptic,hotspot,t1,q850_trace,precip_only,q850,43.97747747747748,9.780638034804468,0.0001590295578353107,,5.678887367248535,6.483225345611572,4.8567214012146,0.8043379783630371,-0.8221659660339355,0.8132519721984863,-0.008913993835449219,0.8132519721984863,True,dec_s2,decoder,2,6,0.024646679560343426,0.02245562057942152,0.021312184321383636,0.01008051416526238,0.7025055326543646,0.6790830688153213,1.0,850,0.0,0.0002590822730151419,0.9999999069374674,0.999923781785857,7.612515869489836e-05
valais_2020-10-03T00:00:00,valais,synoptic,low_near,t1,precip_trace,precip_only,q850,63.97747747747748,359.7806380348045,8.647660251881462e-06,2.11,5.678887367248535,5.676672458648682,5.677773475646973,-0.0022149085998535156,-0.0011138916015625,-0.0005505084991455078,-0.0016644001007080078,0.0016644001007080078,False,enc_s0,encoder,0,6,0.00580204208381474,0.0006505916244350374,0.0028934599443649254,0.002947962493635714,-0.08113943841925145,0.49481123191168036,,,,,,,
valais_2020-10-03T00:00:00,valais,synoptic,low_near,t1,precip_trace,precip_only,q850,63.97747747747748,359.7806380348045,8.647660251881462e-06,2.11,5.678887367248535,5.676672458648682,5.677773475646973,-0.0022149085998535156,-0.0011138916015625,-0.0005505084991455078,-0.0016644001007080078,0.0016644001007080078,False,enc_s1,encoder,1,10,0.003960247803479433,0.0016841607692185789,0.001953904435504228,0.0023678732919506728,-0.21626592803701278,0.4599522041906896,,,,,,,
valais_2020-10-03T00:00:00,valais,synoptic,low_near,t1,precip_trace,precip_only,q850,63.97747747747748,359.7806380348045,8.647660251881462e-06,2.11,5.678887367248535,5.676672458648682,5.677773475646973,-0.0022149085998535156,-0.0011138916015625,-0.0005505084991455078,-0.0016644001007080078,0.0016644001007080078,False,enc_s2,encoder,2,8,0.0014407831040443853,0.000791706785093993,0.0007201017142506316,0.0009126084041781723,-0.27957032224312417,0.44109284518683445,,,,,,,
valais_2020-10-03T00:00:00,valais,synoptic,low_near,t1,precip_trace,precip_only,q850,63.97747747747748,359.7806380348045,8.647660251881462e-06,2.11,5.678887367248535,5.676672458648682,5.677773475646973,-0.0022149085998535156,-0.0011138916015625,-0.0005505084991455078,-0.0016644001007080078,0.0016644001007080078,False,dec_s0,decoder,0,8,0.0019929270347347483,0.001229160581715405,0.000995306356344372,0.0013233367499196902,-0.315628175829998,0.42973951354708223,,,,,,,
valais_2020-10-03T00:00:00,valais,synoptic,low_near,t1,precip_trace,precip_only,q850,63.97747747747748,359.7806380348045,8.647660251881462e-06,2.11,5.678887367248535,5.676672458648682,5.677773475646973,-0.0022149085998535156,-0.0011138916015625,-0.0005505084991455078,-0.0016644001007080078,0.0016644001007080078,False,dec_s1,decoder,1,10,0.0028972488129511476,0.0023877551429904997,0.0014467768953181804,0.0022259460180066525,-0.4272040945186399,0.394541783438846,,,,,,,
valais_2020-10-03T00:00:00,valais,synoptic,low_near,t1,precip_trace,precip_only,q850,63.97747747747748,359.7806380348045,8.647660251881462e-06,2.11,5.678887367248535,5.676672458648682,5.677773475646973,-0.0022149085998535156,-0.0011138916015625,-0.0005505084991455078,-0.0016644001007080078,0.0016644001007080078,False,dec_s2,decoder,2,6,0.011182723566889763,0.006327553729837139,0.0055830216345687704,0.007180532130102317,-0.31550879759542344,0.43592312970113833,,,,,,,
valais_2020-10-03T00:00:00,valais,synoptic,low_near,t1,q850_trace,precip_only,q850,63.97747747747748,359.7806380348045,8.647660251881462e-06,,5.678887367248535,5.6830644607543945,5.666569232940674,0.004177093505859375,-0.012318134307861328,0.008247613906860352,-0.0040705204010009766,0.008247613906860352,True,enc_s0,encoder,0,6,0.02101786496738593,0.020493469511469204,0.020015023959179718,0.005506005759040515,0.8607985205230889,0.7835803453994687,1.0,850,0.0,0.008177303595556882,1.0,0.9927437196056875,0.007256280394312445
valais_2020-10-03T00:00:00,valais,synoptic,low_near,t1,q850_trace,precip_only,q850,63.97747747747748,359.7806380348045,8.647660251881462e-06,,5.678887367248535,5.6830644607543945,5.666569232940674,0.004177093505859375,-0.012318134307861328,0.008247613906860352,-0.0040705204010009766,0.008247613906860352,True,enc_s1,encoder,1,10,0.017336450517177582,0.01175548294559121,0.012773121055215598,0.00743451938033104,0.5590018158495276,0.6416102707573514,1.0,850,0.0,0.008177303595556882,1.0,0.9927437196056875,0.007256280394312445
valais_2020-10-03T00:00:00,valais,synoptic,low_near,t1,q850_trace,precip_only,q850,63.97747747747748,359.7806380348045,8.647660251881462e-06,,5.678887367248535,5.6830644607543945,5.666569232940674,0.004177093505859375,-0.012318134307861328,0.008247613906860352,-0.0040705204010009766,0.008247613906860352,True,enc_s2,encoder,2,8,0.0074190577724948525,0.00499501486774534,0.0054183940519578755,0.003261514939367771,0.5156272800105394,0.6242968788694166,1.0,850,0.0,0.008177303595556882,1.0,0.9927437196056875,0.007256280394312445
valais_2020-10-03T00:00:00,valais,synoptic,low_near,t1,q850_trace,precip_only,q850,63.97747747747748,359.7806380348045,8.647660251881462e-06,,5.678887367248535,5.6830644607543945,5.666569232940674,0.004177093505859375,-0.012318134307861328,0.008247613906860352,-0.0040705204010009766,0.008247613906860352,True,dec_s0,decoder,0,8,0.010755315655842423,0.006443774327635765,0.007466919079888612,0.004779926559422165,0.48584880871101577,0.6096333324693084,1.0,850,0.0,0.008177303595556882,1.0,0.9927437196056875,0.007256280394312445
valais_2020-10-03T00:00:00,valais,synoptic,low_near,t1,q850_trace,precip_only,q850,63.97747747747748,359.7806380348045,8.647660251881462e-06,,5.678887367248535,5.6830644607543945,5.666569232940674,0.004177093505859375,-0.012318134307861328,0.008247613906860352,-0.0040705204010009766,0.008247613906860352,True,dec_s1,decoder,1,10,0.011492477636784315,0.009990515420213342,0.009195377631112934,0.005593941314145923,0.5148641755292013,0.6277202120326127,1.0,850,0.0,0.008177303595556882,1.0,0.9927437196056875,0.007256280394312445
valais_2020-10-03T00:00:00,valais,synoptic,low_near,t1,q850_trace,precip_only,q850,63.97747747747748,359.7806380348045,8.647660251881462e-06,,5.678887367248535,5.6830644607543945,5.666569232940674,0.004177093505859375,-0.012318134307861328,0.008247613906860352,-0.0040705204010009766,0.008247613906860352,True,dec_s2,decoder,2,6,0.04092654399573803,0.04235455393791199,0.038026006892323494,0.016975009193023045,0.6959071433084382,0.6917753500856971,1.0,850,0.0,0.008177303595556882,1.0,0.9927437196056875,0.007256280394312445
