case_id,target,scale,region_kind,perturb_timestep,mode,model,target_var,mask_center_lat,mask_center_lon,pooled_saliency,magnitude,perturb_level_hpa,plus_clip_frac,minus_clip_frac,plus_realized_frac,minus_realized_frac,pair_asymmetry,actual_target_score,plus_target_score,minus_target_score,plus_target_delta,minus_target_delta,signed_target_response,common_target_response,mean_abs_target_delta,output_opposite_sign,skipped,skip_reason
alps_east_2020-06-29T06:00:00,alps_east,local,hotspot,t1,q850_trace,precip_zwd,precip,47.72747747747748,11.252625838336058,9.22260369407013e-05,1.0,850,0.0,0.0,1.0,1.0,0.0,3.7965943813323975,3.5969111919403076,3.421232223510742,-0.19968318939208984,-0.3753621578216553,0.08783948421478271,-0.28752267360687256,0.28752267360687256,False,,
alps_east_2020-06-29T06:00:00,alps_east,local,hotspot,t1,q850_trace,precip_only,precip,47.72747747747748,11.252625838336058,9.22260369407013e-05,1.0,850,0.0,0.0,1.0,1.0,0.0,3.2875254154205322,3.057811737060547,2.9839930534362793,-0.22971367835998535,-0.30353236198425293,0.03690934181213379,-0.26662302017211914,0.26662302017211914,False,,
alps_east_2020-06-29T06:00:00,alps_east,local,low_near,t1,q850_trace,precip_zwd,precip,57.72747747747748,351.25262583833603,2.0959887478966266e-06,1.0,850,0.0,0.0,1.0,1.0,0.0,3.7965943813323975,3.7849338054656982,3.8025877475738525,-0.011660575866699219,0.005993366241455078,-0.008826971054077148,-0.0028336048126220703,0.008826971054077148,True,,
alps_east_2020-06-29T06:00:00,alps_east,local,low_near,t1,q850_trace,precip_only,precip,57.72747747747748,351.25262583833603,2.0959887478966266e-06,1.0,850,0.0,0.0,1.0,1.0,0.0,3.2875254154205322,3.2475368976593018,3.2879536151885986,-0.03998851776123047,0.00042819976806640625,-0.020208358764648438,-0.01978015899658203,0.020208358764648438,True,,
alps_east_2020-06-29T06:00:00,alps_east,local,hotspot,t1,q850_trace,precip_zwd,zwd,47.72747747747748,11.252625838336058,9.22260369407013e-05,1.0,850,0.0,0.0,1.0,1.0,0.0,126.06182861328125,122.18577575683594,126.52870178222656,-3.8760528564453125,0.4668731689453125,-2.1714630126953125,-1.70458984375,2.1714630126953125,True,,
alps_east_2020-06-29T06:00:00,alps_east,local,hotspot,t1,q850_trace,precip_only,zwd,,,,,,,,,,,,,,nan,nan,nan,nan,nan,,True,no_zwd_output_head
alps_east_2020-06-29T06:00:00,alps_east,local,low_near,t1,q850_trace,precip_zwd,zwd,57.72747747747748,351.25262583833603,2.0959887478966266e-06,1.0,850,0.0,0.0,1.0,1.0,0.0,126.06182861328125,126.17457580566406,126.14091491699219,0.1127471923828125,0.0790863037109375,0.0168304443359375,0.095916748046875,0.095916748046875,False,,
alps_east_2020-06-29T06:00:00,alps_east,local,low_near,t1,q850_trace,precip_only,zwd,,,,,,,,,,,,,,nan,nan,nan,nan,nan,,True,no_zwd_output_head
alps_east_2020-06-29T06:00:00,alps_east,synoptic,hotspot,t1,q850_trace,precip_zwd,precip,50.22747747747748,8.752625838336058,0.0001581767137395218,1.0,850,0.0,0.004119016552818072,1.0,0.9971609242037252,0.0028390757962748836,3.7965943813323975,3.280714273452759,3.4589383602142334,-0.5158801078796387,-0.33765602111816406,-0.0891120433807373,-0.42676806449890137,0.42676806449890137,False,,
alps_east_2020-06-29T06:00:00,alps_east,synoptic,hotspot,t1,q850_trace,precip_only,precip,50.22747747747748,8.752625838336058,0.0001581767137395218,1.0,850,0.0,0.004119016552818072,1.0,0.9971609242037252,0.0028390757962748836,3.2875254154205322,2.759270668029785,3.0306990146636963,-0.5282547473907471,-0.25682640075683594,-0.13571417331695557,-0.3925405740737915,0.3925405740737915,False,,
alps_east_2020-06-29T06:00:00,alps_east,synoptic,low_near,t1,q850_trace,precip_zwd,precip,30.22747747747748,18.75262583833606,1.5600626284140162e-05,1.0,850,0.0,0.006735983971812498,1.0,0.9941714463220398,0.0058285536779601735,3.7965943813323975,3.7988052368164062,3.801628589630127,0.002210855484008789,0.005034208297729492,-0.0014116764068603516,0.0036225318908691406,0.0036225318908691406,False,,
alps_east_2020-06-29T06:00:00,alps_east,synoptic,low_near,t1,q850_trace,precip_only,precip,30.22747747747748,18.75262583833606,1.5600626284140162e-05,1.0,850,0.0,0.006735983971812498,1.0,0.9941714463220398,0.0058285536779601735,3.2875254154205322,3.272787570953369,3.286512613296509,-0.014737844467163086,-0.0010128021240234375,-0.006862521171569824,-0.007875323295593262,0.007875323295593262,False,,
alps_east_2020-06-29T06:00:00,alps_east,synoptic,hotspot,t1,q850_trace,precip_zwd,zwd,50.22747747747748,8.752625838336058,0.0001581767137395218,1.0,850,0.0,0.004119016552818072,1.0,0.9971609242037252,0.0028390757962748836,126.06182861328125,120.337158203125,126.29737854003906,-5.72467041015625,0.2355499267578125,-2.9801101684570312,-2.7445602416992188,2.9801101684570312,True,,
alps_east_2020-06-29T06:00:00,alps_east,synoptic,hotspot,t1,q850_trace,precip_only,zwd,,,,,,,,,,,,,,nan,nan,nan,nan,nan,,True,no_zwd_output_head
alps_east_2020-06-29T06:00:00,alps_east,synoptic,low_near,t1,q850_trace,precip_zwd,zwd,30.22747747747748,18.75262583833606,1.5600626284140162e-05,1.0,850,0.0,0.006735983971812498,1.0,0.9941714463220398,0.0058285536779601735,126.06182861328125,126.03345489501953,126.17597198486328,-0.02837371826171875,0.11414337158203125,-0.071258544921875,0.04288482666015625,0.071258544921875,True,,
alps_east_2020-06-29T06:00:00,alps_east,synoptic,low_near,t1,q850_trace,precip_only,zwd,,,,,,,,,,,,,,nan,nan,nan,nan,nan,,True,no_zwd_output_head
andes_2020-03-25T12:00:00,andes,local,hotspot,t1,q850_trace,precip_zwd,precip,-32.52252252252252,290.54529172445586,0.00013807686627842486,1.0,850,0.0,0.00641025641025641,1.0,0.9943908805094404,0.005609119490559675,1.5746012926101685,1.748927354812622,1.281300663948059,0.1743260622024536,-0.2933006286621094,0.2338133454322815,-0.05948728322982788,0.2338133454322815,True,,
andes_2020-03-25T12:00:00,andes,local,hotspot,t1,q850_trace,precip_only,precip,-32.52252252252252,290.54529172445586,0.00013807686627842486,1.0,850,0.0,0.00641025641025641,1.0,0.9943908805094404,0.005609119490559675,1.3489608764648438,1.5601224899291992,0.9465904831886292,0.21116161346435547,-0.4023703932762146,0.30676600337028503,-0.09560438990592957,0.30676600337028503,True,,
andes_2020-03-25T12:00:00,andes,local,low_near,t1,q850_trace,precip_zwd,precip,-42.52252252252252,275.54529172445586,2.205087639595149e-06,1.0,850,0.0,0.0,1.0,1.0,0.0,1.5746012926101685,1.5723804235458374,1.5737007856369019,-0.0022208690643310547,-0.0009005069732666016,-0.0006601810455322266,-0.0015606880187988281,0.0015606880187988281,False,,
andes_2020-03-25T12:00:00,andes,local,low_near,t1,q850_trace,precip_only,precip,-42.52252252252252,275.54529172445586,2.205087639595149e-06,1.0,850,0.0,0.0,1.0,1.0,0.0,1.3489608764648438,1.3501853942871094,1.3502261638641357,0.001224517822265625,0.0012652873992919922,-2.0384788513183594e-05,0.0012449026107788086,0.0012449026107788086,False,,
andes_2020-03-25T12:00:00,andes,local,hotspot,t1,q850_trace,precip_zwd,zwd,-32.52252252252252,290.54529172445586,0.00013807686627842486,1.0,850,0.0,0.00641025641025641,1.0,0.9943908805094404,0.005609119490559675,50.24027633666992,51.45475769042969,48.83709716796875,1.2144813537597656,-1.4031791687011719,1.3088302612304688,-0.09434890747070312,1.3088302612304688,True,,
andes_2020-03-25T12:00:00,andes,local,hotspot,t1,q850_trace,precip_only,zwd,,,,,,,,,,,,,,nan,nan,nan,nan,nan,,True,no_zwd_output_head
andes_2020-03-25T12:00:00,andes,local,low_near,t1,q850_trace,precip_zwd,zwd,-42.52252252252252,275.54529172445586,2.205087639595149e-06,1.0,850,0.0,0.0,1.0,1.0,0.0,50.24027633666992,50.20116424560547,50.224300384521484,-0.039112091064453125,-0.0159759521484375,-0.011568069458007812,-0.027544021606445312,0.027544021606445312,False,,
andes_2020-03-25T12:00:00,andes,local,low_near,t1,q850_trace,precip_only,zwd,,,,,,,,,,,,,,nan,nan,nan,nan,nan,,True,no_zwd_output_head
andes_2020-03-25T12:00:00,andes,synoptic,hotspot,t1,q850_trace,precip_zwd,precip,-35.02252252252252,288.04529172445586,0.0002186853380408138,1.0,850,0.0,0.008353808353808353,1.0,0.9939236383230915,0.006076361676908491,1.5746012926101685,1.7323027849197388,1.1717875003814697,0.1577014923095703,-0.40281379222869873,0.2802576422691345,-0.12255614995956421,0.2802576422691345,True,,
andes_2020-03-25T12:00:00,andes,synoptic,hotspot,t1,q850_trace,precip_only,precip,-35.02252252252252,288.04529172445586,0.0002186853380408138,1.0,850,0.0,0.008353808353808353,1.0,0.9939236383230915,0.006076361676908491,1.3489608764648438,1.5517916679382324,0.8307579755783081,0.20283079147338867,-0.5182029008865356,0.36051684617996216,-0.1576860547065735,0.36051684617996216,True,,
andes_2020-03-25T12:00:00,andes,synoptic,low_near,t1,q850_trace,precip_zwd,precip,-45.02252252252252,273.04529172445586,1.6329822756233625e-05,1.0,850,0.0,0.017014781945111784,1.0,0.9856767165060454,0.014323283493954649,1.5746012926101685,1.577559471130371,1.5655090808868408,0.0029581785202026367,-0.009092211723327637,0.006025195121765137,-0.0030670166015625,0.006025195121765137,True,,
andes_2020-03-25T12:00:00,andes,synoptic,low_near,t1,q850_trace,precip_only,precip,-45.02252252252252,273.04529172445586,1.6329822756233625e-05,1.0,850,0.0,0.017014781945111784,1.0,0.9856767165060454,0.014323283493954649,1.3489608764648438,1.348555564880371,1.342142105102539,-0.00040531158447265625,-0.0068187713623046875,0.0032067298889160156,-0.003612041473388672,0.003612041473388672,False,,
andes_2020-03-25T12:00:00,andes,synoptic,hotspot,t1,q850_trace,precip_zwd,zwd,-35.02252252252252,288.04529172445586,0.0002186853380408138,1.0,850,0.0,0.008353808353808353,1.0,0.9939236383230915,0.006076361676908491,50.24027633666992,50.959720611572266,48.48688888549805,0.7194442749023438,-1.753387451171875,1.2364158630371094,-0.5169715881347656,1.2364158630371094,True,,
andes_2020-03-25T12:00:00,andes,synoptic,hotspot,t1,q850_trace,precip_only,zwd,,,,,,,,,,,,,,nan,nan,nan,nan,nan,,True,no_zwd_output_head
andes_2020-03-25T12:00:00,andes,synoptic,low_near,t1,q850_trace,precip_zwd,zwd,-45.02252252252252,273.04529172445586,1.6329822756233625e-05,1.0,850,0.0,0.017014781945111784,1.0,0.9856767165060454,0.014323283493954649,50.24027633666992,50.2365608215332,50.21783447265625,-0.00371551513671875,-0.022441864013671875,0.009363174438476562,-0.013078689575195312,0.013078689575195312,False,,
andes_2020-03-25T12:00:00,andes,synoptic,low_near,t1,q850_trace,precip_only,zwd,,,,,,,,,,,,,,nan,nan,nan,nan,nan,,True,no_zwd_output_head
aquitaine_basin_2020-10-02T06:00:00,aquitaine_basin,local,hotspot,t1,q850_trace,precip_zwd,precip,44.97747747747748,359.3983431897952,7.633692439412698e-05,1.0,850,0.0,0.0,1.0,1.0,0.0,4.478277206420898,4.552304267883301,4.176416397094727,0.07402706146240234,-0.3018608093261719,0.1879439353942871,-0.11391687393188477,0.1879439353942871,True,,
aquitaine_basin_2020-10-02T06:00:00,aquitaine_basin,local,hotspot,t1,q850_trace,precip_only,precip,44.97747747747748,359.3983431897952,7.633692439412698e-05,1.0,850,0.0,0.0,1.0,1.0,0.0,4.260673522949219,4.430772304534912,3.790684938430786,0.17009878158569336,-0.4699885845184326,0.320043683052063,-0.14994490146636963,0.320043683052063,True,,
aquitaine_basin_2020-10-02T06:00:00,aquitaine_basin,local,low_near,t1,q850_trace,precip_zwd,precip,54.97747747747748,344.3983431897952,1.489134206167364e-06,1.0,850,0.0,0.05391832958900489,1.0,0.9490475464748457,0.05095245352515427,4.478277206420898,4.476295471191406,4.484753608703613,-0.0019817352294921875,0.006476402282714844,-0.004229068756103516,0.002247333526611328,0.004229068756103516,True,,
aquitaine_basin_2020-10-02T06:00:00,aquitaine_basin,local,low_near,t1,q850_trace,precip_only,precip,54.97747747747748,344.3983431897952,1.489134206167364e-06,1.0,850,0.0,0.05391832958900489,1.0,0.9490475464748457,0.05095245352515427,4.260673522949219,4.259119987487793,4.259952545166016,-0.0015535354614257812,-0.000720977783203125,-0.0004162788391113281,-0.0011372566223144531,0.0011372566223144531,False,,
aquitaine_basin_2020-10-02T06:00:00,aquitaine_basin,local,hotspot,t1,q850_trace,precip_zwd,zwd,44.97747747747748,359.3983431897952,7.633692439412698e-05,1.0,850,0.0,0.0,1.0,1.0,0.0,123.05393981933594,123.9506607055664,122.83174133300781,0.8967208862304688,-0.222198486328125,0.5594596862792969,0.3372611999511719,0.5594596862792969,True,,
aquitaine_basin_2020-10-02T06:00:00,aquitaine_basin,local,hotspot,t1,q850_trace,precip_only,zwd,,,,,,,,,,,,,,nan,nan,nan,nan,nan,,True,no_zwd_output_head
aquitaine_basin_2020-10-02T06:00:00,aquitaine_basin,local,low_near,t1,q850_trace,precip_zwd,zwd,54.97747747747748,344.3983431897952,1.489134206167364e-06,1.0,850,0.0,0.05391832958900489,1.0,0.9490475464748457,0.05095245352515427,123.05393981933594,123.09818267822266,123.10193634033203,0.04424285888671875,0.04799652099609375,-0.0018768310546875,0.04611968994140625,0.04611968994140625,False,,
aquitaine_basin_2020-10-02T06:00:00,aquitaine_basin,local,low_near,t1,q850_trace,precip_only,zwd,,,,,,,,,,,,,,nan,nan,nan,nan,nan,,True,no_zwd_output_head
aquitaine_basin_2020-10-02T06:00:00,aquitaine_basin,synoptic,hotspot,t1,q850_trace,precip_zwd,precip,42.47747747747748,359.3983431897952,0.0001375502033624798,1.0,850,0.0,5.900575306092344e-05,1.0,0.9999970431795929,2.956820407020636e-06,4.478277206420898,4.387051582336426,4.311086177825928,-0.09122562408447266,-0.1671910285949707,0.03798270225524902,-0.12920832633972168,0.12920832633972168,False,,
aquitaine_basin_2020-10-02T06:00:00,aquitaine_basin,synoptic,hotspot,t1,q850_trace,precip_only,precip,42.47747747747748,359.3983431897952,0.0001375502033624798,1.0,850,0.0,5.900575306092344e-05,1.0,0.9999970431795929,2.956820407020636e-06,4.260673522949219,4.2652082443237305,3.9236953258514404,0.004534721374511719,-0.3369781970977783,0.17075645923614502,-0.1662217378616333,0.17075645923614502,True,,
aquitaine_basin_2020-10-02T06:00:00,aquitaine_basin,synoptic,low_near,t1,q850_trace,precip_zwd,precip,57.47747747747748,19.39834318979516,1.4005709090270102e-05,1.0,850,0.0,0.002021331498365732,1.0,0.9995059333881956,0.0004940666118043679,4.478277206420898,4.469148635864258,4.483987331390381,-0.009128570556640625,0.005710124969482422,-0.0074193477630615234,-0.0017092227935791016,0.0074193477630615234,True,,
aquitaine_basin_2020-10-02T06:00:00,aquitaine_basin,synoptic,low_near,t1,q850_trace,precip_only,precip,57.47747747747748,19.39834318979516,1.4005709090270102e-05,1.0,850,0.0,0.002021331498365732,1.0,0.9995059333881956,0.0004940666118043679,4.260673522949219,4.2511372566223145,4.265408992767334,-0.009536266326904297,0.004735469818115234,-0.007135868072509766,-0.0024003982543945312,0.007135868072509766,True,,
aquitaine_basin_2020-10-02T06:00:00,aquitaine_basin,synoptic,hotspot,t1,q850_trace,precip_zwd,zwd,42.47747747747748,359.3983431897952,0.0001375502033624798,1.0,850,0.0,5.900575306092344e-05,1.0,0.9999970431795929,2.956820407020636e-06,123.05393981933594,122.5215835571289,123.48733520507812,-0.5323562622070312,0.4333953857421875,-0.4828758239746094,-0.049480438232421875,0.4828758239746094,True,,
aquitaine_basin_2020-10-02T06:00:00,aquitaine_basin,synoptic,hotspot,t1,q850_trace,precip_only,zwd,,,,,,,,,,,,,,nan,nan,nan,nan,nan,,True,no_zwd_output_head
aquitaine_basin_2020-10-02T06:00:00,aquitaine_basin,synoptic,low_near,t1,q850_trace,precip_zwd,zwd,57.47747747747748,19.39834318979516,1.4005709090270102e-05,1.0,850,0.0,0.002021331498365732,1.0,0.9995059333881956,0.0004940666118043679,123.05393981933594,123.57952880859375,123.16937255859375,0.5255889892578125,0.1154327392578125,0.205078125,0.3205108642578125,0.3205108642578125,False,,
aquitaine_basin_2020-10-02T06:00:00,aquitaine_basin,synoptic,low_near,t1,q850_trace,precip_only,zwd,,,,,,,,,,,,,,nan,nan,nan,nan,nan,,True,no_zwd_output_head
atlas_2020-03-19T18:00:00,atlas,local,hotspot,t1,q850_trace,precip_zwd,precip,32.47747747747748,354.79529172445586,8.581561996834353e-05,1.0,850,0.0,0.006802721088435374,1.0000000785500416,0.994631026103907,0.005369052024395441,2.361468553543091,3.5072667598724365,1.3087772130966187,1.1457982063293457,-1.0526913404464722,1.099244773387909,0.04655343294143677,1.099244773387909,True,,
atlas_2020-03-19T18:00:00,atlas,local,hotspot,t1,q850_trace,precip_only,precip,32.47747747747748,354.79529172445586,8.581561996834353e-05,1.0,850,0.0,0.006802721088435374,1.0000000785500416,0.994631026103907,0.005369052024395441,2.1329398155212402,3.361647844314575,1.0105997323989868,1.228708028793335,-1.1223400831222534,1.1755240559577942,0.05318397283554077,1.1755240559577942,True,,
atlas_2020-03-19T18:00:00,atlas,local,low_near,t1,q850_trace,precip_zwd,precip,42.47747747747748,7.295291724455865,1.2054101716785226e-06,1.0,850,0.0,0.045686141304347824,1.0,0.9528711349024138,0.04712886509758618,2.361468553543091,2.3581278324127197,2.352403402328491,-0.0033407211303710938,-0.00906515121459961,0.002862215042114258,-0.0062029361724853516,0.0062029361724853516,False,,
atlas_2020-03-19T18:00:00,atlas,local,low_near,t1,q850_trace,precip_only,precip,42.47747747747748,7.295291724455865,1.2054101716785226e-06,1.0,850,0.0,0.045686141304347824,1.0,0.9528711349024138,0.04712886509758618,2.1329398155212402,2.133641481399536,2.1400370597839355,0.0007016658782958984,0.0070972442626953125,-0.003197789192199707,0.0038994550704956055,0.0038994550704956055,False,,
atlas_2020-03-19T18:00:00,atlas,local,hotspot,t1,q850_trace,precip_zwd,zwd,32.47747747747748,354.79529172445586,8.581561996834353e-05,1.0,850,0.0,0.006802721088435374,1.0000000785500416,0.994631026103907,0.005369052024395441,97.83326721191406,96.62464904785156,95.10919189453125,-1.2086181640625,-2.7240753173828125,0.7577285766601562,-1.9663467407226562,1.9663467407226562,False,,
atlas_2020-03-19T18:00:00,atlas,local,hotspot,t1,q850_trace,precip_only,zwd,,,,,,,,,,,,,,nan,nan,nan,nan,nan,,True,no_zwd_output_head
atlas_2020-03-19T18:00:00,atlas,local,low_near,t1,q850_trace,precip_zwd,zwd,42.47747747747748,7.295291724455865,1.2054101716785226e-06,1.0,850,0.0,0.045686141304347824,1.0,0.9528711349024138,0.04712886509758618,97.83326721191406,97.82640838623047,97.83280944824219,-0.00685882568359375,-0.000457763671875,-0.003200531005859375,-0.003658294677734375,0.003658294677734375,False,,
atlas_2020-03-19T18:00:00,atlas,local,low_near,t1,q850_trace,precip_only,zwd,,,,,,,,,,,,,,nan,nan,nan,nan,nan,,True,no_zwd_output_head
atlas_2020-03-19T18:00:00,atlas,synoptic,hotspot,t1,q850_trace,precip_zwd,precip,34.97747747747748,352.29529172445586,0.00014367081166710705,1.0,850,0.0,0.005441195751933919,0.9999998940356032,0.996696665893833,0.003303228491794805,2.361468553543091,3.3149735927581787,1.213581919670105,0.9535050392150879,-1.1478866338729858,1.0506958365440369,-0.09719079732894897,1.0506958365440369,True,,
atlas_2020-03-19T18:00:00,atlas,synoptic,hotspot,t1,q850_trace,precip_only,precip,34.97747747747748,352.29529172445586,0.00014367081166710705,1.0,850,0.0,0.005441195751933919,0.9999998940356032,0.996696665893833,0.003303228491794805,2.1329398155212402,3.1220147609710693,0.9322981238365173,0.9890749454498291,-1.200641691684723,1.094858318567276,-0.1057833731174469,1.094858318567276,True,,
atlas_2020-03-19T18:00:00,atlas,synoptic,low_near,t1,q850_trace,precip_zwd,precip,49.97747747747748,357.29529172445586,9.972637599275913e-06,1.0,850,0.0,0.049004475999382624,0.999999916833803,0.9354369169425844,0.06456300526067824,2.361468553543091,2.3154819011688232,2.3137123584747314,-0.04598665237426758,-0.047756195068359375,0.0008847713470458984,-0.04687142372131348,0.04687142372131348,False,,
atlas_2020-03-19T18:00:00,atlas,synoptic,low_near,t1,q850_trace,precip_only,precip,49.97747747747748,357.29529172445586,9.972637599275913e-06,1.0,850,0.0,0.049004475999382624,0.999999916833803,0.9354369169425844,0.06456300526067824,2.1329398155212402,2.073500394821167,2.0954291820526123,-0.05943942070007324,-0.03751063346862793,-0.010964393615722656,-0.048475027084350586,0.048475027084350586,False,,
atlas_2020-03-19T18:00:00,atlas,synoptic,hotspot,t1,q850_trace,precip_zwd,zwd,34.97747747747748,352.29529172445586,0.00014367081166710705,1.0,850,0.0,0.005441195751933919,0.9999998940356032,0.996696665893833,0.003303228491794805,97.83326721191406,95.59501647949219,95.41631317138672,-2.238250732421875,-2.4169540405273438,0.08935165405273438,-2.3276023864746094,2.3276023864746094,False,,
atlas_2020-03-19T18:00:00,atlas,synoptic,hotspot,t1,q850_trace,precip_only,zwd,,,,,,,,,,,,,,nan,nan,nan,nan,nan,,True,no_zwd_output_head
atlas_2020-03-19T18:00:00,atlas,synoptic,low_near,t1,q850_trace,precip_zwd,zwd,49.97747747747748,357.29529172445586,9.972637599275913e-06,1.0,850,0.0,0.049004475999382624,0.999999916833803,0.9354369169425844,0.06456300526067824,97.83326721191406,97.87451934814453,97.80690002441406,0.04125213623046875,-0.0263671875,0.033809661865234375,0.007442474365234375,0.033809661865234375,True,,
atlas_2020-03-19T18:00:00,atlas,synoptic,low_near,t1,q850_trace,precip_only,zwd,,,,,,,,,,,,,,nan,nan,nan,nan,nan,,True,no_zwd_output_head
california_2020-12-13T18:00:00,california,local,hotspot,t1,q850_trace,precip_zwd,precip,38.22747747747748,234.32046739745803,5.3696090617449954e-05,1.0,850,0.0,0.0,1.0,1.0,0.0,3.97589111328125,4.330139636993408,3.3499858379364014,0.3542485237121582,-0.6259052753448486,0.4900768995285034,-0.13582837581634521,0.4900768995285034,True,,
california_2020-12-13T18:00:00,california,local,hotspot,t1,q850_trace,precip_only,precip,38.22747747747748,234.32046739745803,5.3696090617449954e-05,1.0,850,0.0,0.0,1.0,1.0,0.0,3.781698226928711,4.2830939292907715,2.902529239654541,0.5013957023620605,-0.8791689872741699,0.6902823448181152,-0.1888866424560547,0.6902823448181152,True,,
california_2020-12-13T18:00:00,california,local,low_near,t1,q850_trace,precip_zwd,precip,50.72747747747748,249.32046739745803,1.0240736401101458e-06,1.0,850,0.0,0.24030329542140566,1.0,0.4924827299386906,0.5075172700613094,3.97589111328125,3.985106945037842,3.9801278114318848,0.009215831756591797,0.004236698150634766,0.0024895668029785156,0.006726264953613281,0.006726264953613281,False,,
california_2020-12-13T18:00:00,california,local,low_near,t1,q850_trace,precip_only,precip,50.72747747747748,249.32046739745803,1.0240736401101458e-06,1.0,850,0.0,0.24030329542140566,1.0,0.4924827299386906,0.5075172700613094,3.781698226928711,3.789980411529541,3.782198667526245,0.008282184600830078,0.0005004405975341797,0.0038908720016479492,0.004391312599182129,0.004391312599182129,False,,
california_2020-12-13T18:00:00,california,local,hotspot,t1,q850_trace,precip_zwd,zwd,38.22747747747748,234.32046739745803,5.3696090617449954e-05,1.0,850,0.0,0.0,1.0,1.0,0.0,97.83531951904297,101.03729248046875,92.1888198852539,3.2019729614257812,-5.6464996337890625,4.424236297607422,-1.2222633361816406,4.424236297607422,True,,
california_2020-12-13T18:00:00,california,local,hotspot,t1,q850_trace,precip_only,zwd,,,,,,,,,,,,,,nan,nan,nan,nan,nan,,True,no_zwd_output_head
california_2020-12-13T18:00:00,california,local,low_near,t1,q850_trace,precip_zwd,zwd,50.72747747747748,249.32046739745803,1.0240736401101458e-06,1.0,850,0.0,0.24030329542140566,1.0,0.4924827299386906,0.5075172700613094,97.83531951904297,97.96747589111328,97.7991943359375,0.1321563720703125,-0.03612518310546875,0.08414077758789062,0.048015594482421875,0.08414077758789062,True,,
california_2020-12-13T18:00:00,california,local,low_near,t1,q850_trace,precip_only,zwd,,,,,,,,,,,,,,nan,nan,nan,nan,nan,,True,no_zwd_output_head
california_2020-12-13T18:00:00,california,synoptic,hotspot,t1,q850_trace,precip_zwd,precip,35.72747747747748,234.32046739745803,0.0001035681925714016,1.0,850,0.0,0.059377333376619164,1.0,0.9463825186660574,0.05361748133394267,3.97589111328125,4.1821112632751465,3.532154083251953,0.20622014999389648,-0.4437370300292969,0.3249785900115967,-0.1187584400177002,0.3249785900115967,True,,
california_2020-12-13T18:00:00,california,synoptic,hotspot,t1,q850_trace,precip_only,precip,35.72747747747748,234.32046739745803,0.0001035681925714016,1.0,850,0.0,0.059377333376619164,1.0,0.9463825186660574,0.05361748133394267,3.781698226928711,4.146493434906006,3.1550076007843018,0.3647952079772949,-0.6266906261444092,0.49574291706085205,-0.13094770908355713,0.49574291706085205,True,,
california_2020-12-13T18:00:00,california,synoptic,low_near,t1,q850_trace,precip_zwd,precip,50.72747747747748,254.32046739745803,8.604457434557844e-06,1.0,850,0.0,0.22380313425656345,1.0,0.5443047756764156,0.45569522432358445,3.97589111328125,3.976844549179077,3.9912266731262207,0.0009534358978271484,0.015335559844970703,-0.007191061973571777,0.008144497871398926,0.008144497871398926,False,,
california_2020-12-13T18:00:00,california,synoptic,low_near,t1,q850_trace,precip_only,precip,50.72747747747748,254.32046739745803,8.604457434557844e-06,1.0,850,0.0,0.22380313425656345,1.0,0.5443047756764156,0.45569522432358445,3.781698226928711,3.7831313610076904,3.7931036949157715,0.0014331340789794922,0.011405467987060547,-0.004986166954040527,0.0064193010330200195,0.0064193010330200195,False,,
california_2020-12-13T18:00:00,california,synoptic,hotspot,t1,q850_trace,precip_zwd,zwd,35.72747747747748,234.32046739745803,0.0001035681925714016,1.0,850,0.0,0.059377333376619164,1.0,0.9463825186660574,0.05361748133394267,97.83531951904297,99.07484436035156,94.49766540527344,1.2395248413085938,-3.3376541137695312,2.2885894775390625,-1.0490646362304688,2.2885894775390625,True,,
california_2020-12-13T18:00:00,california,synoptic,hotspot,t1,q850_trace,precip_only,zwd,,,,,,,,,,,,,,nan,nan,nan,nan,nan,,True,no_zwd_output_head
california_2020-12-13T18:00:00,california,synoptic,low_near,t1,q850_trace,precip_zwd,zwd,50.72747747747748,254.32046739745803,8.604457434557844e-06,1.0,850,0.0,0.22380313425656345,1.0,0.5443047756764156,0.45569522432358445,97.83531951904297,98.08193969726562,97.83248901367188,0.24662017822265625,-0.00283050537109375,0.124725341796875,0.12189483642578125,0.124725341796875,True,,
california_2020-12-13T18:00:00,california,synoptic,low_near,t1,q850_trace,precip_only,zwd,,,,,,,,,,,,,,nan,nan,nan,nan,nan,,True,no_zwd_output_head
canterbury_plain_2020-02-22T06:00:00,canterbury_plain,local,hotspot,t1,q850_trace,precip_zwd,precip,-43.52252252252252,172.2004848495109,6.510733510367572e-05,1.0,850,0.0,0.004004004004004004,1.0,0.9969186910641771,0.0030813089358229205,1.978289008140564,3.2397165298461914,1.5514822006225586,1.2614275217056274,-0.42680680751800537,0.8441171646118164,0.41731035709381104,0.8441171646118164,True,,
canterbury_plain_2020-02-22T06:00:00,canterbury_plain,local,hotspot,t1,q850_trace,precip_only,precip,-43.52252252252252,172.2004848495109,6.510733510367572e-05,1.0,850,0.0,0.004004004004004004,1.0,0.9969186910641771,0.0030813089358229205,1.857002854347229,3.128848075866699,1.338492751121521,1.2718452215194702,-0.518510103225708,0.8951776623725891,0.3766675591468811,0.8951776623725891,True,,
canterbury_plain_2020-02-22T06:00:00,canterbury_plain,local,low_near,t1,q850_trace,precip_zwd,precip,-56.02252252252252,184.7004848495109,9.628978432374424e-07,1.0,850,0.0,0.03602676273803397,1.0,0.9499751468604074,0.05002485313959263,1.978289008140564,1.9692296981811523,1.9830574989318848,-0.009059309959411621,0.004768490791320801,-0.006913900375366211,-0.00214540958404541,0.006913900375366211,True,,
canterbury_plain_2020-02-22T06:00:00,canterbury_plain,local,low_near,t1,q850_trace,precip_only,precip,-56.02252252252252,184.7004848495109,9.628978432374424e-07,1.0,850,0.0,0.03602676273803397,1.0,0.9499751468604074,0.05002485313959263,1.857002854347229,1.85258150100708,1.8652198314666748,-0.004421353340148926,0.0082169771194458,-0.006319165229797363,0.0018978118896484375,0.006319165229797363,True,,
canterbury_plain_2020-02-22T06:00:00,canterbury_plain,local,hotspot,t1,q850_trace,precip_zwd,zwd,-43.52252252252252,172.2004848495109,6.510733510367572e-05,1.0,850,0.0,0.004004004004004004,1.0,0.9969186910641771,0.0030813089358229205,119.95804595947266,121.50713348388672,115.18534851074219,1.5490875244140625,-4.772697448730469,3.1608924865722656,-1.6118049621582031,3.1608924865722656,True,,
canterbury_plain_2020-02-22T06:00:00,canterbury_plain,local,hotspot,t1,q850_trace,precip_only,zwd,,,,,,,,,,,,,,nan,nan,nan,nan,nan,,True,no_zwd_output_head
canterbury_plain_2020-02-22T06:00:00,canterbury_plain,local,low_near,t1,q850_trace,precip_zwd,zwd,-56.02252252252252,184.7004848495109,9.628978432374424e-07,1.0,850,0.0,0.03602676273803397,1.0,0.9499751468604074,0.05002485313959263,119.95804595947266,120.01836395263672,119.91685485839844,0.0603179931640625,-0.04119110107421875,0.050754547119140625,0.009563446044921875,0.050754547119140625,True,,
canterbury_plain_2020-02-22T06:00:00,canterbury_plain,local,low_near,t1,q850_trace,precip_only,zwd,,,,,,,,,,,,,,nan,nan,nan,nan,nan,,True,no_zwd_output_head
canterbury_plain_2020-02-22T06:00:00,canterbury_plain,synoptic,hotspot,t1,q850_trace,precip_zwd,precip,-46.02252252252252,172.2004848495109,0.00011775813618442044,1.0,850,0.0,0.024850756629182284,0.999999910201222,0.9735137606300426,0.026486151949603486,1.978289008140564,3.2877418994903564,1.3613523244857788,1.3094528913497925,-0.6169366836547852,0.9631947875022888,0.34625810384750366,0.9631947875022888,True,,
canterbury_plain_2020-02-22T06:00:00,canterbury_plain,synoptic,hotspot,t1,q850_trace,precip_only,precip,-46.02252252252252,172.2004848495109,0.00011775813618442044,1.0,850,0.0,0.024850756629182284,0.999999910201222,0.9735137606300426,0.026486151949603486,1.857002854347229,3.11801815032959,1.23993980884552,1.2610152959823608,-0.617063045501709,0.9390391707420349,0.3219761252403259,0.9390391707420349,True,,
canterbury_plain_2020-02-22T06:00:00,canterbury_plain,synoptic,low_near,t1,q850_trace,precip_zwd,precip,-61.02252252252252,172.2004848495109,8.954866643762216e-06,1.0,850,0.0,0.07634327346005541,1.0,0.9170534840505181,0.08294651594948192,1.978289008140564,1.959203839302063,1.9413361549377441,-0.019085168838500977,-0.036952853202819824,0.008933842182159424,-0.0280190110206604,0.0280190110206604,False,,
canterbury_plain_2020-02-22T06:00:00,canterbury_plain,synoptic,low_near,t1,q850_trace,precip_only,precip,-61.02252252252252,172.2004848495109,8.954866643762216e-06,1.0,850,0.0,0.07634327346005541,1.0,0.9170534840505181,0.08294651594948192,1.857002854347229,1.8503774404525757,1.8321408033370972,-0.00662541389465332,-0.024862051010131836,0.009118318557739258,-0.015743732452392578,0.015743732452392578,False,,
canterbury_plain_2020-02-22T06:00:00,canterbury_plain,synoptic,hotspot,t1,q850_trace,precip_zwd,zwd,-46.02252252252252,172.2004848495109,0.00011775813618442044,1.0,850,0.0,0.024850756629182284,0.999999910201222,0.9735137606300426,0.026486151949603486,119.95804595947266,122.0912857055664,113.8423080444336,2.13323974609375,-6.1157379150390625,4.124488830566406,-1.9912490844726562,4.124488830566406,True,,
canterbury_plain_2020-02-22T06:00:00,canterbury_plain,synoptic,hotspot,t1,q850_trace,precip_only,zwd,,,,,,,,,,,,,,nan,nan,nan,nan,nan,,True,no_zwd_output_head
canterbury_plain_2020-02-22T06:00:00,canterbury_plain,synoptic,low_near,t1,q850_trace,precip_zwd,zwd,-61.02252252252252,172.2004848495109,8.954866643762216e-06,1.0,850,0.0,0.07634327346005541,1.0,0.9170534840505181,0.08294651594948192,119.95804595947266,120.27982330322266,119.54427337646484,0.32177734375,-0.4137725830078125,0.36777496337890625,-0.04599761962890625,0.36777496337890625,True,,
canterbury_plain_2020-02-22T06:00:00,canterbury_plain,synoptic,low_near,t1,q850_trace,precip_only,zwd,,,,,,,,,,,,,,nan,nan,nan,nan,nan,,True,no_zwd_output_head
cascades_sierra_2020-11-13T18:00:00,cascades_sierra,local,hotspot,t1,q850_trace,precip_zwd,precip,41.97747747747748,239.69295654039695,7.42684060242027e-05,1.0,850,0.0,0.01574264202600958,1.0,0.9932579096003352,0.006742090399664751,3.77961802482605,3.9789135456085205,3.490633964538574,0.1992955207824707,-0.2889840602874756,0.24413979053497314,-0.04484426975250244,0.24413979053497314,True,,
cascades_sierra_2020-11-13T18:00:00,cascades_sierra,local,hotspot,t1,q850_trace,precip_only,precip,41.97747747747748,239.69295654039695,7.42684060242027e-05,1.0,850,0.0,0.01574264202600958,1.0,0.9932579096003352,0.006742090399664751,3.5521185398101807,3.745267152786255,3.282724380493164,0.19314861297607422,-0.2693941593170166,0.2312713861465454,-0.03812277317047119,0.2312713861465454,True,,
cascades_sierra_2020-11-13T18:00:00,cascades_sierra,local,low_near,t1,q850_trace,precip_zwd,precip,51.97747747747748,257.19295654039695,1.0740226343841641e-06,1.0,850,0.0,0.15402070628279677,1.0,0.7489339770670717,0.2510660229329284,3.77961802482605,3.7760353088378906,3.7795276641845703,-0.0035827159881591797,-9.036064147949219e-05,-0.0017461776733398438,-0.001836538314819336,0.001836538314819336,False,,
cascades_sierra_2020-11-13T18:00:00,cascades_sierra,local,low_near,t1,q850_trace,precip_only,precip,51.97747747747748,257.19295654039695,1.0740226343841641e-06,1.0,850,0.0,0.15402070628279677,1.0,0.7489339770670717,0.2510660229329284,3.5521185398101807,3.550326108932495,3.549675464630127,-0.0017924308776855469,-0.002443075180053711,0.00032532215118408203,-0.002117753028869629,0.002117753028869629,False,,
cascades_sierra_2020-11-13T18:00:00,cascades_sierra,local,hotspot,t1,q850_trace,precip_zwd,zwd,41.97747747747748,239.69295654039695,7.42684060242027e-05,1.0,850,0.0,0.01574264202600958,1.0,0.9932579096003352,0.006742090399664751,61.71721267700195,58.80231857299805,64.73544311523438,-2.9148941040039062,3.018230438232422,-2.966562271118164,0.05166816711425781,2.966562271118164,True,,
cascades_sierra_2020-11-13T18:00:00,cascades_sierra,local,hotspot,t1,q850_trace,precip_only,zwd,,,,,,,,,,,,,,nan,nan,nan,nan,nan,,True,no_zwd_output_head
cascades_sierra_2020-11-13T18:00:00,cascades_sierra,local,low_near,t1,q850_trace,precip_zwd,zwd,51.97747747747748,257.19295654039695,1.0740226343841641e-06,1.0,850,0.0,0.15402070628279677,1.0,0.7489339770670717,0.2510660229329284,61.71721267700195,61.73690414428711,61.74220275878906,0.01969146728515625,0.024990081787109375,-0.0026493072509765625,0.022340774536132812,0.022340774536132812,False,,
cascades_sierra_2020-11-13T18:00:00,cascades_sierra,local,low_near,t1,q850_trace,precip_only,zwd,,,,,,,,,,,,,,nan,nan,nan,nan,nan,,True,no_zwd_output_head
cascades_sierra_2020-11-13T18:00:00,cascades_sierra,synoptic,hotspot,t1,q850_trace,precip_zwd,precip,39.47747747747748,239.69295654039695,0.00013925741950515658,1.0,850,0.0,0.04031361896530436,1.0,0.949947064828067,0.050052935171933,3.77961802482605,3.963809013366699,3.2816758155822754,0.18419098854064941,-0.4979422092437744,0.3410665988922119,-0.1568756103515625,0.3410665988922119,True,,
cascades_sierra_2020-11-13T18:00:00,cascades_sierra,synoptic,hotspot,t1,q850_trace,precip_only,precip,39.47747747747748,239.69295654039695,0.00013925741950515658,1.0,850,0.0,0.04031361896530436,1.0,0.949947064828067,0.050052935171933,3.5521185398101807,3.7388854026794434,3.0584588050842285,0.1867668628692627,-0.49365973472595215,0.3402132987976074,-0.15344643592834473,0.3402132987976074,True,,
cascades_sierra_2020-11-13T18:00:00,cascades_sierra,synoptic,low_near,t1,q850_trace,precip_zwd,precip,59.47747747747748,239.69295654039695,1.033178068610141e-05,1.0,850,0.0,0.1635890872894956,1.0,0.7304910522845454,0.26950894771545464,3.77961802482605,3.7739710807800293,3.7838099002838135,-0.005646944046020508,0.004191875457763672,-0.00491940975189209,-0.000727534294128418,0.00491940975189209,True,,
cascades_sierra_2020-11-13T18:00:00,cascades_sierra,synoptic,low_near,t1,q850_trace,precip_only,precip,59.47747747747748,239.69295654039695,1.033178068610141e-05,1.0,850,0.0,0.1635890872894956,1.0,0.7304910522845454,0.26950894771545464,3.5521185398101807,3.5475125312805176,3.558626413345337,-0.004606008529663086,0.00650787353515625,-0.005556941032409668,0.000950932502746582,0.005556941032409668,True,,
cascades_sierra_2020-11-13T18:00:00,cascades_sierra,synoptic,hotspot,t1,q850_trace,precip_zwd,zwd,39.47747747747748,239.69295654039695,0.00013925741950515658,1.0,850,0.0,0.04031361896530436,1.0,0.949947064828067,0.050052935171933,61.71721267700195,59.647560119628906,62.363033294677734,-2.069652557373047,0.6458206176757812,-1.357736587524414,-0.7119159698486328,1.357736587524414,True,,
cascades_sierra_2020-11-13T18:00:00,cascades_sierra,synoptic,hotspot,t1,q850_trace,precip_only,zwd,,,,,,,,,,,,,,nan,nan,nan,nan,nan,,True,no_zwd_output_head
cascades_sierra_2020-11-13T18:00:00,cascades_sierra,synoptic,low_near,t1,q850_trace,precip_zwd,zwd,59.47747747747748,239.69295654039695,1.033178068610141e-05,1.0,850,0.0,0.1635890872894956,1.0,0.7304910522845454,0.26950894771545464,61.71721267700195,61.83099365234375,61.77775192260742,0.11378097534179688,0.06053924560546875,0.026620864868164062,0.08716011047363281,0.08716011047363281,False,,
cascades_sierra_2020-11-13T18:00:00,cascades_sierra,synoptic,low_near,t1,q850_trace,precip_only,zwd,,,,,,,,,,,,,,nan,nan,nan,nan,nan,,True,no_zwd_output_head
caspian_lowland_2020-09-19T06:00:00,caspian_lowland,local,hotspot,t1,q850_trace,precip_zwd,precip,45.97747747747748,45.57755541383499,8.502865966875106e-05,1.0,850,0.0,0.00512,1.0,0.9982715904629014,0.0017284095370986533,-0.012800633907318115,0.01620415784418583,-0.022902712225914,0.029004791751503944,-0.010102078318595886,0.019553435035049915,0.009451356716454029,0.019553435035049915,True,,
caspian_lowland_2020-09-19T06:00:00,caspian_lowland,local,hotspot,t1,q850_trace,precip_only,precip,45.97747747747748,45.57755541383499,8.502865966875106e-05,1.0,850,0.0,0.00512,1.0,0.9982715904629014,0.0017284095370986533,0.01659330353140831,0.03049742616713047,0.010182620026171207,0.01390412263572216,-0.0064106835052371025,0.010157403070479631,0.003746719565242529,0.010157403070479631,True,,
caspian_lowland_2020-09-19T06:00:00,caspian_lowland,local,low_near,t1,q850_trace,precip_zwd,precip,60.97747747747748,55.57755541383499,1.6073196320576244e-06,1.0,850,0.0,0.0,1.0,1.0,0.0,-0.012800633907318115,-0.01396295428276062,-0.012912103906273842,-0.0011623203754425049,-0.00011146999895572662,-0.0005254251882433891,-0.0006368951871991158,0.0006368951871991158,False,,
caspian_lowland_2020-09-19T06:00:00,caspian_lowland,local,low_near,t1,q850_trace,precip_only,precip,60.97747747747748,55.57755541383499,1.6073196320576244e-06,1.0,850,0.0,0.0,1.0,1.0,0.0,0.01659330353140831,0.016009438782930374,0.01667853258550167,-0.0005838647484779358,8.52290540933609e-05,-0.00033454690128564835,-0.00024931784719228745,0.00033454690128564835,True,,
caspian_lowland_2020-09-19T06:00:00,caspian_lowland,local,hotspot,t1,q850_trace,precip_zwd,zwd,45.97747747747748,45.57755541383499,8.502865966875106e-05,1.0,850,0.0,0.00512,1.0,0.9982715904629014,0.0017284095370986533,81.88233184814453,81.02417755126953,82.42070770263672,-0.858154296875,0.5383758544921875,-0.6982650756835938,-0.15988922119140625,0.6982650756835938,True,,
caspian_lowland_2020-09-19T06:00:00,caspian_lowland,local,hotspot,t1,q850_trace,precip_only,zwd,,,,,,,,,,,,,,nan,nan,nan,nan,nan,,True,no_zwd_output_head
caspian_lowland_2020-09-19T06:00:00,caspian_lowland,local,low_near,t1,q850_trace,precip_zwd,zwd,60.97747747747748,55.57755541383499,1.6073196320576244e-06,1.0,850,0.0,0.0,1.0,1.0,0.0,81.88233184814453,81.87007141113281,81.81732940673828,-0.01226043701171875,-0.06500244140625,0.026371002197265625,-0.038631439208984375,0.038631439208984375,False,,
caspian_lowland_2020-09-19T06:00:00,caspian_lowland,local,low_near,t1,q850_trace,precip_only,zwd,,,,,,,,,,,,,,nan,nan,nan,nan,nan,,True,no_zwd_output_head
caspian_lowland_2020-09-19T06:00:00,caspian_lowland,synoptic,hotspot,t1,q850_trace,precip_zwd,precip,48.47747747747748,45.57755541383499,0.00015244846872519702,1.0,850,0.0,0.011058368028852529,0.9999999142698811,0.9954885382260312,0.004511376430610764,-0.012800633907318115,0.01177937537431717,-0.023921392858028412,0.024580009281635284,-0.011120758950710297,0.01785038411617279,0.006729625165462494,0.01785038411617279,True,,
caspian_lowland_2020-09-19T06:00:00,caspian_lowland,synoptic,hotspot,t1,q850_trace,precip_only,precip,48.47747747747748,45.57755541383499,0.00015244846872519702,1.0,850,0.0,0.011058368028852529,0.9999999142698811,0.9954885382260312,0.004511376430610764,0.01659330353140831,0.032420165836811066,0.012030970305204391,0.015826862305402756,-0.0045623332262039185,0.010194597765803337,0.005632264539599419,0.010194597765803337,True,,
caspian_lowland_2020-09-19T06:00:00,caspian_lowland,synoptic,low_near,t1,q850_trace,precip_zwd,precip,38.47747747747748,70.577555413835,1.2659621461352799e-05,1.0,850,0.0,0.061543277508217246,0.9999998987590697,0.8955566165605054,0.10444329277250036,-0.012800633907318115,-0.014275569468736649,-0.012385819107294083,-0.0014749355614185333,0.0004148148000240326,-0.000944875180721283,-0.0005300603806972504,0.000944875180721283,True,,
caspian_lowland_2020-09-19T06:00:00,caspian_lowland,synoptic,low_near,t1,q850_trace,precip_only,precip,38.47747747747748,70.577555413835,1.2659621461352799e-05,1.0,850,0.0,0.061543277508217246,0.9999998987590697,0.8955566165605054,0.10444329277250036,0.01659330353140831,0.016272151842713356,0.016806531697511673,-0.0003211516886949539,0.00021322816610336304,-0.0002671899273991585,-5.396176129579544e-05,0.0002671899273991585,True,,
caspian_lowland_2020-09-19T06:00:00,caspian_lowland,synoptic,hotspot,t1,q850_trace,precip_zwd,zwd,48.47747747747748,45.57755541383499,0.00015244846872519702,1.0,850,0.0,0.011058368028852529,0.9999999142698811,0.9954885382260312,0.004511376430610764,81.88233184814453,83.12490844726562,78.97615814208984,1.2425765991210938,-2.9061737060546875,2.0743751525878906,-0.8317985534667969,2.0743751525878906,True,,
caspian_lowland_2020-09-19T06:00:00,caspian_lowland,synoptic,hotspot,t1,q850_trace,precip_only,zwd,,,,,,,,,,,,,,nan,nan,nan,nan,nan,,True,no_zwd_output_head
caspian_lowland_2020-09-19T06:00:00,caspian_lowland,synoptic,low_near,t1,q850_trace,precip_zwd,zwd,38.47747747747748,70.577555413835,1.2659621461352799e-05,1.0,850,0.0,0.061543277508217246,0.9999998987590697,0.8955566165605054,0.10444329277250036,81.88233184814453,81.79834747314453,81.93436431884766,-0.083984375,0.052032470703125,-0.0680084228515625,-0.0159759521484375,0.0680084228515625,True,,
caspian_lowland_2020-09-19T06:00:00,caspian_lowland,synoptic,low_near,t1,q850_trace,precip_only,zwd,,,,,,,,,,,,,,nan,nan,nan,nan,nan,,True,no_zwd_output_head
caucasus_2020-08-22T12:00:00,caucasus,local,hotspot,t1,q850_trace,precip_zwd,precip,42.22747747747748,43.57312758741756,8.379690552828833e-05,1.0,850,0.0,0.0,0.9999999310517531,0.9999999310517531,0.0,1.3216607570648193,1.873199224472046,1.1262165307998657,0.5515384674072266,-0.1954442262649536,0.3734913468360901,0.17804712057113647,0.3734913468360901,True,,
caucasus_2020-08-22T12:00:00,caucasus,local,hotspot,t1,q850_trace,precip_only,precip,42.22747747747748,43.57312758741756,8.379690552828833e-05,1.0,850,0.0,0.0,0.9999999310517531,0.9999999310517531,0.0,1.1752536296844482,1.6957714557647705,0.9248285293579102,0.5205178260803223,-0.2504251003265381,0.3854714632034302,0.1350463628768921,0.3854714632034302,True,,
caucasus_2020-08-22T12:00:00,caucasus,local,low_near,t1,q850_trace,precip_zwd,precip,57.22747747747748,53.57312758741756,8.667876727486146e-07,1.0,850,0.0,0.0,1.0,1.0,0.0,1.3216607570648193,1.3007545471191406,1.3201425075531006,-0.02090620994567871,-0.00151824951171875,-0.00969398021697998,-0.01121222972869873,0.01121222972869873,False,,
caucasus_2020-08-22T12:00:00,caucasus,local,low_near,t1,q850_trace,precip_only,precip,57.22747747747748,53.57312758741756,8.667876727486146e-07,1.0,850,0.0,0.0,1.0,1.0,0.0,1.1752536296844482,1.1530967950820923,1.1750342845916748,-0.022156834602355957,-0.0002193450927734375,-0.01096874475479126,-0.011188089847564697,0.011188089847564697,False,,
caucasus_2020-08-22T12:00:00,caucasus,local,hotspot,t1,q850_trace,precip_zwd,zwd,42.22747747747748,43.57312758741756,8.379690552828833e-05,1.0,850,0.0,0.0,0.9999999310517531,0.9999999310517531,0.0,128.31480407714844,130.15365600585938,127.35367584228516,1.8388519287109375,-0.9611282348632812,1.3999900817871094,0.4388618469238281,1.3999900817871094,True,,
caucasus_2020-08-22T12:00:00,caucasus,local,hotspot,t1,q850_trace,precip_only,zwd,,,,,,,,,,,,,,nan,nan,nan,nan,nan,,True,no_zwd_output_head
caucasus_2020-08-22T12:00:00,caucasus,local,low_near,t1,q850_trace,precip_zwd,zwd,57.22747747747748,53.57312758741756,8.667876727486146e-07,1.0,850,0.0,0.0,1.0,1.0,0.0,128.31480407714844,128.28721618652344,128.29420471191406,-0.027587890625,-0.020599365234375,-0.0034942626953125,-0.0240936279296875,0.0240936279296875,False,,
caucasus_2020-08-22T12:00:00,caucasus,local,low_near,t1,q850_trace,precip_only,zwd,,,,,,,,,,,,,,nan,nan,nan,nan,nan,,True,no_zwd_output_head
caucasus_2020-08-22T12:00:00,caucasus,synoptic,hotspot,t1,q850_trace,precip_zwd,precip,44.72747747747748,43.57312758741756,0.00013724413292948157,1.0,850,0.0,0.0004262090128999261,0.9999999081208744,0.9998775251254954,0.00012238300662338302,1.3216607570648193,1.6921159029006958,1.1915286779403687,0.37045514583587646,-0.13013207912445068,0.2502936124801636,0.12016153335571289,0.2502936124801636,True,,
caucasus_2020-08-22T12:00:00,caucasus,synoptic,hotspot,t1,q850_trace,precip_only,precip,44.72747747747748,43.57312758741756,0.00013724413292948157,1.0,850,0.0,0.0004262090128999261,0.9999999081208744,0.9998775251254954,0.00012238300662338302,1.1752536296844482,1.4771029949188232,0.9990424513816833,0.301849365234375,-0.1762111783027649,0.23903027176856995,0.06281909346580505,0.23903027176856995,True,,
caucasus_2020-08-22T12:00:00,caucasus,synoptic,low_near,t1,q850_trace,precip_zwd,precip,59.72747747747748,48.57312758741756,8.51015738589922e-06,1.0,850,0.0,0.0015120662889861092,1.0,0.9994103898129129,0.0005896101870871458,1.3216607570648193,1.2937904596328735,1.3153034448623657,-0.0278702974319458,-0.006357312202453613,-0.010756492614746094,-0.017113804817199707,0.017113804817199707,False,,
caucasus_2020-08-22T12:00:00,caucasus,synoptic,low_near,t1,q850_trace,precip_only,precip,59.72747747747748,48.57312758741756,8.51015738589922e-06,1.0,850,0.0,0.0015120662889861092,1.0,0.9994103898129129,0.0005896101870871458,1.1752536296844482,1.1420153379440308,1.1664454936981201,-0.03323829174041748,-0.008808135986328125,-0.012215077877044678,-0.021023213863372803,0.021023213863372803,False,,
caucasus_2020-08-22T12:00:00,caucasus,synoptic,hotspot,t1,q850_trace,precip_zwd,zwd,44.72747747747748,43.57312758741756,0.00013724413292948157,1.0,850,0.0,0.0004262090128999261,0.9999999081208744,0.9998775251254954,0.00012238300662338302,128.31480407714844,129.42831420898438,127.81200408935547,1.1135101318359375,-0.5027999877929688,0.8081550598144531,0.3053550720214844,0.8081550598144531,True,,
caucasus_2020-08-22T12:00:00,caucasus,synoptic,hotspot,t1,q850_trace,precip_only,zwd,,,,,,,,,,,,,,nan,nan,nan,nan,nan,,True,no_zwd_output_head
caucasus_2020-08-22T12:00:00,caucasus,synoptic,low_near,t1,q850_trace,precip_zwd,zwd,59.72747747747748,48.57312758741756,8.51015738589922e-06,1.0,850,0.0,0.0015120662889861092,1.0,0.9994103898129129,0.0005896101870871458,128.31480407714844,128.24676513671875,128.3587646484375,-0.0680389404296875,0.0439605712890625,-0.055999755859375,-0.0120391845703125,0.055999755859375,True,,
caucasus_2020-08-22T12:00:00,caucasus,synoptic,low_near,t1,q850_trace,precip_only,zwd,,,,,,,,,,,,,,nan,nan,nan,nan,nan,,True,no_zwd_output_head
ganges_plain_2020-07-19T12:00:00,ganges_plain,local,hotspot,t1,q850_trace,precip_zwd,precip,24.47747747747748,89.24892185705099,8.608861389802769e-05,1.0,850,0.010495382031905962,0.0,0.9930271745366491,1.0000000847440536,0.006972909616491666,4.536859035491943,4.9963507652282715,4.317908763885498,0.4594917297363281,-0.2189502716064453,0.3392210006713867,0.1202707290649414,0.3392210006713867,True,,
ganges_plain_2020-07-19T12:00:00,ganges_plain,local,hotspot,t1,q850_trace,precip_only,precip,24.47747747747748,89.24892185705099,8.608861389802769e-05,1.0,850,0.010495382031905962,0.0,0.9930271745366491,1.0000000847440536,0.006972909616491666,4.510946273803711,5.05967903137207,4.15477180480957,0.5487327575683594,-0.3561744689941406,0.45245361328125,0.09627914428710938,0.45245361328125,True,,
ganges_plain_2020-07-19T12:00:00,ganges_plain,local,low_near,t1,q850_trace,precip_zwd,precip,36.97747747747748,79.24892185705099,1.4308703839560621e-06,1.0,850,0.0,0.0,1.0,0.9999999256149468,7.438505318642881e-08,4.536859035491943,4.528359889984131,4.534080982208252,-0.0084991455078125,-0.0027780532836914062,-0.002860546112060547,-0.005638599395751953,0.005638599395751953,False,,
ganges_plain_2020-07-19T12:00:00,ganges_plain,local,low_near,t1,q850_trace,precip_only,precip,36.97747747747748,79.24892185705099,1.4308703839560621e-06,1.0,850,0.0,0.0,1.0,0.9999999256149468,7.438505318642881e-08,4.510946273803711,4.503639221191406,4.5106682777404785,-0.0073070526123046875,-0.0002779960632324219,-0.003514528274536133,-0.0037925243377685547,0.0037925243377685547,False,,
ganges_plain_2020-07-19T12:00:00,ganges_plain,local,hotspot,t1,q850_trace,precip_zwd,zwd,24.47747747747748,89.24892185705099,8.608861389802769e-05,1.0,850,0.010495382031905962,0.0,0.9930271745366491,1.0000000847440536,0.006972909616491666,396.84600830078125,397.67010498046875,396.1298828125,0.8240966796875,-0.71612548828125,0.770111083984375,0.053985595703125,0.770111083984375,True,,
ganges_plain_2020-07-19T12:00:00,ganges_plain,local,hotspot,t1,q850_trace,precip_only,zwd,,,,,,,,,,,,,,nan,nan,nan,nan,nan,,True,no_zwd_output_head
ganges_plain_2020-07-19T12:00:00,ganges_plain,local,low_near,t1,q850_trace,precip_zwd,zwd,36.97747747747748,79.24892185705099,1.4308703839560621e-06,1.0,850,0.0,0.0,1.0,0.9999999256149468,7.438505318642881e-08,396.84600830078125,396.7867736816406,396.8080749511719,-0.059234619140625,-0.037933349609375,-0.010650634765625,-0.048583984375,0.048583984375,False,,
ganges_plain_2020-07-19T12:00:00,ganges_plain,local,low_near,t1,q850_trace,precip_only,zwd,,,,,,,,,,,,,,nan,nan,nan,nan,nan,,True,no_zwd_output_head
ganges_plain_2020-07-19T12:00:00,ganges_plain,synoptic,hotspot,t1,q850_trace,precip_zwd,precip,21.97747747747748,89.24892185705099,0.00015920671285130084,1.0,850,0.003003782540977527,0.0,0.9983519268484577,0.9999999400373604,0.0016480132877217492,4.536859035491943,4.933971881866455,4.393688678741455,0.3971128463745117,-0.14317035675048828,0.2701416015625,0.12697124481201172,0.2701416015625,True,,
ganges_plain_2020-07-19T12:00:00,ganges_plain,synoptic,hotspot,t1,q850_trace,precip_only,precip,21.97747747747748,89.24892185705099,0.00015920671285130084,1.0,850,0.003003782540977527,0.0,0.9983519268484577,0.9999999400373604,0.0016480132877217492,4.510946273803711,5.01301908493042,4.25715970993042,0.502072811126709,-0.253786563873291,0.3779296875,0.12414312362670898,0.3779296875,True,,
ganges_plain_2020-07-19T12:00:00,ganges_plain,synoptic,low_near,t1,q850_trace,precip_zwd,precip,41.97747747747748,89.24892185705099,1.2194820556032937e-05,1.0,850,5.947778504728484e-05,0.007286028668292393,0.9999906744416827,0.9965391603267291,0.003451546302549891,4.536859035491943,4.509932994842529,4.544920444488525,-0.026926040649414062,0.008061408996582031,-0.017493724822998047,-0.009432315826416016,0.017493724822998047,True,,
ganges_plain_2020-07-19T12:00:00,ganges_plain,synoptic,low_near,t1,q850_trace,precip_only,precip,41.97747747747748,89.24892185705099,1.2194820556032937e-05,1.0,850,5.947778504728484e-05,0.007286028668292393,0.9999906744416827,0.9965391603267291,0.003451546302549891,4.510946273803711,4.4954633712768555,4.520534515380859,-0.015482902526855469,0.009588241577148438,-0.012535572052001953,-0.0029473304748535156,0.012535572052001953,True,,
ganges_plain_2020-07-19T12:00:00,ganges_plain,synoptic,hotspot,t1,q850_trace,precip_zwd,zwd,21.97747747747748,89.24892185705099,0.00015920671285130084,1.0,850,0.003003782540977527,0.0,0.9983519268484577,0.9999999400373604,0.0016480132877217492,396.84600830078125,396.7276306152344,396.4794921875,-0.118377685546875,-0.36651611328125,0.1240692138671875,-0.2424468994140625,0.2424468994140625,False,,
ganges_plain_2020-07-19T12:00:00,ganges_plain,synoptic,hotspot,t1,q850_trace,precip_only,zwd,,,,,,,,,,,,,,nan,nan,nan,nan,nan,,True,no_zwd_output_head
ganges_plain_2020-07-19T12:00:00,ganges_plain,synoptic,low_near,t1,q850_trace,precip_zwd,zwd,41.97747747747748,89.24892185705099,1.2194820556032937e-05,1.0,850,5.947778504728484e-05,0.007286028668292393,0.9999906744416827,0.9965391603267291,0.003451546302549891,396.84600830078125,396.7313537597656,396.9160461425781,-0.114654541015625,0.070037841796875,-0.09234619140625,-0.022308349609375,0.09234619140625,True,,
ganges_plain_2020-07-19T12:00:00,ganges_plain,synoptic,low_near,t1,q850_trace,precip_only,zwd,,,,,,,,,,,,,,nan,nan,nan,nan,nan,,True,no_zwd_output_head
great_plains_2020-06-27T12:00:00,great_plains,local,hotspot,t1,q850_trace,precip_zwd,precip,38.97747747747748,262.0189286960998,0.00015982080367393792,1.0,850,0.0,0.0,1.0006750635812753,1.0006750635812753,0.0,-0.00997819285839796,0.1410069614648819,-0.012856354005634785,0.15098515432327986,-0.002878161147236824,0.07693165773525834,0.07405349658802152,0.07693165773525834,True,,
great_plains_2020-06-27T12:00:00,great_plains,local,hotspot,t1,q850_trace,precip_only,precip,38.97747747747748,262.0189286960998,0.00015982080367393792,1.0,850,0.0,0.0,1.0006750635812753,1.0006750635812753,0.0,0.019932173192501068,0.20779579877853394,0.01786406897008419,0.18786362558603287,-0.0020681042224168777,0.09496586490422487,0.092897760681808,0.09496586490422487,True,,
great_plains_2020-06-27T12:00:00,great_plains,local,low_near,t1,q850_trace,precip_zwd,precip,51.47747747747748,264.5189286960998,4.923642336507328e-06,1.0,850,0.0,0.0,1.0005407229821186,1.0005407229821186,0.0,-0.00997819285839796,-0.009963243268430233,-0.01034827996045351,1.4949589967727661e-05,-0.0003700871020555496,0.00019251834601163864,-0.00017756875604391098,0.00019251834601163864,True,,
great_plains_2020-06-27T12:00:00,great_plains,local,low_near,t1,q850_trace,precip_only,precip,51.47747747747748,264.5189286960998,4.923642336507328e-06,1.0,850,0.0,0.0,1.0005407229821186,1.0005407229821186,0.0,0.019932173192501068,0.019762886688113213,0.019852539524435997,-0.00016928650438785553,-7.96336680650711e-05,-4.482641816139221e-05,-0.00012446008622646332,0.00012446008622646332,False,,
great_plains_2020-06-27T12:00:00,great_plains,local,hotspot,t1,q850_trace,precip_zwd,zwd,38.97747747747748,262.0189286960998,0.00015982080367393792,1.0,850,0.0,0.0,1.0006750635812753,1.0006750635812753,0.0,233.7599334716797,237.65626525878906,229.76922607421875,3.896331787109375,-3.9907073974609375,3.9435195922851562,-0.04718780517578125,3.9435195922851562,True,,
great_plains_2020-06-27T12:00:00,great_plains,local,hotspot,t1,q850_trace,precip_only,zwd,,,,,,,,,,,,,,nan,nan,nan,nan,nan,,True,no_zwd_output_head
great_plains_2020-06-27T12:00:00,great_plains,local,low_near,t1,q850_trace,precip_zwd,zwd,51.47747747747748,264.5189286960998,4.923642336507328e-06,1.0,850,0.0,0.0,1.0005407229821186,1.0005407229821186,0.0,233.7599334716797,233.76663208007812,233.73007202148438,0.0066986083984375,-0.0298614501953125,0.018280029296875,-0.0115814208984375,0.018280029296875,True,,
great_plains_2020-06-27T12:00:00,great_plains,local,low_near,t1,q850_trace,precip_only,zwd,,,,,,,,,,,,,,nan,nan,nan,nan,nan,,True,no_zwd_output_head
great_plains_2020-06-27T12:00:00,great_plains,synoptic,hotspot,t1,q850_trace,precip_zwd,precip,36.47747747747748,264.5189286960998,0.0003045427438337356,1.0,850,0.0,0.0,1.000121249392843,1.000121249392843,0.0,-0.00997819285839796,0.12551091611385345,-0.010479746386408806,0.13548910897225142,-0.0005015535280108452,0.06799533125013113,0.06749377772212029,0.06799533125013113,True,,
great_plains_2020-06-27T12:00:00,great_plains,synoptic,hotspot,t1,q850_trace,precip_only,precip,36.47747747747748,264.5189286960998,0.0003045427438337356,1.0,850,0.0,0.0,1.000121249392843,1.000121249392843,0.0,0.019932173192501068,0.17732667922973633,0.018736084923148155,0.15739450603723526,-0.001196088269352913,0.07929529715329409,0.07809920888394117,0.07929529715329409,True,,
great_plains_2020-06-27T12:00:00,great_plains,synoptic,low_near,t1,q850_trace,precip_zwd,precip,56.47747747747748,264.5189286960998,2.6525876819505356e-05,1.0,850,0.0,0.007884972170686457,1.000083204966758,0.9935242252867679,0.006558433985708361,-0.00997819285839796,-0.009795041754841805,-0.009974170476198196,0.00018315110355615616,4.022382199764252e-06,8.956436067819595e-05,9.35867428779602e-05,9.35867428779602e-05,False,,
great_plains_2020-06-27T12:00:00,great_plains,synoptic,low_near,t1,q850_trace,precip_only,precip,56.47747747747748,264.5189286960998,2.6525876819505356e-05,1.0,850,0.0,0.007884972170686457,1.000083204966758,0.9935242252867679,0.006558433985708361,0.019932173192501068,0.019568733870983124,0.01995859108865261,-0.00036343932151794434,2.6417896151542664e-05,-0.0001949286088347435,-0.00016851071268320084,0.0001949286088347435,True,,
great_plains_2020-06-27T12:00:00,great_plains,synoptic,hotspot,t1,q850_trace,precip_zwd,zwd,36.47747747747748,264.5189286960998,0.0003045427438337356,1.0,850,0.0,0.0,1.000121249392843,1.000121249392843,0.0,233.7599334716797,235.41000366210938,231.8162841796875,1.6500701904296875,-1.9436492919921875,1.7968597412109375,-0.14678955078125,1.7968597412109375,True,,
great_plains_2020-06-27T12:00:00,great_plains,synoptic,hotspot,t1,q850_trace,precip_only,zwd,,,,,,,,,,,,,,nan,nan,nan,nan,nan,,True,no_zwd_output_head
great_plains_2020-06-27T12:00:00,great_plains,synoptic,low_near,t1,q850_trace,precip_zwd,zwd,56.47747747747748,264.5189286960998,2.6525876819505356e-05,1.0,850,0.0,0.007884972170686457,1.000083204966758,0.9935242252867679,0.006558433985708361,233.7599334716797,233.786865234375,233.7716522216797,0.0269317626953125,0.01171875,0.00760650634765625,0.01932525634765625,0.01932525634765625,False,,
great_plains_2020-06-27T12:00:00,great_plains,synoptic,low_near,t1,q850_trace,precip_only,zwd,,,,,,,,,,,,,,nan,nan,nan,nan,nan,,True,no_zwd_output_head
himalayas_2020-09-23T06:00:00,himalayas,local,hotspot,t1,q850_trace,precip_zwd,precip,28.22747747747748,84.4321042943339,0.00011218470172025263,1.0,850,0.0,0.0,0.999999917960646,1.0,8.203935394993237e-08,4.0685038566589355,4.440667152404785,3.721456289291382,0.3721632957458496,-0.3470475673675537,0.35960543155670166,0.01255786418914795,0.35960543155670166,True,,
himalayas_2020-09-23T06:00:00,himalayas,local,hotspot,t1,q850_trace,precip_only,precip,28.22747747747748,84.4321042943339,0.00011218470172025263,1.0,850,0.0,0.0,0.999999917960646,1.0,8.203935394993237e-08,3.87239933013916,4.342723846435547,3.45729660987854,0.4703245162963867,-0.4151027202606201,0.4427136182785034,0.0276108980178833,0.4427136182785034,True,,
himalayas_2020-09-23T06:00:00,himalayas,local,low_near,t1,q850_trace,precip_zwd,precip,38.22747747747748,69.4321042943339,1.9300625808682526e-06,1.0,850,0.0,0.028411147303655446,1.0,0.9807417955540367,0.01925820444596327,4.0685038566589355,4.067436218261719,4.067831516265869,-0.0010676383972167969,-0.0006723403930664062,-0.0001976490020751953,-0.0008699893951416016,0.0008699893951416016,False,,
himalayas_2020-09-23T06:00:00,himalayas,local,low_near,t1,q850_trace,precip_only,precip,38.22747747747748,69.4321042943339,1.9300625808682526e-06,1.0,850,0.0,0.028411147303655446,1.0,0.9807417955540367,0.01925820444596327,3.87239933013916,3.8707962036132812,3.871796131134033,-0.0016031265258789062,-0.0006031990051269531,-0.0004999637603759766,-0.0011031627655029297,0.0011031627655029297,False,,
himalayas_2020-09-23T06:00:00,himalayas,local,hotspot,t1,q850_trace,precip_zwd,zwd,28.22747747747748,84.4321042943339,0.00011218470172025263,1.0,850,0.0,0.0,0.999999917960646,1.0,8.203935394993237e-08,195.26483154296875,194.84913635253906,193.7790985107422,-0.4156951904296875,-1.4857330322265625,0.5350189208984375,-0.950714111328125,0.950714111328125,False,,
himalayas_2020-09-23T06:00:00,himalayas,local,hotspot,t1,q850_trace,precip_only,zwd,,,,,,,,,,,,,,nan,nan,nan,nan,nan,,True,no_zwd_output_head
himalayas_2020-09-23T06:00:00,himalayas,local,low_near,t1,q850_trace,precip_zwd,zwd,38.22747747747748,69.4321042943339,1.9300625808682526e-06,1.0,850,0.0,0.028411147303655446,1.0,0.9807417955540367,0.01925820444596327,195.26483154296875,195.30093383789062,195.27574157714844,0.036102294921875,0.0109100341796875,0.01259613037109375,0.02350616455078125,0.02350616455078125,False,,
himalayas_2020-09-23T06:00:00,himalayas,local,low_near,t1,q850_trace,precip_only,zwd,,,,,,,,,,,,,,nan,nan,nan,nan,nan,,True,no_zwd_output_head
himalayas_2020-09-23T06:00:00,himalayas,synoptic,hotspot,t1,q850_trace,precip_zwd,precip,30.72747747747748,84.4321042943339,0.00017673235561233014,1.0,850,0.0,0.018221824932957438,0.9999998888329471,0.9760280478921004,0.023971843605725993,4.0685038566589355,4.373159885406494,3.8462533950805664,0.3046560287475586,-0.22225046157836914,0.26345324516296387,0.04120278358459473,0.26345324516296387,True,,
himalayas_2020-09-23T06:00:00,himalayas,synoptic,hotspot,t1,q850_trace,precip_only,precip,30.72747747747748,84.4321042943339,0.00017673235561233014,1.0,850,0.0,0.018221824932957438,0.9999998888329471,0.9760280478921004,0.023971843605725993,3.87239933013916,4.292666435241699,3.6247494220733643,0.42026710510253906,-0.2476499080657959,0.3339585065841675,0.08630859851837158,0.3339585065841675,True,,
himalayas_2020-09-23T06:00:00,himalayas,synoptic,low_near,t1,q850_trace,precip_zwd,precip,45.72747747747748,89.4321042943339,1.474230066378368e-05,1.0,850,0.0,0.01183762354123625,1.0,0.9928804097700451,0.007119590229954892,4.0685038566589355,4.073237419128418,4.052242755889893,0.004733562469482422,-0.01626110076904297,0.010497331619262695,-0.0057637691497802734,0.010497331619262695,True,,
himalayas_2020-09-23T06:00:00,himalayas,synoptic,low_near,t1,q850_trace,precip_only,precip,45.72747747747748,89.4321042943339,1.474230066378368e-05,1.0,850,0.0,0.01183762354123625,1.0,0.9928804097700451,0.007119590229954892,3.87239933013916,3.877192735671997,3.8621013164520264,0.004793405532836914,-0.010298013687133789,0.0075457096099853516,-0.0027523040771484375,0.0075457096099853516,True,,
himalayas_2020-09-23T06:00:00,himalayas,synoptic,hotspot,t1,q850_trace,precip_zwd,zwd,30.72747747747748,84.4321042943339,0.00017673235561233014,1.0,850,0.0,0.018221824932957438,0.9999998888329471,0.9760280478921004,0.023971843605725993,195.26483154296875,194.23934936523438,194.4752655029297,-1.025482177734375,-0.7895660400390625,-0.11795806884765625,-0.9075241088867188,0.9075241088867188,False,,
himalayas_2020-09-23T06:00:00,himalayas,synoptic,hotspot,t1,q850_trace,precip_only,zwd,,,,,,,,,,,,,,nan,nan,nan,nan,nan,,True,no_zwd_output_head
himalayas_2020-09-23T06:00:00,himalayas,synoptic,low_near,t1,q850_trace,precip_zwd,zwd,45.72747747747748,89.4321042943339,1.474230066378368e-05,1.0,850,0.0,0.01183762354123625,1.0,0.9928804097700451,0.007119590229954892,195.26483154296875,195.3192138671875,195.259765625,0.05438232421875,-0.00506591796875,0.02972412109375,0.024658203125,0.02972412109375,True,,
himalayas_2020-09-23T06:00:00,himalayas,synoptic,low_near,t1,q850_trace,precip_only,zwd,,,,,,,,,,,,,,nan,nan,nan,nan,nan,,True,no_zwd_output_head
japan_2020-10-10T00:00:00,japan,local,hotspot,t1,q850_trace,precip_zwd,precip,35.47747747747748,138.58497947810284,0.00010302375449100509,1.0,850,0.0,0.0031871016122984627,1.0,0.999316355763729,0.0006836442362709664,4.872341156005859,5.014087677001953,4.868340969085693,0.14174652099609375,-0.004000186920166016,0.07287335395812988,0.06887316703796387,0.07287335395812988,True,,
japan_2020-10-10T00:00:00,japan,local,hotspot,t1,q850_trace,precip_only,precip,35.47747747747748,138.58497947810284,0.00010302375449100509,1.0,850,0.0,0.0031871016122984627,1.0,0.999316355763729,0.0006836442362709664,4.525426864624023,4.7271318435668945,4.474645614624023,0.2017049789428711,-0.05078125,0.12624311447143555,0.07546186447143555,0.12624311447143555,True,,
japan_2020-10-10T00:00:00,japan,local,low_near,t1,q850_trace,precip_zwd,precip,22.97747747747748,126.08497947810284,1.1451935506556765e-06,1.0,850,0.0,0.0,1.0,0.999999914275099,8.57249009063008e-08,4.872341156005859,4.871612548828125,4.872997760772705,-0.000728607177734375,0.0006566047668457031,-0.0006926059722900391,-3.600120544433594e-05,0.0006926059722900391,True,,
japan_2020-10-10T00:00:00,japan,local,low_near,t1,q850_trace,precip_only,precip,22.97747747747748,126.08497947810284,1.1451935506556765e-06,1.0,850,0.0,0.0,1.0,0.999999914275099,8.57249009063008e-08,4.525426864624023,4.523646831512451,4.526849269866943,-0.0017800331115722656,0.0014224052429199219,-0.0016012191772460938,-0.00017881393432617188,0.0016012191772460938,True,,
japan_2020-10-10T00:00:00,japan,local,hotspot,t1,q850_trace,precip_zwd,zwd,35.47747747747748,138.58497947810284,0.00010302375449100509,1.0,850,0.0,0.0031871016122984627,1.0,0.999316355763729,0.0006836442362709664,274.1937561035156,273.9024353027344,275.0367431640625,-0.29132080078125,0.842987060546875,-0.5671539306640625,0.2758331298828125,0.5671539306640625,True,,
japan_2020-10-10T00:00:00,japan,local,hotspot,t1,q850_trace,precip_only,zwd,,,,,,,,,,,,,,nan,nan,nan,nan,nan,,True,no_zwd_output_head
japan_2020-10-10T00:00:00,japan,local,low_near,t1,q850_trace,precip_zwd,zwd,22.97747747747748,126.08497947810284,1.1451935506556765e-06,1.0,850,0.0,0.0,1.0,0.999999914275099,8.57249009063008e-08,274.1937561035156,274.1914367675781,274.0137023925781,-0.0023193359375,-0.1800537109375,0.0888671875,-0.0911865234375,0.0911865234375,False,,
japan_2020-10-10T00:00:00,japan,local,low_near,t1,q850_trace,precip_only,zwd,,,,,,,,,,,,,,nan,nan,nan,nan,nan,,True,no_zwd_output_head
japan_2020-10-10T00:00:00,japan,synoptic,hotspot,t1,q850_trace,precip_zwd,precip,32.97747747747748,141.08497947810284,0.0001805153879104182,1.0,850,0.0,0.01583626908236873,1.0,0.9895491090331485,0.010450890966851431,4.872341156005859,5.157358646392822,4.742205619812012,0.2850174903869629,-0.13013553619384766,0.20757651329040527,0.07744097709655762,0.20757651329040527,True,,
japan_2020-10-10T00:00:00,japan,synoptic,hotspot,t1,q850_trace,precip_only,precip,32.97747747747748,141.08497947810284,0.0001805153879104182,1.0,850,0.0,0.01583626908236873,1.0,0.9895491090331485,0.010450890966851431,4.525426864624023,4.916658401489258,4.307376861572266,0.3912315368652344,-0.2180500030517578,0.3046407699584961,0.08659076690673828,0.3046407699584961,True,,
japan_2020-10-10T00:00:00,japan,synoptic,low_near,t1,q850_trace,precip_zwd,precip,52.97747747747748,141.08497947810284,1.2401071217027493e-05,1.0,850,0.0,0.11129036141677301,0.9999999221308428,0.8092508558793744,0.19074908110493852,4.872341156005859,4.877367973327637,4.874256610870361,0.005026817321777344,0.0019154548645019531,0.0015556812286376953,0.0034711360931396484,0.0034711360931396484,False,,
japan_2020-10-10T00:00:00,japan,synoptic,low_near,t1,q850_trace,precip_only,precip,52.97747747747748,141.08497947810284,1.2401071217027493e-05,1.0,850,0.0,0.11129036141677301,0.9999999221308428,0.8092508558793744,0.19074908110493852,4.525426864624023,4.527559280395508,4.5244340896606445,0.002132415771484375,-0.0009927749633789062,0.0015625953674316406,0.0005698204040527344,0.0015625953674316406,True,,
japan_2020-10-10T00:00:00,japan,synoptic,hotspot,t1,q850_trace,precip_zwd,zwd,32.97747747747748,141.08497947810284,0.0001805153879104182,1.0,850,0.0,0.01583626908236873,1.0,0.9895491090331485,0.010450890966851431,274.1937561035156,278.05377197265625,269.4515380859375,3.860015869140625,-4.742218017578125,4.301116943359375,-0.44110107421875,4.301116943359375,True,,
japan_2020-10-10T00:00:00,japan,synoptic,hotspot,t1,q850_trace,precip_only,zwd,,,,,,,,,,,,,,nan,nan,nan,nan,nan,,True,no_zwd_output_head
japan_2020-10-10T00:00:00,japan,synoptic,low_near,t1,q850_trace,precip_zwd,zwd,52.97747747747748,141.08497947810284,1.2401071217027493e-05,1.0,850,0.0,0.11129036141677301,0.9999999221308428,0.8092508558793744,0.19074908110493852,274.1937561035156,274.41168212890625,274.1164855957031,0.217926025390625,-0.0772705078125,0.1475982666015625,0.0703277587890625,0.1475982666015625,True,,
japan_2020-10-10T00:00:00,japan,synoptic,low_near,t1,q850_trace,precip_only,zwd,,,,,,,,,,,,,,nan,nan,nan,nan,nan,,True,no_zwd_output_head
netherlands_2020-12-27T12:00:00,netherlands,local,hotspot,t1,q850_trace,precip_zwd,precip,52.47747747747748,3.502710997644563,5.496609446709044e-05,1.0,850,0.0,0.03409090909090909,1.0,0.9577547924148907,0.04224520758510926,3.7179300785064697,4.189404010772705,3.298574447631836,0.47147393226623535,-0.4193556308746338,0.44541478157043457,0.02605915069580078,0.44541478157043457,True,,
netherlands_2020-12-27T12:00:00,netherlands,local,hotspot,t1,q850_trace,precip_only,precip,52.47747747747748,3.502710997644563,5.496609446709044e-05,1.0,850,0.0,0.03409090909090909,1.0,0.9577547924148907,0.04224520758510926,3.512951374053955,4.092975616455078,2.971693515777588,0.580024242401123,-0.5412578582763672,0.5606410503387451,0.01938319206237793,0.5606410503387451,True,,
netherlands_2020-12-27T12:00:00,netherlands,local,low_near,t1,q850_trace,precip_zwd,precip,64.97747747747748,346.00271099764456,7.220296538434923e-07,1.0,850,0.0,0.05765485001947799,1.0,0.9443478392378737,0.05565216076212633,3.7179300785064697,3.7157156467437744,3.7230210304260254,-0.0022144317626953125,0.005090951919555664,-0.0036526918411254883,0.0014382600784301758,0.0036526918411254883,True,,
netherlands_2020-12-27T12:00:00,netherlands,local,low_near,t1,q850_trace,precip_only,precip,64.97747747747748,346.00271099764456,7.220296538434923e-07,1.0,850,0.0,0.05765485001947799,1.0,0.9443478392378737,0.05565216076212633,3.512951374053955,3.5091001987457275,3.512141466140747,-0.003851175308227539,-0.0008099079132080078,-0.0015206336975097656,-0.0023305416107177734,0.0023305416107177734,False,,
netherlands_2020-12-27T12:00:00,netherlands,local,hotspot,t1,q850_trace,precip_zwd,zwd,52.47747747747748,3.502710997644563,5.496609446709044e-05,1.0,850,0.0,0.03409090909090909,1.0,0.9577547924148907,0.04224520758510926,88.56739807128906,89.87459564208984,88.86486053466797,1.3071975708007812,0.29746246337890625,0.5048675537109375,0.8023300170898438,0.8023300170898438,False,,
netherlands_2020-12-27T12:00:00,netherlands,local,hotspot,t1,q850_trace,precip_only,zwd,,,,,,,,,,,,,,nan,nan,nan,nan,nan,,True,no_zwd_output_head
netherlands_2020-12-27T12:00:00,netherlands,local,low_near,t1,q850_trace,precip_zwd,zwd,64.97747747747748,346.00271099764456,7.220296538434923e-07,1.0,850,0.0,0.05765485001947799,1.0,0.9443478392378737,0.05565216076212633,88.56739807128906,88.46268463134766,88.56713104248047,-0.10471343994140625,-0.00026702880859375,-0.05222320556640625,-0.052490234375,0.052490234375,False,,
netherlands_2020-12-27T12:00:00,netherlands,local,low_near,t1,q850_trace,precip_only,zwd,,,,,,,,,,,,,,nan,nan,nan,nan,nan,,True,no_zwd_output_head
netherlands_2020-12-27T12:00:00,netherlands,synoptic,hotspot,t1,q850_trace,precip_zwd,precip,49.97747747747748,3.502710997644563,9.8186828836333e-05,1.0,850,0.0,0.07701211513234046,0.9999999168338999,0.9133717782492372,0.08662814578918772,3.7179300785064697,3.99552845954895,3.3619940280914307,0.27759838104248047,-0.35593605041503906,0.31676721572875977,-0.0391688346862793,0.31676721572875977,True,,
netherlands_2020-12-27T12:00:00,netherlands,synoptic,hotspot,t1,q850_trace,precip_only,precip,49.97747747747748,3.502710997644563,9.8186828836333e-05,1.0,850,0.0,0.07701211513234046,0.9999999168338999,0.9133717782492372,0.08662814578918772,3.512951374053955,3.8718180656433105,3.0495967864990234,0.35886669158935547,-0.46335458755493164,0.41111063957214355,-0.052243947982788086,0.41111063957214355,True,,
netherlands_2020-12-27T12:00:00,netherlands,synoptic,low_near,t1,q850_trace,precip_zwd,precip,69.97747747747748,358.50271099764456,6.196584763529245e-06,1.0,850,0.0,0.17359300720748352,1.0,0.7340199781336065,0.2659800218663935,3.7179300785064697,3.690746545791626,3.7265496253967285,-0.02718353271484375,0.008619546890258789,-0.01790153980255127,-0.00928199291229248,0.01790153980255127,True,,
netherlands_2020-12-27T12:00:00,netherlands,synoptic,low_near,t1,q850_trace,precip_only,precip,69.97747747747748,358.50271099764456,6.196584763529245e-06,1.0,850,0.0,0.17359300720748352,1.0,0.7340199781336065,0.2659800218663935,3.512951374053955,3.4710278511047363,3.5278544425964355,-0.04192352294921875,0.014903068542480469,-0.02841329574584961,-0.01351022720336914,0.02841329574584961,True,,
netherlands_2020-12-27T12:00:00,netherlands,synoptic,hotspot,t1,q850_trace,precip_zwd,zwd,49.97747747747748,3.502710997644563,9.8186828836333e-05,1.0,850,0.0,0.07701211513234046,0.9999999168338999,0.9133717782492372,0.08662814578918772,88.56739807128906,88.26782989501953,89.58678436279297,-0.29956817626953125,1.0193862915039062,-0.6594772338867188,0.3599090576171875,0.6594772338867188,True,,
netherlands_2020-12-27T12:00:00,netherlands,synoptic,hotspot,t1,q850_trace,precip_only,zwd,,,,,,,,,,,,,,nan,nan,nan,nan,nan,,True,no_zwd_output_head
netherlands_2020-12-27T12:00:00,netherlands,synoptic,low_near,t1,q850_trace,precip_zwd,zwd,69.97747747747748,358.50271099764456,6.196584763529245e-06,1.0,850,0.0,0.17359300720748352,1.0,0.7340199781336065,0.2659800218663935,88.56739807128906,88.30744934082031,88.5223617553711,-0.25994873046875,-0.04503631591796875,-0.10745620727539062,-0.15249252319335938,0.15249252319335938,False,,
netherlands_2020-12-27T12:00:00,netherlands,synoptic,low_near,t1,q850_trace,precip_only,zwd,,,,,,,,,,,,,,nan,nan,nan,nan,nan,,True,no_zwd_output_head
new_zealand_alps_2020-12-23T00:00:00,new_zealand_alps,local,hotspot,t1,q850_trace,precip_zwd,precip,-44.02252252252252,168.69000921133608,6.917526479810476e-05,1.0,850,0.0,0.0,0.9999999330458277,0.9999999330458277,0.0,4.563471794128418,4.901346206665039,4.25575590133667,0.3378744125366211,-0.30771589279174805,0.32279515266418457,0.015079259872436523,0.32279515266418457,True,,
new_zealand_alps_2020-12-23T00:00:00,new_zealand_alps,local,hotspot,t1,q850_trace,precip_only,precip,-44.02252252252252,168.69000921133608,6.917526479810476e-05,1.0,850,0.0,0.0,0.9999999330458277,0.9999999330458277,0.0,4.344748020172119,4.736826419830322,3.9113810062408447,0.3920783996582031,-0.4333670139312744,0.41272270679473877,-0.020644307136535645,0.41272270679473877,True,,
new_zealand_alps_2020-12-23T00:00:00,new_zealand_alps,local,low_near,t1,q850_trace,precip_zwd,precip,-54.02252252252252,153.69000921133608,8.649820983919199e-07,1.0,850,0.0,0.027864195860949546,0.9999998905988052,0.9763587300184188,0.02364116316675796,4.563471794128418,4.54693603515625,4.559930801391602,-0.01653575897216797,-0.0035409927368164062,-0.006497383117675781,-0.010038375854492188,0.010038375854492188,False,,
new_zealand_alps_2020-12-23T00:00:00,new_zealand_alps,local,low_near,t1,q850_trace,precip_only,precip,-54.02252252252252,153.69000921133608,8.649820983919199e-07,1.0,850,0.0,0.027864195860949546,0.9999998905988052,0.9763587300184188,0.02364116316675796,4.344748020172119,4.3238911628723145,4.352017879486084,-0.020856857299804688,0.007269859313964844,-0.014063358306884766,-0.006793498992919922,0.014063358306884766,True,,
new_zealand_alps_2020-12-23T00:00:00,new_zealand_alps,local,hotspot,t1,q850_trace,precip_zwd,zwd,-44.02252252252252,168.69000921133608,6.917526479810476e-05,1.0,850,0.0,0.0,0.9999999330458277,0.9999999330458277,0.0,174.939208984375,176.8452911376953,176.65170288085938,1.9060821533203125,1.712493896484375,0.09679412841796875,1.8092880249023438,1.8092880249023438,False,,
new_zealand_alps_2020-12-23T00:00:00,new_zealand_alps,local,hotspot,t1,q850_trace,precip_only,zwd,,,,,,,,,,,,,,nan,nan,nan,nan,nan,,True,no_zwd_output_head
new_zealand_alps_2020-12-23T00:00:00,new_zealand_alps,local,low_near,t1,q850_trace,precip_zwd,zwd,-54.02252252252252,153.69000921133608,8.649820983919199e-07,1.0,850,0.0,0.027864195860949546,0.9999998905988052,0.9763587300184188,0.02364116316675796,174.939208984375,174.92710876464844,174.94883728027344,-0.0121002197265625,0.0096282958984375,-0.0108642578125,-0.0012359619140625,0.0108642578125,True,,
new_zealand_alps_2020-12-23T00:00:00,new_zealand_alps,local,low_near,t1,q850_trace,precip_only,zwd,,,,,,,,,,,,,,nan,nan,nan,nan,nan,,True,no_zwd_output_head
new_zealand_alps_2020-12-23T00:00:00,new_zealand_alps,synoptic,hotspot,t1,q850_trace,precip_zwd,precip,-41.52252252252252,168.69000921133608,0.00014061319234315306,1.0,850,0.0,0.0017371510722415239,1.0,0.9985087234161214,0.0014912765838786437,4.563471794128418,4.989396095275879,4.1380767822265625,0.42592430114746094,-0.42539501190185547,0.4256596565246582,0.0002646446228027344,0.4256596565246582,True,,
new_zealand_alps_2020-12-23T00:00:00,new_zealand_alps,synoptic,hotspot,t1,q850_trace,precip_only,precip,-41.52252252252252,168.69000921133608,0.00014061319234315306,1.0,850,0.0,0.0017371510722415239,1.0,0.9985087234161214,0.0014912765838786437,4.344748020172119,4.855825901031494,3.736595630645752,0.511077880859375,-0.6081523895263672,0.5596151351928711,-0.048537254333496094,0.5596151351928711,True,,
new_zealand_alps_2020-12-23T00:00:00,new_zealand_alps,synoptic,low_near,t1,q850_trace,precip_zwd,precip,-61.52252252252252,168.69000921133608,6.812769242969807e-06,1.0,850,0.0,0.05104881769641495,1.0,0.9463936327269763,0.0536063672730237,4.563471794128418,4.539954662322998,4.565675735473633,-0.023517131805419922,0.0022039413452148438,-0.012860536575317383,-0.010656595230102539,0.012860536575317383,True,,
new_zealand_alps_2020-12-23T00:00:00,new_zealand_alps,synoptic,low_near,t1,q850_trace,precip_only,precip,-61.52252252252252,168.69000921133608,6.812769242969807e-06,1.0,850,0.0,0.05104881769641495,1.0,0.9463936327269763,0.0536063672730237,4.344748020172119,4.309835433959961,4.358999252319336,-0.0349125862121582,0.014251232147216797,-0.0245819091796875,-0.010330677032470703,0.0245819091796875,True,,
new_zealand_alps_2020-12-23T00:00:00,new_zealand_alps,synoptic,hotspot,t1,q850_trace,precip_zwd,zwd,-41.52252252252252,168.69000921133608,0.00014061319234315306,1.0,850,0.0,0.0017371510722415239,1.0,0.9985087234161214,0.0014912765838786437,174.939208984375,179.7360076904297,173.74771118164062,4.7967987060546875,-1.191497802734375,2.9941482543945312,1.8026504516601562,2.9941482543945312,True,,
new_zealand_alps_2020-12-23T00:00:00,new_zealand_alps,synoptic,hotspot,t1,q850_trace,precip_only,zwd,,,,,,,,,,,,,,nan,nan,nan,nan,nan,,True,no_zwd_output_head
new_zealand_alps_2020-12-23T00:00:00,new_zealand_alps,synoptic,low_near,t1,q850_trace,precip_zwd,zwd,-61.52252252252252,168.69000921133608,6.812769242969807e-06,1.0,850,0.0,0.05104881769641495,1.0,0.9463936327269763,0.0536063672730237,174.939208984375,174.99774169921875,175.00584411621094,0.05853271484375,0.0666351318359375,-0.00405120849609375,0.06258392333984375,0.06258392333984375,False,,
new_zealand_alps_2020-12-23T00:00:00,new_zealand_alps,synoptic,low_near,t1,q850_trace,precip_only,zwd,,,,,,,,,,,,,,nan,nan,nan,nan,nan,,True,no_zwd_output_head
pacific_nw_coast_2020-10-10T12:00:00,pacific_nw_coast,local,hotspot,t1,q850_trace,precip_zwd,precip,45.47747747747748,234.36670733333705,7.029702828731388e-05,1.0,850,0.0,0.0,0.9999998694208252,0.9999999347104126,6.528959165734821e-08,4.188981056213379,4.355302810668945,3.7103867530822754,0.1663217544555664,-0.4785943031311035,0.32245802879333496,-0.15613627433776855,0.32245802879333496,True,,
pacific_nw_coast_2020-10-10T12:00:00,pacific_nw_coast,local,hotspot,t1,q850_trace,precip_only,precip,45.47747747747748,234.36670733333705,7.029702828731388e-05,1.0,850,0.0,0.0,0.9999998694208252,0.9999999347104126,6.528959165734821e-08,3.801997661590576,4.070470333099365,3.188868761062622,0.26847267150878906,-0.6131289005279541,0.4408007860183716,-0.17232811450958252,0.4408007860183716,True,,
pacific_nw_coast_2020-10-10T12:00:00,pacific_nw_coast,local,low_near,t1,q850_trace,precip_zwd,precip,60.47747747747748,231.86670733333705,7.133359645195014e-07,1.0,850,0.0,0.044391462306993645,1.000000091765404,0.9633342151988653,0.036665873201880014,4.188981056213379,4.18568754196167,4.188805103302002,-0.0032935142517089844,-0.00017595291137695312,-0.0015587806701660156,-0.0017347335815429688,0.0017347335815429688,False,,
pacific_nw_coast_2020-10-10T12:00:00,pacific_nw_coast,local,low_near,t1,q850_trace,precip_only,precip,60.47747747747748,231.86670733333705,7.133359645195014e-07,1.0,850,0.0,0.044391462306993645,1.000000091765404,0.9633342151988653,0.036665873201880014,3.801997661590576,3.80426287651062,3.7994837760925293,0.0022652149200439453,-0.002513885498046875,0.00238955020904541,-0.00012433528900146484,0.00238955020904541,True,,
pacific_nw_coast_2020-10-10T12:00:00,pacific_nw_coast,local,hotspot,t1,q850_trace,precip_zwd,zwd,45.47747747747748,234.36670733333705,7.029702828731388e-05,1.0,850,0.0,0.0,0.9999998694208252,0.9999999347104126,6.528959165734821e-08,99.20337677001953,101.3122329711914,96.64228820800781,2.108856201171875,-2.5610885620117188,2.334972381591797,-0.22611618041992188,2.334972381591797,True,,
pacific_nw_coast_2020-10-10T12:00:00,pacific_nw_coast,local,hotspot,t1,q850_trace,precip_only,zwd,,,,,,,,,,,,,,nan,nan,nan,nan,nan,,True,no_zwd_output_head
pacific_nw_coast_2020-10-10T12:00:00,pacific_nw_coast,local,low_near,t1,q850_trace,precip_zwd,zwd,60.47747747747748,231.86670733333705,7.133359645195014e-07,1.0,850,0.0,0.044391462306993645,1.000000091765404,0.9633342151988653,0.036665873201880014,99.20337677001953,99.23538970947266,99.16973876953125,0.032012939453125,-0.03363800048828125,0.032825469970703125,-0.000812530517578125,0.032825469970703125,True,,
pacific_nw_coast_2020-10-10T12:00:00,pacific_nw_coast,local,low_near,t1,q850_trace,precip_only,zwd,,,,,,,,,,,,,,nan,nan,nan,nan,nan,,True,no_zwd_output_head
pacific_nw_coast_2020-10-10T12:00:00,pacific_nw_coast,synoptic,hotspot,t1,q850_trace,precip_zwd,precip,42.97747747747748,234.36670733333705,0.00011783451191149652,1.0,850,0.0,0.010269764175785593,0.9999999053844391,0.9924082366251916,0.007591669477537554,4.188981056213379,4.222050189971924,3.7309224605560303,0.03306913375854492,-0.45805859565734863,0.24556386470794678,-0.21249473094940186,0.24556386470794678,True,,
pacific_nw_coast_2020-10-10T12:00:00,pacific_nw_coast,synoptic,hotspot,t1,q850_trace,precip_only,precip,42.97747747747748,234.36670733333705,0.00011783451191149652,1.0,850,0.0,0.010269764175785593,0.9999999053844391,0.9924082366251916,0.007591669477537554,3.801997661590576,3.9110052585601807,3.236983299255371,0.10900759696960449,-0.5650143623352051,0.3370109796524048,-0.2280033826828003,0.3370109796524048,True,,
pacific_nw_coast_2020-10-10T12:00:00,pacific_nw_coast,synoptic,low_near,t1,q850_trace,precip_zwd,precip,62.97747747747748,229.36670733333705,6.609056072193198e-06,1.0,850,0.0,0.07667005887911608,1.0,0.9170733134680128,0.0829266865319872,4.188981056213379,4.180613994598389,4.192948341369629,-0.008367061614990234,0.00396728515625,-0.006167173385620117,-0.002199888229370117,0.006167173385620117,True,,
pacific_nw_coast_2020-10-10T12:00:00,pacific_nw_coast,synoptic,low_near,t1,q850_trace,precip_only,precip,62.97747747747748,229.36670733333705,6.609056072193198e-06,1.0,850,0.0,0.07667005887911608,1.0,0.9170733134680128,0.0829266865319872,3.801997661590576,3.7824177742004395,3.8132426738739014,-0.01957988739013672,0.011245012283325195,-0.015412449836730957,-0.004167437553405762,0.015412449836730957,True,,
pacific_nw_coast_2020-10-10T12:00:00,pacific_nw_coast,synoptic,hotspot,t1,q850_trace,precip_zwd,zwd,42.97747747747748,234.36670733333705,0.00011783451191149652,1.0,850,0.0,0.010269764175785593,0.9999999053844391,0.9924082366251916,0.007591669477537554,99.20337677001953,100.60128784179688,96.96322631835938,1.3979110717773438,-2.2401504516601562,1.81903076171875,-0.42111968994140625,1.81903076171875,True,,
pacific_nw_coast_2020-10-10T12:00:00,pacific_nw_coast,synoptic,hotspot,t1,q850_trace,precip_only,zwd,,,,,,,,,,,,,,nan,nan,nan,nan,nan,,True,no_zwd_output_head
pacific_nw_coast_2020-10-10T12:00:00,pacific_nw_coast,synoptic,low_near,t1,q850_trace,precip_zwd,zwd,62.97747747747748,229.36670733333705,6.609056072193198e-06,1.0,850,0.0,0.07667005887911608,1.0,0.9170733134680128,0.0829266865319872,99.20337677001953,99.61231994628906,99.06460571289062,0.40894317626953125,-0.13877105712890625,0.27385711669921875,0.1350860595703125,0.27385711669921875,True,,
pacific_nw_coast_2020-10-10T12:00:00,pacific_nw_coast,synoptic,low_near,t1,q850_trace,precip_only,zwd,,,,,,,,,,,,,,nan,nan,nan,nan,nan,,True,no_zwd_output_head
pampas_2020-01-15T12:00:00,pampas,local,hotspot,t1,q850_trace,precip_zwd,precip,-37.02252252252252,299.67102679969264,0.00022615896887145936,1.0,850,0.0,0.059786607799852835,0.9999999256590032,0.9333698000702968,0.06663013054205667,1.3104612827301025,1.4197790622711182,1.3852331638336182,0.10931777954101562,0.07477188110351562,0.01727294921875,0.09204483032226562,0.09204483032226562,False,,
pampas_2020-01-15T12:00:00,pampas,local,hotspot,t1,q850_trace,precip_only,precip,-37.02252252252252,299.67102679969264,0.00022615896887145936,1.0,850,0.0,0.059786607799852835,0.9999999256590032,0.9333698000702968,0.06663013054205667,1.2121118307113647,1.3565763235092163,1.2470977306365967,0.14446449279785156,0.034985899925231934,0.054739296436309814,0.08972519636154175,0.08972519636154175,False,,
pampas_2020-01-15T12:00:00,pampas,local,low_near,t1,q850_trace,precip_zwd,precip,-44.52252252252252,314.67102679969264,4.959940270055085e-06,1.0,850,0.0,0.0,1.0,1.0,0.0,1.3104612827301025,1.2975616455078125,1.3028714656829834,-0.012899637222290039,-0.007589817047119141,-0.0026549100875854492,-0.01024472713470459,0.01024472713470459,False,,
pampas_2020-01-15T12:00:00,pampas,local,low_near,t1,q850_trace,precip_only,precip,-44.52252252252252,314.67102679969264,4.959940270055085e-06,1.0,850,0.0,0.0,1.0,1.0,0.0,1.2121118307113647,1.1947237253189087,1.2154028415679932,-0.017388105392456055,0.003291010856628418,-0.010339558124542236,-0.007048547267913818,0.010339558124542236,True,,
pampas_2020-01-15T12:00:00,pampas,local,hotspot,t1,q850_trace,precip_zwd,zwd,-37.02252252252252,299.67102679969264,0.00022615896887145936,1.0,850,0.0,0.059786607799852835,0.9999999256590032,0.9333698000702968,0.06663013054205667,218.17417907714844,219.93154907226562,215.7489471435547,1.7573699951171875,-2.42523193359375,2.0913009643554688,-0.33393096923828125,2.0913009643554688,True,,
pampas_2020-01-15T12:00:00,pampas,local,hotspot,t1,q850_trace,precip_only,zwd,,,,,,,,,,,,,,nan,nan,nan,nan,nan,,True,no_zwd_output_head
pampas_2020-01-15T12:00:00,pampas,local,low_near,t1,q850_trace,precip_zwd,zwd,-44.52252252252252,314.67102679969264,4.959940270055085e-06,1.0,850,0.0,0.0,1.0,1.0,0.0,218.17417907714844,218.6441650390625,217.99282836914062,0.4699859619140625,-0.1813507080078125,0.3256683349609375,0.144317626953125,0.3256683349609375,True,,
pampas_2020-01-15T12:00:00,pampas,local,low_near,t1,q850_trace,precip_only,zwd,,,,,,,,,,,,,,nan,nan,nan,nan,nan,,True,no_zwd_output_head
pampas_2020-01-15T12:00:00,pampas,synoptic,hotspot,t1,q850_trace,precip_zwd,precip,-37.02252252252252,299.67102679969264,0.00044189963955432177,1.0,850,0.0,0.04090821996551063,1.0,0.9339860197623153,0.06601398023768469,1.3104612827301025,1.2011655569076538,1.6391355991363525,-0.10929572582244873,0.32867431640625,-0.21898502111434937,0.10968929529190063,0.21898502111434937,True,,
pampas_2020-01-15T12:00:00,pampas,synoptic,hotspot,t1,q850_trace,precip_only,precip,-37.02252252252252,299.67102679969264,0.00044189963955432177,1.0,850,0.0,0.04090821996551063,1.0,0.9339860197623153,0.06601398023768469,1.2121118307113647,1.1468994617462158,1.4637444019317627,-0.06521236896514893,0.25163257122039795,-0.15842247009277344,0.09321010112762451,0.15842247009277344,True,,
pampas_2020-01-15T12:00:00,pampas,synoptic,low_near,t1,q850_trace,precip_zwd,precip,-52.02252252252252,304.67102679969264,3.6554443795466796e-05,1.0,850,0.0,0.013561741613133477,1.0,0.9955566976049219,0.004443302395078061,1.3104612827301025,1.2915489673614502,1.315286636352539,-0.018912315368652344,0.0048253536224365234,-0.011868834495544434,-0.00704348087310791,0.011868834495544434,True,,
pampas_2020-01-15T12:00:00,pampas,synoptic,low_near,t1,q850_trace,precip_only,precip,-52.02252252252252,304.67102679969264,3.6554443795466796e-05,1.0,850,0.0,0.013561741613133477,1.0,0.9955566976049219,0.004443302395078061,1.2121118307113647,1.1798676252365112,1.234619140625,-0.032244205474853516,0.022507309913635254,-0.027375757694244385,-0.004868447780609131,0.027375757694244385,True,,
pampas_2020-01-15T12:00:00,pampas,synoptic,hotspot,t1,q850_trace,precip_zwd,zwd,-37.02252252252252,299.67102679969264,0.00044189963955432177,1.0,850,0.0,0.04090821996551063,1.0,0.9339860197623153,0.06601398023768469,218.17417907714844,214.01580810546875,221.4400177001953,-4.1583709716796875,3.265838623046875,-3.7121047973632812,-0.44626617431640625,3.7121047973632812,True,,
pampas_2020-01-15T12:00:00,pampas,synoptic,hotspot,t1,q850_trace,precip_only,zwd,,,,,,,,,,,,,,nan,nan,nan,nan,nan,,True,no_zwd_output_head
pampas_2020-01-15T12:00:00,pampas,synoptic,low_near,t1,q850_trace,precip_zwd,zwd,-52.02252252252252,304.67102679969264,3.6554443795466796e-05,1.0,850,0.0,0.013561741613133477,1.0,0.9955566976049219,0.004443302395078061,218.17417907714844,219.3062286376953,217.6150360107422,1.132049560546875,-0.55914306640625,0.8455963134765625,0.2864532470703125,0.8455963134765625,True,,
pampas_2020-01-15T12:00:00,pampas,synoptic,low_near,t1,q850_trace,precip_only,zwd,,,,,,,,,,,,,,nan,nan,nan,nan,nan,,True,no_zwd_output_head
pyrenees_2020-03-02T06:00:00,pyrenees,local,hotspot,t1,q850_trace,precip_zwd,precip,42.72747747747748,0.8288408933144389,7.217795064207166e-05,1.0,850,0.0,0.0,1.0000000683996446,1.0000000683996446,0.0,3.250993490219116,3.558389186859131,2.9849021434783936,0.30739569664001465,-0.26609134674072266,0.28674352169036865,0.020652174949645996,0.28674352169036865,True,,
pyrenees_2020-03-02T06:00:00,pyrenees,local,hotspot,t1,q850_trace,precip_only,precip,42.72747747747748,0.8288408933144389,7.217795064207166e-05,1.0,850,0.0,0.0,1.0000000683996446,1.0000000683996446,0.0,2.9173831939697266,3.162339448928833,2.6534852981567383,0.24495625495910645,-0.2638978958129883,0.25442707538604736,-0.009470820426940918,0.25442707538604736,True,,
pyrenees_2020-03-02T06:00:00,pyrenees,local,low_near,t1,q850_trace,precip_zwd,precip,57.72747747747748,8.328840893314439,1.4653957123300643e-06,1.0,850,0.0,0.06699446834665028,1.0,0.9108515850987995,0.08914841490120048,3.250993490219116,3.254871129989624,3.2568860054016113,0.0038776397705078125,0.005892515182495117,-0.0010074377059936523,0.004885077476501465,0.004885077476501465,False,,
pyrenees_2020-03-02T06:00:00,pyrenees,local,low_near,t1,q850_trace,precip_only,precip,57.72747747747748,8.328840893314439,1.4653957123300643e-06,1.0,850,0.0,0.06699446834665028,1.0,0.9108515850987995,0.08914841490120048,2.9173831939697266,2.922027349472046,2.916212797164917,0.004644155502319336,-0.0011703968048095703,0.002907276153564453,0.0017368793487548828,0.002907276153564453,True,,
pyrenees_2020-03-02T06:00:00,pyrenees,local,hotspot,t1,q850_trace,precip_zwd,zwd,42.72747747747748,0.8288408933144389,7.217795064207166e-05,1.0,850,0.0,0.0,1.0000000683996446,1.0000000683996446,0.0,60.19688034057617,57.355106353759766,66.1746597290039,-2.8417739868164062,5.977779388427734,-4.40977668762207,1.568002700805664,4.40977668762207,True,,
pyrenees_2020-03-02T06:00:00,pyrenees,local,hotspot,t1,q850_trace,precip_only,zwd,,,,,,,,,,,,,,nan,nan,nan,nan,nan,,True,no_zwd_output_head
pyrenees_2020-03-02T06:00:00,pyrenees,local,low_near,t1,q850_trace,precip_zwd,zwd,57.72747747747748,8.328840893314439,1.4653957123300643e-06,1.0,850,0.0,0.06699446834665028,1.0,0.9108515850987995,0.08914841490120048,60.19688034057617,60.20480728149414,60.159217834472656,0.00792694091796875,-0.037662506103515625,0.022794723510742188,-0.014867782592773438,0.022794723510742188,True,,
pyrenees_2020-03-02T06:00:00,pyrenees,local,low_near,t1,q850_trace,precip_only,zwd,,,,,,,,,,,,,,nan,nan,nan,nan,nan,,True,no_zwd_output_head
pyrenees_2020-03-02T06:00:00,pyrenees,synoptic,hotspot,t1,q850_trace,precip_zwd,precip,45.22747747747748,0.8288408933144389,0.0001437571772839874,1.0,850,0.0,0.012760203937917242,1.0,0.9948278459462083,0.005172154053791641,3.250993490219116,3.5858497619628906,2.7209858894348145,0.3348562717437744,-0.5300076007843018,0.4324319362640381,-0.09757566452026367,0.4324319362640381,True,,
pyrenees_2020-03-02T06:00:00,pyrenees,synoptic,hotspot,t1,q850_trace,precip_only,precip,45.22747747747748,0.8288408933144389,0.0001437571772839874,1.0,850,0.0,0.012760203937917242,1.0,0.9948278459462083,0.005172154053791641,2.9173831939697266,3.2145493030548096,2.2273168563842773,0.297166109085083,-0.6900663375854492,0.4936162233352661,-0.1964501142501831,0.4936162233352661,True,,
pyrenees_2020-03-02T06:00:00,pyrenees,synoptic,low_near,t1,q850_trace,precip_zwd,precip,60.22747747747748,0.8288408933144389,1.2209363376314286e-05,1.0,850,0.0,0.10947585850761683,0.9999999357835835,0.8648873753222219,0.1351125691378066,3.250993490219116,3.2547473907470703,3.2540156841278076,0.0037539005279541016,0.0030221939086914062,0.00036585330963134766,0.003388047218322754,0.003388047218322754,False,,
pyrenees_2020-03-02T06:00:00,pyrenees,synoptic,low_near,t1,q850_trace,precip_only,precip,60.22747747747748,0.8288408933144389,1.2209363376314286e-05,1.0,850,0.0,0.10947585850761683,0.9999999357835835,0.8648873753222219,0.1351125691378066,2.9173831939697266,2.9144749641418457,2.9227943420410156,-0.0029082298278808594,0.0054111480712890625,-0.004159688949584961,0.0012514591217041016,0.004159688949584961,True,,
pyrenees_2020-03-02T06:00:00,pyrenees,synoptic,hotspot,t1,q850_trace,precip_zwd,zwd,45.22747747747748,0.8288408933144389,0.0001437571772839874,1.0,850,0.0,0.012760203937917242,1.0,0.9948278459462083,0.005172154053791641,60.19688034057617,60.748905181884766,63.706871032714844,0.5520248413085938,3.509990692138672,-1.478982925415039,2.031007766723633,2.031007766723633,False,,
pyrenees_2020-03-02T06:00:00,pyrenees,synoptic,hotspot,t1,q850_trace,precip_only,zwd,,,,,,,,,,,,,,nan,nan,nan,nan,nan,,True,no_zwd_output_head
pyrenees_2020-03-02T06:00:00,pyrenees,synoptic,low_near,t1,q850_trace,precip_zwd,zwd,60.22747747747748,0.8288408933144389,1.2209363376314286e-05,1.0,850,0.0,0.10947585850761683,0.9999999357835835,0.8648873753222219,0.1351125691378066,60.19688034057617,60.27445983886719,60.16670227050781,0.07757949829101562,-0.030178070068359375,0.0538787841796875,0.023700714111328125,0.0538787841796875,True,,
pyrenees_2020-03-02T06:00:00,pyrenees,synoptic,low_near,t1,q850_trace,precip_only,zwd,,,,,,,,,,,,,,nan,nan,nan,nan,nan,,True,no_zwd_output_head
rockies_2020-07-27T00:00:00,rockies,local,hotspot,t1,q850_trace,precip_zwd,precip,39.47747747747748,256.3115539507046,0.00011621142766671255,1.0,850,0.0,0.0,1.0,1.0,0.0,0.4892520308494568,0.7004348039627075,0.5927889943122864,0.21118277311325073,0.10353696346282959,0.05382290482521057,0.15735986828804016,0.15735986828804016,False,,
rockies_2020-07-27T00:00:00,rockies,local,hotspot,t1,q850_trace,precip_only,precip,39.47747747747748,256.3115539507046,0.00011621142766671255,1.0,850,0.0,0.0,1.0,1.0,0.0,0.4096517860889435,0.6085010766983032,0.45005857944488525,0.19884929060935974,0.04040679335594177,0.07922124862670898,0.11962804198265076,0.11962804198265076,False,,
rockies_2020-07-27T00:00:00,rockies,local,low_near,t1,q850_trace,precip_zwd,precip,51.97747747747748,246.3115539507046,1.5402207509396248e-06,1.0,850,0.0,0.0,0.9999998852906345,0.9999998852906345,0.0,0.4892520308494568,0.4934956729412079,0.4922419488430023,0.004243642091751099,0.0029899179935455322,0.0006268620491027832,0.0036167800426483154,0.0036167800426483154,False,,
rockies_2020-07-27T00:00:00,rockies,local,low_near,t1,q850_trace,precip_only,precip,51.97747747747748,246.3115539507046,1.5402207509396248e-06,1.0,850,0.0,0.0,0.9999998852906345,0.9999998852906345,0.0,0.4096517860889435,0.4092599153518677,0.4089394211769104,-0.00039187073707580566,-0.0007123649120330811,0.0001602470874786377,-0.0005521178245544434,0.0005521178245544434,False,,
rockies_2020-07-27T00:00:00,rockies,local,hotspot,t1,q850_trace,precip_zwd,zwd,39.47747747747748,256.3115539507046,0.00011621142766671255,1.0,850,0.0,0.0,1.0,1.0,0.0,149.9827423095703,153.29615783691406,147.43284606933594,3.31341552734375,-2.549896240234375,2.9316558837890625,0.3817596435546875,2.9316558837890625,True,,
rockies_2020-07-27T00:00:00,rockies,local,hotspot,t1,q850_trace,precip_only,zwd,,,,,,,,,,,,,,nan,nan,nan,nan,nan,,True,no_zwd_output_head
rockies_2020-07-27T00:00:00,rockies,local,low_near,t1,q850_trace,precip_zwd,zwd,51.97747747747748,246.3115539507046,1.5402207509396248e-06,1.0,850,0.0,0.0,0.9999998852906345,0.9999998852906345,0.0,149.9827423095703,150.02272033691406,150.00889587402344,0.03997802734375,0.026153564453125,0.0069122314453125,0.0330657958984375,0.0330657958984375,False,,
rockies_2020-07-27T00:00:00,rockies,local,low_near,t1,q850_trace,precip_only,zwd,,,,,,,,,,,,,,nan,nan,nan,nan,nan,,True,no_zwd_output_head
rockies_2020-07-27T00:00:00,rockies,synoptic,hotspot,t1,q850_trace,precip_zwd,precip,41.97747747747748,256.3115539507046,0.00018256761541124433,1.0,850,0.0,0.0035080417397508694,1.0,0.9972586704138106,0.002741329586189406,0.4892520308494568,0.5829432606697083,0.6311002373695374,0.09369122982025146,0.14184820652008057,-0.02407848834991455,0.11776971817016602,0.11776971817016602,False,,
rockies_2020-07-27T00:00:00,rockies,synoptic,hotspot,t1,q850_trace,precip_only,precip,41.97747747747748,256.3115539507046,0.00018256761541124433,1.0,850,0.0,0.0035080417397508694,1.0,0.9972586704138106,0.002741329586189406,0.4096517860889435,0.5212330222129822,0.4804621636867523,0.1115812361240387,0.07081037759780884,0.02038542926311493,0.09119580686092377,0.09119580686092377,False,,
rockies_2020-07-27T00:00:00,rockies,synoptic,low_near,t1,q850_trace,precip_zwd,precip,56.97747747747748,256.3115539507046,1.340857761533698e-05,1.0,850,0.0,0.0,0.9999999295229791,0.9999999295229791,0.0,0.4892520308494568,0.49042758345603943,0.4941735863685608,0.0011755526065826416,0.004921555519104004,-0.0018730014562606812,0.0030485540628433228,0.0030485540628433228,False,,
rockies_2020-07-27T00:00:00,rockies,synoptic,low_near,t1,q850_trace,precip_only,precip,56.97747747747748,256.3115539507046,1.340857761533698e-05,1.0,850,0.0,0.0,0.9999999295229791,0.9999999295229791,0.0,0.4096517860889435,0.40471985936164856,0.407879114151001,-0.004931926727294922,-0.0017726719379425049,-0.0015796273946762085,-0.0033522993326187134,0.0033522993326187134,False,,
rockies_2020-07-27T00:00:00,rockies,synoptic,hotspot,t1,q850_trace,precip_zwd,zwd,41.97747747747748,256.3115539507046,0.00018256761541124433,1.0,850,0.0,0.0035080417397508694,1.0,0.9972586704138106,0.002741329586189406,149.9827423095703,152.2603302001953,148.4087677001953,2.277587890625,-1.573974609375,1.92578125,0.351806640625,1.92578125,True,,
rockies_2020-07-27T00:00:00,rockies,synoptic,hotspot,t1,q850_trace,precip_only,zwd,,,,,,,,,,,,,,nan,nan,nan,nan,nan,,True,no_zwd_output_head
rockies_2020-07-27T00:00:00,rockies,synoptic,low_near,t1,q850_trace,precip_zwd,zwd,56.97747747747748,256.3115539507046,1.340857761533698e-05,1.0,850,0.0,0.0,0.9999999295229791,0.9999999295229791,0.0,149.9827423095703,150.1347198486328,150.00588989257812,0.1519775390625,0.0231475830078125,0.06441497802734375,0.08756256103515625,0.08756256103515625,False,,
rockies_2020-07-27T00:00:00,rockies,synoptic,low_near,t1,q850_trace,precip_only,zwd,,,,,,,,,,,,,,nan,nan,nan,nan,nan,,True,no_zwd_output_head
sahara_plain_2020-09-01T06:00:00,sahara_plain,local,hotspot,t1,q850_trace,precip_zwd,precip,29.47747747747748,351.12262293728037,9.714221232570708e-05,1.0,850,0.0,0.00060156406657309,0.9999999189408947,0.9999940826853131,5.836256054710361e-06,0.779421865940094,2.364506483078003,0.2003466635942459,1.585084617137909,-0.5790752023458481,1.0820799097418785,0.5030047073960304,1.0820799097418785,True,,
sahara_plain_2020-09-01T06:00:00,sahara_plain,local,hotspot,t1,q850_trace,precip_only,precip,29.47747747747748,351.12262293728037,9.714221232570708e-05,1.0,850,0.0,0.00060156406657309,0.9999999189408947,0.9999940826853131,5.836256054710361e-06,0.9442024230957031,2.550801992416382,0.1940688192844391,1.6065995693206787,-0.750133603811264,1.1783665865659714,0.42823298275470734,1.1783665865659714,True,,
sahara_plain_2020-09-01T06:00:00,sahara_plain,local,low_near,t1,q850_trace,precip_zwd,precip,39.47747747747748,338.62262293728037,2.8684119115496287e-06,1.0,850,0.0,0.07453416149068323,1.0,0.8502438735502849,0.14975612644971514,0.779421865940094,0.7851070761680603,0.7747840881347656,0.005685210227966309,-0.004637777805328369,0.005161494016647339,0.0005237162113189697,0.005161494016647339,True,,
sahara_plain_2020-09-01T06:00:00,sahara_plain,local,low_near,t1,q850_trace,precip_only,precip,39.47747747747748,338.62262293728037,2.8684119115496287e-06,1.0,850,0.0,0.07453416149068323,1.0,0.8502438735502849,0.14975612644971514,0.9442024230957031,0.9438148140907288,0.9410266876220703,-0.00038760900497436523,-0.0031757354736328125,0.0013940632343292236,-0.0017816722393035889,0.0017816722393035889,False,,
sahara_plain_2020-09-01T06:00:00,sahara_plain,local,hotspot,t1,q850_trace,precip_zwd,zwd,29.47747747747748,351.12262293728037,9.714221232570708e-05,1.0,850,0.0,0.00060156406657309,0.9999999189408947,0.9999940826853131,5.836256054710361e-06,236.9904327392578,239.69302368164062,231.74571228027344,2.7025909423828125,-5.244720458984375,3.9736557006835938,-1.2710647583007812,3.9736557006835938,True,,
sahara_plain_2020-09-01T06:00:00,sahara_plain,local,hotspot,t1,q850_trace,precip_only,zwd,,,,,,,,,,,,,,nan,nan,nan,nan,nan,,True,no_zwd_output_head
sahara_plain_2020-09-01T06:00:00,sahara_plain,local,low_near,t1,q850_trace,precip_zwd,zwd,39.47747747747748,338.62262293728037,2.8684119115496287e-06,1.0,850,0.0,0.07453416149068323,1.0,0.8502438735502849,0.14975612644971514,236.9904327392578,237.0177764892578,236.97706604003906,0.02734375,-0.01336669921875,0.020355224609375,0.006988525390625,0.020355224609375,True,,
sahara_plain_2020-09-01T06:00:00,sahara_plain,local,low_near,t1,q850_trace,precip_only,zwd,,,,,,,,,,,,,,nan,nan,nan,nan,nan,,True,no_zwd_output_head
sahara_plain_2020-09-01T06:00:00,sahara_plain,synoptic,hotspot,t1,q850_trace,precip_zwd,precip,31.97747747747748,351.12262293728037,0.00018687859119381756,1.0,850,0.0,0.032484486792580786,1.0,0.9184410132512141,0.08155898674878596,0.779421865940094,2.5302529335021973,0.17813535034656525,1.7508310675621033,-0.6012865155935287,1.176058791577816,0.5747722759842873,1.176058791577816,True,,
sahara_plain_2020-09-01T06:00:00,sahara_plain,synoptic,hotspot,t1,q850_trace,precip_only,precip,31.97747747747748,351.12262293728037,0.00018687859119381756,1.0,850,0.0,0.032484486792580786,1.0,0.9184410132512141,0.08155898674878596,0.9442024230957031,2.6649348735809326,0.17573413252830505,1.7207324504852295,-0.7684682905673981,1.2446003705263138,0.4761320799589157,1.2446003705263138,True,,
sahara_plain_2020-09-01T06:00:00,sahara_plain,synoptic,low_near,t1,q850_trace,precip_zwd,precip,46.97747747747748,351.12262293728037,2.2283971702563576e-05,1.0,850,0.0,0.03154677436961031,1.0,0.9564037378586037,0.04359626214139634,0.779421865940094,0.7829261422157288,0.7561286687850952,0.0035042762756347656,-0.02329319715499878,0.013398736715316772,-0.009894460439682007,0.013398736715316772,True,,
sahara_plain_2020-09-01T06:00:00,sahara_plain,synoptic,low_near,t1,q850_trace,precip_only,precip,46.97747747747748,351.12262293728037,2.2283971702563576e-05,1.0,850,0.0,0.03154677436961031,1.0,0.9564037378586037,0.04359626214139634,0.9442024230957031,0.9352437853813171,0.917401134967804,-0.008958637714385986,-0.02680128812789917,0.008921325206756592,-0.017879962921142578,0.017879962921142578,False,,
sahara_plain_2020-09-01T06:00:00,sahara_plain,synoptic,hotspot,t1,q850_trace,precip_zwd,zwd,31.97747747747748,351.12262293728037,0.00018687859119381756,1.0,850,0.0,0.032484486792580786,1.0,0.9184410132512141,0.08155898674878596,236.9904327392578,239.41015625,231.5727996826172,2.4197235107421875,-5.417633056640625,3.9186782836914062,-1.4989547729492188,3.9186782836914062,True,,
sahara_plain_2020-09-01T06:00:00,sahara_plain,synoptic,hotspot,t1,q850_trace,precip_only,zwd,,,,,,,,,,,,,,nan,nan,nan,nan,nan,,True,no_zwd_output_head
sahara_plain_2020-09-01T06:00:00,sahara_plain,synoptic,low_near,t1,q850_trace,precip_zwd,zwd,46.97747747747748,351.12262293728037,2.2283971702563576e-05,1.0,850,0.0,0.03154677436961031,1.0,0.9564037378586037,0.04359626214139634,236.9904327392578,236.845458984375,237.08546447753906,-0.1449737548828125,0.09503173828125,-0.12000274658203125,-0.02497100830078125,0.12000274658203125,True,,
sahara_plain_2020-09-01T06:00:00,sahara_plain,synoptic,low_near,t1,q850_trace,precip_only,zwd,,,,,,,,,,,,,,nan,nan,nan,nan,nan,,True,no_zwd_output_head
ticino_2020-10-03T00:00:00,ticino,local,hotspot,t1,q850_trace,precip_zwd,precip,46.22747747747748,8.680083446444733,0.00010671580821508542,1.0,850,0.0,0.0,1.0,1.0,0.0,5.285183906555176,5.150018215179443,5.386125087738037,-0.13516569137573242,0.10094118118286133,-0.11805343627929688,-0.017112255096435547,0.11805343627929688,True,,
ticino_2020-10-03T00:00:00,ticino,local,hotspot,t1,q850_trace,precip_only,precip,46.22747747747748,8.680083446444733,0.00010671580821508542,1.0,850,0.0,0.0,1.0,1.0,0.0,5.211898326873779,5.137478351593018,5.212145805358887,-0.07441997528076172,0.0002474784851074219,-0.03733372688293457,-0.03708624839782715,0.03733372688293457,True,,
ticino_2020-10-03T00:00:00,ticino,local,low_near,t1,q850_trace,precip_zwd,precip,61.22747747747748,358.6800834464447,1.1939338264710386e-06,1.0,850,0.0,0.011416537353136776,1.0,0.9870302379488319,0.012969762051168052,5.285183906555176,5.289667129516602,5.286586284637451,0.004483222961425781,0.0014023780822753906,0.0015404224395751953,0.002942800521850586,0.002942800521850586,False,,
ticino_2020-10-03T00:00:00,ticino,local,low_near,t1,q850_trace,precip_only,precip,61.22747747747748,358.6800834464447,1.1939338264710386e-06,1.0,850,0.0,0.011416537353136776,1.0,0.9870302379488319,0.012969762051168052,5.211898326873779,5.212428092956543,5.211231708526611,0.0005297660827636719,-0.0006666183471679688,0.0005981922149658203,-6.842613220214844e-05,0.0005981922149658203,True,,
ticino_2020-10-03T00:00:00,ticino,local,hotspot,t1,q850_trace,precip_zwd,zwd,46.22747747747748,8.680083446444733,0.00010671580821508542,1.0,850,0.0,0.0,1.0,1.0,0.0,146.19056701660156,142.55291748046875,149.79299926757812,-3.6376495361328125,3.6024322509765625,-3.6200408935546875,-0.017608642578125,3.6200408935546875,True,,
ticino_2020-10-03T00:00:00,ticino,local,hotspot,t1,q850_trace,precip_only,zwd,,,,,,,,,,,,,,nan,nan,nan,nan,nan,,True,no_zwd_output_head
ticino_2020-10-03T00:00:00,ticino,local,low_near,t1,q850_trace,precip_zwd,zwd,61.22747747747748,358.6800834464447,1.1939338264710386e-06,1.0,850,0.0,0.011416537353136776,1.0,0.9870302379488319,0.012969762051168052,146.19056701660156,146.23036193847656,146.23928833007812,0.039794921875,0.0487213134765625,-0.00446319580078125,0.04425811767578125,0.04425811767578125,False,,
ticino_2020-10-03T00:00:00,ticino,local,low_near,t1,q850_trace,precip_only,zwd,,,,,,,,,,,,,,nan,nan,nan,nan,nan,,True,no_zwd_output_head
ticino_2020-10-03T00:00:00,ticino,synoptic,hotspot,t1,q850_trace,precip_zwd,precip,43.72747747747748,6.180083446444733,0.00019000675820279866,1.0,850,0.0,0.002225819506272764,0.9999999065466326,0.9989036050944795,0.0010963015546062561,5.285183906555176,5.115682601928711,5.286402225494385,-0.16950130462646484,0.0012183189392089844,-0.08535981178283691,-0.08414149284362793,0.08535981178283691,True,,
ticino_2020-10-03T00:00:00,ticino,synoptic,hotspot,t1,q850_trace,precip_only,precip,43.72747747747748,6.180083446444733,0.00019000675820279866,1.0,850,0.0,0.002225819506272764,0.9999999065466326,0.9989036050944795,0.0010963015546062561,5.211898326873779,5.070944309234619,5.085948467254639,-0.14095401763916016,-0.12594985961914062,-0.007502079010009766,-0.1334519386291504,0.1334519386291504,False,,
ticino_2020-10-03T00:00:00,ticino,synoptic,low_near,t1,q850_trace,precip_zwd,precip,63.72747747747748,11.180083446444733,1.0927389666903764e-05,1.0,850,0.0,0.0020181634712411706,1.0,0.9992978451068975,0.0007021548931025561,5.285183906555176,5.29033088684082,5.292115211486816,0.005146980285644531,0.006931304931640625,-0.0008921623229980469,0.006039142608642578,0.006039142608642578,False,,
ticino_2020-10-03T00:00:00,ticino,synoptic,low_near,t1,q850_trace,precip_only,precip,63.72747747747748,11.180083446444733,1.0927389666903764e-05,1.0,850,0.0,0.0020181634712411706,1.0,0.9992978451068975,0.0007021548931025561,5.211898326873779,5.212284564971924,5.214730262756348,0.00038623809814453125,0.0028319358825683594,-0.001222848892211914,0.0016090869903564453,0.0016090869903564453,False,,
ticino_2020-10-03T00:00:00,ticino,synoptic,hotspot,t1,q850_trace,precip_zwd,zwd,43.72747747747748,6.180083446444733,0.00019000675820279866,1.0,850,0.0,0.002225819506272764,0.9999999065466326,0.9989036050944795,0.0010963015546062561,146.19056701660156,144.60874938964844,146.65541076660156,-1.581817626953125,0.46484375,-1.0233306884765625,-0.5584869384765625,1.0233306884765625,True,,
ticino_2020-10-03T00:00:00,ticino,synoptic,hotspot,t1,q850_trace,precip_only,zwd,,,,,,,,,,,,,,nan,nan,nan,nan,nan,,True,no_zwd_output_head
ticino_2020-10-03T00:00:00,ticino,synoptic,low_near,t1,q850_trace,precip_zwd,zwd,63.72747747747748,11.180083446444733,1.0927389666903764e-05,1.0,850,0.0,0.0020181634712411706,1.0,0.9992978451068975,0.0007021548931025561,146.19056701660156,146.3235321044922,146.3822479248047,0.132965087890625,0.191680908203125,-0.02935791015625,0.162322998046875,0.162322998046875,False,,
ticino_2020-10-03T00:00:00,ticino,synoptic,low_near,t1,q850_trace,precip_only,zwd,,,,,,,,,,,,,,nan,nan,nan,nan,nan,,True,no_zwd_output_head
valais_2020-10-03T00:00:00,valais,local,hotspot,t1,q850_trace,precip_zwd,precip,46.47747747747748,7.280638034804468,0.00010067348921438679,1.0,850,0.0,0.0,0.9999998717579447,0.9999998717579447,0.0,5.4342827796936035,5.397904872894287,5.4375810623168945,-0.036377906799316406,0.0032982826232910156,-0.01983809471130371,-0.016539812088012695,0.01983809471130371,True,,
valais_2020-10-03T00:00:00,valais,local,hotspot,t1,q850_trace,precip_only,precip,46.47747747747748,7.280638034804468,0.00010067348921438679,1.0,850,0.0,0.0,0.9999998717579447,0.9999998717579447,0.0,5.405552864074707,5.416177272796631,5.314103126525879,0.010624408721923828,-0.09144973754882812,0.05103707313537598,-0.04041266441345215,0.05103707313537598,True,,
valais_2020-10-03T00:00:00,valais,local,low_near,t1,q850_trace,precip_zwd,precip,53.97747747747748,344.7806380348045,1.0222548780802754e-06,1.0,850,0.0,0.02735274204468517,1.0,0.9714245692674044,0.0285754307325956,5.4342827796936035,5.433764934539795,5.441157817840576,-0.0005178451538085938,0.006875038146972656,-0.003696441650390625,0.0031785964965820312,0.003696441650390625,True,,
valais_2020-10-03T00:00:00,valais,local,low_near,t1,q850_trace,precip_only,precip,53.97747747747748,344.7806380348045,1.0222548780802754e-06,1.0,850,0.0,0.02735274204468517,1.0,0.9714245692674044,0.0285754307325956,5.405552864074707,5.4065656661987305,5.411736011505127,0.0010128021240234375,0.006183147430419922,-0.002585172653198242,0.0035979747772216797,0.0035979747772216797,False,,
valais_2020-10-03T00:00:00,valais,local,hotspot,t1,q850_trace,precip_zwd,zwd,46.47747747747748,7.280638034804468,0.00010067348921438679,1.0,850,0.0,0.0,0.9999998717579447,0.9999998717579447,0.0,105.87733459472656,104.82030487060547,109.01276397705078,-1.0570297241210938,3.1354293823242188,-2.0962295532226562,1.0391998291015625,2.0962295532226562,True,,
valais_2020-10-03T00:00:00,valais,local,hotspot,t1,q850_trace,precip_only,zwd,,,,,,,,,,,,,,nan,nan,nan,nan,nan,,True,no_zwd_output_head
valais_2020-10-03T00:00:00,valais,local,low_near,t1,q850_trace,precip_zwd,zwd,53.97747747747748,344.7806380348045,1.0222548780802754e-06,1.0,850,0.0,0.02735274204468517,1.0,0.9714245692674044,0.0285754307325956,105.87733459472656,105.96755981445312,105.92495727539062,0.0902252197265625,0.0476226806640625,0.02130126953125,0.0689239501953125,0.0689239501953125,False,,
valais_2020-10-03T00:00:00,valais,local,low_near,t1,q850_trace,precip_only,zwd,,,,,,,,,,,,,,nan,nan,nan,nan,nan,,True,no_zwd_output_head
valais_2020-10-03T00:00:00,valais,synoptic,hotspot,t1,q850_trace,precip_zwd,precip,43.97747747747748,9.780638034804468,0.0001590295578353107,1.0,850,0.0,0.0002590822730151419,0.9999999069374674,0.999923781785857,7.612515869489836e-05,5.4342827796936035,5.3862199783325195,5.3936638832092285,-0.048062801361083984,-0.040618896484375,-0.003721952438354492,-0.04434084892272949,0.04434084892272949,False,,
valais_2020-10-03T00:00:00,valais,synoptic,hotspot,t1,q850_trace,precip_only,precip,43.97747747747748,9.780638034804468,0.0001590295578353107,1.0,850,0.0,0.0002590822730151419,0.9999999069374674,0.999923781785857,7.612515869489836e-05,5.405552864074707,5.400212287902832,5.2669453620910645,-0.005340576171875,-0.13860750198364258,0.06663346290588379,-0.07197403907775879,0.07197403907775879,False,,
valais_2020-10-03T00:00:00,valais,synoptic,low_near,t1,q850_trace,precip_zwd,precip,63.97747747747748,359.7806380348045,8.647660251881462e-06,1.0,850,0.0,0.008177303595556882,1.0,0.9927437196056875,0.007256280394312445,5.4342827796936035,5.433446884155273,5.441686630249023,-0.0008358955383300781,0.007403850555419922,-0.004119873046875,0.003283977508544922,0.004119873046875,True,,
valais_2020-10-03T00:00:00,valais,synoptic,low_near,t1,q850_trace,precip_only,precip,63.97747747747748,359.7806380348045,8.647660251881462e-06,1.0,850,0.0,0.008177303595556882,1.0,0.9927437196056875,0.007256280394312445,5.405552864074707,5.41304349899292,5.4193902015686035,0.007490634918212891,0.013837337493896484,-0.003173351287841797,0.010663986206054688,0.010663986206054688,False,,
valais_2020-10-03T00:00:00,valais,synoptic,hotspot,t1,q850_trace,precip_zwd,zwd,43.97747747747748,9.780638034804468,0.0001590295578353107,1.0,850,0.0,0.0002590822730151419,0.9999999069374674,0.999923781785857,7.612515869489836e-05,105.87733459472656,106.39759063720703,107.80655670166016,0.5202560424804688,1.9292221069335938,-0.7044830322265625,1.2247390747070312,1.2247390747070312,False,,
valais_2020-10-03T00:00:00,valais,synoptic,hotspot,t1,q850_trace,precip_only,zwd,,,,,,,,,,,,,,nan,nan,nan,nan,nan,,True,no_zwd_output_head
valais_2020-10-03T00:00:00,valais,synoptic,low_near,t1,q850_trace,precip_zwd,zwd,63.97747747747748,359.7806380348045,8.647660251881462e-06,1.0,850,0.0,0.008177303595556882,1.0,0.9927437196056875,0.007256280394312445,105.87733459472656,106.06122589111328,105.91282653808594,0.18389129638671875,0.035491943359375,0.07419967651367188,0.10969161987304688,0.10969161987304688,False,,
valais_2020-10-03T00:00:00,valais,synoptic,low_near,t1,q850_trace,precip_only,zwd,,,,,,,,,,,,,,nan,nan,nan,nan,nan,,True,no_zwd_output_head
