case_id,target,scale,region_kind,perturb_timestep,mode,model,target_var,mask_center_lat,mask_center_lon,pooled_saliency,magnitude,perturb_level_hpa,plus_clip_frac,minus_clip_frac,plus_realized_frac,minus_realized_frac,pair_asymmetry,actual_target_score,plus_target_score,minus_target_score,plus_target_delta,minus_target_delta,signed_target_response,common_target_response,mean_abs_target_delta,output_opposite_sign,stage_name,family,stage_index,n_blocks,plus_delta_rms_mean,minus_delta_rms_mean,contrast_rms_mean,common_rms_mean,signed_cosine_mean,contrast_share_mean
alps_east_2020-06-29T06:00:00,alps_east,local,hotspot,t1,q850_trace,precip_zwd,q850,47.72747747747748,11.252625838336058,9.22260369407013e-05,1.0,850,0.0,0.0,1.0,1.0,0.0,7.392641544342041,8.499271392822266,6.611313343048096,1.1066298484802246,-0.7813282012939453,0.943979024887085,0.16265082359313965,0.943979024887085,True,enc_s0,encoder,0,6,0.006984690437093377,0.0062439025690158205,0.006388054151708881,0.0017499031382612884,0.8730984431043045,0.7840117130232236
alps_east_2020-06-29T06:00:00,alps_east,local,hotspot,t1,q850_trace,precip_zwd,q850,47.72747747747748,11.252625838336058,9.22260369407013e-05,1.0,850,0.0,0.0,1.0,1.0,0.0,7.392641544342041,8.499271392822266,6.611313343048096,1.1066298484802246,-0.7813282012939453,0.943979024887085,0.16265082359313965,0.943979024887085,True,enc_s1,encoder,1,10,0.005764702660962939,0.0040512836771085855,0.004204892902635038,0.002639768156222999,0.5219906178919836,0.6309665283724222
alps_east_2020-06-29T06:00:00,alps_east,local,hotspot,t1,q850_trace,precip_zwd,q850,47.72747747747748,11.252625838336058,9.22260369407013e-05,1.0,850,0.0,0.0,1.0,1.0,0.0,7.392641544342041,8.499271392822266,6.611313343048096,1.1066298484802246,-0.7813282012939453,0.943979024887085,0.16265082359313965,0.943979024887085,True,enc_s2,encoder,2,8,0.0025668315065559,0.0018393643549643457,0.0017942736449185759,0.0013293809170136228,0.3164645247336133,0.5746454184773052
alps_east_2020-06-29T06:00:00,alps_east,local,hotspot,t1,q850_trace,precip_zwd,q850,47.72747747747748,11.252625838336058,9.22260369407013e-05,1.0,850,0.0,0.0,1.0,1.0,0.0,7.392641544342041,8.499271392822266,6.611313343048096,1.1066298484802246,-0.7813282012939453,0.943979024887085,0.16265082359313965,0.943979024887085,True,dec_s0,decoder,0,8,0.003676639520563185,0.0028250809118617326,0.002555398939875886,0.0020540877885650843,0.2330936015872514,0.5550088517810833
alps_east_2020-06-29T06:00:00,alps_east,local,hotspot,t1,q850_trace,precip_zwd,q850,47.72747747747748,11.252625838336058,9.22260369407013e-05,1.0,850,0.0,0.0,1.0,1.0,0.0,7.392641544342041,8.499271392822266,6.611313343048096,1.1066298484802246,-0.7813282012939453,0.943979024887085,0.16265082359313965,0.943979024887085,True,dec_s1,decoder,1,10,0.003582181641831994,0.0038137870840728285,0.002600453852210194,0.002633715607225895,-0.01287457155385326,0.49691342074516454
alps_east_2020-06-29T06:00:00,alps_east,local,hotspot,t1,q850_trace,precip_zwd,q850,47.72747747747748,11.252625838336058,9.22260369407013e-05,1.0,850,0.0,0.0,1.0,1.0,0.0,7.392641544342041,8.499271392822266,6.611313343048096,1.1066298484802246,-0.7813282012939453,0.943979024887085,0.16265082359313965,0.943979024887085,True,dec_s2,decoder,2,6,0.01104248765235146,0.012480457468579212,0.009224417929848036,0.007332257771243651,0.266823266396486,0.5572023189523013
alps_east_2020-06-29T06:00:00,alps_east,local,low_near,t1,q850_trace,precip_zwd,q850,57.72747747747748,351.25262583833603,2.0959887478966266e-06,1.0,850,0.0,0.0,1.0,1.0,0.0,7.392641544342041,7.398155689239502,7.395145893096924,0.0055141448974609375,0.0025043487548828125,0.0015048980712890625,0.004009246826171875,0.004009246826171875,False,enc_s0,encoder,0,6,0.008283283716688553,0.007374817660699288,0.007531251447896163,0.0021837285215345523,0.8562531330127849,0.7747624252351217
alps_east_2020-06-29T06:00:00,alps_east,local,low_near,t1,q850_trace,precip_zwd,q850,57.72747747747748,351.25262583833603,2.0959887478966266e-06,1.0,850,0.0,0.0,1.0,1.0,0.0,7.392641544342041,7.398155689239502,7.395145893096924,0.0055141448974609375,0.0025043487548828125,0.0015048980712890625,0.004009246826171875,0.004009246826171875,False,enc_s1,encoder,1,10,0.007464397512376308,0.004473934648558497,0.005151451705023647,0.0033230175729840996,0.5060477090939329,0.619323773550443
alps_east_2020-06-29T06:00:00,alps_east,local,low_near,t1,q850_trace,precip_zwd,q850,57.72747747747748,351.25262583833603,2.0959887478966266e-06,1.0,850,0.0,0.0,1.0,1.0,0.0,7.392641544342041,7.398155689239502,7.395145893096924,0.0055141448974609375,0.0025043487548828125,0.0015048980712890625,0.004009246826171875,0.004009246826171875,False,enc_s2,encoder,2,8,0.0036274539306759834,0.002019160136114806,0.0024273861199617386,0.0016509119304828346,0.44420406267204765,0.5954406839972386
alps_east_2020-06-29T06:00:00,alps_east,local,low_near,t1,q850_trace,precip_zwd,q850,57.72747747747748,351.25262583833603,2.0959887478966266e-06,1.0,850,0.0,0.0,1.0,1.0,0.0,7.392641544342041,7.398155689239502,7.395145893096924,0.0055141448974609375,0.0025043487548828125,0.0015048980712890625,0.004009246826171875,0.004009246826171875,False,dec_s0,decoder,0,8,0.005194434663280845,0.0027969010698143393,0.0033490360947325826,0.0024870931811165065,0.36136380923490463,0.5742265209775974
alps_east_2020-06-29T06:00:00,alps_east,local,low_near,t1,q850_trace,precip_zwd,q850,57.72747747747748,351.25262583833603,2.0959887478966266e-06,1.0,850,0.0,0.0,1.0,1.0,0.0,7.392641544342041,7.398155689239502,7.395145893096924,0.0055141448974609375,0.0025043487548828125,0.0015048980712890625,0.004009246826171875,0.004009246826171875,False,dec_s1,decoder,1,10,0.0053884940687567,0.004227597941644489,0.003742791689001024,0.0030711944447830318,0.23541514817916215,0.5535426667101425
alps_east_2020-06-29T06:00:00,alps_east,local,low_near,t1,q850_trace,precip_zwd,q850,57.72747747747748,351.25262583833603,2.0959887478966266e-06,1.0,850,0.0,0.0,1.0,1.0,0.0,7.392641544342041,7.398155689239502,7.395145893096924,0.0055141448974609375,0.0025043487548828125,0.0015048980712890625,0.004009246826171875,0.004009246826171875,False,dec_s2,decoder,2,6,0.015799948014318943,0.014507805618147055,0.012905167260517677,0.007968923853089413,0.5215045601425486,0.6183376716321268
alps_east_2020-06-29T06:00:00,alps_east,synoptic,hotspot,t1,q850_trace,precip_zwd,q850,50.22747747747748,8.752625838336058,0.0001581767137395218,1.0,850,0.0,0.004119016552818072,1.0,0.9971609242037252,0.0028390757962748836,7.392641544342041,8.570172309875488,6.569707870483398,1.1775307655334473,-0.8229336738586426,1.000232219696045,0.17729854583740234,1.000232219696045,True,enc_s0,encoder,0,6,0.01773361675441265,0.01656675369789203,0.016517809436966974,0.004646431499471267,0.8563746527246656,0.7795495884985472
alps_east_2020-06-29T06:00:00,alps_east,synoptic,hotspot,t1,q850_trace,precip_zwd,q850,50.22747747747748,8.752625838336058,0.0001581767137395218,1.0,850,0.0,0.004119016552818072,1.0,0.9971609242037252,0.0028390757962748836,7.392641544342041,8.570172309875488,6.569707870483398,1.1775307655334473,-0.8229336738586426,1.000232219696045,0.17729854583740234,1.000232219696045,True,enc_s1,encoder,1,10,0.0137434471398592,0.009458094416186214,0.010273960139602422,0.005775840696878731,0.5867410831529478,0.6487258367892995
alps_east_2020-06-29T06:00:00,alps_east,synoptic,hotspot,t1,q850_trace,precip_zwd,q850,50.22747747747748,8.752625838336058,0.0001581767137395218,1.0,850,0.0,0.004119016552818072,1.0,0.9971609242037252,0.0028390757962748836,7.392641544342041,8.570172309875488,6.569707870483398,1.1775307655334473,-0.8229336738586426,1.000232219696045,0.17729854583740234,1.000232219696045,True,enc_s2,encoder,2,8,0.0060246349312365055,0.0038593495846726,0.004261309048160911,0.0027271496364846826,0.47354791339543223,0.6098597341548502
alps_east_2020-06-29T06:00:00,alps_east,synoptic,hotspot,t1,q850_trace,precip_zwd,q850,50.22747747747748,8.752625838336058,0.0001581767137395218,1.0,850,0.0,0.004119016552818072,1.0,0.9971609242037252,0.0028390757962748836,7.392641544342041,8.570172309875488,6.569707870483398,1.1775307655334473,-0.8229336738586426,1.000232219696045,0.17729854583740234,1.000232219696045,True,dec_s0,decoder,0,8,0.008936600643210113,0.005491419229656458,0.006186215148773044,0.004091367562068626,0.4539097393689817,0.6021165640042778
alps_east_2020-06-29T06:00:00,alps_east,synoptic,hotspot,t1,q850_trace,precip_zwd,q850,50.22747747747748,8.752625838336058,0.0001581767137395218,1.0,850,0.0,0.004119016552818072,1.0,0.9971609242037252,0.0028390757962748836,7.392641544342041,8.570172309875488,6.569707870483398,1.1775307655334473,-0.8229336738586426,1.000232219696045,0.17729854583740234,1.000232219696045,True,dec_s1,decoder,1,10,0.007835689606145025,0.00720168799161911,0.006102424603886903,0.004407277540303766,0.3599353307258189,0.5844092644240042
alps_east_2020-06-29T06:00:00,alps_east,synoptic,hotspot,t1,q850_trace,precip_zwd,q850,50.22747747747748,8.752625838336058,0.0001581767137395218,1.0,850,0.0,0.004119016552818072,1.0,0.9971609242037252,0.0028390757962748836,7.392641544342041,8.570172309875488,6.569707870483398,1.1775307655334473,-0.8229336738586426,1.000232219696045,0.17729854583740234,1.000232219696045,True,dec_s2,decoder,2,6,0.025463195828100044,0.024151968769729137,0.02148161766429742,0.012423334022363028,0.5513203196402833,0.6337026437552791
alps_east_2020-06-29T06:00:00,alps_east,synoptic,low_near,t1,q850_trace,precip_zwd,q850,30.22747747747748,18.75262583833606,1.5600626284140162e-05,1.0,850,0.0,0.006735983971812498,1.0,0.9941714463220398,0.0058285536779601735,7.392641544342041,7.395227432250977,7.391101360321045,0.002585887908935547,-0.0015401840209960938,0.0020630359649658203,0.0005228519439697266,0.0020630359649658203,True,enc_s0,encoder,0,6,0.012174244659642378,0.01312109703818957,0.012286205931256214,0.0030368640242765346,0.8908594957149147,0.8013073692827152
alps_east_2020-06-29T06:00:00,alps_east,synoptic,low_near,t1,q850_trace,precip_zwd,q850,30.22747747747748,18.75262583833606,1.5600626284140162e-05,1.0,850,0.0,0.006735983971812498,1.0,0.9941714463220398,0.0058285536779601735,7.392641544342041,7.395227432250977,7.391101360321045,0.002585887908935547,-0.0015401840209960938,0.0020630359649658203,0.0005228519439697266,0.0020630359649658203,True,enc_s1,encoder,1,10,0.005916166072711349,0.006841347739100456,0.005852394131943583,0.0024435540894046427,0.7391253606472423,0.7254760698190094
alps_east_2020-06-29T06:00:00,alps_east,synoptic,low_near,t1,q850_trace,precip_zwd,q850,30.22747747747748,18.75262583833606,1.5600626284140162e-05,1.0,850,0.0,0.006735983971812498,1.0,0.9941714463220398,0.0058285536779601735,7.392641544342041,7.395227432250977,7.391101360321045,0.002585887908935547,-0.0015401840209960938,0.0020630359649658203,0.0005228519439697266,0.0020630359649658203,True,enc_s2,encoder,2,8,0.0027035532984882593,0.0028991256840527058,0.002570252021541819,0.001118221291108057,0.7094764309474068,0.6969493255195853
alps_east_2020-06-29T06:00:00,alps_east,synoptic,low_near,t1,q850_trace,precip_zwd,q850,30.22747747747748,18.75262583833606,1.5600626284140162e-05,1.0,850,0.0,0.006735983971812498,1.0,0.9941714463220398,0.0058285536779601735,7.392641544342041,7.395227432250977,7.391101360321045,0.002585887908935547,-0.0015401840209960938,0.0020630359649658203,0.0005228519439697266,0.0020630359649658203,True,dec_s0,decoder,0,8,0.0034764943993650377,0.0037454707780852914,0.0032261510204989463,0.0016262083954643458,0.622446442180517,0.6657937012387216
alps_east_2020-06-29T06:00:00,alps_east,synoptic,low_near,t1,q850_trace,precip_zwd,q850,30.22747747747748,18.75262583833606,1.5600626284140162e-05,1.0,850,0.0,0.006735983971812498,1.0,0.9941714463220398,0.0058285536779601735,7.392641544342041,7.395227432250977,7.391101360321045,0.002585887908935547,-0.0015401840209960938,0.0020630359649658203,0.0005228519439697266,0.0020630359649658203,True,dec_s1,decoder,1,10,0.005272635049186647,0.0055086899548768995,0.004764889879152179,0.0025229671853594484,0.622133544980406,0.6560063460998997
alps_east_2020-06-29T06:00:00,alps_east,synoptic,low_near,t1,q850_trace,precip_zwd,q850,30.22747747747748,18.75262583833606,1.5600626284140162e-05,1.0,850,0.0,0.006735983971812498,1.0,0.9941714463220398,0.0058285536779601735,7.392641544342041,7.395227432250977,7.391101360321045,0.002585887908935547,-0.0015401840209960938,0.0020630359649658203,0.0005228519439697266,0.0020630359649658203,True,dec_s2,decoder,2,6,0.019837711937725544,0.019786714265743893,0.01846323348581791,0.007186089487125476,0.8273582665981284,0.7198582233129601
andes_2020-03-25T12:00:00,andes,local,hotspot,t1,q850_trace,precip_zwd,q850,-32.52252252252252,290.54529172445586,0.00013807686627842486,1.0,850,0.0,0.00641025641025641,1.0,0.9943908805094404,0.005609119490559675,5.677609920501709,7.204433917999268,4.2096076011657715,1.5268239974975586,-1.4680023193359375,1.497413158416748,0.029410839080810547,1.497413158416748,True,enc_s0,encoder,0,6,0.005285488519196709,0.005333293151731293,0.005131409891570608,0.001359986044311275,0.8764848586520371,0.7895891765417704
andes_2020-03-25T12:00:00,andes,local,hotspot,t1,q850_trace,precip_zwd,q850,-32.52252252252252,290.54529172445586,0.00013807686627842486,1.0,850,0.0,0.00641025641025641,1.0,0.9943908805094404,0.005609119490559675,5.677609920501709,7.204433917999268,4.2096076011657715,1.5268239974975586,-1.4680023193359375,1.497413158416748,0.029410839080810547,1.497413158416748,True,enc_s1,encoder,1,10,0.003940414264798164,0.003308996162377298,0.0031406070571392774,0.0017749948136042803,0.5838541882812924,0.6628256810750759
andes_2020-03-25T12:00:00,andes,local,hotspot,t1,q850_trace,precip_zwd,q850,-32.52252252252252,290.54529172445586,0.00013807686627842486,1.0,850,0.0,0.00641025641025641,1.0,0.9943908805094404,0.005609119490559675,5.677609920501709,7.204433917999268,4.2096076011657715,1.5268239974975586,-1.4680023193359375,1.497413158416748,0.029410839080810547,1.497413158416748,True,enc_s2,encoder,2,8,0.001630044513149187,0.001431634373147972,0.0013028099201619625,0.0008099318656604737,0.45847244255889696,0.6166920321591186
andes_2020-03-25T12:00:00,andes,local,hotspot,t1,q850_trace,precip_zwd,q850,-32.52252252252252,290.54529172445586,0.00013807686627842486,1.0,850,0.0,0.00641025641025641,1.0,0.9943908805094404,0.005609119490559675,5.677609920501709,7.204433917999268,4.2096076011657715,1.5268239974975586,-1.4680023193359375,1.497413158416748,0.029410839080810547,1.497413158416748,True,dec_s0,decoder,0,8,0.0023518584930570796,0.002110738671035506,0.001852311019320041,0.0012495273185777478,0.3905451367181928,0.598100605502898
andes_2020-03-25T12:00:00,andes,local,hotspot,t1,q850_trace,precip_zwd,q850,-32.52252252252252,290.54529172445586,0.00013807686627842486,1.0,850,0.0,0.00641025641025641,1.0,0.9943908805094404,0.005609119490559675,5.677609920501709,7.204433917999268,4.2096076011657715,1.5268239974975586,-1.4680023193359375,1.497413158416748,0.029410839080810547,1.497413158416748,True,dec_s1,decoder,1,10,0.003338119329418987,0.0032495673513039947,0.0024602322489954533,0.0021887699142098425,0.10209526948994832,0.5245053224823175
andes_2020-03-25T12:00:00,andes,local,hotspot,t1,q850_trace,precip_zwd,q850,-32.52252252252252,290.54529172445586,0.00013807686627842486,1.0,850,0.0,0.00641025641025641,1.0,0.9943908805094404,0.005609119490559675,5.677609920501709,7.204433917999268,4.2096076011657715,1.5268239974975586,-1.4680023193359375,1.497413158416748,0.029410839080810547,1.497413158416748,True,dec_s2,decoder,2,6,0.011949869804084301,0.011328930966556072,0.009885228238999844,0.006152400281280279,0.4960645766631817,0.6162952871806633
andes_2020-03-25T12:00:00,andes,local,low_near,t1,q850_trace,precip_zwd,q850,-42.52252252252252,275.54529172445586,2.205087639595149e-06,1.0,850,0.0,0.0,1.0,1.0,0.0,5.677609920501709,5.678555011749268,5.676424503326416,0.0009450912475585938,-0.0011854171752929688,0.0010652542114257812,-0.0001201629638671875,0.0010652542114257812,True,enc_s0,encoder,0,6,0.005652606642494599,0.005856109783053398,0.005597708436350028,0.00133730909631898,0.9012787913394597,0.8066969873233131
andes_2020-03-25T12:00:00,andes,local,low_near,t1,q850_trace,precip_zwd,q850,-42.52252252252252,275.54529172445586,2.205087639595149e-06,1.0,850,0.0,0.0,1.0,1.0,0.0,5.677609920501709,5.678555011749268,5.676424503326416,0.0009450912475585938,-0.0011854171752929688,0.0010652542114257812,-0.0001201629638671875,0.0010652542114257812,True,enc_s1,encoder,1,10,0.003544666338711977,0.0033258694456890225,0.002954415115527809,0.0016539868840482086,0.5771680256412463,0.6677492357437778
andes_2020-03-25T12:00:00,andes,local,low_near,t1,q850_trace,precip_zwd,q850,-42.52252252252252,275.54529172445586,2.205087639595149e-06,1.0,850,0.0,0.0,1.0,1.0,0.0,5.677609920501709,5.678555011749268,5.676424503326416,0.0009450912475585938,-0.0011854171752929688,0.0010652542114257812,-0.0001201629638671875,0.0010652542114257812,True,enc_s2,encoder,2,8,0.0016030351689551026,0.0014771357091376558,0.0013384137710090727,0.0007643523786100559,0.5239265129277685,0.63660659226274
andes_2020-03-25T12:00:00,andes,local,low_near,t1,q850_trace,precip_zwd,q850,-42.52252252252252,275.54529172445586,2.205087639595149e-06,1.0,850,0.0,0.0,1.0,1.0,0.0,5.677609920501709,5.678555011749268,5.676424503326416,0.0009450912475585938,-0.0011854171752929688,0.0010652542114257812,-0.0001201629638671875,0.0010652542114257812,True,dec_s0,decoder,0,8,0.002045401750365272,0.0018978212174260989,0.0016179571393877268,0.0011273273703409359,0.3613047107804969,0.5908780652222944
andes_2020-03-25T12:00:00,andes,local,low_near,t1,q850_trace,precip_zwd,q850,-42.52252252252252,275.54529172445586,2.205087639595149e-06,1.0,850,0.0,0.0,1.0,1.0,0.0,5.677609920501709,5.678555011749268,5.676424503326416,0.0009450912475585938,-0.0011854171752929688,0.0010652542114257812,-0.0001201629638671875,0.0010652542114257812,True,dec_s1,decoder,1,10,0.0038012156495824457,0.0033412638120353224,0.0027544119860976935,0.0022844602470286192,0.20524943722347194,0.5485584193204077
andes_2020-03-25T12:00:00,andes,local,low_near,t1,q850_trace,precip_zwd,q850,-42.52252252252252,275.54529172445586,2.205087639595149e-06,1.0,850,0.0,0.0,1.0,1.0,0.0,5.677609920501709,5.678555011749268,5.676424503326416,0.0009450912475585938,-0.0011854171752929688,0.0010652542114257812,-0.0001201629638671875,0.0010652542114257812,True,dec_s2,decoder,2,6,0.012672259627530972,0.011875090344498554,0.010735746938735247,0.005961772209654252,0.6068635055461237,0.6428666239763512
andes_2020-03-25T12:00:00,andes,synoptic,hotspot,t1,q850_trace,precip_zwd,q850,-35.02252252252252,288.04529172445586,0.0002186853380408138,1.0,850,0.0,0.008353808353808353,1.0,0.9939236383230915,0.006076361676908491,5.677609920501709,7.380545616149902,4.023077487945557,1.7029356956481934,-1.6545324325561523,1.6787340641021729,0.024201631546020508,1.6787340641021729,True,enc_s0,encoder,0,6,0.013301804040869078,0.013961351942270994,0.013216427993029356,0.003353792397926251,0.8828214705868785,0.7972311833092999
andes_2020-03-25T12:00:00,andes,synoptic,hotspot,t1,q850_trace,precip_zwd,q850,-35.02252252252252,288.04529172445586,0.0002186853380408138,1.0,850,0.0,0.008353808353808353,1.0,0.9939236383230915,0.006076361676908491,5.677609920501709,7.380545616149902,4.023077487945557,1.7029356956481934,-1.6545324325561523,1.6787340641021729,0.024201631546020508,1.6787340641021729,True,enc_s1,encoder,1,10,0.007813177537173033,0.007417445769533515,0.006954018073156476,0.0030145209515467287,0.7162829369147615,0.7132569645755604
andes_2020-03-25T12:00:00,andes,synoptic,hotspot,t1,q850_trace,precip_zwd,q850,-35.02252252252252,288.04529172445586,0.0002186853380408138,1.0,850,0.0,0.008353808353808353,1.0,0.9939236383230915,0.006076361676908491,5.677609920501709,7.380545616149902,4.023077487945557,1.7029356956481934,-1.6545324325561523,1.6787340641021729,0.024201631546020508,1.6787340641021729,True,enc_s2,encoder,2,8,0.003377785818884149,0.0030558449507225305,0.0029446684930007905,0.0013048479886492714,0.6947714156526068,0.6929937494951133
andes_2020-03-25T12:00:00,andes,synoptic,hotspot,t1,q850_trace,precip_zwd,q850,-35.02252252252252,288.04529172445586,0.0002186853380408138,1.0,850,0.0,0.008353808353808353,1.0,0.9939236383230915,0.006076361676908491,5.677609920501709,7.380545616149902,4.023077487945557,1.7029356956481934,-1.6545324325561523,1.6787340641021729,0.024201631546020508,1.6787340641021729,True,dec_s0,decoder,0,8,0.0044766780629288405,0.004026420821901411,0.003847451414912939,0.0018224723025923595,0.6601566928442548,0.6791160058788854
andes_2020-03-25T12:00:00,andes,synoptic,hotspot,t1,q850_trace,precip_zwd,q850,-35.02252252252252,288.04529172445586,0.0002186853380408138,1.0,850,0.0,0.008353808353808353,1.0,0.9939236383230915,0.006076361676908491,5.677609920501709,7.380545616149902,4.023077487945557,1.7029356956481934,-1.6545324325561523,1.6787340641021729,0.024201631546020508,1.6787340641021729,True,dec_s1,decoder,1,10,0.006286329217255115,0.00592501547653228,0.00542982907500118,0.0027972535928711293,0.6315130491567887,0.6617160122643255
andes_2020-03-25T12:00:00,andes,synoptic,hotspot,t1,q850_trace,precip_zwd,q850,-35.02252252252252,288.04529172445586,0.0002186853380408138,1.0,850,0.0,0.008353808353808353,1.0,0.9939236383230915,0.006076361676908491,5.677609920501709,7.380545616149902,4.023077487945557,1.7029356956481934,-1.6545324325561523,1.6787340641021729,0.024201631546020508,1.6787340641021729,True,dec_s2,decoder,2,6,0.026269808722039063,0.025116315732399624,0.024217291735112667,0.008601858125378689,0.8274828259651689,0.737904219086236
andes_2020-03-25T12:00:00,andes,synoptic,low_near,t1,q850_trace,precip_zwd,q850,-45.02252252252252,273.04529172445586,1.6329822756233625e-05,1.0,850,0.0,0.017014781945111784,1.0,0.9856767165060454,0.014323283493954649,5.677609920501709,5.711377143859863,5.645518779754639,0.0337672233581543,-0.03209114074707031,0.032929182052612305,0.0008380413055419922,0.032929182052612305,True,enc_s0,encoder,0,6,0.014949626910189787,0.015035002958029509,0.014568641471366087,0.0035455580024669566,0.8908082274967644,0.803743738443229
andes_2020-03-25T12:00:00,andes,synoptic,low_near,t1,q850_trace,precip_zwd,q850,-45.02252252252252,273.04529172445586,1.6329822756233625e-05,1.0,850,0.0,0.017014781945111784,1.0,0.9856767165060454,0.014323283493954649,5.677609920501709,5.711377143859863,5.645518779754639,0.0337672233581543,-0.03209114074707031,0.032929182052612305,0.0008380413055419922,0.032929182052612305,True,enc_s1,encoder,1,10,0.01074241828173399,0.008230765396729112,0.008525582309812308,0.0042955927085131405,0.6402417986689033,0.6737431839939164
andes_2020-03-25T12:00:00,andes,synoptic,low_near,t1,q850_trace,precip_zwd,q850,-45.02252252252252,273.04529172445586,1.6329822756233625e-05,1.0,850,0.0,0.017014781945111784,1.0,0.9856767165060454,0.014323283493954649,5.677609920501709,5.711377143859863,5.645518779754639,0.0337672233581543,-0.03209114074707031,0.032929182052612305,0.0008380413055419922,0.032929182052612305,True,enc_s2,encoder,2,8,0.004565099079627544,0.0034646574349608272,0.0036094604583922774,0.0018421706918161362,0.6245614362237955,0.6621274621962558
andes_2020-03-25T12:00:00,andes,synoptic,low_near,t1,q850_trace,precip_zwd,q850,-45.02252252252252,273.04529172445586,1.6329822756233625e-05,1.0,850,0.0,0.017014781945111784,1.0,0.9856767165060454,0.014323283493954649,5.677609920501709,5.711377143859863,5.645518779754639,0.0337672233581543,-0.03209114074707031,0.032929182052612305,0.0008380413055419922,0.032929182052612305,True,dec_s0,decoder,0,8,0.005782522319350392,0.00440425009583123,0.004563417751342058,0.0023648198693990707,0.6164939097165908,0.6587068592918499
andes_2020-03-25T12:00:00,andes,synoptic,low_near,t1,q850_trace,precip_zwd,q850,-45.02252252252252,273.04529172445586,1.6329822756233625e-05,1.0,850,0.0,0.017014781945111784,1.0,0.9856767165060454,0.014323283493954649,5.677609920501709,5.711377143859863,5.645518779754639,0.0337672233581543,-0.03209114074707031,0.032929182052612305,0.0008380413055419922,0.032929182052612305,True,dec_s1,decoder,1,10,0.008290322171524167,0.006971847685053945,0.006662360252812504,0.003771853353828192,0.577230798741073,0.6444513830947115
andes_2020-03-25T12:00:00,andes,synoptic,low_near,t1,q850_trace,precip_zwd,q850,-45.02252252252252,273.04529172445586,1.6329822756233625e-05,1.0,850,0.0,0.017014781945111784,1.0,0.9856767165060454,0.014323283493954649,5.677609920501709,5.711377143859863,5.645518779754639,0.0337672233581543,-0.03209114074707031,0.032929182052612305,0.0008380413055419922,0.032929182052612305,True,dec_s2,decoder,2,6,0.028397701991101105,0.02661081776022911,0.025758013129234314,0.009685457218438387,0.7968306526716149,0.7267584841109941
aquitaine_basin_2020-10-02T06:00:00,aquitaine_basin,local,hotspot,t1,q850_trace,precip_zwd,q850,44.97747747747748,359.3983431897952,7.633692439412698e-05,1.0,850,0.0,0.0,1.0,1.0,0.0,4.769473075866699,5.735377311706543,4.055521488189697,0.9659042358398438,-0.713951587677002,0.8399279117584229,0.1259763240814209,0.8399279117584229,True,enc_s0,encoder,0,6,0.006108948805679877,0.005800293991342187,0.005712902095789711,0.0016844680455202858,0.8492343044048547,0.7714612958278769
aquitaine_basin_2020-10-02T06:00:00,aquitaine_basin,local,hotspot,t1,q850_trace,precip_zwd,q850,44.97747747747748,359.3983431897952,7.633692439412698e-05,1.0,850,0.0,0.0,1.0,1.0,0.0,4.769473075866699,5.735377311706543,4.055521488189697,0.9659042358398438,-0.713951587677002,0.8399279117584229,0.1259763240814209,0.8399279117584229,True,enc_s1,encoder,1,10,0.0053378883982077244,0.0038518671412020923,0.003932019718922675,0.002457069931551814,0.5147105471334515,0.6302053306069823
aquitaine_basin_2020-10-02T06:00:00,aquitaine_basin,local,hotspot,t1,q850_trace,precip_zwd,q850,44.97747747747748,359.3983431897952,7.633692439412698e-05,1.0,850,0.0,0.0,1.0,1.0,0.0,4.769473075866699,5.735377311706543,4.055521488189697,0.9659042358398438,-0.713951587677002,0.8399279117584229,0.1259763240814209,0.8399279117584229,True,enc_s2,encoder,2,8,0.0021892044751439244,0.0017868362774606794,0.0016652444173814729,0.0011044460989069194,0.40844263773288103,0.601268645410157
aquitaine_basin_2020-10-02T06:00:00,aquitaine_basin,local,hotspot,t1,q850_trace,precip_zwd,q850,44.97747747747748,359.3983431897952,7.633692439412698e-05,1.0,850,0.0,0.0,1.0,1.0,0.0,4.769473075866699,5.735377311706543,4.055521488189697,0.9659042358398438,-0.713951587677002,0.8399279117584229,0.1259763240814209,0.8399279117584229,True,dec_s0,decoder,0,8,0.003237698372686282,0.0027784657140728086,0.002470735169481486,0.001730982621666044,0.35956770572285607,0.5885541909816325
aquitaine_basin_2020-10-02T06:00:00,aquitaine_basin,local,hotspot,t1,q850_trace,precip_zwd,q850,44.97747747747748,359.3983431897952,7.633692439412698e-05,1.0,850,0.0,0.0,1.0,1.0,0.0,4.769473075866699,5.735377311706543,4.055521488189697,0.9659042358398438,-0.713951587677002,0.8399279117584229,0.1259763240814209,0.8399279117584229,True,dec_s1,decoder,1,10,0.0036774593172594905,0.0037815025076270103,0.0027830411680042745,0.002482935774605721,0.10894473935595472,0.525890249659738
aquitaine_basin_2020-10-02T06:00:00,aquitaine_basin,local,hotspot,t1,q850_trace,precip_zwd,q850,44.97747747747748,359.3983431897952,7.633692439412698e-05,1.0,850,0.0,0.0,1.0,1.0,0.0,4.769473075866699,5.735377311706543,4.055521488189697,0.9659042358398438,-0.713951587677002,0.8399279117584229,0.1259763240814209,0.8399279117584229,True,dec_s2,decoder,2,6,0.01162290604164203,0.012109743120769659,0.009712647181004286,0.006821645035718878,0.38845808880782795,0.5874397680042928
aquitaine_basin_2020-10-02T06:00:00,aquitaine_basin,local,low_near,t1,q850_trace,precip_zwd,q850,54.97747747747748,344.3983431897952,1.489134206167364e-06,1.0,850,0.0,0.05391832958900489,1.0,0.9490475464748457,0.05095245352515427,4.769473075866699,4.7574262619018555,4.7697529792785645,-0.01204681396484375,0.0002799034118652344,-0.006163358688354492,-0.005883455276489258,0.006163358688354492,True,enc_s0,encoder,0,6,0.008782883795599142,0.008722195168957114,0.008290842408314347,0.0028128447787215314,0.7977037984263423,0.7456294667848845
aquitaine_basin_2020-10-02T06:00:00,aquitaine_basin,local,low_near,t1,q850_trace,precip_zwd,q850,54.97747747747748,344.3983431897952,1.489134206167364e-06,1.0,850,0.0,0.05391832958900489,1.0,0.9490475464748457,0.05095245352515427,4.769473075866699,4.7574262619018555,4.7697529792785645,-0.01204681396484375,0.0002799034118652344,-0.006163358688354492,-0.005883455276489258,0.006163358688354492,True,enc_s1,encoder,1,10,0.00757580972276628,0.004805336520075798,0.005191516457125544,0.0035902377450838683,0.42808864003432917,0.6031162240377467
aquitaine_basin_2020-10-02T06:00:00,aquitaine_basin,local,low_near,t1,q850_trace,precip_zwd,q850,54.97747747747748,344.3983431897952,1.489134206167364e-06,1.0,850,0.0,0.05391832958900489,1.0,0.9490475464748457,0.05095245352515427,4.769473075866699,4.7574262619018555,4.7697529792785645,-0.01204681396484375,0.0002799034118652344,-0.006163358688354492,-0.005883455276489258,0.006163358688354492,True,enc_s2,encoder,2,8,0.002959904493764043,0.001985029230127111,0.0020554291404550895,0.0014579427952412516,0.36943614859170004,0.5852032025219389
aquitaine_basin_2020-10-02T06:00:00,aquitaine_basin,local,low_near,t1,q850_trace,precip_zwd,q850,54.97747747747748,344.3983431897952,1.489134206167364e-06,1.0,850,0.0,0.05391832958900489,1.0,0.9490475464748457,0.05095245352515427,4.769473075866699,4.7574262619018555,4.7697529792785645,-0.01204681396484375,0.0002799034118652344,-0.006163358688354492,-0.005883455276489258,0.006163358688354492,True,dec_s0,decoder,0,8,0.004243109899107367,0.0026911142631433904,0.002779453818220645,0.002213031577412039,0.2595928187315176,0.5572261019853741
aquitaine_basin_2020-10-02T06:00:00,aquitaine_basin,local,low_near,t1,q850_trace,precip_zwd,q850,54.97747747747748,344.3983431897952,1.489134206167364e-06,1.0,850,0.0,0.05391832958900489,1.0,0.9490475464748457,0.05095245352515427,4.769473075866699,4.7574262619018555,4.7697529792785645,-0.01204681396484375,0.0002799034118652344,-0.006163358688354492,-0.005883455276489258,0.006163358688354492,True,dec_s1,decoder,1,10,0.004762216587550938,0.004893631767481565,0.003701059194281697,0.003102274576667696,0.20687890987416474,0.5481382865629087
aquitaine_basin_2020-10-02T06:00:00,aquitaine_basin,local,low_near,t1,q850_trace,precip_zwd,q850,54.97747747747748,344.3983431897952,1.489134206167364e-06,1.0,850,0.0,0.05391832958900489,1.0,0.9490475464748457,0.05095245352515427,4.769473075866699,4.7574262619018555,4.7697529792785645,-0.01204681396484375,0.0002799034118652344,-0.006163358688354492,-0.005883455276489258,0.006163358688354492,True,dec_s2,decoder,2,6,0.014246613252907991,0.017175841455658276,0.013299157532552877,0.008491924498230219,0.502837046269996,0.6104264331312583
aquitaine_basin_2020-10-02T06:00:00,aquitaine_basin,synoptic,hotspot,t1,q850_trace,precip_zwd,q850,42.47747747747748,359.3983431897952,0.0001375502033624798,1.0,850,0.0,5.900575306092344e-05,1.0,0.9999970431795929,2.956820407020636e-06,4.769473075866699,5.869563102722168,3.968526601791382,1.1000900268554688,-0.8009464740753174,0.9505182504653931,0.14957177639007568,0.9505182504653931,True,enc_s0,encoder,0,6,0.013597548007965088,0.013188354360560576,0.012951018599172434,0.0034164761503537497,0.8729244052192282,0.7904838311710319
aquitaine_basin_2020-10-02T06:00:00,aquitaine_basin,synoptic,hotspot,t1,q850_trace,precip_zwd,q850,42.47747747747748,359.3983431897952,0.0001375502033624798,1.0,850,0.0,5.900575306092344e-05,1.0,0.9999970431795929,2.956820407020636e-06,4.769473075866699,5.869563102722168,3.968526601791382,1.1000900268554688,-0.8009464740753174,0.9505182504653931,0.14957177639007568,0.9505182504653931,True,enc_s1,encoder,1,10,0.01057711630128324,0.00778817143291235,0.008178967470303177,0.004360843938775361,0.6136583790232717,0.6614156459856957
aquitaine_basin_2020-10-02T06:00:00,aquitaine_basin,synoptic,hotspot,t1,q850_trace,precip_zwd,q850,42.47747747747748,359.3983431897952,0.0001375502033624798,1.0,850,0.0,5.900575306092344e-05,1.0,0.9999970431795929,2.956820407020636e-06,4.769473075866699,5.869563102722168,3.968526601791382,1.1000900268554688,-0.8009464740753174,0.9505182504653931,0.14957177639007568,0.9505182504653931,True,enc_s2,encoder,2,8,0.0043351754429750144,0.0034120018244720995,0.003376598993781954,0.0019536239851731807,0.5289784632381638,0.6336096483542901
aquitaine_basin_2020-10-02T06:00:00,aquitaine_basin,synoptic,hotspot,t1,q850_trace,precip_zwd,q850,42.47747747747748,359.3983431897952,0.0001375502033624798,1.0,850,0.0,5.900575306092344e-05,1.0,0.9999970431795929,2.956820407020636e-06,4.769473075866699,5.869563102722168,3.968526601791382,1.1000900268554688,-0.8009464740753174,0.9505182504653931,0.14957177639007568,0.9505182504653931,True,dec_s0,decoder,0,8,0.006327169539872557,0.005117004213389009,0.004924574110191315,0.0029756039730273187,0.4941019110329206,0.6238831433842422
aquitaine_basin_2020-10-02T06:00:00,aquitaine_basin,synoptic,hotspot,t1,q850_trace,precip_zwd,q850,42.47747747747748,359.3983431897952,0.0001375502033624798,1.0,850,0.0,5.900575306092344e-05,1.0,0.9999970431795929,2.956820407020636e-06,4.769473075866699,5.869563102722168,3.968526601791382,1.1000900268554688,-0.8009464740753174,0.9505182504653931,0.14957177639007568,0.9505182504653931,True,dec_s1,decoder,1,10,0.0061815864173695445,0.006065471493639052,0.005090418388135731,0.00340444294270128,0.41706943634638727,0.6003531128226627
aquitaine_basin_2020-10-02T06:00:00,aquitaine_basin,synoptic,hotspot,t1,q850_trace,precip_zwd,q850,42.47747747747748,359.3983431897952,0.0001375502033624798,1.0,850,0.0,5.900575306092344e-05,1.0,0.9999970431795929,2.956820407020636e-06,4.769473075866699,5.869563102722168,3.968526601791382,1.1000900268554688,-0.8009464740753174,0.9505182504653931,0.14957177639007568,0.9505182504653931,True,dec_s2,decoder,2,6,0.021823694929480553,0.021958467240134876,0.01939955788354079,0.010142564152677854,0.6351225454261583,0.6567399464688187
aquitaine_basin_2020-10-02T06:00:00,aquitaine_basin,synoptic,low_near,t1,q850_trace,precip_zwd,q850,57.47747747747748,19.39834318979516,1.4005709090270102e-05,1.0,850,0.0,0.002021331498365732,1.0,0.9995059333881956,0.0004940666118043679,4.769473075866699,4.787896633148193,4.749706745147705,0.01842355728149414,-0.01976633071899414,0.01909494400024414,-0.00067138671875,0.01909494400024414,True,enc_s0,encoder,0,6,0.019512259401381016,0.018664510920643806,0.018361408573885758,0.005236465406293671,0.8515920341580766,0.7774530029394287
aquitaine_basin_2020-10-02T06:00:00,aquitaine_basin,synoptic,low_near,t1,q850_trace,precip_zwd,q850,57.47747747747748,19.39834318979516,1.4005709090270102e-05,1.0,850,0.0,0.002021331498365732,1.0,0.9995059333881956,0.0004940666118043679,4.769473075866699,4.787896633148193,4.749706745147705,0.01842355728149414,-0.01976633071899414,0.01909494400024414,-0.00067138671875,0.01909494400024414,True,enc_s1,encoder,1,10,0.015778337512165307,0.010885719768702984,0.011598505079746246,0.006983985099941492,0.5431173416493752,0.6356907036334869
aquitaine_basin_2020-10-02T06:00:00,aquitaine_basin,synoptic,low_near,t1,q850_trace,precip_zwd,q850,57.47747747747748,19.39834318979516,1.4005709090270102e-05,1.0,850,0.0,0.002021331498365732,1.0,0.9995059333881956,0.0004940666118043679,4.769473075866699,4.787896633148193,4.749706745147705,0.01842355728149414,-0.01976633071899414,0.01909494400024414,-0.00067138671875,0.01909494400024414,True,enc_s2,encoder,2,8,0.0070231573190540075,0.004441616183612496,0.004998196382075548,0.00308942495030351,0.5072299654191581,0.6181133004626983
aquitaine_basin_2020-10-02T06:00:00,aquitaine_basin,synoptic,low_near,t1,q850_trace,precip_zwd,q850,57.47747747747748,19.39834318979516,1.4005709090270102e-05,1.0,850,0.0,0.002021331498365732,1.0,0.9995059333881956,0.0004940666118043679,4.769473075866699,4.787896633148193,4.749706745147705,0.01842355728149414,-0.01976633071899414,0.01909494400024414,-0.00067138671875,0.01909494400024414,True,dec_s0,decoder,0,8,0.00986600574105978,0.006014396785758436,0.006903361063450575,0.004370275768451393,0.4966599785132377,0.6124874836292914
aquitaine_basin_2020-10-02T06:00:00,aquitaine_basin,synoptic,low_near,t1,q850_trace,precip_zwd,q850,57.47747747747748,19.39834318979516,1.4005709090270102e-05,1.0,850,0.0,0.002021331498365732,1.0,0.9995059333881956,0.0004940666118043679,4.769473075866699,4.787896633148193,4.749706745147705,0.01842355728149414,-0.01976633071899414,0.01909494400024414,-0.00067138671875,0.01909494400024414,True,dec_s1,decoder,1,10,0.010662938794121146,0.008957224106416107,0.008124328684061766,0.005548898340202868,0.4267456166715716,0.6021718673780078
aquitaine_basin_2020-10-02T06:00:00,aquitaine_basin,synoptic,low_near,t1,q850_trace,precip_zwd,q850,57.47747747747748,19.39834318979516,1.4005709090270102e-05,1.0,850,0.0,0.002021331498365732,1.0,0.9995059333881956,0.0004940666118043679,4.769473075866699,4.787896633148193,4.749706745147705,0.01842355728149414,-0.01976633071899414,0.01909494400024414,-0.00067138671875,0.01909494400024414,True,dec_s2,decoder,2,6,0.033601073548197746,0.03314184583723545,0.03017794682333867,0.014245918486267328,0.6736573426525835,0.6794484981295493
atlas_2020-03-19T18:00:00,atlas,local,hotspot,t1,q850_trace,precip_zwd,q850,32.47747747747748,354.79529172445586,8.581561996834353e-05,1.0,850,0.0,0.006802721088435374,1.0000000785500416,0.994631026103907,0.005369052024395441,6.197420597076416,6.857410907745361,4.732945442199707,0.6599903106689453,-1.464475154876709,1.0622327327728271,-0.40224242210388184,1.0622327327728271,True,enc_s0,encoder,0,6,0.005873441152895491,0.006173633427048723,0.005796142620965838,0.0016402533316674333,0.8592478203285632,0.7783484126889698
atlas_2020-03-19T18:00:00,atlas,local,hotspot,t1,q850_trace,precip_zwd,q850,32.47747747747748,354.79529172445586,8.581561996834353e-05,1.0,850,0.0,0.006802721088435374,1.0000000785500416,0.994631026103907,0.005369052024395441,6.197420597076416,6.857410907745361,4.732945442199707,0.6599903106689453,-1.464475154876709,1.0622327327728271,-0.40224242210388184,1.0622327327728271,True,enc_s1,encoder,1,10,0.0052366366144269705,0.003957505524158478,0.004002229985781014,0.002297008887398988,0.5829083178196905,0.6588502909764544
atlas_2020-03-19T18:00:00,atlas,local,hotspot,t1,q850_trace,precip_zwd,q850,32.47747747747748,354.79529172445586,8.581561996834353e-05,1.0,850,0.0,0.006802721088435374,1.0000000785500416,0.994631026103907,0.005369052024395441,6.197420597076416,6.857410907745361,4.732945442199707,0.6599903106689453,-1.464475154876709,1.0622327327728271,-0.40224242210388184,1.0622327327728271,True,enc_s2,encoder,2,8,0.0027063657180406153,0.0019154040201101452,0.00198001203534659,0.0012553887499962002,0.466158031302663,0.6121460271519638
atlas_2020-03-19T18:00:00,atlas,local,hotspot,t1,q850_trace,precip_zwd,q850,32.47747747747748,354.79529172445586,8.581561996834353e-05,1.0,850,0.0,0.006802721088435374,1.0000000785500416,0.994631026103907,0.005369052024395441,6.197420597076416,6.857410907745361,4.732945442199707,0.6599903106689453,-1.464475154876709,1.0622327327728271,-0.40224242210388184,1.0622327327728271,True,dec_s0,decoder,0,8,0.0038737781869713217,0.0029026183183304965,0.0028127700206823647,0.0019504283845890313,0.37931254056542163,0.5910669130161579
atlas_2020-03-19T18:00:00,atlas,local,hotspot,t1,q850_trace,precip_zwd,q850,32.47747747747748,354.79529172445586,8.581561996834353e-05,1.0,850,0.0,0.006802721088435374,1.0000000785500416,0.994631026103907,0.005369052024395441,6.197420597076416,6.857410907745361,4.732945442199707,0.6599903106689453,-1.464475154876709,1.0622327327728271,-0.40224242210388184,1.0622327327728271,True,dec_s1,decoder,1,10,0.00469565826933831,0.003934051655232906,0.003353622939903289,0.0027413956355303525,0.20190262324862776,0.5474917996767907
atlas_2020-03-19T18:00:00,atlas,local,hotspot,t1,q850_trace,precip_zwd,q850,32.47747747747748,354.79529172445586,8.581561996834353e-05,1.0,850,0.0,0.006802721088435374,1.0000000785500416,0.994631026103907,0.005369052024395441,6.197420597076416,6.857410907745361,4.732945442199707,0.6599903106689453,-1.464475154876709,1.0622327327728271,-0.40224242210388184,1.0622327327728271,True,dec_s2,decoder,2,6,0.014799554521838823,0.012707510186980167,0.011440082142750422,0.007705558169012268,0.4320603107905665,0.5975863006272438
atlas_2020-03-19T18:00:00,atlas,local,low_near,t1,q850_trace,precip_zwd,q850,42.47747747747748,7.295291724455865,1.2054101716785226e-06,1.0,850,0.0,0.045686141304347824,1.0,0.9528711349024138,0.04712886509758618,6.197420597076416,6.197473526000977,6.195072174072266,5.2928924560546875e-05,-0.0023484230041503906,0.0012006759643554688,-0.0011477470397949219,0.0012006759643554688,True,enc_s0,encoder,0,6,0.007054605055600405,0.00762187666259706,0.007036395759011309,0.002100977386968831,0.8451283103115501,0.7695067075710766
atlas_2020-03-19T18:00:00,atlas,local,low_near,t1,q850_trace,precip_zwd,q850,42.47747747747748,7.295291724455865,1.2054101716785226e-06,1.0,850,0.0,0.045686141304347824,1.0,0.9528711349024138,0.04712886509758618,6.197420597076416,6.197473526000977,6.195072174072266,5.2928924560546875e-05,-0.0023484230041503906,0.0012006759643554688,-0.0011477470397949219,0.0012006759643554688,True,enc_s1,encoder,1,10,0.0042918042978271845,0.004140612343326211,0.0036487482488155366,0.0020385834621265532,0.5684335395569411,0.6613539504119742
atlas_2020-03-19T18:00:00,atlas,local,low_near,t1,q850_trace,precip_zwd,q850,42.47747747747748,7.295291724455865,1.2054101716785226e-06,1.0,850,0.0,0.045686141304347824,1.0,0.9528711349024138,0.04712886509758618,6.197420597076416,6.197473526000977,6.195072174072266,5.2928924560546875e-05,-0.0023484230041503906,0.0012006759643554688,-0.0011477470397949219,0.0012006759643554688,True,enc_s2,encoder,2,8,0.001984410861041397,0.0018077345011988655,0.0016199848323594779,0.000989011095953174,0.47124988524802613,0.6211003720044741
atlas_2020-03-19T18:00:00,atlas,local,low_near,t1,q850_trace,precip_zwd,q850,42.47747747747748,7.295291724455865,1.2054101716785226e-06,1.0,850,0.0,0.045686141304347824,1.0,0.9528711349024138,0.04712886509758618,6.197420597076416,6.197473526000977,6.195072174072266,5.2928924560546875e-05,-0.0023484230041503906,0.0012006759643554688,-0.0011477470397949219,0.0012006759643554688,True,dec_s0,decoder,0,8,0.002707925741560757,0.002411698194919154,0.002063144391286187,0.0015212244034046307,0.31292939229799216,0.5768514810100047
atlas_2020-03-19T18:00:00,atlas,local,low_near,t1,q850_trace,precip_zwd,q850,42.47747747747748,7.295291724455865,1.2054101716785226e-06,1.0,850,0.0,0.045686141304347824,1.0,0.9528711349024138,0.04712886509758618,6.197420597076416,6.197473526000977,6.195072174072266,5.2928924560546875e-05,-0.0023484230041503906,0.0012006759643554688,-0.0011477470397949219,0.0012006759643554688,True,dec_s1,decoder,1,10,0.0040150661254301665,0.0037125366274267436,0.0028886577230878173,0.002570355811621994,0.13906666608972004,0.5325925887187559
atlas_2020-03-19T18:00:00,atlas,local,low_near,t1,q850_trace,precip_zwd,q850,42.47747747747748,7.295291724455865,1.2054101716785226e-06,1.0,850,0.0,0.045686141304347824,1.0,0.9528711349024138,0.04712886509758618,6.197420597076416,6.197473526000977,6.195072174072266,5.2928924560546875e-05,-0.0023484230041503906,0.0012006759643554688,-0.0011477470397949219,0.0012006759643554688,True,dec_s2,decoder,2,6,0.013624178556104502,0.013904013360540072,0.011752553439388672,0.007165734733765324,0.5356588075186014,0.6212629081896802
atlas_2020-03-19T18:00:00,atlas,synoptic,hotspot,t1,q850_trace,precip_zwd,q850,34.97747747747748,352.29529172445586,0.00014367081166710705,1.0,850,0.0,0.005441195751933919,0.9999998940356032,0.996696665893833,0.003303228491794805,6.197420597076416,6.939445972442627,4.562513828277588,0.7420253753662109,-1.6349067687988281,1.1884660720825195,-0.4464406967163086,1.1884660720825195,True,enc_s0,encoder,0,6,0.014904471424718698,0.015215475112199783,0.014573663317908844,0.0037949408094088235,0.8746822880454425,0.7926248126399716
atlas_2020-03-19T18:00:00,atlas,synoptic,hotspot,t1,q850_trace,precip_zwd,q850,34.97747747747748,352.29529172445586,0.00014367081166710705,1.0,850,0.0,0.005441195751933919,0.9999998940356032,0.996696665893833,0.003303228491794805,6.197420597076416,6.939445972442627,4.562513828277588,0.7420253753662109,-1.6349067687988281,1.1884660720825195,-0.4464406967163086,1.1884660720825195,True,enc_s1,encoder,1,10,0.011359755322337151,0.008404858177527785,0.008713171584531665,0.004784360853955149,0.5982058917638466,0.6623109729167391
atlas_2020-03-19T18:00:00,atlas,synoptic,hotspot,t1,q850_trace,precip_zwd,q850,34.97747747747748,352.29529172445586,0.00014367081166710705,1.0,850,0.0,0.005441195751933919,0.9999998940356032,0.996696665893833,0.003303228491794805,6.197420597076416,6.939445972442627,4.562513828277588,0.7420253753662109,-1.6349067687988281,1.1884660720825195,-0.4464406967163086,1.1884660720825195,True,enc_s2,encoder,2,8,0.005433238111436367,0.003790189337451011,0.004029469797387719,0.002388687717029825,0.5254634392678772,0.6279308412273548
atlas_2020-03-19T18:00:00,atlas,synoptic,hotspot,t1,q850_trace,precip_zwd,q850,34.97747747747748,352.29529172445586,0.00014367081166710705,1.0,850,0.0,0.005441195751933919,0.9999998940356032,0.996696665893833,0.003303228491794805,6.197420597076416,6.939445972442627,4.562513828277588,0.7420253753662109,-1.6349067687988281,1.1884660720825195,-0.4464406967163086,1.1884660720825195,True,dec_s0,decoder,0,8,0.007419565808959305,0.0052579789771698415,0.005476884602103382,0.003369273559655994,0.49443222470086934,0.6193544799656384
atlas_2020-03-19T18:00:00,atlas,synoptic,hotspot,t1,q850_trace,precip_zwd,q850,34.97747747747748,352.29529172445586,0.00014367081166710705,1.0,850,0.0,0.005441195751933919,0.9999998940356032,0.996696665893833,0.003303228491794805,6.197420597076416,6.939445972442627,4.562513828277588,0.7420253753662109,-1.6349067687988281,1.1884660720825195,-0.4464406967163086,1.1884660720825195,True,dec_s1,decoder,1,10,0.008812134340405463,0.007187854079529643,0.006749422498978674,0.004369809594936669,0.4626521739392331,0.6102636399249308
atlas_2020-03-19T18:00:00,atlas,synoptic,hotspot,t1,q850_trace,precip_zwd,q850,34.97747747747748,352.29529172445586,0.00014367081166710705,1.0,850,0.0,0.005441195751933919,0.9999998940356032,0.996696665893833,0.003303228491794805,6.197420597076416,6.939445972442627,4.562513828277588,0.7420253753662109,-1.6349067687988281,1.1884660720825195,-0.4464406967163086,1.1884660720825195,True,dec_s2,decoder,2,6,0.0290803670262297,0.0273333511625727,0.025267727362612884,0.012566125486046076,0.64790244763588,0.6679706208895667
atlas_2020-03-19T18:00:00,atlas,synoptic,low_near,t1,q850_trace,precip_zwd,q850,49.97747747747748,357.29529172445586,9.972637599275913e-06,1.0,850,0.0,0.049004475999382624,0.999999916833803,0.9354369169425844,0.06456300526067824,6.197420597076416,6.213929176330566,6.171398162841797,0.01650857925415039,-0.02602243423461914,0.021265506744384766,-0.004756927490234375,0.021265506744384766,True,enc_s0,encoder,0,6,0.019645642799635727,0.01913445784399907,0.018514730967581272,0.005779480484003822,0.8243173670151421,0.7616088773118523
atlas_2020-03-19T18:00:00,atlas,synoptic,low_near,t1,q850_trace,precip_zwd,q850,49.97747747747748,357.29529172445586,9.972637599275913e-06,1.0,850,0.0,0.049004475999382624,0.999999916833803,0.9354369169425844,0.06456300526067824,6.197420597076416,6.213929176330566,6.171398162841797,0.01650857925415039,-0.02602243423461914,0.021265506744384766,-0.004756927490234375,0.021265506744384766,True,enc_s1,encoder,1,10,0.01576786898076534,0.010775560326874257,0.01129965139552951,0.007258358644321561,0.49354540583141143,0.6236456175778466
atlas_2020-03-19T18:00:00,atlas,synoptic,low_near,t1,q850_trace,precip_zwd,q850,49.97747747747748,357.29529172445586,9.972637599275913e-06,1.0,850,0.0,0.049004475999382624,0.999999916833803,0.9354369169425844,0.06456300526067824,6.197420597076416,6.213929176330566,6.171398162841797,0.01650857925415039,-0.02602243423461914,0.021265506744384766,-0.004756927490234375,0.021265506744384766,True,enc_s2,encoder,2,8,0.007440043438691646,0.004650858871173114,0.005196556216105819,0.0033897402754519135,0.45922614956880836,0.6053997635037185
atlas_2020-03-19T18:00:00,atlas,synoptic,low_near,t1,q850_trace,precip_zwd,q850,49.97747747747748,357.29529172445586,9.972637599275913e-06,1.0,850,0.0,0.049004475999382624,0.999999916833803,0.9354369169425844,0.06456300526067824,6.197420597076416,6.213929176330566,6.171398162841797,0.01650857925415039,-0.02602243423461914,0.021265506744384766,-0.004756927490234375,0.021265506744384766,True,dec_s0,decoder,0,8,0.0113584523787722,0.006113594921771437,0.007464193738996983,0.005242403014563024,0.41823717105022473,0.5874548213769788
atlas_2020-03-19T18:00:00,atlas,synoptic,low_near,t1,q850_trace,precip_zwd,q850,49.97747747747748,357.29529172445586,9.972637599275913e-06,1.0,850,0.0,0.049004475999382624,0.999999916833803,0.9354369169425844,0.06456300526067824,6.197420597076416,6.213929176330566,6.171398162841797,0.01650857925415039,-0.02602243423461914,0.021265506744384766,-0.004756927490234375,0.021265506744384766,True,dec_s1,decoder,1,10,0.010349973291158675,0.009448050567880274,0.008269157959148288,0.00546053044963628,0.43983647478888105,0.6064785186740405
atlas_2020-03-19T18:00:00,atlas,synoptic,low_near,t1,q850_trace,precip_zwd,q850,49.97747747747748,357.29529172445586,9.972637599275913e-06,1.0,850,0.0,0.049004475999382624,0.999999916833803,0.9354369169425844,0.06456300526067824,6.197420597076416,6.213929176330566,6.171398162841797,0.01650857925415039,-0.02602243423461914,0.021265506744384766,-0.004756927490234375,0.021265506744384766,True,dec_s2,decoder,2,6,0.03210859373211861,0.03329374392827352,0.029252734345694382,0.014626096313198408,0.6360954430024378,0.666821351638066
california_2020-12-13T18:00:00,california,local,hotspot,t1,q850_trace,precip_zwd,q850,38.22747747747748,234.32046739745803,5.3696090617449954e-05,1.0,850,0.0,0.0,1.0,1.0,0.0,4.889678955078125,5.561232089996338,3.7376396656036377,0.6715531349182129,-1.1520392894744873,0.9117962121963501,-0.2402430772781372,0.9117962121963501,True,enc_s0,encoder,0,6,0.006608641395966212,0.006540055697162946,0.006288665036360423,0.0019210027142738302,0.8378774115480102,0.765460579956932
california_2020-12-13T18:00:00,california,local,hotspot,t1,q850_trace,precip_zwd,q850,38.22747747747748,234.32046739745803,5.3696090617449954e-05,1.0,850,0.0,0.0,1.0,1.0,0.0,4.889678955078125,5.561232089996338,3.7376396656036377,0.6715531349182129,-1.1520392894744873,0.9117962121963501,-0.2402430772781372,0.9117962121963501,True,enc_s1,encoder,1,10,0.005949931591749192,0.004252661578357219,0.004286652221344412,0.002850200782995671,0.46703599984530236,0.6173154628950351
california_2020-12-13T18:00:00,california,local,hotspot,t1,q850_trace,precip_zwd,q850,38.22747747747748,234.32046739745803,5.3696090617449954e-05,1.0,850,0.0,0.0,1.0,1.0,0.0,4.889678955078125,5.561232089996338,3.7376396656036377,0.6715531349182129,-1.1520392894744873,0.9117962121963501,-0.2402430772781372,0.9117962121963501,True,enc_s2,encoder,2,8,0.002715450682444498,0.0019197673682356253,0.0019364081817911938,0.0013342407037271187,0.3880936411866604,0.5921312339811837
california_2020-12-13T18:00:00,california,local,hotspot,t1,q850_trace,precip_zwd,q850,38.22747747747748,234.32046739745803,5.3696090617449954e-05,1.0,850,0.0,0.0,1.0,1.0,0.0,4.889678955078125,5.561232089996338,3.7376396656036377,0.6715531349182129,-1.1520392894744873,0.9117962121963501,-0.2402430772781372,0.9117962121963501,True,dec_s0,decoder,0,8,0.0037335799424909055,0.0027884103474207222,0.0026599960983730853,0.0019445032376097515,0.32897942927494594,0.578213980095812
california_2020-12-13T18:00:00,california,local,hotspot,t1,q850_trace,precip_zwd,q850,38.22747747747748,234.32046739745803,5.3696090617449954e-05,1.0,850,0.0,0.0,1.0,1.0,0.0,4.889678955078125,5.561232089996338,3.7376396656036377,0.6715531349182129,-1.1520392894744873,0.9117962121963501,-0.2402430772781372,0.9117962121963501,True,dec_s1,decoder,1,10,0.0038882251363247635,0.0038509610341861842,0.0029487172374501824,0.0025060929474420846,0.1685414518557386,0.5399386091167611
california_2020-12-13T18:00:00,california,local,hotspot,t1,q850_trace,precip_zwd,q850,38.22747747747748,234.32046739745803,5.3696090617449954e-05,1.0,850,0.0,0.0,1.0,1.0,0.0,4.889678955078125,5.561232089996338,3.7376396656036377,0.6715531349182129,-1.1520392894744873,0.9117962121963501,-0.2402430772781372,0.9117962121963501,True,dec_s2,decoder,2,6,0.011853668373078108,0.012187184610714516,0.010010767572869858,0.006655859450499217,0.44107253030143,0.6006945555873169
california_2020-12-13T18:00:00,california,local,low_near,t1,q850_trace,precip_zwd,q850,50.72747747747748,249.32046739745803,1.0240736401101458e-06,1.0,850,0.0,0.24030329542140566,1.0,0.4924827299386906,0.5075172700613094,4.889678955078125,4.8919196128845215,4.889253616333008,0.0022406578063964844,-0.0004253387451171875,0.001332998275756836,0.0009076595306396484,0.001332998275756836,True,enc_s0,encoder,0,6,0.008912016016741594,0.005343136688073476,0.006685235382368167,0.0030552762715766826,0.7501837325995407,0.6865547587725086
california_2020-12-13T18:00:00,california,local,low_near,t1,q850_trace,precip_zwd,q850,50.72747747747748,249.32046739745803,1.0240736401101458e-06,1.0,850,0.0,0.24030329542140566,1.0,0.4924827299386906,0.5075172700613094,4.889678955078125,4.8919196128845215,4.889253616333008,0.0022406578063964844,-0.0004253387451171875,0.001332998275756836,0.0009076595306396484,0.001332998275756836,True,enc_s1,encoder,1,10,0.009098011581227184,0.0036878813290968536,0.005372646870091558,0.004369621211662888,0.34511719082197956,0.5602235741074865
california_2020-12-13T18:00:00,california,local,low_near,t1,q850_trace,precip_zwd,q850,50.72747747747748,249.32046739745803,1.0240736401101458e-06,1.0,850,0.0,0.24030329542140566,1.0,0.4924827299386906,0.5075172700613094,4.889678955078125,4.8919196128845215,4.889253616333008,0.0022406578063964844,-0.0004253387451171875,0.001332998275756836,0.0009076595306396484,0.001332998275756836,True,enc_s2,encoder,2,8,0.0038861313660163432,0.001701663772109896,0.002322950545931235,0.0018981229659402743,0.2790045571070156,0.5505008365447679
california_2020-12-13T18:00:00,california,local,low_near,t1,q850_trace,precip_zwd,q850,50.72747747747748,249.32046739745803,1.0240736401101458e-06,1.0,850,0.0,0.24030329542140566,1.0,0.4924827299386906,0.5075172700613094,4.889678955078125,4.8919196128845215,4.889253616333008,0.0022406578063964844,-0.0004253387451171875,0.001332998275756836,0.0009076595306396484,0.001332998275756836,True,dec_s0,decoder,0,8,0.008262718794867396,0.0024765023845247924,0.004503562260651961,0.00411418336443603,0.16948298499041783,0.5226043403390862
california_2020-12-13T18:00:00,california,local,low_near,t1,q850_trace,precip_zwd,q850,50.72747747747748,249.32046739745803,1.0240736401101458e-06,1.0,850,0.0,0.24030329542140566,1.0,0.4924827299386906,0.5075172700613094,4.889678955078125,4.8919196128845215,4.889253616333008,0.0022406578063964844,-0.0004253387451171875,0.001332998275756836,0.0009076595306396484,0.001332998275756836,True,dec_s1,decoder,1,10,0.006276217568665743,0.0036541672656312586,0.0038421286270022394,0.003406829014420509,0.1575856428765452,0.5319143064396197
california_2020-12-13T18:00:00,california,local,low_near,t1,q850_trace,precip_zwd,q850,50.72747747747748,249.32046739745803,1.0240736401101458e-06,1.0,850,0.0,0.24030329542140566,1.0,0.4924827299386906,0.5075172700613094,4.889678955078125,4.8919196128845215,4.889253616333008,0.0022406578063964844,-0.0004253387451171875,0.001332998275756836,0.0009076595306396484,0.001332998275756836,True,dec_s2,decoder,2,6,0.0163215147331357,0.011646814799557129,0.011530528931568066,0.008250009578963121,0.40098225479343413,0.5829791722084423
california_2020-12-13T18:00:00,california,synoptic,hotspot,t1,q850_trace,precip_zwd,q850,35.72747747747748,234.32046739745803,0.0001035681925714016,1.0,850,0.0,0.059377333376619164,1.0,0.9463825186660574,0.05361748133394267,4.889678955078125,5.696845531463623,3.6367132663726807,0.807166576385498,-1.2529656887054443,1.0300661325454712,-0.22289955615997314,1.0300661325454712,True,enc_s0,encoder,0,6,0.014998305588960648,0.015419150702655315,0.014642839475224415,0.004118247190490365,0.8559700575152069,0.779966263758634
california_2020-12-13T18:00:00,california,synoptic,hotspot,t1,q850_trace,precip_zwd,q850,35.72747747747748,234.32046739745803,0.0001035681925714016,1.0,850,0.0,0.059377333376619164,1.0,0.9463825186660574,0.05361748133394267,4.889678955078125,5.696845531463623,3.6367132663726807,0.807166576385498,-1.2529656887054443,1.0300661325454712,-0.22289955615997314,1.0300661325454712,True,enc_s1,encoder,1,10,0.01073896586894989,0.008758739149197937,0.008547670021653176,0.004717972315847874,0.5806009234109398,0.6574134798565799
california_2020-12-13T18:00:00,california,synoptic,hotspot,t1,q850_trace,precip_zwd,q850,35.72747747747748,234.32046739745803,0.0001035681925714016,1.0,850,0.0,0.059377333376619164,1.0,0.9463825186660574,0.05361748133394267,4.889678955078125,5.696845531463623,3.6367132663726807,0.807166576385498,-1.2529656887054443,1.0300661325454712,-0.22289955615997314,1.0300661325454712,True,enc_s2,encoder,2,8,0.004944226297084242,0.003848983469652012,0.003849704604363069,0.0021931421651970595,0.5409338500385698,0.6371388675140539
california_2020-12-13T18:00:00,california,synoptic,hotspot,t1,q850_trace,precip_zwd,q850,35.72747747747748,234.32046739745803,0.0001035681925714016,1.0,850,0.0,0.059377333376619164,1.0,0.9463825186660574,0.05361748133394267,4.889678955078125,5.696845531463623,3.6367132663726807,0.807166576385498,-1.2529656887054443,1.0300661325454712,-0.22289955615997314,1.0300661325454712,True,dec_s0,decoder,0,8,0.006856569030787796,0.005359387258067727,0.005314114154316485,0.00310271984199062,0.5239950435393672,0.6316223081770314
california_2020-12-13T18:00:00,california,synoptic,hotspot,t1,q850_trace,precip_zwd,q850,35.72747747747748,234.32046739745803,0.0001035681925714016,1.0,850,0.0,0.059377333376619164,1.0,0.9463825186660574,0.05361748133394267,4.889678955078125,5.696845531463623,3.6367132663726807,0.807166576385498,-1.2529656887054443,1.0300661325454712,-0.22289955615997314,1.0300661325454712,True,dec_s1,decoder,1,10,0.0072580463718622925,0.006939565949141979,0.006105918809771538,0.003622786269988865,0.5300879868361594,0.630460242621439
california_2020-12-13T18:00:00,california,synoptic,hotspot,t1,q850_trace,precip_zwd,q850,35.72747747747748,234.32046739745803,0.0001035681925714016,1.0,850,0.0,0.059377333376619164,1.0,0.9463825186660574,0.05361748133394267,4.889678955078125,5.696845531463623,3.6367132663726807,0.807166576385498,-1.2529656887054443,1.0300661325454712,-0.22289955615997314,1.0300661325454712,True,dec_s2,decoder,2,6,0.025996229921778042,0.025873648313184578,0.023785455152392387,0.010337843094021082,0.7337467959166303,0.6970981712034421
california_2020-12-13T18:00:00,california,synoptic,low_near,t1,q850_trace,precip_zwd,q850,50.72747747747748,254.32046739745803,8.604457434557844e-06,1.0,850,0.0,0.22380313425656345,1.0,0.5443047756764156,0.45569522432358445,4.889678955078125,4.916027069091797,4.867682933807373,0.026348114013671875,-0.021996021270751953,0.024172067642211914,0.002176046371459961,0.024172067642211914,True,enc_s0,encoder,0,6,0.022666258737444878,0.014608210418373346,0.017381739802658558,0.007863002906863889,0.7280115068981958,0.6886049870387284
california_2020-12-13T18:00:00,california,synoptic,low_near,t1,q850_trace,precip_zwd,q850,50.72747747747748,254.32046739745803,8.604457434557844e-06,1.0,850,0.0,0.22380313425656345,1.0,0.5443047756764156,0.45569522432358445,4.889678955078125,4.916027069091797,4.867682933807373,0.026348114013671875,-0.021996021270751953,0.024172067642211914,0.002176046371459961,0.024172067642211914,True,enc_s1,encoder,1,10,0.02099001416936517,0.009280796255916357,0.012960414122790097,0.009730556327849627,0.41336705870864787,0.5773327290896347
california_2020-12-13T18:00:00,california,synoptic,low_near,t1,q850_trace,precip_zwd,q850,50.72747747747748,254.32046739745803,8.604457434557844e-06,1.0,850,0.0,0.22380313425656345,1.0,0.5443047756764156,0.45569522432358445,4.889678955078125,4.916027069091797,4.867682933807373,0.026348114013671875,-0.021996021270751953,0.024172067642211914,0.002176046371459961,0.024172067642211914,True,enc_s2,encoder,2,8,0.009000804624520242,0.004112669528694823,0.005601156211923808,0.00419440315454267,0.3812427839893381,0.5719548277573319
california_2020-12-13T18:00:00,california,synoptic,low_near,t1,q850_trace,precip_zwd,q850,50.72747747747748,254.32046739745803,8.604457434557844e-06,1.0,850,0.0,0.22380313425656345,1.0,0.5443047756764156,0.45569522432358445,4.889678955078125,4.916027069091797,4.867682933807373,0.026348114013671875,-0.021996021270751953,0.024172067642211914,0.002176046371459961,0.024172067642211914,True,dec_s0,decoder,0,8,0.014816503622569144,0.005933431908488274,0.00893388717668131,0.0068963561207056046,0.3753078460472734,0.5641789677887644
california_2020-12-13T18:00:00,california,synoptic,low_near,t1,q850_trace,precip_zwd,q850,50.72747747747748,254.32046739745803,8.604457434557844e-06,1.0,850,0.0,0.22380313425656345,1.0,0.5443047756764156,0.45569522432358445,4.889678955078125,4.916027069091797,4.867682933807373,0.026348114013671875,-0.021996021270751953,0.024172067642211914,0.002176046371459961,0.024172067642211914,True,dec_s1,decoder,1,10,0.012388086784631014,0.007505563599988818,0.008259668480604887,0.0060539103113114836,0.3787748852082842,0.5799966602316606
california_2020-12-13T18:00:00,california,synoptic,low_near,t1,q850_trace,precip_zwd,q850,50.72747747747748,254.32046739745803,8.604457434557844e-06,1.0,850,0.0,0.22380313425656345,1.0,0.5443047756764156,0.45569522432358445,4.889678955078125,4.916027069091797,4.867682933807373,0.026348114013671875,-0.021996021270751953,0.024172067642211914,0.002176046371459961,0.024172067642211914,True,dec_s2,decoder,2,6,0.03395195119082928,0.02553553134202957,0.025870059927304585,0.015270764318605265,0.5401408544429107,0.6288460375734918
canterbury_plain_2020-02-22T06:00:00,canterbury_plain,local,hotspot,t1,q850_trace,precip_zwd,q850,-43.52252252252252,172.2004848495109,6.510733510367572e-05,1.0,850,0.0,0.004004004004004004,1.0,0.9969186910641771,0.0030813089358229205,4.518150806427002,5.495436668395996,2.5531606674194336,0.9772858619689941,-1.9649901390075684,1.4711380004882812,-0.4938521385192871,1.4711380004882812,True,enc_s0,encoder,0,6,0.007095708278939128,0.0070666294389714794,0.006781854744379719,0.0020353238214738667,0.8394108073007867,0.7681094161862921
canterbury_plain_2020-02-22T06:00:00,canterbury_plain,local,hotspot,t1,q850_trace,precip_zwd,q850,-43.52252252252252,172.2004848495109,6.510733510367572e-05,1.0,850,0.0,0.004004004004004004,1.0,0.9969186910641771,0.0030813089358229205,4.518150806427002,5.495436668395996,2.5531606674194336,0.9772858619689941,-1.9649901390075684,1.4711380004882812,-0.4938521385192871,1.4711380004882812,True,enc_s1,encoder,1,10,0.00619290336035192,0.004281399887986481,0.0044853365514427425,0.002822286484297365,0.5113000316891007,0.6289933077771577
canterbury_plain_2020-02-22T06:00:00,canterbury_plain,local,hotspot,t1,q850_trace,precip_zwd,q850,-43.52252252252252,172.2004848495109,6.510733510367572e-05,1.0,850,0.0,0.004004004004004004,1.0,0.9969186910641771,0.0030813089358229205,4.518150806427002,5.495436668395996,2.5531606674194336,0.9772858619689941,-1.9649901390075684,1.4711380004882812,-0.4938521385192871,1.4711380004882812,True,enc_s2,encoder,2,8,0.0029698605940211564,0.002036440942902118,0.002102242870023474,0.001436756385373883,0.4010810696342376,0.5941788639315311
canterbury_plain_2020-02-22T06:00:00,canterbury_plain,local,hotspot,t1,q850_trace,precip_zwd,q850,-43.52252252252252,172.2004848495109,6.510733510367572e-05,1.0,850,0.0,0.004004004004004004,1.0,0.9969186910641771,0.0030813089358229205,4.518150806427002,5.495436668395996,2.5531606674194336,0.9772858619689941,-1.9649901390075684,1.4711380004882812,-0.4938521385192871,1.4711380004882812,True,dec_s0,decoder,0,8,0.0044346858048811555,0.0030095079564489424,0.003035436966456473,0.0022696881787851453,0.3160625348990593,0.5725116665363691
canterbury_plain_2020-02-22T06:00:00,canterbury_plain,local,hotspot,t1,q850_trace,precip_zwd,q850,-43.52252252252252,172.2004848495109,6.510733510367572e-05,1.0,850,0.0,0.004004004004004004,1.0,0.9969186910641771,0.0030813089358229205,4.518150806427002,5.495436668395996,2.5531606674194336,0.9772858619689941,-1.9649901390075684,1.4711380004882812,-0.4938521385192871,1.4711380004882812,True,dec_s1,decoder,1,10,0.004357660072855651,0.00412211143411696,0.003313791658729315,0.0026469985954463483,0.22565734795386452,0.5539093671869606
canterbury_plain_2020-02-22T06:00:00,canterbury_plain,local,hotspot,t1,q850_trace,precip_zwd,q850,-43.52252252252252,172.2004848495109,6.510733510367572e-05,1.0,850,0.0,0.004004004004004004,1.0,0.9969186910641771,0.0030813089358229205,4.518150806427002,5.495436668395996,2.5531606674194336,0.9772858619689941,-1.9649901390075684,1.4711380004882812,-0.4938521385192871,1.4711380004882812,True,dec_s2,decoder,2,6,0.014512168864409128,0.014963717199862003,0.01262749374533693,0.007602857891470194,0.5211940909642608,0.6242427519818255
canterbury_plain_2020-02-22T06:00:00,canterbury_plain,local,low_near,t1,q850_trace,precip_zwd,q850,-56.02252252252252,184.7004848495109,9.628978432374424e-07,1.0,850,0.0,0.03602676273803397,1.0,0.9499751468604074,0.05002485313959263,4.518150806427002,4.51700496673584,4.521032810211182,-0.0011458396911621094,0.0028820037841796875,-0.0020139217376708984,0.0008680820465087891,0.0020139217376708984,True,enc_s0,encoder,0,6,0.006475802588587006,0.006620754410202305,0.0063107051731397705,0.0017559026988844078,0.8648988360960136,0.7817958436752468
canterbury_plain_2020-02-22T06:00:00,canterbury_plain,local,low_near,t1,q850_trace,precip_zwd,q850,-56.02252252252252,184.7004848495109,9.628978432374424e-07,1.0,850,0.0,0.03602676273803397,1.0,0.9499751468604074,0.05002485313959263,4.518150806427002,4.51700496673584,4.521032810211182,-0.0011458396911621094,0.0028820037841796875,-0.0020139217376708984,0.0008680820465087891,0.0020139217376708984,True,enc_s1,encoder,1,10,0.006168189225718379,0.004234925890341401,0.004534244863316416,0.0026916587841697035,0.5489782733026247,0.6399365593411571
canterbury_plain_2020-02-22T06:00:00,canterbury_plain,local,low_near,t1,q850_trace,precip_zwd,q850,-56.02252252252252,184.7004848495109,9.628978432374424e-07,1.0,850,0.0,0.03602676273803397,1.0,0.9499751468604074,0.05002485313959263,4.518150806427002,4.51700496673584,4.521032810211182,-0.0011458396911621094,0.0028820037841796875,-0.0020139217376708984,0.0008680820465087891,0.0020139217376708984,True,enc_s2,encoder,2,8,0.002734031935688108,0.0020409152639331296,0.0020648786012316123,0.0012475215189624578,0.4972883745174692,0.6235566332932887
canterbury_plain_2020-02-22T06:00:00,canterbury_plain,local,low_near,t1,q850_trace,precip_zwd,q850,-56.02252252252252,184.7004848495109,9.628978432374424e-07,1.0,850,0.0,0.03602676273803397,1.0,0.9499751468604074,0.05002485313959263,4.518150806427002,4.51700496673584,4.521032810211182,-0.0011458396911621094,0.0028820037841796875,-0.0020139217376708984,0.0008680820465087891,0.0020139217376708984,True,dec_s0,decoder,0,8,0.004222284711431712,0.0030624004430137575,0.0030540843144990504,0.002068605928798206,0.403994079879179,0.5963944655285652
canterbury_plain_2020-02-22T06:00:00,canterbury_plain,local,low_near,t1,q850_trace,precip_zwd,q850,-56.02252252252252,184.7004848495109,9.628978432374424e-07,1.0,850,0.0,0.03602676273803397,1.0,0.9499751468604074,0.05002485313959263,4.518150806427002,4.51700496673584,4.521032810211182,-0.0011458396911621094,0.0028820037841796875,-0.0020139217376708984,0.0008680820465087891,0.0020139217376708984,True,dec_s1,decoder,1,10,0.00486115925014019,0.004687624541111291,0.0038235690910369156,0.0028605094878003,0.30867513655928536,0.5738098838137405
canterbury_plain_2020-02-22T06:00:00,canterbury_plain,local,low_near,t1,q850_trace,precip_zwd,q850,-56.02252252252252,184.7004848495109,9.628978432374424e-07,1.0,850,0.0,0.03602676273803397,1.0,0.9499751468604074,0.05002485313959263,4.518150806427002,4.51700496673584,4.521032810211182,-0.0011458396911621094,0.0028820037841796875,-0.0020139217376708984,0.0008680820465087891,0.0020139217376708984,True,dec_s2,decoder,2,6,0.014657341875135899,0.015503643235812584,0.012975693525125584,0.007696425697455804,0.5335709870053584,0.6277177169127136
canterbury_plain_2020-02-22T06:00:00,canterbury_plain,synoptic,hotspot,t1,q850_trace,precip_zwd,q850,-46.02252252252252,172.2004848495109,0.00011775813618442044,1.0,850,0.0,0.024850756629182284,0.999999910201222,0.9735137606300426,0.026486151949603486,4.518150806427002,5.715419769287109,2.2316360473632812,1.1972689628601074,-2.2865147590637207,1.741891860961914,-0.5446228981018066,1.741891860961914,True,enc_s0,encoder,0,6,0.017451300906638306,0.017092432205875713,0.016535642867287,0.004998765730609496,0.8337141893141209,0.7669660120124958
canterbury_plain_2020-02-22T06:00:00,canterbury_plain,synoptic,hotspot,t1,q850_trace,precip_zwd,q850,-46.02252252252252,172.2004848495109,0.00011775813618442044,1.0,850,0.0,0.024850756629182284,0.999999910201222,0.9735137606300426,0.026486151949603486,4.518150806427002,5.715419769287109,2.2316360473632812,1.1972689628601074,-2.2865147590637207,1.741891860961914,-0.5446228981018066,1.741891860961914,True,enc_s1,encoder,1,10,0.014544167462736369,0.009604142233729362,0.010611228924244643,0.006213692692108452,0.5591772632500969,0.6397999742987761
canterbury_plain_2020-02-22T06:00:00,canterbury_plain,synoptic,hotspot,t1,q850_trace,precip_zwd,q850,-46.02252252252252,172.2004848495109,0.00011775813618442044,1.0,850,0.0,0.024850756629182284,0.999999910201222,0.9735137606300426,0.026486151949603486,4.518150806427002,5.715419769287109,2.2316360473632812,1.1972689628601074,-2.2865147590637207,1.741891860961914,-0.5446228981018066,1.741891860961914,True,enc_s2,encoder,2,8,0.0068188708974048495,0.004410525667481124,0.004892353492323309,0.0030066749022807926,0.5059350063375372,0.619514140837716
canterbury_plain_2020-02-22T06:00:00,canterbury_plain,synoptic,hotspot,t1,q850_trace,precip_zwd,q850,-46.02252252252252,172.2004848495109,0.00011775813618442044,1.0,850,0.0,0.024850756629182284,0.999999910201222,0.9735137606300426,0.026486151949603486,4.518150806427002,5.715419769287109,2.2316360473632812,1.1972689628601074,-2.2865147590637207,1.741891860961914,-0.5446228981018066,1.741891860961914,True,dec_s0,decoder,0,8,0.009714224725030363,0.006118687568232417,0.006812552164774388,0.004415469098603353,0.4639399737425759,0.6067940419781473
canterbury_plain_2020-02-22T06:00:00,canterbury_plain,synoptic,hotspot,t1,q850_trace,precip_zwd,q850,-46.02252252252252,172.2004848495109,0.00011775813618442044,1.0,850,0.0,0.024850756629182284,0.999999910201222,0.9735137606300426,0.026486151949603486,4.518150806427002,5.715419769287109,2.2316360473632812,1.1972689628601074,-2.2865147590637207,1.741891860961914,-0.5446228981018066,1.741891860961914,True,dec_s1,decoder,1,10,0.009819942712783813,0.008724795375019311,0.007906133867800235,0.004868635907769203,0.5023112728479289,0.6250834718981637
canterbury_plain_2020-02-22T06:00:00,canterbury_plain,synoptic,hotspot,t1,q850_trace,precip_zwd,q850,-46.02252252252252,172.2004848495109,0.00011775813618442044,1.0,850,0.0,0.024850756629182284,0.999999910201222,0.9735137606300426,0.026486151949603486,4.518150806427002,5.715419769287109,2.2316360473632812,1.1972689628601074,-2.2865147590637207,1.741891860961914,-0.5446228981018066,1.741891860961914,True,dec_s2,decoder,2,6,0.032979159926374756,0.033468090618650116,0.030000391726692516,0.014273638060937325,0.6585109997600823,0.6778238683490961
canterbury_plain_2020-02-22T06:00:00,canterbury_plain,synoptic,low_near,t1,q850_trace,precip_zwd,q850,-61.02252252252252,172.2004848495109,8.954866643762216e-06,1.0,850,0.0,0.07634327346005541,1.0,0.9170534840505181,0.08294651594948192,4.518150806427002,4.554008960723877,4.470648765563965,0.035858154296875,-0.04750204086303711,0.041680097579956055,-0.005821943283081055,0.041680097579956055,True,enc_s0,encoder,0,6,0.022632624643544357,0.023493144971628983,0.021871522689859074,0.007378989520172278,0.7989125445701996,0.7472974788546578
canterbury_plain_2020-02-22T06:00:00,canterbury_plain,synoptic,low_near,t1,q850_trace,precip_zwd,q850,-61.02252252252252,172.2004848495109,8.954866643762216e-06,1.0,850,0.0,0.07634327346005541,1.0,0.9170534840505181,0.08294651594948192,4.518150806427002,4.554008960723877,4.470648765563965,0.035858154296875,-0.04750204086303711,0.041680097579956055,-0.005821943283081055,0.041680097579956055,True,enc_s1,encoder,1,10,0.020465269684791565,0.013495020102709532,0.014458437822759152,0.009467486944049596,0.4617122789818214,0.613389916505778
canterbury_plain_2020-02-22T06:00:00,canterbury_plain,synoptic,low_near,t1,q850_trace,precip_zwd,q850,-61.02252252252252,172.2004848495109,8.954866643762216e-06,1.0,850,0.0,0.07634327346005541,1.0,0.9170534840505181,0.08294651594948192,4.518150806427002,4.554008960723877,4.470648765563965,0.035858154296875,-0.04750204086303711,0.041680097579956055,-0.005821943283081055,0.041680097579956055,True,enc_s2,encoder,2,8,0.009818437159992754,0.007200766354799271,0.007295611605513841,0.004571631201542914,0.46320103517544975,0.6149439443189659
canterbury_plain_2020-02-22T06:00:00,canterbury_plain,synoptic,low_near,t1,q850_trace,precip_zwd,q850,-61.02252252252252,172.2004848495109,8.954866643762216e-06,1.0,850,0.0,0.07634327346005541,1.0,0.9170534840505181,0.08294651594948192,4.518150806427002,4.554008960723877,4.470648765563965,0.035858154296875,-0.04750204086303711,0.041680097579956055,-0.005821943283081055,0.041680097579956055,True,dec_s0,decoder,0,8,0.013865450280718505,0.010293347062543035,0.01017765374854207,0.006746663944795728,0.4125737583958389,0.6014112623248815
canterbury_plain_2020-02-22T06:00:00,canterbury_plain,synoptic,low_near,t1,q850_trace,precip_zwd,q850,-61.02252252252252,172.2004848495109,8.954866643762216e-06,1.0,850,0.0,0.07634327346005541,1.0,0.9170534840505181,0.08294651594948192,4.518150806427002,4.554008960723877,4.470648765563965,0.035858154296875,-0.04750204086303711,0.041680097579956055,-0.005821943283081055,0.041680097579956055,True,dec_s1,decoder,1,10,0.013274300238117575,0.014063618052750826,0.011174257379025221,0.007862829719670117,0.3821858670066415,0.5960621114427773
canterbury_plain_2020-02-22T06:00:00,canterbury_plain,synoptic,low_near,t1,q850_trace,precip_zwd,q850,-61.02252252252252,172.2004848495109,8.954866643762216e-06,1.0,850,0.0,0.07634327346005541,1.0,0.9170534840505181,0.08294651594948192,4.518150806427002,4.554008960723877,4.470648765563965,0.035858154296875,-0.04750204086303711,0.041680097579956055,-0.005821943283081055,0.041680097579956055,True,dec_s2,decoder,2,6,0.03435514929393927,0.0421029074738423,0.03345083321134249,0.01890233128021161,0.5462619223304498,0.6391023377517817
cascades_sierra_2020-11-13T18:00:00,cascades_sierra,local,hotspot,t1,q850_trace,precip_zwd,q850,41.97747747747748,239.69295654039695,7.42684060242027e-05,1.0,850,0.0,0.01574264202600958,1.0,0.9932579096003352,0.006742090399664751,4.500528812408447,4.950627326965332,4.019407749176025,0.45009851455688477,-0.4811210632324219,0.4656097888946533,-0.015511274337768555,0.4656097888946533,True,enc_s0,encoder,0,6,0.005855129798874259,0.00638217890324692,0.005877384605507056,0.0017169338922637205,0.8525898067454148,0.7728875074105167
cascades_sierra_2020-11-13T18:00:00,cascades_sierra,local,hotspot,t1,q850_trace,precip_zwd,q850,41.97747747747748,239.69295654039695,7.42684060242027e-05,1.0,850,0.0,0.01574264202600958,1.0,0.9932579096003352,0.006742090399664751,4.500528812408447,4.950627326965332,4.019407749176025,0.45009851455688477,-0.4811210632324219,0.4656097888946533,-0.015511274337768555,0.4656097888946533,True,enc_s1,encoder,1,10,0.005385376000776887,0.004401261708699167,0.004223039792850614,0.0024792073701974003,0.5421756546356129,0.6455280765038233
cascades_sierra_2020-11-13T18:00:00,cascades_sierra,local,hotspot,t1,q850_trace,precip_zwd,q850,41.97747747747748,239.69295654039695,7.42684060242027e-05,1.0,850,0.0,0.01574264202600958,1.0,0.9932579096003352,0.006742090399664751,4.500528812408447,4.950627326965332,4.019407749176025,0.45009851455688477,-0.4811210632324219,0.4656097888946533,-0.015511274337768555,0.4656097888946533,True,enc_s2,encoder,2,8,0.002225546631962061,0.0019526483811205253,0.0017633064999245107,0.0011286235821899027,0.4349217780583587,0.6097538516318093
cascades_sierra_2020-11-13T18:00:00,cascades_sierra,local,hotspot,t1,q850_trace,precip_zwd,q850,41.97747747747748,239.69295654039695,7.42684060242027e-05,1.0,850,0.0,0.01574264202600958,1.0,0.9932579096003352,0.006742090399664751,4.500528812408447,4.950627326965332,4.019407749176025,0.45009851455688477,-0.4811210632324219,0.4656097888946533,-0.015511274337768555,0.4656097888946533,True,dec_s0,decoder,0,8,0.003452691831625998,0.0031808205239940435,0.0027812874759547412,0.0018123177287634462,0.4203775858751799,0.6055942380288635
cascades_sierra_2020-11-13T18:00:00,cascades_sierra,local,hotspot,t1,q850_trace,precip_zwd,q850,41.97747747747748,239.69295654039695,7.42684060242027e-05,1.0,850,0.0,0.01574264202600958,1.0,0.9932579096003352,0.006742090399664751,4.500528812408447,4.950627326965332,4.019407749176025,0.45009851455688477,-0.4811210632324219,0.4656097888946533,-0.015511274337768555,0.4656097888946533,True,dec_s1,decoder,1,10,0.003752508875913918,0.004150011669844389,0.0030816578539088367,0.002480393194127828,0.21500387628490314,0.5510949702089589
cascades_sierra_2020-11-13T18:00:00,cascades_sierra,local,hotspot,t1,q850_trace,precip_zwd,q850,41.97747747747748,239.69295654039695,7.42684060242027e-05,1.0,850,0.0,0.01574264202600958,1.0,0.9932579096003352,0.006742090399664751,4.500528812408447,4.950627326965332,4.019407749176025,0.45009851455688477,-0.4811210632324219,0.4656097888946533,-0.015511274337768555,0.4656097888946533,True,dec_s2,decoder,2,6,0.012114968771735827,0.013527914881706238,0.010787712410092354,0.006965122806529204,0.47757374753673254,0.6076671329106883
cascades_sierra_2020-11-13T18:00:00,cascades_sierra,local,low_near,t1,q850_trace,precip_zwd,q850,51.97747747747748,257.19295654039695,1.0740226343841641e-06,1.0,850,0.0,0.15402070628279677,1.0,0.7489339770670717,0.2510660229329284,4.500528812408447,4.5007123947143555,4.502097129821777,0.00018358230590820312,0.0015683174133300781,-0.0006923675537109375,0.0008759498596191406,0.0008759498596191406,False,enc_s0,encoder,0,6,0.00783409713767469,0.007460748543962836,0.007357902281607191,0.0020950459487115345,0.8576610263279937,0.7777726357058833
cascades_sierra_2020-11-13T18:00:00,cascades_sierra,local,low_near,t1,q850_trace,precip_zwd,q850,51.97747747747748,257.19295654039695,1.0740226343841641e-06,1.0,850,0.0,0.15402070628279677,1.0,0.7489339770670717,0.2510660229329284,4.500528812408447,4.5007123947143555,4.502097129821777,0.00018358230590820312,0.0015683174133300781,-0.0006923675537109375,0.0008759498596191406,0.0008759498596191406,False,enc_s1,encoder,1,10,0.005445196386426687,0.0043799779145047065,0.004255723347887397,0.002448856958653778,0.5499134057753341,0.6489398475964229
cascades_sierra_2020-11-13T18:00:00,cascades_sierra,local,low_near,t1,q850_trace,precip_zwd,q850,51.97747747747748,257.19295654039695,1.0740226343841641e-06,1.0,850,0.0,0.15402070628279677,1.0,0.7489339770670717,0.2510660229329284,4.500528812408447,4.5007123947143555,4.502097129821777,0.00018358230590820312,0.0015683174133300781,-0.0006923675537109375,0.0008759498596191406,0.0008759498596191406,False,enc_s2,encoder,2,8,0.0025430703535676003,0.0019665823492687196,0.0019513192237354815,0.0011657166469376534,0.5046306965425025,0.626273168769169
cascades_sierra_2020-11-13T18:00:00,cascades_sierra,local,low_near,t1,q850_trace,precip_zwd,q850,51.97747747747748,257.19295654039695,1.0740226343841641e-06,1.0,850,0.0,0.15402070628279677,1.0,0.7489339770670717,0.2510660229329284,4.500528812408447,4.5007123947143555,4.502097129821777,0.00018358230590820312,0.0015683174133300781,-0.0006923675537109375,0.0008759498596191406,0.0008759498596191406,False,dec_s0,decoder,0,8,0.0035387308162171394,0.0026834793970920146,0.002591398253571242,0.0017734187131281942,0.39320997793205914,0.5942935298138607
cascades_sierra_2020-11-13T18:00:00,cascades_sierra,local,low_near,t1,q850_trace,precip_zwd,q850,51.97747747747748,257.19295654039695,1.0740226343841641e-06,1.0,850,0.0,0.15402070628279677,1.0,0.7489339770670717,0.2510660229329284,4.500528812408447,4.5007123947143555,4.502097129821777,0.00018358230590820312,0.0015683174133300781,-0.0006923675537109375,0.0008759498596191406,0.0008759498596191406,False,dec_s1,decoder,1,10,0.005044268677011132,0.0043132188729941845,0.003953152312897145,0.0025288285338319837,0.4654559721139913,0.6101310913569007
cascades_sierra_2020-11-13T18:00:00,cascades_sierra,local,low_near,t1,q850_trace,precip_zwd,q850,51.97747747747748,257.19295654039695,1.0740226343841641e-06,1.0,850,0.0,0.15402070628279677,1.0,0.7489339770670717,0.2510660229329284,4.500528812408447,4.5007123947143555,4.502097129821777,0.00018358230590820312,0.0015683174133300781,-0.0006923675537109375,0.0008759498596191406,0.0008759498596191406,False,dec_s2,decoder,2,6,0.01792457637687524,0.01680400874465704,0.016174122070272762,0.006342547790457805,0.8371095435451288,0.7182630394407671
cascades_sierra_2020-11-13T18:00:00,cascades_sierra,synoptic,hotspot,t1,q850_trace,precip_zwd,q850,39.47747747747748,239.69295654039695,0.00013925741950515658,1.0,850,0.0,0.04031361896530436,1.0,0.949947064828067,0.050052935171933,4.500528812408447,5.091269016265869,3.8034963607788086,0.5907402038574219,-0.6970324516296387,0.6438863277435303,-0.0531461238861084,0.6438863277435303,True,enc_s0,encoder,0,6,0.014931041126449903,0.01545896241441369,0.014669095166027546,0.003967533547741671,0.8656134371550013,0.786270489308083
cascades_sierra_2020-11-13T18:00:00,cascades_sierra,synoptic,hotspot,t1,q850_trace,precip_zwd,q850,39.47747747747748,239.69295654039695,0.00013925741950515658,1.0,850,0.0,0.04031361896530436,1.0,0.949947064828067,0.050052935171933,4.500528812408447,5.091269016265869,3.8034963607788086,0.5907402038574219,-0.6970324516296387,0.6438863277435303,-0.0531461238861084,0.6438863277435303,True,enc_s1,encoder,1,10,0.011030531674623489,0.009311576606705785,0.009122263081371785,0.004528324655257166,0.638906302677988,0.6778073746134087
cascades_sierra_2020-11-13T18:00:00,cascades_sierra,synoptic,hotspot,t1,q850_trace,precip_zwd,q850,39.47747747747748,239.69295654039695,0.00013925741950515658,1.0,850,0.0,0.04031361896530436,1.0,0.949947064828067,0.050052935171933,4.500528812408447,5.091269016265869,3.8034963607788086,0.5907402038574219,-0.6970324516296387,0.6438863277435303,-0.0531461238861084,0.6438863277435303,True,enc_s2,encoder,2,8,0.004610642266925424,0.003929452388547361,0.003775943332584575,0.002022771499468945,0.5784037220711205,0.6512814999004504
cascades_sierra_2020-11-13T18:00:00,cascades_sierra,synoptic,hotspot,t1,q850_trace,precip_zwd,q850,39.47747747747748,239.69295654039695,0.00013925741950515658,1.0,850,0.0,0.04031361896530436,1.0,0.949947064828067,0.050052935171933,4.500528812408447,5.091269016265869,3.8034963607788086,0.5907402038574219,-0.6970324516296387,0.6438863277435303,-0.0531461238861084,0.6438863277435303,True,dec_s0,decoder,0,8,0.006837365450337529,0.006005578150507063,0.005652130232192576,0.003076344757573679,0.5658517363655109,0.6476457896845824
cascades_sierra_2020-11-13T18:00:00,cascades_sierra,synoptic,hotspot,t1,q850_trace,precip_zwd,q850,39.47747747747748,239.69295654039695,0.00013925741950515658,1.0,850,0.0,0.04031361896530436,1.0,0.949947064828067,0.050052935171933,4.500528812408447,5.091269016265869,3.8034963607788086,0.5907402038574219,-0.6970324516296387,0.6438863277435303,-0.0531461238861084,0.6438863277435303,True,dec_s1,decoder,1,10,0.006820964207872748,0.006906913826242089,0.005983260041102767,0.0033635506057180463,0.5697618819783365,0.6417441834638732
cascades_sierra_2020-11-13T18:00:00,cascades_sierra,synoptic,hotspot,t1,q850_trace,precip_zwd,q850,39.47747747747748,239.69295654039695,0.00013925741950515658,1.0,850,0.0,0.04031361896530436,1.0,0.949947064828067,0.050052935171933,4.500528812408447,5.091269016265869,3.8034963607788086,0.5907402038574219,-0.6970324516296387,0.6438863277435303,-0.0531461238861084,0.6438863277435303,True,dec_s2,decoder,2,6,0.025288944753507774,0.0257875540604194,0.02337224471072356,0.010295229963958263,0.7291312204446055,0.6942770498156818
cascades_sierra_2020-11-13T18:00:00,cascades_sierra,synoptic,low_near,t1,q850_trace,precip_zwd,q850,59.47747747747748,239.69295654039695,1.033178068610141e-05,1.0,850,0.0,0.1635890872894956,1.0,0.7304910522845454,0.26950894771545464,4.500528812408447,4.514510154724121,4.492342472076416,0.013981342315673828,-0.00818634033203125,0.011083841323852539,0.002897500991821289,0.011083841323852539,True,enc_s0,encoder,0,6,0.025579634743432205,0.02258598121503989,0.022721268236637115,0.008162522843728462,0.7797440415271012,0.7353171048908574
cascades_sierra_2020-11-13T18:00:00,cascades_sierra,synoptic,low_near,t1,q850_trace,precip_zwd,q850,59.47747747747748,239.69295654039695,1.033178068610141e-05,1.0,850,0.0,0.1635890872894956,1.0,0.7304910522845454,0.26950894771545464,4.500528812408447,4.514510154724121,4.492342472076416,0.013981342315673828,-0.00818634033203125,0.011083841323852539,0.002897500991821289,0.011083841323852539,True,enc_s1,encoder,1,10,0.023846160806715488,0.014549276418983936,0.0161168803460896,0.011334666376933455,0.42643902579958254,0.5980544201807796
cascades_sierra_2020-11-13T18:00:00,cascades_sierra,synoptic,low_near,t1,q850_trace,precip_zwd,q850,59.47747747747748,239.69295654039695,1.033178068610141e-05,1.0,850,0.0,0.1635890872894956,1.0,0.7304910522845454,0.26950894771545464,4.500528812408447,4.514510154724121,4.492342472076416,0.013981342315673828,-0.00818634033203125,0.011083841323852539,0.002897500991821289,0.011083841323852539,True,enc_s2,encoder,2,8,0.010616134502924979,0.0064044229802675545,0.007241041457746178,0.004942352883517742,0.4185321566352924,0.5945738014482287
cascades_sierra_2020-11-13T18:00:00,cascades_sierra,synoptic,low_near,t1,q850_trace,precip_zwd,q850,59.47747747747748,239.69295654039695,1.033178068610141e-05,1.0,850,0.0,0.1635890872894956,1.0,0.7304910522845454,0.26950894771545464,4.500528812408447,4.514510154724121,4.492342472076416,0.013981342315673828,-0.00818634033203125,0.011083841323852539,0.002897500991821289,0.011083841323852539,True,dec_s0,decoder,0,8,0.017174783861264586,0.008925589499995112,0.011133503983728588,0.007960177434142679,0.40129411982639074,0.5828905191893109
cascades_sierra_2020-11-13T18:00:00,cascades_sierra,synoptic,low_near,t1,q850_trace,precip_zwd,q850,59.47747747747748,239.69295654039695,1.033178068610141e-05,1.0,850,0.0,0.1635890872894956,1.0,0.7304910522845454,0.26950894771545464,4.500528812408447,4.514510154724121,4.492342472076416,0.013981342315673828,-0.00818634033203125,0.011083841323852539,0.002897500991821289,0.011083841323852539,True,dec_s1,decoder,1,10,0.013965488038957119,0.011218547448515892,0.010479999706149101,0.007108504697680473,0.41486442818052405,0.5998092123137657
cascades_sierra_2020-11-13T18:00:00,cascades_sierra,synoptic,low_near,t1,q850_trace,precip_zwd,q850,59.47747747747748,239.69295654039695,1.033178068610141e-05,1.0,850,0.0,0.1635890872894956,1.0,0.7304910522845454,0.26950894771545464,4.500528812408447,4.514510154724121,4.492342472076416,0.013981342315673828,-0.00818634033203125,0.011083841323852539,0.002897500991821289,0.011083841323852539,True,dec_s2,decoder,2,6,0.03798219499488672,0.040072996790210404,0.03447701595723629,0.01830794072399537,0.5858116095740826,0.653429514494073
caspian_lowland_2020-09-19T06:00:00,caspian_lowland,local,hotspot,t1,q850_trace,precip_zwd,q850,45.97747747747748,45.57755541383499,8.502865966875106e-05,1.0,850,0.0,0.00512,1.0,0.9982715904629014,0.0017284095370986533,3.9634947776794434,4.867809295654297,3.0441009998321533,0.9043145179748535,-0.91939377784729,0.9118541479110718,-0.007539629936218262,0.9118541479110718,True,enc_s0,encoder,0,6,0.006177211180329323,0.006201242251942555,0.005945493855203192,0.0017198000374870996,0.853821889449138,0.7747853446953757
caspian_lowland_2020-09-19T06:00:00,caspian_lowland,local,hotspot,t1,q850_trace,precip_zwd,q850,45.97747747747748,45.57755541383499,8.502865966875106e-05,1.0,850,0.0,0.00512,1.0,0.9982715904629014,0.0017284095370986533,3.9634947776794434,4.867809295654297,3.0441009998321533,0.9043145179748535,-0.91939377784729,0.9118541479110718,-0.007539629936218262,0.9118541479110718,True,enc_s1,encoder,1,10,0.0055366419721394776,0.0037918153218925,0.003991327830590308,0.002532335487194359,0.5028045162843975,0.6265803129680183
caspian_lowland_2020-09-19T06:00:00,caspian_lowland,local,hotspot,t1,q850_trace,precip_zwd,q850,45.97747747747748,45.57755541383499,8.502865966875106e-05,1.0,850,0.0,0.00512,1.0,0.9982715904629014,0.0017284095370986533,3.9634947776794434,4.867809295654297,3.0441009998321533,0.9043145179748535,-0.91939377784729,0.9118541479110718,-0.007539629936218262,0.9118541479110718,True,enc_s2,encoder,2,8,0.002398326701950282,0.0015720871597295627,0.0016408216615673155,0.001191407602163963,0.34878542026980847,0.5794115464476512
caspian_lowland_2020-09-19T06:00:00,caspian_lowland,local,hotspot,t1,q850_trace,precip_zwd,q850,45.97747747747748,45.57755541383499,8.502865966875106e-05,1.0,850,0.0,0.00512,1.0,0.9982715904629014,0.0017284095370986533,3.9634947776794434,4.867809295654297,3.0441009998321533,0.9043145179748535,-0.91939377784729,0.9118541479110718,-0.007539629936218262,0.9118541479110718,True,dec_s0,decoder,0,8,0.0036588700022548437,0.0023192089574877173,0.002418739692075178,0.0018796612275764346,0.2850091635370659,0.5631158852543505
caspian_lowland_2020-09-19T06:00:00,caspian_lowland,local,hotspot,t1,q850_trace,precip_zwd,q850,45.97747747747748,45.57755541383499,8.502865966875106e-05,1.0,850,0.0,0.00512,1.0,0.9982715904629014,0.0017284095370986533,3.9634947776794434,4.867809295654297,3.0441009998321533,0.9043145179748535,-0.91939377784729,0.9118541479110718,-0.007539629936218262,0.9118541479110718,True,dec_s1,decoder,1,10,0.0038311491953209043,0.003531362721696496,0.0026945696328766642,0.0025129760149866344,0.06942142993511949,0.5162778639875433
caspian_lowland_2020-09-19T06:00:00,caspian_lowland,local,hotspot,t1,q850_trace,precip_zwd,q850,45.97747747747748,45.57755541383499,8.502865966875106e-05,1.0,850,0.0,0.00512,1.0,0.9982715904629014,0.0017284095370986533,3.9634947776794434,4.867809295654297,3.0441009998321533,0.9043145179748535,-0.91939377784729,0.9118541479110718,-0.007539629936218262,0.9118541479110718,True,dec_s2,decoder,2,6,0.011905325266222158,0.011102473363280296,0.009444032019625107,0.0065810672628382845,0.3993652598296564,0.5893358814779932
caspian_lowland_2020-09-19T06:00:00,caspian_lowland,local,low_near,t1,q850_trace,precip_zwd,q850,60.97747747747748,55.57755541383499,1.6073196320576244e-06,1.0,850,0.0,0.0,1.0,1.0,0.0,3.9634947776794434,3.9484970569610596,3.9636902809143066,-0.014997720718383789,0.00019550323486328125,-0.007596611976623535,-0.007401108741760254,0.007596611976623535,True,enc_s0,encoder,0,6,0.008688420212517181,0.008432118532558283,0.008230972026164332,0.0023638653413703046,0.8539796432519039,0.7763760210932915
caspian_lowland_2020-09-19T06:00:00,caspian_lowland,local,low_near,t1,q850_trace,precip_zwd,q850,60.97747747747748,55.57755541383499,1.6073196320576244e-06,1.0,850,0.0,0.0,1.0,1.0,0.0,3.9634947776794434,3.9484970569610596,3.9636902809143066,-0.014997720718383789,0.00019550323486328125,-0.007596611976623535,-0.007401108741760254,0.007596611976623535,True,enc_s1,encoder,1,10,0.008496458129957318,0.005302498769015074,0.005865148082375526,0.003925280726980418,0.4644129558250462,0.6111138412235897
caspian_lowland_2020-09-19T06:00:00,caspian_lowland,local,low_near,t1,q850_trace,precip_zwd,q850,60.97747747747748,55.57755541383499,1.6073196320576244e-06,1.0,850,0.0,0.0,1.0,1.0,0.0,3.9634947776794434,3.9484970569610596,3.9636902809143066,-0.014997720718383789,0.00019550323486328125,-0.007596611976623535,-0.007401108741760254,0.007596611976623535,True,enc_s2,encoder,2,8,0.0037408308126032352,0.0023696242133155465,0.002535774518037215,0.0018370044563198462,0.35412350999956616,0.5799769542446909
caspian_lowland_2020-09-19T06:00:00,caspian_lowland,local,low_near,t1,q850_trace,precip_zwd,q850,60.97747747747748,55.57755541383499,1.6073196320576244e-06,1.0,850,0.0,0.0,1.0,1.0,0.0,3.9634947776794434,3.9484970569610596,3.9636902809143066,-0.014997720718383789,0.00019550323486328125,-0.007596611976623535,-0.007401108741760254,0.007596611976623535,True,dec_s0,decoder,0,8,0.005528464040253311,0.0032840412168297917,0.003589628089684993,0.0027917560655623674,0.2920156212908634,0.562554395265674
caspian_lowland_2020-09-19T06:00:00,caspian_lowland,local,low_near,t1,q850_trace,precip_zwd,q850,60.97747747747748,55.57755541383499,1.6073196320576244e-06,1.0,850,0.0,0.0,1.0,1.0,0.0,3.9634947776794434,3.9484970569610596,3.9636902809143066,-0.014997720718383789,0.00019550323486328125,-0.007596611976623535,-0.007401108741760254,0.007596611976623535,True,dec_s1,decoder,1,10,0.005089944577775896,0.005114880972541869,0.0039937837515026334,0.0031770810135640206,0.2518706323156242,0.5586675634627014
caspian_lowland_2020-09-19T06:00:00,caspian_lowland,local,low_near,t1,q850_trace,precip_zwd,q850,60.97747747747748,55.57755541383499,1.6073196320576244e-06,1.0,850,0.0,0.0,1.0,1.0,0.0,3.9634947776794434,3.9484970569610596,3.9636902809143066,-0.014997720718383789,0.00019550323486328125,-0.007596611976623535,-0.007401108741760254,0.007596611976623535,True,dec_s2,decoder,2,6,0.015255548991262913,0.01564398470024268,0.013041542998204628,0.008285708415011564,0.48682192717312534,0.6115677414087438
caspian_lowland_2020-09-19T06:00:00,caspian_lowland,synoptic,hotspot,t1,q850_trace,precip_zwd,q850,48.47747747747748,45.57755541383499,0.00015244846872519702,1.0,850,0.0,0.011058368028852529,0.9999999142698811,0.9954885382260312,0.004511376430610764,3.9634947776794434,5.090719699859619,2.647278070449829,1.1272249221801758,-1.3162167072296143,1.221720814704895,-0.09449589252471924,1.221720814704895,True,enc_s0,encoder,0,6,0.016002914557854336,0.016018443275243044,0.015406664150456587,0.004359599901363254,0.8534723662223432,0.7786164390813398
caspian_lowland_2020-09-19T06:00:00,caspian_lowland,synoptic,hotspot,t1,q850_trace,precip_zwd,q850,48.47747747747748,45.57755541383499,0.00015244846872519702,1.0,850,0.0,0.011058368028852529,0.9999999142698811,0.9954885382260312,0.004511376430610764,3.9634947776794434,5.090719699859619,2.647278070449829,1.1272249221801758,-1.3162167072296143,1.221720814704895,-0.09449589252471924,1.221720814704895,True,enc_s1,encoder,1,10,0.013518902659416198,0.00926365191116929,0.009978908393532038,0.0058490226045250894,0.5542664489390339,0.6400928969381795
caspian_lowland_2020-09-19T06:00:00,caspian_lowland,synoptic,hotspot,t1,q850_trace,precip_zwd,q850,48.47747747747748,45.57755541383499,0.00015244846872519702,1.0,850,0.0,0.011058368028852529,0.9999999142698811,0.9954885382260312,0.004511376430610764,3.9634947776794434,5.090719699859619,2.647278070449829,1.1272249221801758,-1.3162167072296143,1.221720814704895,-0.09449589252471924,1.221720814704895,True,enc_s2,encoder,2,8,0.005929745209868997,0.003814071125816554,0.004179130570264533,0.0027184514910914004,0.45785404883946595,0.6059893378041725
caspian_lowland_2020-09-19T06:00:00,caspian_lowland,synoptic,hotspot,t1,q850_trace,precip_zwd,q850,48.47747747747748,45.57755541383499,0.00015244846872519702,1.0,850,0.0,0.011058368028852529,0.9999999142698811,0.9954885382260312,0.004511376430610764,3.9634947776794434,5.090719699859619,2.647278070449829,1.1272249221801758,-1.3162167072296143,1.221720814704895,-0.09449589252471924,1.221720814704895,True,dec_s0,decoder,0,8,0.00915831298334524,0.00546091451542452,0.006238538131583482,0.004234832420479506,0.4335877645969711,0.5955429550415866
caspian_lowland_2020-09-19T06:00:00,caspian_lowland,synoptic,hotspot,t1,q850_trace,precip_zwd,q850,48.47747747747748,45.57755541383499,0.00015244846872519702,1.0,850,0.0,0.011058368028852529,0.9999999142698811,0.9954885382260312,0.004511376430610764,3.9634947776794434,5.090719699859619,2.647278070449829,1.1272249221801758,-1.3162167072296143,1.221720814704895,-0.09449589252471924,1.221720814704895,True,dec_s1,decoder,1,10,0.008438363391906022,0.008005732065066695,0.006806025793775916,0.004617219581268728,0.41544393557493997,0.5992758560634603
caspian_lowland_2020-09-19T06:00:00,caspian_lowland,synoptic,hotspot,t1,q850_trace,precip_zwd,q850,48.47747747747748,45.57755541383499,0.00015244846872519702,1.0,850,0.0,0.011058368028852529,0.9999999142698811,0.9954885382260312,0.004511376430610764,3.9634947776794434,5.090719699859619,2.647278070449829,1.1272249221801758,-1.3162167072296143,1.221720814704895,-0.09449589252471924,1.221720814704895,True,dec_s2,decoder,2,6,0.027773344268401463,0.026155722327530384,0.023775428843994934,0.012745077876995007,0.6009793315565204,0.6511050872754685
caspian_lowland_2020-09-19T06:00:00,caspian_lowland,synoptic,low_near,t1,q850_trace,precip_zwd,q850,38.47747747747748,70.577555413835,1.2659621461352799e-05,1.0,850,0.0,0.061543277508217246,0.9999998987590697,0.8955566165605054,0.10444329277250036,3.9634947776794434,3.96006178855896,3.9617066383361816,-0.0034329891204833984,-0.0017881393432617188,-0.0008224248886108398,-0.0026105642318725586,0.0026105642318725586,False,enc_s0,encoder,0,6,0.014622392288098732,0.014963314092407623,0.014171404298394918,0.0042381548167516785,0.8373483929662516,0.7689598814431357
caspian_lowland_2020-09-19T06:00:00,caspian_lowland,synoptic,low_near,t1,q850_trace,precip_zwd,q850,38.47747747747748,70.577555413835,1.2659621461352799e-05,1.0,850,0.0,0.061543277508217246,0.9999998987590697,0.8955566165605054,0.10444329277250036,3.9634947776794434,3.96006178855896,3.9617066383361816,-0.0034329891204833984,-0.0017881393432617188,-0.0008224248886108398,-0.0026105642318725586,0.0026105642318725586,False,enc_s1,encoder,1,10,0.00850190599448979,0.008438634965568782,0.0077784203458577394,0.003323361754883081,0.7180463720209398,0.7096180031154248
caspian_lowland_2020-09-19T06:00:00,caspian_lowland,synoptic,low_near,t1,q850_trace,precip_zwd,q850,38.47747747747748,70.577555413835,1.2659621461352799e-05,1.0,850,0.0,0.061543277508217246,0.9999998987590697,0.8955566165605054,0.10444329277250036,3.9634947776794434,3.96006178855896,3.9617066383361816,-0.0034329891204833984,-0.0017881393432617188,-0.0008224248886108398,-0.0026105642318725586,0.0026105642318725586,False,enc_s2,encoder,2,8,0.0034978872281499207,0.003276477422332391,0.003035070199985057,0.0015077684656716883,0.6251613778206345,0.6681990030054947
caspian_lowland_2020-09-19T06:00:00,caspian_lowland,synoptic,low_near,t1,q850_trace,precip_zwd,q850,38.47747747747748,70.577555413835,1.2659621461352799e-05,1.0,850,0.0,0.061543277508217246,0.9999998987590697,0.8955566165605054,0.10444329277250036,3.9634947776794434,3.96006178855896,3.9617066383361816,-0.0034329891204833984,-0.0017881393432617188,-0.0008224248886108398,-0.0026105642318725586,0.0026105642318725586,False,dec_s0,decoder,0,8,0.005351519677788019,0.004929419432301074,0.0045917718089185655,0.002319909050129354,0.6206423528019789,0.665022962890004
caspian_lowland_2020-09-19T06:00:00,caspian_lowland,synoptic,low_near,t1,q850_trace,precip_zwd,q850,38.47747747747748,70.577555413835,1.2659621461352799e-05,1.0,850,0.0,0.061543277508217246,0.9999998987590697,0.8955566165605054,0.10444329277250036,3.9634947776794434,3.96006178855896,3.9617066383361816,-0.0034329891204833984,-0.0017881393432617188,-0.0008224248886108398,-0.0026105642318725586,0.0026105642318725586,False,dec_s1,decoder,1,10,0.005513823451474309,0.005707840737886727,0.004774210369214415,0.0029495006543584167,0.4917290262789885,0.6190418358174024
caspian_lowland_2020-09-19T06:00:00,caspian_lowland,synoptic,low_near,t1,q850_trace,precip_zwd,q850,38.47747747747748,70.577555413835,1.2659621461352799e-05,1.0,850,0.0,0.061543277508217246,0.9999998987590697,0.8955566165605054,0.10444329277250036,3.9634947776794434,3.96006178855896,3.9617066383361816,-0.0034329891204833984,-0.0017881393432617188,-0.0008224248886108398,-0.0026105642318725586,0.0026105642318725586,False,dec_s2,decoder,2,6,0.019817146162192028,0.019366752356290817,0.017522232607007027,0.008765588980168104,0.6721936894686746,0.6666822120898068
caucasus_2020-08-22T12:00:00,caucasus,local,hotspot,t1,q850_trace,precip_zwd,q850,42.22747747747748,43.57312758741756,8.379690552828833e-05,1.0,850,0.0,0.0,0.9999999310517531,0.9999999310517531,0.0,7.902630805969238,9.100576400756836,6.658397674560547,1.1979455947875977,-1.2442331314086914,1.2210893630981445,-0.023143768310546875,1.2210893630981445,True,enc_s0,encoder,0,6,0.006488780801494916,0.005891802255064249,0.005955966422334313,0.0017053274204954505,0.8584065252408402,0.7760505878418228
caucasus_2020-08-22T12:00:00,caucasus,local,hotspot,t1,q850_trace,precip_zwd,q850,42.22747747747748,43.57312758741756,8.379690552828833e-05,1.0,850,0.0,0.0,0.9999999310517531,0.9999999310517531,0.0,7.902630805969238,9.100576400756836,6.658397674560547,1.1979455947875977,-1.2442331314086914,1.2210893630981445,-0.023143768310546875,1.2210893630981445,True,enc_s1,encoder,1,10,0.004914246778935194,0.003806887264363468,0.0037874940782785414,0.0021995520743075757,0.5656567388395949,0.6484247118552828
caucasus_2020-08-22T12:00:00,caucasus,local,hotspot,t1,q850_trace,precip_zwd,q850,42.22747747747748,43.57312758741756,8.379690552828833e-05,1.0,850,0.0,0.0,0.9999999310517531,0.9999999310517531,0.0,7.902630805969238,9.100576400756836,6.658397674560547,1.1979455947875977,-1.2442331314086914,1.2210893630981445,-0.023143768310546875,1.2210893630981445,True,enc_s2,encoder,2,8,0.002095363655826077,0.0016548715211683884,0.0016203909181058407,0.000969024738878943,0.5000110715840482,0.625812111038748
caucasus_2020-08-22T12:00:00,caucasus,local,hotspot,t1,q850_trace,precip_zwd,q850,42.22747747747748,43.57312758741756,8.379690552828833e-05,1.0,850,0.0,0.0,0.9999999310517531,0.9999999310517531,0.0,7.902630805969238,9.100576400756836,6.658397674560547,1.1979455947875977,-1.2442331314086914,1.2210893630981445,-0.023143768310546875,1.2210893630981445,True,dec_s0,decoder,0,8,0.00296788607374765,0.0023316862643696368,0.0022523989027831703,0.0014313066349131986,0.45463456653170475,0.6120507723141706
caucasus_2020-08-22T12:00:00,caucasus,local,hotspot,t1,q850_trace,precip_zwd,q850,42.22747747747748,43.57312758741756,8.379690552828833e-05,1.0,850,0.0,0.0,0.9999999310517531,0.9999999310517531,0.0,7.902630805969238,9.100576400756836,6.658397674560547,1.1979455947875977,-1.2442331314086914,1.2210893630981445,-0.023143768310546875,1.2210893630981445,True,dec_s1,decoder,1,10,0.003726516896858811,0.003566223511006683,0.00281761116348207,0.0023150672437623142,0.1930749124589757,0.5460355016619043
caucasus_2020-08-22T12:00:00,caucasus,local,hotspot,t1,q850_trace,precip_zwd,q850,42.22747747747748,43.57312758741756,8.379690552828833e-05,1.0,850,0.0,0.0,0.9999999310517531,0.9999999310517531,0.0,7.902630805969238,9.100576400756836,6.658397674560547,1.1979455947875977,-1.2442331314086914,1.2210893630981445,-0.023143768310546875,1.2210893630981445,True,dec_s2,decoder,2,6,0.012523414877553781,0.01208052939424912,0.010429571227480968,0.006527697900310159,0.510154907513257,0.6150418739353264
caucasus_2020-08-22T12:00:00,caucasus,local,low_near,t1,q850_trace,precip_zwd,q850,57.22747747747748,53.57312758741756,8.667876727486146e-07,1.0,850,0.0,0.0,1.0,1.0,0.0,7.902630805969238,7.895705223083496,7.901942253112793,-0.0069255828857421875,-0.0006885528564453125,-0.0031185150146484375,-0.00380706787109375,0.00380706787109375,False,enc_s0,encoder,0,6,0.009426758469392857,0.00888810446485877,0.00873419533794125,0.00275436967300872,0.8219894135938506,0.7591070470430578
caucasus_2020-08-22T12:00:00,caucasus,local,low_near,t1,q850_trace,precip_zwd,q850,57.22747747747748,53.57312758741756,8.667876727486146e-07,1.0,850,0.0,0.0,1.0,1.0,0.0,7.902630805969238,7.895705223083496,7.901942253112793,-0.0069255828857421875,-0.0006885528564453125,-0.0031185150146484375,-0.00380706787109375,0.00380706787109375,False,enc_s1,encoder,1,10,0.008414859883487225,0.005719210114330053,0.00595554020255804,0.003969634498935193,0.4784411200988923,0.6179200339161538
caucasus_2020-08-22T12:00:00,caucasus,local,low_near,t1,q850_trace,precip_zwd,q850,57.22747747747748,53.57312758741756,8.667876727486146e-07,1.0,850,0.0,0.0,1.0,1.0,0.0,7.902630805969238,7.895705223083496,7.901942253112793,-0.0069255828857421875,-0.0006885528564453125,-0.0031185150146484375,-0.00380706787109375,0.00380706787109375,False,enc_s2,encoder,2,8,0.0036606968205887824,0.00243223988218233,0.002598790713818744,0.0017044097476173192,0.44469541344963504,0.6040489416878825
caucasus_2020-08-22T12:00:00,caucasus,local,low_near,t1,q850_trace,precip_zwd,q850,57.22747747747748,53.57312758741756,8.667876727486146e-07,1.0,850,0.0,0.0,1.0,1.0,0.0,7.902630805969238,7.895705223083496,7.901942253112793,-0.0069255828857421875,-0.0006885528564453125,-0.0031185150146484375,-0.00380706787109375,0.00380706787109375,False,dec_s0,decoder,0,8,0.0063146326574496925,0.003113500220933929,0.0039321688818745315,0.0030538806749973446,0.3242613080285697,0.5629356125035535
caucasus_2020-08-22T12:00:00,caucasus,local,low_near,t1,q850_trace,precip_zwd,q850,57.22747747747748,53.57312758741756,8.667876727486146e-07,1.0,850,0.0,0.0,1.0,1.0,0.0,7.902630805969238,7.895705223083496,7.901942253112793,-0.0069255828857421875,-0.0006885528564453125,-0.0031185150146484375,-0.00380706787109375,0.00380706787109375,False,dec_s1,decoder,1,10,0.005562945082783699,0.004963671904988587,0.004111663205549121,0.0032959797885268927,0.2621127725775341,0.5605223498619027
caucasus_2020-08-22T12:00:00,caucasus,local,low_near,t1,q850_trace,precip_zwd,q850,57.22747747747748,53.57312758741756,8.667876727486146e-07,1.0,850,0.0,0.0,1.0,1.0,0.0,7.902630805969238,7.895705223083496,7.901942253112793,-0.0069255828857421875,-0.0006885528564453125,-0.0031185150146484375,-0.00380706787109375,0.00380706787109375,False,dec_s2,decoder,2,6,0.015475949582954248,0.01670387852936983,0.013419639163961014,0.00889477894331018,0.4537402634245559,0.601576456659013
caucasus_2020-08-22T12:00:00,caucasus,synoptic,hotspot,t1,q850_trace,precip_zwd,q850,44.72747747747748,43.57312758741756,0.00013724413292948157,1.0,850,0.0,0.0004262090128999261,0.9999999081208744,0.9998775251254954,0.00012238300662338302,7.902630805969238,9.254231452941895,6.537674903869629,1.3516006469726562,-1.3649559020996094,1.3582782745361328,-0.0066776275634765625,1.3582782745361328,True,enc_s0,encoder,0,6,0.015787907876074314,0.015530677822728952,0.015094153583049774,0.004156308015808463,0.8593882100816573,0.7828917832887271
caucasus_2020-08-22T12:00:00,caucasus,synoptic,hotspot,t1,q850_trace,precip_zwd,q850,44.72747747747748,43.57312758741756,0.00013724413292948157,1.0,850,0.0,0.0004262090128999261,0.9999999081208744,0.9998775251254954,0.00012238300662338302,7.902630805969238,9.254231452941895,6.537674903869629,1.3516006469726562,-1.3649559020996094,1.3582782745361328,-0.0066776275634765625,1.3582782745361328,True,enc_s1,encoder,1,10,0.010671694483608007,0.00950345080345869,0.009066371992230416,0.004426362854428589,0.6541970921442425,0.684198534826047
caucasus_2020-08-22T12:00:00,caucasus,synoptic,hotspot,t1,q850_trace,precip_zwd,q850,44.72747747747748,43.57312758741756,0.00013724413292948157,1.0,850,0.0,0.0004262090128999261,0.9999999081208744,0.9998775251254954,0.00012238300662338302,7.902630805969238,9.254231452941895,6.537674903869629,1.3516006469726562,-1.3649559020996094,1.3582782745361328,-0.0066776275634765625,1.3582782745361328,True,enc_s2,encoder,2,8,0.004676403768826276,0.003848715656204149,0.0037627257988788188,0.0020451574673643336,0.5695536258169507,0.6478938997755741
caucasus_2020-08-22T12:00:00,caucasus,synoptic,hotspot,t1,q850_trace,precip_zwd,q850,44.72747747747748,43.57312758741756,0.00013724413292948157,1.0,850,0.0,0.0004262090128999261,0.9999999081208744,0.9998775251254954,0.00012238300662338302,7.902630805969238,9.254231452941895,6.537674903869629,1.3516006469726562,-1.3649559020996094,1.3582782745361328,-0.0066776275634765625,1.3582782745361328,True,dec_s0,decoder,0,8,0.006564397946931422,0.005069105187430978,0.00511666527017951,0.002865965274395421,0.5587369095816594,0.6410567043856545
caucasus_2020-08-22T12:00:00,caucasus,synoptic,hotspot,t1,q850_trace,precip_zwd,q850,44.72747747747748,43.57312758741756,0.00013724413292948157,1.0,850,0.0,0.0004262090128999261,0.9999999081208744,0.9998775251254954,0.00012238300662338302,7.902630805969238,9.254231452941895,6.537674903869629,1.3516006469726562,-1.3649559020996094,1.3582782745361328,-0.0066776275634765625,1.3582782745361328,True,dec_s1,decoder,1,10,0.007395652821287513,0.007246903609484434,0.006239843787625432,0.0038273072452284394,0.5068166313752075,0.6237797333893588
caucasus_2020-08-22T12:00:00,caucasus,synoptic,hotspot,t1,q850_trace,precip_zwd,q850,44.72747747747748,43.57312758741756,0.00013724413292948157,1.0,850,0.0,0.0004262090128999261,0.9999999081208744,0.9998775251254954,0.00012238300662338302,7.902630805969238,9.254231452941895,6.537674903869629,1.3516006469726562,-1.3649559020996094,1.3582782745361328,-0.0066776275634765625,1.3582782745361328,True,dec_s2,decoder,2,6,0.025615620737274487,0.025343577998379867,0.022791263336936634,0.011391522518048683,0.6554057544978965,0.6668297294317783
caucasus_2020-08-22T12:00:00,caucasus,synoptic,low_near,t1,q850_trace,precip_zwd,q850,59.72747747747748,48.57312758741756,8.51015738589922e-06,1.0,850,0.0,0.0015120662889861092,1.0,0.9994103898129129,0.0005896101870871458,7.902630805969238,7.9263763427734375,7.868712902069092,0.02374553680419922,-0.033917903900146484,0.02883172035217285,-0.005086183547973633,0.02883172035217285,True,enc_s0,encoder,0,6,0.02167437846461932,0.020589350412289303,0.020271528512239456,0.005976090052475532,0.8403100932449178,0.7711787967975813
caucasus_2020-08-22T12:00:00,caucasus,synoptic,low_near,t1,q850_trace,precip_zwd,q850,59.72747747747748,48.57312758741756,8.51015738589922e-06,1.0,850,0.0,0.0015120662889861092,1.0,0.9994103898129129,0.0005896101870871458,7.902630805969238,7.9263763427734375,7.868712902069092,0.02374553680419922,-0.033917903900146484,0.02883172035217285,-0.005086183547973633,0.02883172035217285,True,enc_s1,encoder,1,10,0.016229795943945646,0.012203093525022269,0.012392163556069136,0.007222602260299027,0.5576392457490661,0.6445883354398881
caucasus_2020-08-22T12:00:00,caucasus,synoptic,low_near,t1,q850_trace,precip_zwd,q850,59.72747747747748,48.57312758741756,8.51015738589922e-06,1.0,850,0.0,0.0015120662889861092,1.0,0.9994103898129129,0.0005896101870871458,7.902630805969238,7.9263763427734375,7.868712902069092,0.02374553680419922,-0.033917903900146484,0.02883172035217285,-0.005086183547973633,0.02883172035217285,True,enc_s2,encoder,2,8,0.006975213822443038,0.004805883974768221,0.0051386834238655865,0.003077201166888699,0.5169110860815038,0.6255039328685654
caucasus_2020-08-22T12:00:00,caucasus,synoptic,low_near,t1,q850_trace,precip_zwd,q850,59.72747747747748,48.57312758741756,8.51015738589922e-06,1.0,850,0.0,0.0015120662889861092,1.0,0.9994103898129129,0.0005896101870871458,7.902630805969238,7.9263763427734375,7.868712902069092,0.02374553680419922,-0.033917903900146484,0.02883172035217285,-0.005086183547973633,0.02883172035217285,True,dec_s0,decoder,0,8,0.010296762571670115,0.006056772777810693,0.007097710913512856,0.004580387845635414,0.48426335900848716,0.6077936698858292
caucasus_2020-08-22T12:00:00,caucasus,synoptic,low_near,t1,q850_trace,precip_zwd,q850,59.72747747747748,48.57312758741756,8.51015738589922e-06,1.0,850,0.0,0.0015120662889861092,1.0,0.9994103898129129,0.0005896101870871458,7.902630805969238,7.9263763427734375,7.868712902069092,0.02374553680419922,-0.033917903900146484,0.02883172035217285,-0.005086183547973633,0.02883172035217285,True,dec_s1,decoder,1,10,0.010745526058599353,0.009120952058583497,0.008440694632008671,0.005290373112075031,0.4970857527633242,0.6209023722197226
caucasus_2020-08-22T12:00:00,caucasus,synoptic,low_near,t1,q850_trace,precip_zwd,q850,59.72747747747748,48.57312758741756,8.51015738589922e-06,1.0,850,0.0,0.0015120662889861092,1.0,0.9994103898129129,0.0005896101870871458,7.902630805969238,7.9263763427734375,7.868712902069092,0.02374553680419922,-0.033917903900146484,0.02883172035217285,-0.005086183547973633,0.02883172035217285,True,dec_s2,decoder,2,6,0.033828056106964745,0.035366556296745934,0.03148668818175793,0.014354874535153309,0.6938107305552745,0.6870076964182901
ganges_plain_2020-07-19T12:00:00,ganges_plain,local,hotspot,t1,q850_trace,precip_zwd,q850,24.47747747747748,89.24892185705099,8.608861389802769e-05,1.0,850,0.010495382031905962,0.0,0.9930271745366491,1.0000000847440536,0.006972909616491666,15.634991645812988,17.43934440612793,13.87150764465332,1.8043527603149414,-1.763484001159668,1.7839183807373047,0.02043437957763672,1.7839183807373047,True,enc_s0,encoder,0,6,0.005460152557740609,0.004975363068903486,0.005010717858870824,0.0014703626511618495,0.8530375376802529,0.7720392895809369
ganges_plain_2020-07-19T12:00:00,ganges_plain,local,hotspot,t1,q850_trace,precip_zwd,q850,24.47747747747748,89.24892185705099,8.608861389802769e-05,1.0,850,0.010495382031905962,0.0,0.9930271745366491,1.0000000847440536,0.006972909616491666,15.634991645812988,17.43934440612793,13.87150764465332,1.8043527603149414,-1.763484001159668,1.7839183807373047,0.02043437957763672,1.7839183807373047,True,enc_s1,encoder,1,10,0.004293616581708193,0.003315341495908797,0.00318891741335392,0.0020784810418263077,0.4971264830857137,0.629443623121219
ganges_plain_2020-07-19T12:00:00,ganges_plain,local,hotspot,t1,q850_trace,precip_zwd,q850,24.47747747747748,89.24892185705099,8.608861389802769e-05,1.0,850,0.010495382031905962,0.0,0.9930271745366491,1.0000000847440536,0.006972909616491666,15.634991645812988,17.43934440612793,13.87150764465332,1.8043527603149414,-1.763484001159668,1.7839183807373047,0.02043437957763672,1.7839183807373047,True,enc_s2,encoder,2,8,0.0019842041074298322,0.0015378563839476556,0.0014805831160629168,0.000979236101557035,0.416098641649569,0.601965046180317
ganges_plain_2020-07-19T12:00:00,ganges_plain,local,hotspot,t1,q850_trace,precip_zwd,q850,24.47747747747748,89.24892185705099,8.608861389802769e-05,1.0,850,0.010495382031905962,0.0,0.9930271745366491,1.0000000847440536,0.006972909616491666,15.634991645812988,17.43934440612793,13.87150764465332,1.8043527603149414,-1.763484001159668,1.7839183807373047,0.02043437957763672,1.7839183807373047,True,dec_s0,decoder,0,8,0.0026677087298594415,0.0021134666312718764,0.0019500205817166716,0.0014100992411840707,0.3344555352817111,0.5810073971421548
ganges_plain_2020-07-19T12:00:00,ganges_plain,local,hotspot,t1,q850_trace,precip_zwd,q850,24.47747747747748,89.24892185705099,8.608861389802769e-05,1.0,850,0.010495382031905962,0.0,0.9930271745366491,1.0000000847440536,0.006972909616491666,15.634991645812988,17.43934440612793,13.87150764465332,1.8043527603149414,-1.763484001159668,1.7839183807373047,0.02043437957763672,1.7839183807373047,True,dec_s1,decoder,1,10,0.0038904327200725676,0.0033828910323791205,0.002745730569586158,0.002397504774853587,0.13362054492105485,0.5315834899891134
ganges_plain_2020-07-19T12:00:00,ganges_plain,local,hotspot,t1,q850_trace,precip_zwd,q850,24.47747747747748,89.24892185705099,8.608861389802769e-05,1.0,850,0.010495382031905962,0.0,0.9930271745366491,1.0000000847440536,0.006972909616491666,15.634991645812988,17.43934440612793,13.87150764465332,1.8043527603149414,-1.763484001159668,1.7839183807373047,0.02043437957763672,1.7839183807373047,True,dec_s2,decoder,2,6,0.011961328952262798,0.010712204966694117,0.00932664688055714,0.006475007239108284,0.4020801867719647,0.5902286420014152
ganges_plain_2020-07-19T12:00:00,ganges_plain,local,low_near,t1,q850_trace,precip_zwd,q850,36.97747747747748,79.24892185705099,1.4308703839560621e-06,1.0,850,0.0,0.0,1.0,0.9999999256149468,7.438505318642881e-08,15.634991645812988,15.622967720031738,15.63922119140625,-0.01202392578125,0.004229545593261719,-0.00812673568725586,-0.0038971900939941406,0.00812673568725586,True,enc_s0,encoder,0,6,0.004911635847141345,0.004869269207119942,0.00472164386883378,0.001264259626623243,0.8739171104798028,0.7872167835046259
ganges_plain_2020-07-19T12:00:00,ganges_plain,local,low_near,t1,q850_trace,precip_zwd,q850,36.97747747747748,79.24892185705099,1.4308703839560621e-06,1.0,850,0.0,0.0,1.0,0.9999999256149468,7.438505318642881e-08,15.634991645812988,15.622967720031738,15.63922119140625,-0.01202392578125,0.004229545593261719,-0.00812673568725586,-0.0038971900939941406,0.00812673568725586,True,enc_s1,encoder,1,10,0.0034953672206029297,0.003181892796419561,0.0029117933474481104,0.001586758840130642,0.60771236991263,0.6720890274273696
ganges_plain_2020-07-19T12:00:00,ganges_plain,local,low_near,t1,q850_trace,precip_zwd,q850,36.97747747747748,79.24892185705099,1.4308703839560621e-06,1.0,850,0.0,0.0,1.0,0.9999999256149468,7.438505318642881e-08,15.634991645812988,15.622967720031738,15.63922119140625,-0.01202392578125,0.004229545593261719,-0.00812673568725586,-0.0038971900939941406,0.00812673568725586,True,enc_s2,encoder,2,8,0.0015744217234896496,0.0013455114531097934,0.0012524529302027076,0.0007589345987071283,0.4815082186672774,0.6227463041236165
ganges_plain_2020-07-19T12:00:00,ganges_plain,local,low_near,t1,q850_trace,precip_zwd,q850,36.97747747747748,79.24892185705099,1.4308703839560621e-06,1.0,850,0.0,0.0,1.0,0.9999999256149468,7.438505318642881e-08,15.634991645812988,15.622967720031738,15.63922119140625,-0.01202392578125,0.004229545593261719,-0.00812673568725586,-0.0038971900939941406,0.00812673568725586,True,dec_s0,decoder,0,8,0.002380218662437983,0.0019796525593847036,0.0018262956436956301,0.0012065570044796914,0.41620783487005475,0.6032368310044629
ganges_plain_2020-07-19T12:00:00,ganges_plain,local,low_near,t1,q850_trace,precip_zwd,q850,36.97747747747748,79.24892185705099,1.4308703839560621e-06,1.0,850,0.0,0.0,1.0,0.9999999256149468,7.438505318642881e-08,15.634991645812988,15.622967720031738,15.63922119140625,-0.01202392578125,0.004229545593261719,-0.00812673568725586,-0.0038971900939941406,0.00812673568725586,True,dec_s1,decoder,1,10,0.004086517577525229,0.003339750145096332,0.0028387905796989797,0.0024222502135671673,0.14908641533442285,0.5347151282278336
ganges_plain_2020-07-19T12:00:00,ganges_plain,local,low_near,t1,q850_trace,precip_zwd,q850,36.97747747747748,79.24892185705099,1.4308703839560621e-06,1.0,850,0.0,0.0,1.0,0.9999999256149468,7.438505318642881e-08,15.634991645812988,15.622967720031738,15.63922119140625,-0.01202392578125,0.004229545593261719,-0.00812673568725586,-0.0038971900939941406,0.00812673568725586,True,dec_s2,decoder,2,6,0.012439304341872534,0.009963520957777897,0.009036610834300518,0.006733763342102368,0.3410751732911646,0.5730299076138732
ganges_plain_2020-07-19T12:00:00,ganges_plain,synoptic,hotspot,t1,q850_trace,precip_zwd,q850,21.97747747747748,89.24892185705099,0.00015920671285130084,1.0,850,0.003003782540977527,0.0,0.9983519268484577,0.9999999400373604,0.0016480132877217492,15.634991645812988,17.823347091674805,13.510102272033691,2.1883554458618164,-2.124889373779297,2.1566224098205566,0.031733036041259766,2.1566224098205566,True,enc_s0,encoder,0,6,0.01408377212161819,0.012430179708947739,0.01270005696763595,0.0038823357317596674,0.8367748615917397,0.7648411463671777
ganges_plain_2020-07-19T12:00:00,ganges_plain,synoptic,hotspot,t1,q850_trace,precip_zwd,q850,21.97747747747748,89.24892185705099,0.00015920671285130084,1.0,850,0.003003782540977527,0.0,0.9983519268484577,0.9999999400373604,0.0016480132877217492,15.634991645812988,17.823347091674805,13.510102272033691,2.1883554458618164,-2.124889373779297,2.1566224098205566,0.031733036041259766,2.1566224098205566,True,enc_s1,encoder,1,10,0.008688566694036125,0.006739626359194517,0.006809239182621241,0.003699618368409574,0.6098939422027236,0.6626218888417442
ganges_plain_2020-07-19T12:00:00,ganges_plain,synoptic,hotspot,t1,q850_trace,precip_zwd,q850,21.97747747747748,89.24892185705099,0.00015920671285130084,1.0,850,0.003003782540977527,0.0,0.9983519268484577,0.9999999400373604,0.0016480132877217492,15.634991645812988,17.823347091674805,13.510102272033691,2.1883554458618164,-2.124889373779297,2.1566224098205566,0.031733036041259766,2.1566224098205566,True,enc_s2,encoder,2,8,0.004184016026556492,0.0029321752954274416,0.0031668743467889726,0.0017386494000675157,0.5890190560167019,0.6455960033768235
ganges_plain_2020-07-19T12:00:00,ganges_plain,synoptic,hotspot,t1,q850_trace,precip_zwd,q850,21.97747747747748,89.24892185705099,0.00015920671285130084,1.0,850,0.003003782540977527,0.0,0.9983519268484577,0.9999999400373604,0.0016480132877217492,15.634991645812988,17.823347091674805,13.510102272033691,2.1883554458618164,-2.124889373779297,2.1566224098205566,0.031733036041259766,2.1566224098205566,True,dec_s0,decoder,0,8,0.005659734888467938,0.0038602501444984227,0.004218547575874254,0.0023813836451154202,0.5740556330548119,0.6392949467111425
ganges_plain_2020-07-19T12:00:00,ganges_plain,synoptic,hotspot,t1,q850_trace,precip_zwd,q850,21.97747747747748,89.24892185705099,0.00015920671285130084,1.0,850,0.003003782540977527,0.0,0.9983519268484577,0.9999999400373604,0.0016480132877217492,15.634991645812988,17.823347091674805,13.510102272033691,2.1883554458618164,-2.124889373779297,2.1566224098205566,0.031733036041259766,2.1566224098205566,True,dec_s1,decoder,1,10,0.007372143398970366,0.0056938613066449765,0.005583795555867255,0.0034912641625851394,0.5001912852919211,0.6189465261853094
ganges_plain_2020-07-19T12:00:00,ganges_plain,synoptic,hotspot,t1,q850_trace,precip_zwd,q850,21.97747747747748,89.24892185705099,0.00015920671285130084,1.0,850,0.003003782540977527,0.0,0.9983519268484577,0.9999999400373604,0.0016480132877217492,15.634991645812988,17.823347091674805,13.510102272033691,2.1883554458618164,-2.124889373779297,2.1566224098205566,0.031733036041259766,2.1566224098205566,True,dec_s2,decoder,2,6,0.02522796206176281,0.020667293419440586,0.020932063460350037,0.009676936392982801,0.7249727285456062,0.6838637572717657
ganges_plain_2020-07-19T12:00:00,ganges_plain,synoptic,low_near,t1,q850_trace,precip_zwd,q850,41.97747747747748,89.24892185705099,1.2194820556032937e-05,1.0,850,5.947778504728484e-05,0.007286028668292393,0.9999906744416827,0.9965391603267291,0.003451546302549891,15.634991645812988,15.643678665161133,15.614300727844238,0.008687019348144531,-0.02069091796875,0.014688968658447266,-0.006001949310302734,0.014688968658447266,True,enc_s0,encoder,0,6,0.01230130298063159,0.012592046521604061,0.012033187163372835,0.003171231636467079,0.8723639483426017,0.7902043348594163
ganges_plain_2020-07-19T12:00:00,ganges_plain,synoptic,low_near,t1,q850_trace,precip_zwd,q850,41.97747747747748,89.24892185705099,1.2194820556032937e-05,1.0,850,5.947778504728484e-05,0.007286028668292393,0.9999906744416827,0.9965391603267291,0.003451546302549891,15.634991645812988,15.643678665161133,15.614300727844238,0.008687019348144531,-0.02069091796875,0.014688968658447266,-0.006001949310302734,0.014688968658447266,True,enc_s1,encoder,1,10,0.008259880961850286,0.007337845396250486,0.0071654776111245155,0.0030596246244385837,0.7320706747889647,0.7143272564481549
ganges_plain_2020-07-19T12:00:00,ganges_plain,synoptic,low_near,t1,q850_trace,precip_zwd,q850,41.97747747747748,89.24892185705099,1.2194820556032937e-05,1.0,850,5.947778504728484e-05,0.007286028668292393,0.9999906744416827,0.9965391603267291,0.003451546302549891,15.634991645812988,15.643678665161133,15.614300727844238,0.008687019348144531,-0.02069091796875,0.014688968658447266,-0.006001949310302734,0.014688968658447266,True,enc_s2,encoder,2,8,0.0037001416785642505,0.0029543795390054584,0.0030062452133279294,0.0014738013996975496,0.6476046491991845,0.6710922434604233
ganges_plain_2020-07-19T12:00:00,ganges_plain,synoptic,low_near,t1,q850_trace,precip_zwd,q850,41.97747747747748,89.24892185705099,1.2194820556032937e-05,1.0,850,5.947778504728484e-05,0.007286028668292393,0.9999906744416827,0.9965391603267291,0.003451546302549891,15.634991645812988,15.643678665161133,15.614300727844238,0.008687019348144531,-0.02069091796875,0.014688968658447266,-0.006001949310302734,0.014688968658447266,True,dec_s0,decoder,0,8,0.005118888686411083,0.004130930843530223,0.004123774298932403,0.0021513198589673266,0.6094324207721522,0.6576885730207068
ganges_plain_2020-07-19T12:00:00,ganges_plain,synoptic,low_near,t1,q850_trace,precip_zwd,q850,41.97747747747748,89.24892185705099,1.2194820556032937e-05,1.0,850,5.947778504728484e-05,0.007286028668292393,0.9999906744416827,0.9965391603267291,0.003451546302549891,15.634991645812988,15.643678665161133,15.614300727844238,0.008687019348144531,-0.02069091796875,0.014688968658447266,-0.006001949310302734,0.014688968658447266,True,dec_s1,decoder,1,10,0.006802410539239645,0.0055839236127212645,0.0053009138442575935,0.0032605974352918564,0.5081099432203209,0.6214316782321607
ganges_plain_2020-07-19T12:00:00,ganges_plain,synoptic,low_near,t1,q850_trace,precip_zwd,q850,41.97747747747748,89.24892185705099,1.2194820556032937e-05,1.0,850,5.947778504728484e-05,0.007286028668292393,0.9999906744416827,0.9965391603267291,0.003451546302549891,15.634991645812988,15.643678665161133,15.614300727844238,0.008687019348144531,-0.02069091796875,0.014688968658447266,-0.006001949310302734,0.014688968658447266,True,dec_s2,decoder,2,6,0.022150192099312942,0.019060750181476276,0.018159578864773113,0.009857470635324717,0.6173495077623652,0.6483098377363802
great_plains_2020-06-27T12:00:00,great_plains,local,hotspot,t1,q850_trace,precip_zwd,q850,38.97747747747748,262.0189286960998,0.00015982080367393792,1.0,850,0.0,0.0,1.0006750635812753,1.0006750635812753,0.0,12.18130111694336,13.530381202697754,10.889481544494629,1.3490800857543945,-1.2918195724487305,1.3204498291015625,0.02863025665283203,1.3204498291015625,True,enc_s0,encoder,0,6,0.004919840954244137,0.004664696364973982,0.004664450728644927,0.0011043256963603199,0.9074511437352785,0.8076605783085009
great_plains_2020-06-27T12:00:00,great_plains,local,hotspot,t1,q850_trace,precip_zwd,q850,38.97747747747748,262.0189286960998,0.00015982080367393792,1.0,850,0.0,0.0,1.0006750635812753,1.0006750635812753,0.0,12.18130111694336,13.530381202697754,10.889481544494629,1.3490800857543945,-1.2918195724487305,1.3204498291015625,0.02863025665283203,1.3204498291015625,True,enc_s1,encoder,1,10,0.003545373654924333,0.002864081831648946,0.0026588862761855125,0.0017506813863292336,0.5023811611758952,0.6345134425413544
great_plains_2020-06-27T12:00:00,great_plains,local,hotspot,t1,q850_trace,precip_zwd,q850,38.97747747747748,262.0189286960998,0.00015982080367393792,1.0,850,0.0,0.0,1.0006750635812753,1.0006750635812753,0.0,12.18130111694336,13.530381202697754,10.889481544494629,1.3490800857543945,-1.2918195724487305,1.3204498291015625,0.02863025665283203,1.3204498291015625,True,enc_s2,encoder,2,8,0.001548703556181863,0.0012048822100041434,0.0011226767528569326,0.0008152648224495351,0.3283151230660909,0.5793973923488502
great_plains_2020-06-27T12:00:00,great_plains,local,hotspot,t1,q850_trace,precip_zwd,q850,38.97747747747748,262.0189286960998,0.00015982080367393792,1.0,850,0.0,0.0,1.0006750635812753,1.0006750635812753,0.0,12.18130111694336,13.530381202697754,10.889481544494629,1.3490800857543945,-1.2918195724487305,1.3204498291015625,0.02863025665283203,1.3204498291015625,True,dec_s0,decoder,0,8,0.0020494997152127326,0.001657892600633204,0.001424846996087581,0.001200955332024023,0.18321192708643533,0.5439524806298297
great_plains_2020-06-27T12:00:00,great_plains,local,hotspot,t1,q850_trace,precip_zwd,q850,38.97747747747748,262.0189286960998,0.00015982080367393792,1.0,850,0.0,0.0,1.0006750635812753,1.0006750635812753,0.0,12.18130111694336,13.530381202697754,10.889481544494629,1.3490800857543945,-1.2918195724487305,1.3204498291015625,0.02863025665283203,1.3204498291015625,True,dec_s1,decoder,1,10,0.003366451431065798,0.002986474637873471,0.0022471246658824382,0.002252527151722461,-0.016781303974350025,0.4959032775490172
great_plains_2020-06-27T12:00:00,great_plains,local,hotspot,t1,q850_trace,precip_zwd,q850,38.97747747747748,262.0189286960998,0.00015982080367393792,1.0,850,0.0,0.0,1.0006750635812753,1.0006750635812753,0.0,12.18130111694336,13.530381202697754,10.889481544494629,1.3490800857543945,-1.2918195724487305,1.3204498291015625,0.02863025665283203,1.3204498291015625,True,dec_s2,decoder,2,6,0.0106507643746833,0.009305808382729689,0.007887930454065403,0.006148061715066433,0.28804790470547625,0.5620172932612294
great_plains_2020-06-27T12:00:00,great_plains,local,low_near,t1,q850_trace,precip_zwd,q850,51.47747747747748,264.5189286960998,4.923642336507328e-06,1.0,850,0.0,0.0,1.0005407229821186,1.0005407229821186,0.0,12.18130111694336,12.180253028869629,12.18315315246582,-0.0010480880737304688,0.0018520355224609375,-0.0014500617980957031,0.0004019737243652344,0.0014500617980957031,True,enc_s0,encoder,0,6,0.0066273934207856655,0.006481374381110072,0.006354884089281161,0.0016037170231963198,0.8893741573292483,0.7976373514057431
great_plains_2020-06-27T12:00:00,great_plains,local,low_near,t1,q850_trace,precip_zwd,q850,51.47747747747748,264.5189286960998,4.923642336507328e-06,1.0,850,0.0,0.0,1.0005407229821186,1.0005407229821186,0.0,12.18130111694336,12.180253028869629,12.18315315246582,-0.0010480880737304688,0.0018520355224609375,-0.0014500617980957031,0.0004019737243652344,0.0014500617980957031,True,enc_s1,encoder,1,10,0.004414236266165971,0.0037431599339470267,0.0034719102550297976,0.0020887811027932913,0.5429193262567762,0.6494205443425287
great_plains_2020-06-27T12:00:00,great_plains,local,low_near,t1,q850_trace,precip_zwd,q850,51.47747747747748,264.5189286960998,4.923642336507328e-06,1.0,850,0.0,0.0,1.0005407229821186,1.0005407229821186,0.0,12.18130111694336,12.180253028869629,12.18315315246582,-0.0010480880737304688,0.0018520355224609375,-0.0014500617980957031,0.0004019737243652344,0.0014500617980957031,True,enc_s2,encoder,2,8,0.0020293022971600294,0.0015727644495200366,0.0014958069514250383,0.0010287421173416078,0.3814834515456471,0.5925800927717825
great_plains_2020-06-27T12:00:00,great_plains,local,low_near,t1,q850_trace,precip_zwd,q850,51.47747747747748,264.5189286960998,4.923642336507328e-06,1.0,850,0.0,0.0,1.0005407229821186,1.0005407229821186,0.0,12.18130111694336,12.180253028869629,12.18315315246582,-0.0010480880737304688,0.0018520355224609375,-0.0014500617980957031,0.0004019737243652344,0.0014500617980957031,True,dec_s0,decoder,0,8,0.0026939378294628114,0.0020678388827946037,0.0019137341441819444,0.0014500076504191384,0.29264152469719584,0.5697364011516091
great_plains_2020-06-27T12:00:00,great_plains,local,low_near,t1,q850_trace,precip_zwd,q850,51.47747747747748,264.5189286960998,4.923642336507328e-06,1.0,850,0.0,0.0,1.0005407229821186,1.0005407229821186,0.0,12.18130111694336,12.180253028869629,12.18315315246582,-0.0010480880737304688,0.0018520355224609375,-0.0014500617980957031,0.0004019737243652344,0.0014500617980957031,True,dec_s1,decoder,1,10,0.004944974393583834,0.003839699667878449,0.0033834294066764415,0.0028577242395840586,0.18810930798044045,0.5430276526930143
great_plains_2020-06-27T12:00:00,great_plains,local,low_near,t1,q850_trace,precip_zwd,q850,51.47747747747748,264.5189286960998,4.923642336507328e-06,1.0,850,0.0,0.0,1.0005407229821186,1.0005407229821186,0.0,12.18130111694336,12.180253028869629,12.18315315246582,-0.0010480880737304688,0.0018520355224609375,-0.0014500617980957031,0.0004019737243652344,0.0014500617980957031,True,dec_s2,decoder,2,6,0.014446653115252653,0.011264951433986425,0.010362361557781696,0.007773010681072871,0.33610390013704405,0.5714812109049946
great_plains_2020-06-27T12:00:00,great_plains,synoptic,hotspot,t1,q850_trace,precip_zwd,q850,36.47747747747748,264.5189286960998,0.0003045427438337356,1.0,850,0.0,0.0,1.000121249392843,1.000121249392843,0.0,12.18130111694336,13.563420295715332,10.897255897521973,1.3821191787719727,-1.2840452194213867,1.3330821990966797,0.04903697967529297,1.3330821990966797,True,enc_s0,encoder,0,6,0.012090646817038456,0.011491879976044098,0.011511374109735092,0.002567798364907503,0.9106146753926537,0.8169249471098441
great_plains_2020-06-27T12:00:00,great_plains,synoptic,hotspot,t1,q850_trace,precip_zwd,q850,36.47747747747748,264.5189286960998,0.0003045427438337356,1.0,850,0.0,0.0,1.000121249392843,1.000121249392843,0.0,12.18130111694336,13.563420295715332,10.897255897521973,1.3821191787719727,-1.2840452194213867,1.3330821990966797,0.04903697967529297,1.3330821990966797,True,enc_s1,encoder,1,10,0.007805954571813345,0.006198390945792198,0.00632140040397644,0.003045144025236368,0.6870483551315928,0.6917926741275602
great_plains_2020-06-27T12:00:00,great_plains,synoptic,hotspot,t1,q850_trace,precip_zwd,q850,36.47747747747748,264.5189286960998,0.0003045427438337356,1.0,850,0.0,0.0,1.000121249392843,1.000121249392843,0.0,12.18130111694336,13.563420295715332,10.897255897521973,1.3821191787719727,-1.2840452194213867,1.3330821990966797,0.04903697967529297,1.3330821990966797,True,enc_s2,encoder,2,8,0.0033153782424051315,0.002486329263774678,0.002589032897958532,0.001372453203657642,0.6070721145426139,0.6535969888862787
great_plains_2020-06-27T12:00:00,great_plains,synoptic,hotspot,t1,q850_trace,precip_zwd,q850,36.47747747747748,264.5189286960998,0.0003045427438337356,1.0,850,0.0,0.0,1.000121249392843,1.000121249392843,0.0,12.18130111694336,13.563420295715332,10.897255897521973,1.3821191787719727,-1.2840452194213867,1.3330821990966797,0.04903697967529297,1.3330821990966797,True,dec_s0,decoder,0,8,0.004240580485202372,0.0032606682798359543,0.0033030152844730765,0.0018429818446747959,0.5655237310937022,0.6422238215304619
great_plains_2020-06-27T12:00:00,great_plains,synoptic,hotspot,t1,q850_trace,precip_zwd,q850,36.47747747747748,264.5189286960998,0.0003045427438337356,1.0,850,0.0,0.0,1.000121249392843,1.000121249392843,0.0,12.18130111694336,13.563420295715332,10.897255897521973,1.3821191787719727,-1.2840452194213867,1.3330821990966797,0.04903697967529297,1.3330821990966797,True,dec_s1,decoder,1,10,0.006020112964324653,0.005305502470582724,0.004754584608599543,0.003096331190317869,0.4476639727899382,0.6071701564907203
great_plains_2020-06-27T12:00:00,great_plains,synoptic,hotspot,t1,q850_trace,precip_zwd,q850,36.47747747747748,264.5189286960998,0.0003045427438337356,1.0,850,0.0,0.0,1.000121249392843,1.000121249392843,0.0,12.18130111694336,13.563420295715332,10.897255897521973,1.3821191787719727,-1.2840452194213867,1.3330821990966797,0.04903697967529297,1.3330821990966797,True,dec_s2,decoder,2,6,0.021238192605475586,0.019251549616456032,0.018020898414154846,0.00927741794536511,0.6576775731175345,0.660250984677866
great_plains_2020-06-27T12:00:00,great_plains,synoptic,low_near,t1,q850_trace,precip_zwd,q850,56.47747747747748,264.5189286960998,2.6525876819505356e-05,1.0,850,0.0,0.007884972170686457,1.000083204966758,0.9935242252867679,0.006558433985708361,12.18130111694336,12.18636417388916,12.16567325592041,0.005063056945800781,-0.01562786102294922,0.010345458984375,-0.005282402038574219,0.010345458984375,True,enc_s0,encoder,0,6,0.018763467359046142,0.018205540565152962,0.01787252662082513,0.004715736644963424,0.8709452157877866,0.7903131439495596
great_plains_2020-06-27T12:00:00,great_plains,synoptic,low_near,t1,q850_trace,precip_zwd,q850,56.47747747747748,264.5189286960998,2.6525876819505356e-05,1.0,850,0.0,0.007884972170686457,1.000083204966758,0.9935242252867679,0.006558433985708361,12.18130111694336,12.18636417388916,12.16567325592041,0.005063056945800781,-0.01562786102294922,0.010345458984375,-0.005282402038574219,0.010345458984375,True,enc_s1,encoder,1,10,0.013481443654745818,0.010418477933853865,0.010808138642460108,0.005291933286935091,0.6557524901366492,0.6784948470517189
great_plains_2020-06-27T12:00:00,great_plains,synoptic,low_near,t1,q850_trace,precip_zwd,q850,56.47747747747748,264.5189286960998,2.6525876819505356e-05,1.0,850,0.0,0.007884972170686457,1.000083204966758,0.9935242252867679,0.006558433985708361,12.18130111694336,12.18636417388916,12.16567325592041,0.005063056945800781,-0.01562786102294922,0.010345458984375,-0.005282402038574219,0.010345458984375,True,enc_s2,encoder,2,8,0.005740736378356814,0.004002137284260243,0.004280411987565458,0.0024828605528455228,0.5424928473447868,0.6329045788066121
great_plains_2020-06-27T12:00:00,great_plains,synoptic,low_near,t1,q850_trace,precip_zwd,q850,56.47747747747748,264.5189286960998,2.6525876819505356e-05,1.0,850,0.0,0.007884972170686457,1.000083204966758,0.9935242252867679,0.006558433985708361,12.18130111694336,12.18636417388916,12.16567325592041,0.005063056945800781,-0.01562786102294922,0.010345458984375,-0.005282402038574219,0.010345458984375,True,dec_s0,decoder,0,8,0.007222812331747264,0.005048037506639957,0.00537064706441015,0.0031592812738381326,0.5348182005992295,0.629762005604154
great_plains_2020-06-27T12:00:00,great_plains,synoptic,low_near,t1,q850_trace,precip_zwd,q850,56.47747747747748,264.5189286960998,2.6525876819505356e-05,1.0,850,0.0,0.007884972170686457,1.000083204966758,0.9935242252867679,0.006558433985708361,12.18130111694336,12.18636417388916,12.16567325592041,0.005063056945800781,-0.01562786102294922,0.010345458984375,-0.005282402038574219,0.010345458984375,True,dec_s1,decoder,1,10,0.01023943698965013,0.008602847112342715,0.007992679998278619,0.0050472022034227845,0.49212549098977887,0.6193649399853693
great_plains_2020-06-27T12:00:00,great_plains,synoptic,low_near,t1,q850_trace,precip_zwd,q850,56.47747747747748,264.5189286960998,2.6525876819505356e-05,1.0,850,0.0,0.007884972170686457,1.000083204966758,0.9935242252867679,0.006558433985708361,12.18130111694336,12.18636417388916,12.16567325592041,0.005063056945800781,-0.01562786102294922,0.010345458984375,-0.005282402038574219,0.010345458984375,True,dec_s2,decoder,2,6,0.03324235727389654,0.02912084199488163,0.02790939901024103,0.014055219478905201,0.6420885985302439,0.6652051289792638
himalayas_2020-09-23T06:00:00,himalayas,local,hotspot,t1,q850_trace,precip_zwd,q850,28.22747747747748,84.4321042943339,0.00011218470172025263,1.0,850,0.0,0.0,0.999999917960646,1.0,8.203935394993237e-08,11.551041603088379,12.158931732177734,10.590734481811523,0.6078901290893555,-0.9603071212768555,0.7840986251831055,-0.17620849609375,0.7840986251831055,True,enc_s0,encoder,0,6,0.004939606956516703,0.004596917113910119,0.004611595766618848,0.0012162906544593473,0.8811786016687444,0.7901493575166656
himalayas_2020-09-23T06:00:00,himalayas,local,hotspot,t1,q850_trace,precip_zwd,q850,28.22747747747748,84.4321042943339,0.00011218470172025263,1.0,850,0.0,0.0,0.999999917960646,1.0,8.203935394993237e-08,11.551041603088379,12.158931732177734,10.590734481811523,0.6078901290893555,-0.9603071212768555,0.7840986251831055,-0.17620849609375,0.7840986251831055,True,enc_s1,encoder,1,10,0.004285223828628659,0.00331793746445328,0.003213594388216734,0.002021535678068176,0.5257337554651684,0.6408419973078089
himalayas_2020-09-23T06:00:00,himalayas,local,hotspot,t1,q850_trace,precip_zwd,q850,28.22747747747748,84.4321042943339,0.00011218470172025263,1.0,850,0.0,0.0,0.999999917960646,1.0,8.203935394993237e-08,11.551041603088379,12.158931732177734,10.590734481811523,0.6078901290893555,-0.9603071212768555,0.7840986251831055,-0.17620849609375,0.7840986251831055,True,enc_s2,encoder,2,8,0.002043795771896839,0.0016507395339431241,0.0015665401151636615,0.0009985015058191493,0.44390975978328717,0.6106363263485759
himalayas_2020-09-23T06:00:00,himalayas,local,hotspot,t1,q850_trace,precip_zwd,q850,28.22747747747748,84.4321042943339,0.00011218470172025263,1.0,850,0.0,0.0,0.999999917960646,1.0,8.203935394993237e-08,11.551041603088379,12.158931732177734,10.590734481811523,0.6078901290893555,-0.9603071212768555,0.7840986251831055,-0.17620849609375,0.7840986251831055,True,dec_s0,decoder,0,8,0.003239879006287083,0.0026401071809232235,0.0024531816452508792,0.001647554585360922,0.4009475971140614,0.5989563475489096
himalayas_2020-09-23T06:00:00,himalayas,local,hotspot,t1,q850_trace,precip_zwd,q850,28.22747747747748,84.4321042943339,0.00011218470172025263,1.0,850,0.0,0.0,0.999999917960646,1.0,8.203935394993237e-08,11.551041603088379,12.158931732177734,10.590734481811523,0.6078901290893555,-0.9603071212768555,0.7840986251831055,-0.17620849609375,0.7840986251831055,True,dec_s1,decoder,1,10,0.003985544783063233,0.0036354387179017068,0.0029123607906512915,0.0024624345358461143,0.16120745636491715,0.538439059336595
himalayas_2020-09-23T06:00:00,himalayas,local,hotspot,t1,q850_trace,precip_zwd,q850,28.22747747747748,84.4321042943339,0.00011218470172025263,1.0,850,0.0,0.0,0.999999917960646,1.0,8.203935394993237e-08,11.551041603088379,12.158931732177734,10.590734481811523,0.6078901290893555,-0.9603071212768555,0.7840986251831055,-0.17620849609375,0.7840986251831055,True,dec_s2,decoder,2,6,0.01300025281185905,0.011213676383097967,0.010003565034518639,0.006877931843822201,0.4035707076289668,0.5925459693897661
himalayas_2020-09-23T06:00:00,himalayas,local,low_near,t1,q850_trace,precip_zwd,q850,38.22747747747748,69.4321042943339,1.9300625808682526e-06,1.0,850,0.0,0.028411147303655446,1.0,0.9807417955540367,0.01925820444596327,11.551041603088379,11.553936004638672,11.551169395446777,0.0028944015502929688,0.0001277923583984375,0.0013833045959472656,0.0015110969543457031,0.0015110969543457031,False,enc_s0,encoder,0,6,0.006134719432642062,0.007063685916364193,0.006323915207758546,0.0019355143886059523,0.8426899939878999,0.7645280058009525
himalayas_2020-09-23T06:00:00,himalayas,local,low_near,t1,q850_trace,precip_zwd,q850,38.22747747747748,69.4321042943339,1.9300625808682526e-06,1.0,850,0.0,0.028411147303655446,1.0,0.9807417955540367,0.01925820444596327,11.551041603088379,11.553936004638672,11.551169395446777,0.0028944015502929688,0.0001277923583984375,0.0013833045959472656,0.0015110969543457031,0.0015110969543457031,False,enc_s1,encoder,1,10,0.0036324537126347423,0.003975919587537647,0.003320978512056172,0.0017884339904412627,0.5979483105753554,0.6705205668746089
himalayas_2020-09-23T06:00:00,himalayas,local,low_near,t1,q850_trace,precip_zwd,q850,38.22747747747748,69.4321042943339,1.9300625808682526e-06,1.0,850,0.0,0.028411147303655446,1.0,0.9807417955540367,0.01925820444596327,11.551041603088379,11.553936004638672,11.551169395446777,0.0028944015502929688,0.0001277923583984375,0.0013833045959472656,0.0015110969543457031,0.0015110969543457031,False,enc_s2,encoder,2,8,0.0014969527837820351,0.001557406212668866,0.001295434354688041,0.0008091660565696657,0.454238060158431,0.615752485609721
himalayas_2020-09-23T06:00:00,himalayas,local,low_near,t1,q850_trace,precip_zwd,q850,38.22747747747748,69.4321042943339,1.9300625808682526e-06,1.0,850,0.0,0.028411147303655446,1.0,0.9807417955540367,0.01925820444596327,11.551041603088379,11.553936004638672,11.551169395446777,0.0028944015502929688,0.0001277923583984375,0.0013833045959472656,0.0015110969543457031,0.0015110969543457031,False,dec_s0,decoder,0,8,0.002252716411021538,0.0023102076520444825,0.0018393210048088804,0.001349046331597492,0.31538053429026536,0.5784196100144019
himalayas_2020-09-23T06:00:00,himalayas,local,low_near,t1,q850_trace,precip_zwd,q850,38.22747747747748,69.4321042943339,1.9300625808682526e-06,1.0,850,0.0,0.028411147303655446,1.0,0.9807417955540367,0.01925820444596327,11.551041603088379,11.553936004638672,11.551169395446777,0.0028944015502929688,0.0001277923583984375,0.0013833045959472656,0.0015110969543457031,0.0015110969543457031,False,dec_s1,decoder,1,10,0.0030088008265011013,0.0030644287588074805,0.002126689220312983,0.0021676426636986434,-0.022140069594297183,0.4946553182164708
himalayas_2020-09-23T06:00:00,himalayas,local,low_near,t1,q850_trace,precip_zwd,q850,38.22747747747748,69.4321042943339,1.9300625808682526e-06,1.0,850,0.0,0.028411147303655446,1.0,0.9807417955540367,0.01925820444596327,11.551041603088379,11.553936004638672,11.551169395446777,0.0028944015502929688,0.0001277923583984375,0.0013833045959472656,0.0015110969543457031,0.0015110969543457031,False,dec_s2,decoder,2,6,0.009692357387393713,0.009973319247364998,0.00788591057062149,0.005874708217258255,0.3409166415617473,0.5731417192080941
himalayas_2020-09-23T06:00:00,himalayas,synoptic,hotspot,t1,q850_trace,precip_zwd,q850,30.72747747747748,84.4321042943339,0.00017673235561233014,1.0,850,0.0,0.018221824932957438,0.9999998888329471,0.9760280478921004,0.023971843605725993,11.551041603088379,12.23170280456543,10.562817573547363,0.6806612014770508,-0.9882240295410156,0.8344426155090332,-0.15378141403198242,0.8344426155090332,True,enc_s0,encoder,0,6,0.012201197445392609,0.01244213463117679,0.011920192278921604,0.00310414785053581,0.8741766049384104,0.7920040078316375
himalayas_2020-09-23T06:00:00,himalayas,synoptic,hotspot,t1,q850_trace,precip_zwd,q850,30.72747747747748,84.4321042943339,0.00017673235561233014,1.0,850,0.0,0.018221824932957438,0.9999998888329471,0.9760280478921004,0.023971843605725993,11.551041603088379,12.23170280456543,10.562817573547363,0.6806612014770508,-0.9882240295410156,0.8344426155090332,-0.15378141403198242,0.8344426155090332,True,enc_s1,encoder,1,10,0.008429730869829654,0.007504672184586525,0.007171017117798328,0.003436313522979617,0.6678506258555945,0.6904117792840757
himalayas_2020-09-23T06:00:00,himalayas,synoptic,hotspot,t1,q850_trace,precip_zwd,q850,30.72747747747748,84.4321042943339,0.00017673235561233014,1.0,850,0.0,0.018221824932957438,0.9999998888329471,0.9760280478921004,0.023971843605725993,11.551041603088379,12.23170280456543,10.562817573547363,0.6806612014770508,-0.9882240295410156,0.8344426155090332,-0.15378141403198242,0.8344426155090332,True,enc_s2,encoder,2,8,0.004041743959533051,0.0032797817839309573,0.0032472705061081797,0.0017326120869256556,0.5876012583168477,0.6521378431658515
himalayas_2020-09-23T06:00:00,himalayas,synoptic,hotspot,t1,q850_trace,precip_zwd,q850,30.72747747747748,84.4321042943339,0.00017673235561233014,1.0,850,0.0,0.018221824932957438,0.9999998888329471,0.9760280478921004,0.023971843605725993,11.551041603088379,12.23170280456543,10.562817573547363,0.6806612014770508,-0.9882240295410156,0.8344426155090332,-0.15378141403198242,0.8344426155090332,True,dec_s0,decoder,0,8,0.006052030541468412,0.005001620389521122,0.004878508625552058,0.0026497285871300846,0.5743665350325351,0.6483878295957302
himalayas_2020-09-23T06:00:00,himalayas,synoptic,hotspot,t1,q850_trace,precip_zwd,q850,30.72747747747748,84.4321042943339,0.00017673235561233014,1.0,850,0.0,0.018221824932957438,0.9999998888329471,0.9760280478921004,0.023971843605725993,11.551041603088379,12.23170280456543,10.562817573547363,0.6806612014770508,-0.9882240295410156,0.8344426155090332,-0.15378141403198242,0.8344426155090332,True,dec_s1,decoder,1,10,0.006054735532961786,0.005633957241661847,0.004891843674704433,0.0032047156011685727,0.4340915026904263,0.6050944557325051
himalayas_2020-09-23T06:00:00,himalayas,synoptic,hotspot,t1,q850_trace,precip_zwd,q850,30.72747747747748,84.4321042943339,0.00017673235561233014,1.0,850,0.0,0.018221824932957438,0.9999998888329471,0.9760280478921004,0.023971843605725993,11.551041603088379,12.23170280456543,10.562817573547363,0.6806612014770508,-0.9882240295410156,0.8344426155090332,-0.15378141403198242,0.8344426155090332,True,dec_s2,decoder,2,6,0.021090396059056122,0.019398816861212254,0.017814516710738342,0.009653829969465733,0.6032376746305418,0.6486284449751176
himalayas_2020-09-23T06:00:00,himalayas,synoptic,low_near,t1,q850_trace,precip_zwd,q850,45.72747747747748,89.4321042943339,1.474230066378368e-05,1.0,850,0.0,0.01183762354123625,1.0,0.9928804097700451,0.007119590229954892,11.551041603088379,11.565269470214844,11.539735794067383,0.014227867126464844,-0.011305809020996094,0.012766838073730469,0.001461029052734375,0.012766838073730469,True,enc_s0,encoder,0,6,0.01581608410924673,0.017436078904817503,0.016026704106479883,0.004482650508483251,0.8591656829512848,0.7804166816795615
himalayas_2020-09-23T06:00:00,himalayas,synoptic,low_near,t1,q850_trace,precip_zwd,q850,45.72747747747748,89.4321042943339,1.474230066378368e-05,1.0,850,0.0,0.01183762354123625,1.0,0.9928804097700451,0.007119590229954892,11.551041603088379,11.565269470214844,11.539735794067383,0.014227867126464844,-0.011305809020996094,0.012766838073730469,0.001461029052734375,0.012766838073730469,True,enc_s1,encoder,1,10,0.011575147695839404,0.010980361513793469,0.010277496743947267,0.0046010201564058665,0.6926018345232643,0.7014228352101618
himalayas_2020-09-23T06:00:00,himalayas,synoptic,low_near,t1,q850_trace,precip_zwd,q850,45.72747747747748,89.4321042943339,1.474230066378368e-05,1.0,850,0.0,0.01183762354123625,1.0,0.9928804097700451,0.007119590229954892,11.551041603088379,11.565269470214844,11.539735794067383,0.014227867126464844,-0.011305809020996094,0.012766838073730469,0.001461029052734375,0.012766838073730469,True,enc_s2,encoder,2,8,0.005132106889504939,0.004577651736326516,0.00430121726822108,0.0022685061558149755,0.5833263857845987,0.6547730185366754
himalayas_2020-09-23T06:00:00,himalayas,synoptic,low_near,t1,q850_trace,precip_zwd,q850,45.72747747747748,89.4321042943339,1.474230066378368e-05,1.0,850,0.0,0.01183762354123625,1.0,0.9928804097700451,0.007119590229954892,11.551041603088379,11.565269470214844,11.539735794067383,0.014227867126464844,-0.011305809020996094,0.012766838073730469,0.001461029052734375,0.012766838073730469,True,dec_s0,decoder,0,8,0.0076697185868397355,0.006988013745285571,0.006412940507289022,0.003564912301953882,0.5486702458888388,0.6434640081667391
himalayas_2020-09-23T06:00:00,himalayas,synoptic,low_near,t1,q850_trace,precip_zwd,q850,45.72747747747748,89.4321042943339,1.474230066378368e-05,1.0,850,0.0,0.01183762354123625,1.0,0.9928804097700451,0.007119590229954892,11.551041603088379,11.565269470214844,11.539735794067383,0.014227867126464844,-0.011305809020996094,0.012766838073730469,0.001461029052734375,0.012766838073730469,True,dec_s1,decoder,1,10,0.008381660422310233,0.008588306372985244,0.007191534107550979,0.004503175267018378,0.4817955988652118,0.6176747906017142
himalayas_2020-09-23T06:00:00,himalayas,synoptic,low_near,t1,q850_trace,precip_zwd,q850,45.72747747747748,89.4321042943339,1.474230066378368e-05,1.0,850,0.0,0.01183762354123625,1.0,0.9928804097700451,0.007119590229954892,11.551041603088379,11.565269470214844,11.539735794067383,0.014227867126464844,-0.011305809020996094,0.012766838073730469,0.001461029052734375,0.012766838073730469,True,dec_s2,decoder,2,6,0.02787740621715784,0.028183554609616596,0.02424703383197387,0.014058595057576895,0.5362934311688795,0.6333085701321466
japan_2020-10-10T00:00:00,japan,local,hotspot,t1,q850_trace,precip_zwd,q850,35.47747747747748,138.58497947810284,0.00010302375449100509,1.0,850,0.0,0.0031871016122984627,1.0,0.999316355763729,0.0006836442362709664,10.046470642089844,10.928167343139648,9.421032905578613,0.8816967010498047,-0.6254377365112305,0.7535672187805176,0.1281294822692871,0.7535672187805176,True,enc_s0,encoder,0,6,0.004771953526263435,0.004263174914134045,0.004388004386176665,0.0011005234943392377,0.8996126061330515,0.7987358882924039
japan_2020-10-10T00:00:00,japan,local,hotspot,t1,q850_trace,precip_zwd,q850,35.47747747747748,138.58497947810284,0.00010302375449100509,1.0,850,0.0,0.0031871016122984627,1.0,0.999316355763729,0.0006836442362709664,10.046470642089844,10.928167343139648,9.421032905578613,0.8816967010498047,-0.6254377365112305,0.7535672187805176,0.1281294822692871,0.7535672187805176,True,enc_s1,encoder,1,10,0.003938921261578798,0.0029824836878106,0.002989045181311667,0.0017595745506696404,0.579382533065811,0.6537536269329516
japan_2020-10-10T00:00:00,japan,local,hotspot,t1,q850_trace,precip_zwd,q850,35.47747747747748,138.58497947810284,0.00010302375449100509,1.0,850,0.0,0.0031871016122984627,1.0,0.999316355763729,0.0006836442362709664,10.046470642089844,10.928167343139648,9.421032905578613,0.8816967010498047,-0.6254377365112305,0.7535672187805176,0.1281294822692871,0.7535672187805176,True,enc_s2,encoder,2,8,0.0017139243718702346,0.0013957952032797039,0.0013247790629975498,0.0008293675928143784,0.4589758623157866,0.6149258809521608
japan_2020-10-10T00:00:00,japan,local,hotspot,t1,q850_trace,precip_zwd,q850,35.47747747747748,138.58497947810284,0.00010302375449100509,1.0,850,0.0,0.0031871016122984627,1.0,0.999316355763729,0.0006836442362709664,10.046470642089844,10.928167343139648,9.421032905578613,0.8816967010498047,-0.6254377365112305,0.7535672187805176,0.1281294822692871,0.7535672187805176,True,dec_s0,decoder,0,8,0.0025163184327539057,0.0021200476185185835,0.0019611644092947245,0.0012517663999460638,0.4428428229784295,0.610856212964798
japan_2020-10-10T00:00:00,japan,local,hotspot,t1,q850_trace,precip_zwd,q850,35.47747747747748,138.58497947810284,0.00010302375449100509,1.0,850,0.0,0.0031871016122984627,1.0,0.999316355763729,0.0006836442362709664,10.046470642089844,10.928167343139648,9.421032905578613,0.8816967010498047,-0.6254377365112305,0.7535672187805176,0.1281294822692871,0.7535672187805176,True,dec_s1,decoder,1,10,0.0038516031228937207,0.0034156226669438184,0.002838867891114205,0.002275757398456335,0.20249151989047287,0.5482809040222318
japan_2020-10-10T00:00:00,japan,local,hotspot,t1,q850_trace,precip_zwd,q850,35.47747747747748,138.58497947810284,0.00010302375449100509,1.0,850,0.0,0.0031871016122984627,1.0,0.999316355763729,0.0006836442362709664,10.046470642089844,10.928167343139648,9.421032905578613,0.8816967010498047,-0.6254377365112305,0.7535672187805176,0.1281294822692871,0.7535672187805176,True,dec_s2,decoder,2,6,0.013451205876966318,0.011495064323147139,0.010679855632285276,0.006517233792692423,0.5287204292028075,0.6209558715888205
japan_2020-10-10T00:00:00,japan,local,low_near,t1,q850_trace,precip_zwd,q850,22.97747747747748,126.08497947810284,1.1451935506556765e-06,1.0,850,0.0,0.0,1.0,0.999999914275099,8.57249009063008e-08,10.046470642089844,10.043907165527344,10.047049522399902,-0.0025634765625,0.0005788803100585938,-0.0015711784362792969,-0.0009922981262207031,0.0015711784362792969,True,enc_s0,encoder,0,6,0.006958177934090297,0.006120852505167325,0.006147947162389755,0.0022599907824769616,0.7717271762887047,0.7298742702920619
japan_2020-10-10T00:00:00,japan,local,low_near,t1,q850_trace,precip_zwd,q850,22.97747747747748,126.08497947810284,1.1451935506556765e-06,1.0,850,0.0,0.0,1.0,0.999999914275099,8.57249009063008e-08,10.046470642089844,10.043907165527344,10.047049522399902,-0.0025634765625,0.0005788803100585938,-0.0015711784362792969,-0.0009922981262207031,0.0015711784362792969,True,enc_s1,encoder,1,10,0.005241402168758213,0.0036515684565529226,0.0036047430243343116,0.002641747915185988,0.41050794296007653,0.6026156039213076
japan_2020-10-10T00:00:00,japan,local,low_near,t1,q850_trace,precip_zwd,q850,22.97747747747748,126.08497947810284,1.1451935506556765e-06,1.0,850,0.0,0.0,1.0,0.999999914275099,8.57249009063008e-08,10.046470642089844,10.043907165527344,10.047049522399902,-0.0025634765625,0.0005788803100585938,-0.0015711784362792969,-0.0009922981262207031,0.0015711784362792969,True,enc_s2,encoder,2,8,0.0022710414486937225,0.001564267324283719,0.0015854913071962073,0.0011350954155204818,0.35699989471163845,0.5828203741918471
japan_2020-10-10T00:00:00,japan,local,low_near,t1,q850_trace,precip_zwd,q850,22.97747747747748,126.08497947810284,1.1451935506556765e-06,1.0,850,0.0,0.0,1.0,0.999999914275099,8.57249009063008e-08,10.046470642089844,10.043907165527344,10.047049522399902,-0.0025634765625,0.0005788803100585938,-0.0015711784362792969,-0.0009922981262207031,0.0015711784362792969,True,dec_s0,decoder,0,8,0.0029166296299081296,0.00201248555094935,0.001958300228579901,0.0015628466790076345,0.24736345374606278,0.5567292350949622
japan_2020-10-10T00:00:00,japan,local,low_near,t1,q850_trace,precip_zwd,q850,22.97747747747748,126.08497947810284,1.1451935506556765e-06,1.0,850,0.0,0.0,1.0,0.999999914275099,8.57249009063008e-08,10.046470642089844,10.043907165527344,10.047049522399902,-0.0025634765625,0.0005788803100585938,-0.0015711784362792969,-0.0009922981262207031,0.0015711784362792969,True,dec_s1,decoder,1,10,0.004376163356937468,0.00370500439312309,0.002891356695909053,0.0028420442366041245,0.034593841644293064,0.5079818108529606
japan_2020-10-10T00:00:00,japan,local,low_near,t1,q850_trace,precip_zwd,q850,22.97747747747748,126.08497947810284,1.1451935506556765e-06,1.0,850,0.0,0.0,1.0,0.999999914275099,8.57249009063008e-08,10.046470642089844,10.043907165527344,10.047049522399902,-0.0025634765625,0.0005788803100585938,-0.0015711784362792969,-0.0009922981262207031,0.0015711784362792969,True,dec_s2,decoder,2,6,0.013016716577112675,0.012475355373074612,0.010099714466681084,0.007779961607108514,0.29769102103696904,0.5649447208727971
japan_2020-10-10T00:00:00,japan,synoptic,hotspot,t1,q850_trace,precip_zwd,q850,32.97747747747748,141.08497947810284,0.0001805153879104182,1.0,850,0.0,0.01583626908236873,1.0,0.9895491090331485,0.010450890966851431,10.046470642089844,10.928792953491211,9.217387199401855,0.8823223114013672,-0.8290834426879883,0.8557028770446777,0.026619434356689453,0.8557028770446777,True,enc_s0,encoder,0,6,0.01279460700849692,0.012132714968174696,0.012098468995342651,0.0030089483285943666,0.887838129843863,0.8000424600010717
japan_2020-10-10T00:00:00,japan,synoptic,hotspot,t1,q850_trace,precip_zwd,q850,32.97747747747748,141.08497947810284,0.0001805153879104182,1.0,850,0.0,0.01583626908236873,1.0,0.9895491090331485,0.010450890966851431,10.046470642089844,10.928792953491211,9.217387199401855,0.8823223114013672,-0.8290834426879883,0.8557028770446777,0.026619434356689453,0.8557028770446777,True,enc_s1,encoder,1,10,0.008546297624707221,0.006370230996981263,0.006679043686017394,0.003436673805117607,0.6423428086857171,0.6729424050613513
japan_2020-10-10T00:00:00,japan,synoptic,hotspot,t1,q850_trace,precip_zwd,q850,32.97747747747748,141.08497947810284,0.0001805153879104182,1.0,850,0.0,0.01583626908236873,1.0,0.9895491090331485,0.010450890966851431,10.046470642089844,10.928792953491211,9.217387199401855,0.8823223114013672,-0.8290834426879883,0.8557028770446777,0.026619434356689453,0.8557028770446777,True,enc_s2,encoder,2,8,0.0037089482066221535,0.0028064206708222628,0.0028739520348608494,0.0015989463136065751,0.564450609870782,0.6425110412500239
japan_2020-10-10T00:00:00,japan,synoptic,hotspot,t1,q850_trace,precip_zwd,q850,32.97747747747748,141.08497947810284,0.0001805153879104182,1.0,850,0.0,0.01583626908236873,1.0,0.9895491090331485,0.010450890966851431,10.046470642089844,10.928792953491211,9.217387199401855,0.8823223114013672,-0.8290834426879883,0.8557028770446777,0.026619434356689453,0.8557028770446777,True,dec_s0,decoder,0,8,0.005151333345565945,0.003971904603531584,0.004031012358609587,0.0022152219607960433,0.5741912578550761,0.6454820667137072
japan_2020-10-10T00:00:00,japan,synoptic,hotspot,t1,q850_trace,precip_zwd,q850,32.97747747747748,141.08497947810284,0.0001805153879104182,1.0,850,0.0,0.01583626908236873,1.0,0.9895491090331485,0.010450890966851431,10.046470642089844,10.928792953491211,9.217387199401855,0.8823223114013672,-0.8290834426879883,0.8557028770446777,0.026619434356689453,0.8557028770446777,True,dec_s1,decoder,1,10,0.007128253509290516,0.006217347178608179,0.0057787915458902715,0.003367675212211907,0.5434336205834134,0.6334462176499158
japan_2020-10-10T00:00:00,japan,synoptic,hotspot,t1,q850_trace,precip_zwd,q850,32.97747747747748,141.08497947810284,0.0001805153879104182,1.0,850,0.0,0.01583626908236873,1.0,0.9895491090331485,0.010450890966851431,10.046470642089844,10.928792953491211,9.217387199401855,0.8823223114013672,-0.8290834426879883,0.8557028770446777,0.026619434356689453,0.8557028770446777,True,dec_s2,decoder,2,6,0.027274595573544502,0.023293677096565563,0.023043376704057057,0.010594889832039675,0.7128069697203823,0.6850923602044167
japan_2020-10-10T00:00:00,japan,synoptic,low_near,t1,q850_trace,precip_zwd,q850,52.97747747747748,141.08497947810284,1.2401071217027493e-05,1.0,850,0.0,0.11129036141677301,0.9999999221308428,0.8092508558793744,0.19074908110493852,10.046470642089844,10.06765365600586,10.031725883483887,0.021183013916015625,-0.014744758605957031,0.017963886260986328,0.003219127655029297,0.017963886260986328,True,enc_s0,encoder,0,6,0.021927104331552982,0.019878053106367588,0.019854110355178516,0.006619276323666175,0.8046895253610294,0.7493846892665896
japan_2020-10-10T00:00:00,japan,synoptic,low_near,t1,q850_trace,precip_zwd,q850,52.97747747747748,141.08497947810284,1.2401071217027493e-05,1.0,850,0.0,0.11129036141677301,0.9999999221308428,0.8092508558793744,0.19074908110493852,10.046470642089844,10.06765365600586,10.031725883483887,0.021183013916015625,-0.014744758605957031,0.017963886260986328,0.003219127655029297,0.017963886260986328,True,enc_s1,encoder,1,10,0.014299117866903544,0.01158842733129859,0.011605429369956255,0.005907826055772602,0.6270536609213834,0.6689193044275823
japan_2020-10-10T00:00:00,japan,synoptic,low_near,t1,q850_trace,precip_zwd,q850,52.97747747747748,141.08497947810284,1.2401071217027493e-05,1.0,850,0.0,0.11129036141677301,0.9999999221308428,0.8092508558793744,0.19074908110493852,10.046470642089844,10.06765365600586,10.031725883483887,0.021183013916015625,-0.014744758605957031,0.017963886260986328,0.003219127655029297,0.017963886260986328,True,enc_s2,encoder,2,8,0.005965686461422592,0.004391406546346843,0.004573223879560828,0.0025538825429975986,0.5626789862870631,0.6417050026560371
japan_2020-10-10T00:00:00,japan,synoptic,low_near,t1,q850_trace,precip_zwd,q850,52.97747747747748,141.08497947810284,1.2401071217027493e-05,1.0,850,0.0,0.11129036141677301,0.9999999221308428,0.8092508558793744,0.19074908110493852,10.046470642089844,10.06765365600586,10.031725883483887,0.021183013916015625,-0.014744758605957031,0.017963886260986328,0.003219127655029297,0.017963886260986328,True,dec_s0,decoder,0,8,0.008265725162345916,0.00558361312141642,0.006127280241344124,0.003493726922897622,0.5642914151145257,0.6367277814184299
japan_2020-10-10T00:00:00,japan,synoptic,low_near,t1,q850_trace,precip_zwd,q850,52.97747747747748,141.08497947810284,1.2401071217027493e-05,1.0,850,0.0,0.11129036141677301,0.9999999221308428,0.8092508558793744,0.19074908110493852,10.046470642089844,10.06765365600586,10.031725883483887,0.021183013916015625,-0.014744758605957031,0.017963886260986328,0.003219127655029297,0.017963886260986328,True,dec_s1,decoder,1,10,0.010141109628602863,0.008950145589187742,0.008366115996614099,0.004627629439346493,0.5903275946214238,0.6490913641884919
japan_2020-10-10T00:00:00,japan,synoptic,low_near,t1,q850_trace,precip_zwd,q850,52.97747747747748,141.08497947810284,1.2401071217027493e-05,1.0,850,0.0,0.11129036141677301,0.9999999221308428,0.8092508558793744,0.19074908110493852,10.046470642089844,10.06765365600586,10.031725883483887,0.021183013916015625,-0.014744758605957031,0.017963886260986328,0.003219127655029297,0.017963886260986328,True,dec_s2,decoder,2,6,0.038328722740213074,0.03500623442232609,0.0338600135097901,0.014167163986712694,0.7381036097051498,0.705134981237512
netherlands_2020-12-27T12:00:00,netherlands,local,hotspot,t1,q850_trace,precip_zwd,q850,52.47747747747748,3.502710997644563,5.496609446709044e-05,1.0,850,0.0,0.03409090909090909,1.0,0.9577547924148907,0.04224520758510926,3.5321898460388184,4.046721458435059,2.6532623767852783,0.5145316123962402,-0.87892746925354,0.6967295408248901,-0.1821979284286499,0.6967295408248901,True,enc_s0,encoder,0,6,0.0067186979576945305,0.006949450199802716,0.006522551489373048,0.0020521573023870587,0.8298658532477052,0.7603622396976325
netherlands_2020-12-27T12:00:00,netherlands,local,hotspot,t1,q850_trace,precip_zwd,q850,52.47747747747748,3.502710997644563,5.496609446709044e-05,1.0,850,0.0,0.03409090909090909,1.0,0.9577547924148907,0.04224520758510926,3.5321898460388184,4.046721458435059,2.6532623767852783,0.5145316123962402,-0.87892746925354,0.6967295408248901,-0.1821979284286499,0.6967295408248901,True,enc_s1,encoder,1,10,0.006354127777740359,0.004650922305881977,0.004659920977428555,0.0030068140011280777,0.4749691249946236,0.6207113403513236
netherlands_2020-12-27T12:00:00,netherlands,local,hotspot,t1,q850_trace,precip_zwd,q850,52.47747747747748,3.502710997644563,5.496609446709044e-05,1.0,850,0.0,0.03409090909090909,1.0,0.9577547924148907,0.04224520758510926,3.5321898460388184,4.046721458435059,2.6532623767852783,0.5145316123962402,-0.87892746925354,0.6967295408248901,-0.1821979284286499,0.6967295408248901,True,enc_s2,encoder,2,8,0.0024705586256459355,0.002021574749960564,0.0018799107056111097,0.0012495097471401095,0.4070467945978723,0.6007340215060595
netherlands_2020-12-27T12:00:00,netherlands,local,hotspot,t1,q850_trace,precip_zwd,q850,52.47747747747748,3.502710997644563,5.496609446709044e-05,1.0,850,0.0,0.03409090909090909,1.0,0.9577547924148907,0.04224520758510926,3.5321898460388184,4.046721458435059,2.6532623767852783,0.5145316123962402,-0.87892746925354,0.6967295408248901,-0.1821979284286499,0.6967295408248901,True,dec_s0,decoder,0,8,0.0032441786024719477,0.002794374420773238,0.002483262011082843,0.0017321817722404376,0.36395176745409363,0.5895214076788929
netherlands_2020-12-27T12:00:00,netherlands,local,hotspot,t1,q850_trace,precip_zwd,q850,52.47747747747748,3.502710997644563,5.496609446709044e-05,1.0,850,0.0,0.03409090909090909,1.0,0.9577547924148907,0.04224520758510926,3.5321898460388184,4.046721458435059,2.6532623767852783,0.5145316123962402,-0.87892746925354,0.6967295408248901,-0.1821979284286499,0.6967295408248901,True,dec_s1,decoder,1,10,0.0043090346036478875,0.004614547034725547,0.003460464137606323,0.0028207516996189954,0.2224511455245402,0.5521714633593209
netherlands_2020-12-27T12:00:00,netherlands,local,hotspot,t1,q850_trace,precip_zwd,q850,52.47747747747748,3.502710997644563,5.496609446709044e-05,1.0,850,0.0,0.03409090909090909,1.0,0.9577547924148907,0.04224520758510926,3.5321898460388184,4.046721458435059,2.6532623767852783,0.5145316123962402,-0.87892746925354,0.6967295408248901,-0.1821979284286499,0.6967295408248901,True,dec_s2,decoder,2,6,0.013029873681565126,0.01446108582119147,0.011263925271729628,0.007909703611706695,0.4058920698485771,0.5875668918913579
netherlands_2020-12-27T12:00:00,netherlands,local,low_near,t1,q850_trace,precip_zwd,q850,64.97747747747748,346.00271099764456,7.220296538434923e-07,1.0,850,0.0,0.05765485001947799,1.0,0.9443478392378737,0.05565216076212633,3.5321898460388184,3.5254976749420166,3.530745506286621,-0.006692171096801758,-0.0014443397521972656,-0.002623915672302246,-0.004068255424499512,0.004068255424499512,False,enc_s0,encoder,0,6,0.008072767949973544,0.008818939172973236,0.008032653403157989,0.002654222344669203,0.8142364857975903,0.7513436052855349
netherlands_2020-12-27T12:00:00,netherlands,local,low_near,t1,q850_trace,precip_zwd,q850,64.97747747747748,346.00271099764456,7.220296538434923e-07,1.0,850,0.0,0.05765485001947799,1.0,0.9443478392378737,0.05565216076212633,3.5321898460388184,3.5254976749420166,3.530745506286621,-0.006692171096801758,-0.0014443397521972656,-0.002623915672302246,-0.004068255424499512,0.004068255424499512,False,enc_s1,encoder,1,10,0.008167376415804029,0.0055654451716691256,0.005820848932489753,0.0038242224836722016,0.4592654040221184,0.6145169220188867
netherlands_2020-12-27T12:00:00,netherlands,local,low_near,t1,q850_trace,precip_zwd,q850,64.97747747747748,346.00271099764456,7.220296538434923e-07,1.0,850,0.0,0.05765485001947799,1.0,0.9443478392378737,0.05565216076212633,3.5321898460388184,3.5254976749420166,3.530745506286621,-0.006692171096801758,-0.0014443397521972656,-0.002623915672302246,-0.004068255424499512,0.004068255424499512,False,enc_s2,encoder,2,8,0.003215890232240781,0.0022900340263731778,0.002309770410647616,0.0015678352501709014,0.40116029422492056,0.5957380975429485
netherlands_2020-12-27T12:00:00,netherlands,local,low_near,t1,q850_trace,precip_zwd,q850,64.97747747747748,346.00271099764456,7.220296538434923e-07,1.0,850,0.0,0.05765485001947799,1.0,0.9443478392378737,0.05565216076212633,3.5321898460388184,3.5254976749420166,3.530745506286621,-0.006692171096801758,-0.0014443397521972656,-0.002623915672302246,-0.004068255424499512,0.004068255424499512,False,dec_s0,decoder,0,8,0.004284674039809033,0.003140301239909604,0.003062759613385424,0.0021749666339019313,0.3601825998978972,0.5850449750567315
netherlands_2020-12-27T12:00:00,netherlands,local,low_near,t1,q850_trace,precip_zwd,q850,64.97747747747748,346.00271099764456,7.220296538434923e-07,1.0,850,0.0,0.05765485001947799,1.0,0.9443478392378737,0.05565216076212633,3.5321898460388184,3.5254976749420166,3.530745506286621,-0.006692171096801758,-0.0014443397521972656,-0.002623915672302246,-0.004068255424499512,0.004068255424499512,False,dec_s1,decoder,1,10,0.004974925145506859,0.005360219185240567,0.004100594506599009,0.0031520185060799123,0.2819678733736629,0.5658765864793172
netherlands_2020-12-27T12:00:00,netherlands,local,low_near,t1,q850_trace,precip_zwd,q850,64.97747747747748,346.00271099764456,7.220296538434923e-07,1.0,850,0.0,0.05765485001947799,1.0,0.9443478392378737,0.05565216076212633,3.5321898460388184,3.5254976749420166,3.530745506286621,-0.006692171096801758,-0.0014443397521972656,-0.002623915672302246,-0.004068255424499512,0.004068255424499512,False,dec_s2,decoder,2,6,0.014030965355535349,0.016415946185588837,0.012801317498087883,0.00832476063321034,0.475481244628307,0.6060011334148394
netherlands_2020-12-27T12:00:00,netherlands,synoptic,hotspot,t1,q850_trace,precip_zwd,q850,49.97747747747748,3.502710997644563,9.8186828836333e-05,1.0,850,0.0,0.07701211513234046,0.9999999168338999,0.9133717782492372,0.08662814578918772,3.5321898460388184,4.0922722816467285,2.609097719192505,0.5600824356079102,-0.9230921268463135,0.7415872812271118,-0.18150484561920166,0.7415872812271118,True,enc_s0,encoder,0,6,0.016337291958431404,0.016683914077778656,0.015765514379988115,0.004921937128528953,0.8255131186067097,0.7616439309695937
netherlands_2020-12-27T12:00:00,netherlands,synoptic,hotspot,t1,q850_trace,precip_zwd,q850,49.97747747747748,3.502710997644563,9.8186828836333e-05,1.0,850,0.0,0.07701211513234046,0.9999999168338999,0.9133717782492372,0.08662814578918772,3.5321898460388184,4.0922722816467285,2.609097719192505,0.5600824356079102,-0.9230921268463135,0.7415872812271118,-0.18150484561920166,0.7415872812271118,True,enc_s1,encoder,1,10,0.013454315345734357,0.010097935795783997,0.010291446838527918,0.005923149571754038,0.547733663885208,0.6421824889088221
netherlands_2020-12-27T12:00:00,netherlands,synoptic,hotspot,t1,q850_trace,precip_zwd,q850,49.97747747747748,3.502710997644563,9.8186828836333e-05,1.0,850,0.0,0.07701211513234046,0.9999999168338999,0.9133717782492372,0.08662814578918772,3.5321898460388184,4.0922722816467285,2.609097719192505,0.5600824356079102,-0.9230921268463135,0.7415872812271118,-0.18150484561920166,0.7415872812271118,True,enc_s2,encoder,2,8,0.005007571191526949,0.004069586924742907,0.0039007870946079493,0.002367052366025746,0.48515057304761217,0.6223747992812874
netherlands_2020-12-27T12:00:00,netherlands,synoptic,hotspot,t1,q850_trace,precip_zwd,q850,49.97747747747748,3.502710997644563,9.8186828836333e-05,1.0,850,0.0,0.07701211513234046,0.9999999168338999,0.9133717782492372,0.08662814578918772,3.5321898460388184,4.0922722816467285,2.609097719192505,0.5600824356079102,-0.9230921268463135,0.7415872812271118,-0.18150484561920166,0.7415872812271118,True,dec_s0,decoder,0,8,0.006607327435631305,0.0055228169658221304,0.005208083020988852,0.00315523668541573,0.485769534316131,0.6227540691256046
netherlands_2020-12-27T12:00:00,netherlands,synoptic,hotspot,t1,q850_trace,precip_zwd,q850,49.97747747747748,3.502710997644563,9.8186828836333e-05,1.0,850,0.0,0.07701211513234046,0.9999999168338999,0.9133717782492372,0.08662814578918772,3.5321898460388184,4.0922722816467285,2.609097719192505,0.5600824356079102,-0.9230921268463135,0.7415872812271118,-0.18150484561920166,0.7415872812271118,True,dec_s1,decoder,1,10,0.007756853615865112,0.008241272903978825,0.006709562754258514,0.004358598473481834,0.45772275263400475,0.6109199863956946
netherlands_2020-12-27T12:00:00,netherlands,synoptic,hotspot,t1,q850_trace,precip_zwd,q850,49.97747747747748,3.502710997644563,9.8186828836333e-05,1.0,850,0.0,0.07701211513234046,0.9999999168338999,0.9133717782492372,0.08662814578918772,3.5321898460388184,4.0922722816467285,2.609097719192505,0.5600824356079102,-0.9230921268463135,0.7415872812271118,-0.18150484561920166,0.7415872812271118,True,dec_s2,decoder,2,6,0.027032266681392986,0.028933802309135597,0.024686215445399284,0.013209755842884382,0.5995930411866571,0.6515382593598178
netherlands_2020-12-27T12:00:00,netherlands,synoptic,low_near,t1,q850_trace,precip_zwd,q850,69.97747747747748,358.50271099764456,6.196584763529245e-06,1.0,850,0.0,0.17359300720748352,1.0,0.7340199781336065,0.2659800218663935,3.5321898460388184,3.523329257965088,3.521878719329834,-0.008860588073730469,-0.010311126708984375,0.0007252693176269531,-0.009585857391357422,0.009585857391357422,False,enc_s0,encoder,0,6,0.029142380071183045,0.023157242375115555,0.024651568072537582,0.009256633619467417,0.7750082622054459,0.7268245495057828
netherlands_2020-12-27T12:00:00,netherlands,synoptic,low_near,t1,q850_trace,precip_zwd,q850,69.97747747747748,358.50271099764456,6.196584763529245e-06,1.0,850,0.0,0.17359300720748352,1.0,0.7340199781336065,0.2659800218663935,3.5321898460388184,3.523329257965088,3.521878719329834,-0.008860588073730469,-0.010311126708984375,0.0007252693176269531,-0.009585857391357422,0.009585857391357422,False,enc_s1,encoder,1,10,0.027770407684147357,0.014830621238797904,0.018236042000353336,0.012718027923256159,0.44602235184986505,0.5960703466547356
netherlands_2020-12-27T12:00:00,netherlands,synoptic,low_near,t1,q850_trace,precip_zwd,q850,69.97747747747748,358.50271099764456,6.196584763529245e-06,1.0,850,0.0,0.17359300720748352,1.0,0.7340199781336065,0.2659800218663935,3.5321898460388184,3.523329257965088,3.521878719329834,-0.008860588073730469,-0.010311126708984375,0.0007252693176269531,-0.009585857391357422,0.009585857391357422,False,enc_s2,encoder,2,8,0.010561064933426678,0.006259551155380905,0.007186462928075343,0.004869637021329254,0.428687751544637,0.5961095602321673
netherlands_2020-12-27T12:00:00,netherlands,synoptic,low_near,t1,q850_trace,precip_zwd,q850,69.97747747747748,358.50271099764456,6.196584763529245e-06,1.0,850,0.0,0.17359300720748352,1.0,0.7340199781336065,0.2659800218663935,3.5321898460388184,3.523329257965088,3.521878719329834,-0.008860588073730469,-0.010311126708984375,0.0007252693176269531,-0.009585857391357422,0.009585857391357422,False,dec_s0,decoder,0,8,0.016865540063008666,0.008494020148646086,0.011015930562280118,0.007547923480160534,0.4541165028070828,0.5931334525018903
netherlands_2020-12-27T12:00:00,netherlands,synoptic,low_near,t1,q850_trace,precip_zwd,q850,69.97747747747748,358.50271099764456,6.196584763529245e-06,1.0,850,0.0,0.17359300720748352,1.0,0.7340199781336065,0.2659800218663935,3.5321898460388184,3.523329257965088,3.521878719329834,-0.008860588073730469,-0.010311126708984375,0.0007252693176269531,-0.009585857391357422,0.009585857391357422,False,dec_s1,decoder,1,10,0.01536541385576129,0.012750315573066473,0.011523876013234258,0.00815938487648964,0.3719853096148056,0.5894039018940552
netherlands_2020-12-27T12:00:00,netherlands,synoptic,low_near,t1,q850_trace,precip_zwd,q850,69.97747747747748,358.50271099764456,6.196584763529245e-06,1.0,850,0.0,0.17359300720748352,1.0,0.7340199781336065,0.2659800218663935,3.5321898460388184,3.523329257965088,3.521878719329834,-0.008860588073730469,-0.010311126708984375,0.0007252693176269531,-0.009585857391357422,0.009585857391357422,False,dec_s2,decoder,2,6,0.04121063773830732,0.03827883116900921,0.034579082702596985,0.019647337806721527,0.536922490608179,0.6377455106010554
new_zealand_alps_2020-12-23T00:00:00,new_zealand_alps,local,hotspot,t1,q850_trace,precip_zwd,q850,-44.02252252252252,168.69000921133608,6.917526479810476e-05,1.0,850,0.0,0.0,0.9999999330458277,0.9999999330458277,0.0,7.511797904968262,8.346501350402832,6.7856597900390625,0.8347034454345703,-0.7261381149291992,0.7804207801818848,0.05428266525268555,0.7804207801818848,True,enc_s0,encoder,0,6,0.006213464308530092,0.005456904182210565,0.005630513342718284,0.0015716066506380837,0.8688028836890349,0.7808784082795458
new_zealand_alps_2020-12-23T00:00:00,new_zealand_alps,local,hotspot,t1,q850_trace,precip_zwd,q850,-44.02252252252252,168.69000921133608,6.917526479810476e-05,1.0,850,0.0,0.0,0.9999999330458277,0.9999999330458277,0.0,7.511797904968262,8.346501350402832,6.7856597900390625,0.8347034454345703,-0.7261381149291992,0.7804207801818848,0.05428266525268555,0.7804207801818848,True,enc_s1,encoder,1,10,0.005770246079191565,0.0036729709710925816,0.004096157709136605,0.0025425838539376855,0.5423904517405691,0.6312684098636752
new_zealand_alps_2020-12-23T00:00:00,new_zealand_alps,local,hotspot,t1,q850_trace,precip_zwd,q850,-44.02252252252252,168.69000921133608,6.917526479810476e-05,1.0,850,0.0,0.0,0.9999999330458277,0.9999999330458277,0.0,7.511797904968262,8.346501350402832,6.7856597900390625,0.8347034454345703,-0.7261381149291992,0.7804207801818848,0.05428266525268555,0.7804207801818848,True,enc_s2,encoder,2,8,0.0025140464422293007,0.0016750593058532104,0.0017716592410579324,0.0011934960057260469,0.41693720277967694,0.5974824002352426
new_zealand_alps_2020-12-23T00:00:00,new_zealand_alps,local,hotspot,t1,q850_trace,precip_zwd,q850,-44.02252252252252,168.69000921133608,6.917526479810476e-05,1.0,850,0.0,0.0,0.9999999330458277,0.9999999330458277,0.0,7.511797904968262,8.346501350402832,6.7856597900390625,0.8347034454345703,-0.7261381149291992,0.7804207801818848,0.05428266525268555,0.7804207801818848,True,dec_s0,decoder,0,8,0.0035110455355606973,0.0024302319361595437,0.002510247752070427,0.0016782327002147213,0.42093949941137143,0.5992876066942481
new_zealand_alps_2020-12-23T00:00:00,new_zealand_alps,local,hotspot,t1,q850_trace,precip_zwd,q850,-44.02252252252252,168.69000921133608,6.917526479810476e-05,1.0,850,0.0,0.0,0.9999999330458277,0.9999999330458277,0.0,7.511797904968262,8.346501350402832,6.7856597900390625,0.8347034454345703,-0.7261381149291992,0.7804207801818848,0.05428266525268555,0.7804207801818848,True,dec_s1,decoder,1,10,0.004610172635875642,0.003987967874854803,0.003508448728825897,0.0025015057530254126,0.32736503578446086,0.5783889752791178
new_zealand_alps_2020-12-23T00:00:00,new_zealand_alps,local,hotspot,t1,q850_trace,precip_zwd,q850,-44.02252252252252,168.69000921133608,6.917526479810476e-05,1.0,850,0.0,0.0,0.9999999330458277,0.9999999330458277,0.0,7.511797904968262,8.346501350402832,6.7856597900390625,0.8347034454345703,-0.7261381149291992,0.7804207801818848,0.05428266525268555,0.7804207801818848,True,dec_s2,decoder,2,6,0.015323822231342396,0.013237512825677792,0.012414590610812107,0.007134499338765939,0.5674367894405964,0.634991378566874
new_zealand_alps_2020-12-23T00:00:00,new_zealand_alps,local,low_near,t1,q850_trace,precip_zwd,q850,-54.02252252252252,153.69000921133608,8.649820983919199e-07,1.0,850,0.0,0.027864195860949546,0.9999998905988052,0.9763587300184188,0.02364116316675796,7.511797904968262,7.508783340454102,7.513406276702881,-0.0030145645141601562,0.0016083717346191406,-0.0023114681243896484,-0.0007030963897705078,0.0023114681243896484,True,enc_s0,encoder,0,6,0.008741146884858608,0.008821706753224134,0.008365105371922255,0.002684243799497684,0.8178917003559475,0.7563827897123493
new_zealand_alps_2020-12-23T00:00:00,new_zealand_alps,local,low_near,t1,q850_trace,precip_zwd,q850,-54.02252252252252,153.69000921133608,8.649820983919199e-07,1.0,850,0.0,0.027864195860949546,0.9999998905988052,0.9763587300184188,0.02364116316675796,7.511797904968262,7.508783340454102,7.513406276702881,-0.0030145645141601562,0.0016083717346191406,-0.0023114681243896484,-0.0007030963897705078,0.0023114681243896484,True,enc_s1,encoder,1,10,0.008036151202395559,0.005208345223218202,0.005654436536133289,0.0036860524327494205,0.4735064625252572,0.6156436842564601
new_zealand_alps_2020-12-23T00:00:00,new_zealand_alps,local,low_near,t1,q850_trace,precip_zwd,q850,-54.02252252252252,153.69000921133608,8.649820983919199e-07,1.0,850,0.0,0.027864195860949546,0.9999998905988052,0.9763587300184188,0.02364116316675796,7.511797904968262,7.508783340454102,7.513406276702881,-0.0030145645141601562,0.0016083717346191406,-0.0023114681243896484,-0.0007030963897705078,0.0023114681243896484,True,enc_s2,encoder,2,8,0.003540203091688454,0.002374864532612264,0.0025306464813183993,0.0016377834981540218,0.4522752306443414,0.6071379141852806
new_zealand_alps_2020-12-23T00:00:00,new_zealand_alps,local,low_near,t1,q850_trace,precip_zwd,q850,-54.02252252252252,153.69000921133608,8.649820983919199e-07,1.0,850,0.0,0.027864195860949546,0.9999998905988052,0.9763587300184188,0.02364116316675796,7.511797904968262,7.508783340454102,7.513406276702881,-0.0030145645141601562,0.0016083717346191406,-0.0023114681243896484,-0.0007030963897705078,0.0023114681243896484,True,dec_s0,decoder,0,8,0.0045939902192913,0.0030947975465096533,0.003248266759328544,0.0021889431664021686,0.4173998323195507,0.597404768110747
new_zealand_alps_2020-12-23T00:00:00,new_zealand_alps,local,low_near,t1,q850_trace,precip_zwd,q850,-54.02252252252252,153.69000921133608,8.649820983919199e-07,1.0,850,0.0,0.027864195860949546,0.9999998905988052,0.9763587300184188,0.02364116316675796,7.511797904968262,7.508783340454102,7.513406276702881,-0.0030145645141601562,0.0016083717346191406,-0.0023114681243896484,-0.0007030963897705078,0.0023114681243896484,True,dec_s1,decoder,1,10,0.005697598587721587,0.0052759865764528515,0.004479042417369783,0.0031738365651108325,0.37273034406198374,0.5895623508283377
new_zealand_alps_2020-12-23T00:00:00,new_zealand_alps,local,low_near,t1,q850_trace,precip_zwd,q850,-54.02252252252252,153.69000921133608,8.649820983919199e-07,1.0,850,0.0,0.027864195860949546,0.9999998905988052,0.9763587300184188,0.02364116316675796,7.511797904968262,7.508783340454102,7.513406276702881,-0.0030145645141601562,0.0016083717346191406,-0.0023114681243896484,-0.0007030963897705078,0.0023114681243896484,True,dec_s2,decoder,2,6,0.017340026174982388,0.016894979402422905,0.014979975142826637,0.00828605331480503,0.5909814306914712,0.643903226311339
new_zealand_alps_2020-12-23T00:00:00,new_zealand_alps,synoptic,hotspot,t1,q850_trace,precip_zwd,q850,-41.52252252252252,168.69000921133608,0.00014061319234315306,1.0,850,0.0,0.0017371510722415239,1.0,0.9985087234161214,0.0014912765838786437,7.511797904968262,8.673608779907227,6.391809940338135,1.1618108749389648,-1.119987964630127,1.140899419784546,0.020911455154418945,1.140899419784546,True,enc_s0,encoder,0,6,0.014458483550697565,0.013175850113232931,0.013432441434512535,0.0032935193351780376,0.8920704423596879,0.8022079620046293
new_zealand_alps_2020-12-23T00:00:00,new_zealand_alps,synoptic,hotspot,t1,q850_trace,precip_zwd,q850,-41.52252252252252,168.69000921133608,0.00014061319234315306,1.0,850,0.0,0.0017371510722415239,1.0,0.9985087234161214,0.0014912765838786437,7.511797904968262,8.673608779907227,6.391809940338135,1.1618108749389648,-1.119987964630127,1.140899419784546,0.020911455154418945,1.140899419784546,True,enc_s1,encoder,1,10,0.01150555070489645,0.00775541509501636,0.008682069508358837,0.004532352369278669,0.6436786195323989,0.6657218224366341
new_zealand_alps_2020-12-23T00:00:00,new_zealand_alps,synoptic,hotspot,t1,q850_trace,precip_zwd,q850,-41.52252252252252,168.69000921133608,0.00014061319234315306,1.0,850,0.0,0.0017371510722415239,1.0,0.9985087234161214,0.0014912765838786437,7.511797904968262,8.673608779907227,6.391809940338135,1.1618108749389648,-1.119987964630127,1.140899419784546,0.020911455154418945,1.140899419784546,True,enc_s2,encoder,2,8,0.004892096214462072,0.0033794304181355983,0.0036589274823199958,0.00207100179977715,0.5642789439126769,0.6385702567522201
new_zealand_alps_2020-12-23T00:00:00,new_zealand_alps,synoptic,hotspot,t1,q850_trace,precip_zwd,q850,-41.52252252252252,168.69000921133608,0.00014061319234315306,1.0,850,0.0,0.0017371510722415239,1.0,0.9985087234161214,0.0014912765838786437,7.511797904968262,8.673608779907227,6.391809940338135,1.1618108749389648,-1.119987964630127,1.140899419784546,0.020911455154418945,1.140899419784546,True,dec_s0,decoder,0,8,0.00653598178178072,0.0045071051572449505,0.004884877824224532,0.002766782359685749,0.5660299551425931,0.6383353575290982
new_zealand_alps_2020-12-23T00:00:00,new_zealand_alps,synoptic,hotspot,t1,q850_trace,precip_zwd,q850,-41.52252252252252,168.69000921133608,0.00014061319234315306,1.0,850,0.0,0.0017371510722415239,1.0,0.9985087234161214,0.0014912765838786437,7.511797904968262,8.673608779907227,6.391809940338135,1.1618108749389648,-1.119987964630127,1.140899419784546,0.020911455154418945,1.140899419784546,True,dec_s1,decoder,1,10,0.008119503827765584,0.006960835424251854,0.006590257934294641,0.003708206838928163,0.5712603670574046,0.6427408123418072
new_zealand_alps_2020-12-23T00:00:00,new_zealand_alps,synoptic,hotspot,t1,q850_trace,precip_zwd,q850,-41.52252252252252,168.69000921133608,0.00014061319234315306,1.0,850,0.0,0.0017371510722415239,1.0,0.9985087234161214,0.0014912765838786437,7.511797904968262,8.673608779907227,6.391809940338135,1.1618108749389648,-1.119987964630127,1.140899419784546,0.020911455154418945,1.140899419784546,True,dec_s2,decoder,2,6,0.02945993561297655,0.026132140929500263,0.025361230907340843,0.01149769127368927,0.7008915558765163,0.6881091361306968
new_zealand_alps_2020-12-23T00:00:00,new_zealand_alps,synoptic,low_near,t1,q850_trace,precip_zwd,q850,-61.52252252252252,168.69000921133608,6.812769242969807e-06,1.0,850,0.0,0.05104881769641495,1.0,0.9463936327269763,0.0536063672730237,7.511797904968262,7.523102283477783,7.503749370574951,0.011304378509521484,-0.008048534393310547,0.009676456451416016,0.0016279220581054688,0.009676456451416016,True,enc_s0,encoder,0,6,0.024003022350370884,0.02444949746131897,0.02314063875625531,0.007210917072370648,0.8251555951534911,0.761914057835246
new_zealand_alps_2020-12-23T00:00:00,new_zealand_alps,synoptic,low_near,t1,q850_trace,precip_zwd,q850,-61.52252252252252,168.69000921133608,6.812769242969807e-06,1.0,850,0.0,0.05104881769641495,1.0,0.9463936327269763,0.0536063672730237,7.511797904968262,7.523102283477783,7.503749370574951,0.011304378509521484,-0.008048534393310547,0.009676456451416016,0.0016279220581054688,0.009676456451416016,True,enc_s1,encoder,1,10,0.02086021061986685,0.014126564096659421,0.01513011623173952,0.009323031501844525,0.5062013842726845,0.626705765101949
new_zealand_alps_2020-12-23T00:00:00,new_zealand_alps,synoptic,low_near,t1,q850_trace,precip_zwd,q850,-61.52252252252252,168.69000921133608,6.812769242969807e-06,1.0,850,0.0,0.05104881769641495,1.0,0.9463936327269763,0.0536063672730237,7.511797904968262,7.523102283477783,7.503749370574951,0.011304378509521484,-0.008048534393310547,0.009676456451416016,0.0016279220581054688,0.009676456451416016,True,enc_s2,encoder,2,8,0.009545208886265755,0.006557188695296645,0.0069781633210368454,0.004284741764422506,0.49067051872331374,0.6196056126452136
new_zealand_alps_2020-12-23T00:00:00,new_zealand_alps,synoptic,low_near,t1,q850_trace,precip_zwd,q850,-61.52252252252252,168.69000921133608,6.812769242969807e-06,1.0,850,0.0,0.05104881769641495,1.0,0.9463936327269763,0.0536063672730237,7.511797904968262,7.523102283477783,7.503749370574951,0.011304378509521484,-0.008048534393310547,0.009676456451416016,0.0016279220581054688,0.009676456451416016,True,dec_s0,decoder,0,8,0.012492405599914491,0.008538233523722738,0.009133359417319298,0.005573161062784493,0.49688999021255387,0.6207287449824843
new_zealand_alps_2020-12-23T00:00:00,new_zealand_alps,synoptic,low_near,t1,q850_trace,precip_zwd,q850,-61.52252252252252,168.69000921133608,6.812769242969807e-06,1.0,850,0.0,0.05104881769641495,1.0,0.9463936327269763,0.0536063672730237,7.511797904968262,7.523102283477783,7.503749370574951,0.011304378509521484,-0.008048534393310547,0.009676456451416016,0.0016279220581054688,0.009676456451416016,True,dec_s1,decoder,1,10,0.013996216841042042,0.013082582317292691,0.011500722588971257,0.007119717239402234,0.4957281965113293,0.6288274042497133
new_zealand_alps_2020-12-23T00:00:00,new_zealand_alps,synoptic,low_near,t1,q850_trace,precip_zwd,q850,-61.52252252252252,168.69000921133608,6.812769242969807e-06,1.0,850,0.0,0.05104881769641495,1.0,0.9463936327269763,0.0536063672730237,7.511797904968262,7.523102283477783,7.503749370574951,0.011304378509521484,-0.008048534393310547,0.009676456451416016,0.0016279220581054688,0.009676456451416016,True,dec_s2,decoder,2,6,0.044193979973594345,0.0491158893952767,0.04270732899506887,0.018940764168898266,0.6908324201670485,0.6929464555986377
pacific_nw_coast_2020-10-10T12:00:00,pacific_nw_coast,local,hotspot,t1,q850_trace,precip_zwd,q850,45.47747747747748,234.36670733333705,7.029702828731388e-05,1.0,850,0.0,0.0,0.9999998694208252,0.9999999347104126,6.528959165734821e-08,4.58175802230835,5.563539981842041,3.7148854732513428,0.9817819595336914,-0.8668725490570068,0.9243272542953491,0.057454705238342285,0.9243272542953491,True,enc_s0,encoder,0,6,0.00667004263959825,0.006372330787902077,0.006267035923277338,0.0018068228770668309,0.8548434840273239,0.7752470147123245
pacific_nw_coast_2020-10-10T12:00:00,pacific_nw_coast,local,hotspot,t1,q850_trace,precip_zwd,q850,45.47747747747748,234.36670733333705,7.029702828731388e-05,1.0,850,0.0,0.0,0.9999998694208252,0.9999999347104126,6.528959165734821e-08,4.58175802230835,5.563539981842041,3.7148854732513428,0.9817819595336914,-0.8668725490570068,0.9243272542953491,0.057454705238342285,0.9243272542953491,True,enc_s1,encoder,1,10,0.005803784774616361,0.004267274239100516,0.0043000939534977075,0.0026931128813885152,0.5101416128446068,0.6300231217577134
pacific_nw_coast_2020-10-10T12:00:00,pacific_nw_coast,local,hotspot,t1,q850_trace,precip_zwd,q850,45.47747747747748,234.36670733333705,7.029702828731388e-05,1.0,850,0.0,0.0,0.9999998694208252,0.9999999347104126,6.528959165734821e-08,4.58175802230835,5.563539981842041,3.7148854732513428,0.9817819595336914,-0.8668725490570068,0.9243272542953491,0.057454705238342285,0.9243272542953491,True,enc_s2,encoder,2,8,0.002154596266336739,0.0017939809331437573,0.001637912733713165,0.001117012812756002,0.38200640571896144,0.5945277433410648
pacific_nw_coast_2020-10-10T12:00:00,pacific_nw_coast,local,hotspot,t1,q850_trace,precip_zwd,q850,45.47747747747748,234.36670733333705,7.029702828731388e-05,1.0,850,0.0,0.0,0.9999998694208252,0.9999999347104126,6.528959165734821e-08,4.58175802230835,5.563539981842041,3.7148854732513428,0.9817819595336914,-0.8668725490570068,0.9243272542953491,0.057454705238342285,0.9243272542953491,True,dec_s0,decoder,0,8,0.0029070496966596693,0.002585687761893496,0.0022695237421430647,0.0015549781237496063,0.3778880045313847,0.5937425814101913
pacific_nw_coast_2020-10-10T12:00:00,pacific_nw_coast,local,hotspot,t1,q850_trace,precip_zwd,q850,45.47747747747748,234.36670733333705,7.029702828731388e-05,1.0,850,0.0,0.0,0.9999998694208252,0.9999999347104126,6.528959165734821e-08,4.58175802230835,5.563539981842041,3.7148854732513428,0.9817819595336914,-0.8668725490570068,0.9243272542953491,0.057454705238342285,0.9243272542953491,True,dec_s1,decoder,1,10,0.003801828087307513,0.003999175946228206,0.002983799250796437,0.002513989829458296,0.17603896039807387,0.5416786363059044
pacific_nw_coast_2020-10-10T12:00:00,pacific_nw_coast,local,hotspot,t1,q850_trace,precip_zwd,q850,45.47747747747748,234.36670733333705,7.029702828731388e-05,1.0,850,0.0,0.0,0.9999998694208252,0.9999999347104126,6.528959165734821e-08,4.58175802230835,5.563539981842041,3.7148854732513428,0.9817819595336914,-0.8668725490570068,0.9243272542953491,0.057454705238342285,0.9243272542953491,True,dec_s2,decoder,2,6,0.012110518757253885,0.012798986863344908,0.010269091619799534,0.0070558405326058464,0.40866572699873815,0.5927603218402423
pacific_nw_coast_2020-10-10T12:00:00,pacific_nw_coast,local,low_near,t1,q850_trace,precip_zwd,q850,60.47747747747748,231.86670733333705,7.133359645195014e-07,1.0,850,0.0,0.044391462306993645,1.000000091765404,0.9633342151988653,0.036665873201880014,4.58175802230835,4.576275825500488,4.5839338302612305,-0.005482196807861328,0.0021758079528808594,-0.0038290023803710938,-0.0016531944274902344,0.0038290023803710938,True,enc_s0,encoder,0,6,0.010383036608497301,0.011791513922313849,0.010500253022958836,0.003643868025392294,0.7948464911182674,0.7417765966167286
pacific_nw_coast_2020-10-10T12:00:00,pacific_nw_coast,local,low_near,t1,q850_trace,precip_zwd,q850,60.47747747747748,231.86670733333705,7.133359645195014e-07,1.0,850,0.0,0.044391462306993645,1.000000091765404,0.9633342151988653,0.036665873201880014,4.58175802230835,4.576275825500488,4.5839338302612305,-0.005482196807861328,0.0021758079528808594,-0.0038290023803710938,-0.0016531944274902344,0.0038290023803710938,True,enc_s1,encoder,1,10,0.010252150241285563,0.007544955844059587,0.007498633814975619,0.004934615292586386,0.4531065816594141,0.6153254768169238
pacific_nw_coast_2020-10-10T12:00:00,pacific_nw_coast,local,low_near,t1,q850_trace,precip_zwd,q850,60.47747747747748,231.86670733333705,7.133359645195014e-07,1.0,850,0.0,0.044391462306993645,1.000000091765404,0.9633342151988653,0.036665873201880014,4.58175802230835,4.576275825500488,4.5839338302612305,-0.005482196807861328,0.0021758079528808594,-0.0038290023803710938,-0.0016531944274902344,0.0038290023803710938,True,enc_s2,encoder,2,8,0.004273938830010593,0.003090197598794475,0.003055113018490374,0.0021389865141827613,0.37058678626065283,0.5883023831538992
pacific_nw_coast_2020-10-10T12:00:00,pacific_nw_coast,local,low_near,t1,q850_trace,precip_zwd,q850,60.47747747747748,231.86670733333705,7.133359645195014e-07,1.0,850,0.0,0.044391462306993645,1.000000091765404,0.9633342151988653,0.036665873201880014,4.58175802230835,4.576275825500488,4.5839338302612305,-0.005482196807861328,0.0021758079528808594,-0.0038290023803710938,-0.0016531944274902344,0.0038290023803710938,True,dec_s0,decoder,0,8,0.007206539215985686,0.003948398545617238,0.0045653803390450776,0.003594547597458586,0.28884689902394545,0.5596349913834642
pacific_nw_coast_2020-10-10T12:00:00,pacific_nw_coast,local,low_near,t1,q850_trace,precip_zwd,q850,60.47747747747748,231.86670733333705,7.133359645195014e-07,1.0,850,0.0,0.044391462306993645,1.000000091765404,0.9633342151988653,0.036665873201880014,4.58175802230835,4.576275825500488,4.5839338302612305,-0.005482196807861328,0.0021758079528808594,-0.0038290023803710938,-0.0016531944274902344,0.0038290023803710938,True,dec_s1,decoder,1,10,0.005615389719605446,0.006077935849316418,0.00445540293585509,0.003791220230050385,0.190703404222267,0.5442503304334193
pacific_nw_coast_2020-10-10T12:00:00,pacific_nw_coast,local,low_near,t1,q850_trace,precip_zwd,q850,60.47747747747748,231.86670733333705,7.133359645195014e-07,1.0,850,0.0,0.044391462306993645,1.000000091765404,0.9633342151988653,0.036665873201880014,4.58175802230835,4.576275825500488,4.5839338302612305,-0.005482196807861328,0.0021758079528808594,-0.0038290023803710938,-0.0016531944274902344,0.0038290023803710938,True,dec_s2,decoder,2,6,0.01543539265791575,0.019043760063747566,0.014284522583087286,0.009815415677924951,0.42165278026184017,0.5928825702837915
pacific_nw_coast_2020-10-10T12:00:00,pacific_nw_coast,synoptic,hotspot,t1,q850_trace,precip_zwd,q850,42.97747747747748,234.36670733333705,0.00011783451191149652,1.0,850,0.0,0.010269764175785593,0.9999999053844391,0.9924082366251916,0.007591669477537554,4.58175802230835,5.7297563552856445,3.537440538406372,1.147998332977295,-1.0443174839019775,1.0961579084396362,0.05184042453765869,1.0961579084396362,True,enc_s0,encoder,0,6,0.015232379548251629,0.015062453070034584,0.01463133484746019,0.003916950469526152,0.8676501451901214,0.7878610090600874
pacific_nw_coast_2020-10-10T12:00:00,pacific_nw_coast,synoptic,hotspot,t1,q850_trace,precip_zwd,q850,42.97747747747748,234.36670733333705,0.00011783451191149652,1.0,850,0.0,0.010269764175785593,0.9999999053844391,0.9924082366251916,0.007591669477537554,4.58175802230835,5.7297563552856445,3.537440538406372,1.147998332977295,-1.0443174839019775,1.0961579084396362,0.05184042453765869,1.0961579084396362,True,enc_s1,encoder,1,10,0.011357695888727903,0.009001945005729794,0.009004870150238275,0.00484657222405076,0.5988937484935708,0.6607555889367223
pacific_nw_coast_2020-10-10T12:00:00,pacific_nw_coast,synoptic,hotspot,t1,q850_trace,precip_zwd,q850,42.97747747747748,234.36670733333705,0.00011783451191149652,1.0,850,0.0,0.010269764175785593,0.9999999053844391,0.9924082366251916,0.007591669477537554,4.58175802230835,5.7297563552856445,3.537440538406372,1.147998332977295,-1.0443174839019775,1.0961579084396362,0.05184042453765869,1.0961579084396362,True,enc_s2,encoder,2,8,0.004365819098893553,0.0035862443037331104,0.003455688594840467,0.002004812122322619,0.5215709526407636,0.6328697382090951
pacific_nw_coast_2020-10-10T12:00:00,pacific_nw_coast,synoptic,hotspot,t1,q850_trace,precip_zwd,q850,42.97747747747748,234.36670733333705,0.00011783451191149652,1.0,850,0.0,0.010269764175785593,0.9999999053844391,0.9924082366251916,0.007591669477537554,4.58175802230835,5.7297563552856445,3.537440538406372,1.147998332977295,-1.0443174839019775,1.0961579084396362,0.05184042453765869,1.0961579084396362,True,dec_s0,decoder,0,8,0.0059023387148045,0.004900954954791814,0.004698261676821858,0.0027121393068227917,0.5267645306037836,0.6340525132749087
pacific_nw_coast_2020-10-10T12:00:00,pacific_nw_coast,synoptic,hotspot,t1,q850_trace,precip_zwd,q850,42.97747747747748,234.36670733333705,0.00011783451191149652,1.0,850,0.0,0.010269764175785593,0.9999999053844391,0.9924082366251916,0.007591669477537554,4.58175802230835,5.7297563552856445,3.537440538406372,1.147998332977295,-1.0443174839019775,1.0961579084396362,0.05184042453765869,1.0961579084396362,True,dec_s1,decoder,1,10,0.007306892704218626,0.00725297718308866,0.006175443227402866,0.0038526988821104167,0.4908567541888146,0.6197016556139056
pacific_nw_coast_2020-10-10T12:00:00,pacific_nw_coast,synoptic,hotspot,t1,q850_trace,precip_zwd,q850,42.97747747747748,234.36670733333705,0.00011783451191149652,1.0,850,0.0,0.010269764175785593,0.9999999053844391,0.9924082366251916,0.007591669477537554,4.58175802230835,5.7297563552856445,3.537440538406372,1.147998332977295,-1.0443174839019775,1.0961579084396362,0.05184042453765869,1.0961579084396362,True,dec_s2,decoder,2,6,0.025517767605682213,0.025720517771939438,0.02296696261813243,0.011351662532736858,0.6604378693610008,0.6692846688438273
pacific_nw_coast_2020-10-10T12:00:00,pacific_nw_coast,synoptic,low_near,t1,q850_trace,precip_zwd,q850,62.97747747747748,229.36670733333705,6.609056072193198e-06,1.0,850,0.0,0.07667005887911608,1.0,0.9170733134680128,0.0829266865319872,4.58175802230835,4.5988311767578125,4.557603359222412,0.01707315444946289,-0.0241546630859375,0.020613908767700195,-0.0035407543182373047,0.020613908767700195,True,enc_s0,encoder,0,6,0.026781342923641205,0.02815549261868,0.02604654182990392,0.008803720275561014,0.7979520923969967,0.7469195251118741
pacific_nw_coast_2020-10-10T12:00:00,pacific_nw_coast,synoptic,low_near,t1,q850_trace,precip_zwd,q850,62.97747747747748,229.36670733333705,6.609056072193198e-06,1.0,850,0.0,0.07667005887911608,1.0,0.9170733134680128,0.0829266865319872,4.58175802230835,4.5988311767578125,4.557603359222412,0.01707315444946289,-0.0241546630859375,0.020613908767700195,-0.0035407543182373047,0.020613908767700195,True,enc_s1,encoder,1,10,0.025550032407045363,0.018040249962359665,0.01824710248038173,0.012334512313827872,0.44824437549065665,0.6117816696216716
pacific_nw_coast_2020-10-10T12:00:00,pacific_nw_coast,synoptic,low_near,t1,q850_trace,precip_zwd,q850,62.97747747747748,229.36670733333705,6.609056072193198e-06,1.0,850,0.0,0.07667005887911608,1.0,0.9170733134680128,0.0829266865319872,4.58175802230835,4.5988311767578125,4.557603359222412,0.01707315444946289,-0.0241546630859375,0.020613908767700195,-0.0035407543182373047,0.020613908767700195,True,enc_s2,encoder,2,8,0.01058249652851373,0.007408155361190438,0.007674950233194977,0.004952888237312436,0.4436243871271831,0.6078282270885851
pacific_nw_coast_2020-10-10T12:00:00,pacific_nw_coast,synoptic,low_near,t1,q850_trace,precip_zwd,q850,62.97747747747748,229.36670733333705,6.609056072193198e-06,1.0,850,0.0,0.07667005887911608,1.0,0.9170733134680128,0.0829266865319872,4.58175802230835,4.5988311767578125,4.557603359222412,0.01707315444946289,-0.0241546630859375,0.020613908767700195,-0.0035407543182373047,0.020613908767700195,True,dec_s0,decoder,0,8,0.018466203357093036,0.009575632750056684,0.012006100849248469,0.008497636357787997,0.41059986425662287,0.5852928280232151
pacific_nw_coast_2020-10-10T12:00:00,pacific_nw_coast,synoptic,low_near,t1,q850_trace,precip_zwd,q850,62.97747747747748,229.36670733333705,6.609056072193198e-06,1.0,850,0.0,0.07667005887911608,1.0,0.9170733134680128,0.0829266865319872,4.58175802230835,4.5988311767578125,4.557603359222412,0.01707315444946289,-0.0241546630859375,0.020613908767700195,-0.0035407543182373047,0.020613908767700195,True,dec_s1,decoder,1,10,0.013824120722711086,0.013886445574462414,0.011249374970793724,0.008074200293049217,0.3583192738047985,0.5885766180704002
pacific_nw_coast_2020-10-10T12:00:00,pacific_nw_coast,synoptic,low_near,t1,q850_trace,precip_zwd,q850,62.97747747747748,229.36670733333705,6.609056072193198e-06,1.0,850,0.0,0.07667005887911608,1.0,0.9170733134680128,0.0829266865319872,4.58175802230835,4.5988311767578125,4.557603359222412,0.01707315444946289,-0.0241546630859375,0.020613908767700195,-0.0035407543182373047,0.020613908767700195,True,dec_s2,decoder,2,6,0.038919465616345406,0.04750564694404602,0.03752565383911133,0.021838906841973465,0.5248133627941095,0.6323873459739565
pampas_2020-01-15T12:00:00,pampas,local,hotspot,t1,q850_trace,precip_zwd,q850,-37.02252252252252,299.67102679969264,0.00022615896887145936,1.0,850,0.0,0.059786607799852835,0.9999999256590032,0.9333698000702968,0.06663013054205667,10.190777778625488,11.380398750305176,9.00497817993164,1.1896209716796875,-1.1857995986938477,1.1877102851867676,0.0019106864929199219,1.1877102851867676,True,enc_s0,encoder,0,6,0.0048099961907913285,0.005020348898445566,0.004755259336282809,0.0012482880265451968,0.8821994466813855,0.791388917232788
pampas_2020-01-15T12:00:00,pampas,local,hotspot,t1,q850_trace,precip_zwd,q850,-37.02252252252252,299.67102679969264,0.00022615896887145936,1.0,850,0.0,0.059786607799852835,0.9999999256590032,0.9333698000702968,0.06663013054205667,10.190777778625488,11.380398750305176,9.00497817993164,1.1896209716796875,-1.1857995986938477,1.1877102851867676,0.0019106864929199219,1.1877102851867676,True,enc_s1,encoder,1,10,0.0031330558238551022,0.0028987772995606063,0.002604966633953154,0.0014547645288985223,0.5865526974648881,0.6679616337365809
pampas_2020-01-15T12:00:00,pampas,local,hotspot,t1,q850_trace,precip_zwd,q850,-37.02252252252252,299.67102679969264,0.00022615896887145936,1.0,850,0.0,0.059786607799852835,0.9999999256590032,0.9333698000702968,0.06663013054205667,10.190777778625488,11.380398750305176,9.00497817993164,1.1896209716796875,-1.1857995986938477,1.1877102851867676,0.0019106864929199219,1.1877102851867676,True,enc_s2,encoder,2,8,0.0013054657320026308,0.00121459030197002,0.001062816081685014,0.0006782854034099728,0.4325559285197239,0.6105521860708392
pampas_2020-01-15T12:00:00,pampas,local,hotspot,t1,q850_trace,precip_zwd,q850,-37.02252252252252,299.67102679969264,0.00022615896887145936,1.0,850,0.0,0.059786607799852835,0.9999999256590032,0.9333698000702968,0.06663013054205667,10.190777778625488,11.380398750305176,9.00497817993164,1.1896209716796875,-1.1857995986938477,1.1877102851867676,0.0019106864929199219,1.1877102851867676,True,dec_s0,decoder,0,8,0.0018483570456737652,0.0017400094075128436,0.0014471960894297808,0.0010613365593599156,0.31306594565779156,0.5781574768053432
pampas_2020-01-15T12:00:00,pampas,local,hotspot,t1,q850_trace,precip_zwd,q850,-37.02252252252252,299.67102679969264,0.00022615896887145936,1.0,850,0.0,0.059786607799852835,0.9999999256590032,0.9333698000702968,0.06663013054205667,10.190777778625488,11.380398750305176,9.00497817993164,1.1896209716796875,-1.1857995986938477,1.1877102851867676,0.0019106864929199219,1.1877102851867676,True,dec_s1,decoder,1,10,0.003319425997324288,0.0030158620211295784,0.0023531003855168818,0.0021240119356662037,0.08190437608655168,0.5194563101788485
pampas_2020-01-15T12:00:00,pampas,local,hotspot,t1,q850_trace,precip_zwd,q850,-37.02252252252252,299.67102679969264,0.00022615896887145936,1.0,850,0.0,0.059786607799852835,0.9999999256590032,0.9333698000702968,0.06663013054205667,10.190777778625488,11.380398750305176,9.00497817993164,1.1896209716796875,-1.1857995986938477,1.1877102851867676,0.0019106864929199219,1.1877102851867676,True,dec_s2,decoder,2,6,0.010977706871926785,0.00986710904786984,0.008640859431276718,0.005854151599730055,0.42522264188530096,0.5961119958301324
pampas_2020-01-15T12:00:00,pampas,local,low_near,t1,q850_trace,precip_zwd,q850,-44.52252252252252,314.67102679969264,4.959940270055085e-06,1.0,850,0.0,0.0,1.0,1.0,0.0,10.190777778625488,10.208372116088867,10.189788818359375,0.017594337463378906,-0.0009889602661132812,0.009291648864746094,0.008302688598632812,0.009291648864746094,True,enc_s0,encoder,0,6,0.005696141393855214,0.005138154840096831,0.005243547571202119,0.001385798347958674,0.8821746904844946,0.7903056057539416
pampas_2020-01-15T12:00:00,pampas,local,low_near,t1,q850_trace,precip_zwd,q850,-44.52252252252252,314.67102679969264,4.959940270055085e-06,1.0,850,0.0,0.0,1.0,1.0,0.0,10.190777778625488,10.208372116088867,10.189788818359375,0.017594337463378906,-0.0009889602661132812,0.009291648864746094,0.008302688598632812,0.009291648864746094,True,enc_s1,encoder,1,10,0.005352242873050273,0.0038758103270083665,0.004009284148924053,0.0023704087419901044,0.5642784064174415,0.644829471082037
pampas_2020-01-15T12:00:00,pampas,local,low_near,t1,q850_trace,precip_zwd,q850,-44.52252252252252,314.67102679969264,4.959940270055085e-06,1.0,850,0.0,0.0,1.0,1.0,0.0,10.190777778625488,10.208372116088867,10.189788818359375,0.017594337463378906,-0.0009889602661132812,0.009291648864746094,0.008302688598632812,0.009291648864746094,True,enc_s2,encoder,2,8,0.002259331551613286,0.001691346289590001,0.001705790142295882,0.0010358136059949175,0.49262247113276436,0.6221952975133771
pampas_2020-01-15T12:00:00,pampas,local,low_near,t1,q850_trace,precip_zwd,q850,-44.52252252252252,314.67102679969264,4.959940270055085e-06,1.0,850,0.0,0.0,1.0,1.0,0.0,10.190777778625488,10.208372116088867,10.189788818359375,0.017594337463378906,-0.0009889602661132812,0.009291648864746094,0.008302688598632812,0.009291648864746094,True,dec_s0,decoder,0,8,0.003111324505880475,0.0024249484995380044,0.0023729416425339878,0.0014661403693025932,0.47500468211541713,0.6184207464657039
pampas_2020-01-15T12:00:00,pampas,local,low_near,t1,q850_trace,precip_zwd,q850,-44.52252252252252,314.67102679969264,4.959940270055085e-06,1.0,850,0.0,0.0,1.0,1.0,0.0,10.190777778625488,10.208372116088867,10.189788818359375,0.017594337463378906,-0.0009889602661132812,0.009291648864746094,0.008302688598632812,0.009291648864746094,True,dec_s1,decoder,1,10,0.004379587387666107,0.0038606676971539855,0.003371594671625644,0.002380247099790722,0.33455900063569943,0.5813667717135896
pampas_2020-01-15T12:00:00,pampas,local,low_near,t1,q850_trace,precip_zwd,q850,-44.52252252252252,314.67102679969264,4.959940270055085e-06,1.0,850,0.0,0.0,1.0,1.0,0.0,10.190777778625488,10.208372116088867,10.189788818359375,0.017594337463378906,-0.0009889602661132812,0.009291648864746094,0.008302688598632812,0.009291648864746094,True,dec_s2,decoder,2,6,0.014327586938937506,0.012605857104063034,0.011761129833757877,0.006615775094057123,0.5812049102032433,0.6399479331379568
pampas_2020-01-15T12:00:00,pampas,synoptic,hotspot,t1,q850_trace,precip_zwd,q850,-37.02252252252252,299.67102679969264,0.00044189963955432177,1.0,850,0.0,0.04090821996551063,1.0,0.9339860197623153,0.06601398023768469,10.190777778625488,11.594496726989746,8.680631637573242,1.4037189483642578,-1.510146141052246,1.456932544708252,-0.05321359634399414,1.456932544708252,True,enc_s0,encoder,0,6,0.012943005034079155,0.01278290105983615,0.012454571047176918,0.003215323823193709,0.8778584261711404,0.7940631256786655
pampas_2020-01-15T12:00:00,pampas,synoptic,hotspot,t1,q850_trace,precip_zwd,q850,-37.02252252252252,299.67102679969264,0.00044189963955432177,1.0,850,0.0,0.04090821996551063,1.0,0.9339860197623153,0.06601398023768469,10.190777778625488,11.594496726989746,8.680631637573242,1.4037189483642578,-1.510146141052246,1.456932544708252,-0.05321359634399414,1.456932544708252,True,enc_s1,encoder,1,10,0.00949460407719016,0.007755779754370451,0.007864043721929193,0.0036068605608306826,0.6931387533047582,0.6955450532832168
pampas_2020-01-15T12:00:00,pampas,synoptic,hotspot,t1,q850_trace,precip_zwd,q850,-37.02252252252252,299.67102679969264,0.00044189963955432177,1.0,850,0.0,0.04090821996551063,1.0,0.9339860197623153,0.06601398023768469,10.190777778625488,11.594496726989746,8.680631637573242,1.4037189483642578,-1.510146141052246,1.456932544708252,-0.05321359634399414,1.456932544708252,True,enc_s2,encoder,2,8,0.0039551162626594305,0.0032463821989949793,0.0032236260594800115,0.0016429283132310957,0.6144653696955094,0.6624379173510314
pampas_2020-01-15T12:00:00,pampas,synoptic,hotspot,t1,q850_trace,precip_zwd,q850,-37.02252252252252,299.67102679969264,0.00044189963955432177,1.0,850,0.0,0.04090821996551063,1.0,0.9339860197623153,0.06601398023768469,10.190777778625488,11.594496726989746,8.680631637573242,1.4037189483642578,-1.510146141052246,1.456932544708252,-0.05321359634399414,1.456932544708252,True,dec_s0,decoder,0,8,0.00568295584525913,0.004777209949679673,0.0046704459527973086,0.0023971320333657786,0.609128568421307,0.6610925809151089
pampas_2020-01-15T12:00:00,pampas,synoptic,hotspot,t1,q850_trace,precip_zwd,q850,-37.02252252252252,299.67102679969264,0.00044189963955432177,1.0,850,0.0,0.04090821996551063,1.0,0.9339860197623153,0.06601398023768469,10.190777778625488,11.594496726989746,8.680631637573242,1.4037189483642578,-1.510146141052246,1.456932544708252,-0.05321359634399414,1.456932544708252,True,dec_s1,decoder,1,10,0.007769321231171489,0.0068487283308058975,0.006362066767178476,0.003627334092743695,0.5494960563842083,0.6378484739961368
pampas_2020-01-15T12:00:00,pampas,synoptic,hotspot,t1,q850_trace,precip_zwd,q850,-37.02252252252252,299.67102679969264,0.00044189963955432177,1.0,850,0.0,0.04090821996551063,1.0,0.9339860197623153,0.06601398023768469,10.190777778625488,11.594496726989746,8.680631637573242,1.4037189483642578,-1.510146141052246,1.456932544708252,-0.05321359634399414,1.456932544708252,True,dec_s2,decoder,2,6,0.028713942505419254,0.024978543631732464,0.024170259945094585,0.011831819855918487,0.6555185040919311,0.6714554903834911
pampas_2020-01-15T12:00:00,pampas,synoptic,low_near,t1,q850_trace,precip_zwd,q850,-52.02252252252252,304.67102679969264,3.6554443795466796e-05,1.0,850,0.0,0.013561741613133477,1.0,0.9955566976049219,0.004443302395078061,10.190777778625488,10.244327545166016,10.132329940795898,0.053549766540527344,-0.058447837829589844,0.055998802185058594,-0.00244903564453125,0.055998802185058594,True,enc_s0,encoder,0,6,0.016425192976991337,0.01777486813565095,0.016388459131121635,0.0049492428079247475,0.83837526797661,0.7676382004927068
pampas_2020-01-15T12:00:00,pampas,synoptic,low_near,t1,q850_trace,precip_zwd,q850,-52.02252252252252,304.67102679969264,3.6554443795466796e-05,1.0,850,0.0,0.013561741613133477,1.0,0.9955566976049219,0.004443302395078061,10.190777778625488,10.244327545166016,10.132329940795898,0.053549766540527344,-0.058447837829589844,0.055998802185058594,-0.00244903564453125,0.055998802185058594,True,enc_s1,encoder,1,10,0.01441482100635767,0.0107964675873518,0.011152194440364837,0.006107957195490598,0.5791755313787057,0.6525764156023037
pampas_2020-01-15T12:00:00,pampas,synoptic,low_near,t1,q850_trace,precip_zwd,q850,-52.02252252252252,304.67102679969264,3.6554443795466796e-05,1.0,850,0.0,0.013561741613133477,1.0,0.9955566976049219,0.004443302395078061,10.190777778625488,10.244327545166016,10.132329940795898,0.053549766540527344,-0.058447837829589844,0.055998802185058594,-0.00244903564453125,0.055998802185058594,True,enc_s2,encoder,2,8,0.006028040603268892,0.004775709589011967,0.004716633236967027,0.002706704632146284,0.5280932428620324,0.6353976416378342
pampas_2020-01-15T12:00:00,pampas,synoptic,low_near,t1,q850_trace,precip_zwd,q850,-52.02252252252252,304.67102679969264,3.6554443795466796e-05,1.0,850,0.0,0.013561741613133477,1.0,0.9955566976049219,0.004443302395078061,10.190777778625488,10.244327545166016,10.132329940795898,0.053549766540527344,-0.058447837829589844,0.055998802185058594,-0.00244903564453125,0.055998802185058594,True,dec_s0,decoder,0,8,0.008039971231482923,0.006563556846231222,0.006434056151192635,0.003530374524416402,0.5590853393584154,0.6454982695444045
pampas_2020-01-15T12:00:00,pampas,synoptic,low_near,t1,q850_trace,precip_zwd,q850,-52.02252252252252,304.67102679969264,3.6554443795466796e-05,1.0,850,0.0,0.013561741613133477,1.0,0.9955566976049219,0.004443302395078061,10.190777778625488,10.244327545166016,10.132329940795898,0.053549766540527344,-0.058447837829589844,0.055998802185058594,-0.00244903564453125,0.055998802185058594,True,dec_s1,decoder,1,10,0.009027379145845772,0.009390625031664967,0.007735599484294653,0.004991506901569664,0.45989695327224733,0.6149405483414496
pampas_2020-01-15T12:00:00,pampas,synoptic,low_near,t1,q850_trace,precip_zwd,q850,-52.02252252252252,304.67102679969264,3.6554443795466796e-05,1.0,850,0.0,0.013561741613133477,1.0,0.9955566976049219,0.004443302395078061,10.190777778625488,10.244327545166016,10.132329940795898,0.053549766540527344,-0.058447837829589844,0.055998802185058594,-0.00244903564453125,0.055998802185058594,True,dec_s2,decoder,2,6,0.029198651512463886,0.03165715436140696,0.027296253480017185,0.013500831245134274,0.6369770281625146,0.6691252444818437
pyrenees_2020-03-02T06:00:00,pyrenees,local,hotspot,t1,q850_trace,precip_zwd,q850,42.72747747747748,0.8288408933144389,7.217795064207166e-05,1.0,850,0.0,0.0,1.0000000683996446,1.0000000683996446,0.0,3.556993007659912,3.870851516723633,3.372405529022217,0.3138585090637207,-0.1845874786376953,0.249222993850708,0.0646355152130127,0.249222993850708,True,enc_s0,encoder,0,6,0.0053742580736676855,0.005320265423506498,0.005174653837457299,0.0013470599660649896,0.8828611044089331,0.7928835265956377
pyrenees_2020-03-02T06:00:00,pyrenees,local,hotspot,t1,q850_trace,precip_zwd,q850,42.72747747747748,0.8288408933144389,7.217795064207166e-05,1.0,850,0.0,0.0,1.0000000683996446,1.0000000683996446,0.0,3.556993007659912,3.870851516723633,3.372405529022217,0.3138585090637207,-0.1845874786376953,0.249222993850708,0.0646355152130127,0.249222993850708,True,enc_s1,encoder,1,10,0.005499194120056927,0.003971502464264631,0.004077790188603103,0.0024806119268760084,0.5380579155992729,0.6391587973442129
pyrenees_2020-03-02T06:00:00,pyrenees,local,hotspot,t1,q850_trace,precip_zwd,q850,42.72747747747748,0.8288408933144389,7.217795064207166e-05,1.0,850,0.0,0.0,1.0000000683996446,1.0000000683996446,0.0,3.556993007659912,3.870851516723633,3.372405529022217,0.3138585090637207,-0.1845874786376953,0.249222993850708,0.0646355152130127,0.249222993850708,True,enc_s2,encoder,2,8,0.0022692931815981865,0.0018044098105747253,0.0017023304244503379,0.0011425041302572936,0.3993541558566108,0.598266168610913
pyrenees_2020-03-02T06:00:00,pyrenees,local,hotspot,t1,q850_trace,precip_zwd,q850,42.72747747747748,0.8288408933144389,7.217795064207166e-05,1.0,850,0.0,0.0,1.0000000683996446,1.0000000683996446,0.0,3.556993007659912,3.870851516723633,3.372405529022217,0.3138585090637207,-0.1845874786376953,0.249222993850708,0.0646355152130127,0.249222993850708,True,dec_s0,decoder,0,8,0.0034250806202180684,0.0029426603578031063,0.0026290123350918293,0.001811954120057635,0.3740777710416259,0.5925379543558587
pyrenees_2020-03-02T06:00:00,pyrenees,local,hotspot,t1,q850_trace,precip_zwd,q850,42.72747747747748,0.8288408933144389,7.217795064207166e-05,1.0,850,0.0,0.0,1.0000000683996446,1.0000000683996446,0.0,3.556993007659912,3.870851516723633,3.372405529022217,0.3138585090637207,-0.1845874786376953,0.249222993850708,0.0646355152130127,0.249222993850708,True,dec_s1,decoder,1,10,0.0036505827214568854,0.0036821425892412663,0.002738401119131595,0.0024375216220505536,0.1111593483593574,0.5265302891517508
pyrenees_2020-03-02T06:00:00,pyrenees,local,hotspot,t1,q850_trace,precip_zwd,q850,42.72747747747748,0.8288408933144389,7.217795064207166e-05,1.0,850,0.0,0.0,1.0000000683996446,1.0000000683996446,0.0,3.556993007659912,3.870851516723633,3.372405529022217,0.3138585090637207,-0.1845874786376953,0.249222993850708,0.0646355152130127,0.249222993850708,True,dec_s2,decoder,2,6,0.01135342459504803,0.011648320592939854,0.009364086048056683,0.006678852175051968,0.3725135252353183,0.5837107481181478
pyrenees_2020-03-02T06:00:00,pyrenees,local,low_near,t1,q850_trace,precip_zwd,q850,57.72747747747748,8.328840893314439,1.4653957123300643e-06,1.0,850,0.0,0.06699446834665028,1.0,0.9108515850987995,0.08914841490120048,3.556993007659912,3.547062397003174,3.5585381984710693,-0.009930610656738281,0.0015451908111572266,-0.005737900733947754,-0.004192709922790527,0.005737900733947754,True,enc_s0,encoder,0,6,0.00995236619686087,0.010009024447451035,0.009397735819220543,0.0033773865240315595,0.775972538653411,0.7351506246673302
pyrenees_2020-03-02T06:00:00,pyrenees,local,low_near,t1,q850_trace,precip_zwd,q850,57.72747747747748,8.328840893314439,1.4653957123300643e-06,1.0,850,0.0,0.06699446834665028,1.0,0.9108515850987995,0.08914841490120048,3.556993007659912,3.547062397003174,3.5585381984710693,-0.009930610656738281,0.0015451908111572266,-0.005737900733947754,-0.004192709922790527,0.005737900733947754,True,enc_s1,encoder,1,10,0.008953457325696945,0.006130819674581289,0.006223044591024518,0.004432322876527906,0.39594042715752475,0.5963245306406804
pyrenees_2020-03-02T06:00:00,pyrenees,local,low_near,t1,q850_trace,precip_zwd,q850,57.72747747747748,8.328840893314439,1.4653957123300643e-06,1.0,850,0.0,0.06699446834665028,1.0,0.9108515850987995,0.08914841490120048,3.556993007659912,3.547062397003174,3.5585381984710693,-0.009930610656738281,0.0015451908111572266,-0.005737900733947754,-0.004192709922790527,0.005737900733947754,True,enc_s2,encoder,2,8,0.004000401444500312,0.0027866000309586525,0.002804588060826063,0.002004466368816793,0.35525056752404305,0.5833577832980381
pyrenees_2020-03-02T06:00:00,pyrenees,local,low_near,t1,q850_trace,precip_zwd,q850,57.72747747747748,8.328840893314439,1.4653957123300643e-06,1.0,850,0.0,0.06699446834665028,1.0,0.9108515850987995,0.08914841490120048,3.556993007659912,3.547062397003174,3.5585381984710693,-0.009930610656738281,0.0015451908111572266,-0.005737900733947754,-0.004192709922790527,0.005737900733947754,True,dec_s0,decoder,0,8,0.005626977712381631,0.003842246427666396,0.0038062781968619674,0.0029538410890381783,0.2778862386077732,0.5633727152110013
pyrenees_2020-03-02T06:00:00,pyrenees,local,low_near,t1,q850_trace,precip_zwd,q850,57.72747747747748,8.328840893314439,1.4653957123300643e-06,1.0,850,0.0,0.06699446834665028,1.0,0.9108515850987995,0.08914841490120048,3.556993007659912,3.547062397003174,3.5585381984710693,-0.009930610656738281,0.0015451908111572266,-0.005737900733947754,-0.004192709922790527,0.005737900733947754,True,dec_s1,decoder,1,10,0.005475921253673732,0.006035361182875931,0.004446254298090935,0.0036685584695078433,0.21852815427795402,0.5507111561481424
pyrenees_2020-03-02T06:00:00,pyrenees,local,low_near,t1,q850_trace,precip_zwd,q850,57.72747747747748,8.328840893314439,1.4653957123300643e-06,1.0,850,0.0,0.06699446834665028,1.0,0.9108515850987995,0.08914841490120048,3.556993007659912,3.547062397003174,3.5585381984710693,-0.009930610656738281,0.0015451908111572266,-0.005737900733947754,-0.004192709922790527,0.005737900733947754,True,dec_s2,decoder,2,6,0.01570424096037944,0.01763996450851361,0.01395029698808988,0.00918001557389895,0.45917602929461093,0.6032105384515621
pyrenees_2020-03-02T06:00:00,pyrenees,synoptic,hotspot,t1,q850_trace,precip_zwd,q850,45.22747747747748,0.8288408933144389,0.0001437571772839874,1.0,850,0.0,0.012760203937917242,1.0,0.9948278459462083,0.005172154053791641,3.556993007659912,4.189274787902832,3.0489320755004883,0.6322817802429199,-0.5080609321594238,0.5701713562011719,0.06211042404174805,0.5701713562011719,True,enc_s0,encoder,0,6,0.016490984087189037,0.01744237480064233,0.016267483588308096,0.0048617476131767035,0.8399405066966854,0.7693296372743309
pyrenees_2020-03-02T06:00:00,pyrenees,synoptic,hotspot,t1,q850_trace,precip_zwd,q850,45.22747747747748,0.8288408933144389,0.0001437571772839874,1.0,850,0.0,0.012760203937917242,1.0,0.9948278459462083,0.005172154053791641,3.556993007659912,4.189274787902832,3.0489320755004883,0.6322817802429199,-0.5080609321594238,0.5701713562011719,0.06211042404174805,0.5701713562011719,True,enc_s1,encoder,1,10,0.014168046694248915,0.010310131590813398,0.010700969770550729,0.006189379026181996,0.5494372791548267,0.6423412264333045
pyrenees_2020-03-02T06:00:00,pyrenees,synoptic,hotspot,t1,q850_trace,precip_zwd,q850,45.22747747747748,0.8288408933144389,0.0001437571772839874,1.0,850,0.0,0.012760203937917242,1.0,0.9948278459462083,0.005172154053791641,3.556993007659912,4.189274787902832,3.0489320755004883,0.6322817802429199,-0.5080609321594238,0.5701713562011719,0.06211042404174805,0.5701713562011719,True,enc_s2,encoder,2,8,0.005864810198545456,0.0044202597928233445,0.004400649340823293,0.002757325244601816,0.4662215405893344,0.6149035754511514
pyrenees_2020-03-02T06:00:00,pyrenees,synoptic,hotspot,t1,q850_trace,precip_zwd,q850,45.22747747747748,0.8288408933144389,0.0001437571772839874,1.0,850,0.0,0.012760203937917242,1.0,0.9948278459462083,0.005172154053791641,3.556993007659912,4.189274787902832,3.0489320755004883,0.6322817802429199,-0.5080609321594238,0.5701713562011719,0.06211042404174805,0.5701713562011719,True,dec_s0,decoder,0,8,0.008517591806594282,0.006498656934127212,0.006373333162628114,0.0040954021096695215,0.444009893830824,0.6089088599191694
pyrenees_2020-03-02T06:00:00,pyrenees,synoptic,hotspot,t1,q850_trace,precip_zwd,q850,45.22747747747748,0.8288408933144389,0.0001437571772839874,1.0,850,0.0,0.012760203937917242,1.0,0.9948278459462083,0.005172154053791641,3.556993007659912,4.189274787902832,3.0489320755004883,0.6322817802429199,-0.5080609321594238,0.5701713562011719,0.06211042404174805,0.5701713562011719,True,dec_s1,decoder,1,10,0.007537715090438724,0.007919155852869153,0.006416815728880465,0.004311046982184053,0.42113322825178523,0.6013636934846195
pyrenees_2020-03-02T06:00:00,pyrenees,synoptic,hotspot,t1,q850_trace,precip_zwd,q850,45.22747747747748,0.8288408933144389,0.0001437571772839874,1.0,850,0.0,0.012760203937917242,1.0,0.9948278459462083,0.005172154053791641,3.556993007659912,4.189274787902832,3.0489320755004883,0.6322817802429199,-0.5080609321594238,0.5701713562011719,0.06211042404174805,0.5701713562011719,True,dec_s2,decoder,2,6,0.02475379065920909,0.027406534180045128,0.023006101759771507,0.012354639048377672,0.6026979156325162,0.6506795913824676
pyrenees_2020-03-02T06:00:00,pyrenees,synoptic,low_near,t1,q850_trace,precip_zwd,q850,60.22747747747748,0.8288408933144389,1.2209363376314286e-05,1.0,850,0.0,0.10947585850761683,0.9999999357835835,0.8648873753222219,0.1351125691378066,3.556993007659912,3.5553596019744873,3.5417747497558594,-0.0016334056854248047,-0.015218257904052734,0.006792426109313965,-0.00842583179473877,0.00842583179473877,False,enc_s0,encoder,0,6,0.023669431917369366,0.02382469518731038,0.022442723934849102,0.007801746483892202,0.786904530362753,0.7416433341003525
pyrenees_2020-03-02T06:00:00,pyrenees,synoptic,low_near,t1,q850_trace,precip_zwd,q850,60.22747747747748,0.8288408933144389,1.2209363376314286e-05,1.0,850,0.0,0.10947585850761683,0.9999999357835835,0.8648873753222219,0.1351125691378066,3.556993007659912,3.5553596019744873,3.5417747497558594,-0.0016334056854248047,-0.015218257904052734,0.006792426109313965,-0.00842583179473877,0.00842583179473877,False,enc_s1,encoder,1,10,0.02076634680852294,0.014686354342848063,0.015022904518991709,0.009831505175679923,0.4616232548778617,0.6145288201630509
pyrenees_2020-03-02T06:00:00,pyrenees,synoptic,low_near,t1,q850_trace,precip_zwd,q850,60.22747747747748,0.8288408933144389,1.2209363376314286e-05,1.0,850,0.0,0.10947585850761683,0.9999999357835835,0.8648873753222219,0.1351125691378066,3.556993007659912,3.5553596019744873,3.5417747497558594,-0.0016334056854248047,-0.015218257904052734,0.006792426109313965,-0.00842583179473877,0.00842583179473877,False,enc_s2,encoder,2,8,0.008948751026764512,0.006472280074376613,0.006566000985912979,0.004227311379509047,0.44383393224715395,0.6085226662604636
pyrenees_2020-03-02T06:00:00,pyrenees,synoptic,low_near,t1,q850_trace,precip_zwd,q850,60.22747747747748,0.8288408933144389,1.2209363376314286e-05,1.0,850,0.0,0.10947585850761683,0.9999999357835835,0.8648873753222219,0.1351125691378066,3.556993007659912,3.5553596019744873,3.5417747497558594,-0.0016334056854248047,-0.015218257904052734,0.006792426109313965,-0.00842583179473877,0.00842583179473877,False,dec_s0,decoder,0,8,0.01320379856042564,0.009305792220402509,0.009587955370079726,0.0062080397037789226,0.44199031354251217,0.6068141075374882
pyrenees_2020-03-02T06:00:00,pyrenees,synoptic,low_near,t1,q850_trace,precip_zwd,q850,60.22747747747748,0.8288408933144389,1.2209363376314286e-05,1.0,850,0.0,0.10947585850761683,0.9999999357835835,0.8648873753222219,0.1351125691378066,3.556993007659912,3.5553596019744873,3.5417747497558594,-0.0016334056854248047,-0.015218257904052734,0.006792426109313965,-0.00842583179473877,0.00842583179473877,False,dec_s1,decoder,1,10,0.011506421165540815,0.012137208925560116,0.009754251083359122,0.006683070072904229,0.40209952852945696,0.5986366069039695
pyrenees_2020-03-02T06:00:00,pyrenees,synoptic,low_near,t1,q850_trace,precip_zwd,q850,60.22747747747748,0.8288408933144389,1.2209363376314286e-05,1.0,850,0.0,0.10947585850761683,0.9999999357835835,0.8648873753222219,0.1351125691378066,3.556993007659912,3.5553596019744873,3.5417747497558594,-0.0016334056854248047,-0.015218257904052734,0.006792426109313965,-0.00842583179473877,0.00842583179473877,False,dec_s2,decoder,2,6,0.03350699692964554,0.03803033009171486,0.031500438849131264,0.01709234124670426,0.5783526320040938,0.6483504763857068
rockies_2020-07-27T00:00:00,rockies,local,hotspot,t1,q850_trace,precip_zwd,q850,39.47747747747748,256.3115539507046,0.00011621142766671255,1.0,850,0.0,0.0,1.0,1.0,0.0,11.64035415649414,12.899468421936035,10.284295082092285,1.2591142654418945,-1.3560590744018555,1.307586669921875,-0.04847240447998047,1.307586669921875,True,enc_s0,encoder,0,6,0.004960683019210895,0.004655410069972277,0.004654077114537358,0.0012118009035475552,0.8849733669488028,0.792325593465249
rockies_2020-07-27T00:00:00,rockies,local,hotspot,t1,q850_trace,precip_zwd,q850,39.47747747747748,256.3115539507046,0.00011621142766671255,1.0,850,0.0,0.0,1.0,1.0,0.0,11.64035415649414,12.899468421936035,10.284295082092285,1.2591142654418945,-1.3560590744018555,1.307586669921875,-0.04847240447998047,1.307586669921875,True,enc_s1,encoder,1,10,0.0036084506893530486,0.003152529359795153,0.0029740281868726017,0.001576085400301963,0.6337079168315402,0.6784071025155809
rockies_2020-07-27T00:00:00,rockies,local,hotspot,t1,q850_trace,precip_zwd,q850,39.47747747747748,256.3115539507046,0.00011621142766671255,1.0,850,0.0,0.0,1.0,1.0,0.0,11.64035415649414,12.899468421936035,10.284295082092285,1.2591142654418945,-1.3560590744018555,1.307586669921875,-0.04847240447998047,1.307586669921875,True,enc_s2,encoder,2,8,0.001657773565966636,0.0014559161645593122,0.0013618077209684998,0.0007612029294250533,0.5433702264461207,0.6414959010246588
rockies_2020-07-27T00:00:00,rockies,local,hotspot,t1,q850_trace,precip_zwd,q850,39.47747747747748,256.3115539507046,0.00011621142766671255,1.0,850,0.0,0.0,1.0,1.0,0.0,11.64035415649414,12.899468421936035,10.284295082092285,1.2591142654418945,-1.3560590744018555,1.307586669921875,-0.04847240447998047,1.307586669921875,True,dec_s0,decoder,0,8,0.0023775914596626535,0.002108619621139951,0.001914971333462745,0.0011750186240533367,0.47535696483058265,0.6208748299002058
rockies_2020-07-27T00:00:00,rockies,local,hotspot,t1,q850_trace,precip_zwd,q850,39.47747747747748,256.3115539507046,0.00011621142766671255,1.0,850,0.0,0.0,1.0,1.0,0.0,11.64035415649414,12.899468421936035,10.284295082092285,1.2591142654418945,-1.3560590744018555,1.307586669921875,-0.04847240447998047,1.307586669921875,True,dec_s1,decoder,1,10,0.0037454475881531835,0.0035061754751950502,0.0028163728304207323,0.002284981682896614,0.19838631913690788,0.5473414281056332
rockies_2020-07-27T00:00:00,rockies,local,hotspot,t1,q850_trace,precip_zwd,q850,39.47747747747748,256.3115539507046,0.00011621142766671255,1.0,850,0.0,0.0,1.0,1.0,0.0,11.64035415649414,12.899468421936035,10.284295082092285,1.2591142654418945,-1.3560590744018555,1.307586669921875,-0.04847240447998047,1.307586669921875,True,dec_s2,decoder,2,6,0.012928026417891184,0.011453378635148207,0.010326592562099298,0.006520612010111411,0.5012147232392464,0.6129389604182679
rockies_2020-07-27T00:00:00,rockies,local,low_near,t1,q850_trace,precip_zwd,q850,51.97747747747748,246.3115539507046,1.5402207509396248e-06,1.0,850,0.0,0.0,0.9999998852906345,0.9999998852906345,0.0,11.64035415649414,11.641833305358887,11.639175415039062,0.0014791488647460938,-0.001178741455078125,0.0013289451599121094,0.00015020370483398438,0.0013289451599121094,True,enc_s0,encoder,0,6,0.006509003384659688,0.006541852218409379,0.006278616841882467,0.0017725779325701296,0.8596454914003817,0.7788151203734563
rockies_2020-07-27T00:00:00,rockies,local,low_near,t1,q850_trace,precip_zwd,q850,51.97747747747748,246.3115539507046,1.5402207509396248e-06,1.0,850,0.0,0.0,0.9999998852906345,0.9999998852906345,0.0,11.64035415649414,11.641833305358887,11.639175415039062,0.0014791488647460938,-0.001178741455078125,0.0013289451599121094,0.00015020370483398438,0.0013289451599121094,True,enc_s1,encoder,1,10,0.004397829808294773,0.0037783859763294457,0.003626696369610727,0.0018500403268262744,0.6411064931072762,0.6823006787112196
rockies_2020-07-27T00:00:00,rockies,local,low_near,t1,q850_trace,precip_zwd,q850,51.97747747747748,246.3115539507046,1.5402207509396248e-06,1.0,850,0.0,0.0,0.9999998852906345,0.9999998852906345,0.0,11.64035415649414,11.641833305358887,11.639175415039062,0.0014791488647460938,-0.001178741455078125,0.0013289451599121094,0.00015020370483398438,0.0013289451599121094,True,enc_s2,encoder,2,8,0.0020756720623467118,0.0016419998282799497,0.0016404385241912678,0.0009006137261167169,0.5709902351603098,0.6456600731606639
rockies_2020-07-27T00:00:00,rockies,local,low_near,t1,q850_trace,precip_zwd,q850,51.97747747747748,246.3115539507046,1.5402207509396248e-06,1.0,850,0.0,0.0,0.9999998852906345,0.9999998852906345,0.0,11.64035415649414,11.641833305358887,11.639175415039062,0.0014791488647460938,-0.001178741455078125,0.0013289451599121094,0.00015020370483398438,0.0013289451599121094,True,dec_s0,decoder,0,8,0.003018733230419457,0.002240426547359675,0.002260917390231043,0.0013967234554002061,0.4906731278436304,0.6193828709525202
rockies_2020-07-27T00:00:00,rockies,local,low_near,t1,q850_trace,precip_zwd,q850,51.97747747747748,246.3115539507046,1.5402207509396248e-06,1.0,850,0.0,0.0,0.9999998852906345,0.9999998852906345,0.0,11.64035415649414,11.641833305358887,11.639175415039062,0.0014791488647460938,-0.001178741455078125,0.0013289451599121094,0.00015020370483398438,0.0013289451599121094,True,dec_s1,decoder,1,10,0.0038037415593862533,0.003439036966301501,0.0028022850630804895,0.0023007491487078368,0.21562768935066817,0.5505881089976028
rockies_2020-07-27T00:00:00,rockies,local,low_near,t1,q850_trace,precip_zwd,q850,51.97747747747748,246.3115539507046,1.5402207509396248e-06,1.0,850,0.0,0.0,0.9999998852906345,0.9999998852906345,0.0,11.64035415649414,11.641833305358887,11.639175415039062,0.0014791488647460938,-0.001178741455078125,0.0013289451599121094,0.00015020370483398438,0.0013289451599121094,True,dec_s2,decoder,2,6,0.012165294960141182,0.012661938400318226,0.010713136134048304,0.006276084575802088,0.5836299923129201,0.6305684156056043
rockies_2020-07-27T00:00:00,rockies,synoptic,hotspot,t1,q850_trace,precip_zwd,q850,41.97747747747748,256.3115539507046,0.00018256761541124433,1.0,850,0.0,0.0035080417397508694,1.0,0.9972586704138106,0.002741329586189406,11.64035415649414,12.938981056213379,10.24244213104248,1.2986268997192383,-1.3979120254516602,1.3482694625854492,-0.04964256286621094,1.3482694625854492,True,enc_s0,encoder,0,6,0.012839649027834335,0.012767607035736242,0.012411614259084066,0.003134335895689825,0.8826148939921206,0.7974676979601912
rockies_2020-07-27T00:00:00,rockies,synoptic,hotspot,t1,q850_trace,precip_zwd,q850,41.97747747747748,256.3115539507046,0.00018256761541124433,1.0,850,0.0,0.0035080417397508694,1.0,0.9972586704138106,0.002741329586189406,11.64035415649414,12.938981056213379,10.24244213104248,1.2986268997192383,-1.3979120254516602,1.3482694625854492,-0.04964256286621094,1.3482694625854492,True,enc_s1,encoder,1,10,0.008726864401251078,0.00751452106051147,0.007510191481560469,0.003107430669479072,0.7476165754548543,0.7190524521867192
rockies_2020-07-27T00:00:00,rockies,synoptic,hotspot,t1,q850_trace,precip_zwd,q850,41.97747747747748,256.3115539507046,0.00018256761541124433,1.0,850,0.0,0.0035080417397508694,1.0,0.9972586704138106,0.002741329586189406,11.64035415649414,12.938981056213379,10.24244213104248,1.2986268997192383,-1.3979120254516602,1.3482694625854492,-0.04964256286621094,1.3482694625854492,True,enc_s2,encoder,2,8,0.0039794116746634245,0.0032179246190935373,0.003284454462118447,0.0015191277780104429,0.6834472456299103,0.6837841367579082
rockies_2020-07-27T00:00:00,rockies,synoptic,hotspot,t1,q850_trace,precip_zwd,q850,41.97747747747748,256.3115539507046,0.00018256761541124433,1.0,850,0.0,0.0035080417397508694,1.0,0.9972586704138106,0.002741329586189406,11.64035415649414,12.938981056213379,10.24244213104248,1.2986268997192383,-1.3979120254516602,1.3482694625854492,-0.04964256286621094,1.3482694625854492,True,dec_s0,decoder,0,8,0.005509369308128953,0.004437351744854823,0.004523915296886116,0.0021342808904591948,0.6766566717569787,0.6798073276473764
rockies_2020-07-27T00:00:00,rockies,synoptic,hotspot,t1,q850_trace,precip_zwd,q850,41.97747747747748,256.3115539507046,0.00018256761541124433,1.0,850,0.0,0.0035080417397508694,1.0,0.9972586704138106,0.002741329586189406,11.64035415649414,12.938981056213379,10.24244213104248,1.2986268997192383,-1.3979120254516602,1.3482694625854492,-0.04964256286621094,1.3482694625854492,True,dec_s1,decoder,1,10,0.007174722105264664,0.006364019005559385,0.005921731446869671,0.0033043887466192245,0.5810952471676374,0.6437053348462816
rockies_2020-07-27T00:00:00,rockies,synoptic,hotspot,t1,q850_trace,precip_zwd,q850,41.97747747747748,256.3115539507046,0.00018256761541124433,1.0,850,0.0,0.0035080417397508694,1.0,0.9972586704138106,0.002741329586189406,11.64035415649414,12.938981056213379,10.24244213104248,1.2986268997192383,-1.3979120254516602,1.3482694625854492,-0.04964256286621094,1.3482694625854492,True,dec_s2,decoder,2,6,0.025452997535467148,0.023370214737951756,0.02215369263043006,0.010306098808844885,0.7066461391574883,0.6825839569529567
rockies_2020-07-27T00:00:00,rockies,synoptic,low_near,t1,q850_trace,precip_zwd,q850,56.97747747747748,256.3115539507046,1.340857761533698e-05,1.0,850,0.0,0.0,0.9999999295229791,0.9999999295229791,0.0,11.64035415649414,11.66831111907959,11.609132766723633,0.02795696258544922,-0.031221389770507812,0.029589176177978516,-0.0016322135925292969,0.029589176177978516,True,enc_s0,encoder,0,6,0.018940478563308716,0.017738638445734978,0.01759477953116099,0.0051925416725377245,0.8412556870469655,0.7709778456692407
rockies_2020-07-27T00:00:00,rockies,synoptic,low_near,t1,q850_trace,precip_zwd,q850,56.97747747747748,256.3115539507046,1.340857761533698e-05,1.0,850,0.0,0.0,0.9999999295229791,0.9999999295229791,0.0,11.64035415649414,11.66831111907959,11.609132766723633,0.02795696258544922,-0.031221389770507812,0.029589176177978516,-0.0016322135925292969,0.029589176177978516,True,enc_s1,encoder,1,10,0.01456072749570012,0.010390626173466444,0.011064202059060335,0.006117091421037913,0.5932787356384875,0.6524409706025627
rockies_2020-07-27T00:00:00,rockies,synoptic,low_near,t1,q850_trace,precip_zwd,q850,56.97747747747748,256.3115539507046,1.340857761533698e-05,1.0,850,0.0,0.0,0.9999999295229791,0.9999999295229791,0.0,11.64035415649414,11.66831111907959,11.609132766723633,0.02795696258544922,-0.031221389770507812,0.029589176177978516,-0.0016322135925292969,0.029589176177978516,True,enc_s2,encoder,2,8,0.006378685648087412,0.0041786880465224385,0.0046744540450163186,0.0026878158969338983,0.5615699969236183,0.6349849682682229
rockies_2020-07-27T00:00:00,rockies,synoptic,low_near,t1,q850_trace,precip_zwd,q850,56.97747747747748,256.3115539507046,1.340857761533698e-05,1.0,850,0.0,0.0,0.9999999295229791,0.9999999295229791,0.0,11.64035415649414,11.66831111907959,11.609132766723633,0.02795696258544922,-0.031221389770507812,0.029589176177978516,-0.0016322135925292969,0.029589176177978516,True,dec_s0,decoder,0,8,0.009116636763792485,0.005354624008759856,0.006409691239241511,0.0038483448734041303,0.5537182541025596,0.6249577712181964
rockies_2020-07-27T00:00:00,rockies,synoptic,low_near,t1,q850_trace,precip_zwd,q850,56.97747747747748,256.3115539507046,1.340857761533698e-05,1.0,850,0.0,0.0,0.9999999295229791,0.9999999295229791,0.0,11.64035415649414,11.66831111907959,11.609132766723633,0.02795696258544922,-0.031221389770507812,0.029589176177978516,-0.0016322135925292969,0.029589176177978516,True,dec_s1,decoder,1,10,0.009063933417201043,0.007680188585072756,0.007252578064799309,0.004235678561963141,0.553259694027417,0.6352604132199402
rockies_2020-07-27T00:00:00,rockies,synoptic,low_near,t1,q850_trace,precip_zwd,q850,56.97747747747748,256.3115539507046,1.340857761533698e-05,1.0,850,0.0,0.0,0.9999999295229791,0.9999999295229791,0.0,11.64035415649414,11.66831111907959,11.609132766723633,0.02795696258544922,-0.031221389770507812,0.029589176177978516,-0.0016322135925292969,0.029589176177978516,True,dec_s2,decoder,2,6,0.0302368833993872,0.03109336147705714,0.02799188904464245,0.012527741647015015,0.7104807954074914,0.6909458565623466
sahara_plain_2020-09-01T06:00:00,sahara_plain,local,hotspot,t1,q850_trace,precip_zwd,q850,29.47747747747748,351.12262293728037,9.714221232570708e-05,1.0,850,0.0,0.00060156406657309,0.9999999189408947,0.9999940826853131,5.836256054710361e-06,11.773598670959473,13.250237464904785,10.102059364318848,1.4766387939453125,-1.671539306640625,1.5740890502929688,-0.09745025634765625,1.5740890502929688,True,enc_s0,encoder,0,6,0.00483629674029847,0.004535780055448413,0.0045316490189482765,0.0012000025211212535,0.8820849910855194,0.7898027950903383
sahara_plain_2020-09-01T06:00:00,sahara_plain,local,hotspot,t1,q850_trace,precip_zwd,q850,29.47747747747748,351.12262293728037,9.714221232570708e-05,1.0,850,0.0,0.00060156406657309,0.9999999189408947,0.9999940826853131,5.836256054710361e-06,11.773598670959473,13.250237464904785,10.102059364318848,1.4766387939453125,-1.671539306640625,1.5740890502929688,-0.09745025634765625,1.5740890502929688,True,enc_s1,encoder,1,10,0.003492312366142869,0.002689659292809665,0.002576937433332205,0.0016729364637285472,0.5141379259200671,0.6435914120132953
sahara_plain_2020-09-01T06:00:00,sahara_plain,local,hotspot,t1,q850_trace,precip_zwd,q850,29.47747747747748,351.12262293728037,9.714221232570708e-05,1.0,850,0.0,0.00060156406657309,0.9999999189408947,0.9999940826853131,5.836256054710361e-06,11.773598670959473,13.250237464904785,10.102059364318848,1.4766387939453125,-1.671539306640625,1.5740890502929688,-0.09745025634765625,1.5740890502929688,True,enc_s2,encoder,2,8,0.001986186733120121,0.0013194686762290075,0.0013879601465305313,0.0009573555435054004,0.3961216702908976,0.5917603365424164
sahara_plain_2020-09-01T06:00:00,sahara_plain,local,hotspot,t1,q850_trace,precip_zwd,q850,29.47747747747748,351.12262293728037,9.714221232570708e-05,1.0,850,0.0,0.00060156406657309,0.9999999189408947,0.9999940826853131,5.836256054710361e-06,11.773598670959473,13.250237464904785,10.102059364318848,1.4766387939453125,-1.671539306640625,1.5740890502929688,-0.09745025634765625,1.5740890502929688,True,dec_s0,decoder,0,8,0.0031497376039624214,0.0021151664259377867,0.0021629802795359865,0.0015863480657571927,0.3378112986857468,0.5779690387669323
sahara_plain_2020-09-01T06:00:00,sahara_plain,local,hotspot,t1,q850_trace,precip_zwd,q850,29.47747747747748,351.12262293728037,9.714221232570708e-05,1.0,850,0.0,0.00060156406657309,0.9999999189408947,0.9999940826853131,5.836256054710361e-06,11.773598670959473,13.250237464904785,10.102059364318848,1.4766387939453125,-1.671539306640625,1.5740890502929688,-0.09745025634765625,1.5740890502929688,True,dec_s1,decoder,1,10,0.004535289853811264,0.0031875995569862424,0.0029403179418295623,0.002593084459658712,0.12158483782803928,0.5272787219047661
sahara_plain_2020-09-01T06:00:00,sahara_plain,local,hotspot,t1,q850_trace,precip_zwd,q850,29.47747747747748,351.12262293728037,9.714221232570708e-05,1.0,850,0.0,0.00060156406657309,0.9999999189408947,0.9999940826853131,5.836256054710361e-06,11.773598670959473,13.250237464904785,10.102059364318848,1.4766387939453125,-1.671539306640625,1.5740890502929688,-0.09745025634765625,1.5740890502929688,True,dec_s2,decoder,2,6,0.016394391966362793,0.010260009672492743,0.011123063197980324,0.007956372573971748,0.40993755848914387,0.5829963519489255
sahara_plain_2020-09-01T06:00:00,sahara_plain,local,low_near,t1,q850_trace,precip_zwd,q850,39.47747747747748,338.62262293728037,2.8684119115496287e-06,1.0,850,0.0,0.07453416149068323,1.0,0.8502438735502849,0.14975612644971514,11.773598670959473,11.773772239685059,11.773407936096191,0.0001735687255859375,-0.00019073486328125,0.00018215179443359375,-8.58306884765625e-06,0.00018215179443359375,True,enc_s0,encoder,0,6,0.004900216435392697,0.004665376385673881,0.004631652884806196,0.0011985082334528367,0.8883031180543809,0.7940151512367581
sahara_plain_2020-09-01T06:00:00,sahara_plain,local,low_near,t1,q850_trace,precip_zwd,q850,39.47747747747748,338.62262293728037,2.8684119115496287e-06,1.0,850,0.0,0.07453416149068323,1.0,0.8502438735502849,0.14975612644971514,11.773598670959473,11.773772239685059,11.773407936096191,0.0001735687255859375,-0.00019073486328125,0.00018215179443359375,-8.58306884765625e-06,0.00018215179443359375,True,enc_s1,encoder,1,10,0.002924412791617215,0.0027024121256545184,0.002348132897168398,0.0014643136179074644,0.5212626406239467,0.6483867820593299
sahara_plain_2020-09-01T06:00:00,sahara_plain,local,low_near,t1,q850_trace,precip_zwd,q850,39.47747747747748,338.62262293728037,2.8684119115496287e-06,1.0,850,0.0,0.07453416149068323,1.0,0.8502438735502849,0.14975612644971514,11.773598670959473,11.773772239685059,11.773407936096191,0.0001735687255859375,-0.00019073486328125,0.00018215179443359375,-8.58306884765625e-06,0.00018215179443359375,True,enc_s2,encoder,2,8,0.0014352303114719689,0.001312188382144086,0.0011585608444875106,0.0007404552234220318,0.4336797722416582,0.610339222371707
sahara_plain_2020-09-01T06:00:00,sahara_plain,local,low_near,t1,q850_trace,precip_zwd,q850,39.47747747747748,338.62262293728037,2.8684119115496287e-06,1.0,850,0.0,0.07453416149068323,1.0,0.8502438735502849,0.14975612644971514,11.773598670959473,11.773772239685059,11.773407936096191,0.0001735687255859375,-0.00019073486328125,0.00018215179443359375,-8.58306884765625e-06,0.00018215179443359375,True,dec_s0,decoder,0,8,0.0020074186177225783,0.0018726375710684806,0.0014813553425483406,0.0012524992125690915,0.17968912302349566,0.544045230989793
sahara_plain_2020-09-01T06:00:00,sahara_plain,local,low_near,t1,q850_trace,precip_zwd,q850,39.47747747747748,338.62262293728037,2.8684119115496287e-06,1.0,850,0.0,0.07453416149068323,1.0,0.8502438735502849,0.14975612644971514,11.773598670959473,11.773772239685059,11.773407936096191,0.0001735687255859375,-0.00019073486328125,0.00018215179443359375,-8.58306884765625e-06,0.00018215179443359375,True,dec_s1,decoder,1,10,0.0033877431182190777,0.0031480007455684245,0.0023890892043709755,0.002232117287348956,0.06763065539356802,0.5159194113434805
sahara_plain_2020-09-01T06:00:00,sahara_plain,local,low_near,t1,q850_trace,precip_zwd,q850,39.47747747747748,338.62262293728037,2.8684119115496287e-06,1.0,850,0.0,0.07453416149068323,1.0,0.8502438735502849,0.14975612644971514,11.773598670959473,11.773772239685059,11.773407936096191,0.0001735687255859375,-0.00019073486328125,0.00018215179443359375,-8.58306884765625e-06,0.00018215179443359375,True,dec_s2,decoder,2,6,0.012166550693412622,0.010736734761546055,0.009854502820720276,0.005876784135277073,0.5705936239065398,0.6262425117098844
sahara_plain_2020-09-01T06:00:00,sahara_plain,synoptic,hotspot,t1,q850_trace,precip_zwd,q850,31.97747747747748,351.12262293728037,0.00018687859119381756,1.0,850,0.0,0.032484486792580786,1.0,0.9184410132512141,0.08155898674878596,11.773598670959473,13.371481895446777,9.94334602355957,1.5978832244873047,-1.8302526473999023,1.7140679359436035,-0.11618471145629883,1.7140679359436035,True,enc_s0,encoder,0,6,0.01188633389150103,0.011087652606268724,0.011098757541428009,0.0029866290278732777,0.8714463281283781,0.7875268267729753
sahara_plain_2020-09-01T06:00:00,sahara_plain,synoptic,hotspot,t1,q850_trace,precip_zwd,q850,31.97747747747748,351.12262293728037,0.00018687859119381756,1.0,850,0.0,0.032484486792580786,1.0,0.9184410132512141,0.08155898674878596,11.773598670959473,13.371481895446777,9.94334602355957,1.5978832244873047,-1.8302526473999023,1.7140679359436035,-0.11618471145629883,1.7140679359436035,True,enc_s1,encoder,1,10,0.006480858847498894,0.005717930477112531,0.005446956912055612,0.002657706441823393,0.6610788305584527,0.6912337925169137
sahara_plain_2020-09-01T06:00:00,sahara_plain,synoptic,hotspot,t1,q850_trace,precip_zwd,q850,31.97747747747748,351.12262293728037,0.00018687859119381756,1.0,850,0.0,0.032484486792580786,1.0,0.9184410132512141,0.08155898674878596,11.773598670959473,13.371481895446777,9.94334602355957,1.5978832244873047,-1.8302526473999023,1.7140679359436035,-0.11618471145629883,1.7140679359436035,True,enc_s2,encoder,2,8,0.003392248705495149,0.0026193131925538182,0.002685160841792822,0.001405016242642887,0.6096201765861936,0.6565500652677627
sahara_plain_2020-09-01T06:00:00,sahara_plain,synoptic,hotspot,t1,q850_trace,precip_zwd,q850,31.97747747747748,351.12262293728037,0.00018687859119381756,1.0,850,0.0,0.032484486792580786,1.0,0.9184410132512141,0.08155898674878596,11.773598670959473,13.371481895446777,9.94334602355957,1.5978832244873047,-1.8302526473999023,1.7140679359436035,-0.11618471145629883,1.7140679359436035,True,dec_s0,decoder,0,8,0.005104266863781959,0.003918030415661633,0.004000098793767393,0.0021677810727851465,0.5860220640032934,0.6490429441172066
sahara_plain_2020-09-01T06:00:00,sahara_plain,synoptic,hotspot,t1,q850_trace,precip_zwd,q850,31.97747747747748,351.12262293728037,0.00018687859119381756,1.0,850,0.0,0.032484486792580786,1.0,0.9184410132512141,0.08155898674878596,11.773598670959473,13.371481895446777,9.94334602355957,1.5978832244873047,-1.8302526473999023,1.7140679359436035,-0.11618471145629883,1.7140679359436035,True,dec_s1,decoder,1,10,0.006937451940029859,0.005040014558471739,0.005110525246709585,0.0032658156473189593,0.48292670539959576,0.6122156744767396
sahara_plain_2020-09-01T06:00:00,sahara_plain,synoptic,hotspot,t1,q850_trace,precip_zwd,q850,31.97747747747748,351.12262293728037,0.00018687859119381756,1.0,850,0.0,0.032484486792580786,1.0,0.9184410132512141,0.08155898674878596,11.773598670959473,13.371481895446777,9.94334602355957,1.5978832244873047,-1.8302526473999023,1.7140679359436035,-0.11618471145629883,1.7140679359436035,True,dec_s2,decoder,2,6,0.026779403289159138,0.019306040989855926,0.020715564178923767,0.010760942474007607,0.6721304143995992,0.6582078856517589
sahara_plain_2020-09-01T06:00:00,sahara_plain,synoptic,low_near,t1,q850_trace,precip_zwd,q850,46.97747747747748,351.12262293728037,2.2283971702563576e-05,1.0,850,0.0,0.03154677436961031,1.0,0.9564037378586037,0.04359626214139634,11.773598670959473,11.789190292358398,11.75011157989502,0.015591621398925781,-0.023487091064453125,0.019539356231689453,-0.003947734832763672,0.019539356231689453,True,enc_s0,encoder,0,6,0.016069714756061632,0.015752325144906838,0.015375277027487755,0.004096374846994877,0.8695117777289099,0.7888864192939383
sahara_plain_2020-09-01T06:00:00,sahara_plain,synoptic,low_near,t1,q850_trace,precip_zwd,q850,46.97747747747748,351.12262293728037,2.2283971702563576e-05,1.0,850,0.0,0.03154677436961031,1.0,0.9564037378586037,0.04359626214139634,11.773598670959473,11.789190292358398,11.75011157989502,0.015591621398925781,-0.023487091064453125,0.019539356231689453,-0.003947734832763672,0.019539356231689453,True,enc_s1,encoder,1,10,0.010596201848238706,0.008372144494205713,0.008443001052364707,0.004386163828894496,0.6294137732120717,0.6716085299008957
sahara_plain_2020-09-01T06:00:00,sahara_plain,synoptic,low_near,t1,q850_trace,precip_zwd,q850,46.97747747747748,351.12262293728037,2.2283971702563576e-05,1.0,850,0.0,0.03154677436961031,1.0,0.9564037378586037,0.04359626214139634,11.773598670959473,11.789190292358398,11.75011157989502,0.015591621398925781,-0.023487091064453125,0.019539356231689453,-0.003947734832763672,0.019539356231689453,True,enc_s2,encoder,2,8,0.004688011307734996,0.0034254234342370182,0.0036338810168672353,0.001910520499222912,0.6139466805426141,0.6555463899995327
sahara_plain_2020-09-01T06:00:00,sahara_plain,synoptic,low_near,t1,q850_trace,precip_zwd,q850,46.97747747747748,351.12262293728037,2.2283971702563576e-05,1.0,850,0.0,0.03154677436961031,1.0,0.9564037378586037,0.04359626214139634,11.773598670959473,11.789190292358398,11.75011157989502,0.015591621398925781,-0.023487091064453125,0.019539356231689453,-0.003947734832763672,0.019539356231689453,True,dec_s0,decoder,0,8,0.006712376663926989,0.004536480351816863,0.004966684617102146,0.0028547104739118367,0.563830052464865,0.6351746446503888
sahara_plain_2020-09-01T06:00:00,sahara_plain,synoptic,low_near,t1,q850_trace,precip_zwd,q850,46.97747747747748,351.12262293728037,2.2283971702563576e-05,1.0,850,0.0,0.03154677436961031,1.0,0.9564037378586037,0.04359626214139634,11.773598670959473,11.789190292358398,11.75011157989502,0.015591621398925781,-0.023487091064453125,0.019539356231689453,-0.003947734832763672,0.019539356231689453,True,dec_s1,decoder,1,10,0.007548870565369725,0.006550960312597454,0.006135578732937574,0.0035046578850597143,0.5719346299955117,0.6400631605270639
sahara_plain_2020-09-01T06:00:00,sahara_plain,synoptic,low_near,t1,q850_trace,precip_zwd,q850,46.97747747747748,351.12262293728037,2.2283971702563576e-05,1.0,850,0.0,0.03154677436961031,1.0,0.9564037378586037,0.04359626214139634,11.773598670959473,11.789190292358398,11.75011157989502,0.015591621398925781,-0.023487091064453125,0.019539356231689453,-0.003947734832763672,0.019539356231689453,True,dec_s2,decoder,2,6,0.028459242545068264,0.026617159756521385,0.025657805303732555,0.010043518462528786,0.7926523668041697,0.718740313400185
ticino_2020-10-03T00:00:00,ticino,local,hotspot,t1,q850_trace,precip_zwd,q850,46.22747747747748,8.680083446444733,0.00010671580821508542,1.0,850,0.0,0.0,1.0,1.0,0.0,6.988592147827148,7.498768329620361,6.471480369567871,0.5101761817932129,-0.5171117782592773,0.5136439800262451,-0.0034677982330322266,0.5136439800262451,True,enc_s0,encoder,0,6,0.0054423528878639145,0.005036017779881756,0.005075373997290929,0.0013104548949437838,0.8868976573779784,0.7938634284724976
ticino_2020-10-03T00:00:00,ticino,local,hotspot,t1,q850_trace,precip_zwd,q850,46.22747747747748,8.680083446444733,0.00010671580821508542,1.0,850,0.0,0.0,1.0,1.0,0.0,6.988592147827148,7.498768329620361,6.471480369567871,0.5101761817932129,-0.5171117782592773,0.5136439800262451,-0.0034677982330322266,0.5136439800262451,True,enc_s1,encoder,1,10,0.004815083858557045,0.0035300548654049633,0.003653001086786389,0.002081008756067604,0.5885127841345156,0.6536859327228441
ticino_2020-10-03T00:00:00,ticino,local,hotspot,t1,q850_trace,precip_zwd,q850,46.22747747747748,8.680083446444733,0.00010671580821508542,1.0,850,0.0,0.0,1.0,1.0,0.0,6.988592147827148,7.498768329620361,6.471480369567871,0.5101761817932129,-0.5171117782592773,0.5136439800262451,-0.0034677982330322266,0.5136439800262451,True,enc_s2,encoder,2,8,0.001862427539890632,0.0014658822765341029,0.0014203813334461302,0.0008895158171071671,0.46169172111098894,0.614944575668078
ticino_2020-10-03T00:00:00,ticino,local,hotspot,t1,q850_trace,precip_zwd,q850,46.22747747747748,8.680083446444733,0.00010671580821508542,1.0,850,0.0,0.0,1.0,1.0,0.0,6.988592147827148,7.498768329620361,6.471480369567871,0.5101761817932129,-0.5171117782592773,0.5136439800262451,-0.0034677982330322266,0.5136439800262451,True,dec_s0,decoder,0,8,0.0027651743730530143,0.002202116957050748,0.0020952848572051153,0.0013628214655909687,0.43220893368987334,0.606372410512467
ticino_2020-10-03T00:00:00,ticino,local,hotspot,t1,q850_trace,precip_zwd,q850,46.22747747747748,8.680083446444733,0.00010671580821508542,1.0,850,0.0,0.0,1.0,1.0,0.0,6.988592147827148,7.498768329620361,6.471480369567871,0.5101761817932129,-0.5171117782592773,0.5136439800262451,-0.0034677982330322266,0.5136439800262451,True,dec_s1,decoder,1,10,0.003883578209206462,0.0035370585159398616,0.0028785813599824907,0.002344510518014431,0.18851820104183187,0.5448506762873699
ticino_2020-10-03T00:00:00,ticino,local,hotspot,t1,q850_trace,precip_zwd,q850,46.22747747747748,8.680083446444733,0.00010671580821508542,1.0,850,0.0,0.0,1.0,1.0,0.0,6.988592147827148,7.498768329620361,6.471480369567871,0.5101761817932129,-0.5171117782592773,0.5136439800262451,-0.0034677982330322266,0.5136439800262451,True,dec_s2,decoder,2,6,0.012898309311519066,0.01170853649576505,0.010388527531176805,0.0066185280835876865,0.48998889150614683,0.6107838997636038
ticino_2020-10-03T00:00:00,ticino,local,low_near,t1,q850_trace,precip_zwd,q850,61.22747747747748,358.6800834464447,1.1939338264710386e-06,1.0,850,0.0,0.011416537353136776,1.0,0.9870302379488319,0.012969762051168052,6.988592147827148,6.988079071044922,6.990057468414307,-0.0005130767822265625,0.0014653205871582031,-0.0009891986846923828,0.0004761219024658203,0.0009891986846923828,True,enc_s0,encoder,0,6,0.008514400261143843,0.008027214867373308,0.0079336225365599,0.0023465086317931614,0.8451501782413017,0.7708577730675281
ticino_2020-10-03T00:00:00,ticino,local,low_near,t1,q850_trace,precip_zwd,q850,61.22747747747748,358.6800834464447,1.1939338264710386e-06,1.0,850,0.0,0.011416537353136776,1.0,0.9870302379488319,0.012969762051168052,6.988592147827148,6.988079071044922,6.990057468414307,-0.0005130767822265625,0.0014653205871582031,-0.0009891986846923828,0.0004761219024658203,0.0009891986846923828,True,enc_s1,encoder,1,10,0.007711742352694273,0.004957590228877961,0.005361446365714073,0.0035906363162212076,0.4698837614875324,0.614461569680179
ticino_2020-10-03T00:00:00,ticino,local,low_near,t1,q850_trace,precip_zwd,q850,61.22747747747748,358.6800834464447,1.1939338264710386e-06,1.0,850,0.0,0.011416537353136776,1.0,0.9870302379488319,0.012969762051168052,6.988592147827148,6.988079071044922,6.990057468414307,-0.0005130767822265625,0.0014653205871582031,-0.0009891986846923828,0.0004761219024658203,0.0009891986846923828,True,enc_s2,encoder,2,8,0.0031949795957189053,0.0020991599303670228,0.0022381680901162326,0.001515839743660763,0.4167074708977281,0.5962730173934286
ticino_2020-10-03T00:00:00,ticino,local,low_near,t1,q850_trace,precip_zwd,q850,61.22747747747748,358.6800834464447,1.1939338264710386e-06,1.0,850,0.0,0.011416537353136776,1.0,0.9870302379488319,0.012969762051168052,6.988592147827148,6.988079071044922,6.990057468414307,-0.0005130767822265625,0.0014653205871582031,-0.0009891986846923828,0.0004761219024658203,0.0009891986846923828,True,dec_s0,decoder,0,8,0.00410302888485603,0.002791924140183255,0.0028659858216997236,0.0020254749251762405,0.37444348224182955,0.5860570968010153
ticino_2020-10-03T00:00:00,ticino,local,low_near,t1,q850_trace,precip_zwd,q850,61.22747747747748,358.6800834464447,1.1939338264710386e-06,1.0,850,0.0,0.011416537353136776,1.0,0.9870302379488319,0.012969762051168052,6.988592147827148,6.988079071044922,6.990057468414307,-0.0005130767822265625,0.0014653205871582031,-0.0009891986846923828,0.0004761219024658203,0.0009891986846923828,True,dec_s1,decoder,1,10,0.005568095250055194,0.005156233138404786,0.004372625239193439,0.003110530343838036,0.36512707515452764,0.5858228155590419
ticino_2020-10-03T00:00:00,ticino,local,low_near,t1,q850_trace,precip_zwd,q850,61.22747747747748,358.6800834464447,1.1939338264710386e-06,1.0,850,0.0,0.011416537353136776,1.0,0.9870302379488319,0.012969762051168052,6.988592147827148,6.988079071044922,6.990057468414307,-0.0005130767822265625,0.0014653205871582031,-0.0009891986846923828,0.0004761219024658203,0.0009891986846923828,True,dec_s2,decoder,2,6,0.01687203285594781,0.017597566669185955,0.01492055164029201,0.008633886929601431,0.5822968647903791,0.6335575401165013
ticino_2020-10-03T00:00:00,ticino,synoptic,hotspot,t1,q850_trace,precip_zwd,q850,43.72747747747748,6.180083446444733,0.00019000675820279866,1.0,850,0.0,0.002225819506272764,0.9999999065466326,0.9989036050944795,0.0010963015546062561,6.988592147827148,7.686275005340576,6.243630409240723,0.6976828575134277,-0.7449617385864258,0.7213222980499268,-0.023639440536499023,0.7213222980499268,True,enc_s0,encoder,0,6,0.013641438291718563,0.013348107691854239,0.013032007652024427,0.003502270362029473,0.8676128413578255,0.7872515166367355
ticino_2020-10-03T00:00:00,ticino,synoptic,hotspot,t1,q850_trace,precip_zwd,q850,43.72747747747748,6.180083446444733,0.00019000675820279866,1.0,850,0.0,0.002225819506272764,0.9999999065466326,0.9989036050944795,0.0010963015546062561,6.988592147827148,7.686275005340576,6.243630409240723,0.6976828575134277,-0.7449617385864258,0.7213222980499268,-0.023639440536499023,0.7213222980499268,True,enc_s1,encoder,1,10,0.01066441722214222,0.007562215719372034,0.0081804309040308,0.004273645230568945,0.6310544889269785,0.6646320789316086
ticino_2020-10-03T00:00:00,ticino,synoptic,hotspot,t1,q850_trace,precip_zwd,q850,43.72747747747748,6.180083446444733,0.00019000675820279866,1.0,850,0.0,0.002225819506272764,0.9999999065466326,0.9989036050944795,0.0010963015546062561,6.988592147827148,7.686275005340576,6.243630409240723,0.6976828575134277,-0.7449617385864258,0.7213222980499268,-0.023639440536499023,0.7213222980499268,True,enc_s2,encoder,2,8,0.004144488833844662,0.0029490812739823014,0.0031168670975603163,0.001794986819732003,0.5477896270084872,0.6346404042016981
ticino_2020-10-03T00:00:00,ticino,synoptic,hotspot,t1,q850_trace,precip_zwd,q850,43.72747747747748,6.180083446444733,0.00019000675820279866,1.0,850,0.0,0.002225819506272764,0.9999999065466326,0.9989036050944795,0.0010963015546062561,6.988592147827148,7.686275005340576,6.243630409240723,0.6976828575134277,-0.7449617385864258,0.7213222980499268,-0.023639440536499023,0.7213222980499268,True,dec_s0,decoder,0,8,0.0062120959046296775,0.004025057307444513,0.004456279566511512,0.0027455411618575454,0.5099108283177782,0.6187457670970571
ticino_2020-10-03T00:00:00,ticino,synoptic,hotspot,t1,q850_trace,precip_zwd,q850,43.72747747747748,6.180083446444733,0.00019000675820279866,1.0,850,0.0,0.002225819506272764,0.9999999065466326,0.9989036050944795,0.0010963015546062561,6.988592147827148,7.686275005340576,6.243630409240723,0.6976828575134277,-0.7449617385864258,0.7213222980499268,-0.023639440536499023,0.7213222980499268,True,dec_s1,decoder,1,10,0.006569459289312363,0.0058441956527531145,0.005307057732716202,0.003238975664135069,0.49803585189417243,0.6206005159318938
ticino_2020-10-03T00:00:00,ticino,synoptic,hotspot,t1,q850_trace,precip_zwd,q850,43.72747747747748,6.180083446444733,0.00019000675820279866,1.0,850,0.0,0.002225819506272764,0.9999999065466326,0.9989036050944795,0.0010963015546062561,6.988592147827148,7.686275005340576,6.243630409240723,0.6976828575134277,-0.7449617385864258,0.7213222980499268,-0.023639440536499023,0.7213222980499268,True,dec_s2,decoder,2,6,0.023954065516591072,0.022636959329247475,0.021022452662388485,0.010057753107200066,0.6930859509643371,0.6764735884397188
ticino_2020-10-03T00:00:00,ticino,synoptic,low_near,t1,q850_trace,precip_zwd,q850,63.72747747747748,11.180083446444733,1.0927389666903764e-05,1.0,850,0.0,0.0020181634712411706,1.0,0.9992978451068975,0.0007021548931025561,6.988592147827148,7.000933647155762,6.984961986541748,0.012341499328613281,-0.0036301612854003906,0.007985830307006836,0.004355669021606445,0.007985830307006836,True,enc_s0,encoder,0,6,0.02071429882198572,0.02093011389176051,0.020072937943041325,0.005537702469155192,0.8597619835348316,0.7831599259537193
ticino_2020-10-03T00:00:00,ticino,synoptic,low_near,t1,q850_trace,precip_zwd,q850,63.72747747747748,11.180083446444733,1.0927389666903764e-05,1.0,850,0.0,0.0020181634712411706,1.0,0.9992978451068975,0.0007021548931025561,6.988592147827148,7.000933647155762,6.984961986541748,0.012341499328613281,-0.0036301612854003906,0.007985830307006836,0.004355669021606445,0.007985830307006836,True,enc_s1,encoder,1,10,0.015893297363072635,0.011733330227434636,0.012256730906665325,0.0066620639059692625,0.5957332824541747,0.6566216929338358
ticino_2020-10-03T00:00:00,ticino,synoptic,low_near,t1,q850_trace,precip_zwd,q850,63.72747747747748,11.180083446444733,1.0927389666903764e-05,1.0,850,0.0,0.0020181634712411706,1.0,0.9992978451068975,0.0007021548931025561,6.988592147827148,7.000933647155762,6.984961986541748,0.012341499328613281,-0.0036301612854003906,0.007985830307006836,0.004355669021606445,0.007985830307006836,True,enc_s2,encoder,2,8,0.006859229295514524,0.004855178587604314,0.005186388792935759,0.002900377061450854,0.5671150572426913,0.6413970100484147
ticino_2020-10-03T00:00:00,ticino,synoptic,low_near,t1,q850_trace,precip_zwd,q850,63.72747747747748,11.180083446444733,1.0927389666903764e-05,1.0,850,0.0,0.0020181634712411706,1.0,0.9992978451068975,0.0007021548931025561,6.988592147827148,7.000933647155762,6.984961986541748,0.012341499328613281,-0.0036301612854003906,0.007985830307006836,0.004355669021606445,0.007985830307006836,True,dec_s0,decoder,0,8,0.010006617289036512,0.006249381578527391,0.0071375249535776675,0.0043188793351873755,0.5289154529016711,0.6229676147638932
ticino_2020-10-03T00:00:00,ticino,synoptic,low_near,t1,q850_trace,precip_zwd,q850,63.72747747747748,11.180083446444733,1.0927389666903764e-05,1.0,850,0.0,0.0020181634712411706,1.0,0.9992978451068975,0.0007021548931025561,6.988592147827148,7.000933647155762,6.984961986541748,0.012341499328613281,-0.0036301612854003906,0.007985830307006836,0.004355669021606445,0.007985830307006836,True,dec_s1,decoder,1,10,0.011781332129612566,0.01047028684988618,0.009700243221595883,0.005474994867108762,0.5751459005526193,0.6463596522215287
ticino_2020-10-03T00:00:00,ticino,synoptic,low_near,t1,q850_trace,precip_zwd,q850,63.72747747747748,11.180083446444733,1.0927389666903764e-05,1.0,850,0.0,0.0020181634712411706,1.0,0.9992978451068975,0.0007021548931025561,6.988592147827148,7.000933647155762,6.984961986541748,0.012341499328613281,-0.0036301612854003906,0.007985830307006836,0.004355669021606445,0.007985830307006836,True,dec_s2,decoder,2,6,0.03992734352747599,0.042087104792396225,0.03798303628961245,0.015491220789651075,0.7451007258511662,0.7104694531762564
valais_2020-10-03T00:00:00,valais,local,hotspot,t1,q850_trace,precip_zwd,q850,46.47747747747748,7.280638034804468,0.00010067348921438679,1.0,850,0.0,0.0,0.9999998717579447,0.9999998717579447,0.0,5.7392401695251465,6.42060661315918,5.055570125579834,0.6813664436340332,-0.6836700439453125,0.6825182437896729,-0.0011518001556396484,0.6825182437896729,True,enc_s0,encoder,0,6,0.005653928189227979,0.00527014125448962,0.0052865648952623205,0.001381579243267576,0.8830143114209653,0.7919071005248265
valais_2020-10-03T00:00:00,valais,local,hotspot,t1,q850_trace,precip_zwd,q850,46.47747747747748,7.280638034804468,0.00010067348921438679,1.0,850,0.0,0.0,0.9999998717579447,0.9999998717579447,0.0,5.7392401695251465,6.42060661315918,5.055570125579834,0.6813664436340332,-0.6836700439453125,0.6825182437896729,-0.0011518001556396484,0.6825182437896729,True,enc_s1,encoder,1,10,0.0050937561085447666,0.0036081627011299135,0.0037879908457398416,0.0022367025201674553,0.563348365733306,0.6433187242830365
valais_2020-10-03T00:00:00,valais,local,hotspot,t1,q850_trace,precip_zwd,q850,46.47747747747748,7.280638034804468,0.00010067348921438679,1.0,850,0.0,0.0,0.9999998717579447,0.9999998717579447,0.0,5.7392401695251465,6.42060661315918,5.055570125579834,0.6813664436340332,-0.6836700439453125,0.6825182437896729,-0.0011518001556396484,0.6825182437896729,True,enc_s2,encoder,2,8,0.001932372062583454,0.0014935942890588194,0.001453320641303435,0.0009329064123448916,0.4424371852104182,0.609083968171982
valais_2020-10-03T00:00:00,valais,local,hotspot,t1,q850_trace,precip_zwd,q850,46.47747747747748,7.280638034804468,0.00010067348921438679,1.0,850,0.0,0.0,0.9999998717579447,0.9999998717579447,0.0,5.7392401695251465,6.42060661315918,5.055570125579834,0.6813664436340332,-0.6836700439453125,0.6825182437896729,-0.0011518001556396484,0.6825182437896729,True,dec_s0,decoder,0,8,0.002810221310937777,0.002201408875407651,0.0021056032419437543,0.0013921631616540253,0.4189588546627365,0.6023249923949909
valais_2020-10-03T00:00:00,valais,local,hotspot,t1,q850_trace,precip_zwd,q850,46.47747747747748,7.280638034804468,0.00010067348921438679,1.0,850,0.0,0.0,0.9999998717579447,0.9999998717579447,0.0,5.7392401695251465,6.42060661315918,5.055570125579834,0.6813664436340332,-0.6836700439453125,0.6825182437896729,-0.0011518001556396484,0.6825182437896729,True,dec_s1,decoder,1,10,0.003895863494835794,0.003575196536257863,0.0029097427031956613,0.002344964176882058,0.1993585664018988,0.547423218853894
valais_2020-10-03T00:00:00,valais,local,hotspot,t1,q850_trace,precip_zwd,q850,46.47747747747748,7.280638034804468,0.00010067348921438679,1.0,850,0.0,0.0,0.9999998717579447,0.9999998717579447,0.0,5.7392401695251465,6.42060661315918,5.055570125579834,0.6813664436340332,-0.6836700439453125,0.6825182437896729,-0.0011518001556396484,0.6825182437896729,True,dec_s2,decoder,2,6,0.012961939442902803,0.01199224404990673,0.010616554878652096,0.006572702433913946,0.5228395031277847,0.6175915477430006
valais_2020-10-03T00:00:00,valais,local,low_near,t1,q850_trace,precip_zwd,q850,53.97747747747748,344.7806380348045,1.0222548780802754e-06,1.0,850,0.0,0.02735274204468517,1.0,0.9714245692674044,0.0285754307325956,5.7392401695251465,5.742251873016357,5.743016719818115,0.0030117034912109375,0.00377655029296875,-0.00038242340087890625,0.0033941268920898438,0.0033941268920898438,False,enc_s0,encoder,0,6,0.008421484536180893,0.008362239847580591,0.008003941892335812,0.0025250893474246063,0.8230320191138993,0.7590450803655974
valais_2020-10-03T00:00:00,valais,local,low_near,t1,q850_trace,precip_zwd,q850,53.97747747747748,344.7806380348045,1.0222548780802754e-06,1.0,850,0.0,0.02735274204468517,1.0,0.9714245692674044,0.0285754307325956,5.7392401695251465,5.742251873016357,5.743016719818115,0.0030117034912109375,0.00377655029296875,-0.00038242340087890625,0.0033941268920898438,0.0033941268920898438,False,enc_s1,encoder,1,10,0.0075878702569752935,0.004922946495935321,0.005229534907266497,0.003627914795652032,0.43044963423736116,0.6042087170842254
valais_2020-10-03T00:00:00,valais,local,low_near,t1,q850_trace,precip_zwd,q850,53.97747747747748,344.7806380348045,1.0222548780802754e-06,1.0,850,0.0,0.02735274204468517,1.0,0.9714245692674044,0.0285754307325956,5.7392401695251465,5.742251873016357,5.743016719818115,0.0030117034912109375,0.00377655029296875,-0.00038242340087890625,0.0033941268920898438,0.0033941268920898438,False,enc_s2,encoder,2,8,0.002938760881079361,0.001918911628308706,0.0020012934546684846,0.0014676930732093751,0.3376041402978808,0.5769677697858415
valais_2020-10-03T00:00:00,valais,local,low_near,t1,q850_trace,precip_zwd,q850,53.97747747747748,344.7806380348045,1.0222548780802754e-06,1.0,850,0.0,0.02735274204468517,1.0,0.9714245692674044,0.0285754307325956,5.7392401695251465,5.742251873016357,5.743016719818115,0.0030117034912109375,0.00377655029296875,-0.00038242340087890625,0.0033941268920898438,0.0033941268920898438,False,dec_s0,decoder,0,8,0.004013263562228531,0.002499193331459537,0.0026329072716180235,0.0020601143332896754,0.27949425627561464,0.5613119405405125
valais_2020-10-03T00:00:00,valais,local,low_near,t1,q850_trace,precip_zwd,q850,53.97747747747748,344.7806380348045,1.0222548780802754e-06,1.0,850,0.0,0.02735274204468517,1.0,0.9714245692674044,0.0285754307325956,5.7392401695251465,5.742251873016357,5.743016719818115,0.0030117034912109375,0.00377655029296875,-0.00038242340087890625,0.0033941268920898438,0.0033941268920898438,False,dec_s1,decoder,1,10,0.00481911872047931,0.004828255041502416,0.0037503152852877975,0.0030350830522365866,0.23637763826760297,0.5551922699844496
valais_2020-10-03T00:00:00,valais,local,low_near,t1,q850_trace,precip_zwd,q850,53.97747747747748,344.7806380348045,1.0222548780802754e-06,1.0,850,0.0,0.02735274204468517,1.0,0.9714245692674044,0.0285754307325956,5.7392401695251465,5.742251873016357,5.743016719818115,0.0030117034912109375,0.00377655029296875,-0.00038242340087890625,0.0033941268920898438,0.0033941268920898438,False,dec_s2,decoder,2,6,0.014615363596628109,0.0146142547018826,0.012056858744472265,0.008259644576658806,0.42435459082339216,0.5935097429951944
valais_2020-10-03T00:00:00,valais,synoptic,hotspot,t1,q850_trace,precip_zwd,q850,43.97747747747748,9.780638034804468,0.0001590295578353107,1.0,850,0.0,0.0002590822730151419,0.9999999069374674,0.999923781785857,7.612515869489836e-05,5.7392401695251465,6.52970552444458,5.011275291442871,0.7904653549194336,-0.7279648780822754,0.7592151165008545,0.0312502384185791,0.7592151165008545,True,enc_s0,encoder,0,6,0.01318149563545982,0.0127622129706045,0.012593230698257685,0.0031127550173550844,0.8880989189130792,0.8009602930846512
valais_2020-10-03T00:00:00,valais,synoptic,hotspot,t1,q850_trace,precip_zwd,q850,43.97747747747748,9.780638034804468,0.0001590295578353107,1.0,850,0.0,0.0002590822730151419,0.9999999069374674,0.999923781785857,7.612515869489836e-05,5.7392401695251465,6.52970552444458,5.011275291442871,0.7904653549194336,-0.7279648780822754,0.7592151165008545,0.0312502384185791,0.7592151165008545,True,enc_s1,encoder,1,10,0.009858456812798977,0.007222498022019863,0.007735802046954632,0.0038170328596606852,0.6651602241154864,0.6781991786119783
valais_2020-10-03T00:00:00,valais,synoptic,hotspot,t1,q850_trace,precip_zwd,q850,43.97747747747748,9.780638034804468,0.0001590295578353107,1.0,850,0.0,0.0002590822730151419,0.9999999069374674,0.999923781785857,7.612515869489836e-05,5.7392401695251465,6.52970552444458,5.011275291442871,0.7904653549194336,-0.7279648780822754,0.7592151165008545,0.0312502384185791,0.7592151165008545,True,enc_s2,encoder,2,8,0.0038840419438201934,0.002832199417753145,0.002988873777212575,0.0016186323919100687,0.5905777350954117,0.6487976505120605
valais_2020-10-03T00:00:00,valais,synoptic,hotspot,t1,q850_trace,precip_zwd,q850,43.97747747747748,9.780638034804468,0.0001590295578353107,1.0,850,0.0,0.0002590822730151419,0.9999999069374674,0.999923781785857,7.612515869489836e-05,5.7392401695251465,6.52970552444458,5.011275291442871,0.7904653549194336,-0.7279648780822754,0.7592151165008545,0.0312502384185791,0.7592151165008545,True,dec_s0,decoder,0,8,0.00558345956960693,0.0038778363668825477,0.004169822786934674,0.002391452726442367,0.5584925049444022,0.635645066655149
valais_2020-10-03T00:00:00,valais,synoptic,hotspot,t1,q850_trace,precip_zwd,q850,43.97747747747748,9.780638034804468,0.0001590295578353107,1.0,850,0.0,0.0002590822730151419,0.9999999069374674,0.999923781785857,7.612515869489836e-05,5.7392401695251465,6.52970552444458,5.011275291442871,0.7904653549194336,-0.7279648780822754,0.7592151165008545,0.0312502384185791,0.7592151165008545,True,dec_s1,decoder,1,10,0.006488430569879711,0.005657960590906441,0.005241489922627807,0.0030955209978856145,0.5267460626637244,0.6281833773680932
valais_2020-10-03T00:00:00,valais,synoptic,hotspot,t1,q850_trace,precip_zwd,q850,43.97747747747748,9.780638034804468,0.0001590295578353107,1.0,850,0.0,0.0002590822730151419,0.9999999069374674,0.999923781785857,7.612515869489836e-05,5.7392401695251465,6.52970552444458,5.011275291442871,0.7904653549194336,-0.7279648780822754,0.7592151165008545,0.0312502384185791,0.7592151165008545,True,dec_s2,decoder,2,6,0.024120195768773556,0.022124909485379856,0.021049699435631435,0.009620342714091143,0.7242205657761752,0.6863960060106421
valais_2020-10-03T00:00:00,valais,synoptic,low_near,t1,q850_trace,precip_zwd,q850,63.97747747747748,359.7806380348045,8.647660251881462e-06,1.0,850,0.0,0.008177303595556882,1.0,0.9927437196056875,0.007256280394312445,5.7392401695251465,5.752197265625,5.734445095062256,0.012957096099853516,-0.004795074462890625,0.00887608528137207,0.004081010818481445,0.00887608528137207,True,enc_s0,encoder,0,6,0.021042078733444214,0.020707324147224426,0.020122097805142403,0.005556076609839995,0.8592904350646197,0.7828985564435998
valais_2020-10-03T00:00:00,valais,synoptic,low_near,t1,q850_trace,precip_zwd,q850,63.97747747747748,359.7806380348045,8.647660251881462e-06,1.0,850,0.0,0.008177303595556882,1.0,0.9927437196056875,0.007256280394312445,5.7392401695251465,5.752197265625,5.734445095062256,0.012957096099853516,-0.004795074462890625,0.00887608528137207,0.004081010818481445,0.00887608528137207,True,enc_s1,encoder,1,10,0.017031562607735397,0.011885593645274639,0.012754397839307785,0.007223047129809856,0.5745517650669903,0.6476730803372028
valais_2020-10-03T00:00:00,valais,synoptic,low_near,t1,q850_trace,precip_zwd,q850,63.97747747747748,359.7806380348045,8.647660251881462e-06,1.0,850,0.0,0.008177303595556882,1.0,0.9927437196056875,0.007256280394312445,5.7392401695251465,5.752197265625,5.734445095062256,0.012957096099853516,-0.004795074462890625,0.00887608528137207,0.004081010818481445,0.00887608528137207,True,enc_s2,encoder,2,8,0.007107256154995412,0.00493852625368163,0.005292577086947858,0.0030724139942321926,0.54017533465277,0.6327521983720386
valais_2020-10-03T00:00:00,valais,synoptic,low_near,t1,q850_trace,precip_zwd,q850,63.97747747747748,359.7806380348045,8.647660251881462e-06,1.0,850,0.0,0.008177303595556882,1.0,0.9927437196056875,0.007256280394312445,5.7392401695251465,5.752197265625,5.734445095062256,0.012957096099853516,-0.004795074462890625,0.00887608528137207,0.004081010818481445,0.00887608528137207,True,dec_s0,decoder,0,8,0.009968438884243369,0.006445176666602492,0.007189541065599769,0.004332025127951056,0.5242118331528309,0.6238713525079316
valais_2020-10-03T00:00:00,valais,synoptic,low_near,t1,q850_trace,precip_zwd,q850,63.97747747747748,359.7806380348045,8.647660251881462e-06,1.0,850,0.0,0.008177303595556882,1.0,0.9927437196056875,0.007256280394312445,5.7392401695251465,5.752197265625,5.734445095062256,0.012957096099853516,-0.004795074462890625,0.00887608528137207,0.004081010818481445,0.00887608528137207,True,dec_s1,decoder,1,10,0.011694786138832569,0.01062629367224872,0.00967665403150022,0.005574170686304569,0.558175275431161,0.6415683058111841
valais_2020-10-03T00:00:00,valais,synoptic,low_near,t1,q850_trace,precip_zwd,q850,63.97747747747748,359.7806380348045,8.647660251881462e-06,1.0,850,0.0,0.008177303595556882,1.0,0.9927437196056875,0.007256280394312445,5.7392401695251465,5.752197265625,5.734445095062256,0.012957096099853516,-0.004795074462890625,0.00887608528137207,0.004081010818481445,0.00887608528137207,True,dec_s2,decoder,2,6,0.039519185200333595,0.0420258833716313,0.03750114763776461,0.016049311496317387,0.7206126542586156,0.7004481353915514
