case_id,target,scale,region_kind,perturb_timestep,mode,model,target_var,mask_center_lat,mask_center_lon,pooled_saliency,magnitude,perturb_level_hpa,plus_clip_frac,minus_clip_frac,plus_realized_frac,minus_realized_frac,pair_asymmetry,actual_target_score,plus_target_score,minus_target_score,plus_target_delta,minus_target_delta,signed_target_response,common_target_response,mean_abs_target_delta,output_opposite_sign,stage_name,family,stage_index,n_blocks,plus_delta_rms_mean,minus_delta_rms_mean,contrast_rms_mean,common_rms_mean,signed_cosine_mean,contrast_share_mean
alps_east_2020-06-29T06:00:00,alps_east,local,hotspot,t1,q850_trace,precip_zwd,precip,47.72747747747748,11.252625838336058,9.22260369407013e-05,1.0,850,0.0,0.0,1.0,1.0,0.0,3.7965943813323975,3.5969111919403076,3.421232223510742,-0.19968318939208984,-0.3753621578216553,0.08783948421478271,-0.28752267360687256,0.28752267360687256,False,enc_s0,encoder,0,6,0.006984690437093377,0.0062439025690158205,0.006388054151708881,0.0017499031382612884,0.8730984431043045,0.7840117130232236
alps_east_2020-06-29T06:00:00,alps_east,local,hotspot,t1,q850_trace,precip_zwd,precip,47.72747747747748,11.252625838336058,9.22260369407013e-05,1.0,850,0.0,0.0,1.0,1.0,0.0,3.7965943813323975,3.5969111919403076,3.421232223510742,-0.19968318939208984,-0.3753621578216553,0.08783948421478271,-0.28752267360687256,0.28752267360687256,False,enc_s1,encoder,1,10,0.005764702660962939,0.0040512836771085855,0.004204892902635038,0.002639768156222999,0.5219906178919836,0.6309665283724222
alps_east_2020-06-29T06:00:00,alps_east,local,hotspot,t1,q850_trace,precip_zwd,precip,47.72747747747748,11.252625838336058,9.22260369407013e-05,1.0,850,0.0,0.0,1.0,1.0,0.0,3.7965943813323975,3.5969111919403076,3.421232223510742,-0.19968318939208984,-0.3753621578216553,0.08783948421478271,-0.28752267360687256,0.28752267360687256,False,enc_s2,encoder,2,8,0.0025668315065559,0.0018393643549643457,0.0017942736449185759,0.0013293809170136228,0.3164645247336133,0.5746454184773052
alps_east_2020-06-29T06:00:00,alps_east,local,hotspot,t1,q850_trace,precip_zwd,precip,47.72747747747748,11.252625838336058,9.22260369407013e-05,1.0,850,0.0,0.0,1.0,1.0,0.0,3.7965943813323975,3.5969111919403076,3.421232223510742,-0.19968318939208984,-0.3753621578216553,0.08783948421478271,-0.28752267360687256,0.28752267360687256,False,dec_s0,decoder,0,8,0.003676639520563185,0.0028250809118617326,0.002555398939875886,0.0020540877885650843,0.2330936015872514,0.5550088517810833
alps_east_2020-06-29T06:00:00,alps_east,local,hotspot,t1,q850_trace,precip_zwd,precip,47.72747747747748,11.252625838336058,9.22260369407013e-05,1.0,850,0.0,0.0,1.0,1.0,0.0,3.7965943813323975,3.5969111919403076,3.421232223510742,-0.19968318939208984,-0.3753621578216553,0.08783948421478271,-0.28752267360687256,0.28752267360687256,False,dec_s1,decoder,1,10,0.003582181641831994,0.0038137870840728285,0.002600453852210194,0.002633715607225895,-0.01287457155385326,0.49691342074516454
alps_east_2020-06-29T06:00:00,alps_east,local,hotspot,t1,q850_trace,precip_zwd,precip,47.72747747747748,11.252625838336058,9.22260369407013e-05,1.0,850,0.0,0.0,1.0,1.0,0.0,3.7965943813323975,3.5969111919403076,3.421232223510742,-0.19968318939208984,-0.3753621578216553,0.08783948421478271,-0.28752267360687256,0.28752267360687256,False,dec_s2,decoder,2,6,0.01104248765235146,0.012480457468579212,0.009224417929848036,0.007332257771243651,0.266823266396486,0.5572023189523013
alps_east_2020-06-29T06:00:00,alps_east,local,hotspot,t1,q850_trace,precip_only,precip,47.72747747747748,11.252625838336058,9.22260369407013e-05,1.0,850,0.0,0.0,1.0,1.0,0.0,3.2875254154205322,3.057811737060547,2.9839930534362793,-0.22971367835998535,-0.30353236198425293,0.03690934181213379,-0.26662302017211914,0.26662302017211914,False,enc_s0,encoder,0,6,0.006970311747863889,0.006180398010959228,0.006352879495049517,0.0017369936880034704,0.8746780730789664,0.7843847555694531
alps_east_2020-06-29T06:00:00,alps_east,local,hotspot,t1,q850_trace,precip_only,precip,47.72747747747748,11.252625838336058,9.22260369407013e-05,1.0,850,0.0,0.0,1.0,1.0,0.0,3.2875254154205322,3.057811737060547,2.9839930534362793,-0.22971367835998535,-0.30353236198425293,0.03690934181213379,-0.26662302017211914,0.26662302017211914,False,enc_s1,encoder,1,10,0.005838387366384268,0.004023748869076371,0.004220446455292404,0.0026746281422674657,0.5174088116955607,0.6285584769209503
alps_east_2020-06-29T06:00:00,alps_east,local,hotspot,t1,q850_trace,precip_only,precip,47.72747747747748,11.252625838336058,9.22260369407013e-05,1.0,850,0.0,0.0,1.0,1.0,0.0,3.2875254154205322,3.057811737060547,2.9839930534362793,-0.22971367835998535,-0.30353236198425293,0.03690934181213379,-0.26662302017211914,0.26662302017211914,False,enc_s2,encoder,2,8,0.0027421542908996344,0.0018882949516410008,0.001883499979157932,0.001412832978530787,0.30838441380366505,0.571698779725501
alps_east_2020-06-29T06:00:00,alps_east,local,hotspot,t1,q850_trace,precip_only,precip,47.72747747747748,11.252625838336058,9.22260369407013e-05,1.0,850,0.0,0.0,1.0,1.0,0.0,3.2875254154205322,3.057811737060547,2.9839930534362793,-0.22971367835998535,-0.30353236198425293,0.03690934181213379,-0.26662302017211914,0.26662302017211914,False,dec_s0,decoder,0,8,0.003943990857806057,0.002897026017308235,0.0026821413193829358,0.002186326964874752,0.22159276253579277,0.5515139545891565
alps_east_2020-06-29T06:00:00,alps_east,local,hotspot,t1,q850_trace,precip_only,precip,47.72747747747748,11.252625838336058,9.22260369407013e-05,1.0,850,0.0,0.0,1.0,1.0,0.0,3.2875254154205322,3.057811737060547,2.9839930534362793,-0.22971367835998535,-0.30353236198425293,0.03690934181213379,-0.26662302017211914,0.26662302017211914,False,dec_s1,decoder,1,10,0.0036048795562237503,0.0038362872553989293,0.0026068920851685107,0.00265937295043841,-0.020123679197021606,0.49520365374704484
alps_east_2020-06-29T06:00:00,alps_east,local,hotspot,t1,q850_trace,precip_only,precip,47.72747747747748,11.252625838336058,9.22260369407013e-05,1.0,850,0.0,0.0,1.0,1.0,0.0,3.2875254154205322,3.057811737060547,2.9839930534362793,-0.22971367835998535,-0.30353236198425293,0.03690934181213379,-0.26662302017211914,0.26662302017211914,False,dec_s2,decoder,2,6,0.01123739251246055,0.012918307756384214,0.009439831910034021,0.007581385318189859,0.2552058530951818,0.5546882331086594
alps_east_2020-06-29T06:00:00,alps_east,local,low_near,t1,q850_trace,precip_zwd,precip,57.72747747747748,351.25262583833603,2.0959887478966266e-06,1.0,850,0.0,0.0,1.0,1.0,0.0,3.7965943813323975,3.7849338054656982,3.8025877475738525,-0.011660575866699219,0.005993366241455078,-0.008826971054077148,-0.0028336048126220703,0.008826971054077148,True,enc_s0,encoder,0,6,0.008283283716688553,0.007374817660699288,0.007531251447896163,0.0021837285215345523,0.8562531330127849,0.7747624252351217
alps_east_2020-06-29T06:00:00,alps_east,local,low_near,t1,q850_trace,precip_zwd,precip,57.72747747747748,351.25262583833603,2.0959887478966266e-06,1.0,850,0.0,0.0,1.0,1.0,0.0,3.7965943813323975,3.7849338054656982,3.8025877475738525,-0.011660575866699219,0.005993366241455078,-0.008826971054077148,-0.0028336048126220703,0.008826971054077148,True,enc_s1,encoder,1,10,0.007464397512376308,0.004473934648558497,0.005151451705023647,0.0033230175729840996,0.5060477090939329,0.619323773550443
alps_east_2020-06-29T06:00:00,alps_east,local,low_near,t1,q850_trace,precip_zwd,precip,57.72747747747748,351.25262583833603,2.0959887478966266e-06,1.0,850,0.0,0.0,1.0,1.0,0.0,3.7965943813323975,3.7849338054656982,3.8025877475738525,-0.011660575866699219,0.005993366241455078,-0.008826971054077148,-0.0028336048126220703,0.008826971054077148,True,enc_s2,encoder,2,8,0.0036274539306759834,0.002019160136114806,0.0024273861199617386,0.0016509119304828346,0.44420406267204765,0.5954406839972386
alps_east_2020-06-29T06:00:00,alps_east,local,low_near,t1,q850_trace,precip_zwd,precip,57.72747747747748,351.25262583833603,2.0959887478966266e-06,1.0,850,0.0,0.0,1.0,1.0,0.0,3.7965943813323975,3.7849338054656982,3.8025877475738525,-0.011660575866699219,0.005993366241455078,-0.008826971054077148,-0.0028336048126220703,0.008826971054077148,True,dec_s0,decoder,0,8,0.005194434663280845,0.0027969010698143393,0.0033490360947325826,0.0024870931811165065,0.36136380923490463,0.5742265209775974
alps_east_2020-06-29T06:00:00,alps_east,local,low_near,t1,q850_trace,precip_zwd,precip,57.72747747747748,351.25262583833603,2.0959887478966266e-06,1.0,850,0.0,0.0,1.0,1.0,0.0,3.7965943813323975,3.7849338054656982,3.8025877475738525,-0.011660575866699219,0.005993366241455078,-0.008826971054077148,-0.0028336048126220703,0.008826971054077148,True,dec_s1,decoder,1,10,0.0053884940687567,0.004227597941644489,0.003742791689001024,0.0030711944447830318,0.23541514817916215,0.5535426667101425
alps_east_2020-06-29T06:00:00,alps_east,local,low_near,t1,q850_trace,precip_zwd,precip,57.72747747747748,351.25262583833603,2.0959887478966266e-06,1.0,850,0.0,0.0,1.0,1.0,0.0,3.7965943813323975,3.7849338054656982,3.8025877475738525,-0.011660575866699219,0.005993366241455078,-0.008826971054077148,-0.0028336048126220703,0.008826971054077148,True,dec_s2,decoder,2,6,0.015799948014318943,0.014507805618147055,0.012905167260517677,0.007968923853089413,0.5215045601425486,0.6183376716321268
alps_east_2020-06-29T06:00:00,alps_east,local,low_near,t1,q850_trace,precip_only,precip,57.72747747747748,351.25262583833603,2.0959887478966266e-06,1.0,850,0.0,0.0,1.0,1.0,0.0,3.2875254154205322,3.2475368976593018,3.2879536151885986,-0.03998851776123047,0.00042819976806640625,-0.020208358764648438,-0.01978015899658203,0.020208358764648438,True,enc_s0,encoder,0,6,0.008378891584773859,0.007331071188673377,0.007557052420452237,0.0022040554128276804,0.8567188326885272,0.7739784685222181
alps_east_2020-06-29T06:00:00,alps_east,local,low_near,t1,q850_trace,precip_only,precip,57.72747747747748,351.25262583833603,2.0959887478966266e-06,1.0,850,0.0,0.0,1.0,1.0,0.0,3.2875254154205322,3.2475368976593018,3.2879536151885986,-0.03998851776123047,0.00042819976806640625,-0.020208358764648438,-0.01978015899658203,0.020208358764648438,True,enc_s1,encoder,1,10,0.007767728064209223,0.004454806889407336,0.005252438085153699,0.003491882258094847,0.4864121130019764,0.6120625565074641
alps_east_2020-06-29T06:00:00,alps_east,local,low_near,t1,q850_trace,precip_only,precip,57.72747747747748,351.25262583833603,2.0959887478966266e-06,1.0,850,0.0,0.0,1.0,1.0,0.0,3.2875254154205322,3.2475368976593018,3.2879536151885986,-0.03998851776123047,0.00042819976806640625,-0.020208358764648438,-0.01978015899658203,0.020208358764648438,True,enc_s2,encoder,2,8,0.004003553796792403,0.00210290594259277,0.002612066047731787,0.0018447728361934423,0.4181966227400802,0.5864215327968142
alps_east_2020-06-29T06:00:00,alps_east,local,low_near,t1,q850_trace,precip_only,precip,57.72747747747748,351.25262583833603,2.0959887478966266e-06,1.0,850,0.0,0.0,1.0,1.0,0.0,3.2875254154205322,3.2475368976593018,3.2879536151885986,-0.03998851776123047,0.00042819976806640625,-0.020208358764648438,-0.01978015899658203,0.020208358764648438,True,dec_s0,decoder,0,8,0.006070319504942745,0.0029127182497177273,0.0037647226417902857,0.0029142301355022937,0.3348249570671441,0.5639753785530471
alps_east_2020-06-29T06:00:00,alps_east,local,low_near,t1,q850_trace,precip_only,precip,57.72747747747748,351.25262583833603,2.0959887478966266e-06,1.0,850,0.0,0.0,1.0,1.0,0.0,3.2875254154205322,3.2475368976593018,3.2879536151885986,-0.03998851776123047,0.00042819976806640625,-0.020208358764648438,-0.01978015899658203,0.020208358764648438,True,dec_s1,decoder,1,10,0.005501239141449332,0.0042035021353513,0.0037453304277732967,0.0031509030261076985,0.20730285319700106,0.5467090849853822
alps_east_2020-06-29T06:00:00,alps_east,local,low_near,t1,q850_trace,precip_only,precip,57.72747747747748,351.25262583833603,2.0959887478966266e-06,1.0,850,0.0,0.0,1.0,1.0,0.0,3.2875254154205322,3.2475368976593018,3.2879536151885986,-0.03998851776123047,0.00042819976806640625,-0.020208358764648438,-0.01978015899658203,0.020208358764648438,True,dec_s2,decoder,2,6,0.016616271808743477,0.01495887820298473,0.01335255584369103,0.008462262262279788,0.4994907514952302,0.6123432322053399
alps_east_2020-06-29T06:00:00,alps_east,local,hotspot,t1,q850_trace,precip_zwd,zwd,47.72747747747748,11.252625838336058,9.22260369407013e-05,1.0,850,0.0,0.0,1.0,1.0,0.0,126.06182861328125,122.18577575683594,126.52870178222656,-3.8760528564453125,0.4668731689453125,-2.1714630126953125,-1.70458984375,2.1714630126953125,True,enc_s0,encoder,0,6,0.006984690437093377,0.0062439025690158205,0.006388054151708881,0.0017499031382612884,0.8730984431043045,0.7840117130232236
alps_east_2020-06-29T06:00:00,alps_east,local,hotspot,t1,q850_trace,precip_zwd,zwd,47.72747747747748,11.252625838336058,9.22260369407013e-05,1.0,850,0.0,0.0,1.0,1.0,0.0,126.06182861328125,122.18577575683594,126.52870178222656,-3.8760528564453125,0.4668731689453125,-2.1714630126953125,-1.70458984375,2.1714630126953125,True,enc_s1,encoder,1,10,0.005764702660962939,0.0040512836771085855,0.004204892902635038,0.002639768156222999,0.5219906178919836,0.6309665283724222
alps_east_2020-06-29T06:00:00,alps_east,local,hotspot,t1,q850_trace,precip_zwd,zwd,47.72747747747748,11.252625838336058,9.22260369407013e-05,1.0,850,0.0,0.0,1.0,1.0,0.0,126.06182861328125,122.18577575683594,126.52870178222656,-3.8760528564453125,0.4668731689453125,-2.1714630126953125,-1.70458984375,2.1714630126953125,True,enc_s2,encoder,2,8,0.0025668315065559,0.0018393643549643457,0.0017942736449185759,0.0013293809170136228,0.3164645247336133,0.5746454184773052
alps_east_2020-06-29T06:00:00,alps_east,local,hotspot,t1,q850_trace,precip_zwd,zwd,47.72747747747748,11.252625838336058,9.22260369407013e-05,1.0,850,0.0,0.0,1.0,1.0,0.0,126.06182861328125,122.18577575683594,126.52870178222656,-3.8760528564453125,0.4668731689453125,-2.1714630126953125,-1.70458984375,2.1714630126953125,True,dec_s0,decoder,0,8,0.003676639520563185,0.0028250809118617326,0.002555398939875886,0.0020540877885650843,0.2330936015872514,0.5550088517810833
alps_east_2020-06-29T06:00:00,alps_east,local,hotspot,t1,q850_trace,precip_zwd,zwd,47.72747747747748,11.252625838336058,9.22260369407013e-05,1.0,850,0.0,0.0,1.0,1.0,0.0,126.06182861328125,122.18577575683594,126.52870178222656,-3.8760528564453125,0.4668731689453125,-2.1714630126953125,-1.70458984375,2.1714630126953125,True,dec_s1,decoder,1,10,0.003582181641831994,0.0038137870840728285,0.002600453852210194,0.002633715607225895,-0.01287457155385326,0.49691342074516454
alps_east_2020-06-29T06:00:00,alps_east,local,hotspot,t1,q850_trace,precip_zwd,zwd,47.72747747747748,11.252625838336058,9.22260369407013e-05,1.0,850,0.0,0.0,1.0,1.0,0.0,126.06182861328125,122.18577575683594,126.52870178222656,-3.8760528564453125,0.4668731689453125,-2.1714630126953125,-1.70458984375,2.1714630126953125,True,dec_s2,decoder,2,6,0.01104248765235146,0.012480457468579212,0.009224417929848036,0.007332257771243651,0.266823266396486,0.5572023189523013
alps_east_2020-06-29T06:00:00,alps_east,local,low_near,t1,q850_trace,precip_zwd,zwd,57.72747747747748,351.25262583833603,2.0959887478966266e-06,1.0,850,0.0,0.0,1.0,1.0,0.0,126.06182861328125,126.17457580566406,126.14091491699219,0.1127471923828125,0.0790863037109375,0.0168304443359375,0.095916748046875,0.095916748046875,False,enc_s0,encoder,0,6,0.008283283716688553,0.007374817660699288,0.007531251447896163,0.0021837285215345523,0.8562531330127849,0.7747624252351217
alps_east_2020-06-29T06:00:00,alps_east,local,low_near,t1,q850_trace,precip_zwd,zwd,57.72747747747748,351.25262583833603,2.0959887478966266e-06,1.0,850,0.0,0.0,1.0,1.0,0.0,126.06182861328125,126.17457580566406,126.14091491699219,0.1127471923828125,0.0790863037109375,0.0168304443359375,0.095916748046875,0.095916748046875,False,enc_s1,encoder,1,10,0.007464397512376308,0.004473934648558497,0.005151451705023647,0.0033230175729840996,0.5060477090939329,0.619323773550443
alps_east_2020-06-29T06:00:00,alps_east,local,low_near,t1,q850_trace,precip_zwd,zwd,57.72747747747748,351.25262583833603,2.0959887478966266e-06,1.0,850,0.0,0.0,1.0,1.0,0.0,126.06182861328125,126.17457580566406,126.14091491699219,0.1127471923828125,0.0790863037109375,0.0168304443359375,0.095916748046875,0.095916748046875,False,enc_s2,encoder,2,8,0.0036274539306759834,0.002019160136114806,0.0024273861199617386,0.0016509119304828346,0.44420406267204765,0.5954406839972386
alps_east_2020-06-29T06:00:00,alps_east,local,low_near,t1,q850_trace,precip_zwd,zwd,57.72747747747748,351.25262583833603,2.0959887478966266e-06,1.0,850,0.0,0.0,1.0,1.0,0.0,126.06182861328125,126.17457580566406,126.14091491699219,0.1127471923828125,0.0790863037109375,0.0168304443359375,0.095916748046875,0.095916748046875,False,dec_s0,decoder,0,8,0.005194434663280845,0.0027969010698143393,0.0033490360947325826,0.0024870931811165065,0.36136380923490463,0.5742265209775974
alps_east_2020-06-29T06:00:00,alps_east,local,low_near,t1,q850_trace,precip_zwd,zwd,57.72747747747748,351.25262583833603,2.0959887478966266e-06,1.0,850,0.0,0.0,1.0,1.0,0.0,126.06182861328125,126.17457580566406,126.14091491699219,0.1127471923828125,0.0790863037109375,0.0168304443359375,0.095916748046875,0.095916748046875,False,dec_s1,decoder,1,10,0.0053884940687567,0.004227597941644489,0.003742791689001024,0.0030711944447830318,0.23541514817916215,0.5535426667101425
alps_east_2020-06-29T06:00:00,alps_east,local,low_near,t1,q850_trace,precip_zwd,zwd,57.72747747747748,351.25262583833603,2.0959887478966266e-06,1.0,850,0.0,0.0,1.0,1.0,0.0,126.06182861328125,126.17457580566406,126.14091491699219,0.1127471923828125,0.0790863037109375,0.0168304443359375,0.095916748046875,0.095916748046875,False,dec_s2,decoder,2,6,0.015799948014318943,0.014507805618147055,0.012905167260517677,0.007968923853089413,0.5215045601425486,0.6183376716321268
alps_east_2020-06-29T06:00:00,alps_east,synoptic,hotspot,t1,q850_trace,precip_zwd,precip,50.22747747747748,8.752625838336058,0.0001581767137395218,1.0,850,0.0,0.004119016552818072,1.0,0.9971609242037252,0.0028390757962748836,3.7965943813323975,3.280714273452759,3.4589383602142334,-0.5158801078796387,-0.33765602111816406,-0.0891120433807373,-0.42676806449890137,0.42676806449890137,False,enc_s0,encoder,0,6,0.01773361675441265,0.01656675369789203,0.016517809436966974,0.004646431499471267,0.8563746527246656,0.7795495884985472
alps_east_2020-06-29T06:00:00,alps_east,synoptic,hotspot,t1,q850_trace,precip_zwd,precip,50.22747747747748,8.752625838336058,0.0001581767137395218,1.0,850,0.0,0.004119016552818072,1.0,0.9971609242037252,0.0028390757962748836,3.7965943813323975,3.280714273452759,3.4589383602142334,-0.5158801078796387,-0.33765602111816406,-0.0891120433807373,-0.42676806449890137,0.42676806449890137,False,enc_s1,encoder,1,10,0.0137434471398592,0.009458094416186214,0.010273960139602422,0.005775840696878731,0.5867410831529478,0.6487258367892995
alps_east_2020-06-29T06:00:00,alps_east,synoptic,hotspot,t1,q850_trace,precip_zwd,precip,50.22747747747748,8.752625838336058,0.0001581767137395218,1.0,850,0.0,0.004119016552818072,1.0,0.9971609242037252,0.0028390757962748836,3.7965943813323975,3.280714273452759,3.4589383602142334,-0.5158801078796387,-0.33765602111816406,-0.0891120433807373,-0.42676806449890137,0.42676806449890137,False,enc_s2,encoder,2,8,0.0060246349312365055,0.0038593495846726,0.004261309048160911,0.0027271496364846826,0.47354791339543223,0.6098597341548502
alps_east_2020-06-29T06:00:00,alps_east,synoptic,hotspot,t1,q850_trace,precip_zwd,precip,50.22747747747748,8.752625838336058,0.0001581767137395218,1.0,850,0.0,0.004119016552818072,1.0,0.9971609242037252,0.0028390757962748836,3.7965943813323975,3.280714273452759,3.4589383602142334,-0.5158801078796387,-0.33765602111816406,-0.0891120433807373,-0.42676806449890137,0.42676806449890137,False,dec_s0,decoder,0,8,0.008936600643210113,0.005491419229656458,0.006186215148773044,0.004091367562068626,0.4539097393689817,0.6021165640042778
alps_east_2020-06-29T06:00:00,alps_east,synoptic,hotspot,t1,q850_trace,precip_zwd,precip,50.22747747747748,8.752625838336058,0.0001581767137395218,1.0,850,0.0,0.004119016552818072,1.0,0.9971609242037252,0.0028390757962748836,3.7965943813323975,3.280714273452759,3.4589383602142334,-0.5158801078796387,-0.33765602111816406,-0.0891120433807373,-0.42676806449890137,0.42676806449890137,False,dec_s1,decoder,1,10,0.007835689606145025,0.00720168799161911,0.006102424603886903,0.004407277540303766,0.3599353307258189,0.5844092644240042
alps_east_2020-06-29T06:00:00,alps_east,synoptic,hotspot,t1,q850_trace,precip_zwd,precip,50.22747747747748,8.752625838336058,0.0001581767137395218,1.0,850,0.0,0.004119016552818072,1.0,0.9971609242037252,0.0028390757962748836,3.7965943813323975,3.280714273452759,3.4589383602142334,-0.5158801078796387,-0.33765602111816406,-0.0891120433807373,-0.42676806449890137,0.42676806449890137,False,dec_s2,decoder,2,6,0.025463195828100044,0.024151968769729137,0.02148161766429742,0.012423334022363028,0.5513203196402833,0.6337026437552791
alps_east_2020-06-29T06:00:00,alps_east,synoptic,hotspot,t1,q850_trace,precip_only,precip,50.22747747747748,8.752625838336058,0.0001581767137395218,1.0,850,0.0,0.004119016552818072,1.0,0.9971609242037252,0.0028390757962748836,3.2875254154205322,2.759270668029785,3.0306990146636963,-0.5282547473907471,-0.25682640075683594,-0.13571417331695557,-0.3925405740737915,0.3925405740737915,False,enc_s0,encoder,0,6,0.01770077645778656,0.016282987625648577,0.016360058759649593,0.004642599805568655,0.8551302708847713,0.7780753517883543
alps_east_2020-06-29T06:00:00,alps_east,synoptic,hotspot,t1,q850_trace,precip_only,precip,50.22747747747748,8.752625838336058,0.0001581767137395218,1.0,850,0.0,0.004119016552818072,1.0,0.9971609242037252,0.0028390757962748836,3.2875254154205322,2.759270668029785,3.0306990146636963,-0.5282547473907471,-0.25682640075683594,-0.13571417331695557,-0.3925405740737915,0.3925405740737915,False,enc_s1,encoder,1,10,0.013971823826432228,0.009444216778501869,0.010319954343140125,0.005959034082479775,0.5719041126809118,0.6427113405555521
alps_east_2020-06-29T06:00:00,alps_east,synoptic,hotspot,t1,q850_trace,precip_only,precip,50.22747747747748,8.752625838336058,0.0001581767137395218,1.0,850,0.0,0.004119016552818072,1.0,0.9971609242037252,0.0028390757962748836,3.2875254154205322,2.759270668029785,3.0306990146636963,-0.5282547473907471,-0.25682640075683594,-0.13571417331695557,-0.3925405740737915,0.3925405740737915,False,enc_s2,encoder,2,8,0.0064151628175750375,0.003980849724030122,0.0044582795817404985,0.002936926990514621,0.4523765172314196,0.6029705024165817
alps_east_2020-06-29T06:00:00,alps_east,synoptic,hotspot,t1,q850_trace,precip_only,precip,50.22747747747748,8.752625838336058,0.0001581767137395218,1.0,850,0.0,0.004119016552818072,1.0,0.9971609242037252,0.0028390757962748836,3.2875254154205322,2.759270668029785,3.0306990146636963,-0.5282547473907471,-0.25682640075683594,-0.13571417331695557,-0.3925405740737915,0.3925405740737915,False,dec_s0,decoder,0,8,0.009841358289122581,0.005662468320224434,0.006616444268729538,0.004547566088149324,0.4281290228883228,0.5928603857395547
alps_east_2020-06-29T06:00:00,alps_east,synoptic,hotspot,t1,q850_trace,precip_only,precip,50.22747747747748,8.752625838336058,0.0001581767137395218,1.0,850,0.0,0.004119016552818072,1.0,0.9971609242037252,0.0028390757962748836,3.2875254154205322,2.759270668029785,3.0306990146636963,-0.5282547473907471,-0.25682640075683594,-0.13571417331695557,-0.3925405740737915,0.3925405740737915,False,dec_s1,decoder,1,10,0.007999118603765964,0.007186964387074113,0.006099106254987418,0.00454508657567203,0.3274524294408113,0.5763008118201121
alps_east_2020-06-29T06:00:00,alps_east,synoptic,hotspot,t1,q850_trace,precip_only,precip,50.22747747747748,8.752625838336058,0.0001581767137395218,1.0,850,0.0,0.004119016552818072,1.0,0.9971609242037252,0.0028390757962748836,3.2875254154205322,2.759270668029785,3.0306990146636963,-0.5282547473907471,-0.25682640075683594,-0.13571417331695557,-0.3925405740737915,0.3925405740737915,False,dec_s2,decoder,2,6,0.026243225981791813,0.024950827782352764,0.021946588531136513,0.01318621247385939,0.5184126842530613,0.624955157895009
alps_east_2020-06-29T06:00:00,alps_east,synoptic,low_near,t1,q850_trace,precip_zwd,precip,30.22747747747748,18.75262583833606,1.5600626284140162e-05,1.0,850,0.0,0.006735983971812498,1.0,0.9941714463220398,0.0058285536779601735,3.7965943813323975,3.7988052368164062,3.801628589630127,0.002210855484008789,0.005034208297729492,-0.0014116764068603516,0.0036225318908691406,0.0036225318908691406,False,enc_s0,encoder,0,6,0.012174244659642378,0.01312109703818957,0.012286205931256214,0.0030368640242765346,0.8908594957149147,0.8013073692827152
alps_east_2020-06-29T06:00:00,alps_east,synoptic,low_near,t1,q850_trace,precip_zwd,precip,30.22747747747748,18.75262583833606,1.5600626284140162e-05,1.0,850,0.0,0.006735983971812498,1.0,0.9941714463220398,0.0058285536779601735,3.7965943813323975,3.7988052368164062,3.801628589630127,0.002210855484008789,0.005034208297729492,-0.0014116764068603516,0.0036225318908691406,0.0036225318908691406,False,enc_s1,encoder,1,10,0.005916166072711349,0.006841347739100456,0.005852394131943583,0.0024435540894046427,0.7391253606472423,0.7254760698190094
alps_east_2020-06-29T06:00:00,alps_east,synoptic,low_near,t1,q850_trace,precip_zwd,precip,30.22747747747748,18.75262583833606,1.5600626284140162e-05,1.0,850,0.0,0.006735983971812498,1.0,0.9941714463220398,0.0058285536779601735,3.7965943813323975,3.7988052368164062,3.801628589630127,0.002210855484008789,0.005034208297729492,-0.0014116764068603516,0.0036225318908691406,0.0036225318908691406,False,enc_s2,encoder,2,8,0.0027035532984882593,0.0028991256840527058,0.002570252021541819,0.001118221291108057,0.7094764309474068,0.6969493255195853
alps_east_2020-06-29T06:00:00,alps_east,synoptic,low_near,t1,q850_trace,precip_zwd,precip,30.22747747747748,18.75262583833606,1.5600626284140162e-05,1.0,850,0.0,0.006735983971812498,1.0,0.9941714463220398,0.0058285536779601735,3.7965943813323975,3.7988052368164062,3.801628589630127,0.002210855484008789,0.005034208297729492,-0.0014116764068603516,0.0036225318908691406,0.0036225318908691406,False,dec_s0,decoder,0,8,0.0034764943993650377,0.0037454707780852914,0.0032261510204989463,0.0016262083954643458,0.622446442180517,0.6657937012387216
alps_east_2020-06-29T06:00:00,alps_east,synoptic,low_near,t1,q850_trace,precip_zwd,precip,30.22747747747748,18.75262583833606,1.5600626284140162e-05,1.0,850,0.0,0.006735983971812498,1.0,0.9941714463220398,0.0058285536779601735,3.7965943813323975,3.7988052368164062,3.801628589630127,0.002210855484008789,0.005034208297729492,-0.0014116764068603516,0.0036225318908691406,0.0036225318908691406,False,dec_s1,decoder,1,10,0.005272635049186647,0.0055086899548768995,0.004764889879152179,0.0025229671853594484,0.622133544980406,0.6560063460998997
alps_east_2020-06-29T06:00:00,alps_east,synoptic,low_near,t1,q850_trace,precip_zwd,precip,30.22747747747748,18.75262583833606,1.5600626284140162e-05,1.0,850,0.0,0.006735983971812498,1.0,0.9941714463220398,0.0058285536779601735,3.7965943813323975,3.7988052368164062,3.801628589630127,0.002210855484008789,0.005034208297729492,-0.0014116764068603516,0.0036225318908691406,0.0036225318908691406,False,dec_s2,decoder,2,6,0.019837711937725544,0.019786714265743893,0.01846323348581791,0.007186089487125476,0.8273582665981284,0.7198582233129601
alps_east_2020-06-29T06:00:00,alps_east,synoptic,low_near,t1,q850_trace,precip_only,precip,30.22747747747748,18.75262583833606,1.5600626284140162e-05,1.0,850,0.0,0.006735983971812498,1.0,0.9941714463220398,0.0058285536779601735,3.2875254154205322,3.272787570953369,3.286512613296509,-0.014737844467163086,-0.0010128021240234375,-0.006862521171569824,-0.007875323295593262,0.007875323295593262,False,enc_s0,encoder,0,6,0.011844138925274214,0.012614288832992315,0.01187027059495449,0.0029639495769515634,0.8882016513455523,0.7996471219151454
alps_east_2020-06-29T06:00:00,alps_east,synoptic,low_near,t1,q850_trace,precip_only,precip,30.22747747747748,18.75262583833606,1.5600626284140162e-05,1.0,850,0.0,0.006735983971812498,1.0,0.9941714463220398,0.0058285536779601735,3.2875254154205322,3.272787570953369,3.286512613296509,-0.014737844467163086,-0.0010128021240234375,-0.006862521171569824,-0.007875323295593262,0.007875323295593262,False,enc_s1,encoder,1,10,0.005741209536790848,0.00660730036906898,0.005636163661256433,0.0024226858862675727,0.7255880345761441,0.7202550402402291
alps_east_2020-06-29T06:00:00,alps_east,synoptic,low_near,t1,q850_trace,precip_only,precip,30.22747747747748,18.75262583833606,1.5600626284140162e-05,1.0,850,0.0,0.006735983971812498,1.0,0.9941714463220398,0.0058285536779601735,3.2875254154205322,3.272787570953369,3.286512613296509,-0.014737844467163086,-0.0010128021240234375,-0.006862521171569824,-0.007875323295593262,0.007875323295593262,False,enc_s2,encoder,2,8,0.0026905648119281977,0.0028708640893455595,0.0025407753710169345,0.0011333516158629209,0.6951179833310814,0.691653136281835
alps_east_2020-06-29T06:00:00,alps_east,synoptic,low_near,t1,q850_trace,precip_only,precip,30.22747747747748,18.75262583833606,1.5600626284140162e-05,1.0,850,0.0,0.006735983971812498,1.0,0.9941714463220398,0.0058285536779601735,3.2875254154205322,3.272787570953369,3.286512613296509,-0.014737844467163086,-0.0010128021240234375,-0.006862521171569824,-0.007875323295593262,0.007875323295593262,False,dec_s0,decoder,0,8,0.0034467348596081138,0.003699414082802832,0.003171798831317574,0.001648506906349212,0.6006289669386178,0.6589655534098681
alps_east_2020-06-29T06:00:00,alps_east,synoptic,low_near,t1,q850_trace,precip_only,precip,30.22747747747748,18.75262583833606,1.5600626284140162e-05,1.0,850,0.0,0.006735983971812498,1.0,0.9941714463220398,0.0058285536779601735,3.2875254154205322,3.272787570953369,3.286512613296509,-0.014737844467163086,-0.0010128021240234375,-0.006862521171569824,-0.007875323295593262,0.007875323295593262,False,dec_s1,decoder,1,10,0.004949457896873355,0.005070494464598596,0.0043535516131669285,0.0024798013851977884,0.56317083478104,0.6390271734065485
alps_east_2020-06-29T06:00:00,alps_east,synoptic,low_near,t1,q850_trace,precip_only,precip,30.22747747747748,18.75262583833606,1.5600626284140162e-05,1.0,850,0.0,0.006735983971812498,1.0,0.9941714463220398,0.0058285536779601735,3.2875254154205322,3.272787570953369,3.286512613296509,-0.014737844467163086,-0.0010128021240234375,-0.006862521171569824,-0.007875323295593262,0.007875323295593262,False,dec_s2,decoder,2,6,0.01950560137629509,0.01907292101532221,0.017889192948738735,0.007218327683707078,0.8134147353137945,0.7125382467620952
alps_east_2020-06-29T06:00:00,alps_east,synoptic,hotspot,t1,q850_trace,precip_zwd,zwd,50.22747747747748,8.752625838336058,0.0001581767137395218,1.0,850,0.0,0.004119016552818072,1.0,0.9971609242037252,0.0028390757962748836,126.06182861328125,120.337158203125,126.29737854003906,-5.72467041015625,0.2355499267578125,-2.9801101684570312,-2.7445602416992188,2.9801101684570312,True,enc_s0,encoder,0,6,0.01773361675441265,0.01656675369789203,0.016517809436966974,0.004646431499471267,0.8563746527246656,0.7795495884985472
alps_east_2020-06-29T06:00:00,alps_east,synoptic,hotspot,t1,q850_trace,precip_zwd,zwd,50.22747747747748,8.752625838336058,0.0001581767137395218,1.0,850,0.0,0.004119016552818072,1.0,0.9971609242037252,0.0028390757962748836,126.06182861328125,120.337158203125,126.29737854003906,-5.72467041015625,0.2355499267578125,-2.9801101684570312,-2.7445602416992188,2.9801101684570312,True,enc_s1,encoder,1,10,0.0137434471398592,0.009458094416186214,0.010273960139602422,0.005775840696878731,0.5867410831529478,0.6487258367892995
alps_east_2020-06-29T06:00:00,alps_east,synoptic,hotspot,t1,q850_trace,precip_zwd,zwd,50.22747747747748,8.752625838336058,0.0001581767137395218,1.0,850,0.0,0.004119016552818072,1.0,0.9971609242037252,0.0028390757962748836,126.06182861328125,120.337158203125,126.29737854003906,-5.72467041015625,0.2355499267578125,-2.9801101684570312,-2.7445602416992188,2.9801101684570312,True,enc_s2,encoder,2,8,0.0060246349312365055,0.0038593495846726,0.004261309048160911,0.0027271496364846826,0.47354791339543223,0.6098597341548502
alps_east_2020-06-29T06:00:00,alps_east,synoptic,hotspot,t1,q850_trace,precip_zwd,zwd,50.22747747747748,8.752625838336058,0.0001581767137395218,1.0,850,0.0,0.004119016552818072,1.0,0.9971609242037252,0.0028390757962748836,126.06182861328125,120.337158203125,126.29737854003906,-5.72467041015625,0.2355499267578125,-2.9801101684570312,-2.7445602416992188,2.9801101684570312,True,dec_s0,decoder,0,8,0.008936600643210113,0.005491419229656458,0.006186215148773044,0.004091367562068626,0.4539097393689817,0.6021165640042778
alps_east_2020-06-29T06:00:00,alps_east,synoptic,hotspot,t1,q850_trace,precip_zwd,zwd,50.22747747747748,8.752625838336058,0.0001581767137395218,1.0,850,0.0,0.004119016552818072,1.0,0.9971609242037252,0.0028390757962748836,126.06182861328125,120.337158203125,126.29737854003906,-5.72467041015625,0.2355499267578125,-2.9801101684570312,-2.7445602416992188,2.9801101684570312,True,dec_s1,decoder,1,10,0.007835689606145025,0.00720168799161911,0.006102424603886903,0.004407277540303766,0.3599353307258189,0.5844092644240042
alps_east_2020-06-29T06:00:00,alps_east,synoptic,hotspot,t1,q850_trace,precip_zwd,zwd,50.22747747747748,8.752625838336058,0.0001581767137395218,1.0,850,0.0,0.004119016552818072,1.0,0.9971609242037252,0.0028390757962748836,126.06182861328125,120.337158203125,126.29737854003906,-5.72467041015625,0.2355499267578125,-2.9801101684570312,-2.7445602416992188,2.9801101684570312,True,dec_s2,decoder,2,6,0.025463195828100044,0.024151968769729137,0.02148161766429742,0.012423334022363028,0.5513203196402833,0.6337026437552791
alps_east_2020-06-29T06:00:00,alps_east,synoptic,low_near,t1,q850_trace,precip_zwd,zwd,30.22747747747748,18.75262583833606,1.5600626284140162e-05,1.0,850,0.0,0.006735983971812498,1.0,0.9941714463220398,0.0058285536779601735,126.06182861328125,126.03345489501953,126.17597198486328,-0.02837371826171875,0.11414337158203125,-0.071258544921875,0.04288482666015625,0.071258544921875,True,enc_s0,encoder,0,6,0.012174244659642378,0.01312109703818957,0.012286205931256214,0.0030368640242765346,0.8908594957149147,0.8013073692827152
alps_east_2020-06-29T06:00:00,alps_east,synoptic,low_near,t1,q850_trace,precip_zwd,zwd,30.22747747747748,18.75262583833606,1.5600626284140162e-05,1.0,850,0.0,0.006735983971812498,1.0,0.9941714463220398,0.0058285536779601735,126.06182861328125,126.03345489501953,126.17597198486328,-0.02837371826171875,0.11414337158203125,-0.071258544921875,0.04288482666015625,0.071258544921875,True,enc_s1,encoder,1,10,0.005916166072711349,0.006841347739100456,0.005852394131943583,0.0024435540894046427,0.7391253606472423,0.7254760698190094
alps_east_2020-06-29T06:00:00,alps_east,synoptic,low_near,t1,q850_trace,precip_zwd,zwd,30.22747747747748,18.75262583833606,1.5600626284140162e-05,1.0,850,0.0,0.006735983971812498,1.0,0.9941714463220398,0.0058285536779601735,126.06182861328125,126.03345489501953,126.17597198486328,-0.02837371826171875,0.11414337158203125,-0.071258544921875,0.04288482666015625,0.071258544921875,True,enc_s2,encoder,2,8,0.0027035532984882593,0.0028991256840527058,0.002570252021541819,0.001118221291108057,0.7094764309474068,0.6969493255195853
alps_east_2020-06-29T06:00:00,alps_east,synoptic,low_near,t1,q850_trace,precip_zwd,zwd,30.22747747747748,18.75262583833606,1.5600626284140162e-05,1.0,850,0.0,0.006735983971812498,1.0,0.9941714463220398,0.0058285536779601735,126.06182861328125,126.03345489501953,126.17597198486328,-0.02837371826171875,0.11414337158203125,-0.071258544921875,0.04288482666015625,0.071258544921875,True,dec_s0,decoder,0,8,0.0034764943993650377,0.0037454707780852914,0.0032261510204989463,0.0016262083954643458,0.622446442180517,0.6657937012387216
alps_east_2020-06-29T06:00:00,alps_east,synoptic,low_near,t1,q850_trace,precip_zwd,zwd,30.22747747747748,18.75262583833606,1.5600626284140162e-05,1.0,850,0.0,0.006735983971812498,1.0,0.9941714463220398,0.0058285536779601735,126.06182861328125,126.03345489501953,126.17597198486328,-0.02837371826171875,0.11414337158203125,-0.071258544921875,0.04288482666015625,0.071258544921875,True,dec_s1,decoder,1,10,0.005272635049186647,0.0055086899548768995,0.004764889879152179,0.0025229671853594484,0.622133544980406,0.6560063460998997
alps_east_2020-06-29T06:00:00,alps_east,synoptic,low_near,t1,q850_trace,precip_zwd,zwd,30.22747747747748,18.75262583833606,1.5600626284140162e-05,1.0,850,0.0,0.006735983971812498,1.0,0.9941714463220398,0.0058285536779601735,126.06182861328125,126.03345489501953,126.17597198486328,-0.02837371826171875,0.11414337158203125,-0.071258544921875,0.04288482666015625,0.071258544921875,True,dec_s2,decoder,2,6,0.019837711937725544,0.019786714265743893,0.01846323348581791,0.007186089487125476,0.8273582665981284,0.7198582233129601
andes_2020-03-25T12:00:00,andes,local,hotspot,t1,q850_trace,precip_zwd,precip,-32.52252252252252,290.54529172445586,0.00013807686627842486,1.0,850,0.0,0.00641025641025641,1.0,0.9943908805094404,0.005609119490559675,1.5746012926101685,1.748927354812622,1.281300663948059,0.1743260622024536,-0.2933006286621094,0.2338133454322815,-0.05948728322982788,0.2338133454322815,True,enc_s0,encoder,0,6,0.005285488519196709,0.005333293151731293,0.005131409891570608,0.001359986044311275,0.8764848586520371,0.7895891765417704
andes_2020-03-25T12:00:00,andes,local,hotspot,t1,q850_trace,precip_zwd,precip,-32.52252252252252,290.54529172445586,0.00013807686627842486,1.0,850,0.0,0.00641025641025641,1.0,0.9943908805094404,0.005609119490559675,1.5746012926101685,1.748927354812622,1.281300663948059,0.1743260622024536,-0.2933006286621094,0.2338133454322815,-0.05948728322982788,0.2338133454322815,True,enc_s1,encoder,1,10,0.003940414264798164,0.003308996162377298,0.0031406070571392774,0.0017749948136042803,0.5838541882812924,0.6628256810750759
andes_2020-03-25T12:00:00,andes,local,hotspot,t1,q850_trace,precip_zwd,precip,-32.52252252252252,290.54529172445586,0.00013807686627842486,1.0,850,0.0,0.00641025641025641,1.0,0.9943908805094404,0.005609119490559675,1.5746012926101685,1.748927354812622,1.281300663948059,0.1743260622024536,-0.2933006286621094,0.2338133454322815,-0.05948728322982788,0.2338133454322815,True,enc_s2,encoder,2,8,0.001630044513149187,0.001431634373147972,0.0013028099201619625,0.0008099318656604737,0.45847244255889696,0.6166920321591186
andes_2020-03-25T12:00:00,andes,local,hotspot,t1,q850_trace,precip_zwd,precip,-32.52252252252252,290.54529172445586,0.00013807686627842486,1.0,850,0.0,0.00641025641025641,1.0,0.9943908805094404,0.005609119490559675,1.5746012926101685,1.748927354812622,1.281300663948059,0.1743260622024536,-0.2933006286621094,0.2338133454322815,-0.05948728322982788,0.2338133454322815,True,dec_s0,decoder,0,8,0.0023518584930570796,0.002110738671035506,0.001852311019320041,0.0012495273185777478,0.3905451367181928,0.598100605502898
andes_2020-03-25T12:00:00,andes,local,hotspot,t1,q850_trace,precip_zwd,precip,-32.52252252252252,290.54529172445586,0.00013807686627842486,1.0,850,0.0,0.00641025641025641,1.0,0.9943908805094404,0.005609119490559675,1.5746012926101685,1.748927354812622,1.281300663948059,0.1743260622024536,-0.2933006286621094,0.2338133454322815,-0.05948728322982788,0.2338133454322815,True,dec_s1,decoder,1,10,0.003338119329418987,0.0032495673513039947,0.0024602322489954533,0.0021887699142098425,0.10209526948994832,0.5245053224823175
andes_2020-03-25T12:00:00,andes,local,hotspot,t1,q850_trace,precip_zwd,precip,-32.52252252252252,290.54529172445586,0.00013807686627842486,1.0,850,0.0,0.00641025641025641,1.0,0.9943908805094404,0.005609119490559675,1.5746012926101685,1.748927354812622,1.281300663948059,0.1743260622024536,-0.2933006286621094,0.2338133454322815,-0.05948728322982788,0.2338133454322815,True,dec_s2,decoder,2,6,0.011949869804084301,0.011328930966556072,0.009885228238999844,0.006152400281280279,0.4960645766631817,0.6162952871806633
andes_2020-03-25T12:00:00,andes,local,hotspot,t1,q850_trace,precip_only,precip,-32.52252252252252,290.54529172445586,0.00013807686627842486,1.0,850,0.0,0.00641025641025641,1.0,0.9943908805094404,0.005609119490559675,1.3489608764648438,1.5601224899291992,0.9465904831886292,0.21116161346435547,-0.4023703932762146,0.30676600337028503,-0.09560438990592957,0.30676600337028503,True,enc_s0,encoder,0,6,0.005208286767204602,0.005224544554948807,0.005037274677306414,0.0013517504169916112,0.8735400836188179,0.7874827173126651
andes_2020-03-25T12:00:00,andes,local,hotspot,t1,q850_trace,precip_only,precip,-32.52252252252252,290.54529172445586,0.00013807686627842486,1.0,850,0.0,0.00641025641025641,1.0,0.9943908805094404,0.005609119490559675,1.3489608764648438,1.5601224899291992,0.9465904831886292,0.21116161346435547,-0.4023703932762146,0.30676600337028503,-0.09560438990592957,0.30676600337028503,True,enc_s1,encoder,1,10,0.003927930537611246,0.003281698562204838,0.0031129840994253755,0.0017890471732243895,0.5726479524021006,0.6584137581621168
andes_2020-03-25T12:00:00,andes,local,hotspot,t1,q850_trace,precip_only,precip,-32.52252252252252,290.54529172445586,0.00013807686627842486,1.0,850,0.0,0.00641025641025641,1.0,0.9943908805094404,0.005609119490559675,1.3489608764648438,1.5601224899291992,0.9465904831886292,0.21116161346435547,-0.4023703932762146,0.30676600337028503,-0.09560438990592957,0.30676600337028503,True,enc_s2,encoder,2,8,0.0016593746113358065,0.0014462928229477257,0.001316764042712748,0.0008299256660393439,0.447294186801961,0.6134327410828758
andes_2020-03-25T12:00:00,andes,local,hotspot,t1,q850_trace,precip_only,precip,-32.52252252252252,290.54529172445586,0.00013807686627842486,1.0,850,0.0,0.00641025641025641,1.0,0.9943908805094404,0.005609119490559675,1.3489608764648438,1.5601224899291992,0.9465904831886292,0.21116161346435547,-0.4023703932762146,0.30676600337028503,-0.09560438990592957,0.30676600337028503,True,dec_s0,decoder,0,8,0.0023817917390260845,0.002126121849869378,0.0018664467934286222,0.0012697848724201322,0.3828699573422355,0.5959772942546766
andes_2020-03-25T12:00:00,andes,local,hotspot,t1,q850_trace,precip_only,precip,-32.52252252252252,290.54529172445586,0.00013807686627842486,1.0,850,0.0,0.00641025641025641,1.0,0.9943908805094404,0.005609119490559675,1.3489608764648438,1.5601224899291992,0.9465904831886292,0.21116161346435547,-0.4023703932762146,0.30676600337028503,-0.09560438990592957,0.30676600337028503,True,dec_s1,decoder,1,10,0.003252081910613924,0.0031736916163936256,0.0023712314083240925,0.002166687848512083,0.0758329271035592,0.5181768996511597
andes_2020-03-25T12:00:00,andes,local,hotspot,t1,q850_trace,precip_only,precip,-32.52252252252252,290.54529172445586,0.00013807686627842486,1.0,850,0.0,0.00641025641025641,1.0,0.9943908805094404,0.005609119490559675,1.3489608764648438,1.5601224899291992,0.9465904831886292,0.21116161346435547,-0.4023703932762146,0.30676600337028503,-0.09560438990592957,0.30676600337028503,True,dec_s2,decoder,2,6,0.01177206744129459,0.011309771332889795,0.00974170258268714,0.006192263138170044,0.4773866458602766,0.6112835241822515
andes_2020-03-25T12:00:00,andes,local,low_near,t1,q850_trace,precip_zwd,precip,-42.52252252252252,275.54529172445586,2.205087639595149e-06,1.0,850,0.0,0.0,1.0,1.0,0.0,1.5746012926101685,1.5723804235458374,1.5737007856369019,-0.0022208690643310547,-0.0009005069732666016,-0.0006601810455322266,-0.0015606880187988281,0.0015606880187988281,False,enc_s0,encoder,0,6,0.005652606642494599,0.005856109783053398,0.005597708436350028,0.00133730909631898,0.9012787913394597,0.8066969873233131
andes_2020-03-25T12:00:00,andes,local,low_near,t1,q850_trace,precip_zwd,precip,-42.52252252252252,275.54529172445586,2.205087639595149e-06,1.0,850,0.0,0.0,1.0,1.0,0.0,1.5746012926101685,1.5723804235458374,1.5737007856369019,-0.0022208690643310547,-0.0009005069732666016,-0.0006601810455322266,-0.0015606880187988281,0.0015606880187988281,False,enc_s1,encoder,1,10,0.003544666338711977,0.0033258694456890225,0.002954415115527809,0.0016539868840482086,0.5771680256412463,0.6677492357437778
andes_2020-03-25T12:00:00,andes,local,low_near,t1,q850_trace,precip_zwd,precip,-42.52252252252252,275.54529172445586,2.205087639595149e-06,1.0,850,0.0,0.0,1.0,1.0,0.0,1.5746012926101685,1.5723804235458374,1.5737007856369019,-0.0022208690643310547,-0.0009005069732666016,-0.0006601810455322266,-0.0015606880187988281,0.0015606880187988281,False,enc_s2,encoder,2,8,0.0016030351689551026,0.0014771357091376558,0.0013384137710090727,0.0007643523786100559,0.5239265129277685,0.63660659226274
andes_2020-03-25T12:00:00,andes,local,low_near,t1,q850_trace,precip_zwd,precip,-42.52252252252252,275.54529172445586,2.205087639595149e-06,1.0,850,0.0,0.0,1.0,1.0,0.0,1.5746012926101685,1.5723804235458374,1.5737007856369019,-0.0022208690643310547,-0.0009005069732666016,-0.0006601810455322266,-0.0015606880187988281,0.0015606880187988281,False,dec_s0,decoder,0,8,0.002045401750365272,0.0018978212174260989,0.0016179571393877268,0.0011273273703409359,0.3613047107804969,0.5908780652222944
andes_2020-03-25T12:00:00,andes,local,low_near,t1,q850_trace,precip_zwd,precip,-42.52252252252252,275.54529172445586,2.205087639595149e-06,1.0,850,0.0,0.0,1.0,1.0,0.0,1.5746012926101685,1.5723804235458374,1.5737007856369019,-0.0022208690643310547,-0.0009005069732666016,-0.0006601810455322266,-0.0015606880187988281,0.0015606880187988281,False,dec_s1,decoder,1,10,0.0038012156495824457,0.0033412638120353224,0.0027544119860976935,0.0022844602470286192,0.20524943722347194,0.5485584193204077
andes_2020-03-25T12:00:00,andes,local,low_near,t1,q850_trace,precip_zwd,precip,-42.52252252252252,275.54529172445586,2.205087639595149e-06,1.0,850,0.0,0.0,1.0,1.0,0.0,1.5746012926101685,1.5723804235458374,1.5737007856369019,-0.0022208690643310547,-0.0009005069732666016,-0.0006601810455322266,-0.0015606880187988281,0.0015606880187988281,False,dec_s2,decoder,2,6,0.012672259627530972,0.011875090344498554,0.010735746938735247,0.005961772209654252,0.6068635055461237,0.6428666239763512
andes_2020-03-25T12:00:00,andes,local,low_near,t1,q850_trace,precip_only,precip,-42.52252252252252,275.54529172445586,2.205087639595149e-06,1.0,850,0.0,0.0,1.0,1.0,0.0,1.3489608764648438,1.3501853942871094,1.3502261638641357,0.001224517822265625,0.0012652873992919922,-2.0384788513183594e-05,0.0012449026107788086,0.0012449026107788086,False,enc_s0,encoder,0,6,0.005494775638605158,0.005682464766626556,0.005437395768240094,0.0012949958715277414,0.9020180800404515,0.8071668078883557
andes_2020-03-25T12:00:00,andes,local,low_near,t1,q850_trace,precip_only,precip,-42.52252252252252,275.54529172445586,2.205087639595149e-06,1.0,850,0.0,0.0,1.0,1.0,0.0,1.3489608764648438,1.3501853942871094,1.3502261638641357,0.001224517822265625,0.0012652873992919922,-2.0384788513183594e-05,0.0012449026107788086,0.0012449026107788086,False,enc_s1,encoder,1,10,0.0035264377482235433,0.003265238692983985,0.0029114702716469764,0.0016557726892642676,0.5666522623203702,0.6637531704990223
andes_2020-03-25T12:00:00,andes,local,low_near,t1,q850_trace,precip_only,precip,-42.52252252252252,275.54529172445586,2.205087639595149e-06,1.0,850,0.0,0.0,1.0,1.0,0.0,1.3489608764648438,1.3501853942871094,1.3502261638641357,0.001224517822265625,0.0012652873992919922,-2.0384788513183594e-05,0.0012449026107788086,0.0012449026107788086,False,enc_s2,encoder,2,8,0.0016449316608486697,0.0014914920466253534,0.0013626323925564066,0.0007798644146532752,0.5230113998801138,0.6361025007669447
andes_2020-03-25T12:00:00,andes,local,low_near,t1,q850_trace,precip_only,precip,-42.52252252252252,275.54529172445586,2.205087639595149e-06,1.0,850,0.0,0.0,1.0,1.0,0.0,1.3489608764648438,1.3501853942871094,1.3502261638641357,0.001224517822265625,0.0012652873992919922,-2.0384788513183594e-05,0.0012449026107788086,0.0012449026107788086,False,dec_s0,decoder,0,8,0.0020870166190434247,0.0019104547682218254,0.0016400613822042942,0.0011439833760960028,0.36075325677866,0.5906015637290369
andes_2020-03-25T12:00:00,andes,local,low_near,t1,q850_trace,precip_only,precip,-42.52252252252252,275.54529172445586,2.205087639595149e-06,1.0,850,0.0,0.0,1.0,1.0,0.0,1.3489608764648438,1.3501853942871094,1.3502261638641357,0.001224517822265625,0.0012652873992919922,-2.0384788513183594e-05,0.0012449026107788086,0.0012449026107788086,False,dec_s1,decoder,1,10,0.003686450724489987,0.003193880314938724,0.0026010179077275097,0.0022646815865300595,0.15347232108998357,0.5361999675780078
andes_2020-03-25T12:00:00,andes,local,low_near,t1,q850_trace,precip_only,precip,-42.52252252252252,275.54529172445586,2.205087639595149e-06,1.0,850,0.0,0.0,1.0,1.0,0.0,1.3489608764648438,1.3501853942871094,1.3502261638641357,0.001224517822265625,0.0012652873992919922,-2.0384788513183594e-05,0.0012449026107788086,0.0012449026107788086,False,dec_s2,decoder,2,6,0.01282081799581647,0.011820210920025906,0.010716996310899654,0.006098597077652812,0.588363501144629,0.6373040780640702
andes_2020-03-25T12:00:00,andes,local,hotspot,t1,q850_trace,precip_zwd,zwd,-32.52252252252252,290.54529172445586,0.00013807686627842486,1.0,850,0.0,0.00641025641025641,1.0,0.9943908805094404,0.005609119490559675,50.24027633666992,51.45475769042969,48.83709716796875,1.2144813537597656,-1.4031791687011719,1.3088302612304688,-0.09434890747070312,1.3088302612304688,True,enc_s0,encoder,0,6,0.005285488519196709,0.005333293151731293,0.005131409891570608,0.001359986044311275,0.8764848586520371,0.7895891765417704
andes_2020-03-25T12:00:00,andes,local,hotspot,t1,q850_trace,precip_zwd,zwd,-32.52252252252252,290.54529172445586,0.00013807686627842486,1.0,850,0.0,0.00641025641025641,1.0,0.9943908805094404,0.005609119490559675,50.24027633666992,51.45475769042969,48.83709716796875,1.2144813537597656,-1.4031791687011719,1.3088302612304688,-0.09434890747070312,1.3088302612304688,True,enc_s1,encoder,1,10,0.003940414264798164,0.003308996162377298,0.0031406070571392774,0.0017749948136042803,0.5838541882812924,0.6628256810750759
andes_2020-03-25T12:00:00,andes,local,hotspot,t1,q850_trace,precip_zwd,zwd,-32.52252252252252,290.54529172445586,0.00013807686627842486,1.0,850,0.0,0.00641025641025641,1.0,0.9943908805094404,0.005609119490559675,50.24027633666992,51.45475769042969,48.83709716796875,1.2144813537597656,-1.4031791687011719,1.3088302612304688,-0.09434890747070312,1.3088302612304688,True,enc_s2,encoder,2,8,0.001630044513149187,0.001431634373147972,0.0013028099201619625,0.0008099318656604737,0.45847244255889696,0.6166920321591186
andes_2020-03-25T12:00:00,andes,local,hotspot,t1,q850_trace,precip_zwd,zwd,-32.52252252252252,290.54529172445586,0.00013807686627842486,1.0,850,0.0,0.00641025641025641,1.0,0.9943908805094404,0.005609119490559675,50.24027633666992,51.45475769042969,48.83709716796875,1.2144813537597656,-1.4031791687011719,1.3088302612304688,-0.09434890747070312,1.3088302612304688,True,dec_s0,decoder,0,8,0.0023518584930570796,0.002110738671035506,0.001852311019320041,0.0012495273185777478,0.3905451367181928,0.598100605502898
andes_2020-03-25T12:00:00,andes,local,hotspot,t1,q850_trace,precip_zwd,zwd,-32.52252252252252,290.54529172445586,0.00013807686627842486,1.0,850,0.0,0.00641025641025641,1.0,0.9943908805094404,0.005609119490559675,50.24027633666992,51.45475769042969,48.83709716796875,1.2144813537597656,-1.4031791687011719,1.3088302612304688,-0.09434890747070312,1.3088302612304688,True,dec_s1,decoder,1,10,0.003338119329418987,0.0032495673513039947,0.0024602322489954533,0.0021887699142098425,0.10209526948994832,0.5245053224823175
andes_2020-03-25T12:00:00,andes,local,hotspot,t1,q850_trace,precip_zwd,zwd,-32.52252252252252,290.54529172445586,0.00013807686627842486,1.0,850,0.0,0.00641025641025641,1.0,0.9943908805094404,0.005609119490559675,50.24027633666992,51.45475769042969,48.83709716796875,1.2144813537597656,-1.4031791687011719,1.3088302612304688,-0.09434890747070312,1.3088302612304688,True,dec_s2,decoder,2,6,0.011949869804084301,0.011328930966556072,0.009885228238999844,0.006152400281280279,0.4960645766631817,0.6162952871806633
andes_2020-03-25T12:00:00,andes,local,low_near,t1,q850_trace,precip_zwd,zwd,-42.52252252252252,275.54529172445586,2.205087639595149e-06,1.0,850,0.0,0.0,1.0,1.0,0.0,50.24027633666992,50.20116424560547,50.224300384521484,-0.039112091064453125,-0.0159759521484375,-0.011568069458007812,-0.027544021606445312,0.027544021606445312,False,enc_s0,encoder,0,6,0.005652606642494599,0.005856109783053398,0.005597708436350028,0.00133730909631898,0.9012787913394597,0.8066969873233131
andes_2020-03-25T12:00:00,andes,local,low_near,t1,q850_trace,precip_zwd,zwd,-42.52252252252252,275.54529172445586,2.205087639595149e-06,1.0,850,0.0,0.0,1.0,1.0,0.0,50.24027633666992,50.20116424560547,50.224300384521484,-0.039112091064453125,-0.0159759521484375,-0.011568069458007812,-0.027544021606445312,0.027544021606445312,False,enc_s1,encoder,1,10,0.003544666338711977,0.0033258694456890225,0.002954415115527809,0.0016539868840482086,0.5771680256412463,0.6677492357437778
andes_2020-03-25T12:00:00,andes,local,low_near,t1,q850_trace,precip_zwd,zwd,-42.52252252252252,275.54529172445586,2.205087639595149e-06,1.0,850,0.0,0.0,1.0,1.0,0.0,50.24027633666992,50.20116424560547,50.224300384521484,-0.039112091064453125,-0.0159759521484375,-0.011568069458007812,-0.027544021606445312,0.027544021606445312,False,enc_s2,encoder,2,8,0.0016030351689551026,0.0014771357091376558,0.0013384137710090727,0.0007643523786100559,0.5239265129277685,0.63660659226274
andes_2020-03-25T12:00:00,andes,local,low_near,t1,q850_trace,precip_zwd,zwd,-42.52252252252252,275.54529172445586,2.205087639595149e-06,1.0,850,0.0,0.0,1.0,1.0,0.0,50.24027633666992,50.20116424560547,50.224300384521484,-0.039112091064453125,-0.0159759521484375,-0.011568069458007812,-0.027544021606445312,0.027544021606445312,False,dec_s0,decoder,0,8,0.002045401750365272,0.0018978212174260989,0.0016179571393877268,0.0011273273703409359,0.3613047107804969,0.5908780652222944
andes_2020-03-25T12:00:00,andes,local,low_near,t1,q850_trace,precip_zwd,zwd,-42.52252252252252,275.54529172445586,2.205087639595149e-06,1.0,850,0.0,0.0,1.0,1.0,0.0,50.24027633666992,50.20116424560547,50.224300384521484,-0.039112091064453125,-0.0159759521484375,-0.011568069458007812,-0.027544021606445312,0.027544021606445312,False,dec_s1,decoder,1,10,0.0038012156495824457,0.0033412638120353224,0.0027544119860976935,0.0022844602470286192,0.20524943722347194,0.5485584193204077
andes_2020-03-25T12:00:00,andes,local,low_near,t1,q850_trace,precip_zwd,zwd,-42.52252252252252,275.54529172445586,2.205087639595149e-06,1.0,850,0.0,0.0,1.0,1.0,0.0,50.24027633666992,50.20116424560547,50.224300384521484,-0.039112091064453125,-0.0159759521484375,-0.011568069458007812,-0.027544021606445312,0.027544021606445312,False,dec_s2,decoder,2,6,0.012672259627530972,0.011875090344498554,0.010735746938735247,0.005961772209654252,0.6068635055461237,0.6428666239763512
andes_2020-03-25T12:00:00,andes,synoptic,hotspot,t1,q850_trace,precip_zwd,precip,-35.02252252252252,288.04529172445586,0.0002186853380408138,1.0,850,0.0,0.008353808353808353,1.0,0.9939236383230915,0.006076361676908491,1.5746012926101685,1.7323027849197388,1.1717875003814697,0.1577014923095703,-0.40281379222869873,0.2802576422691345,-0.12255614995956421,0.2802576422691345,True,enc_s0,encoder,0,6,0.013301804040869078,0.013961351942270994,0.013216427993029356,0.003353792397926251,0.8828214705868785,0.7972311833092999
andes_2020-03-25T12:00:00,andes,synoptic,hotspot,t1,q850_trace,precip_zwd,precip,-35.02252252252252,288.04529172445586,0.0002186853380408138,1.0,850,0.0,0.008353808353808353,1.0,0.9939236383230915,0.006076361676908491,1.5746012926101685,1.7323027849197388,1.1717875003814697,0.1577014923095703,-0.40281379222869873,0.2802576422691345,-0.12255614995956421,0.2802576422691345,True,enc_s1,encoder,1,10,0.007813177537173033,0.007417445769533515,0.006954018073156476,0.0030145209515467287,0.7162829369147615,0.7132569645755604
andes_2020-03-25T12:00:00,andes,synoptic,hotspot,t1,q850_trace,precip_zwd,precip,-35.02252252252252,288.04529172445586,0.0002186853380408138,1.0,850,0.0,0.008353808353808353,1.0,0.9939236383230915,0.006076361676908491,1.5746012926101685,1.7323027849197388,1.1717875003814697,0.1577014923095703,-0.40281379222869873,0.2802576422691345,-0.12255614995956421,0.2802576422691345,True,enc_s2,encoder,2,8,0.003377785818884149,0.0030558449507225305,0.0029446684930007905,0.0013048479886492714,0.6947714156526068,0.6929937494951133
andes_2020-03-25T12:00:00,andes,synoptic,hotspot,t1,q850_trace,precip_zwd,precip,-35.02252252252252,288.04529172445586,0.0002186853380408138,1.0,850,0.0,0.008353808353808353,1.0,0.9939236383230915,0.006076361676908491,1.5746012926101685,1.7323027849197388,1.1717875003814697,0.1577014923095703,-0.40281379222869873,0.2802576422691345,-0.12255614995956421,0.2802576422691345,True,dec_s0,decoder,0,8,0.0044766780629288405,0.004026420821901411,0.003847451414912939,0.0018224723025923595,0.6601566928442548,0.6791160058788854
andes_2020-03-25T12:00:00,andes,synoptic,hotspot,t1,q850_trace,precip_zwd,precip,-35.02252252252252,288.04529172445586,0.0002186853380408138,1.0,850,0.0,0.008353808353808353,1.0,0.9939236383230915,0.006076361676908491,1.5746012926101685,1.7323027849197388,1.1717875003814697,0.1577014923095703,-0.40281379222869873,0.2802576422691345,-0.12255614995956421,0.2802576422691345,True,dec_s1,decoder,1,10,0.006286329217255115,0.00592501547653228,0.00542982907500118,0.0027972535928711293,0.6315130491567887,0.6617160122643255
andes_2020-03-25T12:00:00,andes,synoptic,hotspot,t1,q850_trace,precip_zwd,precip,-35.02252252252252,288.04529172445586,0.0002186853380408138,1.0,850,0.0,0.008353808353808353,1.0,0.9939236383230915,0.006076361676908491,1.5746012926101685,1.7323027849197388,1.1717875003814697,0.1577014923095703,-0.40281379222869873,0.2802576422691345,-0.12255614995956421,0.2802576422691345,True,dec_s2,decoder,2,6,0.026269808722039063,0.025116315732399624,0.024217291735112667,0.008601858125378689,0.8274828259651689,0.737904219086236
andes_2020-03-25T12:00:00,andes,synoptic,hotspot,t1,q850_trace,precip_only,precip,-35.02252252252252,288.04529172445586,0.0002186853380408138,1.0,850,0.0,0.008353808353808353,1.0,0.9939236383230915,0.006076361676908491,1.3489608764648438,1.5517916679382324,0.8307579755783081,0.20283079147338867,-0.5182029008865356,0.36051684617996216,-0.1576860547065735,0.36051684617996216,True,enc_s0,encoder,0,6,0.013013923851152262,0.013583808361242214,0.01288917101919651,0.0032871218087772527,0.8817163809130873,0.7964186304705422
andes_2020-03-25T12:00:00,andes,synoptic,hotspot,t1,q850_trace,precip_only,precip,-35.02252252252252,288.04529172445586,0.0002186853380408138,1.0,850,0.0,0.008353808353808353,1.0,0.9939236383230915,0.006076361676908491,1.3489608764648438,1.5517916679382324,0.8307579755783081,0.20283079147338867,-0.5182029008865356,0.36051684617996216,-0.1576860547065735,0.36051684617996216,True,enc_s1,encoder,1,10,0.007737797731533646,0.00729028726927936,0.006837347522377968,0.0030322961742058397,0.7055854954798217,0.7085511729203436
andes_2020-03-25T12:00:00,andes,synoptic,hotspot,t1,q850_trace,precip_only,precip,-35.02252252252252,288.04529172445586,0.0002186853380408138,1.0,850,0.0,0.008353808353808353,1.0,0.9939236383230915,0.006076361676908491,1.3489608764648438,1.5517916679382324,0.8307579755783081,0.20283079147338867,-0.5182029008865356,0.36051684617996216,-0.1576860547065735,0.36051684617996216,True,enc_s2,encoder,2,8,0.0034441529714968055,0.0030906302854418755,0.002980020042741671,0.0013514643214875832,0.6817912972058496,0.688043418475313
andes_2020-03-25T12:00:00,andes,synoptic,hotspot,t1,q850_trace,precip_only,precip,-35.02252252252252,288.04529172445586,0.0002186853380408138,1.0,850,0.0,0.008353808353808353,1.0,0.9939236383230915,0.006076361676908491,1.3489608764648438,1.5517916679382324,0.8307579755783081,0.20283079147338867,-0.5182029008865356,0.36051684617996216,-0.1576860547065735,0.36051684617996216,True,dec_s0,decoder,0,8,0.0045336012262851,0.004051235824590549,0.003867650666506961,0.001876793525298126,0.6452987208726293,0.673800889049583
andes_2020-03-25T12:00:00,andes,synoptic,hotspot,t1,q850_trace,precip_only,precip,-35.02252252252252,288.04529172445586,0.0002186853380408138,1.0,850,0.0,0.008353808353808353,1.0,0.9939236383230915,0.006076361676908491,1.3489608764648438,1.5517916679382324,0.8307579755783081,0.20283079147338867,-0.5182029008865356,0.36051684617996216,-0.1576860547065735,0.36051684617996216,True,dec_s1,decoder,1,10,0.0060025755083188415,0.005643613636493683,0.005127157573588193,0.00276575613534078,0.5965570297736885,0.6506787247669417
andes_2020-03-25T12:00:00,andes,synoptic,hotspot,t1,q850_trace,precip_only,precip,-35.02252252252252,288.04529172445586,0.0002186853380408138,1.0,850,0.0,0.008353808353808353,1.0,0.9939236383230915,0.006076361676908491,1.3489608764648438,1.5517916679382324,0.8307579755783081,0.20283079147338867,-0.5182029008865356,0.36051684617996216,-0.1576860547065735,0.36051684617996216,True,dec_s2,decoder,2,6,0.026070820167660713,0.025004372000694275,0.024029644516607124,0.008661846785495678,0.8223289071697986,0.7350890138259797
andes_2020-03-25T12:00:00,andes,synoptic,low_near,t1,q850_trace,precip_zwd,precip,-45.02252252252252,273.04529172445586,1.6329822756233625e-05,1.0,850,0.0,0.017014781945111784,1.0,0.9856767165060454,0.014323283493954649,1.5746012926101685,1.577559471130371,1.5655090808868408,0.0029581785202026367,-0.009092211723327637,0.006025195121765137,-0.0030670166015625,0.006025195121765137,True,enc_s0,encoder,0,6,0.014949626910189787,0.015035002958029509,0.014568641471366087,0.0035455580024669566,0.8908082274967644,0.803743738443229
andes_2020-03-25T12:00:00,andes,synoptic,low_near,t1,q850_trace,precip_zwd,precip,-45.02252252252252,273.04529172445586,1.6329822756233625e-05,1.0,850,0.0,0.017014781945111784,1.0,0.9856767165060454,0.014323283493954649,1.5746012926101685,1.577559471130371,1.5655090808868408,0.0029581785202026367,-0.009092211723327637,0.006025195121765137,-0.0030670166015625,0.006025195121765137,True,enc_s1,encoder,1,10,0.01074241828173399,0.008230765396729112,0.008525582309812308,0.0042955927085131405,0.6402417986689033,0.6737431839939164
andes_2020-03-25T12:00:00,andes,synoptic,low_near,t1,q850_trace,precip_zwd,precip,-45.02252252252252,273.04529172445586,1.6329822756233625e-05,1.0,850,0.0,0.017014781945111784,1.0,0.9856767165060454,0.014323283493954649,1.5746012926101685,1.577559471130371,1.5655090808868408,0.0029581785202026367,-0.009092211723327637,0.006025195121765137,-0.0030670166015625,0.006025195121765137,True,enc_s2,encoder,2,8,0.004565099079627544,0.0034646574349608272,0.0036094604583922774,0.0018421706918161362,0.6245614362237955,0.6621274621962558
andes_2020-03-25T12:00:00,andes,synoptic,low_near,t1,q850_trace,precip_zwd,precip,-45.02252252252252,273.04529172445586,1.6329822756233625e-05,1.0,850,0.0,0.017014781945111784,1.0,0.9856767165060454,0.014323283493954649,1.5746012926101685,1.577559471130371,1.5655090808868408,0.0029581785202026367,-0.009092211723327637,0.006025195121765137,-0.0030670166015625,0.006025195121765137,True,dec_s0,decoder,0,8,0.005782522319350392,0.00440425009583123,0.004563417751342058,0.0023648198693990707,0.6164939097165908,0.6587068592918499
andes_2020-03-25T12:00:00,andes,synoptic,low_near,t1,q850_trace,precip_zwd,precip,-45.02252252252252,273.04529172445586,1.6329822756233625e-05,1.0,850,0.0,0.017014781945111784,1.0,0.9856767165060454,0.014323283493954649,1.5746012926101685,1.577559471130371,1.5655090808868408,0.0029581785202026367,-0.009092211723327637,0.006025195121765137,-0.0030670166015625,0.006025195121765137,True,dec_s1,decoder,1,10,0.008290322171524167,0.006971847685053945,0.006662360252812504,0.003771853353828192,0.577230798741073,0.6444513830947115
andes_2020-03-25T12:00:00,andes,synoptic,low_near,t1,q850_trace,precip_zwd,precip,-45.02252252252252,273.04529172445586,1.6329822756233625e-05,1.0,850,0.0,0.017014781945111784,1.0,0.9856767165060454,0.014323283493954649,1.5746012926101685,1.577559471130371,1.5655090808868408,0.0029581785202026367,-0.009092211723327637,0.006025195121765137,-0.0030670166015625,0.006025195121765137,True,dec_s2,decoder,2,6,0.028397701991101105,0.02661081776022911,0.025758013129234314,0.009685457218438387,0.7968306526716149,0.7267584841109941
andes_2020-03-25T12:00:00,andes,synoptic,low_near,t1,q850_trace,precip_only,precip,-45.02252252252252,273.04529172445586,1.6329822756233625e-05,1.0,850,0.0,0.017014781945111784,1.0,0.9856767165060454,0.014323283493954649,1.3489608764648438,1.348555564880371,1.342142105102539,-0.00040531158447265625,-0.0068187713623046875,0.0032067298889160156,-0.003612041473388672,0.003612041473388672,False,enc_s0,encoder,0,6,0.01476394028092424,0.014728545987357696,0.014322118212779364,0.0035216454804564514,0.8889750016604901,0.8021163167365458
andes_2020-03-25T12:00:00,andes,synoptic,low_near,t1,q850_trace,precip_only,precip,-45.02252252252252,273.04529172445586,1.6329822756233625e-05,1.0,850,0.0,0.017014781945111784,1.0,0.9856767165060454,0.014323283493954649,1.3489608764648438,1.348555564880371,1.342142105102539,-0.00040531158447265625,-0.0068187713623046875,0.0032067298889160156,-0.003612041473388672,0.003612041473388672,False,enc_s1,encoder,1,10,0.010949227027595043,0.008109484519809484,0.008517069462686776,0.00445635411888361,0.6203405733648601,0.6650596172789729
andes_2020-03-25T12:00:00,andes,synoptic,low_near,t1,q850_trace,precip_only,precip,-45.02252252252252,273.04529172445586,1.6329822756233625e-05,1.0,850,0.0,0.017014781945111784,1.0,0.9856767165060454,0.014323283493954649,1.3489608764648438,1.348555564880371,1.342142105102539,-0.00040531158447265625,-0.0068187713623046875,0.0032067298889160156,-0.003612041473388672,0.003612041473388672,False,enc_s2,encoder,2,8,0.0048019770183600485,0.0035162997955922037,0.003718382475199178,0.001971060468349606,0.6028911433119402,0.6536040721286323
andes_2020-03-25T12:00:00,andes,synoptic,low_near,t1,q850_trace,precip_only,precip,-45.02252252252252,273.04529172445586,1.6329822756233625e-05,1.0,850,0.0,0.017014781945111784,1.0,0.9856767165060454,0.014323283493954649,1.3489608764648438,1.348555564880371,1.342142105102539,-0.00040531158447265625,-0.0068187713623046875,0.0032067298889160156,-0.003612041473388672,0.003612041473388672,False,dec_s0,decoder,0,8,0.0061138299643062055,0.004460925993043929,0.004704808001406491,0.002550308214267716,0.5903876457209958,0.6484996423741303
andes_2020-03-25T12:00:00,andes,synoptic,low_near,t1,q850_trace,precip_only,precip,-45.02252252252252,273.04529172445586,1.6329822756233625e-05,1.0,850,0.0,0.017014781945111784,1.0,0.9856767165060454,0.014323283493954649,1.3489608764648438,1.348555564880371,1.342142105102539,-0.00040531158447265625,-0.0068187713623046875,0.0032067298889160156,-0.003612041473388672,0.003612041473388672,False,dec_s1,decoder,1,10,0.008334543975070118,0.006884253746829927,0.006552748824469745,0.003929878538474441,0.5312168327853424,0.6305143602144275
andes_2020-03-25T12:00:00,andes,synoptic,low_near,t1,q850_trace,precip_only,precip,-45.02252252252252,273.04529172445586,1.6329822756233625e-05,1.0,850,0.0,0.017014781945111784,1.0,0.9856767165060454,0.014323283493954649,1.3489608764648438,1.348555564880371,1.342142105102539,-0.00040531158447265625,-0.0068187713623046875,0.0032067298889160156,-0.003612041473388672,0.003612041473388672,False,dec_s2,decoder,2,6,0.029175822312633198,0.027149573278923828,0.026178401273985703,0.01043028167138497,0.769658165386272,0.7153320350366256
andes_2020-03-25T12:00:00,andes,synoptic,hotspot,t1,q850_trace,precip_zwd,zwd,-35.02252252252252,288.04529172445586,0.0002186853380408138,1.0,850,0.0,0.008353808353808353,1.0,0.9939236383230915,0.006076361676908491,50.24027633666992,50.959720611572266,48.48688888549805,0.7194442749023438,-1.753387451171875,1.2364158630371094,-0.5169715881347656,1.2364158630371094,True,enc_s0,encoder,0,6,0.013301804040869078,0.013961351942270994,0.013216427993029356,0.003353792397926251,0.8828214705868785,0.7972311833092999
andes_2020-03-25T12:00:00,andes,synoptic,hotspot,t1,q850_trace,precip_zwd,zwd,-35.02252252252252,288.04529172445586,0.0002186853380408138,1.0,850,0.0,0.008353808353808353,1.0,0.9939236383230915,0.006076361676908491,50.24027633666992,50.959720611572266,48.48688888549805,0.7194442749023438,-1.753387451171875,1.2364158630371094,-0.5169715881347656,1.2364158630371094,True,enc_s1,encoder,1,10,0.007813177537173033,0.007417445769533515,0.006954018073156476,0.0030145209515467287,0.7162829369147615,0.7132569645755604
andes_2020-03-25T12:00:00,andes,synoptic,hotspot,t1,q850_trace,precip_zwd,zwd,-35.02252252252252,288.04529172445586,0.0002186853380408138,1.0,850,0.0,0.008353808353808353,1.0,0.9939236383230915,0.006076361676908491,50.24027633666992,50.959720611572266,48.48688888549805,0.7194442749023438,-1.753387451171875,1.2364158630371094,-0.5169715881347656,1.2364158630371094,True,enc_s2,encoder,2,8,0.003377785818884149,0.0030558449507225305,0.0029446684930007905,0.0013048479886492714,0.6947714156526068,0.6929937494951133
andes_2020-03-25T12:00:00,andes,synoptic,hotspot,t1,q850_trace,precip_zwd,zwd,-35.02252252252252,288.04529172445586,0.0002186853380408138,1.0,850,0.0,0.008353808353808353,1.0,0.9939236383230915,0.006076361676908491,50.24027633666992,50.959720611572266,48.48688888549805,0.7194442749023438,-1.753387451171875,1.2364158630371094,-0.5169715881347656,1.2364158630371094,True,dec_s0,decoder,0,8,0.0044766780629288405,0.004026420821901411,0.003847451414912939,0.0018224723025923595,0.6601566928442548,0.6791160058788854
andes_2020-03-25T12:00:00,andes,synoptic,hotspot,t1,q850_trace,precip_zwd,zwd,-35.02252252252252,288.04529172445586,0.0002186853380408138,1.0,850,0.0,0.008353808353808353,1.0,0.9939236383230915,0.006076361676908491,50.24027633666992,50.959720611572266,48.48688888549805,0.7194442749023438,-1.753387451171875,1.2364158630371094,-0.5169715881347656,1.2364158630371094,True,dec_s1,decoder,1,10,0.006286329217255115,0.00592501547653228,0.00542982907500118,0.0027972535928711293,0.6315130491567887,0.6617160122643255
andes_2020-03-25T12:00:00,andes,synoptic,hotspot,t1,q850_trace,precip_zwd,zwd,-35.02252252252252,288.04529172445586,0.0002186853380408138,1.0,850,0.0,0.008353808353808353,1.0,0.9939236383230915,0.006076361676908491,50.24027633666992,50.959720611572266,48.48688888549805,0.7194442749023438,-1.753387451171875,1.2364158630371094,-0.5169715881347656,1.2364158630371094,True,dec_s2,decoder,2,6,0.026269808722039063,0.025116315732399624,0.024217291735112667,0.008601858125378689,0.8274828259651689,0.737904219086236
andes_2020-03-25T12:00:00,andes,synoptic,low_near,t1,q850_trace,precip_zwd,zwd,-45.02252252252252,273.04529172445586,1.6329822756233625e-05,1.0,850,0.0,0.017014781945111784,1.0,0.9856767165060454,0.014323283493954649,50.24027633666992,50.2365608215332,50.21783447265625,-0.00371551513671875,-0.022441864013671875,0.009363174438476562,-0.013078689575195312,0.013078689575195312,False,enc_s0,encoder,0,6,0.014949626910189787,0.015035002958029509,0.014568641471366087,0.0035455580024669566,0.8908082274967644,0.803743738443229
andes_2020-03-25T12:00:00,andes,synoptic,low_near,t1,q850_trace,precip_zwd,zwd,-45.02252252252252,273.04529172445586,1.6329822756233625e-05,1.0,850,0.0,0.017014781945111784,1.0,0.9856767165060454,0.014323283493954649,50.24027633666992,50.2365608215332,50.21783447265625,-0.00371551513671875,-0.022441864013671875,0.009363174438476562,-0.013078689575195312,0.013078689575195312,False,enc_s1,encoder,1,10,0.01074241828173399,0.008230765396729112,0.008525582309812308,0.0042955927085131405,0.6402417986689033,0.6737431839939164
andes_2020-03-25T12:00:00,andes,synoptic,low_near,t1,q850_trace,precip_zwd,zwd,-45.02252252252252,273.04529172445586,1.6329822756233625e-05,1.0,850,0.0,0.017014781945111784,1.0,0.9856767165060454,0.014323283493954649,50.24027633666992,50.2365608215332,50.21783447265625,-0.00371551513671875,-0.022441864013671875,0.009363174438476562,-0.013078689575195312,0.013078689575195312,False,enc_s2,encoder,2,8,0.004565099079627544,0.0034646574349608272,0.0036094604583922774,0.0018421706918161362,0.6245614362237955,0.6621274621962558
andes_2020-03-25T12:00:00,andes,synoptic,low_near,t1,q850_trace,precip_zwd,zwd,-45.02252252252252,273.04529172445586,1.6329822756233625e-05,1.0,850,0.0,0.017014781945111784,1.0,0.9856767165060454,0.014323283493954649,50.24027633666992,50.2365608215332,50.21783447265625,-0.00371551513671875,-0.022441864013671875,0.009363174438476562,-0.013078689575195312,0.013078689575195312,False,dec_s0,decoder,0,8,0.005782522319350392,0.00440425009583123,0.004563417751342058,0.0023648198693990707,0.6164939097165908,0.6587068592918499
andes_2020-03-25T12:00:00,andes,synoptic,low_near,t1,q850_trace,precip_zwd,zwd,-45.02252252252252,273.04529172445586,1.6329822756233625e-05,1.0,850,0.0,0.017014781945111784,1.0,0.9856767165060454,0.014323283493954649,50.24027633666992,50.2365608215332,50.21783447265625,-0.00371551513671875,-0.022441864013671875,0.009363174438476562,-0.013078689575195312,0.013078689575195312,False,dec_s1,decoder,1,10,0.008290322171524167,0.006971847685053945,0.006662360252812504,0.003771853353828192,0.577230798741073,0.6444513830947115
andes_2020-03-25T12:00:00,andes,synoptic,low_near,t1,q850_trace,precip_zwd,zwd,-45.02252252252252,273.04529172445586,1.6329822756233625e-05,1.0,850,0.0,0.017014781945111784,1.0,0.9856767165060454,0.014323283493954649,50.24027633666992,50.2365608215332,50.21783447265625,-0.00371551513671875,-0.022441864013671875,0.009363174438476562,-0.013078689575195312,0.013078689575195312,False,dec_s2,decoder,2,6,0.028397701991101105,0.02661081776022911,0.025758013129234314,0.009685457218438387,0.7968306526716149,0.7267584841109941
aquitaine_basin_2020-10-02T06:00:00,aquitaine_basin,local,hotspot,t1,q850_trace,precip_zwd,precip,44.97747747747748,359.3983431897952,7.633692439412698e-05,1.0,850,0.0,0.0,1.0,1.0,0.0,4.478277206420898,4.552304267883301,4.176416397094727,0.07402706146240234,-0.3018608093261719,0.1879439353942871,-0.11391687393188477,0.1879439353942871,True,enc_s0,encoder,0,6,0.006108948805679877,0.005800293991342187,0.005712902095789711,0.0016844680455202858,0.8492343044048547,0.7714612958278769
aquitaine_basin_2020-10-02T06:00:00,aquitaine_basin,local,hotspot,t1,q850_trace,precip_zwd,precip,44.97747747747748,359.3983431897952,7.633692439412698e-05,1.0,850,0.0,0.0,1.0,1.0,0.0,4.478277206420898,4.552304267883301,4.176416397094727,0.07402706146240234,-0.3018608093261719,0.1879439353942871,-0.11391687393188477,0.1879439353942871,True,enc_s1,encoder,1,10,0.0053378883982077244,0.0038518671412020923,0.003932019718922675,0.002457069931551814,0.5147105471334515,0.6302053306069823
aquitaine_basin_2020-10-02T06:00:00,aquitaine_basin,local,hotspot,t1,q850_trace,precip_zwd,precip,44.97747747747748,359.3983431897952,7.633692439412698e-05,1.0,850,0.0,0.0,1.0,1.0,0.0,4.478277206420898,4.552304267883301,4.176416397094727,0.07402706146240234,-0.3018608093261719,0.1879439353942871,-0.11391687393188477,0.1879439353942871,True,enc_s2,encoder,2,8,0.0021892044751439244,0.0017868362774606794,0.0016652444173814729,0.0011044460989069194,0.40844263773288103,0.601268645410157
aquitaine_basin_2020-10-02T06:00:00,aquitaine_basin,local,hotspot,t1,q850_trace,precip_zwd,precip,44.97747747747748,359.3983431897952,7.633692439412698e-05,1.0,850,0.0,0.0,1.0,1.0,0.0,4.478277206420898,4.552304267883301,4.176416397094727,0.07402706146240234,-0.3018608093261719,0.1879439353942871,-0.11391687393188477,0.1879439353942871,True,dec_s0,decoder,0,8,0.003237698372686282,0.0027784657140728086,0.002470735169481486,0.001730982621666044,0.35956770572285607,0.5885541909816325
aquitaine_basin_2020-10-02T06:00:00,aquitaine_basin,local,hotspot,t1,q850_trace,precip_zwd,precip,44.97747747747748,359.3983431897952,7.633692439412698e-05,1.0,850,0.0,0.0,1.0,1.0,0.0,4.478277206420898,4.552304267883301,4.176416397094727,0.07402706146240234,-0.3018608093261719,0.1879439353942871,-0.11391687393188477,0.1879439353942871,True,dec_s1,decoder,1,10,0.0036774593172594905,0.0037815025076270103,0.0027830411680042745,0.002482935774605721,0.10894473935595472,0.525890249659738
aquitaine_basin_2020-10-02T06:00:00,aquitaine_basin,local,hotspot,t1,q850_trace,precip_zwd,precip,44.97747747747748,359.3983431897952,7.633692439412698e-05,1.0,850,0.0,0.0,1.0,1.0,0.0,4.478277206420898,4.552304267883301,4.176416397094727,0.07402706146240234,-0.3018608093261719,0.1879439353942871,-0.11391687393188477,0.1879439353942871,True,dec_s2,decoder,2,6,0.01162290604164203,0.012109743120769659,0.009712647181004286,0.006821645035718878,0.38845808880782795,0.5874397680042928
aquitaine_basin_2020-10-02T06:00:00,aquitaine_basin,local,hotspot,t1,q850_trace,precip_only,precip,44.97747747747748,359.3983431897952,7.633692439412698e-05,1.0,850,0.0,0.0,1.0,1.0,0.0,4.260673522949219,4.430772304534912,3.790684938430786,0.17009878158569336,-0.4699885845184326,0.320043683052063,-0.14994490146636963,0.320043683052063,True,enc_s0,encoder,0,6,0.006226044536257784,0.00577986395607392,0.005756700178608298,0.0017155091627500951,0.8473945319437037,0.7697192833378704
aquitaine_basin_2020-10-02T06:00:00,aquitaine_basin,local,hotspot,t1,q850_trace,precip_only,precip,44.97747747747748,359.3983431897952,7.633692439412698e-05,1.0,850,0.0,0.0,1.0,1.0,0.0,4.260673522949219,4.430772304534912,3.790684938430786,0.17009878158569336,-0.4699885845184326,0.320043683052063,-0.14994490146636963,0.320043683052063,True,enc_s1,encoder,1,10,0.005505640711635351,0.003855257364921272,0.003989764838479459,0.0025525726145133377,0.49828793368975993,0.6236420557012473
aquitaine_basin_2020-10-02T06:00:00,aquitaine_basin,local,hotspot,t1,q850_trace,precip_only,precip,44.97747747747748,359.3983431897952,7.633692439412698e-05,1.0,850,0.0,0.0,1.0,1.0,0.0,4.260673522949219,4.430772304534912,3.790684938430786,0.17009878158569336,-0.4699885845184326,0.320043683052063,-0.14994490146636963,0.320043683052063,True,enc_s2,encoder,2,8,0.002308329043444246,0.001828296561143361,0.0017215909902006388,0.0011712418199749663,0.3879293933192434,0.5951704532967736
aquitaine_basin_2020-10-02T06:00:00,aquitaine_basin,local,hotspot,t1,q850_trace,precip_only,precip,44.97747747747748,359.3983431897952,7.633692439412698e-05,1.0,850,0.0,0.0,1.0,1.0,0.0,4.260673522949219,4.430772304534912,3.790684938430786,0.17009878158569336,-0.4699885845184326,0.320043683052063,-0.14994490146636963,0.320043683052063,True,dec_s0,decoder,0,8,0.0033733382588252425,0.0028385137557052076,0.0025330415228381753,0.001817039170418866,0.33856618539498207,0.5828185775608847
aquitaine_basin_2020-10-02T06:00:00,aquitaine_basin,local,hotspot,t1,q850_trace,precip_only,precip,44.97747747747748,359.3983431897952,7.633692439412698e-05,1.0,850,0.0,0.0,1.0,1.0,0.0,4.260673522949219,4.430772304534912,3.790684938430786,0.17009878158569336,-0.4699885845184326,0.320043683052063,-0.14994490146636963,0.320043683052063,True,dec_s1,decoder,1,10,0.003664934355765581,0.0038150591310113667,0.0027855397551320494,0.0024966873694211244,0.10367360683383628,0.5246002399768188
aquitaine_basin_2020-10-02T06:00:00,aquitaine_basin,local,hotspot,t1,q850_trace,precip_only,precip,44.97747747747748,359.3983431897952,7.633692439412698e-05,1.0,850,0.0,0.0,1.0,1.0,0.0,4.260673522949219,4.430772304534912,3.790684938430786,0.17009878158569336,-0.4699885845184326,0.320043683052063,-0.14994490146636963,0.320043683052063,True,dec_s2,decoder,2,6,0.011843287386000156,0.01264562209447225,0.010003595768163601,0.007072558316091697,0.38285580650401557,0.5858680882420931
aquitaine_basin_2020-10-02T06:00:00,aquitaine_basin,local,low_near,t1,q850_trace,precip_zwd,precip,54.97747747747748,344.3983431897952,1.489134206167364e-06,1.0,850,0.0,0.05391832958900489,1.0,0.9490475464748457,0.05095245352515427,4.478277206420898,4.476295471191406,4.484753608703613,-0.0019817352294921875,0.006476402282714844,-0.004229068756103516,0.002247333526611328,0.004229068756103516,True,enc_s0,encoder,0,6,0.008782883795599142,0.008722195168957114,0.008290842408314347,0.0028128447787215314,0.7977037984263423,0.7456294667848845
aquitaine_basin_2020-10-02T06:00:00,aquitaine_basin,local,low_near,t1,q850_trace,precip_zwd,precip,54.97747747747748,344.3983431897952,1.489134206167364e-06,1.0,850,0.0,0.05391832958900489,1.0,0.9490475464748457,0.05095245352515427,4.478277206420898,4.476295471191406,4.484753608703613,-0.0019817352294921875,0.006476402282714844,-0.004229068756103516,0.002247333526611328,0.004229068756103516,True,enc_s1,encoder,1,10,0.00757580972276628,0.004805336520075798,0.005191516457125544,0.0035902377450838683,0.42808864003432917,0.6031162240377467
aquitaine_basin_2020-10-02T06:00:00,aquitaine_basin,local,low_near,t1,q850_trace,precip_zwd,precip,54.97747747747748,344.3983431897952,1.489134206167364e-06,1.0,850,0.0,0.05391832958900489,1.0,0.9490475464748457,0.05095245352515427,4.478277206420898,4.476295471191406,4.484753608703613,-0.0019817352294921875,0.006476402282714844,-0.004229068756103516,0.002247333526611328,0.004229068756103516,True,enc_s2,encoder,2,8,0.002959904493764043,0.001985029230127111,0.0020554291404550895,0.0014579427952412516,0.36943614859170004,0.5852032025219389
aquitaine_basin_2020-10-02T06:00:00,aquitaine_basin,local,low_near,t1,q850_trace,precip_zwd,precip,54.97747747747748,344.3983431897952,1.489134206167364e-06,1.0,850,0.0,0.05391832958900489,1.0,0.9490475464748457,0.05095245352515427,4.478277206420898,4.476295471191406,4.484753608703613,-0.0019817352294921875,0.006476402282714844,-0.004229068756103516,0.002247333526611328,0.004229068756103516,True,dec_s0,decoder,0,8,0.004243109899107367,0.0026911142631433904,0.002779453818220645,0.002213031577412039,0.2595928187315176,0.5572261019853741
aquitaine_basin_2020-10-02T06:00:00,aquitaine_basin,local,low_near,t1,q850_trace,precip_zwd,precip,54.97747747747748,344.3983431897952,1.489134206167364e-06,1.0,850,0.0,0.05391832958900489,1.0,0.9490475464748457,0.05095245352515427,4.478277206420898,4.476295471191406,4.484753608703613,-0.0019817352294921875,0.006476402282714844,-0.004229068756103516,0.002247333526611328,0.004229068756103516,True,dec_s1,decoder,1,10,0.004762216587550938,0.004893631767481565,0.003701059194281697,0.003102274576667696,0.20687890987416474,0.5481382865629087
aquitaine_basin_2020-10-02T06:00:00,aquitaine_basin,local,low_near,t1,q850_trace,precip_zwd,precip,54.97747747747748,344.3983431897952,1.489134206167364e-06,1.0,850,0.0,0.05391832958900489,1.0,0.9490475464748457,0.05095245352515427,4.478277206420898,4.476295471191406,4.484753608703613,-0.0019817352294921875,0.006476402282714844,-0.004229068756103516,0.002247333526611328,0.004229068756103516,True,dec_s2,decoder,2,6,0.014246613252907991,0.017175841455658276,0.013299157532552877,0.008491924498230219,0.502837046269996,0.6104264331312583
aquitaine_basin_2020-10-02T06:00:00,aquitaine_basin,local,low_near,t1,q850_trace,precip_only,precip,54.97747747747748,344.3983431897952,1.489134206167364e-06,1.0,850,0.0,0.05391832958900489,1.0,0.9490475464748457,0.05095245352515427,4.260673522949219,4.259119987487793,4.259952545166016,-0.0015535354614257812,-0.000720977783203125,-0.0004162788391113281,-0.0011372566223144531,0.0011372566223144531,False,enc_s0,encoder,0,6,0.008729623320202032,0.00863110499146084,0.00820899692674478,0.002829297368104259,0.7915866154456453,0.7425424890175384
aquitaine_basin_2020-10-02T06:00:00,aquitaine_basin,local,low_near,t1,q850_trace,precip_only,precip,54.97747747747748,344.3983431897952,1.489134206167364e-06,1.0,850,0.0,0.05391832958900489,1.0,0.9490475464748457,0.05095245352515427,4.260673522949219,4.259119987487793,4.259952545166016,-0.0015535354614257812,-0.000720977783203125,-0.0004162788391113281,-0.0011372566223144531,0.0011372566223144531,False,enc_s1,encoder,1,10,0.0076628143433481455,0.004768122220411897,0.005180844198912382,0.0036717682611197232,0.4085751383118569,0.5972576621755785
aquitaine_basin_2020-10-02T06:00:00,aquitaine_basin,local,low_near,t1,q850_trace,precip_only,precip,54.97747747747748,344.3983431897952,1.489134206167364e-06,1.0,850,0.0,0.05391832958900489,1.0,0.9490475464748457,0.05095245352515427,4.260673522949219,4.259119987487793,4.259952545166016,-0.0015535354614257812,-0.000720977783203125,-0.0004162788391113281,-0.0011372566223144531,0.0011372566223144531,False,enc_s2,encoder,2,8,0.0031164741958491504,0.002044077147729695,0.002137148199835792,0.001541979974717833,0.35563394549864225,0.581067440744702
aquitaine_basin_2020-10-02T06:00:00,aquitaine_basin,local,low_near,t1,q850_trace,precip_only,precip,54.97747747747748,344.3983431897952,1.489134206167364e-06,1.0,850,0.0,0.05391832958900489,1.0,0.9490475464748457,0.05095245352515427,4.260673522949219,4.259119987487793,4.259952545166016,-0.0015535354614257812,-0.000720977783203125,-0.0004162788391113281,-0.0011372566223144531,0.0011372566223144531,False,dec_s0,decoder,0,8,0.004719155607745051,0.002761692594503984,0.002997655305080116,0.002442015480482951,0.24253632500326583,0.55146752296348
aquitaine_basin_2020-10-02T06:00:00,aquitaine_basin,local,low_near,t1,q850_trace,precip_only,precip,54.97747747747748,344.3983431897952,1.489134206167364e-06,1.0,850,0.0,0.05391832958900489,1.0,0.9490475464748457,0.05095245352515427,4.260673522949219,4.259119987487793,4.259952545166016,-0.0015535354614257812,-0.000720977783203125,-0.0004162788391113281,-0.0011372566223144531,0.0011372566223144531,False,dec_s1,decoder,1,10,0.0047723209951072935,0.00483794619794935,0.003638728871010244,0.0031397073762491345,0.17693616646188903,0.5411316909210805
aquitaine_basin_2020-10-02T06:00:00,aquitaine_basin,local,low_near,t1,q850_trace,precip_only,precip,54.97747747747748,344.3983431897952,1.489134206167364e-06,1.0,850,0.0,0.05391832958900489,1.0,0.9490475464748457,0.05095245352515427,4.260673522949219,4.259119987487793,4.259952545166016,-0.0015535354614257812,-0.000720977783203125,-0.0004162788391113281,-0.0011372566223144531,0.0011372566223144531,False,dec_s2,decoder,2,6,0.014762847684323788,0.01774446697284778,0.013593487286319336,0.00903085774431626,0.46154574844556384,0.6012176024658215
aquitaine_basin_2020-10-02T06:00:00,aquitaine_basin,local,hotspot,t1,q850_trace,precip_zwd,zwd,44.97747747747748,359.3983431897952,7.633692439412698e-05,1.0,850,0.0,0.0,1.0,1.0,0.0,123.05393981933594,123.9506607055664,122.83174133300781,0.8967208862304688,-0.222198486328125,0.5594596862792969,0.3372611999511719,0.5594596862792969,True,enc_s0,encoder,0,6,0.006108948805679877,0.005800293991342187,0.005712902095789711,0.0016844680455202858,0.8492343044048547,0.7714612958278769
aquitaine_basin_2020-10-02T06:00:00,aquitaine_basin,local,hotspot,t1,q850_trace,precip_zwd,zwd,44.97747747747748,359.3983431897952,7.633692439412698e-05,1.0,850,0.0,0.0,1.0,1.0,0.0,123.05393981933594,123.9506607055664,122.83174133300781,0.8967208862304688,-0.222198486328125,0.5594596862792969,0.3372611999511719,0.5594596862792969,True,enc_s1,encoder,1,10,0.0053378883982077244,0.0038518671412020923,0.003932019718922675,0.002457069931551814,0.5147105471334515,0.6302053306069823
aquitaine_basin_2020-10-02T06:00:00,aquitaine_basin,local,hotspot,t1,q850_trace,precip_zwd,zwd,44.97747747747748,359.3983431897952,7.633692439412698e-05,1.0,850,0.0,0.0,1.0,1.0,0.0,123.05393981933594,123.9506607055664,122.83174133300781,0.8967208862304688,-0.222198486328125,0.5594596862792969,0.3372611999511719,0.5594596862792969,True,enc_s2,encoder,2,8,0.0021892044751439244,0.0017868362774606794,0.0016652444173814729,0.0011044460989069194,0.40844263773288103,0.601268645410157
aquitaine_basin_2020-10-02T06:00:00,aquitaine_basin,local,hotspot,t1,q850_trace,precip_zwd,zwd,44.97747747747748,359.3983431897952,7.633692439412698e-05,1.0,850,0.0,0.0,1.0,1.0,0.0,123.05393981933594,123.9506607055664,122.83174133300781,0.8967208862304688,-0.222198486328125,0.5594596862792969,0.3372611999511719,0.5594596862792969,True,dec_s0,decoder,0,8,0.003237698372686282,0.0027784657140728086,0.002470735169481486,0.001730982621666044,0.35956770572285607,0.5885541909816325
aquitaine_basin_2020-10-02T06:00:00,aquitaine_basin,local,hotspot,t1,q850_trace,precip_zwd,zwd,44.97747747747748,359.3983431897952,7.633692439412698e-05,1.0,850,0.0,0.0,1.0,1.0,0.0,123.05393981933594,123.9506607055664,122.83174133300781,0.8967208862304688,-0.222198486328125,0.5594596862792969,0.3372611999511719,0.5594596862792969,True,dec_s1,decoder,1,10,0.0036774593172594905,0.0037815025076270103,0.0027830411680042745,0.002482935774605721,0.10894473935595472,0.525890249659738
aquitaine_basin_2020-10-02T06:00:00,aquitaine_basin,local,hotspot,t1,q850_trace,precip_zwd,zwd,44.97747747747748,359.3983431897952,7.633692439412698e-05,1.0,850,0.0,0.0,1.0,1.0,0.0,123.05393981933594,123.9506607055664,122.83174133300781,0.8967208862304688,-0.222198486328125,0.5594596862792969,0.3372611999511719,0.5594596862792969,True,dec_s2,decoder,2,6,0.01162290604164203,0.012109743120769659,0.009712647181004286,0.006821645035718878,0.38845808880782795,0.5874397680042928
aquitaine_basin_2020-10-02T06:00:00,aquitaine_basin,local,low_near,t1,q850_trace,precip_zwd,zwd,54.97747747747748,344.3983431897952,1.489134206167364e-06,1.0,850,0.0,0.05391832958900489,1.0,0.9490475464748457,0.05095245352515427,123.05393981933594,123.09818267822266,123.10193634033203,0.04424285888671875,0.04799652099609375,-0.0018768310546875,0.04611968994140625,0.04611968994140625,False,enc_s0,encoder,0,6,0.008782883795599142,0.008722195168957114,0.008290842408314347,0.0028128447787215314,0.7977037984263423,0.7456294667848845
aquitaine_basin_2020-10-02T06:00:00,aquitaine_basin,local,low_near,t1,q850_trace,precip_zwd,zwd,54.97747747747748,344.3983431897952,1.489134206167364e-06,1.0,850,0.0,0.05391832958900489,1.0,0.9490475464748457,0.05095245352515427,123.05393981933594,123.09818267822266,123.10193634033203,0.04424285888671875,0.04799652099609375,-0.0018768310546875,0.04611968994140625,0.04611968994140625,False,enc_s1,encoder,1,10,0.00757580972276628,0.004805336520075798,0.005191516457125544,0.0035902377450838683,0.42808864003432917,0.6031162240377467
aquitaine_basin_2020-10-02T06:00:00,aquitaine_basin,local,low_near,t1,q850_trace,precip_zwd,zwd,54.97747747747748,344.3983431897952,1.489134206167364e-06,1.0,850,0.0,0.05391832958900489,1.0,0.9490475464748457,0.05095245352515427,123.05393981933594,123.09818267822266,123.10193634033203,0.04424285888671875,0.04799652099609375,-0.0018768310546875,0.04611968994140625,0.04611968994140625,False,enc_s2,encoder,2,8,0.002959904493764043,0.001985029230127111,0.0020554291404550895,0.0014579427952412516,0.36943614859170004,0.5852032025219389
aquitaine_basin_2020-10-02T06:00:00,aquitaine_basin,local,low_near,t1,q850_trace,precip_zwd,zwd,54.97747747747748,344.3983431897952,1.489134206167364e-06,1.0,850,0.0,0.05391832958900489,1.0,0.9490475464748457,0.05095245352515427,123.05393981933594,123.09818267822266,123.10193634033203,0.04424285888671875,0.04799652099609375,-0.0018768310546875,0.04611968994140625,0.04611968994140625,False,dec_s0,decoder,0,8,0.004243109899107367,0.0026911142631433904,0.002779453818220645,0.002213031577412039,0.2595928187315176,0.5572261019853741
aquitaine_basin_2020-10-02T06:00:00,aquitaine_basin,local,low_near,t1,q850_trace,precip_zwd,zwd,54.97747747747748,344.3983431897952,1.489134206167364e-06,1.0,850,0.0,0.05391832958900489,1.0,0.9490475464748457,0.05095245352515427,123.05393981933594,123.09818267822266,123.10193634033203,0.04424285888671875,0.04799652099609375,-0.0018768310546875,0.04611968994140625,0.04611968994140625,False,dec_s1,decoder,1,10,0.004762216587550938,0.004893631767481565,0.003701059194281697,0.003102274576667696,0.20687890987416474,0.5481382865629087
aquitaine_basin_2020-10-02T06:00:00,aquitaine_basin,local,low_near,t1,q850_trace,precip_zwd,zwd,54.97747747747748,344.3983431897952,1.489134206167364e-06,1.0,850,0.0,0.05391832958900489,1.0,0.9490475464748457,0.05095245352515427,123.05393981933594,123.09818267822266,123.10193634033203,0.04424285888671875,0.04799652099609375,-0.0018768310546875,0.04611968994140625,0.04611968994140625,False,dec_s2,decoder,2,6,0.014246613252907991,0.017175841455658276,0.013299157532552877,0.008491924498230219,0.502837046269996,0.6104264331312583
aquitaine_basin_2020-10-02T06:00:00,aquitaine_basin,synoptic,hotspot,t1,q850_trace,precip_zwd,precip,42.47747747747748,359.3983431897952,0.0001375502033624798,1.0,850,0.0,5.900575306092344e-05,1.0,0.9999970431795929,2.956820407020636e-06,4.478277206420898,4.387051582336426,4.311086177825928,-0.09122562408447266,-0.1671910285949707,0.03798270225524902,-0.12920832633972168,0.12920832633972168,False,enc_s0,encoder,0,6,0.013597548007965088,0.013188354360560576,0.012951018599172434,0.0034164761503537497,0.8729244052192282,0.7904838311710319
aquitaine_basin_2020-10-02T06:00:00,aquitaine_basin,synoptic,hotspot,t1,q850_trace,precip_zwd,precip,42.47747747747748,359.3983431897952,0.0001375502033624798,1.0,850,0.0,5.900575306092344e-05,1.0,0.9999970431795929,2.956820407020636e-06,4.478277206420898,4.387051582336426,4.311086177825928,-0.09122562408447266,-0.1671910285949707,0.03798270225524902,-0.12920832633972168,0.12920832633972168,False,enc_s1,encoder,1,10,0.01057711630128324,0.00778817143291235,0.008178967470303177,0.004360843938775361,0.6136583790232717,0.6614156459856957
aquitaine_basin_2020-10-02T06:00:00,aquitaine_basin,synoptic,hotspot,t1,q850_trace,precip_zwd,precip,42.47747747747748,359.3983431897952,0.0001375502033624798,1.0,850,0.0,5.900575306092344e-05,1.0,0.9999970431795929,2.956820407020636e-06,4.478277206420898,4.387051582336426,4.311086177825928,-0.09122562408447266,-0.1671910285949707,0.03798270225524902,-0.12920832633972168,0.12920832633972168,False,enc_s2,encoder,2,8,0.0043351754429750144,0.0034120018244720995,0.003376598993781954,0.0019536239851731807,0.5289784632381638,0.6336096483542901
aquitaine_basin_2020-10-02T06:00:00,aquitaine_basin,synoptic,hotspot,t1,q850_trace,precip_zwd,precip,42.47747747747748,359.3983431897952,0.0001375502033624798,1.0,850,0.0,5.900575306092344e-05,1.0,0.9999970431795929,2.956820407020636e-06,4.478277206420898,4.387051582336426,4.311086177825928,-0.09122562408447266,-0.1671910285949707,0.03798270225524902,-0.12920832633972168,0.12920832633972168,False,dec_s0,decoder,0,8,0.006327169539872557,0.005117004213389009,0.004924574110191315,0.0029756039730273187,0.4941019110329206,0.6238831433842422
aquitaine_basin_2020-10-02T06:00:00,aquitaine_basin,synoptic,hotspot,t1,q850_trace,precip_zwd,precip,42.47747747747748,359.3983431897952,0.0001375502033624798,1.0,850,0.0,5.900575306092344e-05,1.0,0.9999970431795929,2.956820407020636e-06,4.478277206420898,4.387051582336426,4.311086177825928,-0.09122562408447266,-0.1671910285949707,0.03798270225524902,-0.12920832633972168,0.12920832633972168,False,dec_s1,decoder,1,10,0.0061815864173695445,0.006065471493639052,0.005090418388135731,0.00340444294270128,0.41706943634638727,0.6003531128226627
aquitaine_basin_2020-10-02T06:00:00,aquitaine_basin,synoptic,hotspot,t1,q850_trace,precip_zwd,precip,42.47747747747748,359.3983431897952,0.0001375502033624798,1.0,850,0.0,5.900575306092344e-05,1.0,0.9999970431795929,2.956820407020636e-06,4.478277206420898,4.387051582336426,4.311086177825928,-0.09122562408447266,-0.1671910285949707,0.03798270225524902,-0.12920832633972168,0.12920832633972168,False,dec_s2,decoder,2,6,0.021823694929480553,0.021958467240134876,0.01939955788354079,0.010142564152677854,0.6351225454261583,0.6567399464688187
aquitaine_basin_2020-10-02T06:00:00,aquitaine_basin,synoptic,hotspot,t1,q850_trace,precip_only,precip,42.47747747747748,359.3983431897952,0.0001375502033624798,1.0,850,0.0,5.900575306092344e-05,1.0,0.9999970431795929,2.956820407020636e-06,4.260673522949219,4.2652082443237305,3.9236953258514404,0.004534721374511719,-0.3369781970977783,0.17075645923614502,-0.1662217378616333,0.17075645923614502,True,enc_s0,encoder,0,6,0.013683444975564877,0.013084993542482456,0.012932316400110722,0.0034610183987145624,0.8699831289835163,0.788144339250605
aquitaine_basin_2020-10-02T06:00:00,aquitaine_basin,synoptic,hotspot,t1,q850_trace,precip_only,precip,42.47747747747748,359.3983431897952,0.0001375502033624798,1.0,850,0.0,5.900575306092344e-05,1.0,0.9999970431795929,2.956820407020636e-06,4.260673522949219,4.2652082443237305,3.9236953258514404,0.004534721374511719,-0.3369781970977783,0.17075645923614502,-0.1662217378616333,0.17075645923614502,True,enc_s1,encoder,1,10,0.010789553029462695,0.007781795924529433,0.0082329039927572,0.004514190484769642,0.5967930041872025,0.6545995887959231
aquitaine_basin_2020-10-02T06:00:00,aquitaine_basin,synoptic,hotspot,t1,q850_trace,precip_only,precip,42.47747747747748,359.3983431897952,0.0001375502033624798,1.0,850,0.0,5.900575306092344e-05,1.0,0.9999970431795929,2.956820407020636e-06,4.260673522949219,4.2652082443237305,3.9236953258514404,0.004534721374511719,-0.3369781970977783,0.17075645923614502,-0.1662217378616333,0.17075645923614502,True,enc_s2,encoder,2,8,0.004513485648203641,0.0034821805311366916,0.0034644011757336557,0.0020607980841305107,0.5089426022322704,0.6271431395333255
aquitaine_basin_2020-10-02T06:00:00,aquitaine_basin,synoptic,hotspot,t1,q850_trace,precip_only,precip,42.47747747747748,359.3983431897952,0.0001375502033624798,1.0,850,0.0,5.900575306092344e-05,1.0,0.9999970431795929,2.956820407020636e-06,4.260673522949219,4.2652082443237305,3.9236953258514404,0.004534721374511719,-0.3369781970977783,0.17075645923614502,-0.1662217378616333,0.17075645923614502,True,dec_s0,decoder,0,8,0.006588705058675259,0.005220342718530446,0.005052003310993314,0.003131468634819612,0.47463626877327547,0.6178461429337496
aquitaine_basin_2020-10-02T06:00:00,aquitaine_basin,synoptic,hotspot,t1,q850_trace,precip_only,precip,42.47747747747748,359.3983431897952,0.0001375502033624798,1.0,850,0.0,5.900575306092344e-05,1.0,0.9999970431795929,2.956820407020636e-06,4.260673522949219,4.2652082443237305,3.9236953258514404,0.004534721374511719,-0.3369781970977783,0.17075645923614502,-0.1662217378616333,0.17075645923614502,True,dec_s1,decoder,1,10,0.006160202343016863,0.006042009266093373,0.005025879386812449,0.003459687216673046,0.3904486637392147,0.5936047210986796
aquitaine_basin_2020-10-02T06:00:00,aquitaine_basin,synoptic,hotspot,t1,q850_trace,precip_only,precip,42.47747747747748,359.3983431897952,0.0001375502033624798,1.0,850,0.0,5.900575306092344e-05,1.0,0.9999970431795929,2.956820407020636e-06,4.260673522949219,4.2652082443237305,3.9236953258514404,0.004534721374511719,-0.3369781970977783,0.17075645923614502,-0.1662217378616333,0.17075645923614502,True,dec_s2,decoder,2,6,0.022208101426561672,0.022487647210558254,0.019679496996104717,0.010590308345854282,0.6125500127675905,0.650240609302183
aquitaine_basin_2020-10-02T06:00:00,aquitaine_basin,synoptic,low_near,t1,q850_trace,precip_zwd,precip,57.47747747747748,19.39834318979516,1.4005709090270102e-05,1.0,850,0.0,0.002021331498365732,1.0,0.9995059333881956,0.0004940666118043679,4.478277206420898,4.469148635864258,4.483987331390381,-0.009128570556640625,0.005710124969482422,-0.0074193477630615234,-0.0017092227935791016,0.0074193477630615234,True,enc_s0,encoder,0,6,0.019512259401381016,0.018664510920643806,0.018361408573885758,0.005236465406293671,0.8515920341580766,0.7774530029394287
aquitaine_basin_2020-10-02T06:00:00,aquitaine_basin,synoptic,low_near,t1,q850_trace,precip_zwd,precip,57.47747747747748,19.39834318979516,1.4005709090270102e-05,1.0,850,0.0,0.002021331498365732,1.0,0.9995059333881956,0.0004940666118043679,4.478277206420898,4.469148635864258,4.483987331390381,-0.009128570556640625,0.005710124969482422,-0.0074193477630615234,-0.0017092227935791016,0.0074193477630615234,True,enc_s1,encoder,1,10,0.015778337512165307,0.010885719768702984,0.011598505079746246,0.006983985099941492,0.5431173416493752,0.6356907036334869
aquitaine_basin_2020-10-02T06:00:00,aquitaine_basin,synoptic,low_near,t1,q850_trace,precip_zwd,precip,57.47747747747748,19.39834318979516,1.4005709090270102e-05,1.0,850,0.0,0.002021331498365732,1.0,0.9995059333881956,0.0004940666118043679,4.478277206420898,4.469148635864258,4.483987331390381,-0.009128570556640625,0.005710124969482422,-0.0074193477630615234,-0.0017092227935791016,0.0074193477630615234,True,enc_s2,encoder,2,8,0.0070231573190540075,0.004441616183612496,0.004998196382075548,0.00308942495030351,0.5072299654191581,0.6181133004626983
aquitaine_basin_2020-10-02T06:00:00,aquitaine_basin,synoptic,low_near,t1,q850_trace,precip_zwd,precip,57.47747747747748,19.39834318979516,1.4005709090270102e-05,1.0,850,0.0,0.002021331498365732,1.0,0.9995059333881956,0.0004940666118043679,4.478277206420898,4.469148635864258,4.483987331390381,-0.009128570556640625,0.005710124969482422,-0.0074193477630615234,-0.0017092227935791016,0.0074193477630615234,True,dec_s0,decoder,0,8,0.00986600574105978,0.006014396785758436,0.006903361063450575,0.004370275768451393,0.4966599785132377,0.6124874836292914
aquitaine_basin_2020-10-02T06:00:00,aquitaine_basin,synoptic,low_near,t1,q850_trace,precip_zwd,precip,57.47747747747748,19.39834318979516,1.4005709090270102e-05,1.0,850,0.0,0.002021331498365732,1.0,0.9995059333881956,0.0004940666118043679,4.478277206420898,4.469148635864258,4.483987331390381,-0.009128570556640625,0.005710124969482422,-0.0074193477630615234,-0.0017092227935791016,0.0074193477630615234,True,dec_s1,decoder,1,10,0.010662938794121146,0.008957224106416107,0.008124328684061766,0.005548898340202868,0.4267456166715716,0.6021718673780078
aquitaine_basin_2020-10-02T06:00:00,aquitaine_basin,synoptic,low_near,t1,q850_trace,precip_zwd,precip,57.47747747747748,19.39834318979516,1.4005709090270102e-05,1.0,850,0.0,0.002021331498365732,1.0,0.9995059333881956,0.0004940666118043679,4.478277206420898,4.469148635864258,4.483987331390381,-0.009128570556640625,0.005710124969482422,-0.0074193477630615234,-0.0017092227935791016,0.0074193477630615234,True,dec_s2,decoder,2,6,0.033601073548197746,0.03314184583723545,0.03017794682333867,0.014245918486267328,0.6736573426525835,0.6794484981295493
aquitaine_basin_2020-10-02T06:00:00,aquitaine_basin,synoptic,low_near,t1,q850_trace,precip_only,precip,57.47747747747748,19.39834318979516,1.4005709090270102e-05,1.0,850,0.0,0.002021331498365732,1.0,0.9995059333881956,0.0004940666118043679,4.260673522949219,4.2511372566223145,4.265408992767334,-0.009536266326904297,0.004735469818115234,-0.007135868072509766,-0.0024003982543945312,0.007135868072509766,True,enc_s0,encoder,0,6,0.019476189588507015,0.018457705155014992,0.018248009805878002,0.0052012948629756766,0.852312991620571,0.7775734661914032
aquitaine_basin_2020-10-02T06:00:00,aquitaine_basin,synoptic,low_near,t1,q850_trace,precip_only,precip,57.47747747747748,19.39834318979516,1.4005709090270102e-05,1.0,850,0.0,0.002021331498365732,1.0,0.9995059333881956,0.0004940666118043679,4.260673522949219,4.2511372566223145,4.265408992767334,-0.009536266326904297,0.004735469818115234,-0.007135868072509766,-0.0024003982543945312,0.007135868072509766,True,enc_s1,encoder,1,10,0.01603443706408143,0.010766792949289084,0.011560107674449682,0.007218361808918416,0.5183092443230939,0.6277586251554078
aquitaine_basin_2020-10-02T06:00:00,aquitaine_basin,synoptic,low_near,t1,q850_trace,precip_only,precip,57.47747747747748,19.39834318979516,1.4005709090270102e-05,1.0,850,0.0,0.002021331498365732,1.0,0.9995059333881956,0.0004940666118043679,4.260673522949219,4.2511372566223145,4.265408992767334,-0.009536266326904297,0.004735469818115234,-0.007135868072509766,-0.0024003982543945312,0.007135868072509766,True,enc_s2,encoder,2,8,0.007369523053057492,0.004528525285422802,0.005143577174749225,0.0033095170510932803,0.47604320515823173,0.6086033167987106
aquitaine_basin_2020-10-02T06:00:00,aquitaine_basin,synoptic,low_near,t1,q850_trace,precip_only,precip,57.47747747747748,19.39834318979516,1.4005709090270102e-05,1.0,850,0.0,0.002021331498365732,1.0,0.9995059333881956,0.0004940666118043679,4.260673522949219,4.2511372566223145,4.265408992767334,-0.009536266326904297,0.004735469818115234,-0.007135868072509766,-0.0024003982543945312,0.007135868072509766,True,dec_s0,decoder,0,8,0.01050714694429189,0.00607909623067826,0.007151644327677786,0.004746938968310133,0.46219017020161074,0.6011896675966703
aquitaine_basin_2020-10-02T06:00:00,aquitaine_basin,synoptic,low_near,t1,q850_trace,precip_only,precip,57.47747747747748,19.39834318979516,1.4005709090270102e-05,1.0,850,0.0,0.002021331498365732,1.0,0.9995059333881956,0.0004940666118043679,4.260673522949219,4.2511372566223145,4.265408992767334,-0.009536266326904297,0.004735469818115234,-0.007135868072509766,-0.0024003982543945312,0.007135868072509766,True,dec_s1,decoder,1,10,0.010584599152207375,0.008692473731935024,0.007835987536236644,0.005677487840875984,0.3718970822356612,0.5876686595320033
aquitaine_basin_2020-10-02T06:00:00,aquitaine_basin,synoptic,low_near,t1,q850_trace,precip_only,precip,57.47747747747748,19.39834318979516,1.4005709090270102e-05,1.0,850,0.0,0.002021331498365732,1.0,0.9995059333881956,0.0004940666118043679,4.260673522949219,4.2511372566223145,4.265408992767334,-0.009536266326904297,0.004735469818115234,-0.007135868072509766,-0.0024003982543945312,0.007135868072509766,True,dec_s2,decoder,2,6,0.034420245016614594,0.03373141090075175,0.030491443661351997,0.015211205929517746,0.6377780185431577,0.6674714838200568
aquitaine_basin_2020-10-02T06:00:00,aquitaine_basin,synoptic,hotspot,t1,q850_trace,precip_zwd,zwd,42.47747747747748,359.3983431897952,0.0001375502033624798,1.0,850,0.0,5.900575306092344e-05,1.0,0.9999970431795929,2.956820407020636e-06,123.05393981933594,122.5215835571289,123.48733520507812,-0.5323562622070312,0.4333953857421875,-0.4828758239746094,-0.049480438232421875,0.4828758239746094,True,enc_s0,encoder,0,6,0.013597548007965088,0.013188354360560576,0.012951018599172434,0.0034164761503537497,0.8729244052192282,0.7904838311710319
aquitaine_basin_2020-10-02T06:00:00,aquitaine_basin,synoptic,hotspot,t1,q850_trace,precip_zwd,zwd,42.47747747747748,359.3983431897952,0.0001375502033624798,1.0,850,0.0,5.900575306092344e-05,1.0,0.9999970431795929,2.956820407020636e-06,123.05393981933594,122.5215835571289,123.48733520507812,-0.5323562622070312,0.4333953857421875,-0.4828758239746094,-0.049480438232421875,0.4828758239746094,True,enc_s1,encoder,1,10,0.01057711630128324,0.00778817143291235,0.008178967470303177,0.004360843938775361,0.6136583790232717,0.6614156459856957
aquitaine_basin_2020-10-02T06:00:00,aquitaine_basin,synoptic,hotspot,t1,q850_trace,precip_zwd,zwd,42.47747747747748,359.3983431897952,0.0001375502033624798,1.0,850,0.0,5.900575306092344e-05,1.0,0.9999970431795929,2.956820407020636e-06,123.05393981933594,122.5215835571289,123.48733520507812,-0.5323562622070312,0.4333953857421875,-0.4828758239746094,-0.049480438232421875,0.4828758239746094,True,enc_s2,encoder,2,8,0.0043351754429750144,0.0034120018244720995,0.003376598993781954,0.0019536239851731807,0.5289784632381638,0.6336096483542901
aquitaine_basin_2020-10-02T06:00:00,aquitaine_basin,synoptic,hotspot,t1,q850_trace,precip_zwd,zwd,42.47747747747748,359.3983431897952,0.0001375502033624798,1.0,850,0.0,5.900575306092344e-05,1.0,0.9999970431795929,2.956820407020636e-06,123.05393981933594,122.5215835571289,123.48733520507812,-0.5323562622070312,0.4333953857421875,-0.4828758239746094,-0.049480438232421875,0.4828758239746094,True,dec_s0,decoder,0,8,0.006327169539872557,0.005117004213389009,0.004924574110191315,0.0029756039730273187,0.4941019110329206,0.6238831433842422
aquitaine_basin_2020-10-02T06:00:00,aquitaine_basin,synoptic,hotspot,t1,q850_trace,precip_zwd,zwd,42.47747747747748,359.3983431897952,0.0001375502033624798,1.0,850,0.0,5.900575306092344e-05,1.0,0.9999970431795929,2.956820407020636e-06,123.05393981933594,122.5215835571289,123.48733520507812,-0.5323562622070312,0.4333953857421875,-0.4828758239746094,-0.049480438232421875,0.4828758239746094,True,dec_s1,decoder,1,10,0.0061815864173695445,0.006065471493639052,0.005090418388135731,0.00340444294270128,0.41706943634638727,0.6003531128226627
aquitaine_basin_2020-10-02T06:00:00,aquitaine_basin,synoptic,hotspot,t1,q850_trace,precip_zwd,zwd,42.47747747747748,359.3983431897952,0.0001375502033624798,1.0,850,0.0,5.900575306092344e-05,1.0,0.9999970431795929,2.956820407020636e-06,123.05393981933594,122.5215835571289,123.48733520507812,-0.5323562622070312,0.4333953857421875,-0.4828758239746094,-0.049480438232421875,0.4828758239746094,True,dec_s2,decoder,2,6,0.021823694929480553,0.021958467240134876,0.01939955788354079,0.010142564152677854,0.6351225454261583,0.6567399464688187
aquitaine_basin_2020-10-02T06:00:00,aquitaine_basin,synoptic,low_near,t1,q850_trace,precip_zwd,zwd,57.47747747747748,19.39834318979516,1.4005709090270102e-05,1.0,850,0.0,0.002021331498365732,1.0,0.9995059333881956,0.0004940666118043679,123.05393981933594,123.57952880859375,123.16937255859375,0.5255889892578125,0.1154327392578125,0.205078125,0.3205108642578125,0.3205108642578125,False,enc_s0,encoder,0,6,0.019512259401381016,0.018664510920643806,0.018361408573885758,0.005236465406293671,0.8515920341580766,0.7774530029394287
aquitaine_basin_2020-10-02T06:00:00,aquitaine_basin,synoptic,low_near,t1,q850_trace,precip_zwd,zwd,57.47747747747748,19.39834318979516,1.4005709090270102e-05,1.0,850,0.0,0.002021331498365732,1.0,0.9995059333881956,0.0004940666118043679,123.05393981933594,123.57952880859375,123.16937255859375,0.5255889892578125,0.1154327392578125,0.205078125,0.3205108642578125,0.3205108642578125,False,enc_s1,encoder,1,10,0.015778337512165307,0.010885719768702984,0.011598505079746246,0.006983985099941492,0.5431173416493752,0.6356907036334869
aquitaine_basin_2020-10-02T06:00:00,aquitaine_basin,synoptic,low_near,t1,q850_trace,precip_zwd,zwd,57.47747747747748,19.39834318979516,1.4005709090270102e-05,1.0,850,0.0,0.002021331498365732,1.0,0.9995059333881956,0.0004940666118043679,123.05393981933594,123.57952880859375,123.16937255859375,0.5255889892578125,0.1154327392578125,0.205078125,0.3205108642578125,0.3205108642578125,False,enc_s2,encoder,2,8,0.0070231573190540075,0.004441616183612496,0.004998196382075548,0.00308942495030351,0.5072299654191581,0.6181133004626983
aquitaine_basin_2020-10-02T06:00:00,aquitaine_basin,synoptic,low_near,t1,q850_trace,precip_zwd,zwd,57.47747747747748,19.39834318979516,1.4005709090270102e-05,1.0,850,0.0,0.002021331498365732,1.0,0.9995059333881956,0.0004940666118043679,123.05393981933594,123.57952880859375,123.16937255859375,0.5255889892578125,0.1154327392578125,0.205078125,0.3205108642578125,0.3205108642578125,False,dec_s0,decoder,0,8,0.00986600574105978,0.006014396785758436,0.006903361063450575,0.004370275768451393,0.4966599785132377,0.6124874836292914
aquitaine_basin_2020-10-02T06:00:00,aquitaine_basin,synoptic,low_near,t1,q850_trace,precip_zwd,zwd,57.47747747747748,19.39834318979516,1.4005709090270102e-05,1.0,850,0.0,0.002021331498365732,1.0,0.9995059333881956,0.0004940666118043679,123.05393981933594,123.57952880859375,123.16937255859375,0.5255889892578125,0.1154327392578125,0.205078125,0.3205108642578125,0.3205108642578125,False,dec_s1,decoder,1,10,0.010662938794121146,0.008957224106416107,0.008124328684061766,0.005548898340202868,0.4267456166715716,0.6021718673780078
aquitaine_basin_2020-10-02T06:00:00,aquitaine_basin,synoptic,low_near,t1,q850_trace,precip_zwd,zwd,57.47747747747748,19.39834318979516,1.4005709090270102e-05,1.0,850,0.0,0.002021331498365732,1.0,0.9995059333881956,0.0004940666118043679,123.05393981933594,123.57952880859375,123.16937255859375,0.5255889892578125,0.1154327392578125,0.205078125,0.3205108642578125,0.3205108642578125,False,dec_s2,decoder,2,6,0.033601073548197746,0.03314184583723545,0.03017794682333867,0.014245918486267328,0.6736573426525835,0.6794484981295493
atlas_2020-03-19T18:00:00,atlas,local,hotspot,t1,q850_trace,precip_zwd,precip,32.47747747747748,354.79529172445586,8.581561996834353e-05,1.0,850,0.0,0.006802721088435374,1.0000000785500416,0.994631026103907,0.005369052024395441,2.361468553543091,3.5072667598724365,1.3087772130966187,1.1457982063293457,-1.0526913404464722,1.099244773387909,0.04655343294143677,1.099244773387909,True,enc_s0,encoder,0,6,0.005873441152895491,0.006173633427048723,0.005796142620965838,0.0016402533316674333,0.8592478203285632,0.7783484126889698
atlas_2020-03-19T18:00:00,atlas,local,hotspot,t1,q850_trace,precip_zwd,precip,32.47747747747748,354.79529172445586,8.581561996834353e-05,1.0,850,0.0,0.006802721088435374,1.0000000785500416,0.994631026103907,0.005369052024395441,2.361468553543091,3.5072667598724365,1.3087772130966187,1.1457982063293457,-1.0526913404464722,1.099244773387909,0.04655343294143677,1.099244773387909,True,enc_s1,encoder,1,10,0.0052366366144269705,0.003957505524158478,0.004002229985781014,0.002297008887398988,0.5829083178196905,0.6588502909764544
atlas_2020-03-19T18:00:00,atlas,local,hotspot,t1,q850_trace,precip_zwd,precip,32.47747747747748,354.79529172445586,8.581561996834353e-05,1.0,850,0.0,0.006802721088435374,1.0000000785500416,0.994631026103907,0.005369052024395441,2.361468553543091,3.5072667598724365,1.3087772130966187,1.1457982063293457,-1.0526913404464722,1.099244773387909,0.04655343294143677,1.099244773387909,True,enc_s2,encoder,2,8,0.0027063657180406153,0.0019154040201101452,0.00198001203534659,0.0012553887499962002,0.466158031302663,0.6121460271519638
atlas_2020-03-19T18:00:00,atlas,local,hotspot,t1,q850_trace,precip_zwd,precip,32.47747747747748,354.79529172445586,8.581561996834353e-05,1.0,850,0.0,0.006802721088435374,1.0000000785500416,0.994631026103907,0.005369052024395441,2.361468553543091,3.5072667598724365,1.3087772130966187,1.1457982063293457,-1.0526913404464722,1.099244773387909,0.04655343294143677,1.099244773387909,True,dec_s0,decoder,0,8,0.0038737781869713217,0.0029026183183304965,0.0028127700206823647,0.0019504283845890313,0.37931254056542163,0.5910669130161579
atlas_2020-03-19T18:00:00,atlas,local,hotspot,t1,q850_trace,precip_zwd,precip,32.47747747747748,354.79529172445586,8.581561996834353e-05,1.0,850,0.0,0.006802721088435374,1.0000000785500416,0.994631026103907,0.005369052024395441,2.361468553543091,3.5072667598724365,1.3087772130966187,1.1457982063293457,-1.0526913404464722,1.099244773387909,0.04655343294143677,1.099244773387909,True,dec_s1,decoder,1,10,0.00469565826933831,0.003934051655232906,0.003353622939903289,0.0027413956355303525,0.20190262324862776,0.5474917996767907
atlas_2020-03-19T18:00:00,atlas,local,hotspot,t1,q850_trace,precip_zwd,precip,32.47747747747748,354.79529172445586,8.581561996834353e-05,1.0,850,0.0,0.006802721088435374,1.0000000785500416,0.994631026103907,0.005369052024395441,2.361468553543091,3.5072667598724365,1.3087772130966187,1.1457982063293457,-1.0526913404464722,1.099244773387909,0.04655343294143677,1.099244773387909,True,dec_s2,decoder,2,6,0.014799554521838823,0.012707510186980167,0.011440082142750422,0.007705558169012268,0.4320603107905665,0.5975863006272438
atlas_2020-03-19T18:00:00,atlas,local,hotspot,t1,q850_trace,precip_only,precip,32.47747747747748,354.79529172445586,8.581561996834353e-05,1.0,850,0.0,0.006802721088435374,1.0000000785500416,0.994631026103907,0.005369052024395441,2.1329398155212402,3.361647844314575,1.0105997323989868,1.228708028793335,-1.1223400831222534,1.1755240559577942,0.05318397283554077,1.1755240559577942,True,enc_s0,encoder,0,6,0.005789321847259998,0.006060693024968107,0.005694523453712463,0.0016350157287282248,0.854578500618696,0.7757076413218039
atlas_2020-03-19T18:00:00,atlas,local,hotspot,t1,q850_trace,precip_only,precip,32.47747747747748,354.79529172445586,8.581561996834353e-05,1.0,850,0.0,0.006802721088435374,1.0000000785500416,0.994631026103907,0.005369052024395441,2.1329398155212402,3.361647844314575,1.0105997323989868,1.228708028793335,-1.1223400831222534,1.1755240559577942,0.05318397283554077,1.1755240559577942,True,enc_s1,encoder,1,10,0.005112655810080469,0.003895708313211799,0.003912636963650584,0.002263002353720367,0.5762750483602935,0.6568700318427686
atlas_2020-03-19T18:00:00,atlas,local,hotspot,t1,q850_trace,precip_only,precip,32.47747747747748,354.79529172445586,8.581561996834353e-05,1.0,850,0.0,0.006802721088435374,1.0000000785500416,0.994631026103907,0.005369052024395441,2.1329398155212402,3.361647844314575,1.0105997323989868,1.228708028793335,-1.1223400831222534,1.1755240559577942,0.05318397283554077,1.1755240559577942,True,enc_s2,encoder,2,8,0.0027280865469947457,0.0019381225283723325,0.0019922302453778684,0.0012768343585776165,0.4557271750579554,0.6095602892137699
atlas_2020-03-19T18:00:00,atlas,local,hotspot,t1,q850_trace,precip_only,precip,32.47747747747748,354.79529172445586,8.581561996834353e-05,1.0,850,0.0,0.006802721088435374,1.0000000785500416,0.994631026103907,0.005369052024395441,2.1329398155212402,3.361647844314575,1.0105997323989868,1.228708028793335,-1.1223400831222534,1.1755240559577942,0.05318397283554077,1.1755240559577942,True,dec_s0,decoder,0,8,0.003925892786355689,0.002950031543150544,0.0028451156395021826,0.001990786025999114,0.37047741850738525,0.5888908384042015
atlas_2020-03-19T18:00:00,atlas,local,hotspot,t1,q850_trace,precip_only,precip,32.47747747747748,354.79529172445586,8.581561996834353e-05,1.0,850,0.0,0.006802721088435374,1.0000000785500416,0.994631026103907,0.005369052024395441,2.1329398155212402,3.361647844314575,1.0105997323989868,1.228708028793335,-1.1223400831222534,1.1755240559577942,0.05318397283554077,1.1755240559577942,True,dec_s1,decoder,1,10,0.004628847818821669,0.0038821755442768335,0.003284905548207462,0.0027307153097353874,0.18435267593811563,0.5433631941183212
atlas_2020-03-19T18:00:00,atlas,local,hotspot,t1,q850_trace,precip_only,precip,32.47747747747748,354.79529172445586,8.581561996834353e-05,1.0,850,0.0,0.006802721088435374,1.0000000785500416,0.994631026103907,0.005369052024395441,2.1329398155212402,3.361647844314575,1.0105997323989868,1.228708028793335,-1.1223400831222534,1.1755240559577942,0.05318397283554077,1.1755240559577942,True,dec_s2,decoder,2,6,0.015085055182377497,0.013020406321932873,0.011611255972335735,0.007982075291996201,0.4124798730429649,0.5927799509916075
atlas_2020-03-19T18:00:00,atlas,local,low_near,t1,q850_trace,precip_zwd,precip,42.47747747747748,7.295291724455865,1.2054101716785226e-06,1.0,850,0.0,0.045686141304347824,1.0,0.9528711349024138,0.04712886509758618,2.361468553543091,2.3581278324127197,2.352403402328491,-0.0033407211303710938,-0.00906515121459961,0.002862215042114258,-0.0062029361724853516,0.0062029361724853516,False,enc_s0,encoder,0,6,0.007054605055600405,0.00762187666259706,0.007036395759011309,0.002100977386968831,0.8451283103115501,0.7695067075710766
atlas_2020-03-19T18:00:00,atlas,local,low_near,t1,q850_trace,precip_zwd,precip,42.47747747747748,7.295291724455865,1.2054101716785226e-06,1.0,850,0.0,0.045686141304347824,1.0,0.9528711349024138,0.04712886509758618,2.361468553543091,2.3581278324127197,2.352403402328491,-0.0033407211303710938,-0.00906515121459961,0.002862215042114258,-0.0062029361724853516,0.0062029361724853516,False,enc_s1,encoder,1,10,0.0042918042978271845,0.004140612343326211,0.0036487482488155366,0.0020385834621265532,0.5684335395569411,0.6613539504119742
atlas_2020-03-19T18:00:00,atlas,local,low_near,t1,q850_trace,precip_zwd,precip,42.47747747747748,7.295291724455865,1.2054101716785226e-06,1.0,850,0.0,0.045686141304347824,1.0,0.9528711349024138,0.04712886509758618,2.361468553543091,2.3581278324127197,2.352403402328491,-0.0033407211303710938,-0.00906515121459961,0.002862215042114258,-0.0062029361724853516,0.0062029361724853516,False,enc_s2,encoder,2,8,0.001984410861041397,0.0018077345011988655,0.0016199848323594779,0.000989011095953174,0.47124988524802613,0.6211003720044741
atlas_2020-03-19T18:00:00,atlas,local,low_near,t1,q850_trace,precip_zwd,precip,42.47747747747748,7.295291724455865,1.2054101716785226e-06,1.0,850,0.0,0.045686141304347824,1.0,0.9528711349024138,0.04712886509758618,2.361468553543091,2.3581278324127197,2.352403402328491,-0.0033407211303710938,-0.00906515121459961,0.002862215042114258,-0.0062029361724853516,0.0062029361724853516,False,dec_s0,decoder,0,8,0.002707925741560757,0.002411698194919154,0.002063144391286187,0.0015212244034046307,0.31292939229799216,0.5768514810100047
atlas_2020-03-19T18:00:00,atlas,local,low_near,t1,q850_trace,precip_zwd,precip,42.47747747747748,7.295291724455865,1.2054101716785226e-06,1.0,850,0.0,0.045686141304347824,1.0,0.9528711349024138,0.04712886509758618,2.361468553543091,2.3581278324127197,2.352403402328491,-0.0033407211303710938,-0.00906515121459961,0.002862215042114258,-0.0062029361724853516,0.0062029361724853516,False,dec_s1,decoder,1,10,0.0040150661254301665,0.0037125366274267436,0.0028886577230878173,0.002570355811621994,0.13906666608972004,0.5325925887187559
atlas_2020-03-19T18:00:00,atlas,local,low_near,t1,q850_trace,precip_zwd,precip,42.47747747747748,7.295291724455865,1.2054101716785226e-06,1.0,850,0.0,0.045686141304347824,1.0,0.9528711349024138,0.04712886509758618,2.361468553543091,2.3581278324127197,2.352403402328491,-0.0033407211303710938,-0.00906515121459961,0.002862215042114258,-0.0062029361724853516,0.0062029361724853516,False,dec_s2,decoder,2,6,0.013624178556104502,0.013904013360540072,0.011752553439388672,0.007165734733765324,0.5356588075186014,0.6212629081896802
atlas_2020-03-19T18:00:00,atlas,local,low_near,t1,q850_trace,precip_only,precip,42.47747747747748,7.295291724455865,1.2054101716785226e-06,1.0,850,0.0,0.045686141304347824,1.0,0.9528711349024138,0.04712886509758618,2.1329398155212402,2.133641481399536,2.1400370597839355,0.0007016658782958984,0.0070972442626953125,-0.003197789192199707,0.0038994550704956055,0.0038994550704956055,False,enc_s0,encoder,0,6,0.006926555807391803,0.0074572159598271055,0.006891206838190556,0.0020733231600994864,0.8428142934040602,0.7680860167334832
atlas_2020-03-19T18:00:00,atlas,local,low_near,t1,q850_trace,precip_only,precip,42.47747747747748,7.295291724455865,1.2054101716785226e-06,1.0,850,0.0,0.045686141304347824,1.0,0.9528711349024138,0.04712886509758618,2.1329398155212402,2.133641481399536,2.1400370597839355,0.0007016658782958984,0.0070972442626953125,-0.003197789192199707,0.0038994550704956055,0.0038994550704956055,False,enc_s1,encoder,1,10,0.00422851643525064,0.004075817600823939,0.003573611075989902,0.0020422477799002083,0.5539922308883417,0.6565675001892409
atlas_2020-03-19T18:00:00,atlas,local,low_near,t1,q850_trace,precip_only,precip,42.47747747747748,7.295291724455865,1.2054101716785226e-06,1.0,850,0.0,0.045686141304347824,1.0,0.9528711349024138,0.04712886509758618,2.1329398155212402,2.133641481399536,2.1400370597839355,0.0007016658782958984,0.0070972442626953125,-0.003197789192199707,0.0038994550704956055,0.0038994550704956055,False,enc_s2,encoder,2,8,0.0020132047357037663,0.0018089218938257545,0.001618823196622543,0.0010205957805737853,0.44552038864823296,0.6134972052627152
atlas_2020-03-19T18:00:00,atlas,local,low_near,t1,q850_trace,precip_only,precip,42.47747747747748,7.295291724455865,1.2054101716785226e-06,1.0,850,0.0,0.045686141304347824,1.0,0.9528711349024138,0.04712886509758618,2.1329398155212402,2.133641481399536,2.1400370597839355,0.0007016658782958984,0.0070972442626953125,-0.003197789192199707,0.0038994550704956055,0.0038994550704956055,False,dec_s0,decoder,0,8,0.002741591917583719,0.0024047173210419714,0.0020515035575954244,0.0015610419941367581,0.28289497472106845,0.5691147267278689
atlas_2020-03-19T18:00:00,atlas,local,low_near,t1,q850_trace,precip_only,precip,42.47747747747748,7.295291724455865,1.2054101716785226e-06,1.0,850,0.0,0.045686141304347824,1.0,0.9528711349024138,0.04712886509758618,2.1329398155212402,2.133641481399536,2.1400370597839355,0.0007016658782958984,0.0070972442626953125,-0.003197789192199707,0.0038994550704956055,0.0038994550704956055,False,dec_s1,decoder,1,10,0.003929906291887164,0.0035020817769691346,0.0027098578051663936,0.002552392508368939,0.07778171018220806,0.5182113986458539
atlas_2020-03-19T18:00:00,atlas,local,low_near,t1,q850_trace,precip_only,precip,42.47747747747748,7.295291724455865,1.2054101716785226e-06,1.0,850,0.0,0.045686141304347824,1.0,0.9528711349024138,0.04712886509758618,2.1329398155212402,2.133641481399536,2.1400370597839355,0.0007016658782958984,0.0070972442626953125,-0.003197789192199707,0.0038994550704956055,0.0038994550704956055,False,dec_s2,decoder,2,6,0.013729679863899946,0.0137185527322193,0.011619044157365957,0.007304148903737466,0.5099127012439765,0.6140595746638869
atlas_2020-03-19T18:00:00,atlas,local,hotspot,t1,q850_trace,precip_zwd,zwd,32.47747747747748,354.79529172445586,8.581561996834353e-05,1.0,850,0.0,0.006802721088435374,1.0000000785500416,0.994631026103907,0.005369052024395441,97.83326721191406,96.62464904785156,95.10919189453125,-1.2086181640625,-2.7240753173828125,0.7577285766601562,-1.9663467407226562,1.9663467407226562,False,enc_s0,encoder,0,6,0.005873441152895491,0.006173633427048723,0.005796142620965838,0.0016402533316674333,0.8592478203285632,0.7783484126889698
atlas_2020-03-19T18:00:00,atlas,local,hotspot,t1,q850_trace,precip_zwd,zwd,32.47747747747748,354.79529172445586,8.581561996834353e-05,1.0,850,0.0,0.006802721088435374,1.0000000785500416,0.994631026103907,0.005369052024395441,97.83326721191406,96.62464904785156,95.10919189453125,-1.2086181640625,-2.7240753173828125,0.7577285766601562,-1.9663467407226562,1.9663467407226562,False,enc_s1,encoder,1,10,0.0052366366144269705,0.003957505524158478,0.004002229985781014,0.002297008887398988,0.5829083178196905,0.6588502909764544
atlas_2020-03-19T18:00:00,atlas,local,hotspot,t1,q850_trace,precip_zwd,zwd,32.47747747747748,354.79529172445586,8.581561996834353e-05,1.0,850,0.0,0.006802721088435374,1.0000000785500416,0.994631026103907,0.005369052024395441,97.83326721191406,96.62464904785156,95.10919189453125,-1.2086181640625,-2.7240753173828125,0.7577285766601562,-1.9663467407226562,1.9663467407226562,False,enc_s2,encoder,2,8,0.0027063657180406153,0.0019154040201101452,0.00198001203534659,0.0012553887499962002,0.466158031302663,0.6121460271519638
atlas_2020-03-19T18:00:00,atlas,local,hotspot,t1,q850_trace,precip_zwd,zwd,32.47747747747748,354.79529172445586,8.581561996834353e-05,1.0,850,0.0,0.006802721088435374,1.0000000785500416,0.994631026103907,0.005369052024395441,97.83326721191406,96.62464904785156,95.10919189453125,-1.2086181640625,-2.7240753173828125,0.7577285766601562,-1.9663467407226562,1.9663467407226562,False,dec_s0,decoder,0,8,0.0038737781869713217,0.0029026183183304965,0.0028127700206823647,0.0019504283845890313,0.37931254056542163,0.5910669130161579
atlas_2020-03-19T18:00:00,atlas,local,hotspot,t1,q850_trace,precip_zwd,zwd,32.47747747747748,354.79529172445586,8.581561996834353e-05,1.0,850,0.0,0.006802721088435374,1.0000000785500416,0.994631026103907,0.005369052024395441,97.83326721191406,96.62464904785156,95.10919189453125,-1.2086181640625,-2.7240753173828125,0.7577285766601562,-1.9663467407226562,1.9663467407226562,False,dec_s1,decoder,1,10,0.00469565826933831,0.003934051655232906,0.003353622939903289,0.0027413956355303525,0.20190262324862776,0.5474917996767907
atlas_2020-03-19T18:00:00,atlas,local,hotspot,t1,q850_trace,precip_zwd,zwd,32.47747747747748,354.79529172445586,8.581561996834353e-05,1.0,850,0.0,0.006802721088435374,1.0000000785500416,0.994631026103907,0.005369052024395441,97.83326721191406,96.62464904785156,95.10919189453125,-1.2086181640625,-2.7240753173828125,0.7577285766601562,-1.9663467407226562,1.9663467407226562,False,dec_s2,decoder,2,6,0.014799554521838823,0.012707510186980167,0.011440082142750422,0.007705558169012268,0.4320603107905665,0.5975863006272438
atlas_2020-03-19T18:00:00,atlas,local,low_near,t1,q850_trace,precip_zwd,zwd,42.47747747747748,7.295291724455865,1.2054101716785226e-06,1.0,850,0.0,0.045686141304347824,1.0,0.9528711349024138,0.04712886509758618,97.83326721191406,97.82640838623047,97.83280944824219,-0.00685882568359375,-0.000457763671875,-0.003200531005859375,-0.003658294677734375,0.003658294677734375,False,enc_s0,encoder,0,6,0.007054605055600405,0.00762187666259706,0.007036395759011309,0.002100977386968831,0.8451283103115501,0.7695067075710766
atlas_2020-03-19T18:00:00,atlas,local,low_near,t1,q850_trace,precip_zwd,zwd,42.47747747747748,7.295291724455865,1.2054101716785226e-06,1.0,850,0.0,0.045686141304347824,1.0,0.9528711349024138,0.04712886509758618,97.83326721191406,97.82640838623047,97.83280944824219,-0.00685882568359375,-0.000457763671875,-0.003200531005859375,-0.003658294677734375,0.003658294677734375,False,enc_s1,encoder,1,10,0.0042918042978271845,0.004140612343326211,0.0036487482488155366,0.0020385834621265532,0.5684335395569411,0.6613539504119742
atlas_2020-03-19T18:00:00,atlas,local,low_near,t1,q850_trace,precip_zwd,zwd,42.47747747747748,7.295291724455865,1.2054101716785226e-06,1.0,850,0.0,0.045686141304347824,1.0,0.9528711349024138,0.04712886509758618,97.83326721191406,97.82640838623047,97.83280944824219,-0.00685882568359375,-0.000457763671875,-0.003200531005859375,-0.003658294677734375,0.003658294677734375,False,enc_s2,encoder,2,8,0.001984410861041397,0.0018077345011988655,0.0016199848323594779,0.000989011095953174,0.47124988524802613,0.6211003720044741
atlas_2020-03-19T18:00:00,atlas,local,low_near,t1,q850_trace,precip_zwd,zwd,42.47747747747748,7.295291724455865,1.2054101716785226e-06,1.0,850,0.0,0.045686141304347824,1.0,0.9528711349024138,0.04712886509758618,97.83326721191406,97.82640838623047,97.83280944824219,-0.00685882568359375,-0.000457763671875,-0.003200531005859375,-0.003658294677734375,0.003658294677734375,False,dec_s0,decoder,0,8,0.002707925741560757,0.002411698194919154,0.002063144391286187,0.0015212244034046307,0.31292939229799216,0.5768514810100047
atlas_2020-03-19T18:00:00,atlas,local,low_near,t1,q850_trace,precip_zwd,zwd,42.47747747747748,7.295291724455865,1.2054101716785226e-06,1.0,850,0.0,0.045686141304347824,1.0,0.9528711349024138,0.04712886509758618,97.83326721191406,97.82640838623047,97.83280944824219,-0.00685882568359375,-0.000457763671875,-0.003200531005859375,-0.003658294677734375,0.003658294677734375,False,dec_s1,decoder,1,10,0.0040150661254301665,0.0037125366274267436,0.0028886577230878173,0.002570355811621994,0.13906666608972004,0.5325925887187559
atlas_2020-03-19T18:00:00,atlas,local,low_near,t1,q850_trace,precip_zwd,zwd,42.47747747747748,7.295291724455865,1.2054101716785226e-06,1.0,850,0.0,0.045686141304347824,1.0,0.9528711349024138,0.04712886509758618,97.83326721191406,97.82640838623047,97.83280944824219,-0.00685882568359375,-0.000457763671875,-0.003200531005859375,-0.003658294677734375,0.003658294677734375,False,dec_s2,decoder,2,6,0.013624178556104502,0.013904013360540072,0.011752553439388672,0.007165734733765324,0.5356588075186014,0.6212629081896802
atlas_2020-03-19T18:00:00,atlas,synoptic,hotspot,t1,q850_trace,precip_zwd,precip,34.97747747747748,352.29529172445586,0.00014367081166710705,1.0,850,0.0,0.005441195751933919,0.9999998940356032,0.996696665893833,0.003303228491794805,2.361468553543091,3.3149735927581787,1.213581919670105,0.9535050392150879,-1.1478866338729858,1.0506958365440369,-0.09719079732894897,1.0506958365440369,True,enc_s0,encoder,0,6,0.014904471424718698,0.015215475112199783,0.014573663317908844,0.0037949408094088235,0.8746822880454425,0.7926248126399716
atlas_2020-03-19T18:00:00,atlas,synoptic,hotspot,t1,q850_trace,precip_zwd,precip,34.97747747747748,352.29529172445586,0.00014367081166710705,1.0,850,0.0,0.005441195751933919,0.9999998940356032,0.996696665893833,0.003303228491794805,2.361468553543091,3.3149735927581787,1.213581919670105,0.9535050392150879,-1.1478866338729858,1.0506958365440369,-0.09719079732894897,1.0506958365440369,True,enc_s1,encoder,1,10,0.011359755322337151,0.008404858177527785,0.008713171584531665,0.004784360853955149,0.5982058917638466,0.6623109729167391
atlas_2020-03-19T18:00:00,atlas,synoptic,hotspot,t1,q850_trace,precip_zwd,precip,34.97747747747748,352.29529172445586,0.00014367081166710705,1.0,850,0.0,0.005441195751933919,0.9999998940356032,0.996696665893833,0.003303228491794805,2.361468553543091,3.3149735927581787,1.213581919670105,0.9535050392150879,-1.1478866338729858,1.0506958365440369,-0.09719079732894897,1.0506958365440369,True,enc_s2,encoder,2,8,0.005433238111436367,0.003790189337451011,0.004029469797387719,0.002388687717029825,0.5254634392678772,0.6279308412273548
atlas_2020-03-19T18:00:00,atlas,synoptic,hotspot,t1,q850_trace,precip_zwd,precip,34.97747747747748,352.29529172445586,0.00014367081166710705,1.0,850,0.0,0.005441195751933919,0.9999998940356032,0.996696665893833,0.003303228491794805,2.361468553543091,3.3149735927581787,1.213581919670105,0.9535050392150879,-1.1478866338729858,1.0506958365440369,-0.09719079732894897,1.0506958365440369,True,dec_s0,decoder,0,8,0.007419565808959305,0.0052579789771698415,0.005476884602103382,0.003369273559655994,0.49443222470086934,0.6193544799656384
atlas_2020-03-19T18:00:00,atlas,synoptic,hotspot,t1,q850_trace,precip_zwd,precip,34.97747747747748,352.29529172445586,0.00014367081166710705,1.0,850,0.0,0.005441195751933919,0.9999998940356032,0.996696665893833,0.003303228491794805,2.361468553543091,3.3149735927581787,1.213581919670105,0.9535050392150879,-1.1478866338729858,1.0506958365440369,-0.09719079732894897,1.0506958365440369,True,dec_s1,decoder,1,10,0.008812134340405463,0.007187854079529643,0.006749422498978674,0.004369809594936669,0.4626521739392331,0.6102636399249308
atlas_2020-03-19T18:00:00,atlas,synoptic,hotspot,t1,q850_trace,precip_zwd,precip,34.97747747747748,352.29529172445586,0.00014367081166710705,1.0,850,0.0,0.005441195751933919,0.9999998940356032,0.996696665893833,0.003303228491794805,2.361468553543091,3.3149735927581787,1.213581919670105,0.9535050392150879,-1.1478866338729858,1.0506958365440369,-0.09719079732894897,1.0506958365440369,True,dec_s2,decoder,2,6,0.0290803670262297,0.0273333511625727,0.025267727362612884,0.012566125486046076,0.64790244763588,0.6679706208895667
atlas_2020-03-19T18:00:00,atlas,synoptic,hotspot,t1,q850_trace,precip_only,precip,34.97747747747748,352.29529172445586,0.00014367081166710705,1.0,850,0.0,0.005441195751933919,0.9999998940356032,0.996696665893833,0.003303228491794805,2.1329398155212402,3.1220147609710693,0.9322981238365173,0.9890749454498291,-1.200641691684723,1.094858318567276,-0.1057833731174469,1.094858318567276,True,enc_s0,encoder,0,6,0.014751069247722626,0.014930966931084791,0.01435209158807993,0.0037729371494303146,0.8721404507819305,0.7909881521439811
atlas_2020-03-19T18:00:00,atlas,synoptic,hotspot,t1,q850_trace,precip_only,precip,34.97747747747748,352.29529172445586,0.00014367081166710705,1.0,850,0.0,0.005441195751933919,0.9999998940356032,0.996696665893833,0.003303228491794805,2.1329398155212402,3.1220147609710693,0.9322981238365173,0.9890749454498291,-1.200641691684723,1.094858318567276,-0.1057833731174469,1.094858318567276,True,enc_s1,encoder,1,10,0.011210619891062378,0.008337924629449845,0.008573882561177016,0.004798968019895255,0.5854939871803959,0.6583663298100173
atlas_2020-03-19T18:00:00,atlas,synoptic,hotspot,t1,q850_trace,precip_only,precip,34.97747747747748,352.29529172445586,0.00014367081166710705,1.0,850,0.0,0.005441195751933919,0.9999998940356032,0.996696665893833,0.003303228491794805,2.1329398155212402,3.1220147609710693,0.9322981238365173,0.9890749454498291,-1.200641691684723,1.094858318567276,-0.1057833731174469,1.094858318567276,True,enc_s2,encoder,2,8,0.005503398890141398,0.003830702306004241,0.004060434293933213,0.002448138577165082,0.5114444347289067,0.6239675716005375
atlas_2020-03-19T18:00:00,atlas,synoptic,hotspot,t1,q850_trace,precip_only,precip,34.97747747747748,352.29529172445586,0.00014367081166710705,1.0,850,0.0,0.005441195751933919,0.9999998940356032,0.996696665893833,0.003303228491794805,2.1329398155212402,3.1220147609710693,0.9322981238365173,0.9890749454498291,-1.200641691684723,1.094858318567276,-0.1057833731174469,1.094858318567276,True,dec_s0,decoder,0,8,0.007490578631404787,0.005304599646478891,0.005499072198290378,0.0034473205741960555,0.4779959888055825,0.6149187834790457
atlas_2020-03-19T18:00:00,atlas,synoptic,hotspot,t1,q850_trace,precip_only,precip,34.97747747747748,352.29529172445586,0.00014367081166710705,1.0,850,0.0,0.005441195751933919,0.9999998940356032,0.996696665893833,0.003303228491794805,2.1329398155212402,3.1220147609710693,0.9322981238365173,0.9890749454498291,-1.200641691684723,1.094858318567276,-0.1057833731174469,1.094858318567276,True,dec_s1,decoder,1,10,0.008571358071640134,0.006988885207101702,0.006511646788567305,0.004329644353128969,0.43660843673712374,0.6034190321033506
atlas_2020-03-19T18:00:00,atlas,synoptic,hotspot,t1,q850_trace,precip_only,precip,34.97747747747748,352.29529172445586,0.00014367081166710705,1.0,850,0.0,0.005441195751933919,0.9999998940356032,0.996696665893833,0.003303228491794805,2.1329398155212402,3.1220147609710693,0.9322981238365173,0.9890749454498291,-1.200641691684723,1.094858318567276,-0.1057833731174469,1.094858318567276,True,dec_s2,decoder,2,6,0.0296356404821078,0.02792445197701454,0.025552174697319668,0.013264338951557875,0.6183136163711345,0.6586920276713822
atlas_2020-03-19T18:00:00,atlas,synoptic,low_near,t1,q850_trace,precip_zwd,precip,49.97747747747748,357.29529172445586,9.972637599275913e-06,1.0,850,0.0,0.049004475999382624,0.999999916833803,0.9354369169425844,0.06456300526067824,2.361468553543091,2.3154819011688232,2.3137123584747314,-0.04598665237426758,-0.047756195068359375,0.0008847713470458984,-0.04687142372131348,0.04687142372131348,False,enc_s0,encoder,0,6,0.019645642799635727,0.01913445784399907,0.018514730967581272,0.005779480484003822,0.8243173670151421,0.7616088773118523
atlas_2020-03-19T18:00:00,atlas,synoptic,low_near,t1,q850_trace,precip_zwd,precip,49.97747747747748,357.29529172445586,9.972637599275913e-06,1.0,850,0.0,0.049004475999382624,0.999999916833803,0.9354369169425844,0.06456300526067824,2.361468553543091,2.3154819011688232,2.3137123584747314,-0.04598665237426758,-0.047756195068359375,0.0008847713470458984,-0.04687142372131348,0.04687142372131348,False,enc_s1,encoder,1,10,0.01576786898076534,0.010775560326874257,0.01129965139552951,0.007258358644321561,0.49354540583141143,0.6236456175778466
atlas_2020-03-19T18:00:00,atlas,synoptic,low_near,t1,q850_trace,precip_zwd,precip,49.97747747747748,357.29529172445586,9.972637599275913e-06,1.0,850,0.0,0.049004475999382624,0.999999916833803,0.9354369169425844,0.06456300526067824,2.361468553543091,2.3154819011688232,2.3137123584747314,-0.04598665237426758,-0.047756195068359375,0.0008847713470458984,-0.04687142372131348,0.04687142372131348,False,enc_s2,encoder,2,8,0.007440043438691646,0.004650858871173114,0.005196556216105819,0.0033897402754519135,0.45922614956880836,0.6053997635037185
atlas_2020-03-19T18:00:00,atlas,synoptic,low_near,t1,q850_trace,precip_zwd,precip,49.97747747747748,357.29529172445586,9.972637599275913e-06,1.0,850,0.0,0.049004475999382624,0.999999916833803,0.9354369169425844,0.06456300526067824,2.361468553543091,2.3154819011688232,2.3137123584747314,-0.04598665237426758,-0.047756195068359375,0.0008847713470458984,-0.04687142372131348,0.04687142372131348,False,dec_s0,decoder,0,8,0.0113584523787722,0.006113594921771437,0.007464193738996983,0.005242403014563024,0.41823717105022473,0.5874548213769788
atlas_2020-03-19T18:00:00,atlas,synoptic,low_near,t1,q850_trace,precip_zwd,precip,49.97747747747748,357.29529172445586,9.972637599275913e-06,1.0,850,0.0,0.049004475999382624,0.999999916833803,0.9354369169425844,0.06456300526067824,2.361468553543091,2.3154819011688232,2.3137123584747314,-0.04598665237426758,-0.047756195068359375,0.0008847713470458984,-0.04687142372131348,0.04687142372131348,False,dec_s1,decoder,1,10,0.010349973291158675,0.009448050567880274,0.008269157959148288,0.00546053044963628,0.43983647478888105,0.6064785186740405
atlas_2020-03-19T18:00:00,atlas,synoptic,low_near,t1,q850_trace,precip_zwd,precip,49.97747747747748,357.29529172445586,9.972637599275913e-06,1.0,850,0.0,0.049004475999382624,0.999999916833803,0.9354369169425844,0.06456300526067824,2.361468553543091,2.3154819011688232,2.3137123584747314,-0.04598665237426758,-0.047756195068359375,0.0008847713470458984,-0.04687142372131348,0.04687142372131348,False,dec_s2,decoder,2,6,0.03210859373211861,0.03329374392827352,0.029252734345694382,0.014626096313198408,0.6360954430024378,0.666821351638066
atlas_2020-03-19T18:00:00,atlas,synoptic,low_near,t1,q850_trace,precip_only,precip,49.97747747747748,357.29529172445586,9.972637599275913e-06,1.0,850,0.0,0.049004475999382624,0.999999916833803,0.9354369169425844,0.06456300526067824,2.1329398155212402,2.073500394821167,2.0954291820526123,-0.05943942070007324,-0.03751063346862793,-0.010964393615722656,-0.048475027084350586,0.048475027084350586,False,enc_s0,encoder,0,6,0.0195982006068031,0.018907553826769192,0.018372108228504658,0.005781352908040087,0.8219472878147652,0.7600962232637585
atlas_2020-03-19T18:00:00,atlas,synoptic,low_near,t1,q850_trace,precip_only,precip,49.97747747747748,357.29529172445586,9.972637599275913e-06,1.0,850,0.0,0.049004475999382624,0.999999916833803,0.9354369169425844,0.06456300526067824,2.1329398155212402,2.073500394821167,2.0954291820526123,-0.05943942070007324,-0.03751063346862793,-0.010964393615722656,-0.048475027084350586,0.048475027084350586,False,enc_s1,encoder,1,10,0.015925274603068827,0.010814642906188965,0.011287277191877365,0.007471673237159848,0.47360471692886874,0.6173964853134689
atlas_2020-03-19T18:00:00,atlas,synoptic,low_near,t1,q850_trace,precip_only,precip,49.97747747747748,357.29529172445586,9.972637599275913e-06,1.0,850,0.0,0.049004475999382624,0.999999916833803,0.9354369169425844,0.06456300526067824,2.1329398155212402,2.073500394821167,2.0954291820526123,-0.05943942070007324,-0.03751063346862793,-0.010964393615722656,-0.048475027084350586,0.048475027084350586,False,enc_s2,encoder,2,8,0.007798139180522412,0.0047076885239221156,0.005343975615687668,0.0035960355307906866,0.43601324360618393,0.5979737522919151
atlas_2020-03-19T18:00:00,atlas,synoptic,low_near,t1,q850_trace,precip_only,precip,49.97747747747748,357.29529172445586,9.972637599275913e-06,1.0,850,0.0,0.049004475999382624,0.999999916833803,0.9354369169425844,0.06456300526067824,2.1329398155212402,2.073500394821167,2.0954291820526123,-0.05943942070007324,-0.03751063346862793,-0.010964393615722656,-0.048475027084350586,0.048475027084350586,False,dec_s0,decoder,0,8,0.012057444313541055,0.006145522580482066,0.007726040086708963,0.005646697944030166,0.3857984550436415,0.5777770565027447
atlas_2020-03-19T18:00:00,atlas,synoptic,low_near,t1,q850_trace,precip_only,precip,49.97747747747748,357.29529172445586,9.972637599275913e-06,1.0,850,0.0,0.049004475999382624,0.999999916833803,0.9354369169425844,0.06456300526067824,2.1329398155212402,2.073500394821167,2.0954291820526123,-0.05943942070007324,-0.03751063346862793,-0.010964393615722656,-0.048475027084350586,0.048475027084350586,False,dec_s1,decoder,1,10,0.010314038349315524,0.009207575907930731,0.008070636494085192,0.00552041670307517,0.40829697311097435,0.5975139208327327
atlas_2020-03-19T18:00:00,atlas,synoptic,low_near,t1,q850_trace,precip_only,precip,49.97747747747748,357.29529172445586,9.972637599275913e-06,1.0,850,0.0,0.049004475999382624,0.999999916833803,0.9354369169425844,0.06456300526067824,2.1329398155212402,2.073500394821167,2.0954291820526123,-0.05943942070007324,-0.03751063346862793,-0.010964393615722656,-0.048475027084350586,0.048475027084350586,False,dec_s2,decoder,2,6,0.03329685144126415,0.03435618927081426,0.029988203818599384,0.015646533109247684,0.606751942890433,0.6576357829656923
atlas_2020-03-19T18:00:00,atlas,synoptic,hotspot,t1,q850_trace,precip_zwd,zwd,34.97747747747748,352.29529172445586,0.00014367081166710705,1.0,850,0.0,0.005441195751933919,0.9999998940356032,0.996696665893833,0.003303228491794805,97.83326721191406,95.59501647949219,95.41631317138672,-2.238250732421875,-2.4169540405273438,0.08935165405273438,-2.3276023864746094,2.3276023864746094,False,enc_s0,encoder,0,6,0.014904471424718698,0.015215475112199783,0.014573663317908844,0.0037949408094088235,0.8746822880454425,0.7926248126399716
atlas_2020-03-19T18:00:00,atlas,synoptic,hotspot,t1,q850_trace,precip_zwd,zwd,34.97747747747748,352.29529172445586,0.00014367081166710705,1.0,850,0.0,0.005441195751933919,0.9999998940356032,0.996696665893833,0.003303228491794805,97.83326721191406,95.59501647949219,95.41631317138672,-2.238250732421875,-2.4169540405273438,0.08935165405273438,-2.3276023864746094,2.3276023864746094,False,enc_s1,encoder,1,10,0.011359755322337151,0.008404858177527785,0.008713171584531665,0.004784360853955149,0.5982058917638466,0.6623109729167391
atlas_2020-03-19T18:00:00,atlas,synoptic,hotspot,t1,q850_trace,precip_zwd,zwd,34.97747747747748,352.29529172445586,0.00014367081166710705,1.0,850,0.0,0.005441195751933919,0.9999998940356032,0.996696665893833,0.003303228491794805,97.83326721191406,95.59501647949219,95.41631317138672,-2.238250732421875,-2.4169540405273438,0.08935165405273438,-2.3276023864746094,2.3276023864746094,False,enc_s2,encoder,2,8,0.005433238111436367,0.003790189337451011,0.004029469797387719,0.002388687717029825,0.5254634392678772,0.6279308412273548
atlas_2020-03-19T18:00:00,atlas,synoptic,hotspot,t1,q850_trace,precip_zwd,zwd,34.97747747747748,352.29529172445586,0.00014367081166710705,1.0,850,0.0,0.005441195751933919,0.9999998940356032,0.996696665893833,0.003303228491794805,97.83326721191406,95.59501647949219,95.41631317138672,-2.238250732421875,-2.4169540405273438,0.08935165405273438,-2.3276023864746094,2.3276023864746094,False,dec_s0,decoder,0,8,0.007419565808959305,0.0052579789771698415,0.005476884602103382,0.003369273559655994,0.49443222470086934,0.6193544799656384
atlas_2020-03-19T18:00:00,atlas,synoptic,hotspot,t1,q850_trace,precip_zwd,zwd,34.97747747747748,352.29529172445586,0.00014367081166710705,1.0,850,0.0,0.005441195751933919,0.9999998940356032,0.996696665893833,0.003303228491794805,97.83326721191406,95.59501647949219,95.41631317138672,-2.238250732421875,-2.4169540405273438,0.08935165405273438,-2.3276023864746094,2.3276023864746094,False,dec_s1,decoder,1,10,0.008812134340405463,0.007187854079529643,0.006749422498978674,0.004369809594936669,0.4626521739392331,0.6102636399249308
atlas_2020-03-19T18:00:00,atlas,synoptic,hotspot,t1,q850_trace,precip_zwd,zwd,34.97747747747748,352.29529172445586,0.00014367081166710705,1.0,850,0.0,0.005441195751933919,0.9999998940356032,0.996696665893833,0.003303228491794805,97.83326721191406,95.59501647949219,95.41631317138672,-2.238250732421875,-2.4169540405273438,0.08935165405273438,-2.3276023864746094,2.3276023864746094,False,dec_s2,decoder,2,6,0.0290803670262297,0.0273333511625727,0.025267727362612884,0.012566125486046076,0.64790244763588,0.6679706208895667
atlas_2020-03-19T18:00:00,atlas,synoptic,low_near,t1,q850_trace,precip_zwd,zwd,49.97747747747748,357.29529172445586,9.972637599275913e-06,1.0,850,0.0,0.049004475999382624,0.999999916833803,0.9354369169425844,0.06456300526067824,97.83326721191406,97.87451934814453,97.80690002441406,0.04125213623046875,-0.0263671875,0.033809661865234375,0.007442474365234375,0.033809661865234375,True,enc_s0,encoder,0,6,0.019645642799635727,0.01913445784399907,0.018514730967581272,0.005779480484003822,0.8243173670151421,0.7616088773118523
atlas_2020-03-19T18:00:00,atlas,synoptic,low_near,t1,q850_trace,precip_zwd,zwd,49.97747747747748,357.29529172445586,9.972637599275913e-06,1.0,850,0.0,0.049004475999382624,0.999999916833803,0.9354369169425844,0.06456300526067824,97.83326721191406,97.87451934814453,97.80690002441406,0.04125213623046875,-0.0263671875,0.033809661865234375,0.007442474365234375,0.033809661865234375,True,enc_s1,encoder,1,10,0.01576786898076534,0.010775560326874257,0.01129965139552951,0.007258358644321561,0.49354540583141143,0.6236456175778466
atlas_2020-03-19T18:00:00,atlas,synoptic,low_near,t1,q850_trace,precip_zwd,zwd,49.97747747747748,357.29529172445586,9.972637599275913e-06,1.0,850,0.0,0.049004475999382624,0.999999916833803,0.9354369169425844,0.06456300526067824,97.83326721191406,97.87451934814453,97.80690002441406,0.04125213623046875,-0.0263671875,0.033809661865234375,0.007442474365234375,0.033809661865234375,True,enc_s2,encoder,2,8,0.007440043438691646,0.004650858871173114,0.005196556216105819,0.0033897402754519135,0.45922614956880836,0.6053997635037185
atlas_2020-03-19T18:00:00,atlas,synoptic,low_near,t1,q850_trace,precip_zwd,zwd,49.97747747747748,357.29529172445586,9.972637599275913e-06,1.0,850,0.0,0.049004475999382624,0.999999916833803,0.9354369169425844,0.06456300526067824,97.83326721191406,97.87451934814453,97.80690002441406,0.04125213623046875,-0.0263671875,0.033809661865234375,0.007442474365234375,0.033809661865234375,True,dec_s0,decoder,0,8,0.0113584523787722,0.006113594921771437,0.007464193738996983,0.005242403014563024,0.41823717105022473,0.5874548213769788
atlas_2020-03-19T18:00:00,atlas,synoptic,low_near,t1,q850_trace,precip_zwd,zwd,49.97747747747748,357.29529172445586,9.972637599275913e-06,1.0,850,0.0,0.049004475999382624,0.999999916833803,0.9354369169425844,0.06456300526067824,97.83326721191406,97.87451934814453,97.80690002441406,0.04125213623046875,-0.0263671875,0.033809661865234375,0.007442474365234375,0.033809661865234375,True,dec_s1,decoder,1,10,0.010349973291158675,0.009448050567880274,0.008269157959148288,0.00546053044963628,0.43983647478888105,0.6064785186740405
atlas_2020-03-19T18:00:00,atlas,synoptic,low_near,t1,q850_trace,precip_zwd,zwd,49.97747747747748,357.29529172445586,9.972637599275913e-06,1.0,850,0.0,0.049004475999382624,0.999999916833803,0.9354369169425844,0.06456300526067824,97.83326721191406,97.87451934814453,97.80690002441406,0.04125213623046875,-0.0263671875,0.033809661865234375,0.007442474365234375,0.033809661865234375,True,dec_s2,decoder,2,6,0.03210859373211861,0.03329374392827352,0.029252734345694382,0.014626096313198408,0.6360954430024378,0.666821351638066
california_2020-12-13T18:00:00,california,local,hotspot,t1,q850_trace,precip_zwd,precip,38.22747747747748,234.32046739745803,5.3696090617449954e-05,1.0,850,0.0,0.0,1.0,1.0,0.0,3.97589111328125,4.330139636993408,3.3499858379364014,0.3542485237121582,-0.6259052753448486,0.4900768995285034,-0.13582837581634521,0.4900768995285034,True,enc_s0,encoder,0,6,0.006608641395966212,0.006540055697162946,0.006288665036360423,0.0019210027142738302,0.8378774115480102,0.765460579956932
california_2020-12-13T18:00:00,california,local,hotspot,t1,q850_trace,precip_zwd,precip,38.22747747747748,234.32046739745803,5.3696090617449954e-05,1.0,850,0.0,0.0,1.0,1.0,0.0,3.97589111328125,4.330139636993408,3.3499858379364014,0.3542485237121582,-0.6259052753448486,0.4900768995285034,-0.13582837581634521,0.4900768995285034,True,enc_s1,encoder,1,10,0.005949931591749192,0.004252661578357219,0.004286652221344412,0.002850200782995671,0.46703599984530236,0.6173154628950351
california_2020-12-13T18:00:00,california,local,hotspot,t1,q850_trace,precip_zwd,precip,38.22747747747748,234.32046739745803,5.3696090617449954e-05,1.0,850,0.0,0.0,1.0,1.0,0.0,3.97589111328125,4.330139636993408,3.3499858379364014,0.3542485237121582,-0.6259052753448486,0.4900768995285034,-0.13582837581634521,0.4900768995285034,True,enc_s2,encoder,2,8,0.002715450682444498,0.0019197673682356253,0.0019364081817911938,0.0013342407037271187,0.3880936411866604,0.5921312339811837
california_2020-12-13T18:00:00,california,local,hotspot,t1,q850_trace,precip_zwd,precip,38.22747747747748,234.32046739745803,5.3696090617449954e-05,1.0,850,0.0,0.0,1.0,1.0,0.0,3.97589111328125,4.330139636993408,3.3499858379364014,0.3542485237121582,-0.6259052753448486,0.4900768995285034,-0.13582837581634521,0.4900768995285034,True,dec_s0,decoder,0,8,0.0037335799424909055,0.0027884103474207222,0.0026599960983730853,0.0019445032376097515,0.32897942927494594,0.578213980095812
california_2020-12-13T18:00:00,california,local,hotspot,t1,q850_trace,precip_zwd,precip,38.22747747747748,234.32046739745803,5.3696090617449954e-05,1.0,850,0.0,0.0,1.0,1.0,0.0,3.97589111328125,4.330139636993408,3.3499858379364014,0.3542485237121582,-0.6259052753448486,0.4900768995285034,-0.13582837581634521,0.4900768995285034,True,dec_s1,decoder,1,10,0.0038882251363247635,0.0038509610341861842,0.0029487172374501824,0.0025060929474420846,0.1685414518557386,0.5399386091167611
california_2020-12-13T18:00:00,california,local,hotspot,t1,q850_trace,precip_zwd,precip,38.22747747747748,234.32046739745803,5.3696090617449954e-05,1.0,850,0.0,0.0,1.0,1.0,0.0,3.97589111328125,4.330139636993408,3.3499858379364014,0.3542485237121582,-0.6259052753448486,0.4900768995285034,-0.13582837581634521,0.4900768995285034,True,dec_s2,decoder,2,6,0.011853668373078108,0.012187184610714516,0.010010767572869858,0.006655859450499217,0.44107253030143,0.6006945555873169
california_2020-12-13T18:00:00,california,local,hotspot,t1,q850_trace,precip_only,precip,38.22747747747748,234.32046739745803,5.3696090617449954e-05,1.0,850,0.0,0.0,1.0,1.0,0.0,3.781698226928711,4.2830939292907715,2.902529239654541,0.5013957023620605,-0.8791689872741699,0.6902823448181152,-0.1888866424560547,0.6902823448181152,True,enc_s0,encoder,0,6,0.006580190655464928,0.006423838747044404,0.006216684045890967,0.0019120684398027759,0.836361218043011,0.7642602316902835
california_2020-12-13T18:00:00,california,local,hotspot,t1,q850_trace,precip_only,precip,38.22747747747748,234.32046739745803,5.3696090617449954e-05,1.0,850,0.0,0.0,1.0,1.0,0.0,3.781698226928711,4.2830939292907715,2.902529239654541,0.5013957023620605,-0.8791689872741699,0.6902823448181152,-0.1888866424560547,0.6902823448181152,True,enc_s1,encoder,1,10,0.006023213104344905,0.004215804859995842,0.00429013641551137,0.0028961814008653165,0.4576870416700133,0.6134480922517931
california_2020-12-13T18:00:00,california,local,hotspot,t1,q850_trace,precip_only,precip,38.22747747747748,234.32046739745803,5.3696090617449954e-05,1.0,850,0.0,0.0,1.0,1.0,0.0,3.781698226928711,4.2830939292907715,2.902529239654541,0.5013957023620605,-0.8791689872741699,0.6902823448181152,-0.1888866424560547,0.6902823448181152,True,enc_s2,encoder,2,8,0.0028833969263359904,0.001965355797437951,0.0020173662778688595,0.0014208531065378338,0.3727490697866089,0.5868471188244742
california_2020-12-13T18:00:00,california,local,hotspot,t1,q850_trace,precip_only,precip,38.22747747747748,234.32046739745803,5.3696090617449954e-05,1.0,850,0.0,0.0,1.0,1.0,0.0,3.781698226928711,4.2830939292907715,2.902529239654541,0.5013957023620605,-0.8791689872741699,0.6902823448181152,-0.1888866424560547,0.6902823448181152,True,dec_s0,decoder,0,8,0.0039725481474306434,0.002853908546967432,0.0027779971715062857,0.0020604100718628615,0.31858370477260345,0.57459215509649
california_2020-12-13T18:00:00,california,local,hotspot,t1,q850_trace,precip_only,precip,38.22747747747748,234.32046739745803,5.3696090617449954e-05,1.0,850,0.0,0.0,1.0,1.0,0.0,3.781698226928711,4.2830939292907715,2.902529239654541,0.5013957023620605,-0.8791689872741699,0.6902823448181152,-0.1888866424560547,0.6902823448181152,True,dec_s1,decoder,1,10,0.0038911355659365654,0.0038299546809867024,0.002915677730925381,0.002530917327385396,0.1477062783188934,0.5349627745368858
california_2020-12-13T18:00:00,california,local,hotspot,t1,q850_trace,precip_only,precip,38.22747747747748,234.32046739745803,5.3696090617449954e-05,1.0,850,0.0,0.0,1.0,1.0,0.0,3.781698226928711,4.2830939292907715,2.902529239654541,0.5013957023620605,-0.8791689872741699,0.6902823448181152,-0.1888866424560547,0.6902823448181152,True,dec_s2,decoder,2,6,0.012140270322561264,0.012509903715302547,0.010229226822654406,0.00687749784750243,0.43440601995892747,0.5980806715661557
california_2020-12-13T18:00:00,california,local,low_near,t1,q850_trace,precip_zwd,precip,50.72747747747748,249.32046739745803,1.0240736401101458e-06,1.0,850,0.0,0.24030329542140566,1.0,0.4924827299386906,0.5075172700613094,3.97589111328125,3.985106945037842,3.9801278114318848,0.009215831756591797,0.004236698150634766,0.0024895668029785156,0.006726264953613281,0.006726264953613281,False,enc_s0,encoder,0,6,0.008912016016741594,0.005343136688073476,0.006685235382368167,0.0030552762715766826,0.7501837325995407,0.6865547587725086
california_2020-12-13T18:00:00,california,local,low_near,t1,q850_trace,precip_zwd,precip,50.72747747747748,249.32046739745803,1.0240736401101458e-06,1.0,850,0.0,0.24030329542140566,1.0,0.4924827299386906,0.5075172700613094,3.97589111328125,3.985106945037842,3.9801278114318848,0.009215831756591797,0.004236698150634766,0.0024895668029785156,0.006726264953613281,0.006726264953613281,False,enc_s1,encoder,1,10,0.009098011581227184,0.0036878813290968536,0.005372646870091558,0.004369621211662888,0.34511719082197956,0.5602235741074865
california_2020-12-13T18:00:00,california,local,low_near,t1,q850_trace,precip_zwd,precip,50.72747747747748,249.32046739745803,1.0240736401101458e-06,1.0,850,0.0,0.24030329542140566,1.0,0.4924827299386906,0.5075172700613094,3.97589111328125,3.985106945037842,3.9801278114318848,0.009215831756591797,0.004236698150634766,0.0024895668029785156,0.006726264953613281,0.006726264953613281,False,enc_s2,encoder,2,8,0.0038861313660163432,0.001701663772109896,0.002322950545931235,0.0018981229659402743,0.2790045571070156,0.5505008365447679
california_2020-12-13T18:00:00,california,local,low_near,t1,q850_trace,precip_zwd,precip,50.72747747747748,249.32046739745803,1.0240736401101458e-06,1.0,850,0.0,0.24030329542140566,1.0,0.4924827299386906,0.5075172700613094,3.97589111328125,3.985106945037842,3.9801278114318848,0.009215831756591797,0.004236698150634766,0.0024895668029785156,0.006726264953613281,0.006726264953613281,False,dec_s0,decoder,0,8,0.008262718794867396,0.0024765023845247924,0.004503562260651961,0.00411418336443603,0.16948298499041783,0.5226043403390862
california_2020-12-13T18:00:00,california,local,low_near,t1,q850_trace,precip_zwd,precip,50.72747747747748,249.32046739745803,1.0240736401101458e-06,1.0,850,0.0,0.24030329542140566,1.0,0.4924827299386906,0.5075172700613094,3.97589111328125,3.985106945037842,3.9801278114318848,0.009215831756591797,0.004236698150634766,0.0024895668029785156,0.006726264953613281,0.006726264953613281,False,dec_s1,decoder,1,10,0.006276217568665743,0.0036541672656312586,0.0038421286270022394,0.003406829014420509,0.1575856428765452,0.5319143064396197
california_2020-12-13T18:00:00,california,local,low_near,t1,q850_trace,precip_zwd,precip,50.72747747747748,249.32046739745803,1.0240736401101458e-06,1.0,850,0.0,0.24030329542140566,1.0,0.4924827299386906,0.5075172700613094,3.97589111328125,3.985106945037842,3.9801278114318848,0.009215831756591797,0.004236698150634766,0.0024895668029785156,0.006726264953613281,0.006726264953613281,False,dec_s2,decoder,2,6,0.0163215147331357,0.011646814799557129,0.011530528931568066,0.008250009578963121,0.40098225479343413,0.5829791722084423
california_2020-12-13T18:00:00,california,local,low_near,t1,q850_trace,precip_only,precip,50.72747747747748,249.32046739745803,1.0240736401101458e-06,1.0,850,0.0,0.24030329542140566,1.0,0.4924827299386906,0.5075172700613094,3.781698226928711,3.789980411529541,3.782198667526245,0.008282184600830078,0.0005004405975341797,0.0038908720016479492,0.004391312599182129,0.004391312599182129,False,enc_s0,encoder,0,6,0.008930640450368324,0.005264696199446917,0.006653769873082638,0.003081957809627056,0.7470357489552476,0.6835751066244896
california_2020-12-13T18:00:00,california,local,low_near,t1,q850_trace,precip_only,precip,50.72747747747748,249.32046739745803,1.0240736401101458e-06,1.0,850,0.0,0.24030329542140566,1.0,0.4924827299386906,0.5075172700613094,3.781698226928711,3.789980411529541,3.782198667526245,0.008282184600830078,0.0005004405975341797,0.0038908720016479492,0.004391312599182129,0.004391312599182129,False,enc_s1,encoder,1,10,0.00926269544288516,0.0036934316623955963,0.005420968728139996,0.004479764751158655,0.33057313742165717,0.5571879068697283
california_2020-12-13T18:00:00,california,local,low_near,t1,q850_trace,precip_only,precip,50.72747747747748,249.32046739745803,1.0240736401101458e-06,1.0,850,0.0,0.24030329542140566,1.0,0.4924827299386906,0.5075172700613094,3.781698226928711,3.789980411529541,3.782198667526245,0.008282184600830078,0.0005004405975341797,0.0038908720016479492,0.004391312599182129,0.004391312599182129,False,enc_s2,encoder,2,8,0.00416600814787671,0.0017480555980000645,0.002453360357321799,0.0020463384134927765,0.2587099851410835,0.5454652399172807
california_2020-12-13T18:00:00,california,local,low_near,t1,q850_trace,precip_only,precip,50.72747747747748,249.32046739745803,1.0240736401101458e-06,1.0,850,0.0,0.24030329542140566,1.0,0.4924827299386906,0.5075172700613094,3.781698226928711,3.789980411529541,3.782198667526245,0.008282184600830078,0.0005004405975341797,0.0038908720016479492,0.004391312599182129,0.004391312599182129,False,dec_s0,decoder,0,8,0.008914136968087405,0.002524489857023582,0.004806709854165092,0.0044519309885799885,0.1505759047836232,0.519160063372623
california_2020-12-13T18:00:00,california,local,low_near,t1,q850_trace,precip_only,precip,50.72747747747748,249.32046739745803,1.0240736401101458e-06,1.0,850,0.0,0.24030329542140566,1.0,0.4924827299386906,0.5075172700613094,3.781698226928711,3.789980411529541,3.782198667526245,0.008282184600830078,0.0005004405975341797,0.0038908720016479492,0.004391312599182129,0.004391312599182129,False,dec_s1,decoder,1,10,0.006373140541836619,0.0035981133580207823,0.0038409322500228883,0.003468016511760652,0.13539624863957928,0.5270403792831246
california_2020-12-13T18:00:00,california,local,low_near,t1,q850_trace,precip_only,precip,50.72747747747748,249.32046739745803,1.0240736401101458e-06,1.0,850,0.0,0.24030329542140566,1.0,0.4924827299386906,0.5075172700613094,3.781698226928711,3.789980411529541,3.782198667526245,0.008282184600830078,0.0005004405975341797,0.0038908720016479492,0.004391312599182129,0.004391312599182129,False,dec_s2,decoder,2,6,0.017010491030911606,0.01204111659899354,0.011960687736670176,0.008607727320243916,0.40020258629544286,0.5816392278759532
california_2020-12-13T18:00:00,california,local,hotspot,t1,q850_trace,precip_zwd,zwd,38.22747747747748,234.32046739745803,5.3696090617449954e-05,1.0,850,0.0,0.0,1.0,1.0,0.0,97.83531951904297,101.03729248046875,92.1888198852539,3.2019729614257812,-5.6464996337890625,4.424236297607422,-1.2222633361816406,4.424236297607422,True,enc_s0,encoder,0,6,0.006608641395966212,0.006540055697162946,0.006288665036360423,0.0019210027142738302,0.8378774115480102,0.765460579956932
california_2020-12-13T18:00:00,california,local,hotspot,t1,q850_trace,precip_zwd,zwd,38.22747747747748,234.32046739745803,5.3696090617449954e-05,1.0,850,0.0,0.0,1.0,1.0,0.0,97.83531951904297,101.03729248046875,92.1888198852539,3.2019729614257812,-5.6464996337890625,4.424236297607422,-1.2222633361816406,4.424236297607422,True,enc_s1,encoder,1,10,0.005949931591749192,0.004252661578357219,0.004286652221344412,0.002850200782995671,0.46703599984530236,0.6173154628950351
california_2020-12-13T18:00:00,california,local,hotspot,t1,q850_trace,precip_zwd,zwd,38.22747747747748,234.32046739745803,5.3696090617449954e-05,1.0,850,0.0,0.0,1.0,1.0,0.0,97.83531951904297,101.03729248046875,92.1888198852539,3.2019729614257812,-5.6464996337890625,4.424236297607422,-1.2222633361816406,4.424236297607422,True,enc_s2,encoder,2,8,0.002715450682444498,0.0019197673682356253,0.0019364081817911938,0.0013342407037271187,0.3880936411866604,0.5921312339811837
california_2020-12-13T18:00:00,california,local,hotspot,t1,q850_trace,precip_zwd,zwd,38.22747747747748,234.32046739745803,5.3696090617449954e-05,1.0,850,0.0,0.0,1.0,1.0,0.0,97.83531951904297,101.03729248046875,92.1888198852539,3.2019729614257812,-5.6464996337890625,4.424236297607422,-1.2222633361816406,4.424236297607422,True,dec_s0,decoder,0,8,0.0037335799424909055,0.0027884103474207222,0.0026599960983730853,0.0019445032376097515,0.32897942927494594,0.578213980095812
california_2020-12-13T18:00:00,california,local,hotspot,t1,q850_trace,precip_zwd,zwd,38.22747747747748,234.32046739745803,5.3696090617449954e-05,1.0,850,0.0,0.0,1.0,1.0,0.0,97.83531951904297,101.03729248046875,92.1888198852539,3.2019729614257812,-5.6464996337890625,4.424236297607422,-1.2222633361816406,4.424236297607422,True,dec_s1,decoder,1,10,0.0038882251363247635,0.0038509610341861842,0.0029487172374501824,0.0025060929474420846,0.1685414518557386,0.5399386091167611
california_2020-12-13T18:00:00,california,local,hotspot,t1,q850_trace,precip_zwd,zwd,38.22747747747748,234.32046739745803,5.3696090617449954e-05,1.0,850,0.0,0.0,1.0,1.0,0.0,97.83531951904297,101.03729248046875,92.1888198852539,3.2019729614257812,-5.6464996337890625,4.424236297607422,-1.2222633361816406,4.424236297607422,True,dec_s2,decoder,2,6,0.011853668373078108,0.012187184610714516,0.010010767572869858,0.006655859450499217,0.44107253030143,0.6006945555873169
california_2020-12-13T18:00:00,california,local,low_near,t1,q850_trace,precip_zwd,zwd,50.72747747747748,249.32046739745803,1.0240736401101458e-06,1.0,850,0.0,0.24030329542140566,1.0,0.4924827299386906,0.5075172700613094,97.83531951904297,97.96747589111328,97.7991943359375,0.1321563720703125,-0.03612518310546875,0.08414077758789062,0.048015594482421875,0.08414077758789062,True,enc_s0,encoder,0,6,0.008912016016741594,0.005343136688073476,0.006685235382368167,0.0030552762715766826,0.7501837325995407,0.6865547587725086
california_2020-12-13T18:00:00,california,local,low_near,t1,q850_trace,precip_zwd,zwd,50.72747747747748,249.32046739745803,1.0240736401101458e-06,1.0,850,0.0,0.24030329542140566,1.0,0.4924827299386906,0.5075172700613094,97.83531951904297,97.96747589111328,97.7991943359375,0.1321563720703125,-0.03612518310546875,0.08414077758789062,0.048015594482421875,0.08414077758789062,True,enc_s1,encoder,1,10,0.009098011581227184,0.0036878813290968536,0.005372646870091558,0.004369621211662888,0.34511719082197956,0.5602235741074865
california_2020-12-13T18:00:00,california,local,low_near,t1,q850_trace,precip_zwd,zwd,50.72747747747748,249.32046739745803,1.0240736401101458e-06,1.0,850,0.0,0.24030329542140566,1.0,0.4924827299386906,0.5075172700613094,97.83531951904297,97.96747589111328,97.7991943359375,0.1321563720703125,-0.03612518310546875,0.08414077758789062,0.048015594482421875,0.08414077758789062,True,enc_s2,encoder,2,8,0.0038861313660163432,0.001701663772109896,0.002322950545931235,0.0018981229659402743,0.2790045571070156,0.5505008365447679
california_2020-12-13T18:00:00,california,local,low_near,t1,q850_trace,precip_zwd,zwd,50.72747747747748,249.32046739745803,1.0240736401101458e-06,1.0,850,0.0,0.24030329542140566,1.0,0.4924827299386906,0.5075172700613094,97.83531951904297,97.96747589111328,97.7991943359375,0.1321563720703125,-0.03612518310546875,0.08414077758789062,0.048015594482421875,0.08414077758789062,True,dec_s0,decoder,0,8,0.008262718794867396,0.0024765023845247924,0.004503562260651961,0.00411418336443603,0.16948298499041783,0.5226043403390862
california_2020-12-13T18:00:00,california,local,low_near,t1,q850_trace,precip_zwd,zwd,50.72747747747748,249.32046739745803,1.0240736401101458e-06,1.0,850,0.0,0.24030329542140566,1.0,0.4924827299386906,0.5075172700613094,97.83531951904297,97.96747589111328,97.7991943359375,0.1321563720703125,-0.03612518310546875,0.08414077758789062,0.048015594482421875,0.08414077758789062,True,dec_s1,decoder,1,10,0.006276217568665743,0.0036541672656312586,0.0038421286270022394,0.003406829014420509,0.1575856428765452,0.5319143064396197
california_2020-12-13T18:00:00,california,local,low_near,t1,q850_trace,precip_zwd,zwd,50.72747747747748,249.32046739745803,1.0240736401101458e-06,1.0,850,0.0,0.24030329542140566,1.0,0.4924827299386906,0.5075172700613094,97.83531951904297,97.96747589111328,97.7991943359375,0.1321563720703125,-0.03612518310546875,0.08414077758789062,0.048015594482421875,0.08414077758789062,True,dec_s2,decoder,2,6,0.0163215147331357,0.011646814799557129,0.011530528931568066,0.008250009578963121,0.40098225479343413,0.5829791722084423
california_2020-12-13T18:00:00,california,synoptic,hotspot,t1,q850_trace,precip_zwd,precip,35.72747747747748,234.32046739745803,0.0001035681925714016,1.0,850,0.0,0.059377333376619164,1.0,0.9463825186660574,0.05361748133394267,3.97589111328125,4.1821112632751465,3.532154083251953,0.20622014999389648,-0.4437370300292969,0.3249785900115967,-0.1187584400177002,0.3249785900115967,True,enc_s0,encoder,0,6,0.014998305588960648,0.015419150702655315,0.014642839475224415,0.004118247190490365,0.8559700575152069,0.779966263758634
california_2020-12-13T18:00:00,california,synoptic,hotspot,t1,q850_trace,precip_zwd,precip,35.72747747747748,234.32046739745803,0.0001035681925714016,1.0,850,0.0,0.059377333376619164,1.0,0.9463825186660574,0.05361748133394267,3.97589111328125,4.1821112632751465,3.532154083251953,0.20622014999389648,-0.4437370300292969,0.3249785900115967,-0.1187584400177002,0.3249785900115967,True,enc_s1,encoder,1,10,0.01073896586894989,0.008758739149197937,0.008547670021653176,0.004717972315847874,0.5806009234109398,0.6574134798565799
california_2020-12-13T18:00:00,california,synoptic,hotspot,t1,q850_trace,precip_zwd,precip,35.72747747747748,234.32046739745803,0.0001035681925714016,1.0,850,0.0,0.059377333376619164,1.0,0.9463825186660574,0.05361748133394267,3.97589111328125,4.1821112632751465,3.532154083251953,0.20622014999389648,-0.4437370300292969,0.3249785900115967,-0.1187584400177002,0.3249785900115967,True,enc_s2,encoder,2,8,0.004944226297084242,0.003848983469652012,0.003849704604363069,0.0021931421651970595,0.5409338500385698,0.6371388675140539
california_2020-12-13T18:00:00,california,synoptic,hotspot,t1,q850_trace,precip_zwd,precip,35.72747747747748,234.32046739745803,0.0001035681925714016,1.0,850,0.0,0.059377333376619164,1.0,0.9463825186660574,0.05361748133394267,3.97589111328125,4.1821112632751465,3.532154083251953,0.20622014999389648,-0.4437370300292969,0.3249785900115967,-0.1187584400177002,0.3249785900115967,True,dec_s0,decoder,0,8,0.006856569030787796,0.005359387258067727,0.005314114154316485,0.00310271984199062,0.5239950435393672,0.6316223081770314
california_2020-12-13T18:00:00,california,synoptic,hotspot,t1,q850_trace,precip_zwd,precip,35.72747747747748,234.32046739745803,0.0001035681925714016,1.0,850,0.0,0.059377333376619164,1.0,0.9463825186660574,0.05361748133394267,3.97589111328125,4.1821112632751465,3.532154083251953,0.20622014999389648,-0.4437370300292969,0.3249785900115967,-0.1187584400177002,0.3249785900115967,True,dec_s1,decoder,1,10,0.0072580463718622925,0.006939565949141979,0.006105918809771538,0.003622786269988865,0.5300879868361594,0.630460242621439
california_2020-12-13T18:00:00,california,synoptic,hotspot,t1,q850_trace,precip_zwd,precip,35.72747747747748,234.32046739745803,0.0001035681925714016,1.0,850,0.0,0.059377333376619164,1.0,0.9463825186660574,0.05361748133394267,3.97589111328125,4.1821112632751465,3.532154083251953,0.20622014999389648,-0.4437370300292969,0.3249785900115967,-0.1187584400177002,0.3249785900115967,True,dec_s2,decoder,2,6,0.025996229921778042,0.025873648313184578,0.023785455152392387,0.010337843094021082,0.7337467959166303,0.6970981712034421
california_2020-12-13T18:00:00,california,synoptic,hotspot,t1,q850_trace,precip_only,precip,35.72747747747748,234.32046739745803,0.0001035681925714016,1.0,850,0.0,0.059377333376619164,1.0,0.9463825186660574,0.05361748133394267,3.781698226928711,4.146493434906006,3.1550076007843018,0.3647952079772949,-0.6266906261444092,0.49574291706085205,-0.13094770908355713,0.49574291706085205,True,enc_s0,encoder,0,6,0.01481041902055343,0.015146097633987665,0.01441261451691389,0.004084776000430186,0.853846765570179,0.7786084862817736
california_2020-12-13T18:00:00,california,synoptic,hotspot,t1,q850_trace,precip_only,precip,35.72747747747748,234.32046739745803,0.0001035681925714016,1.0,850,0.0,0.059377333376619164,1.0,0.9463825186660574,0.05361748133394267,3.781698226928711,4.146493434906006,3.1550076007843018,0.3647952079772949,-0.6266906261444092,0.49574291706085205,-0.13094770908355713,0.49574291706085205,True,enc_s1,encoder,1,10,0.010756001994013786,0.008679003827273846,0.008464142633602022,0.004811959573999047,0.5620580113500195,0.65096436222283
california_2020-12-13T18:00:00,california,synoptic,hotspot,t1,q850_trace,precip_only,precip,35.72747747747748,234.32046739745803,0.0001035681925714016,1.0,850,0.0,0.059377333376619164,1.0,0.9463825186660574,0.05361748133394267,3.781698226928711,4.146493434906006,3.1550076007843018,0.3647952079772949,-0.6266906261444092,0.49574291706085205,-0.13094770908355713,0.49574291706085205,True,enc_s2,encoder,2,8,0.005159754422493279,0.003938082227250561,0.003953779931180179,0.00233098681201227,0.5161140187084285,0.6291915144563169
california_2020-12-13T18:00:00,california,synoptic,hotspot,t1,q850_trace,precip_only,precip,35.72747747747748,234.32046739745803,0.0001035681925714016,1.0,850,0.0,0.059377333376619164,1.0,0.9463825186660574,0.05361748133394267,3.781698226928711,4.146493434906006,3.1550076007843018,0.3647952079772949,-0.6266906261444092,0.49574291706085205,-0.13094770908355713,0.49574291706085205,True,dec_s0,decoder,0,8,0.007179872656706721,0.00545252877054736,0.005452498677186668,0.0033029618207365274,0.4971744441961078,0.6229885787575417
california_2020-12-13T18:00:00,california,synoptic,hotspot,t1,q850_trace,precip_only,precip,35.72747747747748,234.32046739745803,0.0001035681925714016,1.0,850,0.0,0.059377333376619164,1.0,0.9463825186660574,0.05361748133394267,3.781698226928711,4.146493434906006,3.1550076007843018,0.3647952079772949,-0.6266906261444092,0.49574291706085205,-0.13094770908355713,0.49574291706085205,True,dec_s1,decoder,1,10,0.007150583993643522,0.006795105757191777,0.005920136603526771,0.003686844860203564,0.4895067737575608,0.6189946934150635
california_2020-12-13T18:00:00,california,synoptic,hotspot,t1,q850_trace,precip_only,precip,35.72747747747748,234.32046739745803,0.0001035681925714016,1.0,850,0.0,0.059377333376619164,1.0,0.9463825186660574,0.05361748133394267,3.781698226928711,4.146493434906006,3.1550076007843018,0.3647952079772949,-0.6266906261444092,0.49574291706085205,-0.13094770908355713,0.49574291706085205,True,dec_s2,decoder,2,6,0.02619240991771221,0.026071134644250076,0.0238257081558307,0.010731093275050322,0.7131765433693992,0.6896793568375595
california_2020-12-13T18:00:00,california,synoptic,low_near,t1,q850_trace,precip_zwd,precip,50.72747747747748,254.32046739745803,8.604457434557844e-06,1.0,850,0.0,0.22380313425656345,1.0,0.5443047756764156,0.45569522432358445,3.97589111328125,3.976844549179077,3.9912266731262207,0.0009534358978271484,0.015335559844970703,-0.007191061973571777,0.008144497871398926,0.008144497871398926,False,enc_s0,encoder,0,6,0.022666258737444878,0.014608210418373346,0.017381739802658558,0.007863002906863889,0.7280115068981958,0.6886049870387284
california_2020-12-13T18:00:00,california,synoptic,low_near,t1,q850_trace,precip_zwd,precip,50.72747747747748,254.32046739745803,8.604457434557844e-06,1.0,850,0.0,0.22380313425656345,1.0,0.5443047756764156,0.45569522432358445,3.97589111328125,3.976844549179077,3.9912266731262207,0.0009534358978271484,0.015335559844970703,-0.007191061973571777,0.008144497871398926,0.008144497871398926,False,enc_s1,encoder,1,10,0.02099001416936517,0.009280796255916357,0.012960414122790097,0.009730556327849627,0.41336705870864787,0.5773327290896347
california_2020-12-13T18:00:00,california,synoptic,low_near,t1,q850_trace,precip_zwd,precip,50.72747747747748,254.32046739745803,8.604457434557844e-06,1.0,850,0.0,0.22380313425656345,1.0,0.5443047756764156,0.45569522432358445,3.97589111328125,3.976844549179077,3.9912266731262207,0.0009534358978271484,0.015335559844970703,-0.007191061973571777,0.008144497871398926,0.008144497871398926,False,enc_s2,encoder,2,8,0.009000804624520242,0.004112669528694823,0.005601156211923808,0.00419440315454267,0.3812427839893381,0.5719548277573319
california_2020-12-13T18:00:00,california,synoptic,low_near,t1,q850_trace,precip_zwd,precip,50.72747747747748,254.32046739745803,8.604457434557844e-06,1.0,850,0.0,0.22380313425656345,1.0,0.5443047756764156,0.45569522432358445,3.97589111328125,3.976844549179077,3.9912266731262207,0.0009534358978271484,0.015335559844970703,-0.007191061973571777,0.008144497871398926,0.008144497871398926,False,dec_s0,decoder,0,8,0.014816503622569144,0.005933431908488274,0.00893388717668131,0.0068963561207056046,0.3753078460472734,0.5641789677887644
california_2020-12-13T18:00:00,california,synoptic,low_near,t1,q850_trace,precip_zwd,precip,50.72747747747748,254.32046739745803,8.604457434557844e-06,1.0,850,0.0,0.22380313425656345,1.0,0.5443047756764156,0.45569522432358445,3.97589111328125,3.976844549179077,3.9912266731262207,0.0009534358978271484,0.015335559844970703,-0.007191061973571777,0.008144497871398926,0.008144497871398926,False,dec_s1,decoder,1,10,0.012388086784631014,0.007505563599988818,0.008259668480604887,0.0060539103113114836,0.3787748852082842,0.5799966602316606
california_2020-12-13T18:00:00,california,synoptic,low_near,t1,q850_trace,precip_zwd,precip,50.72747747747748,254.32046739745803,8.604457434557844e-06,1.0,850,0.0,0.22380313425656345,1.0,0.5443047756764156,0.45569522432358445,3.97589111328125,3.976844549179077,3.9912266731262207,0.0009534358978271484,0.015335559844970703,-0.007191061973571777,0.008144497871398926,0.008144497871398926,False,dec_s2,decoder,2,6,0.03395195119082928,0.02553553134202957,0.025870059927304585,0.015270764318605265,0.5401408544429107,0.6288460375734918
california_2020-12-13T18:00:00,california,synoptic,low_near,t1,q850_trace,precip_only,precip,50.72747747747748,254.32046739745803,8.604457434557844e-06,1.0,850,0.0,0.22380313425656345,1.0,0.5443047756764156,0.45569522432358445,3.781698226928711,3.7831313610076904,3.7931036949157715,0.0014331340789794922,0.011405467987060547,-0.004986166954040527,0.0064193010330200195,0.0064193010330200195,False,enc_s0,encoder,0,6,0.022816847078502178,0.014611416806777319,0.017450800475974877,0.007929903687909245,0.7269428580544163,0.6875837857513214
california_2020-12-13T18:00:00,california,synoptic,low_near,t1,q850_trace,precip_only,precip,50.72747747747748,254.32046739745803,8.604457434557844e-06,1.0,850,0.0,0.22380313425656345,1.0,0.5443047756764156,0.45569522432358445,3.781698226928711,3.7831313610076904,3.7931036949157715,0.0014331340789794922,0.011405467987060547,-0.004986166954040527,0.0064193010330200195,0.0064193010330200195,False,enc_s1,encoder,1,10,0.02143203802406788,0.009435979183763266,0.013135182019323111,0.010031745629385113,0.3992682863143879,0.5744129432263186
california_2020-12-13T18:00:00,california,synoptic,low_near,t1,q850_trace,precip_only,precip,50.72747747747748,254.32046739745803,8.604457434557844e-06,1.0,850,0.0,0.22380313425656345,1.0,0.5443047756764156,0.45569522432358445,3.781698226928711,3.7831313610076904,3.7931036949157715,0.0014331340789794922,0.011405467987060547,-0.004986166954040527,0.0064193010330200195,0.0064193010330200195,False,enc_s2,encoder,2,8,0.009454457089304924,0.004260898451320827,0.005854225310031325,0.00441613479051739,0.3756059029543879,0.5701765941268304
california_2020-12-13T18:00:00,california,synoptic,low_near,t1,q850_trace,precip_only,precip,50.72747747747748,254.32046739745803,8.604457434557844e-06,1.0,850,0.0,0.22380313425656345,1.0,0.5443047756764156,0.45569522432358445,3.781698226928711,3.7831313610076904,3.7931036949157715,0.0014331340789794922,0.011405467987060547,-0.004986166954040527,0.0064193010330200195,0.0064193010330200195,False,dec_s0,decoder,0,8,0.015553975477814674,0.006076856341678649,0.009292987990193069,0.00728522875579074,0.36028022831018125,0.5604057982827766
california_2020-12-13T18:00:00,california,synoptic,low_near,t1,q850_trace,precip_only,precip,50.72747747747748,254.32046739745803,8.604457434557844e-06,1.0,850,0.0,0.22380313425656345,1.0,0.5443047756764156,0.45569522432358445,3.781698226928711,3.7831313610076904,3.7931036949157715,0.0014331340789794922,0.011405467987060547,-0.004986166954040527,0.0064193010330200195,0.0064193010330200195,False,dec_s1,decoder,1,10,0.012387642869725823,0.007386078359559178,0.008136227168142796,0.00614618263207376,0.3479365538184339,0.5726616026813157
california_2020-12-13T18:00:00,california,synoptic,low_near,t1,q850_trace,precip_only,precip,50.72747747747748,254.32046739745803,8.604457434557844e-06,1.0,850,0.0,0.22380313425656345,1.0,0.5443047756764156,0.45569522432358445,3.781698226928711,3.7831313610076904,3.7931036949157715,0.0014331340789794922,0.011405467987060547,-0.004986166954040527,0.0064193010330200195,0.0064193010330200195,False,dec_s2,decoder,2,6,0.03494340429703394,0.026631935499608517,0.026665231833855312,0.015941523015499115,0.5259431761255279,0.6259651418127586
california_2020-12-13T18:00:00,california,synoptic,hotspot,t1,q850_trace,precip_zwd,zwd,35.72747747747748,234.32046739745803,0.0001035681925714016,1.0,850,0.0,0.059377333376619164,1.0,0.9463825186660574,0.05361748133394267,97.83531951904297,99.07484436035156,94.49766540527344,1.2395248413085938,-3.3376541137695312,2.2885894775390625,-1.0490646362304688,2.2885894775390625,True,enc_s0,encoder,0,6,0.014998305588960648,0.015419150702655315,0.014642839475224415,0.004118247190490365,0.8559700575152069,0.779966263758634
california_2020-12-13T18:00:00,california,synoptic,hotspot,t1,q850_trace,precip_zwd,zwd,35.72747747747748,234.32046739745803,0.0001035681925714016,1.0,850,0.0,0.059377333376619164,1.0,0.9463825186660574,0.05361748133394267,97.83531951904297,99.07484436035156,94.49766540527344,1.2395248413085938,-3.3376541137695312,2.2885894775390625,-1.0490646362304688,2.2885894775390625,True,enc_s1,encoder,1,10,0.01073896586894989,0.008758739149197937,0.008547670021653176,0.004717972315847874,0.5806009234109398,0.6574134798565799
california_2020-12-13T18:00:00,california,synoptic,hotspot,t1,q850_trace,precip_zwd,zwd,35.72747747747748,234.32046739745803,0.0001035681925714016,1.0,850,0.0,0.059377333376619164,1.0,0.9463825186660574,0.05361748133394267,97.83531951904297,99.07484436035156,94.49766540527344,1.2395248413085938,-3.3376541137695312,2.2885894775390625,-1.0490646362304688,2.2885894775390625,True,enc_s2,encoder,2,8,0.004944226297084242,0.003848983469652012,0.003849704604363069,0.0021931421651970595,0.5409338500385698,0.6371388675140539
california_2020-12-13T18:00:00,california,synoptic,hotspot,t1,q850_trace,precip_zwd,zwd,35.72747747747748,234.32046739745803,0.0001035681925714016,1.0,850,0.0,0.059377333376619164,1.0,0.9463825186660574,0.05361748133394267,97.83531951904297,99.07484436035156,94.49766540527344,1.2395248413085938,-3.3376541137695312,2.2885894775390625,-1.0490646362304688,2.2885894775390625,True,dec_s0,decoder,0,8,0.006856569030787796,0.005359387258067727,0.005314114154316485,0.00310271984199062,0.5239950435393672,0.6316223081770314
california_2020-12-13T18:00:00,california,synoptic,hotspot,t1,q850_trace,precip_zwd,zwd,35.72747747747748,234.32046739745803,0.0001035681925714016,1.0,850,0.0,0.059377333376619164,1.0,0.9463825186660574,0.05361748133394267,97.83531951904297,99.07484436035156,94.49766540527344,1.2395248413085938,-3.3376541137695312,2.2885894775390625,-1.0490646362304688,2.2885894775390625,True,dec_s1,decoder,1,10,0.0072580463718622925,0.006939565949141979,0.006105918809771538,0.003622786269988865,0.5300879868361594,0.630460242621439
california_2020-12-13T18:00:00,california,synoptic,hotspot,t1,q850_trace,precip_zwd,zwd,35.72747747747748,234.32046739745803,0.0001035681925714016,1.0,850,0.0,0.059377333376619164,1.0,0.9463825186660574,0.05361748133394267,97.83531951904297,99.07484436035156,94.49766540527344,1.2395248413085938,-3.3376541137695312,2.2885894775390625,-1.0490646362304688,2.2885894775390625,True,dec_s2,decoder,2,6,0.025996229921778042,0.025873648313184578,0.023785455152392387,0.010337843094021082,0.7337467959166303,0.6970981712034421
california_2020-12-13T18:00:00,california,synoptic,low_near,t1,q850_trace,precip_zwd,zwd,50.72747747747748,254.32046739745803,8.604457434557844e-06,1.0,850,0.0,0.22380313425656345,1.0,0.5443047756764156,0.45569522432358445,97.83531951904297,98.08193969726562,97.83248901367188,0.24662017822265625,-0.00283050537109375,0.124725341796875,0.12189483642578125,0.124725341796875,True,enc_s0,encoder,0,6,0.022666258737444878,0.014608210418373346,0.017381739802658558,0.007863002906863889,0.7280115068981958,0.6886049870387284
california_2020-12-13T18:00:00,california,synoptic,low_near,t1,q850_trace,precip_zwd,zwd,50.72747747747748,254.32046739745803,8.604457434557844e-06,1.0,850,0.0,0.22380313425656345,1.0,0.5443047756764156,0.45569522432358445,97.83531951904297,98.08193969726562,97.83248901367188,0.24662017822265625,-0.00283050537109375,0.124725341796875,0.12189483642578125,0.124725341796875,True,enc_s1,encoder,1,10,0.02099001416936517,0.009280796255916357,0.012960414122790097,0.009730556327849627,0.41336705870864787,0.5773327290896347
california_2020-12-13T18:00:00,california,synoptic,low_near,t1,q850_trace,precip_zwd,zwd,50.72747747747748,254.32046739745803,8.604457434557844e-06,1.0,850,0.0,0.22380313425656345,1.0,0.5443047756764156,0.45569522432358445,97.83531951904297,98.08193969726562,97.83248901367188,0.24662017822265625,-0.00283050537109375,0.124725341796875,0.12189483642578125,0.124725341796875,True,enc_s2,encoder,2,8,0.009000804624520242,0.004112669528694823,0.005601156211923808,0.00419440315454267,0.3812427839893381,0.5719548277573319
california_2020-12-13T18:00:00,california,synoptic,low_near,t1,q850_trace,precip_zwd,zwd,50.72747747747748,254.32046739745803,8.604457434557844e-06,1.0,850,0.0,0.22380313425656345,1.0,0.5443047756764156,0.45569522432358445,97.83531951904297,98.08193969726562,97.83248901367188,0.24662017822265625,-0.00283050537109375,0.124725341796875,0.12189483642578125,0.124725341796875,True,dec_s0,decoder,0,8,0.014816503622569144,0.005933431908488274,0.00893388717668131,0.0068963561207056046,0.3753078460472734,0.5641789677887644
california_2020-12-13T18:00:00,california,synoptic,low_near,t1,q850_trace,precip_zwd,zwd,50.72747747747748,254.32046739745803,8.604457434557844e-06,1.0,850,0.0,0.22380313425656345,1.0,0.5443047756764156,0.45569522432358445,97.83531951904297,98.08193969726562,97.83248901367188,0.24662017822265625,-0.00283050537109375,0.124725341796875,0.12189483642578125,0.124725341796875,True,dec_s1,decoder,1,10,0.012388086784631014,0.007505563599988818,0.008259668480604887,0.0060539103113114836,0.3787748852082842,0.5799966602316606
california_2020-12-13T18:00:00,california,synoptic,low_near,t1,q850_trace,precip_zwd,zwd,50.72747747747748,254.32046739745803,8.604457434557844e-06,1.0,850,0.0,0.22380313425656345,1.0,0.5443047756764156,0.45569522432358445,97.83531951904297,98.08193969726562,97.83248901367188,0.24662017822265625,-0.00283050537109375,0.124725341796875,0.12189483642578125,0.124725341796875,True,dec_s2,decoder,2,6,0.03395195119082928,0.02553553134202957,0.025870059927304585,0.015270764318605265,0.5401408544429107,0.6288460375734918
canterbury_plain_2020-02-22T06:00:00,canterbury_plain,local,hotspot,t1,q850_trace,precip_zwd,precip,-43.52252252252252,172.2004848495109,6.510733510367572e-05,1.0,850,0.0,0.004004004004004004,1.0,0.9969186910641771,0.0030813089358229205,1.978289008140564,3.2397165298461914,1.5514822006225586,1.2614275217056274,-0.42680680751800537,0.8441171646118164,0.41731035709381104,0.8441171646118164,True,enc_s0,encoder,0,6,0.007095708278939128,0.0070666294389714794,0.006781854744379719,0.0020353238214738667,0.8394108073007867,0.7681094161862921
canterbury_plain_2020-02-22T06:00:00,canterbury_plain,local,hotspot,t1,q850_trace,precip_zwd,precip,-43.52252252252252,172.2004848495109,6.510733510367572e-05,1.0,850,0.0,0.004004004004004004,1.0,0.9969186910641771,0.0030813089358229205,1.978289008140564,3.2397165298461914,1.5514822006225586,1.2614275217056274,-0.42680680751800537,0.8441171646118164,0.41731035709381104,0.8441171646118164,True,enc_s1,encoder,1,10,0.00619290336035192,0.004281399887986481,0.0044853365514427425,0.002822286484297365,0.5113000316891007,0.6289933077771577
canterbury_plain_2020-02-22T06:00:00,canterbury_plain,local,hotspot,t1,q850_trace,precip_zwd,precip,-43.52252252252252,172.2004848495109,6.510733510367572e-05,1.0,850,0.0,0.004004004004004004,1.0,0.9969186910641771,0.0030813089358229205,1.978289008140564,3.2397165298461914,1.5514822006225586,1.2614275217056274,-0.42680680751800537,0.8441171646118164,0.41731035709381104,0.8441171646118164,True,enc_s2,encoder,2,8,0.0029698605940211564,0.002036440942902118,0.002102242870023474,0.001436756385373883,0.4010810696342376,0.5941788639315311
canterbury_plain_2020-02-22T06:00:00,canterbury_plain,local,hotspot,t1,q850_trace,precip_zwd,precip,-43.52252252252252,172.2004848495109,6.510733510367572e-05,1.0,850,0.0,0.004004004004004004,1.0,0.9969186910641771,0.0030813089358229205,1.978289008140564,3.2397165298461914,1.5514822006225586,1.2614275217056274,-0.42680680751800537,0.8441171646118164,0.41731035709381104,0.8441171646118164,True,dec_s0,decoder,0,8,0.0044346858048811555,0.0030095079564489424,0.003035436966456473,0.0022696881787851453,0.3160625348990593,0.5725116665363691
canterbury_plain_2020-02-22T06:00:00,canterbury_plain,local,hotspot,t1,q850_trace,precip_zwd,precip,-43.52252252252252,172.2004848495109,6.510733510367572e-05,1.0,850,0.0,0.004004004004004004,1.0,0.9969186910641771,0.0030813089358229205,1.978289008140564,3.2397165298461914,1.5514822006225586,1.2614275217056274,-0.42680680751800537,0.8441171646118164,0.41731035709381104,0.8441171646118164,True,dec_s1,decoder,1,10,0.004357660072855651,0.00412211143411696,0.003313791658729315,0.0026469985954463483,0.22565734795386452,0.5539093671869606
canterbury_plain_2020-02-22T06:00:00,canterbury_plain,local,hotspot,t1,q850_trace,precip_zwd,precip,-43.52252252252252,172.2004848495109,6.510733510367572e-05,1.0,850,0.0,0.004004004004004004,1.0,0.9969186910641771,0.0030813089358229205,1.978289008140564,3.2397165298461914,1.5514822006225586,1.2614275217056274,-0.42680680751800537,0.8441171646118164,0.41731035709381104,0.8441171646118164,True,dec_s2,decoder,2,6,0.014512168864409128,0.014963717199862003,0.01262749374533693,0.007602857891470194,0.5211940909642608,0.6242427519818255
canterbury_plain_2020-02-22T06:00:00,canterbury_plain,local,hotspot,t1,q850_trace,precip_only,precip,-43.52252252252252,172.2004848495109,6.510733510367572e-05,1.0,850,0.0,0.004004004004004004,1.0,0.9969186910641771,0.0030813089358229205,1.857002854347229,3.128848075866699,1.338492751121521,1.2718452215194702,-0.518510103225708,0.8951776623725891,0.3766675591468811,0.8951776623725891,True,enc_s0,encoder,0,6,0.007103369027997057,0.00697383393223087,0.006737617775797844,0.002035896177403629,0.8375813886533291,0.7669109143947433
canterbury_plain_2020-02-22T06:00:00,canterbury_plain,local,hotspot,t1,q850_trace,precip_only,precip,-43.52252252252252,172.2004848495109,6.510733510367572e-05,1.0,850,0.0,0.004004004004004004,1.0,0.9969186910641771,0.0030813089358229205,1.857002854347229,3.128848075866699,1.338492751121521,1.2718452215194702,-0.518510103225708,0.8951776623725891,0.3766675591468811,0.8951776623725891,True,enc_s1,encoder,1,10,0.006289784610271454,0.004236175934784115,0.00448704396840185,0.002890807227231562,0.49565210117357006,0.6232495097261767
canterbury_plain_2020-02-22T06:00:00,canterbury_plain,local,hotspot,t1,q850_trace,precip_only,precip,-43.52252252252252,172.2004848495109,6.510733510367572e-05,1.0,850,0.0,0.004004004004004004,1.0,0.9969186910641771,0.0030813089358229205,1.857002854347229,3.128848075866699,1.338492751121521,1.2718452215194702,-0.518510103225708,0.8951776623725891,0.3766675591468811,0.8951776623725891,True,enc_s2,encoder,2,8,0.0032012842420954257,0.002097876465995796,0.0022190817107912153,0.0015493727260036394,0.38684997369967344,0.5890727154321089
canterbury_plain_2020-02-22T06:00:00,canterbury_plain,local,hotspot,t1,q850_trace,precip_only,precip,-43.52252252252252,172.2004848495109,6.510733510367572e-05,1.0,850,0.0,0.004004004004004004,1.0,0.9969186910641771,0.0030813089358229205,1.857002854347229,3.128848075866699,1.338492751121521,1.2718452215194702,-0.518510103225708,0.8951776623725891,0.3766675591468811,0.8951776623725891,True,dec_s0,decoder,0,8,0.0049341804115101695,0.003103672672295943,0.0032696658454369754,0.0025109590496867895,0.29713619997028295,0.565848297755195
canterbury_plain_2020-02-22T06:00:00,canterbury_plain,local,hotspot,t1,q850_trace,precip_only,precip,-43.52252252252252,172.2004848495109,6.510733510367572e-05,1.0,850,0.0,0.004004004004004004,1.0,0.9969186910641771,0.0030813089358229205,1.857002854347229,3.128848075866699,1.338492751121521,1.2718452215194702,-0.518510103225708,0.8951776623725891,0.3766675591468811,0.8951776623725891,True,dec_s1,decoder,1,10,0.0044525771401822565,0.004131040582433343,0.0033543261932209136,0.00268167465692386,0.22501006864896622,0.5536654352935957
canterbury_plain_2020-02-22T06:00:00,canterbury_plain,local,hotspot,t1,q850_trace,precip_only,precip,-43.52252252252252,172.2004848495109,6.510733510367572e-05,1.0,850,0.0,0.004004004004004004,1.0,0.9969186910641771,0.0030813089358229205,1.857002854347229,3.128848075866699,1.338492751121521,1.2718452215194702,-0.518510103225708,0.8951776623725891,0.3766675591468811,0.8951776623725891,True,dec_s2,decoder,2,6,0.015084210317581892,0.015520709721992413,0.01305447006598115,0.007986337101707855,0.5058202437307352,0.6206289107881862
canterbury_plain_2020-02-22T06:00:00,canterbury_plain,local,low_near,t1,q850_trace,precip_zwd,precip,-56.02252252252252,184.7004848495109,9.628978432374424e-07,1.0,850,0.0,0.03602676273803397,1.0,0.9499751468604074,0.05002485313959263,1.978289008140564,1.9692296981811523,1.9830574989318848,-0.009059309959411621,0.004768490791320801,-0.006913900375366211,-0.00214540958404541,0.006913900375366211,True,enc_s0,encoder,0,6,0.006475802588587006,0.006620754410202305,0.0063107051731397705,0.0017559026988844078,0.8648988360960136,0.7817958436752468
canterbury_plain_2020-02-22T06:00:00,canterbury_plain,local,low_near,t1,q850_trace,precip_zwd,precip,-56.02252252252252,184.7004848495109,9.628978432374424e-07,1.0,850,0.0,0.03602676273803397,1.0,0.9499751468604074,0.05002485313959263,1.978289008140564,1.9692296981811523,1.9830574989318848,-0.009059309959411621,0.004768490791320801,-0.006913900375366211,-0.00214540958404541,0.006913900375366211,True,enc_s1,encoder,1,10,0.006168189225718379,0.004234925890341401,0.004534244863316416,0.0026916587841697035,0.5489782733026247,0.6399365593411571
canterbury_plain_2020-02-22T06:00:00,canterbury_plain,local,low_near,t1,q850_trace,precip_zwd,precip,-56.02252252252252,184.7004848495109,9.628978432374424e-07,1.0,850,0.0,0.03602676273803397,1.0,0.9499751468604074,0.05002485313959263,1.978289008140564,1.9692296981811523,1.9830574989318848,-0.009059309959411621,0.004768490791320801,-0.006913900375366211,-0.00214540958404541,0.006913900375366211,True,enc_s2,encoder,2,8,0.002734031935688108,0.0020409152639331296,0.0020648786012316123,0.0012475215189624578,0.4972883745174692,0.6235566332932887
canterbury_plain_2020-02-22T06:00:00,canterbury_plain,local,low_near,t1,q850_trace,precip_zwd,precip,-56.02252252252252,184.7004848495109,9.628978432374424e-07,1.0,850,0.0,0.03602676273803397,1.0,0.9499751468604074,0.05002485313959263,1.978289008140564,1.9692296981811523,1.9830574989318848,-0.009059309959411621,0.004768490791320801,-0.006913900375366211,-0.00214540958404541,0.006913900375366211,True,dec_s0,decoder,0,8,0.004222284711431712,0.0030624004430137575,0.0030540843144990504,0.002068605928798206,0.403994079879179,0.5963944655285652
canterbury_plain_2020-02-22T06:00:00,canterbury_plain,local,low_near,t1,q850_trace,precip_zwd,precip,-56.02252252252252,184.7004848495109,9.628978432374424e-07,1.0,850,0.0,0.03602676273803397,1.0,0.9499751468604074,0.05002485313959263,1.978289008140564,1.9692296981811523,1.9830574989318848,-0.009059309959411621,0.004768490791320801,-0.006913900375366211,-0.00214540958404541,0.006913900375366211,True,dec_s1,decoder,1,10,0.00486115925014019,0.004687624541111291,0.0038235690910369156,0.0028605094878003,0.30867513655928536,0.5738098838137405
canterbury_plain_2020-02-22T06:00:00,canterbury_plain,local,low_near,t1,q850_trace,precip_zwd,precip,-56.02252252252252,184.7004848495109,9.628978432374424e-07,1.0,850,0.0,0.03602676273803397,1.0,0.9499751468604074,0.05002485313959263,1.978289008140564,1.9692296981811523,1.9830574989318848,-0.009059309959411621,0.004768490791320801,-0.006913900375366211,-0.00214540958404541,0.006913900375366211,True,dec_s2,decoder,2,6,0.014657341875135899,0.015503643235812584,0.012975693525125584,0.007696425697455804,0.5335709870053584,0.6277177169127136
canterbury_plain_2020-02-22T06:00:00,canterbury_plain,local,low_near,t1,q850_trace,precip_only,precip,-56.02252252252252,184.7004848495109,9.628978432374424e-07,1.0,850,0.0,0.03602676273803397,1.0,0.9499751468604074,0.05002485313959263,1.857002854347229,1.85258150100708,1.8652198314666748,-0.004421353340148926,0.0082169771194458,-0.006319165229797363,0.0018978118896484375,0.006319165229797363,True,enc_s0,encoder,0,6,0.006484244872505466,0.006616071177025636,0.006311986284951369,0.0017608993027048807,0.8649188654463112,0.7814890561457816
canterbury_plain_2020-02-22T06:00:00,canterbury_plain,local,low_near,t1,q850_trace,precip_only,precip,-56.02252252252252,184.7004848495109,9.628978432374424e-07,1.0,850,0.0,0.03602676273803397,1.0,0.9499751468604074,0.05002485313959263,1.857002854347229,1.85258150100708,1.8652198314666748,-0.004421353340148926,0.0082169771194458,-0.006319165229797363,0.0018978118896484375,0.006319165229797363,True,enc_s1,encoder,1,10,0.00635495837777853,0.004279459593817592,0.004615100030787289,0.0028021740494295956,0.5336158820893654,0.6345944325453681
canterbury_plain_2020-02-22T06:00:00,canterbury_plain,local,low_near,t1,q850_trace,precip_only,precip,-56.02252252252252,184.7004848495109,9.628978432374424e-07,1.0,850,0.0,0.03602676273803397,1.0,0.9499751468604074,0.05002485313959263,1.857002854347229,1.85258150100708,1.8652198314666748,-0.004421353340148926,0.0082169771194458,-0.006319165229797363,0.0018978118896484375,0.006319165229797363,True,enc_s2,encoder,2,8,0.002895552635891363,0.0021180481126066297,0.002153938025003299,0.0013400110474321991,0.4755665626169494,0.6166625691449916
canterbury_plain_2020-02-22T06:00:00,canterbury_plain,local,low_near,t1,q850_trace,precip_only,precip,-56.02252252252252,184.7004848495109,9.628978432374424e-07,1.0,850,0.0,0.03602676273803397,1.0,0.9499751468604074,0.05002485313959263,1.857002854347229,1.85258150100708,1.8652198314666748,-0.004421353340148926,0.0082169771194458,-0.006319165229797363,0.0018978118896484375,0.006319165229797363,True,dec_s0,decoder,0,8,0.004598342347890139,0.003169271512888372,0.003220268408767879,0.0022868295054649934,0.3645566546015907,0.5848860641272262
canterbury_plain_2020-02-22T06:00:00,canterbury_plain,local,low_near,t1,q850_trace,precip_only,precip,-56.02252252252252,184.7004848495109,9.628978432374424e-07,1.0,850,0.0,0.03602676273803397,1.0,0.9499751468604074,0.05002485313959263,1.857002854347229,1.85258150100708,1.8652198314666748,-0.004421353340148926,0.0082169771194458,-0.006319165229797363,0.0018978118896484375,0.006319165229797363,True,dec_s1,decoder,1,10,0.004878042871132493,0.0046768041094765065,0.0037595412693917753,0.0029493947862647475,0.26207837437274834,0.5624335154219401
canterbury_plain_2020-02-22T06:00:00,canterbury_plain,local,low_near,t1,q850_trace,precip_only,precip,-56.02252252252252,184.7004848495109,9.628978432374424e-07,1.0,850,0.0,0.03602676273803397,1.0,0.9499751468604074,0.05002485313959263,1.857002854347229,1.85258150100708,1.8652198314666748,-0.004421353340148926,0.0082169771194458,-0.006319165229797363,0.0018978118896484375,0.006319165229797363,True,dec_s2,decoder,2,6,0.014828038246681293,0.015999494586139917,0.013124754652380943,0.008103479631245136,0.5003728825396504,0.6184346758444758
canterbury_plain_2020-02-22T06:00:00,canterbury_plain,local,hotspot,t1,q850_trace,precip_zwd,zwd,-43.52252252252252,172.2004848495109,6.510733510367572e-05,1.0,850,0.0,0.004004004004004004,1.0,0.9969186910641771,0.0030813089358229205,119.95804595947266,121.50713348388672,115.18534851074219,1.5490875244140625,-4.772697448730469,3.1608924865722656,-1.6118049621582031,3.1608924865722656,True,enc_s0,encoder,0,6,0.007095708278939128,0.0070666294389714794,0.006781854744379719,0.0020353238214738667,0.8394108073007867,0.7681094161862921
canterbury_plain_2020-02-22T06:00:00,canterbury_plain,local,hotspot,t1,q850_trace,precip_zwd,zwd,-43.52252252252252,172.2004848495109,6.510733510367572e-05,1.0,850,0.0,0.004004004004004004,1.0,0.9969186910641771,0.0030813089358229205,119.95804595947266,121.50713348388672,115.18534851074219,1.5490875244140625,-4.772697448730469,3.1608924865722656,-1.6118049621582031,3.1608924865722656,True,enc_s1,encoder,1,10,0.00619290336035192,0.004281399887986481,0.0044853365514427425,0.002822286484297365,0.5113000316891007,0.6289933077771577
canterbury_plain_2020-02-22T06:00:00,canterbury_plain,local,hotspot,t1,q850_trace,precip_zwd,zwd,-43.52252252252252,172.2004848495109,6.510733510367572e-05,1.0,850,0.0,0.004004004004004004,1.0,0.9969186910641771,0.0030813089358229205,119.95804595947266,121.50713348388672,115.18534851074219,1.5490875244140625,-4.772697448730469,3.1608924865722656,-1.6118049621582031,3.1608924865722656,True,enc_s2,encoder,2,8,0.0029698605940211564,0.002036440942902118,0.002102242870023474,0.001436756385373883,0.4010810696342376,0.5941788639315311
canterbury_plain_2020-02-22T06:00:00,canterbury_plain,local,hotspot,t1,q850_trace,precip_zwd,zwd,-43.52252252252252,172.2004848495109,6.510733510367572e-05,1.0,850,0.0,0.004004004004004004,1.0,0.9969186910641771,0.0030813089358229205,119.95804595947266,121.50713348388672,115.18534851074219,1.5490875244140625,-4.772697448730469,3.1608924865722656,-1.6118049621582031,3.1608924865722656,True,dec_s0,decoder,0,8,0.0044346858048811555,0.0030095079564489424,0.003035436966456473,0.0022696881787851453,0.3160625348990593,0.5725116665363691
canterbury_plain_2020-02-22T06:00:00,canterbury_plain,local,hotspot,t1,q850_trace,precip_zwd,zwd,-43.52252252252252,172.2004848495109,6.510733510367572e-05,1.0,850,0.0,0.004004004004004004,1.0,0.9969186910641771,0.0030813089358229205,119.95804595947266,121.50713348388672,115.18534851074219,1.5490875244140625,-4.772697448730469,3.1608924865722656,-1.6118049621582031,3.1608924865722656,True,dec_s1,decoder,1,10,0.004357660072855651,0.00412211143411696,0.003313791658729315,0.0026469985954463483,0.22565734795386452,0.5539093671869606
canterbury_plain_2020-02-22T06:00:00,canterbury_plain,local,hotspot,t1,q850_trace,precip_zwd,zwd,-43.52252252252252,172.2004848495109,6.510733510367572e-05,1.0,850,0.0,0.004004004004004004,1.0,0.9969186910641771,0.0030813089358229205,119.95804595947266,121.50713348388672,115.18534851074219,1.5490875244140625,-4.772697448730469,3.1608924865722656,-1.6118049621582031,3.1608924865722656,True,dec_s2,decoder,2,6,0.014512168864409128,0.014963717199862003,0.01262749374533693,0.007602857891470194,0.5211940909642608,0.6242427519818255
canterbury_plain_2020-02-22T06:00:00,canterbury_plain,local,low_near,t1,q850_trace,precip_zwd,zwd,-56.02252252252252,184.7004848495109,9.628978432374424e-07,1.0,850,0.0,0.03602676273803397,1.0,0.9499751468604074,0.05002485313959263,119.95804595947266,120.01836395263672,119.91685485839844,0.0603179931640625,-0.04119110107421875,0.050754547119140625,0.009563446044921875,0.050754547119140625,True,enc_s0,encoder,0,6,0.006475802588587006,0.006620754410202305,0.0063107051731397705,0.0017559026988844078,0.8648988360960136,0.7817958436752468
canterbury_plain_2020-02-22T06:00:00,canterbury_plain,local,low_near,t1,q850_trace,precip_zwd,zwd,-56.02252252252252,184.7004848495109,9.628978432374424e-07,1.0,850,0.0,0.03602676273803397,1.0,0.9499751468604074,0.05002485313959263,119.95804595947266,120.01836395263672,119.91685485839844,0.0603179931640625,-0.04119110107421875,0.050754547119140625,0.009563446044921875,0.050754547119140625,True,enc_s1,encoder,1,10,0.006168189225718379,0.004234925890341401,0.004534244863316416,0.0026916587841697035,0.5489782733026247,0.6399365593411571
canterbury_plain_2020-02-22T06:00:00,canterbury_plain,local,low_near,t1,q850_trace,precip_zwd,zwd,-56.02252252252252,184.7004848495109,9.628978432374424e-07,1.0,850,0.0,0.03602676273803397,1.0,0.9499751468604074,0.05002485313959263,119.95804595947266,120.01836395263672,119.91685485839844,0.0603179931640625,-0.04119110107421875,0.050754547119140625,0.009563446044921875,0.050754547119140625,True,enc_s2,encoder,2,8,0.002734031935688108,0.0020409152639331296,0.0020648786012316123,0.0012475215189624578,0.4972883745174692,0.6235566332932887
canterbury_plain_2020-02-22T06:00:00,canterbury_plain,local,low_near,t1,q850_trace,precip_zwd,zwd,-56.02252252252252,184.7004848495109,9.628978432374424e-07,1.0,850,0.0,0.03602676273803397,1.0,0.9499751468604074,0.05002485313959263,119.95804595947266,120.01836395263672,119.91685485839844,0.0603179931640625,-0.04119110107421875,0.050754547119140625,0.009563446044921875,0.050754547119140625,True,dec_s0,decoder,0,8,0.004222284711431712,0.0030624004430137575,0.0030540843144990504,0.002068605928798206,0.403994079879179,0.5963944655285652
canterbury_plain_2020-02-22T06:00:00,canterbury_plain,local,low_near,t1,q850_trace,precip_zwd,zwd,-56.02252252252252,184.7004848495109,9.628978432374424e-07,1.0,850,0.0,0.03602676273803397,1.0,0.9499751468604074,0.05002485313959263,119.95804595947266,120.01836395263672,119.91685485839844,0.0603179931640625,-0.04119110107421875,0.050754547119140625,0.009563446044921875,0.050754547119140625,True,dec_s1,decoder,1,10,0.00486115925014019,0.004687624541111291,0.0038235690910369156,0.0028605094878003,0.30867513655928536,0.5738098838137405
canterbury_plain_2020-02-22T06:00:00,canterbury_plain,local,low_near,t1,q850_trace,precip_zwd,zwd,-56.02252252252252,184.7004848495109,9.628978432374424e-07,1.0,850,0.0,0.03602676273803397,1.0,0.9499751468604074,0.05002485313959263,119.95804595947266,120.01836395263672,119.91685485839844,0.0603179931640625,-0.04119110107421875,0.050754547119140625,0.009563446044921875,0.050754547119140625,True,dec_s2,decoder,2,6,0.014657341875135899,0.015503643235812584,0.012975693525125584,0.007696425697455804,0.5335709870053584,0.6277177169127136
canterbury_plain_2020-02-22T06:00:00,canterbury_plain,synoptic,hotspot,t1,q850_trace,precip_zwd,precip,-46.02252252252252,172.2004848495109,0.00011775813618442044,1.0,850,0.0,0.024850756629182284,0.999999910201222,0.9735137606300426,0.026486151949603486,1.978289008140564,3.2877418994903564,1.3613523244857788,1.3094528913497925,-0.6169366836547852,0.9631947875022888,0.34625810384750366,0.9631947875022888,True,enc_s0,encoder,0,6,0.017451300906638306,0.017092432205875713,0.016535642867287,0.004998765730609496,0.8337141893141209,0.7669660120124958
canterbury_plain_2020-02-22T06:00:00,canterbury_plain,synoptic,hotspot,t1,q850_trace,precip_zwd,precip,-46.02252252252252,172.2004848495109,0.00011775813618442044,1.0,850,0.0,0.024850756629182284,0.999999910201222,0.9735137606300426,0.026486151949603486,1.978289008140564,3.2877418994903564,1.3613523244857788,1.3094528913497925,-0.6169366836547852,0.9631947875022888,0.34625810384750366,0.9631947875022888,True,enc_s1,encoder,1,10,0.014544167462736369,0.009604142233729362,0.010611228924244643,0.006213692692108452,0.5591772632500969,0.6397999742987761
canterbury_plain_2020-02-22T06:00:00,canterbury_plain,synoptic,hotspot,t1,q850_trace,precip_zwd,precip,-46.02252252252252,172.2004848495109,0.00011775813618442044,1.0,850,0.0,0.024850756629182284,0.999999910201222,0.9735137606300426,0.026486151949603486,1.978289008140564,3.2877418994903564,1.3613523244857788,1.3094528913497925,-0.6169366836547852,0.9631947875022888,0.34625810384750366,0.9631947875022888,True,enc_s2,encoder,2,8,0.0068188708974048495,0.004410525667481124,0.004892353492323309,0.0030066749022807926,0.5059350063375372,0.619514140837716
canterbury_plain_2020-02-22T06:00:00,canterbury_plain,synoptic,hotspot,t1,q850_trace,precip_zwd,precip,-46.02252252252252,172.2004848495109,0.00011775813618442044,1.0,850,0.0,0.024850756629182284,0.999999910201222,0.9735137606300426,0.026486151949603486,1.978289008140564,3.2877418994903564,1.3613523244857788,1.3094528913497925,-0.6169366836547852,0.9631947875022888,0.34625810384750366,0.9631947875022888,True,dec_s0,decoder,0,8,0.009714224725030363,0.006118687568232417,0.006812552164774388,0.004415469098603353,0.4639399737425759,0.6067940419781473
canterbury_plain_2020-02-22T06:00:00,canterbury_plain,synoptic,hotspot,t1,q850_trace,precip_zwd,precip,-46.02252252252252,172.2004848495109,0.00011775813618442044,1.0,850,0.0,0.024850756629182284,0.999999910201222,0.9735137606300426,0.026486151949603486,1.978289008140564,3.2877418994903564,1.3613523244857788,1.3094528913497925,-0.6169366836547852,0.9631947875022888,0.34625810384750366,0.9631947875022888,True,dec_s1,decoder,1,10,0.009819942712783813,0.008724795375019311,0.007906133867800235,0.004868635907769203,0.5023112728479289,0.6250834718981637
canterbury_plain_2020-02-22T06:00:00,canterbury_plain,synoptic,hotspot,t1,q850_trace,precip_zwd,precip,-46.02252252252252,172.2004848495109,0.00011775813618442044,1.0,850,0.0,0.024850756629182284,0.999999910201222,0.9735137606300426,0.026486151949603486,1.978289008140564,3.2877418994903564,1.3613523244857788,1.3094528913497925,-0.6169366836547852,0.9631947875022888,0.34625810384750366,0.9631947875022888,True,dec_s2,decoder,2,6,0.032979159926374756,0.033468090618650116,0.030000391726692516,0.014273638060937325,0.6585109997600823,0.6778238683490961
canterbury_plain_2020-02-22T06:00:00,canterbury_plain,synoptic,hotspot,t1,q850_trace,precip_only,precip,-46.02252252252252,172.2004848495109,0.00011775813618442044,1.0,850,0.0,0.024850756629182284,0.999999910201222,0.9735137606300426,0.026486151949603486,1.857002854347229,3.11801815032959,1.23993980884552,1.2610152959823608,-0.617063045501709,0.9390391707420349,0.3219761252403259,0.9390391707420349,True,enc_s0,encoder,0,6,0.017443999958535034,0.016922281744579475,0.016443831846117973,0.005002763122320175,0.8321982123295016,0.7658561351672527
canterbury_plain_2020-02-22T06:00:00,canterbury_plain,synoptic,hotspot,t1,q850_trace,precip_only,precip,-46.02252252252252,172.2004848495109,0.00011775813618442044,1.0,850,0.0,0.024850756629182284,0.999999910201222,0.9735137606300426,0.026486151949603486,1.857002854347229,3.11801815032959,1.23993980884552,1.2610152959823608,-0.617063045501709,0.9390391707420349,0.3219761252403259,0.9390391707420349,True,enc_s1,encoder,1,10,0.014820080250501633,0.009530211519449949,0.010648634098470212,0.0064116200665012,0.5424658431797698,0.6334719021868528
canterbury_plain_2020-02-22T06:00:00,canterbury_plain,synoptic,hotspot,t1,q850_trace,precip_only,precip,-46.02252252252252,172.2004848495109,0.00011775813618442044,1.0,850,0.0,0.024850756629182284,0.999999910201222,0.9735137606300426,0.026486151949603486,1.857002854347229,3.11801815032959,1.23993980884552,1.2610152959823608,-0.617063045501709,0.9390391707420349,0.3219761252403259,0.9390391707420349,True,enc_s2,encoder,2,8,0.007282647187821567,0.004541671485640109,0.005133154045324773,0.003237780852941796,0.48984526805715034,0.6134056344916698
canterbury_plain_2020-02-22T06:00:00,canterbury_plain,synoptic,hotspot,t1,q850_trace,precip_only,precip,-46.02252252252252,172.2004848495109,0.00011775813618442044,1.0,850,0.0,0.024850756629182284,0.999999910201222,0.9735137606300426,0.026486151949603486,1.857002854347229,3.11801815032959,1.23993980884552,1.2610152959823608,-0.617063045501709,0.9390391707420349,0.3219761252403259,0.9390391707420349,True,dec_s0,decoder,0,8,0.010565857752226293,0.0062787014176137745,0.007202849781606346,0.004863743262831122,0.4353251730743295,0.5969482517182519
canterbury_plain_2020-02-22T06:00:00,canterbury_plain,synoptic,hotspot,t1,q850_trace,precip_only,precip,-46.02252252252252,172.2004848495109,0.00011775813618442044,1.0,850,0.0,0.024850756629182284,0.999999910201222,0.9735137606300426,0.026486151949603486,1.857002854347229,3.11801815032959,1.23993980884552,1.2610152959823608,-0.617063045501709,0.9390391707420349,0.3219761252403259,0.9390391707420349,True,dec_s1,decoder,1,10,0.010102941561490298,0.00872316313907504,0.007940507680177688,0.005096771474927664,0.46752583470103487,0.6147435050614984
canterbury_plain_2020-02-22T06:00:00,canterbury_plain,synoptic,hotspot,t1,q850_trace,precip_only,precip,-46.02252252252252,172.2004848495109,0.00011775813618442044,1.0,850,0.0,0.024850756629182284,0.999999910201222,0.9735137606300426,0.026486151949603486,1.857002854347229,3.11801815032959,1.23993980884552,1.2610152959823608,-0.617063045501709,0.9390391707420349,0.3219761252403259,0.9390391707420349,True,dec_s2,decoder,2,6,0.034283604472875595,0.03442774899303913,0.030756614170968533,0.01529793239509066,0.630483170076105,0.6682794432402533
canterbury_plain_2020-02-22T06:00:00,canterbury_plain,synoptic,low_near,t1,q850_trace,precip_zwd,precip,-61.02252252252252,172.2004848495109,8.954866643762216e-06,1.0,850,0.0,0.07634327346005541,1.0,0.9170534840505181,0.08294651594948192,1.978289008140564,1.959203839302063,1.9413361549377441,-0.019085168838500977,-0.036952853202819824,0.008933842182159424,-0.0280190110206604,0.0280190110206604,False,enc_s0,encoder,0,6,0.022632624643544357,0.023493144971628983,0.021871522689859074,0.007378989520172278,0.7989125445701996,0.7472974788546578
canterbury_plain_2020-02-22T06:00:00,canterbury_plain,synoptic,low_near,t1,q850_trace,precip_zwd,precip,-61.02252252252252,172.2004848495109,8.954866643762216e-06,1.0,850,0.0,0.07634327346005541,1.0,0.9170534840505181,0.08294651594948192,1.978289008140564,1.959203839302063,1.9413361549377441,-0.019085168838500977,-0.036952853202819824,0.008933842182159424,-0.0280190110206604,0.0280190110206604,False,enc_s1,encoder,1,10,0.020465269684791565,0.013495020102709532,0.014458437822759152,0.009467486944049596,0.4617122789818214,0.613389916505778
canterbury_plain_2020-02-22T06:00:00,canterbury_plain,synoptic,low_near,t1,q850_trace,precip_zwd,precip,-61.02252252252252,172.2004848495109,8.954866643762216e-06,1.0,850,0.0,0.07634327346005541,1.0,0.9170534840505181,0.08294651594948192,1.978289008140564,1.959203839302063,1.9413361549377441,-0.019085168838500977,-0.036952853202819824,0.008933842182159424,-0.0280190110206604,0.0280190110206604,False,enc_s2,encoder,2,8,0.009818437159992754,0.007200766354799271,0.007295611605513841,0.004571631201542914,0.46320103517544975,0.6149439443189659
canterbury_plain_2020-02-22T06:00:00,canterbury_plain,synoptic,low_near,t1,q850_trace,precip_zwd,precip,-61.02252252252252,172.2004848495109,8.954866643762216e-06,1.0,850,0.0,0.07634327346005541,1.0,0.9170534840505181,0.08294651594948192,1.978289008140564,1.959203839302063,1.9413361549377441,-0.019085168838500977,-0.036952853202819824,0.008933842182159424,-0.0280190110206604,0.0280190110206604,False,dec_s0,decoder,0,8,0.013865450280718505,0.010293347062543035,0.01017765374854207,0.006746663944795728,0.4125737583958389,0.6014112623248815
canterbury_plain_2020-02-22T06:00:00,canterbury_plain,synoptic,low_near,t1,q850_trace,precip_zwd,precip,-61.02252252252252,172.2004848495109,8.954866643762216e-06,1.0,850,0.0,0.07634327346005541,1.0,0.9170534840505181,0.08294651594948192,1.978289008140564,1.959203839302063,1.9413361549377441,-0.019085168838500977,-0.036952853202819824,0.008933842182159424,-0.0280190110206604,0.0280190110206604,False,dec_s1,decoder,1,10,0.013274300238117575,0.014063618052750826,0.011174257379025221,0.007862829719670117,0.3821858670066415,0.5960621114427773
canterbury_plain_2020-02-22T06:00:00,canterbury_plain,synoptic,low_near,t1,q850_trace,precip_zwd,precip,-61.02252252252252,172.2004848495109,8.954866643762216e-06,1.0,850,0.0,0.07634327346005541,1.0,0.9170534840505181,0.08294651594948192,1.978289008140564,1.959203839302063,1.9413361549377441,-0.019085168838500977,-0.036952853202819824,0.008933842182159424,-0.0280190110206604,0.0280190110206604,False,dec_s2,decoder,2,6,0.03435514929393927,0.0421029074738423,0.03345083321134249,0.01890233128021161,0.5462619223304498,0.6391023377517817
canterbury_plain_2020-02-22T06:00:00,canterbury_plain,synoptic,low_near,t1,q850_trace,precip_only,precip,-61.02252252252252,172.2004848495109,8.954866643762216e-06,1.0,850,0.0,0.07634327346005541,1.0,0.9170534840505181,0.08294651594948192,1.857002854347229,1.8503774404525757,1.8321408033370972,-0.00662541389465332,-0.024862051010131836,0.009118318557739258,-0.015743732452392578,0.015743732452392578,False,enc_s0,encoder,0,6,0.02301816052446763,0.023685884661972523,0.02211181229601304,0.007578163951014479,0.7935337162253487,0.7444026636606925
canterbury_plain_2020-02-22T06:00:00,canterbury_plain,synoptic,low_near,t1,q850_trace,precip_only,precip,-61.02252252252252,172.2004848495109,8.954866643762216e-06,1.0,850,0.0,0.07634327346005541,1.0,0.9170534840505181,0.08294651594948192,1.857002854347229,1.8503774404525757,1.8321408033370972,-0.00662541389465332,-0.024862051010131836,0.009118318557739258,-0.015743732452392578,0.015743732452392578,False,enc_s1,encoder,1,10,0.02138126352801919,0.01370004303753376,0.0148377506993711,0.010002085380256176,0.44119221028085215,0.6070029840311382
canterbury_plain_2020-02-22T06:00:00,canterbury_plain,synoptic,low_near,t1,q850_trace,precip_only,precip,-61.02252252252252,172.2004848495109,8.954866643762216e-06,1.0,850,0.0,0.07634327346005541,1.0,0.9170534840505181,0.08294651594948192,1.857002854347229,1.8503774404525757,1.8321408033370972,-0.00662541389465332,-0.024862051010131836,0.009118318557739258,-0.015743732452392578,0.015743732452392578,False,enc_s2,encoder,2,8,0.010466051520779729,0.007518216094467789,0.007637746457476169,0.00496936816489324,0.4330254511242201,0.6060201496088651
canterbury_plain_2020-02-22T06:00:00,canterbury_plain,synoptic,low_near,t1,q850_trace,precip_only,precip,-61.02252252252252,172.2004848495109,8.954866643762216e-06,1.0,850,0.0,0.07634327346005541,1.0,0.9170534840505181,0.08294651594948192,1.857002854347229,1.8503774404525757,1.8321408033370972,-0.00662541389465332,-0.024862051010131836,0.009118318557739258,-0.015743732452392578,0.015743732452392578,False,dec_s0,decoder,0,8,0.014913389692083001,0.010857745073735714,0.010735718882642686,0.0074090794078074396,0.3780788941431621,0.5917381614142653
canterbury_plain_2020-02-22T06:00:00,canterbury_plain,synoptic,low_near,t1,q850_trace,precip_only,precip,-61.02252252252252,172.2004848495109,8.954866643762216e-06,1.0,850,0.0,0.07634327346005541,1.0,0.9170534840505181,0.08294651594948192,1.857002854347229,1.8503774404525757,1.8321408033370972,-0.00662541389465332,-0.024862051010131836,0.009118318557739258,-0.015743732452392578,0.015743732452392578,False,dec_s1,decoder,1,10,0.013718168949708343,0.014294795272871853,0.011243864614516496,0.00834130309522152,0.33150983086536623,0.5824915549136532
canterbury_plain_2020-02-22T06:00:00,canterbury_plain,synoptic,low_near,t1,q850_trace,precip_only,precip,-61.02252252252252,172.2004848495109,8.954866643762216e-06,1.0,850,0.0,0.07634327346005541,1.0,0.9170534840505181,0.08294651594948192,1.857002854347229,1.8503774404525757,1.8321408033370972,-0.00662541389465332,-0.024862051010131836,0.009118318557739258,-0.015743732452392578,0.015743732452392578,False,dec_s2,decoder,2,6,0.03642369247972965,0.04415617696940899,0.03482512074212233,0.020612502470612526,0.5084193239450657,0.6285749146232646
canterbury_plain_2020-02-22T06:00:00,canterbury_plain,synoptic,hotspot,t1,q850_trace,precip_zwd,zwd,-46.02252252252252,172.2004848495109,0.00011775813618442044,1.0,850,0.0,0.024850756629182284,0.999999910201222,0.9735137606300426,0.026486151949603486,119.95804595947266,122.0912857055664,113.8423080444336,2.13323974609375,-6.1157379150390625,4.124488830566406,-1.9912490844726562,4.124488830566406,True,enc_s0,encoder,0,6,0.017451300906638306,0.017092432205875713,0.016535642867287,0.004998765730609496,0.8337141893141209,0.7669660120124958
canterbury_plain_2020-02-22T06:00:00,canterbury_plain,synoptic,hotspot,t1,q850_trace,precip_zwd,zwd,-46.02252252252252,172.2004848495109,0.00011775813618442044,1.0,850,0.0,0.024850756629182284,0.999999910201222,0.9735137606300426,0.026486151949603486,119.95804595947266,122.0912857055664,113.8423080444336,2.13323974609375,-6.1157379150390625,4.124488830566406,-1.9912490844726562,4.124488830566406,True,enc_s1,encoder,1,10,0.014544167462736369,0.009604142233729362,0.010611228924244643,0.006213692692108452,0.5591772632500969,0.6397999742987761
canterbury_plain_2020-02-22T06:00:00,canterbury_plain,synoptic,hotspot,t1,q850_trace,precip_zwd,zwd,-46.02252252252252,172.2004848495109,0.00011775813618442044,1.0,850,0.0,0.024850756629182284,0.999999910201222,0.9735137606300426,0.026486151949603486,119.95804595947266,122.0912857055664,113.8423080444336,2.13323974609375,-6.1157379150390625,4.124488830566406,-1.9912490844726562,4.124488830566406,True,enc_s2,encoder,2,8,0.0068188708974048495,0.004410525667481124,0.004892353492323309,0.0030066749022807926,0.5059350063375372,0.619514140837716
canterbury_plain_2020-02-22T06:00:00,canterbury_plain,synoptic,hotspot,t1,q850_trace,precip_zwd,zwd,-46.02252252252252,172.2004848495109,0.00011775813618442044,1.0,850,0.0,0.024850756629182284,0.999999910201222,0.9735137606300426,0.026486151949603486,119.95804595947266,122.0912857055664,113.8423080444336,2.13323974609375,-6.1157379150390625,4.124488830566406,-1.9912490844726562,4.124488830566406,True,dec_s0,decoder,0,8,0.009714224725030363,0.006118687568232417,0.006812552164774388,0.004415469098603353,0.4639399737425759,0.6067940419781473
canterbury_plain_2020-02-22T06:00:00,canterbury_plain,synoptic,hotspot,t1,q850_trace,precip_zwd,zwd,-46.02252252252252,172.2004848495109,0.00011775813618442044,1.0,850,0.0,0.024850756629182284,0.999999910201222,0.9735137606300426,0.026486151949603486,119.95804595947266,122.0912857055664,113.8423080444336,2.13323974609375,-6.1157379150390625,4.124488830566406,-1.9912490844726562,4.124488830566406,True,dec_s1,decoder,1,10,0.009819942712783813,0.008724795375019311,0.007906133867800235,0.004868635907769203,0.5023112728479289,0.6250834718981637
canterbury_plain_2020-02-22T06:00:00,canterbury_plain,synoptic,hotspot,t1,q850_trace,precip_zwd,zwd,-46.02252252252252,172.2004848495109,0.00011775813618442044,1.0,850,0.0,0.024850756629182284,0.999999910201222,0.9735137606300426,0.026486151949603486,119.95804595947266,122.0912857055664,113.8423080444336,2.13323974609375,-6.1157379150390625,4.124488830566406,-1.9912490844726562,4.124488830566406,True,dec_s2,decoder,2,6,0.032979159926374756,0.033468090618650116,0.030000391726692516,0.014273638060937325,0.6585109997600823,0.6778238683490961
canterbury_plain_2020-02-22T06:00:00,canterbury_plain,synoptic,low_near,t1,q850_trace,precip_zwd,zwd,-61.02252252252252,172.2004848495109,8.954866643762216e-06,1.0,850,0.0,0.07634327346005541,1.0,0.9170534840505181,0.08294651594948192,119.95804595947266,120.27982330322266,119.54427337646484,0.32177734375,-0.4137725830078125,0.36777496337890625,-0.04599761962890625,0.36777496337890625,True,enc_s0,encoder,0,6,0.022632624643544357,0.023493144971628983,0.021871522689859074,0.007378989520172278,0.7989125445701996,0.7472974788546578
canterbury_plain_2020-02-22T06:00:00,canterbury_plain,synoptic,low_near,t1,q850_trace,precip_zwd,zwd,-61.02252252252252,172.2004848495109,8.954866643762216e-06,1.0,850,0.0,0.07634327346005541,1.0,0.9170534840505181,0.08294651594948192,119.95804595947266,120.27982330322266,119.54427337646484,0.32177734375,-0.4137725830078125,0.36777496337890625,-0.04599761962890625,0.36777496337890625,True,enc_s1,encoder,1,10,0.020465269684791565,0.013495020102709532,0.014458437822759152,0.009467486944049596,0.4617122789818214,0.613389916505778
canterbury_plain_2020-02-22T06:00:00,canterbury_plain,synoptic,low_near,t1,q850_trace,precip_zwd,zwd,-61.02252252252252,172.2004848495109,8.954866643762216e-06,1.0,850,0.0,0.07634327346005541,1.0,0.9170534840505181,0.08294651594948192,119.95804595947266,120.27982330322266,119.54427337646484,0.32177734375,-0.4137725830078125,0.36777496337890625,-0.04599761962890625,0.36777496337890625,True,enc_s2,encoder,2,8,0.009818437159992754,0.007200766354799271,0.007295611605513841,0.004571631201542914,0.46320103517544975,0.6149439443189659
canterbury_plain_2020-02-22T06:00:00,canterbury_plain,synoptic,low_near,t1,q850_trace,precip_zwd,zwd,-61.02252252252252,172.2004848495109,8.954866643762216e-06,1.0,850,0.0,0.07634327346005541,1.0,0.9170534840505181,0.08294651594948192,119.95804595947266,120.27982330322266,119.54427337646484,0.32177734375,-0.4137725830078125,0.36777496337890625,-0.04599761962890625,0.36777496337890625,True,dec_s0,decoder,0,8,0.013865450280718505,0.010293347062543035,0.01017765374854207,0.006746663944795728,0.4125737583958389,0.6014112623248815
canterbury_plain_2020-02-22T06:00:00,canterbury_plain,synoptic,low_near,t1,q850_trace,precip_zwd,zwd,-61.02252252252252,172.2004848495109,8.954866643762216e-06,1.0,850,0.0,0.07634327346005541,1.0,0.9170534840505181,0.08294651594948192,119.95804595947266,120.27982330322266,119.54427337646484,0.32177734375,-0.4137725830078125,0.36777496337890625,-0.04599761962890625,0.36777496337890625,True,dec_s1,decoder,1,10,0.013274300238117575,0.014063618052750826,0.011174257379025221,0.007862829719670117,0.3821858670066415,0.5960621114427773
canterbury_plain_2020-02-22T06:00:00,canterbury_plain,synoptic,low_near,t1,q850_trace,precip_zwd,zwd,-61.02252252252252,172.2004848495109,8.954866643762216e-06,1.0,850,0.0,0.07634327346005541,1.0,0.9170534840505181,0.08294651594948192,119.95804595947266,120.27982330322266,119.54427337646484,0.32177734375,-0.4137725830078125,0.36777496337890625,-0.04599761962890625,0.36777496337890625,True,dec_s2,decoder,2,6,0.03435514929393927,0.0421029074738423,0.03345083321134249,0.01890233128021161,0.5462619223304498,0.6391023377517817
cascades_sierra_2020-11-13T18:00:00,cascades_sierra,local,hotspot,t1,q850_trace,precip_zwd,precip,41.97747747747748,239.69295654039695,7.42684060242027e-05,1.0,850,0.0,0.01574264202600958,1.0,0.9932579096003352,0.006742090399664751,3.77961802482605,3.9789135456085205,3.490633964538574,0.1992955207824707,-0.2889840602874756,0.24413979053497314,-0.04484426975250244,0.24413979053497314,True,enc_s0,encoder,0,6,0.005855129798874259,0.00638217890324692,0.005877384605507056,0.0017169338922637205,0.8525898067454148,0.7728875074105167
cascades_sierra_2020-11-13T18:00:00,cascades_sierra,local,hotspot,t1,q850_trace,precip_zwd,precip,41.97747747747748,239.69295654039695,7.42684060242027e-05,1.0,850,0.0,0.01574264202600958,1.0,0.9932579096003352,0.006742090399664751,3.77961802482605,3.9789135456085205,3.490633964538574,0.1992955207824707,-0.2889840602874756,0.24413979053497314,-0.04484426975250244,0.24413979053497314,True,enc_s1,encoder,1,10,0.005385376000776887,0.004401261708699167,0.004223039792850614,0.0024792073701974003,0.5421756546356129,0.6455280765038233
cascades_sierra_2020-11-13T18:00:00,cascades_sierra,local,hotspot,t1,q850_trace,precip_zwd,precip,41.97747747747748,239.69295654039695,7.42684060242027e-05,1.0,850,0.0,0.01574264202600958,1.0,0.9932579096003352,0.006742090399664751,3.77961802482605,3.9789135456085205,3.490633964538574,0.1992955207824707,-0.2889840602874756,0.24413979053497314,-0.04484426975250244,0.24413979053497314,True,enc_s2,encoder,2,8,0.002225546631962061,0.0019526483811205253,0.0017633064999245107,0.0011286235821899027,0.4349217780583587,0.6097538516318093
cascades_sierra_2020-11-13T18:00:00,cascades_sierra,local,hotspot,t1,q850_trace,precip_zwd,precip,41.97747747747748,239.69295654039695,7.42684060242027e-05,1.0,850,0.0,0.01574264202600958,1.0,0.9932579096003352,0.006742090399664751,3.77961802482605,3.9789135456085205,3.490633964538574,0.1992955207824707,-0.2889840602874756,0.24413979053497314,-0.04484426975250244,0.24413979053497314,True,dec_s0,decoder,0,8,0.003452691831625998,0.0031808205239940435,0.0027812874759547412,0.0018123177287634462,0.4203775858751799,0.6055942380288635
cascades_sierra_2020-11-13T18:00:00,cascades_sierra,local,hotspot,t1,q850_trace,precip_zwd,precip,41.97747747747748,239.69295654039695,7.42684060242027e-05,1.0,850,0.0,0.01574264202600958,1.0,0.9932579096003352,0.006742090399664751,3.77961802482605,3.9789135456085205,3.490633964538574,0.1992955207824707,-0.2889840602874756,0.24413979053497314,-0.04484426975250244,0.24413979053497314,True,dec_s1,decoder,1,10,0.003752508875913918,0.004150011669844389,0.0030816578539088367,0.002480393194127828,0.21500387628490314,0.5510949702089589
cascades_sierra_2020-11-13T18:00:00,cascades_sierra,local,hotspot,t1,q850_trace,precip_zwd,precip,41.97747747747748,239.69295654039695,7.42684060242027e-05,1.0,850,0.0,0.01574264202600958,1.0,0.9932579096003352,0.006742090399664751,3.77961802482605,3.9789135456085205,3.490633964538574,0.1992955207824707,-0.2889840602874756,0.24413979053497314,-0.04484426975250244,0.24413979053497314,True,dec_s2,decoder,2,6,0.012114968771735827,0.013527914881706238,0.010787712410092354,0.006965122806529204,0.47757374753673254,0.6076671329106883
cascades_sierra_2020-11-13T18:00:00,cascades_sierra,local,hotspot,t1,q850_trace,precip_only,precip,41.97747747747748,239.69295654039695,7.42684060242027e-05,1.0,850,0.0,0.01574264202600958,1.0,0.9932579096003352,0.006742090399664751,3.5521185398101807,3.745267152786255,3.282724380493164,0.19314861297607422,-0.2693941593170166,0.2312713861465454,-0.03812277317047119,0.2312713861465454,True,enc_s0,encoder,0,6,0.0058454776493211584,0.006381523484985034,0.005861101284002264,0.0017534345970489085,0.8452255321744642,0.7686211124606009
cascades_sierra_2020-11-13T18:00:00,cascades_sierra,local,hotspot,t1,q850_trace,precip_only,precip,41.97747747747748,239.69295654039695,7.42684060242027e-05,1.0,850,0.0,0.01574264202600958,1.0,0.9932579096003352,0.006742090399664751,3.5521185398101807,3.745267152786255,3.282724380493164,0.19314861297607422,-0.2693941593170166,0.2312713861465454,-0.03812277317047119,0.2312713861465454,True,enc_s1,encoder,1,10,0.005357227195054293,0.0044429006287828084,0.004208845971152187,0.002512038697022945,0.527450237804421,0.6411827256031266
cascades_sierra_2020-11-13T18:00:00,cascades_sierra,local,hotspot,t1,q850_trace,precip_only,precip,41.97747747747748,239.69295654039695,7.42684060242027e-05,1.0,850,0.0,0.01574264202600958,1.0,0.9932579096003352,0.006742090399664751,3.5521185398101807,3.745267152786255,3.282724380493164,0.19314861297607422,-0.2693941593170166,0.2312713861465454,-0.03812277317047119,0.2312713861465454,True,enc_s2,encoder,2,8,0.0022537163458764553,0.0020067339937668294,0.0017844626563601196,0.0011700189643306658,0.4135558608981838,0.6040256770495849
cascades_sierra_2020-11-13T18:00:00,cascades_sierra,local,hotspot,t1,q850_trace,precip_only,precip,41.97747747747748,239.69295654039695,7.42684060242027e-05,1.0,850,0.0,0.01574264202600958,1.0,0.9932579096003352,0.006742090399664751,3.5521185398101807,3.745267152786255,3.282724380493164,0.19314861297607422,-0.2693941593170166,0.2312713861465454,-0.03812277317047119,0.2312713861465454,True,dec_s0,decoder,0,8,0.003485259658191353,0.0032543817651458085,0.002800763613777235,0.0018776422657538205,0.3949913990317857,0.5988217541921435
cascades_sierra_2020-11-13T18:00:00,cascades_sierra,local,hotspot,t1,q850_trace,precip_only,precip,41.97747747747748,239.69295654039695,7.42684060242027e-05,1.0,850,0.0,0.01574264202600958,1.0,0.9932579096003352,0.006742090399664751,3.5521185398101807,3.745267152786255,3.282724380493164,0.19314861297607422,-0.2693941593170166,0.2312713861465454,-0.03812277317047119,0.2312713861465454,True,dec_s1,decoder,1,10,0.003690166585147381,0.004169175354763866,0.0030499516753479837,0.002488939859904349,0.20211612060833678,0.5478893788913274
cascades_sierra_2020-11-13T18:00:00,cascades_sierra,local,hotspot,t1,q850_trace,precip_only,precip,41.97747747747748,239.69295654039695,7.42684060242027e-05,1.0,850,0.0,0.01574264202600958,1.0,0.9932579096003352,0.006742090399664751,3.5521185398101807,3.745267152786255,3.282724380493164,0.19314861297607422,-0.2693941593170166,0.2312713861465454,-0.03812277317047119,0.2312713861465454,True,dec_s2,decoder,2,6,0.012118374928832054,0.013928619058181843,0.010909403984745344,0.007170484013234575,0.46280833237806657,0.6034284303702054
cascades_sierra_2020-11-13T18:00:00,cascades_sierra,local,low_near,t1,q850_trace,precip_zwd,precip,51.97747747747748,257.19295654039695,1.0740226343841641e-06,1.0,850,0.0,0.15402070628279677,1.0,0.7489339770670717,0.2510660229329284,3.77961802482605,3.7760353088378906,3.7795276641845703,-0.0035827159881591797,-9.036064147949219e-05,-0.0017461776733398438,-0.001836538314819336,0.001836538314819336,False,enc_s0,encoder,0,6,0.00783409713767469,0.007460748543962836,0.007357902281607191,0.0020950459487115345,0.8576610263279937,0.7777726357058833
cascades_sierra_2020-11-13T18:00:00,cascades_sierra,local,low_near,t1,q850_trace,precip_zwd,precip,51.97747747747748,257.19295654039695,1.0740226343841641e-06,1.0,850,0.0,0.15402070628279677,1.0,0.7489339770670717,0.2510660229329284,3.77961802482605,3.7760353088378906,3.7795276641845703,-0.0035827159881591797,-9.036064147949219e-05,-0.0017461776733398438,-0.001836538314819336,0.001836538314819336,False,enc_s1,encoder,1,10,0.005445196386426687,0.0043799779145047065,0.004255723347887397,0.002448856958653778,0.5499134057753341,0.6489398475964229
cascades_sierra_2020-11-13T18:00:00,cascades_sierra,local,low_near,t1,q850_trace,precip_zwd,precip,51.97747747747748,257.19295654039695,1.0740226343841641e-06,1.0,850,0.0,0.15402070628279677,1.0,0.7489339770670717,0.2510660229329284,3.77961802482605,3.7760353088378906,3.7795276641845703,-0.0035827159881591797,-9.036064147949219e-05,-0.0017461776733398438,-0.001836538314819336,0.001836538314819336,False,enc_s2,encoder,2,8,0.0025430703535676003,0.0019665823492687196,0.0019513192237354815,0.0011657166469376534,0.5046306965425025,0.626273168769169
cascades_sierra_2020-11-13T18:00:00,cascades_sierra,local,low_near,t1,q850_trace,precip_zwd,precip,51.97747747747748,257.19295654039695,1.0740226343841641e-06,1.0,850,0.0,0.15402070628279677,1.0,0.7489339770670717,0.2510660229329284,3.77961802482605,3.7760353088378906,3.7795276641845703,-0.0035827159881591797,-9.036064147949219e-05,-0.0017461776733398438,-0.001836538314819336,0.001836538314819336,False,dec_s0,decoder,0,8,0.0035387308162171394,0.0026834793970920146,0.002591398253571242,0.0017734187131281942,0.39320997793205914,0.5942935298138607
cascades_sierra_2020-11-13T18:00:00,cascades_sierra,local,low_near,t1,q850_trace,precip_zwd,precip,51.97747747747748,257.19295654039695,1.0740226343841641e-06,1.0,850,0.0,0.15402070628279677,1.0,0.7489339770670717,0.2510660229329284,3.77961802482605,3.7760353088378906,3.7795276641845703,-0.0035827159881591797,-9.036064147949219e-05,-0.0017461776733398438,-0.001836538314819336,0.001836538314819336,False,dec_s1,decoder,1,10,0.005044268677011132,0.0043132188729941845,0.003953152312897145,0.0025288285338319837,0.4654559721139913,0.6101310913569007
cascades_sierra_2020-11-13T18:00:00,cascades_sierra,local,low_near,t1,q850_trace,precip_zwd,precip,51.97747747747748,257.19295654039695,1.0740226343841641e-06,1.0,850,0.0,0.15402070628279677,1.0,0.7489339770670717,0.2510660229329284,3.77961802482605,3.7760353088378906,3.7795276641845703,-0.0035827159881591797,-9.036064147949219e-05,-0.0017461776733398438,-0.001836538314819336,0.001836538314819336,False,dec_s2,decoder,2,6,0.01792457637687524,0.01680400874465704,0.016174122070272762,0.006342547790457805,0.8371095435451288,0.7182630394407671
cascades_sierra_2020-11-13T18:00:00,cascades_sierra,local,low_near,t1,q850_trace,precip_only,precip,51.97747747747748,257.19295654039695,1.0740226343841641e-06,1.0,850,0.0,0.15402070628279677,1.0,0.7489339770670717,0.2510660229329284,3.5521185398101807,3.550326108932495,3.549675464630127,-0.0017924308776855469,-0.002443075180053711,0.00032532215118408203,-0.002117753028869629,0.002117753028869629,False,enc_s0,encoder,0,6,0.007752868579700589,0.007365540834143758,0.007272446683297555,0.0020721787974859276,0.8575067262227943,0.7775971106414993
cascades_sierra_2020-11-13T18:00:00,cascades_sierra,local,low_near,t1,q850_trace,precip_only,precip,51.97747747747748,257.19295654039695,1.0740226343841641e-06,1.0,850,0.0,0.15402070628279677,1.0,0.7489339770670717,0.2510660229329284,3.5521185398101807,3.550326108932495,3.549675464630127,-0.0017924308776855469,-0.002443075180053711,0.00032532215118408203,-0.002117753028869629,0.002117753028869629,False,enc_s1,encoder,1,10,0.0053455288987606766,0.004358029179275036,0.004205973842181266,0.002408323052804917,0.5521304766340809,0.6501059680044373
cascades_sierra_2020-11-13T18:00:00,cascades_sierra,local,low_near,t1,q850_trace,precip_only,precip,51.97747747747748,257.19295654039695,1.0740226343841641e-06,1.0,850,0.0,0.15402070628279677,1.0,0.7489339770670717,0.2510660229329284,3.5521185398101807,3.550326108932495,3.549675464630127,-0.0017924308776855469,-0.002443075180053711,0.00032532215118408203,-0.002117753028869629,0.002117753028869629,False,enc_s2,encoder,2,8,0.002548288262914866,0.0019640385871753097,0.001945074400282465,0.0011796305334428325,0.4925671136799159,0.6227365639148164
cascades_sierra_2020-11-13T18:00:00,cascades_sierra,local,low_near,t1,q850_trace,precip_only,precip,51.97747747747748,257.19295654039695,1.0740226343841641e-06,1.0,850,0.0,0.15402070628279677,1.0,0.7489339770670717,0.2510660229329284,3.5521185398101807,3.550326108932495,3.549675464630127,-0.0017924308776855469,-0.002443075180053711,0.00032532215118408203,-0.002117753028869629,0.002117753028869629,False,dec_s0,decoder,0,8,0.0035466794506646693,0.0026694607513491064,0.002576822618721053,0.00179188403126318,0.3785977647377482,0.5904415276065083
cascades_sierra_2020-11-13T18:00:00,cascades_sierra,local,low_near,t1,q850_trace,precip_only,precip,51.97747747747748,257.19295654039695,1.0740226343841641e-06,1.0,850,0.0,0.15402070628279677,1.0,0.7489339770670717,0.2510660229329284,3.5521185398101807,3.550326108932495,3.549675464630127,-0.0017924308776855469,-0.002443075180053711,0.00032532215118408203,-0.002117753028869629,0.002117753028869629,False,dec_s1,decoder,1,10,0.004950007563456893,0.004021783778443933,0.0037137717939913274,0.0025580507237464188,0.3986755715141547,0.5927065795693184
cascades_sierra_2020-11-13T18:00:00,cascades_sierra,local,low_near,t1,q850_trace,precip_only,precip,51.97747747747748,257.19295654039695,1.0740226343841641e-06,1.0,850,0.0,0.15402070628279677,1.0,0.7489339770670717,0.2510660229329284,3.5521185398101807,3.550326108932495,3.549675464630127,-0.0017924308776855469,-0.002443075180053711,0.00032532215118408203,-0.002117753028869629,0.002117753028869629,False,dec_s2,decoder,2,6,0.018376171278456848,0.016758030590911705,0.016309663963814575,0.006576579452181856,0.8232593582087625,0.7126375660843148
cascades_sierra_2020-11-13T18:00:00,cascades_sierra,local,hotspot,t1,q850_trace,precip_zwd,zwd,41.97747747747748,239.69295654039695,7.42684060242027e-05,1.0,850,0.0,0.01574264202600958,1.0,0.9932579096003352,0.006742090399664751,61.71721267700195,58.80231857299805,64.73544311523438,-2.9148941040039062,3.018230438232422,-2.966562271118164,0.05166816711425781,2.966562271118164,True,enc_s0,encoder,0,6,0.005855129798874259,0.00638217890324692,0.005877384605507056,0.0017169338922637205,0.8525898067454148,0.7728875074105167
cascades_sierra_2020-11-13T18:00:00,cascades_sierra,local,hotspot,t1,q850_trace,precip_zwd,zwd,41.97747747747748,239.69295654039695,7.42684060242027e-05,1.0,850,0.0,0.01574264202600958,1.0,0.9932579096003352,0.006742090399664751,61.71721267700195,58.80231857299805,64.73544311523438,-2.9148941040039062,3.018230438232422,-2.966562271118164,0.05166816711425781,2.966562271118164,True,enc_s1,encoder,1,10,0.005385376000776887,0.004401261708699167,0.004223039792850614,0.0024792073701974003,0.5421756546356129,0.6455280765038233
cascades_sierra_2020-11-13T18:00:00,cascades_sierra,local,hotspot,t1,q850_trace,precip_zwd,zwd,41.97747747747748,239.69295654039695,7.42684060242027e-05,1.0,850,0.0,0.01574264202600958,1.0,0.9932579096003352,0.006742090399664751,61.71721267700195,58.80231857299805,64.73544311523438,-2.9148941040039062,3.018230438232422,-2.966562271118164,0.05166816711425781,2.966562271118164,True,enc_s2,encoder,2,8,0.002225546631962061,0.0019526483811205253,0.0017633064999245107,0.0011286235821899027,0.4349217780583587,0.6097538516318093
cascades_sierra_2020-11-13T18:00:00,cascades_sierra,local,hotspot,t1,q850_trace,precip_zwd,zwd,41.97747747747748,239.69295654039695,7.42684060242027e-05,1.0,850,0.0,0.01574264202600958,1.0,0.9932579096003352,0.006742090399664751,61.71721267700195,58.80231857299805,64.73544311523438,-2.9148941040039062,3.018230438232422,-2.966562271118164,0.05166816711425781,2.966562271118164,True,dec_s0,decoder,0,8,0.003452691831625998,0.0031808205239940435,0.0027812874759547412,0.0018123177287634462,0.4203775858751799,0.6055942380288635
cascades_sierra_2020-11-13T18:00:00,cascades_sierra,local,hotspot,t1,q850_trace,precip_zwd,zwd,41.97747747747748,239.69295654039695,7.42684060242027e-05,1.0,850,0.0,0.01574264202600958,1.0,0.9932579096003352,0.006742090399664751,61.71721267700195,58.80231857299805,64.73544311523438,-2.9148941040039062,3.018230438232422,-2.966562271118164,0.05166816711425781,2.966562271118164,True,dec_s1,decoder,1,10,0.003752508875913918,0.004150011669844389,0.0030816578539088367,0.002480393194127828,0.21500387628490314,0.5510949702089589
cascades_sierra_2020-11-13T18:00:00,cascades_sierra,local,hotspot,t1,q850_trace,precip_zwd,zwd,41.97747747747748,239.69295654039695,7.42684060242027e-05,1.0,850,0.0,0.01574264202600958,1.0,0.9932579096003352,0.006742090399664751,61.71721267700195,58.80231857299805,64.73544311523438,-2.9148941040039062,3.018230438232422,-2.966562271118164,0.05166816711425781,2.966562271118164,True,dec_s2,decoder,2,6,0.012114968771735827,0.013527914881706238,0.010787712410092354,0.006965122806529204,0.47757374753673254,0.6076671329106883
cascades_sierra_2020-11-13T18:00:00,cascades_sierra,local,low_near,t1,q850_trace,precip_zwd,zwd,51.97747747747748,257.19295654039695,1.0740226343841641e-06,1.0,850,0.0,0.15402070628279677,1.0,0.7489339770670717,0.2510660229329284,61.71721267700195,61.73690414428711,61.74220275878906,0.01969146728515625,0.024990081787109375,-0.0026493072509765625,0.022340774536132812,0.022340774536132812,False,enc_s0,encoder,0,6,0.00783409713767469,0.007460748543962836,0.007357902281607191,0.0020950459487115345,0.8576610263279937,0.7777726357058833
cascades_sierra_2020-11-13T18:00:00,cascades_sierra,local,low_near,t1,q850_trace,precip_zwd,zwd,51.97747747747748,257.19295654039695,1.0740226343841641e-06,1.0,850,0.0,0.15402070628279677,1.0,0.7489339770670717,0.2510660229329284,61.71721267700195,61.73690414428711,61.74220275878906,0.01969146728515625,0.024990081787109375,-0.0026493072509765625,0.022340774536132812,0.022340774536132812,False,enc_s1,encoder,1,10,0.005445196386426687,0.0043799779145047065,0.004255723347887397,0.002448856958653778,0.5499134057753341,0.6489398475964229
cascades_sierra_2020-11-13T18:00:00,cascades_sierra,local,low_near,t1,q850_trace,precip_zwd,zwd,51.97747747747748,257.19295654039695,1.0740226343841641e-06,1.0,850,0.0,0.15402070628279677,1.0,0.7489339770670717,0.2510660229329284,61.71721267700195,61.73690414428711,61.74220275878906,0.01969146728515625,0.024990081787109375,-0.0026493072509765625,0.022340774536132812,0.022340774536132812,False,enc_s2,encoder,2,8,0.0025430703535676003,0.0019665823492687196,0.0019513192237354815,0.0011657166469376534,0.5046306965425025,0.626273168769169
cascades_sierra_2020-11-13T18:00:00,cascades_sierra,local,low_near,t1,q850_trace,precip_zwd,zwd,51.97747747747748,257.19295654039695,1.0740226343841641e-06,1.0,850,0.0,0.15402070628279677,1.0,0.7489339770670717,0.2510660229329284,61.71721267700195,61.73690414428711,61.74220275878906,0.01969146728515625,0.024990081787109375,-0.0026493072509765625,0.022340774536132812,0.022340774536132812,False,dec_s0,decoder,0,8,0.0035387308162171394,0.0026834793970920146,0.002591398253571242,0.0017734187131281942,0.39320997793205914,0.5942935298138607
cascades_sierra_2020-11-13T18:00:00,cascades_sierra,local,low_near,t1,q850_trace,precip_zwd,zwd,51.97747747747748,257.19295654039695,1.0740226343841641e-06,1.0,850,0.0,0.15402070628279677,1.0,0.7489339770670717,0.2510660229329284,61.71721267700195,61.73690414428711,61.74220275878906,0.01969146728515625,0.024990081787109375,-0.0026493072509765625,0.022340774536132812,0.022340774536132812,False,dec_s1,decoder,1,10,0.005044268677011132,0.0043132188729941845,0.003953152312897145,0.0025288285338319837,0.4654559721139913,0.6101310913569007
cascades_sierra_2020-11-13T18:00:00,cascades_sierra,local,low_near,t1,q850_trace,precip_zwd,zwd,51.97747747747748,257.19295654039695,1.0740226343841641e-06,1.0,850,0.0,0.15402070628279677,1.0,0.7489339770670717,0.2510660229329284,61.71721267700195,61.73690414428711,61.74220275878906,0.01969146728515625,0.024990081787109375,-0.0026493072509765625,0.022340774536132812,0.022340774536132812,False,dec_s2,decoder,2,6,0.01792457637687524,0.01680400874465704,0.016174122070272762,0.006342547790457805,0.8371095435451288,0.7182630394407671
cascades_sierra_2020-11-13T18:00:00,cascades_sierra,synoptic,hotspot,t1,q850_trace,precip_zwd,precip,39.47747747747748,239.69295654039695,0.00013925741950515658,1.0,850,0.0,0.04031361896530436,1.0,0.949947064828067,0.050052935171933,3.77961802482605,3.963809013366699,3.2816758155822754,0.18419098854064941,-0.4979422092437744,0.3410665988922119,-0.1568756103515625,0.3410665988922119,True,enc_s0,encoder,0,6,0.014931041126449903,0.01545896241441369,0.014669095166027546,0.003967533547741671,0.8656134371550013,0.786270489308083
cascades_sierra_2020-11-13T18:00:00,cascades_sierra,synoptic,hotspot,t1,q850_trace,precip_zwd,precip,39.47747747747748,239.69295654039695,0.00013925741950515658,1.0,850,0.0,0.04031361896530436,1.0,0.949947064828067,0.050052935171933,3.77961802482605,3.963809013366699,3.2816758155822754,0.18419098854064941,-0.4979422092437744,0.3410665988922119,-0.1568756103515625,0.3410665988922119,True,enc_s1,encoder,1,10,0.011030531674623489,0.009311576606705785,0.009122263081371785,0.004528324655257166,0.638906302677988,0.6778073746134087
cascades_sierra_2020-11-13T18:00:00,cascades_sierra,synoptic,hotspot,t1,q850_trace,precip_zwd,precip,39.47747747747748,239.69295654039695,0.00013925741950515658,1.0,850,0.0,0.04031361896530436,1.0,0.949947064828067,0.050052935171933,3.77961802482605,3.963809013366699,3.2816758155822754,0.18419098854064941,-0.4979422092437744,0.3410665988922119,-0.1568756103515625,0.3410665988922119,True,enc_s2,encoder,2,8,0.004610642266925424,0.003929452388547361,0.003775943332584575,0.002022771499468945,0.5784037220711205,0.6512814999004504
cascades_sierra_2020-11-13T18:00:00,cascades_sierra,synoptic,hotspot,t1,q850_trace,precip_zwd,precip,39.47747747747748,239.69295654039695,0.00013925741950515658,1.0,850,0.0,0.04031361896530436,1.0,0.949947064828067,0.050052935171933,3.77961802482605,3.963809013366699,3.2816758155822754,0.18419098854064941,-0.4979422092437744,0.3410665988922119,-0.1568756103515625,0.3410665988922119,True,dec_s0,decoder,0,8,0.006837365450337529,0.006005578150507063,0.005652130232192576,0.003076344757573679,0.5658517363655109,0.6476457896845824
cascades_sierra_2020-11-13T18:00:00,cascades_sierra,synoptic,hotspot,t1,q850_trace,precip_zwd,precip,39.47747747747748,239.69295654039695,0.00013925741950515658,1.0,850,0.0,0.04031361896530436,1.0,0.949947064828067,0.050052935171933,3.77961802482605,3.963809013366699,3.2816758155822754,0.18419098854064941,-0.4979422092437744,0.3410665988922119,-0.1568756103515625,0.3410665988922119,True,dec_s1,decoder,1,10,0.006820964207872748,0.006906913826242089,0.005983260041102767,0.0033635506057180463,0.5697618819783365,0.6417441834638732
cascades_sierra_2020-11-13T18:00:00,cascades_sierra,synoptic,hotspot,t1,q850_trace,precip_zwd,precip,39.47747747747748,239.69295654039695,0.00013925741950515658,1.0,850,0.0,0.04031361896530436,1.0,0.949947064828067,0.050052935171933,3.77961802482605,3.963809013366699,3.2816758155822754,0.18419098854064941,-0.4979422092437744,0.3410665988922119,-0.1568756103515625,0.3410665988922119,True,dec_s2,decoder,2,6,0.025288944753507774,0.0257875540604194,0.02337224471072356,0.010295229963958263,0.7291312204446055,0.6942770498156818
cascades_sierra_2020-11-13T18:00:00,cascades_sierra,synoptic,hotspot,t1,q850_trace,precip_only,precip,39.47747747747748,239.69295654039695,0.00013925741950515658,1.0,850,0.0,0.04031361896530436,1.0,0.949947064828067,0.050052935171933,3.5521185398101807,3.7388854026794434,3.0584588050842285,0.1867668628692627,-0.49365973472595215,0.3402132987976074,-0.15344643592834473,0.3402132987976074,True,enc_s0,encoder,0,6,0.01473776064813137,0.015298703374962011,0.014476546086370945,0.004001096938736737,0.8598272337381864,0.7825266007798254
cascades_sierra_2020-11-13T18:00:00,cascades_sierra,synoptic,hotspot,t1,q850_trace,precip_only,precip,39.47747747747748,239.69295654039695,0.00013925741950515658,1.0,850,0.0,0.04031361896530436,1.0,0.949947064828067,0.050052935171933,3.5521185398101807,3.7388854026794434,3.0584588050842285,0.1867668628692627,-0.49365973472595215,0.3402132987976074,-0.15344643592834473,0.3402132987976074,True,enc_s1,encoder,1,10,0.010950742335990072,0.009336467506363988,0.009046590561047197,0.004611661424860358,0.6216525482909152,0.6719299027744785
cascades_sierra_2020-11-13T18:00:00,cascades_sierra,synoptic,hotspot,t1,q850_trace,precip_only,precip,39.47747747747748,239.69295654039695,0.00013925741950515658,1.0,850,0.0,0.04031361896530436,1.0,0.949947064828067,0.050052935171933,3.5521185398101807,3.7388854026794434,3.0584588050842285,0.1867668628692627,-0.49365973472595215,0.3402132987976074,-0.15344643592834473,0.3402132987976074,True,enc_s2,encoder,2,8,0.004698954231571406,0.004025746806291863,0.0038291503151413053,0.002116855073836632,0.5549523408550583,0.6441204820926202
cascades_sierra_2020-11-13T18:00:00,cascades_sierra,synoptic,hotspot,t1,q850_trace,precip_only,precip,39.47747747747748,239.69295654039695,0.00013925741950515658,1.0,850,0.0,0.04031361896530436,1.0,0.949947064828067,0.050052935171933,3.5521185398101807,3.7388854026794434,3.0584588050842285,0.1867668628692627,-0.49365973472595215,0.3402132987976074,-0.15344643592834473,0.3402132987976074,True,dec_s0,decoder,0,8,0.006934541277587414,0.006115997035522014,0.0056910140556283295,0.0032189529738388956,0.5367555625836763,0.6388362091321995
cascades_sierra_2020-11-13T18:00:00,cascades_sierra,synoptic,hotspot,t1,q850_trace,precip_only,precip,39.47747747747748,239.69295654039695,0.00013925741950515658,1.0,850,0.0,0.04031361896530436,1.0,0.949947064828067,0.050052935171933,3.5521185398101807,3.7388854026794434,3.0584588050842285,0.1867668628692627,-0.49365973472595215,0.3402132987976074,-0.15344643592834473,0.3402132987976074,True,dec_s1,decoder,1,10,0.006607433804310859,0.006827799789607525,0.005807719146832824,0.0033774293609894813,0.5419735478507167,0.6337034665857137
cascades_sierra_2020-11-13T18:00:00,cascades_sierra,synoptic,hotspot,t1,q850_trace,precip_only,precip,39.47747747747748,239.69295654039695,0.00013925741950515658,1.0,850,0.0,0.04031361896530436,1.0,0.949947064828067,0.050052935171933,3.5521185398101807,3.7388854026794434,3.0584588050842285,0.1867668628692627,-0.49365973472595215,0.3402132987976074,-0.15344643592834473,0.3402132987976074,True,dec_s2,decoder,2,6,0.02514378974835078,0.026101695373654366,0.023369324083129566,0.01051701900238792,0.7172214210550237,0.6897607584834194
cascades_sierra_2020-11-13T18:00:00,cascades_sierra,synoptic,low_near,t1,q850_trace,precip_zwd,precip,59.47747747747748,239.69295654039695,1.033178068610141e-05,1.0,850,0.0,0.1635890872894956,1.0,0.7304910522845454,0.26950894771545464,3.77961802482605,3.7739710807800293,3.7838099002838135,-0.005646944046020508,0.004191875457763672,-0.00491940975189209,-0.000727534294128418,0.00491940975189209,True,enc_s0,encoder,0,6,0.025579634743432205,0.02258598121503989,0.022721268236637115,0.008162522843728462,0.7797440415271012,0.7353171048908574
cascades_sierra_2020-11-13T18:00:00,cascades_sierra,synoptic,low_near,t1,q850_trace,precip_zwd,precip,59.47747747747748,239.69295654039695,1.033178068610141e-05,1.0,850,0.0,0.1635890872894956,1.0,0.7304910522845454,0.26950894771545464,3.77961802482605,3.7739710807800293,3.7838099002838135,-0.005646944046020508,0.004191875457763672,-0.00491940975189209,-0.000727534294128418,0.00491940975189209,True,enc_s1,encoder,1,10,0.023846160806715488,0.014549276418983936,0.0161168803460896,0.011334666376933455,0.42643902579958254,0.5980544201807796
cascades_sierra_2020-11-13T18:00:00,cascades_sierra,synoptic,low_near,t1,q850_trace,precip_zwd,precip,59.47747747747748,239.69295654039695,1.033178068610141e-05,1.0,850,0.0,0.1635890872894956,1.0,0.7304910522845454,0.26950894771545464,3.77961802482605,3.7739710807800293,3.7838099002838135,-0.005646944046020508,0.004191875457763672,-0.00491940975189209,-0.000727534294128418,0.00491940975189209,True,enc_s2,encoder,2,8,0.010616134502924979,0.0064044229802675545,0.007241041457746178,0.004942352883517742,0.4185321566352924,0.5945738014482287
cascades_sierra_2020-11-13T18:00:00,cascades_sierra,synoptic,low_near,t1,q850_trace,precip_zwd,precip,59.47747747747748,239.69295654039695,1.033178068610141e-05,1.0,850,0.0,0.1635890872894956,1.0,0.7304910522845454,0.26950894771545464,3.77961802482605,3.7739710807800293,3.7838099002838135,-0.005646944046020508,0.004191875457763672,-0.00491940975189209,-0.000727534294128418,0.00491940975189209,True,dec_s0,decoder,0,8,0.017174783861264586,0.008925589499995112,0.011133503983728588,0.007960177434142679,0.40129411982639074,0.5828905191893109
cascades_sierra_2020-11-13T18:00:00,cascades_sierra,synoptic,low_near,t1,q850_trace,precip_zwd,precip,59.47747747747748,239.69295654039695,1.033178068610141e-05,1.0,850,0.0,0.1635890872894956,1.0,0.7304910522845454,0.26950894771545464,3.77961802482605,3.7739710807800293,3.7838099002838135,-0.005646944046020508,0.004191875457763672,-0.00491940975189209,-0.000727534294128418,0.00491940975189209,True,dec_s1,decoder,1,10,0.013965488038957119,0.011218547448515892,0.010479999706149101,0.007108504697680473,0.41486442818052405,0.5998092123137657
cascades_sierra_2020-11-13T18:00:00,cascades_sierra,synoptic,low_near,t1,q850_trace,precip_zwd,precip,59.47747747747748,239.69295654039695,1.033178068610141e-05,1.0,850,0.0,0.1635890872894956,1.0,0.7304910522845454,0.26950894771545464,3.77961802482605,3.7739710807800293,3.7838099002838135,-0.005646944046020508,0.004191875457763672,-0.00491940975189209,-0.000727534294128418,0.00491940975189209,True,dec_s2,decoder,2,6,0.03798219499488672,0.040072996790210404,0.03447701595723629,0.01830794072399537,0.5858116095740826,0.653429514494073
cascades_sierra_2020-11-13T18:00:00,cascades_sierra,synoptic,low_near,t1,q850_trace,precip_only,precip,59.47747747747748,239.69295654039695,1.033178068610141e-05,1.0,850,0.0,0.1635890872894956,1.0,0.7304910522845454,0.26950894771545464,3.5521185398101807,3.5475125312805176,3.558626413345337,-0.004606008529663086,0.00650787353515625,-0.005556941032409668,0.000950932502746582,0.005556941032409668,True,enc_s0,encoder,0,6,0.02563591922322909,0.022857841725150745,0.022856217498580616,0.008252544794231653,0.7766829856691534,0.7343120624371782
cascades_sierra_2020-11-13T18:00:00,cascades_sierra,synoptic,low_near,t1,q850_trace,precip_only,precip,59.47747747747748,239.69295654039695,1.033178068610141e-05,1.0,850,0.0,0.1635890872894956,1.0,0.7304910522845454,0.26950894771545464,3.5521185398101807,3.5475125312805176,3.558626413345337,-0.004606008529663086,0.00650787353515625,-0.005556941032409668,0.000950932502746582,0.005556941032409668,True,enc_s1,encoder,1,10,0.023979453183710576,0.014838947262614966,0.016192578710615635,0.011537265637889505,0.41228256552772147,0.5955005244783926
cascades_sierra_2020-11-13T18:00:00,cascades_sierra,synoptic,low_near,t1,q850_trace,precip_only,precip,59.47747747747748,239.69295654039695,1.033178068610141e-05,1.0,850,0.0,0.1635890872894956,1.0,0.7304910522845454,0.26950894771545464,3.5521185398101807,3.5475125312805176,3.558626413345337,-0.004606008529663086,0.00650787353515625,-0.005556941032409668,0.000950932502746582,0.005556941032409668,True,enc_s2,encoder,2,8,0.010988873895257711,0.00662703812122345,0.007460589113179594,0.0051650708192028105,0.4043286522172038,0.5911601799433499
cascades_sierra_2020-11-13T18:00:00,cascades_sierra,synoptic,low_near,t1,q850_trace,precip_only,precip,59.47747747747748,239.69295654039695,1.033178068610141e-05,1.0,850,0.0,0.1635890872894956,1.0,0.7304910522845454,0.26950894771545464,3.5521185398101807,3.5475125312805176,3.558626413345337,-0.004606008529663086,0.00650787353515625,-0.005556941032409668,0.000950932502746582,0.005556941032409668,True,dec_s0,decoder,0,8,0.01810299197677523,0.009200735716149211,0.011587408371269703,0.008480474294628948,0.37983071692399883,0.5772296364386249
cascades_sierra_2020-11-13T18:00:00,cascades_sierra,synoptic,low_near,t1,q850_trace,precip_only,precip,59.47747747747748,239.69295654039695,1.033178068610141e-05,1.0,850,0.0,0.1635890872894956,1.0,0.7304910522845454,0.26950894771545464,3.5521185398101807,3.5475125312805176,3.558626413345337,-0.004606008529663086,0.00650787353515625,-0.005556941032409668,0.000950932502746582,0.005556941032409668,True,dec_s1,decoder,1,10,0.013892164640128612,0.011018197843804955,0.01027842815965414,0.00717570106498897,0.3873750802894897,0.592321512266955
cascades_sierra_2020-11-13T18:00:00,cascades_sierra,synoptic,low_near,t1,q850_trace,precip_only,precip,59.47747747747748,239.69295654039695,1.033178068610141e-05,1.0,850,0.0,0.1635890872894956,1.0,0.7304910522845454,0.26950894771545464,3.5521185398101807,3.5475125312805176,3.558626413345337,-0.004606008529663086,0.00650787353515625,-0.005556941032409668,0.000950932502746582,0.005556941032409668,True,dec_s2,decoder,2,6,0.03961785261829694,0.04182969219982624,0.03573865815997124,0.01953001134097576,0.5640195416261347,0.6472068230002291
cascades_sierra_2020-11-13T18:00:00,cascades_sierra,synoptic,hotspot,t1,q850_trace,precip_zwd,zwd,39.47747747747748,239.69295654039695,0.00013925741950515658,1.0,850,0.0,0.04031361896530436,1.0,0.949947064828067,0.050052935171933,61.71721267700195,59.647560119628906,62.363033294677734,-2.069652557373047,0.6458206176757812,-1.357736587524414,-0.7119159698486328,1.357736587524414,True,enc_s0,encoder,0,6,0.014931041126449903,0.01545896241441369,0.014669095166027546,0.003967533547741671,0.8656134371550013,0.786270489308083
cascades_sierra_2020-11-13T18:00:00,cascades_sierra,synoptic,hotspot,t1,q850_trace,precip_zwd,zwd,39.47747747747748,239.69295654039695,0.00013925741950515658,1.0,850,0.0,0.04031361896530436,1.0,0.949947064828067,0.050052935171933,61.71721267700195,59.647560119628906,62.363033294677734,-2.069652557373047,0.6458206176757812,-1.357736587524414,-0.7119159698486328,1.357736587524414,True,enc_s1,encoder,1,10,0.011030531674623489,0.009311576606705785,0.009122263081371785,0.004528324655257166,0.638906302677988,0.6778073746134087
cascades_sierra_2020-11-13T18:00:00,cascades_sierra,synoptic,hotspot,t1,q850_trace,precip_zwd,zwd,39.47747747747748,239.69295654039695,0.00013925741950515658,1.0,850,0.0,0.04031361896530436,1.0,0.949947064828067,0.050052935171933,61.71721267700195,59.647560119628906,62.363033294677734,-2.069652557373047,0.6458206176757812,-1.357736587524414,-0.7119159698486328,1.357736587524414,True,enc_s2,encoder,2,8,0.004610642266925424,0.003929452388547361,0.003775943332584575,0.002022771499468945,0.5784037220711205,0.6512814999004504
cascades_sierra_2020-11-13T18:00:00,cascades_sierra,synoptic,hotspot,t1,q850_trace,precip_zwd,zwd,39.47747747747748,239.69295654039695,0.00013925741950515658,1.0,850,0.0,0.04031361896530436,1.0,0.949947064828067,0.050052935171933,61.71721267700195,59.647560119628906,62.363033294677734,-2.069652557373047,0.6458206176757812,-1.357736587524414,-0.7119159698486328,1.357736587524414,True,dec_s0,decoder,0,8,0.006837365450337529,0.006005578150507063,0.005652130232192576,0.003076344757573679,0.5658517363655109,0.6476457896845824
cascades_sierra_2020-11-13T18:00:00,cascades_sierra,synoptic,hotspot,t1,q850_trace,precip_zwd,zwd,39.47747747747748,239.69295654039695,0.00013925741950515658,1.0,850,0.0,0.04031361896530436,1.0,0.949947064828067,0.050052935171933,61.71721267700195,59.647560119628906,62.363033294677734,-2.069652557373047,0.6458206176757812,-1.357736587524414,-0.7119159698486328,1.357736587524414,True,dec_s1,decoder,1,10,0.006820964207872748,0.006906913826242089,0.005983260041102767,0.0033635506057180463,0.5697618819783365,0.6417441834638732
cascades_sierra_2020-11-13T18:00:00,cascades_sierra,synoptic,hotspot,t1,q850_trace,precip_zwd,zwd,39.47747747747748,239.69295654039695,0.00013925741950515658,1.0,850,0.0,0.04031361896530436,1.0,0.949947064828067,0.050052935171933,61.71721267700195,59.647560119628906,62.363033294677734,-2.069652557373047,0.6458206176757812,-1.357736587524414,-0.7119159698486328,1.357736587524414,True,dec_s2,decoder,2,6,0.025288944753507774,0.0257875540604194,0.02337224471072356,0.010295229963958263,0.7291312204446055,0.6942770498156818
cascades_sierra_2020-11-13T18:00:00,cascades_sierra,synoptic,low_near,t1,q850_trace,precip_zwd,zwd,59.47747747747748,239.69295654039695,1.033178068610141e-05,1.0,850,0.0,0.1635890872894956,1.0,0.7304910522845454,0.26950894771545464,61.71721267700195,61.83099365234375,61.77775192260742,0.11378097534179688,0.06053924560546875,0.026620864868164062,0.08716011047363281,0.08716011047363281,False,enc_s0,encoder,0,6,0.025579634743432205,0.02258598121503989,0.022721268236637115,0.008162522843728462,0.7797440415271012,0.7353171048908574
cascades_sierra_2020-11-13T18:00:00,cascades_sierra,synoptic,low_near,t1,q850_trace,precip_zwd,zwd,59.47747747747748,239.69295654039695,1.033178068610141e-05,1.0,850,0.0,0.1635890872894956,1.0,0.7304910522845454,0.26950894771545464,61.71721267700195,61.83099365234375,61.77775192260742,0.11378097534179688,0.06053924560546875,0.026620864868164062,0.08716011047363281,0.08716011047363281,False,enc_s1,encoder,1,10,0.023846160806715488,0.014549276418983936,0.0161168803460896,0.011334666376933455,0.42643902579958254,0.5980544201807796
cascades_sierra_2020-11-13T18:00:00,cascades_sierra,synoptic,low_near,t1,q850_trace,precip_zwd,zwd,59.47747747747748,239.69295654039695,1.033178068610141e-05,1.0,850,0.0,0.1635890872894956,1.0,0.7304910522845454,0.26950894771545464,61.71721267700195,61.83099365234375,61.77775192260742,0.11378097534179688,0.06053924560546875,0.026620864868164062,0.08716011047363281,0.08716011047363281,False,enc_s2,encoder,2,8,0.010616134502924979,0.0064044229802675545,0.007241041457746178,0.004942352883517742,0.4185321566352924,0.5945738014482287
cascades_sierra_2020-11-13T18:00:00,cascades_sierra,synoptic,low_near,t1,q850_trace,precip_zwd,zwd,59.47747747747748,239.69295654039695,1.033178068610141e-05,1.0,850,0.0,0.1635890872894956,1.0,0.7304910522845454,0.26950894771545464,61.71721267700195,61.83099365234375,61.77775192260742,0.11378097534179688,0.06053924560546875,0.026620864868164062,0.08716011047363281,0.08716011047363281,False,dec_s0,decoder,0,8,0.017174783861264586,0.008925589499995112,0.011133503983728588,0.007960177434142679,0.40129411982639074,0.5828905191893109
cascades_sierra_2020-11-13T18:00:00,cascades_sierra,synoptic,low_near,t1,q850_trace,precip_zwd,zwd,59.47747747747748,239.69295654039695,1.033178068610141e-05,1.0,850,0.0,0.1635890872894956,1.0,0.7304910522845454,0.26950894771545464,61.71721267700195,61.83099365234375,61.77775192260742,0.11378097534179688,0.06053924560546875,0.026620864868164062,0.08716011047363281,0.08716011047363281,False,dec_s1,decoder,1,10,0.013965488038957119,0.011218547448515892,0.010479999706149101,0.007108504697680473,0.41486442818052405,0.5998092123137657
cascades_sierra_2020-11-13T18:00:00,cascades_sierra,synoptic,low_near,t1,q850_trace,precip_zwd,zwd,59.47747747747748,239.69295654039695,1.033178068610141e-05,1.0,850,0.0,0.1635890872894956,1.0,0.7304910522845454,0.26950894771545464,61.71721267700195,61.83099365234375,61.77775192260742,0.11378097534179688,0.06053924560546875,0.026620864868164062,0.08716011047363281,0.08716011047363281,False,dec_s2,decoder,2,6,0.03798219499488672,0.040072996790210404,0.03447701595723629,0.01830794072399537,0.5858116095740826,0.653429514494073
caspian_lowland_2020-09-19T06:00:00,caspian_lowland,local,hotspot,t1,q850_trace,precip_zwd,precip,45.97747747747748,45.57755541383499,8.502865966875106e-05,1.0,850,0.0,0.00512,1.0,0.9982715904629014,0.0017284095370986533,-0.012800633907318115,0.01620415784418583,-0.022902712225914,0.029004791751503944,-0.010102078318595886,0.019553435035049915,0.009451356716454029,0.019553435035049915,True,enc_s0,encoder,0,6,0.006177211180329323,0.006201242251942555,0.005945493855203192,0.0017198000374870996,0.853821889449138,0.7747853446953757
caspian_lowland_2020-09-19T06:00:00,caspian_lowland,local,hotspot,t1,q850_trace,precip_zwd,precip,45.97747747747748,45.57755541383499,8.502865966875106e-05,1.0,850,0.0,0.00512,1.0,0.9982715904629014,0.0017284095370986533,-0.012800633907318115,0.01620415784418583,-0.022902712225914,0.029004791751503944,-0.010102078318595886,0.019553435035049915,0.009451356716454029,0.019553435035049915,True,enc_s1,encoder,1,10,0.0055366419721394776,0.0037918153218925,0.003991327830590308,0.002532335487194359,0.5028045162843975,0.6265803129680183
caspian_lowland_2020-09-19T06:00:00,caspian_lowland,local,hotspot,t1,q850_trace,precip_zwd,precip,45.97747747747748,45.57755541383499,8.502865966875106e-05,1.0,850,0.0,0.00512,1.0,0.9982715904629014,0.0017284095370986533,-0.012800633907318115,0.01620415784418583,-0.022902712225914,0.029004791751503944,-0.010102078318595886,0.019553435035049915,0.009451356716454029,0.019553435035049915,True,enc_s2,encoder,2,8,0.002398326701950282,0.0015720871597295627,0.0016408216615673155,0.001191407602163963,0.34878542026980847,0.5794115464476512
caspian_lowland_2020-09-19T06:00:00,caspian_lowland,local,hotspot,t1,q850_trace,precip_zwd,precip,45.97747747747748,45.57755541383499,8.502865966875106e-05,1.0,850,0.0,0.00512,1.0,0.9982715904629014,0.0017284095370986533,-0.012800633907318115,0.01620415784418583,-0.022902712225914,0.029004791751503944,-0.010102078318595886,0.019553435035049915,0.009451356716454029,0.019553435035049915,True,dec_s0,decoder,0,8,0.0036588700022548437,0.0023192089574877173,0.002418739692075178,0.0018796612275764346,0.2850091635370659,0.5631158852543505
caspian_lowland_2020-09-19T06:00:00,caspian_lowland,local,hotspot,t1,q850_trace,precip_zwd,precip,45.97747747747748,45.57755541383499,8.502865966875106e-05,1.0,850,0.0,0.00512,1.0,0.9982715904629014,0.0017284095370986533,-0.012800633907318115,0.01620415784418583,-0.022902712225914,0.029004791751503944,-0.010102078318595886,0.019553435035049915,0.009451356716454029,0.019553435035049915,True,dec_s1,decoder,1,10,0.0038311491953209043,0.003531362721696496,0.0026945696328766642,0.0025129760149866344,0.06942142993511949,0.5162778639875433
caspian_lowland_2020-09-19T06:00:00,caspian_lowland,local,hotspot,t1,q850_trace,precip_zwd,precip,45.97747747747748,45.57755541383499,8.502865966875106e-05,1.0,850,0.0,0.00512,1.0,0.9982715904629014,0.0017284095370986533,-0.012800633907318115,0.01620415784418583,-0.022902712225914,0.029004791751503944,-0.010102078318595886,0.019553435035049915,0.009451356716454029,0.019553435035049915,True,dec_s2,decoder,2,6,0.011905325266222158,0.011102473363280296,0.009444032019625107,0.0065810672628382845,0.3993652598296564,0.5893358814779932
caspian_lowland_2020-09-19T06:00:00,caspian_lowland,local,hotspot,t1,q850_trace,precip_only,precip,45.97747747747748,45.57755541383499,8.502865966875106e-05,1.0,850,0.0,0.00512,1.0,0.9982715904629014,0.0017284095370986533,0.01659330353140831,0.03049742616713047,0.010182620026171207,0.01390412263572216,-0.0064106835052371025,0.010157403070479631,0.003746719565242529,0.010157403070479631,True,enc_s0,encoder,0,6,0.00619519113873442,0.0061309123411774635,0.005914355628192425,0.0017353642615489662,0.8499282205156371,0.7723418899520359
caspian_lowland_2020-09-19T06:00:00,caspian_lowland,local,hotspot,t1,q850_trace,precip_only,precip,45.97747747747748,45.57755541383499,8.502865966875106e-05,1.0,850,0.0,0.00512,1.0,0.9982715904629014,0.0017284095370986533,0.01659330353140831,0.03049742616713047,0.010182620026171207,0.01390412263572216,-0.0064106835052371025,0.010157403070479631,0.003746719565242529,0.010157403070479631,True,enc_s1,encoder,1,10,0.005670194700360298,0.003770659794099629,0.00402769441716373,0.0026066937716677785,0.48926396665938227,0.6212264087765809
caspian_lowland_2020-09-19T06:00:00,caspian_lowland,local,hotspot,t1,q850_trace,precip_only,precip,45.97747747747748,45.57755541383499,8.502865966875106e-05,1.0,850,0.0,0.00512,1.0,0.9982715904629014,0.0017284095370986533,0.01659330353140831,0.03049742616713047,0.010182620026171207,0.01390412263572216,-0.0064106835052371025,0.010157403070479631,0.003746719565242529,0.010157403070479631,True,enc_s2,encoder,2,8,0.00251887648482807,0.001600202449481003,0.0016930671699810773,0.0012594765867106616,0.3277127835956817,0.573486661537724
caspian_lowland_2020-09-19T06:00:00,caspian_lowland,local,hotspot,t1,q850_trace,precip_only,precip,45.97747747747748,45.57755541383499,8.502865966875106e-05,1.0,850,0.0,0.00512,1.0,0.9982715904629014,0.0017284095370986533,0.01659330353140831,0.03049742616713047,0.010182620026171207,0.01390412263572216,-0.0064106835052371025,0.010157403070479631,0.003746719565242529,0.010157403070479631,True,dec_s0,decoder,0,8,0.00397791012073867,0.0023623237502761185,0.002561644447268918,0.00203503982629627,0.26873018193024023,0.557549488066316
caspian_lowland_2020-09-19T06:00:00,caspian_lowland,local,hotspot,t1,q850_trace,precip_only,precip,45.97747747747748,45.57755541383499,8.502865966875106e-05,1.0,850,0.0,0.00512,1.0,0.9982715904629014,0.0017284095370986533,0.01659330353140831,0.03049742616713047,0.010182620026171207,0.01390412263572216,-0.0064106835052371025,0.010157403070479631,0.003746719565242529,0.010157403070479631,True,dec_s1,decoder,1,10,0.003910619905218482,0.003512389329262078,0.0027077869162894785,0.0025465247104875743,0.06178906594994673,0.5144382916814824
caspian_lowland_2020-09-19T06:00:00,caspian_lowland,local,hotspot,t1,q850_trace,precip_only,precip,45.97747747747748,45.57755541383499,8.502865966875106e-05,1.0,850,0.0,0.00512,1.0,0.9982715904629014,0.0017284095370986533,0.01659330353140831,0.03049742616713047,0.010182620026171207,0.01390412263572216,-0.0064106835052371025,0.010157403070479631,0.003746719565242529,0.010157403070479631,True,dec_s2,decoder,2,6,0.012346665219714245,0.011340270284563303,0.00969354280581077,0.006823077720279495,0.39117750628920783,0.5869678014994232
caspian_lowland_2020-09-19T06:00:00,caspian_lowland,local,low_near,t1,q850_trace,precip_zwd,precip,60.97747747747748,55.57755541383499,1.6073196320576244e-06,1.0,850,0.0,0.0,1.0,1.0,0.0,-0.012800633907318115,-0.01396295428276062,-0.012912103906273842,-0.0011623203754425049,-0.00011146999895572662,-0.0005254251882433891,-0.0006368951871991158,0.0006368951871991158,False,enc_s0,encoder,0,6,0.008688420212517181,0.008432118532558283,0.008230972026164332,0.0023638653413703046,0.8539796432519039,0.7763760210932915
caspian_lowland_2020-09-19T06:00:00,caspian_lowland,local,low_near,t1,q850_trace,precip_zwd,precip,60.97747747747748,55.57755541383499,1.6073196320576244e-06,1.0,850,0.0,0.0,1.0,1.0,0.0,-0.012800633907318115,-0.01396295428276062,-0.012912103906273842,-0.0011623203754425049,-0.00011146999895572662,-0.0005254251882433891,-0.0006368951871991158,0.0006368951871991158,False,enc_s1,encoder,1,10,0.008496458129957318,0.005302498769015074,0.005865148082375526,0.003925280726980418,0.4644129558250462,0.6111138412235897
caspian_lowland_2020-09-19T06:00:00,caspian_lowland,local,low_near,t1,q850_trace,precip_zwd,precip,60.97747747747748,55.57755541383499,1.6073196320576244e-06,1.0,850,0.0,0.0,1.0,1.0,0.0,-0.012800633907318115,-0.01396295428276062,-0.012912103906273842,-0.0011623203754425049,-0.00011146999895572662,-0.0005254251882433891,-0.0006368951871991158,0.0006368951871991158,False,enc_s2,encoder,2,8,0.0037408308126032352,0.0023696242133155465,0.002535774518037215,0.0018370044563198462,0.35412350999956616,0.5799769542446909
caspian_lowland_2020-09-19T06:00:00,caspian_lowland,local,low_near,t1,q850_trace,precip_zwd,precip,60.97747747747748,55.57755541383499,1.6073196320576244e-06,1.0,850,0.0,0.0,1.0,1.0,0.0,-0.012800633907318115,-0.01396295428276062,-0.012912103906273842,-0.0011623203754425049,-0.00011146999895572662,-0.0005254251882433891,-0.0006368951871991158,0.0006368951871991158,False,dec_s0,decoder,0,8,0.005528464040253311,0.0032840412168297917,0.003589628089684993,0.0027917560655623674,0.2920156212908634,0.562554395265674
caspian_lowland_2020-09-19T06:00:00,caspian_lowland,local,low_near,t1,q850_trace,precip_zwd,precip,60.97747747747748,55.57755541383499,1.6073196320576244e-06,1.0,850,0.0,0.0,1.0,1.0,0.0,-0.012800633907318115,-0.01396295428276062,-0.012912103906273842,-0.0011623203754425049,-0.00011146999895572662,-0.0005254251882433891,-0.0006368951871991158,0.0006368951871991158,False,dec_s1,decoder,1,10,0.005089944577775896,0.005114880972541869,0.0039937837515026334,0.0031770810135640206,0.2518706323156242,0.5586675634627014
caspian_lowland_2020-09-19T06:00:00,caspian_lowland,local,low_near,t1,q850_trace,precip_zwd,precip,60.97747747747748,55.57755541383499,1.6073196320576244e-06,1.0,850,0.0,0.0,1.0,1.0,0.0,-0.012800633907318115,-0.01396295428276062,-0.012912103906273842,-0.0011623203754425049,-0.00011146999895572662,-0.0005254251882433891,-0.0006368951871991158,0.0006368951871991158,False,dec_s2,decoder,2,6,0.015255548991262913,0.01564398470024268,0.013041542998204628,0.008285708415011564,0.48682192717312534,0.6115677414087438
caspian_lowland_2020-09-19T06:00:00,caspian_lowland,local,low_near,t1,q850_trace,precip_only,precip,60.97747747747748,55.57755541383499,1.6073196320576244e-06,1.0,850,0.0,0.0,1.0,1.0,0.0,0.01659330353140831,0.016009438782930374,0.01667853258550167,-0.0005838647484779358,8.52290540933609e-05,-0.00033454690128564835,-0.00024931784719228745,0.00033454690128564835,True,enc_s0,encoder,0,6,0.008748154000689587,0.008448369412993392,0.008263578172773123,0.002394187574585279,0.8522297214211688,0.774964534339615
caspian_lowland_2020-09-19T06:00:00,caspian_lowland,local,low_near,t1,q850_trace,precip_only,precip,60.97747747747748,55.57755541383499,1.6073196320576244e-06,1.0,850,0.0,0.0,1.0,1.0,0.0,0.01659330353140831,0.016009438782930374,0.01667853258550167,-0.0005838647484779358,8.52290540933609e-05,-0.00033454690128564835,-0.00024931784719228745,0.00033454690128564835,True,enc_s1,encoder,1,10,0.008660063706338405,0.005332223000004887,0.005937465326860547,0.004010350012686103,0.4585822681876657,0.609097680167029
caspian_lowland_2020-09-19T06:00:00,caspian_lowland,local,low_near,t1,q850_trace,precip_only,precip,60.97747747747748,55.57755541383499,1.6073196320576244e-06,1.0,850,0.0,0.0,1.0,1.0,0.0,0.01659330353140831,0.016009438782930374,0.01667853258550167,-0.0005838647484779358,8.52290540933609e-05,-0.00033454690128564835,-0.00024931784719228745,0.00033454690128564835,True,enc_s2,encoder,2,8,0.003973852522904053,0.002464783377945423,0.0026673904503695667,0.001954193110577762,0.3456651952967916,0.577260374453771
caspian_lowland_2020-09-19T06:00:00,caspian_lowland,local,low_near,t1,q850_trace,precip_only,precip,60.97747747747748,55.57755541383499,1.6073196320576244e-06,1.0,850,0.0,0.0,1.0,1.0,0.0,0.01659330353140831,0.016009438782930374,0.01667853258550167,-0.0005838647484779358,8.52290540933609e-05,-0.00033454690128564835,-0.00024931784719228745,0.00033454690128564835,True,dec_s0,decoder,0,8,0.006143235019408166,0.0034390575892757624,0.003890037682140246,0.003107613534666598,0.2693739906124061,0.5559225687015066
caspian_lowland_2020-09-19T06:00:00,caspian_lowland,local,low_near,t1,q850_trace,precip_only,precip,60.97747747747748,55.57755541383499,1.6073196320576244e-06,1.0,850,0.0,0.0,1.0,1.0,0.0,0.01659330353140831,0.016009438782930374,0.01667853258550167,-0.0005838647484779358,8.52290540933609e-05,-0.00033454690128564835,-0.00024931784719228745,0.00033454690128564835,True,dec_s1,decoder,1,10,0.005203244392760098,0.0052324747666716576,0.00405081135686487,0.0032905732514336705,0.23135740178370406,0.5537871966868362
caspian_lowland_2020-09-19T06:00:00,caspian_lowland,local,low_near,t1,q850_trace,precip_only,precip,60.97747747747748,55.57755541383499,1.6073196320576244e-06,1.0,850,0.0,0.0,1.0,1.0,0.0,0.01659330353140831,0.016009438782930374,0.01667853258550167,-0.0005838647484779358,8.52290540933609e-05,-0.00033454690128564835,-0.00024931784719228745,0.00033454690128564835,True,dec_s2,decoder,2,6,0.015880991239100695,0.016712953026096027,0.013600915359954039,0.008987653069198132,0.4514266765428537,0.6023567172712072
caspian_lowland_2020-09-19T06:00:00,caspian_lowland,local,hotspot,t1,q850_trace,precip_zwd,zwd,45.97747747747748,45.57755541383499,8.502865966875106e-05,1.0,850,0.0,0.00512,1.0,0.9982715904629014,0.0017284095370986533,81.88233184814453,81.02417755126953,82.42070770263672,-0.858154296875,0.5383758544921875,-0.6982650756835938,-0.15988922119140625,0.6982650756835938,True,enc_s0,encoder,0,6,0.006177211180329323,0.006201242251942555,0.005945493855203192,0.0017198000374870996,0.853821889449138,0.7747853446953757
caspian_lowland_2020-09-19T06:00:00,caspian_lowland,local,hotspot,t1,q850_trace,precip_zwd,zwd,45.97747747747748,45.57755541383499,8.502865966875106e-05,1.0,850,0.0,0.00512,1.0,0.9982715904629014,0.0017284095370986533,81.88233184814453,81.02417755126953,82.42070770263672,-0.858154296875,0.5383758544921875,-0.6982650756835938,-0.15988922119140625,0.6982650756835938,True,enc_s1,encoder,1,10,0.0055366419721394776,0.0037918153218925,0.003991327830590308,0.002532335487194359,0.5028045162843975,0.6265803129680183
caspian_lowland_2020-09-19T06:00:00,caspian_lowland,local,hotspot,t1,q850_trace,precip_zwd,zwd,45.97747747747748,45.57755541383499,8.502865966875106e-05,1.0,850,0.0,0.00512,1.0,0.9982715904629014,0.0017284095370986533,81.88233184814453,81.02417755126953,82.42070770263672,-0.858154296875,0.5383758544921875,-0.6982650756835938,-0.15988922119140625,0.6982650756835938,True,enc_s2,encoder,2,8,0.002398326701950282,0.0015720871597295627,0.0016408216615673155,0.001191407602163963,0.34878542026980847,0.5794115464476512
caspian_lowland_2020-09-19T06:00:00,caspian_lowland,local,hotspot,t1,q850_trace,precip_zwd,zwd,45.97747747747748,45.57755541383499,8.502865966875106e-05,1.0,850,0.0,0.00512,1.0,0.9982715904629014,0.0017284095370986533,81.88233184814453,81.02417755126953,82.42070770263672,-0.858154296875,0.5383758544921875,-0.6982650756835938,-0.15988922119140625,0.6982650756835938,True,dec_s0,decoder,0,8,0.0036588700022548437,0.0023192089574877173,0.002418739692075178,0.0018796612275764346,0.2850091635370659,0.5631158852543505
caspian_lowland_2020-09-19T06:00:00,caspian_lowland,local,hotspot,t1,q850_trace,precip_zwd,zwd,45.97747747747748,45.57755541383499,8.502865966875106e-05,1.0,850,0.0,0.00512,1.0,0.9982715904629014,0.0017284095370986533,81.88233184814453,81.02417755126953,82.42070770263672,-0.858154296875,0.5383758544921875,-0.6982650756835938,-0.15988922119140625,0.6982650756835938,True,dec_s1,decoder,1,10,0.0038311491953209043,0.003531362721696496,0.0026945696328766642,0.0025129760149866344,0.06942142993511949,0.5162778639875433
caspian_lowland_2020-09-19T06:00:00,caspian_lowland,local,hotspot,t1,q850_trace,precip_zwd,zwd,45.97747747747748,45.57755541383499,8.502865966875106e-05,1.0,850,0.0,0.00512,1.0,0.9982715904629014,0.0017284095370986533,81.88233184814453,81.02417755126953,82.42070770263672,-0.858154296875,0.5383758544921875,-0.6982650756835938,-0.15988922119140625,0.6982650756835938,True,dec_s2,decoder,2,6,0.011905325266222158,0.011102473363280296,0.009444032019625107,0.0065810672628382845,0.3993652598296564,0.5893358814779932
caspian_lowland_2020-09-19T06:00:00,caspian_lowland,local,low_near,t1,q850_trace,precip_zwd,zwd,60.97747747747748,55.57755541383499,1.6073196320576244e-06,1.0,850,0.0,0.0,1.0,1.0,0.0,81.88233184814453,81.87007141113281,81.81732940673828,-0.01226043701171875,-0.06500244140625,0.026371002197265625,-0.038631439208984375,0.038631439208984375,False,enc_s0,encoder,0,6,0.008688420212517181,0.008432118532558283,0.008230972026164332,0.0023638653413703046,0.8539796432519039,0.7763760210932915
caspian_lowland_2020-09-19T06:00:00,caspian_lowland,local,low_near,t1,q850_trace,precip_zwd,zwd,60.97747747747748,55.57755541383499,1.6073196320576244e-06,1.0,850,0.0,0.0,1.0,1.0,0.0,81.88233184814453,81.87007141113281,81.81732940673828,-0.01226043701171875,-0.06500244140625,0.026371002197265625,-0.038631439208984375,0.038631439208984375,False,enc_s1,encoder,1,10,0.008496458129957318,0.005302498769015074,0.005865148082375526,0.003925280726980418,0.4644129558250462,0.6111138412235897
caspian_lowland_2020-09-19T06:00:00,caspian_lowland,local,low_near,t1,q850_trace,precip_zwd,zwd,60.97747747747748,55.57755541383499,1.6073196320576244e-06,1.0,850,0.0,0.0,1.0,1.0,0.0,81.88233184814453,81.87007141113281,81.81732940673828,-0.01226043701171875,-0.06500244140625,0.026371002197265625,-0.038631439208984375,0.038631439208984375,False,enc_s2,encoder,2,8,0.0037408308126032352,0.0023696242133155465,0.002535774518037215,0.0018370044563198462,0.35412350999956616,0.5799769542446909
caspian_lowland_2020-09-19T06:00:00,caspian_lowland,local,low_near,t1,q850_trace,precip_zwd,zwd,60.97747747747748,55.57755541383499,1.6073196320576244e-06,1.0,850,0.0,0.0,1.0,1.0,0.0,81.88233184814453,81.87007141113281,81.81732940673828,-0.01226043701171875,-0.06500244140625,0.026371002197265625,-0.038631439208984375,0.038631439208984375,False,dec_s0,decoder,0,8,0.005528464040253311,0.0032840412168297917,0.003589628089684993,0.0027917560655623674,0.2920156212908634,0.562554395265674
caspian_lowland_2020-09-19T06:00:00,caspian_lowland,local,low_near,t1,q850_trace,precip_zwd,zwd,60.97747747747748,55.57755541383499,1.6073196320576244e-06,1.0,850,0.0,0.0,1.0,1.0,0.0,81.88233184814453,81.87007141113281,81.81732940673828,-0.01226043701171875,-0.06500244140625,0.026371002197265625,-0.038631439208984375,0.038631439208984375,False,dec_s1,decoder,1,10,0.005089944577775896,0.005114880972541869,0.0039937837515026334,0.0031770810135640206,0.2518706323156242,0.5586675634627014
caspian_lowland_2020-09-19T06:00:00,caspian_lowland,local,low_near,t1,q850_trace,precip_zwd,zwd,60.97747747747748,55.57755541383499,1.6073196320576244e-06,1.0,850,0.0,0.0,1.0,1.0,0.0,81.88233184814453,81.87007141113281,81.81732940673828,-0.01226043701171875,-0.06500244140625,0.026371002197265625,-0.038631439208984375,0.038631439208984375,False,dec_s2,decoder,2,6,0.015255548991262913,0.01564398470024268,0.013041542998204628,0.008285708415011564,0.48682192717312534,0.6115677414087438
caspian_lowland_2020-09-19T06:00:00,caspian_lowland,synoptic,hotspot,t1,q850_trace,precip_zwd,precip,48.47747747747748,45.57755541383499,0.00015244846872519702,1.0,850,0.0,0.011058368028852529,0.9999999142698811,0.9954885382260312,0.004511376430610764,-0.012800633907318115,0.01177937537431717,-0.023921392858028412,0.024580009281635284,-0.011120758950710297,0.01785038411617279,0.006729625165462494,0.01785038411617279,True,enc_s0,encoder,0,6,0.016002914557854336,0.016018443275243044,0.015406664150456587,0.004359599901363254,0.8534723662223432,0.7786164390813398
caspian_lowland_2020-09-19T06:00:00,caspian_lowland,synoptic,hotspot,t1,q850_trace,precip_zwd,precip,48.47747747747748,45.57755541383499,0.00015244846872519702,1.0,850,0.0,0.011058368028852529,0.9999999142698811,0.9954885382260312,0.004511376430610764,-0.012800633907318115,0.01177937537431717,-0.023921392858028412,0.024580009281635284,-0.011120758950710297,0.01785038411617279,0.006729625165462494,0.01785038411617279,True,enc_s1,encoder,1,10,0.013518902659416198,0.00926365191116929,0.009978908393532038,0.0058490226045250894,0.5542664489390339,0.6400928969381795
caspian_lowland_2020-09-19T06:00:00,caspian_lowland,synoptic,hotspot,t1,q850_trace,precip_zwd,precip,48.47747747747748,45.57755541383499,0.00015244846872519702,1.0,850,0.0,0.011058368028852529,0.9999999142698811,0.9954885382260312,0.004511376430610764,-0.012800633907318115,0.01177937537431717,-0.023921392858028412,0.024580009281635284,-0.011120758950710297,0.01785038411617279,0.006729625165462494,0.01785038411617279,True,enc_s2,encoder,2,8,0.005929745209868997,0.003814071125816554,0.004179130570264533,0.0027184514910914004,0.45785404883946595,0.6059893378041725
caspian_lowland_2020-09-19T06:00:00,caspian_lowland,synoptic,hotspot,t1,q850_trace,precip_zwd,precip,48.47747747747748,45.57755541383499,0.00015244846872519702,1.0,850,0.0,0.011058368028852529,0.9999999142698811,0.9954885382260312,0.004511376430610764,-0.012800633907318115,0.01177937537431717,-0.023921392858028412,0.024580009281635284,-0.011120758950710297,0.01785038411617279,0.006729625165462494,0.01785038411617279,True,dec_s0,decoder,0,8,0.00915831298334524,0.00546091451542452,0.006238538131583482,0.004234832420479506,0.4335877645969711,0.5955429550415866
caspian_lowland_2020-09-19T06:00:00,caspian_lowland,synoptic,hotspot,t1,q850_trace,precip_zwd,precip,48.47747747747748,45.57755541383499,0.00015244846872519702,1.0,850,0.0,0.011058368028852529,0.9999999142698811,0.9954885382260312,0.004511376430610764,-0.012800633907318115,0.01177937537431717,-0.023921392858028412,0.024580009281635284,-0.011120758950710297,0.01785038411617279,0.006729625165462494,0.01785038411617279,True,dec_s1,decoder,1,10,0.008438363391906022,0.008005732065066695,0.006806025793775916,0.004617219581268728,0.41544393557493997,0.5992758560634603
caspian_lowland_2020-09-19T06:00:00,caspian_lowland,synoptic,hotspot,t1,q850_trace,precip_zwd,precip,48.47747747747748,45.57755541383499,0.00015244846872519702,1.0,850,0.0,0.011058368028852529,0.9999999142698811,0.9954885382260312,0.004511376430610764,-0.012800633907318115,0.01177937537431717,-0.023921392858028412,0.024580009281635284,-0.011120758950710297,0.01785038411617279,0.006729625165462494,0.01785038411617279,True,dec_s2,decoder,2,6,0.027773344268401463,0.026155722327530384,0.023775428843994934,0.012745077876995007,0.6009793315565204,0.6511050872754685
caspian_lowland_2020-09-19T06:00:00,caspian_lowland,synoptic,hotspot,t1,q850_trace,precip_only,precip,48.47747747747748,45.57755541383499,0.00015244846872519702,1.0,850,0.0,0.011058368028852529,0.9999999142698811,0.9954885382260312,0.004511376430610764,0.01659330353140831,0.032420165836811066,0.012030970305204391,0.015826862305402756,-0.0045623332262039185,0.010194597765803337,0.005632264539599419,0.010194597765803337,True,enc_s0,encoder,0,6,0.01598900044336915,0.015833542527010042,0.015294099847475687,0.0043955448394020396,0.8493330421184342,0.7759270982061802
caspian_lowland_2020-09-19T06:00:00,caspian_lowland,synoptic,hotspot,t1,q850_trace,precip_only,precip,48.47747747747748,45.57755541383499,0.00015244846872519702,1.0,850,0.0,0.011058368028852529,0.9999999142698811,0.9954885382260312,0.004511376430610764,0.01659330353140831,0.032420165836811066,0.012030970305204391,0.015826862305402756,-0.0045623332262039185,0.010194597765803337,0.005632264539599419,0.010194597765803337,True,enc_s1,encoder,1,10,0.013692039530724287,0.00918344035744667,0.009970229398459197,0.0059980065561831,0.5382449747978117,0.6341335338448295
caspian_lowland_2020-09-19T06:00:00,caspian_lowland,synoptic,hotspot,t1,q850_trace,precip_only,precip,48.47747747747748,45.57755541383499,0.00015244846872519702,1.0,850,0.0,0.011058368028852529,0.9999999142698811,0.9954885382260312,0.004511376430610764,0.01659330353140831,0.032420165836811066,0.012030970305204391,0.015826862305402756,-0.0045623332262039185,0.010194597765803337,0.005632264539599419,0.010194597765803337,True,enc_s2,encoder,2,8,0.006208813050761819,0.0038963604893069714,0.004314608871936798,0.002872352983104065,0.4402745225892458,0.6004457494043878
caspian_lowland_2020-09-19T06:00:00,caspian_lowland,synoptic,hotspot,t1,q850_trace,precip_only,precip,48.47747747747748,45.57755541383499,0.00015244846872519702,1.0,850,0.0,0.011058368028852529,0.9999999142698811,0.9954885382260312,0.004511376430610764,0.01659330353140831,0.032420165836811066,0.012030970305204391,0.015826862305402756,-0.0045623332262039185,0.010194597765803337,0.005632264539599419,0.010194597765803337,True,dec_s0,decoder,0,8,0.009749291581101716,0.005589091102592647,0.006505819852463901,0.004563290742225945,0.40739336858153496,0.5876382725121896
caspian_lowland_2020-09-19T06:00:00,caspian_lowland,synoptic,hotspot,t1,q850_trace,precip_only,precip,48.47747747747748,45.57755541383499,0.00015244846872519702,1.0,850,0.0,0.011058368028852529,0.9999999142698811,0.9954885382260312,0.004511376430610764,0.01659330353140831,0.032420165836811066,0.012030970305204391,0.015826862305402756,-0.0045623332262039185,0.010194597765803337,0.005632264539599419,0.010194597765803337,True,dec_s1,decoder,1,10,0.008683637157082558,0.008078447356820107,0.0068484938237816095,0.004838518239557743,0.3799027576951971,0.5901450857587933
caspian_lowland_2020-09-19T06:00:00,caspian_lowland,synoptic,hotspot,t1,q850_trace,precip_only,precip,48.47747747747748,45.57755541383499,0.00015244846872519702,1.0,850,0.0,0.011058368028852529,0.9999999142698811,0.9954885382260312,0.004511376430610764,0.01659330353140831,0.032420165836811066,0.012030970305204391,0.015826862305402756,-0.0045623332262039185,0.010194597765803337,0.005632264539599419,0.010194597765803337,True,dec_s2,decoder,2,6,0.029000780545175076,0.027048954119284947,0.02448842612405618,0.013659806145975987,0.56918784643756,0.642118415691333
caspian_lowland_2020-09-19T06:00:00,caspian_lowland,synoptic,low_near,t1,q850_trace,precip_zwd,precip,38.47747747747748,70.577555413835,1.2659621461352799e-05,1.0,850,0.0,0.061543277508217246,0.9999998987590697,0.8955566165605054,0.10444329277250036,-0.012800633907318115,-0.014275569468736649,-0.012385819107294083,-0.0014749355614185333,0.0004148148000240326,-0.000944875180721283,-0.0005300603806972504,0.000944875180721283,True,enc_s0,encoder,0,6,0.014622392288098732,0.014963314092407623,0.014171404298394918,0.0042381548167516785,0.8373483929662516,0.7689598814431357
caspian_lowland_2020-09-19T06:00:00,caspian_lowland,synoptic,low_near,t1,q850_trace,precip_zwd,precip,38.47747747747748,70.577555413835,1.2659621461352799e-05,1.0,850,0.0,0.061543277508217246,0.9999998987590697,0.8955566165605054,0.10444329277250036,-0.012800633907318115,-0.014275569468736649,-0.012385819107294083,-0.0014749355614185333,0.0004148148000240326,-0.000944875180721283,-0.0005300603806972504,0.000944875180721283,True,enc_s1,encoder,1,10,0.00850190599448979,0.008438634965568782,0.0077784203458577394,0.003323361754883081,0.7180463720209398,0.7096180031154248
caspian_lowland_2020-09-19T06:00:00,caspian_lowland,synoptic,low_near,t1,q850_trace,precip_zwd,precip,38.47747747747748,70.577555413835,1.2659621461352799e-05,1.0,850,0.0,0.061543277508217246,0.9999998987590697,0.8955566165605054,0.10444329277250036,-0.012800633907318115,-0.014275569468736649,-0.012385819107294083,-0.0014749355614185333,0.0004148148000240326,-0.000944875180721283,-0.0005300603806972504,0.000944875180721283,True,enc_s2,encoder,2,8,0.0034978872281499207,0.003276477422332391,0.003035070199985057,0.0015077684656716883,0.6251613778206345,0.6681990030054947
caspian_lowland_2020-09-19T06:00:00,caspian_lowland,synoptic,low_near,t1,q850_trace,precip_zwd,precip,38.47747747747748,70.577555413835,1.2659621461352799e-05,1.0,850,0.0,0.061543277508217246,0.9999998987590697,0.8955566165605054,0.10444329277250036,-0.012800633907318115,-0.014275569468736649,-0.012385819107294083,-0.0014749355614185333,0.0004148148000240326,-0.000944875180721283,-0.0005300603806972504,0.000944875180721283,True,dec_s0,decoder,0,8,0.005351519677788019,0.004929419432301074,0.0045917718089185655,0.002319909050129354,0.6206423528019789,0.665022962890004
caspian_lowland_2020-09-19T06:00:00,caspian_lowland,synoptic,low_near,t1,q850_trace,precip_zwd,precip,38.47747747747748,70.577555413835,1.2659621461352799e-05,1.0,850,0.0,0.061543277508217246,0.9999998987590697,0.8955566165605054,0.10444329277250036,-0.012800633907318115,-0.014275569468736649,-0.012385819107294083,-0.0014749355614185333,0.0004148148000240326,-0.000944875180721283,-0.0005300603806972504,0.000944875180721283,True,dec_s1,decoder,1,10,0.005513823451474309,0.005707840737886727,0.004774210369214415,0.0029495006543584167,0.4917290262789885,0.6190418358174024
caspian_lowland_2020-09-19T06:00:00,caspian_lowland,synoptic,low_near,t1,q850_trace,precip_zwd,precip,38.47747747747748,70.577555413835,1.2659621461352799e-05,1.0,850,0.0,0.061543277508217246,0.9999998987590697,0.8955566165605054,0.10444329277250036,-0.012800633907318115,-0.014275569468736649,-0.012385819107294083,-0.0014749355614185333,0.0004148148000240326,-0.000944875180721283,-0.0005300603806972504,0.000944875180721283,True,dec_s2,decoder,2,6,0.019817146162192028,0.019366752356290817,0.017522232607007027,0.008765588980168104,0.6721936894686746,0.6666822120898068
caspian_lowland_2020-09-19T06:00:00,caspian_lowland,synoptic,low_near,t1,q850_trace,precip_only,precip,38.47747747747748,70.577555413835,1.2659621461352799e-05,1.0,850,0.0,0.061543277508217246,0.9999998987590697,0.8955566165605054,0.10444329277250036,0.01659330353140831,0.016272151842713356,0.016806531697511673,-0.0003211516886949539,0.00021322816610336304,-0.0002671899273991585,-5.396176129579544e-05,0.0002671899273991585,True,enc_s0,encoder,0,6,0.01425836111108462,0.014655340928584337,0.013838673941791058,0.0041781710072730975,0.8344950283270364,0.7671977590582895
caspian_lowland_2020-09-19T06:00:00,caspian_lowland,synoptic,low_near,t1,q850_trace,precip_only,precip,38.47747747747748,70.577555413835,1.2659621461352799e-05,1.0,850,0.0,0.061543277508217246,0.9999998987590697,0.8955566165605054,0.10444329277250036,0.01659330353140831,0.016272151842713356,0.016806531697511673,-0.0003211516886949539,0.00021322816610336304,-0.0002671899273991585,-5.396176129579544e-05,0.0002671899273991585,True,enc_s1,encoder,1,10,0.008246194943785668,0.00832176674157381,0.0075964005663990974,0.003273915976751596,0.7140852325349519,0.7082113404257873
caspian_lowland_2020-09-19T06:00:00,caspian_lowland,synoptic,low_near,t1,q850_trace,precip_only,precip,38.47747747747748,70.577555413835,1.2659621461352799e-05,1.0,850,0.0,0.061543277508217246,0.9999998987590697,0.8955566165605054,0.10444329277250036,0.01659330353140831,0.016272151842713356,0.016806531697511673,-0.0003211516886949539,0.00021322816610336304,-0.0002671899273991585,-5.396176129579544e-05,0.0002671899273991585,True,enc_s2,encoder,2,8,0.003452516277320683,0.003299745440017432,0.003014679823536426,0.0015216914471238852,0.6140046372665576,0.6646594154632764
caspian_lowland_2020-09-19T06:00:00,caspian_lowland,synoptic,low_near,t1,q850_trace,precip_only,precip,38.47747747747748,70.577555413835,1.2659621461352799e-05,1.0,850,0.0,0.061543277508217246,0.9999998987590697,0.8955566165605054,0.10444329277250036,0.01659330353140831,0.016272151842713356,0.016806531697511673,-0.0003211516886949539,0.00021322816610336304,-0.0002671899273991585,-5.396176129579544e-05,0.0002671899273991585,True,dec_s0,decoder,0,8,0.00523780717048794,0.004954966192599386,0.004529232595814392,0.0023401268699672073,0.604173713441766,0.6600609743169517
caspian_lowland_2020-09-19T06:00:00,caspian_lowland,synoptic,low_near,t1,q850_trace,precip_only,precip,38.47747747747748,70.577555413835,1.2659621461352799e-05,1.0,850,0.0,0.061543277508217246,0.9999998987590697,0.8955566165605054,0.10444329277250036,0.01659330353140831,0.016272151842713356,0.016806531697511673,-0.0003211516886949539,0.00021322816610336304,-0.0002671899273991585,-5.396176129579544e-05,0.0002671899273991585,True,dec_s1,decoder,1,10,0.005265515623614192,0.005513732391409576,0.0045323173981159925,0.0029192896909080446,0.4539993714870761,0.6091361174094554
caspian_lowland_2020-09-19T06:00:00,caspian_lowland,synoptic,low_near,t1,q850_trace,precip_only,precip,38.47747747747748,70.577555413835,1.2659621461352799e-05,1.0,850,0.0,0.061543277508217246,0.9999998987590697,0.8955566165605054,0.10444329277250036,0.01659330353140831,0.016272151842713356,0.016806531697511673,-0.0003211516886949539,0.00021322816610336304,-0.0002671899273991585,-5.396176129579544e-05,0.0002671899273991585,True,dec_s2,decoder,2,6,0.019509052547315758,0.01914734486490488,0.017213004951675732,0.008791612926870584,0.6594068037660673,0.6620959954314111
caspian_lowland_2020-09-19T06:00:00,caspian_lowland,synoptic,hotspot,t1,q850_trace,precip_zwd,zwd,48.47747747747748,45.57755541383499,0.00015244846872519702,1.0,850,0.0,0.011058368028852529,0.9999999142698811,0.9954885382260312,0.004511376430610764,81.88233184814453,83.12490844726562,78.97615814208984,1.2425765991210938,-2.9061737060546875,2.0743751525878906,-0.8317985534667969,2.0743751525878906,True,enc_s0,encoder,0,6,0.016002914557854336,0.016018443275243044,0.015406664150456587,0.004359599901363254,0.8534723662223432,0.7786164390813398
caspian_lowland_2020-09-19T06:00:00,caspian_lowland,synoptic,hotspot,t1,q850_trace,precip_zwd,zwd,48.47747747747748,45.57755541383499,0.00015244846872519702,1.0,850,0.0,0.011058368028852529,0.9999999142698811,0.9954885382260312,0.004511376430610764,81.88233184814453,83.12490844726562,78.97615814208984,1.2425765991210938,-2.9061737060546875,2.0743751525878906,-0.8317985534667969,2.0743751525878906,True,enc_s1,encoder,1,10,0.013518902659416198,0.00926365191116929,0.009978908393532038,0.0058490226045250894,0.5542664489390339,0.6400928969381795
caspian_lowland_2020-09-19T06:00:00,caspian_lowland,synoptic,hotspot,t1,q850_trace,precip_zwd,zwd,48.47747747747748,45.57755541383499,0.00015244846872519702,1.0,850,0.0,0.011058368028852529,0.9999999142698811,0.9954885382260312,0.004511376430610764,81.88233184814453,83.12490844726562,78.97615814208984,1.2425765991210938,-2.9061737060546875,2.0743751525878906,-0.8317985534667969,2.0743751525878906,True,enc_s2,encoder,2,8,0.005929745209868997,0.003814071125816554,0.004179130570264533,0.0027184514910914004,0.45785404883946595,0.6059893378041725
caspian_lowland_2020-09-19T06:00:00,caspian_lowland,synoptic,hotspot,t1,q850_trace,precip_zwd,zwd,48.47747747747748,45.57755541383499,0.00015244846872519702,1.0,850,0.0,0.011058368028852529,0.9999999142698811,0.9954885382260312,0.004511376430610764,81.88233184814453,83.12490844726562,78.97615814208984,1.2425765991210938,-2.9061737060546875,2.0743751525878906,-0.8317985534667969,2.0743751525878906,True,dec_s0,decoder,0,8,0.00915831298334524,0.00546091451542452,0.006238538131583482,0.004234832420479506,0.4335877645969711,0.5955429550415866
caspian_lowland_2020-09-19T06:00:00,caspian_lowland,synoptic,hotspot,t1,q850_trace,precip_zwd,zwd,48.47747747747748,45.57755541383499,0.00015244846872519702,1.0,850,0.0,0.011058368028852529,0.9999999142698811,0.9954885382260312,0.004511376430610764,81.88233184814453,83.12490844726562,78.97615814208984,1.2425765991210938,-2.9061737060546875,2.0743751525878906,-0.8317985534667969,2.0743751525878906,True,dec_s1,decoder,1,10,0.008438363391906022,0.008005732065066695,0.006806025793775916,0.004617219581268728,0.41544393557493997,0.5992758560634603
caspian_lowland_2020-09-19T06:00:00,caspian_lowland,synoptic,hotspot,t1,q850_trace,precip_zwd,zwd,48.47747747747748,45.57755541383499,0.00015244846872519702,1.0,850,0.0,0.011058368028852529,0.9999999142698811,0.9954885382260312,0.004511376430610764,81.88233184814453,83.12490844726562,78.97615814208984,1.2425765991210938,-2.9061737060546875,2.0743751525878906,-0.8317985534667969,2.0743751525878906,True,dec_s2,decoder,2,6,0.027773344268401463,0.026155722327530384,0.023775428843994934,0.012745077876995007,0.6009793315565204,0.6511050872754685
caspian_lowland_2020-09-19T06:00:00,caspian_lowland,synoptic,low_near,t1,q850_trace,precip_zwd,zwd,38.47747747747748,70.577555413835,1.2659621461352799e-05,1.0,850,0.0,0.061543277508217246,0.9999998987590697,0.8955566165605054,0.10444329277250036,81.88233184814453,81.79834747314453,81.93436431884766,-0.083984375,0.052032470703125,-0.0680084228515625,-0.0159759521484375,0.0680084228515625,True,enc_s0,encoder,0,6,0.014622392288098732,0.014963314092407623,0.014171404298394918,0.0042381548167516785,0.8373483929662516,0.7689598814431357
caspian_lowland_2020-09-19T06:00:00,caspian_lowland,synoptic,low_near,t1,q850_trace,precip_zwd,zwd,38.47747747747748,70.577555413835,1.2659621461352799e-05,1.0,850,0.0,0.061543277508217246,0.9999998987590697,0.8955566165605054,0.10444329277250036,81.88233184814453,81.79834747314453,81.93436431884766,-0.083984375,0.052032470703125,-0.0680084228515625,-0.0159759521484375,0.0680084228515625,True,enc_s1,encoder,1,10,0.00850190599448979,0.008438634965568782,0.0077784203458577394,0.003323361754883081,0.7180463720209398,0.7096180031154248
caspian_lowland_2020-09-19T06:00:00,caspian_lowland,synoptic,low_near,t1,q850_trace,precip_zwd,zwd,38.47747747747748,70.577555413835,1.2659621461352799e-05,1.0,850,0.0,0.061543277508217246,0.9999998987590697,0.8955566165605054,0.10444329277250036,81.88233184814453,81.79834747314453,81.93436431884766,-0.083984375,0.052032470703125,-0.0680084228515625,-0.0159759521484375,0.0680084228515625,True,enc_s2,encoder,2,8,0.0034978872281499207,0.003276477422332391,0.003035070199985057,0.0015077684656716883,0.6251613778206345,0.6681990030054947
caspian_lowland_2020-09-19T06:00:00,caspian_lowland,synoptic,low_near,t1,q850_trace,precip_zwd,zwd,38.47747747747748,70.577555413835,1.2659621461352799e-05,1.0,850,0.0,0.061543277508217246,0.9999998987590697,0.8955566165605054,0.10444329277250036,81.88233184814453,81.79834747314453,81.93436431884766,-0.083984375,0.052032470703125,-0.0680084228515625,-0.0159759521484375,0.0680084228515625,True,dec_s0,decoder,0,8,0.005351519677788019,0.004929419432301074,0.0045917718089185655,0.002319909050129354,0.6206423528019789,0.665022962890004
caspian_lowland_2020-09-19T06:00:00,caspian_lowland,synoptic,low_near,t1,q850_trace,precip_zwd,zwd,38.47747747747748,70.577555413835,1.2659621461352799e-05,1.0,850,0.0,0.061543277508217246,0.9999998987590697,0.8955566165605054,0.10444329277250036,81.88233184814453,81.79834747314453,81.93436431884766,-0.083984375,0.052032470703125,-0.0680084228515625,-0.0159759521484375,0.0680084228515625,True,dec_s1,decoder,1,10,0.005513823451474309,0.005707840737886727,0.004774210369214415,0.0029495006543584167,0.4917290262789885,0.6190418358174024
caspian_lowland_2020-09-19T06:00:00,caspian_lowland,synoptic,low_near,t1,q850_trace,precip_zwd,zwd,38.47747747747748,70.577555413835,1.2659621461352799e-05,1.0,850,0.0,0.061543277508217246,0.9999998987590697,0.8955566165605054,0.10444329277250036,81.88233184814453,81.79834747314453,81.93436431884766,-0.083984375,0.052032470703125,-0.0680084228515625,-0.0159759521484375,0.0680084228515625,True,dec_s2,decoder,2,6,0.019817146162192028,0.019366752356290817,0.017522232607007027,0.008765588980168104,0.6721936894686746,0.6666822120898068
caucasus_2020-08-22T12:00:00,caucasus,local,hotspot,t1,q850_trace,precip_zwd,precip,42.22747747747748,43.57312758741756,8.379690552828833e-05,1.0,850,0.0,0.0,0.9999999310517531,0.9999999310517531,0.0,1.3216607570648193,1.873199224472046,1.1262165307998657,0.5515384674072266,-0.1954442262649536,0.3734913468360901,0.17804712057113647,0.3734913468360901,True,enc_s0,encoder,0,6,0.006488780801494916,0.005891802255064249,0.005955966422334313,0.0017053274204954505,0.8584065252408402,0.7760505878418228
caucasus_2020-08-22T12:00:00,caucasus,local,hotspot,t1,q850_trace,precip_zwd,precip,42.22747747747748,43.57312758741756,8.379690552828833e-05,1.0,850,0.0,0.0,0.9999999310517531,0.9999999310517531,0.0,1.3216607570648193,1.873199224472046,1.1262165307998657,0.5515384674072266,-0.1954442262649536,0.3734913468360901,0.17804712057113647,0.3734913468360901,True,enc_s1,encoder,1,10,0.004914246778935194,0.003806887264363468,0.0037874940782785414,0.0021995520743075757,0.5656567388395949,0.6484247118552828
caucasus_2020-08-22T12:00:00,caucasus,local,hotspot,t1,q850_trace,precip_zwd,precip,42.22747747747748,43.57312758741756,8.379690552828833e-05,1.0,850,0.0,0.0,0.9999999310517531,0.9999999310517531,0.0,1.3216607570648193,1.873199224472046,1.1262165307998657,0.5515384674072266,-0.1954442262649536,0.3734913468360901,0.17804712057113647,0.3734913468360901,True,enc_s2,encoder,2,8,0.002095363655826077,0.0016548715211683884,0.0016203909181058407,0.000969024738878943,0.5000110715840482,0.625812111038748
caucasus_2020-08-22T12:00:00,caucasus,local,hotspot,t1,q850_trace,precip_zwd,precip,42.22747747747748,43.57312758741756,8.379690552828833e-05,1.0,850,0.0,0.0,0.9999999310517531,0.9999999310517531,0.0,1.3216607570648193,1.873199224472046,1.1262165307998657,0.5515384674072266,-0.1954442262649536,0.3734913468360901,0.17804712057113647,0.3734913468360901,True,dec_s0,decoder,0,8,0.00296788607374765,0.0023316862643696368,0.0022523989027831703,0.0014313066349131986,0.45463456653170475,0.6120507723141706
caucasus_2020-08-22T12:00:00,caucasus,local,hotspot,t1,q850_trace,precip_zwd,precip,42.22747747747748,43.57312758741756,8.379690552828833e-05,1.0,850,0.0,0.0,0.9999999310517531,0.9999999310517531,0.0,1.3216607570648193,1.873199224472046,1.1262165307998657,0.5515384674072266,-0.1954442262649536,0.3734913468360901,0.17804712057113647,0.3734913468360901,True,dec_s1,decoder,1,10,0.003726516896858811,0.003566223511006683,0.00281761116348207,0.0023150672437623142,0.1930749124589757,0.5460355016619043
caucasus_2020-08-22T12:00:00,caucasus,local,hotspot,t1,q850_trace,precip_zwd,precip,42.22747747747748,43.57312758741756,8.379690552828833e-05,1.0,850,0.0,0.0,0.9999999310517531,0.9999999310517531,0.0,1.3216607570648193,1.873199224472046,1.1262165307998657,0.5515384674072266,-0.1954442262649536,0.3734913468360901,0.17804712057113647,0.3734913468360901,True,dec_s2,decoder,2,6,0.012523414877553781,0.01208052939424912,0.010429571227480968,0.006527697900310159,0.510154907513257,0.6150418739353264
caucasus_2020-08-22T12:00:00,caucasus,local,hotspot,t1,q850_trace,precip_only,precip,42.22747747747748,43.57312758741756,8.379690552828833e-05,1.0,850,0.0,0.0,0.9999999310517531,0.9999999310517531,0.0,1.1752536296844482,1.6957714557647705,0.9248285293579102,0.5205178260803223,-0.2504251003265381,0.3854714632034302,0.1350463628768921,0.3854714632034302,True,enc_s0,encoder,0,6,0.00646065982679526,0.005804035579785705,0.005900102201849222,0.0016952652755814295,0.8582821211493692,0.7754363113081039
caucasus_2020-08-22T12:00:00,caucasus,local,hotspot,t1,q850_trace,precip_only,precip,42.22747747747748,43.57312758741756,8.379690552828833e-05,1.0,850,0.0,0.0,0.9999999310517531,0.9999999310517531,0.0,1.1752536296844482,1.6957714557647705,0.9248285293579102,0.5205178260803223,-0.2504251003265381,0.3854714632034302,0.1350463628768921,0.3854714632034302,True,enc_s1,encoder,1,10,0.004930675565265119,0.0037709137191995977,0.003771906066685915,0.0022168149647768588,0.5579921004867415,0.6451648114742753
caucasus_2020-08-22T12:00:00,caucasus,local,hotspot,t1,q850_trace,precip_only,precip,42.22747747747748,43.57312758741756,8.379690552828833e-05,1.0,850,0.0,0.0,0.9999999310517531,0.9999999310517531,0.0,1.1752536296844482,1.6957714557647705,0.9248285293579102,0.5205178260803223,-0.2504251003265381,0.3854714632034302,0.1350463628768921,0.3854714632034302,True,enc_s2,encoder,2,8,0.0021423355501610786,0.0016635989159112796,0.0016413987905252725,0.000992237743048463,0.4934301867411563,0.6232909871178337
caucasus_2020-08-22T12:00:00,caucasus,local,hotspot,t1,q850_trace,precip_only,precip,42.22747747747748,43.57312758741756,8.379690552828833e-05,1.0,850,0.0,0.0,0.9999999310517531,0.9999999310517531,0.0,1.1752536296844482,1.6957714557647705,0.9248285293579102,0.5205178260803223,-0.2504251003265381,0.3854714632034302,0.1350463628768921,0.3854714632034302,True,dec_s0,decoder,0,8,0.0030345699342433363,0.0023379968624794856,0.0022784257016610354,0.0014648164215032011,0.4464984774443199,0.6092486847688413
caucasus_2020-08-22T12:00:00,caucasus,local,hotspot,t1,q850_trace,precip_only,precip,42.22747747747748,43.57312758741756,8.379690552828833e-05,1.0,850,0.0,0.0,0.9999999310517531,0.9999999310517531,0.0,1.1752536296844482,1.6957714557647705,0.9248285293579102,0.5205178260803223,-0.2504251003265381,0.3854714632034302,0.1350463628768921,0.3854714632034302,True,dec_s1,decoder,1,10,0.0036884467350319027,0.0034905343665741382,0.0027572076651267707,0.002299690549261868,0.17845680435333994,0.542488838979439
caucasus_2020-08-22T12:00:00,caucasus,local,hotspot,t1,q850_trace,precip_only,precip,42.22747747747748,43.57312758741756,8.379690552828833e-05,1.0,850,0.0,0.0,0.9999999310517531,0.9999999310517531,0.0,1.1752536296844482,1.6957714557647705,0.9248285293579102,0.5205178260803223,-0.2504251003265381,0.3854714632034302,0.1350463628768921,0.3854714632034302,True,dec_s2,decoder,2,6,0.012616003087411324,0.012058502373596033,0.010410452106346687,0.006626282120123506,0.4934512700561359,0.6110790639655747
caucasus_2020-08-22T12:00:00,caucasus,local,low_near,t1,q850_trace,precip_zwd,precip,57.22747747747748,53.57312758741756,8.667876727486146e-07,1.0,850,0.0,0.0,1.0,1.0,0.0,1.3216607570648193,1.3007545471191406,1.3201425075531006,-0.02090620994567871,-0.00151824951171875,-0.00969398021697998,-0.01121222972869873,0.01121222972869873,False,enc_s0,encoder,0,6,0.009426758469392857,0.00888810446485877,0.00873419533794125,0.00275436967300872,0.8219894135938506,0.7591070470430578
caucasus_2020-08-22T12:00:00,caucasus,local,low_near,t1,q850_trace,precip_zwd,precip,57.22747747747748,53.57312758741756,8.667876727486146e-07,1.0,850,0.0,0.0,1.0,1.0,0.0,1.3216607570648193,1.3007545471191406,1.3201425075531006,-0.02090620994567871,-0.00151824951171875,-0.00969398021697998,-0.01121222972869873,0.01121222972869873,False,enc_s1,encoder,1,10,0.008414859883487225,0.005719210114330053,0.00595554020255804,0.003969634498935193,0.4784411200988923,0.6179200339161538
caucasus_2020-08-22T12:00:00,caucasus,local,low_near,t1,q850_trace,precip_zwd,precip,57.22747747747748,53.57312758741756,8.667876727486146e-07,1.0,850,0.0,0.0,1.0,1.0,0.0,1.3216607570648193,1.3007545471191406,1.3201425075531006,-0.02090620994567871,-0.00151824951171875,-0.00969398021697998,-0.01121222972869873,0.01121222972869873,False,enc_s2,encoder,2,8,0.0036606968205887824,0.00243223988218233,0.002598790713818744,0.0017044097476173192,0.44469541344963504,0.6040489416878825
caucasus_2020-08-22T12:00:00,caucasus,local,low_near,t1,q850_trace,precip_zwd,precip,57.22747747747748,53.57312758741756,8.667876727486146e-07,1.0,850,0.0,0.0,1.0,1.0,0.0,1.3216607570648193,1.3007545471191406,1.3201425075531006,-0.02090620994567871,-0.00151824951171875,-0.00969398021697998,-0.01121222972869873,0.01121222972869873,False,dec_s0,decoder,0,8,0.0063146326574496925,0.003113500220933929,0.0039321688818745315,0.0030538806749973446,0.3242613080285697,0.5629356125035535
caucasus_2020-08-22T12:00:00,caucasus,local,low_near,t1,q850_trace,precip_zwd,precip,57.22747747747748,53.57312758741756,8.667876727486146e-07,1.0,850,0.0,0.0,1.0,1.0,0.0,1.3216607570648193,1.3007545471191406,1.3201425075531006,-0.02090620994567871,-0.00151824951171875,-0.00969398021697998,-0.01121222972869873,0.01121222972869873,False,dec_s1,decoder,1,10,0.005562945082783699,0.004963671904988587,0.004111663205549121,0.0032959797885268927,0.2621127725775341,0.5605223498619027
caucasus_2020-08-22T12:00:00,caucasus,local,low_near,t1,q850_trace,precip_zwd,precip,57.22747747747748,53.57312758741756,8.667876727486146e-07,1.0,850,0.0,0.0,1.0,1.0,0.0,1.3216607570648193,1.3007545471191406,1.3201425075531006,-0.02090620994567871,-0.00151824951171875,-0.00969398021697998,-0.01121222972869873,0.01121222972869873,False,dec_s2,decoder,2,6,0.015475949582954248,0.01670387852936983,0.013419639163961014,0.00889477894331018,0.4537402634245559,0.601576456659013
caucasus_2020-08-22T12:00:00,caucasus,local,low_near,t1,q850_trace,precip_only,precip,57.22747747747748,53.57312758741756,8.667876727486146e-07,1.0,850,0.0,0.0,1.0,1.0,0.0,1.1752536296844482,1.1530967950820923,1.1750342845916748,-0.022156834602355957,-0.0002193450927734375,-0.01096874475479126,-0.011188089847564697,0.011188089847564697,False,enc_s0,encoder,0,6,0.009403760079294443,0.008682702978452047,0.008620520743230978,0.002743727876804769,0.8198760342084875,0.7574283619297667
caucasus_2020-08-22T12:00:00,caucasus,local,low_near,t1,q850_trace,precip_only,precip,57.22747747747748,53.57312758741756,8.667876727486146e-07,1.0,850,0.0,0.0,1.0,1.0,0.0,1.1752536296844482,1.1530967950820923,1.1750342845916748,-0.022156834602355957,-0.0002193450927734375,-0.01096874475479126,-0.011188089847564697,0.011188089847564697,False,enc_s1,encoder,1,10,0.008531609317287803,0.005536628607660532,0.005888726282864809,0.0040683119092136625,0.4519672957612265,0.6083524079580883
caucasus_2020-08-22T12:00:00,caucasus,local,low_near,t1,q850_trace,precip_only,precip,57.22747747747748,53.57312758741756,8.667876727486146e-07,1.0,850,0.0,0.0,1.0,1.0,0.0,1.1752536296844482,1.1530967950820923,1.1750342845916748,-0.022156834602355957,-0.0002193450927734375,-0.01096874475479126,-0.011188089847564697,0.011188089847564697,False,enc_s2,encoder,2,8,0.003916402376489714,0.0024170075776055455,0.002672785078175366,0.001856684684753418,0.4016393546253816,0.5902525005166386
caucasus_2020-08-22T12:00:00,caucasus,local,low_near,t1,q850_trace,precip_only,precip,57.22747747747748,53.57312758741756,8.667876727486146e-07,1.0,850,0.0,0.0,1.0,1.0,0.0,1.1752536296844482,1.1530967950820923,1.1750342845916748,-0.022156834602355957,-0.0002193450927734375,-0.01096874475479126,-0.011188089847564697,0.011188089847564697,False,dec_s0,decoder,0,8,0.007223275548312813,0.0030648774991277605,0.004283077898435295,0.0035276435664854944,0.27639691056476245,0.5484300130962474
caucasus_2020-08-22T12:00:00,caucasus,local,low_near,t1,q850_trace,precip_only,precip,57.22747747747748,53.57312758741756,8.667876727486146e-07,1.0,850,0.0,0.0,1.0,1.0,0.0,1.1752536296844482,1.1530967950820923,1.1750342845916748,-0.022156834602355957,-0.0002193450927734375,-0.01096874475479126,-0.011188089847564697,0.011188089847564697,False,dec_s1,decoder,1,10,0.005795184778980911,0.005031175096519291,0.004171290365047753,0.003468942630570382,0.22228971448184076,0.550827640350531
caucasus_2020-08-22T12:00:00,caucasus,local,low_near,t1,q850_trace,precip_only,precip,57.22747747747748,53.57312758741756,8.667876727486146e-07,1.0,850,0.0,0.0,1.0,1.0,0.0,1.1752536296844482,1.1530967950820923,1.1750342845916748,-0.022156834602355957,-0.0002193450927734375,-0.01096874475479126,-0.011188089847564697,0.011188089847564697,False,dec_s2,decoder,2,6,0.016484580623606842,0.016702549842496712,0.013722615937391916,0.00932692519078652,0.4291079887452796,0.5955918843281788
caucasus_2020-08-22T12:00:00,caucasus,local,hotspot,t1,q850_trace,precip_zwd,zwd,42.22747747747748,43.57312758741756,8.379690552828833e-05,1.0,850,0.0,0.0,0.9999999310517531,0.9999999310517531,0.0,128.31480407714844,130.15365600585938,127.35367584228516,1.8388519287109375,-0.9611282348632812,1.3999900817871094,0.4388618469238281,1.3999900817871094,True,enc_s0,encoder,0,6,0.006488780801494916,0.005891802255064249,0.005955966422334313,0.0017053274204954505,0.8584065252408402,0.7760505878418228
caucasus_2020-08-22T12:00:00,caucasus,local,hotspot,t1,q850_trace,precip_zwd,zwd,42.22747747747748,43.57312758741756,8.379690552828833e-05,1.0,850,0.0,0.0,0.9999999310517531,0.9999999310517531,0.0,128.31480407714844,130.15365600585938,127.35367584228516,1.8388519287109375,-0.9611282348632812,1.3999900817871094,0.4388618469238281,1.3999900817871094,True,enc_s1,encoder,1,10,0.004914246778935194,0.003806887264363468,0.0037874940782785414,0.0021995520743075757,0.5656567388395949,0.6484247118552828
caucasus_2020-08-22T12:00:00,caucasus,local,hotspot,t1,q850_trace,precip_zwd,zwd,42.22747747747748,43.57312758741756,8.379690552828833e-05,1.0,850,0.0,0.0,0.9999999310517531,0.9999999310517531,0.0,128.31480407714844,130.15365600585938,127.35367584228516,1.8388519287109375,-0.9611282348632812,1.3999900817871094,0.4388618469238281,1.3999900817871094,True,enc_s2,encoder,2,8,0.002095363655826077,0.0016548715211683884,0.0016203909181058407,0.000969024738878943,0.5000110715840482,0.625812111038748
caucasus_2020-08-22T12:00:00,caucasus,local,hotspot,t1,q850_trace,precip_zwd,zwd,42.22747747747748,43.57312758741756,8.379690552828833e-05,1.0,850,0.0,0.0,0.9999999310517531,0.9999999310517531,0.0,128.31480407714844,130.15365600585938,127.35367584228516,1.8388519287109375,-0.9611282348632812,1.3999900817871094,0.4388618469238281,1.3999900817871094,True,dec_s0,decoder,0,8,0.00296788607374765,0.0023316862643696368,0.0022523989027831703,0.0014313066349131986,0.45463456653170475,0.6120507723141706
caucasus_2020-08-22T12:00:00,caucasus,local,hotspot,t1,q850_trace,precip_zwd,zwd,42.22747747747748,43.57312758741756,8.379690552828833e-05,1.0,850,0.0,0.0,0.9999999310517531,0.9999999310517531,0.0,128.31480407714844,130.15365600585938,127.35367584228516,1.8388519287109375,-0.9611282348632812,1.3999900817871094,0.4388618469238281,1.3999900817871094,True,dec_s1,decoder,1,10,0.003726516896858811,0.003566223511006683,0.00281761116348207,0.0023150672437623142,0.1930749124589757,0.5460355016619043
caucasus_2020-08-22T12:00:00,caucasus,local,hotspot,t1,q850_trace,precip_zwd,zwd,42.22747747747748,43.57312758741756,8.379690552828833e-05,1.0,850,0.0,0.0,0.9999999310517531,0.9999999310517531,0.0,128.31480407714844,130.15365600585938,127.35367584228516,1.8388519287109375,-0.9611282348632812,1.3999900817871094,0.4388618469238281,1.3999900817871094,True,dec_s2,decoder,2,6,0.012523414877553781,0.01208052939424912,0.010429571227480968,0.006527697900310159,0.510154907513257,0.6150418739353264
caucasus_2020-08-22T12:00:00,caucasus,local,low_near,t1,q850_trace,precip_zwd,zwd,57.22747747747748,53.57312758741756,8.667876727486146e-07,1.0,850,0.0,0.0,1.0,1.0,0.0,128.31480407714844,128.28721618652344,128.29420471191406,-0.027587890625,-0.020599365234375,-0.0034942626953125,-0.0240936279296875,0.0240936279296875,False,enc_s0,encoder,0,6,0.009426758469392857,0.00888810446485877,0.00873419533794125,0.00275436967300872,0.8219894135938506,0.7591070470430578
caucasus_2020-08-22T12:00:00,caucasus,local,low_near,t1,q850_trace,precip_zwd,zwd,57.22747747747748,53.57312758741756,8.667876727486146e-07,1.0,850,0.0,0.0,1.0,1.0,0.0,128.31480407714844,128.28721618652344,128.29420471191406,-0.027587890625,-0.020599365234375,-0.0034942626953125,-0.0240936279296875,0.0240936279296875,False,enc_s1,encoder,1,10,0.008414859883487225,0.005719210114330053,0.00595554020255804,0.003969634498935193,0.4784411200988923,0.6179200339161538
caucasus_2020-08-22T12:00:00,caucasus,local,low_near,t1,q850_trace,precip_zwd,zwd,57.22747747747748,53.57312758741756,8.667876727486146e-07,1.0,850,0.0,0.0,1.0,1.0,0.0,128.31480407714844,128.28721618652344,128.29420471191406,-0.027587890625,-0.020599365234375,-0.0034942626953125,-0.0240936279296875,0.0240936279296875,False,enc_s2,encoder,2,8,0.0036606968205887824,0.00243223988218233,0.002598790713818744,0.0017044097476173192,0.44469541344963504,0.6040489416878825
caucasus_2020-08-22T12:00:00,caucasus,local,low_near,t1,q850_trace,precip_zwd,zwd,57.22747747747748,53.57312758741756,8.667876727486146e-07,1.0,850,0.0,0.0,1.0,1.0,0.0,128.31480407714844,128.28721618652344,128.29420471191406,-0.027587890625,-0.020599365234375,-0.0034942626953125,-0.0240936279296875,0.0240936279296875,False,dec_s0,decoder,0,8,0.0063146326574496925,0.003113500220933929,0.0039321688818745315,0.0030538806749973446,0.3242613080285697,0.5629356125035535
caucasus_2020-08-22T12:00:00,caucasus,local,low_near,t1,q850_trace,precip_zwd,zwd,57.22747747747748,53.57312758741756,8.667876727486146e-07,1.0,850,0.0,0.0,1.0,1.0,0.0,128.31480407714844,128.28721618652344,128.29420471191406,-0.027587890625,-0.020599365234375,-0.0034942626953125,-0.0240936279296875,0.0240936279296875,False,dec_s1,decoder,1,10,0.005562945082783699,0.004963671904988587,0.004111663205549121,0.0032959797885268927,0.2621127725775341,0.5605223498619027
caucasus_2020-08-22T12:00:00,caucasus,local,low_near,t1,q850_trace,precip_zwd,zwd,57.22747747747748,53.57312758741756,8.667876727486146e-07,1.0,850,0.0,0.0,1.0,1.0,0.0,128.31480407714844,128.28721618652344,128.29420471191406,-0.027587890625,-0.020599365234375,-0.0034942626953125,-0.0240936279296875,0.0240936279296875,False,dec_s2,decoder,2,6,0.015475949582954248,0.01670387852936983,0.013419639163961014,0.00889477894331018,0.4537402634245559,0.601576456659013
caucasus_2020-08-22T12:00:00,caucasus,synoptic,hotspot,t1,q850_trace,precip_zwd,precip,44.72747747747748,43.57312758741756,0.00013724413292948157,1.0,850,0.0,0.0004262090128999261,0.9999999081208744,0.9998775251254954,0.00012238300662338302,1.3216607570648193,1.6921159029006958,1.1915286779403687,0.37045514583587646,-0.13013207912445068,0.2502936124801636,0.12016153335571289,0.2502936124801636,True,enc_s0,encoder,0,6,0.015787907876074314,0.015530677822728952,0.015094153583049774,0.004156308015808463,0.8593882100816573,0.7828917832887271
caucasus_2020-08-22T12:00:00,caucasus,synoptic,hotspot,t1,q850_trace,precip_zwd,precip,44.72747747747748,43.57312758741756,0.00013724413292948157,1.0,850,0.0,0.0004262090128999261,0.9999999081208744,0.9998775251254954,0.00012238300662338302,1.3216607570648193,1.6921159029006958,1.1915286779403687,0.37045514583587646,-0.13013207912445068,0.2502936124801636,0.12016153335571289,0.2502936124801636,True,enc_s1,encoder,1,10,0.010671694483608007,0.00950345080345869,0.009066371992230416,0.004426362854428589,0.6541970921442425,0.684198534826047
caucasus_2020-08-22T12:00:00,caucasus,synoptic,hotspot,t1,q850_trace,precip_zwd,precip,44.72747747747748,43.57312758741756,0.00013724413292948157,1.0,850,0.0,0.0004262090128999261,0.9999999081208744,0.9998775251254954,0.00012238300662338302,1.3216607570648193,1.6921159029006958,1.1915286779403687,0.37045514583587646,-0.13013207912445068,0.2502936124801636,0.12016153335571289,0.2502936124801636,True,enc_s2,encoder,2,8,0.004676403768826276,0.003848715656204149,0.0037627257988788188,0.0020451574673643336,0.5695536258169507,0.6478938997755741
caucasus_2020-08-22T12:00:00,caucasus,synoptic,hotspot,t1,q850_trace,precip_zwd,precip,44.72747747747748,43.57312758741756,0.00013724413292948157,1.0,850,0.0,0.0004262090128999261,0.9999999081208744,0.9998775251254954,0.00012238300662338302,1.3216607570648193,1.6921159029006958,1.1915286779403687,0.37045514583587646,-0.13013207912445068,0.2502936124801636,0.12016153335571289,0.2502936124801636,True,dec_s0,decoder,0,8,0.006564397946931422,0.005069105187430978,0.00511666527017951,0.002865965274395421,0.5587369095816594,0.6410567043856545
caucasus_2020-08-22T12:00:00,caucasus,synoptic,hotspot,t1,q850_trace,precip_zwd,precip,44.72747747747748,43.57312758741756,0.00013724413292948157,1.0,850,0.0,0.0004262090128999261,0.9999999081208744,0.9998775251254954,0.00012238300662338302,1.3216607570648193,1.6921159029006958,1.1915286779403687,0.37045514583587646,-0.13013207912445068,0.2502936124801636,0.12016153335571289,0.2502936124801636,True,dec_s1,decoder,1,10,0.007395652821287513,0.007246903609484434,0.006239843787625432,0.0038273072452284394,0.5068166313752075,0.6237797333893588
caucasus_2020-08-22T12:00:00,caucasus,synoptic,hotspot,t1,q850_trace,precip_zwd,precip,44.72747747747748,43.57312758741756,0.00013724413292948157,1.0,850,0.0,0.0004262090128999261,0.9999999081208744,0.9998775251254954,0.00012238300662338302,1.3216607570648193,1.6921159029006958,1.1915286779403687,0.37045514583587646,-0.13013207912445068,0.2502936124801636,0.12016153335571289,0.2502936124801636,True,dec_s2,decoder,2,6,0.025615620737274487,0.025343577998379867,0.022791263336936634,0.011391522518048683,0.6554057544978965,0.6668297294317783
caucasus_2020-08-22T12:00:00,caucasus,synoptic,hotspot,t1,q850_trace,precip_only,precip,44.72747747747748,43.57312758741756,0.00013724413292948157,1.0,850,0.0,0.0004262090128999261,0.9999999081208744,0.9998775251254954,0.00012238300662338302,1.1752536296844482,1.4771029949188232,0.9990424513816833,0.301849365234375,-0.1762111783027649,0.23903027176856995,0.06281909346580505,0.23903027176856995,True,enc_s0,encoder,0,6,0.015599296738704046,0.015297023889919123,0.014877009205520153,0.00414902934183677,0.8560339875817015,0.7807170457580703
caucasus_2020-08-22T12:00:00,caucasus,synoptic,hotspot,t1,q850_trace,precip_only,precip,44.72747747747748,43.57312758741756,0.00013724413292948157,1.0,850,0.0,0.0004262090128999261,0.9999999081208744,0.9998775251254954,0.00012238300662338302,1.1752536296844482,1.4771029949188232,0.9990424513816833,0.301849365234375,-0.1762111783027649,0.23903027176856995,0.06281909346580505,0.23903027176856995,True,enc_s1,encoder,1,10,0.010685751680284739,0.009522962057963014,0.00903489557094872,0.004533544252626598,0.6378707306238035,0.678188721548271
caucasus_2020-08-22T12:00:00,caucasus,synoptic,hotspot,t1,q850_trace,precip_only,precip,44.72747747747748,43.57312758741756,0.00013724413292948157,1.0,850,0.0,0.0004262090128999261,0.9999999081208744,0.9998775251254954,0.00012238300662338302,1.1752536296844482,1.4771029949188232,0.9990424513816833,0.301849365234375,-0.1762111783027649,0.23903027176856995,0.06281909346580505,0.23903027176856995,True,enc_s2,encoder,2,8,0.0047707605408504605,0.003913086227839813,0.00380086328368634,0.0021423746657092124,0.5425968513659118,0.639557813755642
caucasus_2020-08-22T12:00:00,caucasus,synoptic,hotspot,t1,q850_trace,precip_only,precip,44.72747747747748,43.57312758741756,0.00013724413292948157,1.0,850,0.0,0.0004262090128999261,0.9999999081208744,0.9998775251254954,0.00012238300662338302,1.1752536296844482,1.4771029949188232,0.9990424513816833,0.301849365234375,-0.1762111783027649,0.23903027176856995,0.06281909346580505,0.23903027176856995,True,dec_s0,decoder,0,8,0.006827028817497194,0.005139574583154172,0.005210250790696591,0.003060360992094502,0.5240176352039511,0.6300563466733827
caucasus_2020-08-22T12:00:00,caucasus,synoptic,hotspot,t1,q850_trace,precip_only,precip,44.72747747747748,43.57312758741756,0.00013724413292948157,1.0,850,0.0,0.0004262090128999261,0.9999999081208744,0.9998775251254954,0.00012238300662338302,1.1752536296844482,1.4771029949188232,0.9990424513816833,0.301849365234375,-0.1762111783027649,0.23903027176856995,0.06281909346580505,0.23903027176856995,True,dec_s1,decoder,1,10,0.007400186453014612,0.0072051762137562035,0.006125581287778914,0.003974187350831926,0.4577565402515157,0.6103499905265712
caucasus_2020-08-22T12:00:00,caucasus,synoptic,hotspot,t1,q850_trace,precip_only,precip,44.72747747747748,43.57312758741756,0.00013724413292948157,1.0,850,0.0,0.0004262090128999261,0.9999999081208744,0.9998775251254954,0.00012238300662338302,1.1752536296844482,1.4771029949188232,0.9990424513816833,0.301849365234375,-0.1762111783027649,0.23903027176856995,0.06281909346580505,0.23903027176856995,True,dec_s2,decoder,2,6,0.025904263369739056,0.025315217673778534,0.022682621454199154,0.011891590586553017,0.622270935828938,0.6562005014774148
caucasus_2020-08-22T12:00:00,caucasus,synoptic,low_near,t1,q850_trace,precip_zwd,precip,59.72747747747748,48.57312758741756,8.51015738589922e-06,1.0,850,0.0,0.0015120662889861092,1.0,0.9994103898129129,0.0005896101870871458,1.3216607570648193,1.2937904596328735,1.3153034448623657,-0.0278702974319458,-0.006357312202453613,-0.010756492614746094,-0.017113804817199707,0.017113804817199707,False,enc_s0,encoder,0,6,0.02167437846461932,0.020589350412289303,0.020271528512239456,0.005976090052475532,0.8403100932449178,0.7711787967975813
caucasus_2020-08-22T12:00:00,caucasus,synoptic,low_near,t1,q850_trace,precip_zwd,precip,59.72747747747748,48.57312758741756,8.51015738589922e-06,1.0,850,0.0,0.0015120662889861092,1.0,0.9994103898129129,0.0005896101870871458,1.3216607570648193,1.2937904596328735,1.3153034448623657,-0.0278702974319458,-0.006357312202453613,-0.010756492614746094,-0.017113804817199707,0.017113804817199707,False,enc_s1,encoder,1,10,0.016229795943945646,0.012203093525022269,0.012392163556069136,0.007222602260299027,0.5576392457490661,0.6445883354398881
caucasus_2020-08-22T12:00:00,caucasus,synoptic,low_near,t1,q850_trace,precip_zwd,precip,59.72747747747748,48.57312758741756,8.51015738589922e-06,1.0,850,0.0,0.0015120662889861092,1.0,0.9994103898129129,0.0005896101870871458,1.3216607570648193,1.2937904596328735,1.3153034448623657,-0.0278702974319458,-0.006357312202453613,-0.010756492614746094,-0.017113804817199707,0.017113804817199707,False,enc_s2,encoder,2,8,0.006975213822443038,0.004805883974768221,0.0051386834238655865,0.003077201166888699,0.5169110860815038,0.6255039328685654
caucasus_2020-08-22T12:00:00,caucasus,synoptic,low_near,t1,q850_trace,precip_zwd,precip,59.72747747747748,48.57312758741756,8.51015738589922e-06,1.0,850,0.0,0.0015120662889861092,1.0,0.9994103898129129,0.0005896101870871458,1.3216607570648193,1.2937904596328735,1.3153034448623657,-0.0278702974319458,-0.006357312202453613,-0.010756492614746094,-0.017113804817199707,0.017113804817199707,False,dec_s0,decoder,0,8,0.010296762571670115,0.006056772777810693,0.007097710913512856,0.004580387845635414,0.48426335900848716,0.6077936698858292
caucasus_2020-08-22T12:00:00,caucasus,synoptic,low_near,t1,q850_trace,precip_zwd,precip,59.72747747747748,48.57312758741756,8.51015738589922e-06,1.0,850,0.0,0.0015120662889861092,1.0,0.9994103898129129,0.0005896101870871458,1.3216607570648193,1.2937904596328735,1.3153034448623657,-0.0278702974319458,-0.006357312202453613,-0.010756492614746094,-0.017113804817199707,0.017113804817199707,False,dec_s1,decoder,1,10,0.010745526058599353,0.009120952058583497,0.008440694632008671,0.005290373112075031,0.4970857527633242,0.6209023722197226
caucasus_2020-08-22T12:00:00,caucasus,synoptic,low_near,t1,q850_trace,precip_zwd,precip,59.72747747747748,48.57312758741756,8.51015738589922e-06,1.0,850,0.0,0.0015120662889861092,1.0,0.9994103898129129,0.0005896101870871458,1.3216607570648193,1.2937904596328735,1.3153034448623657,-0.0278702974319458,-0.006357312202453613,-0.010756492614746094,-0.017113804817199707,0.017113804817199707,False,dec_s2,decoder,2,6,0.033828056106964745,0.035366556296745934,0.03148668818175793,0.014354874535153309,0.6938107305552745,0.6870076964182901
caucasus_2020-08-22T12:00:00,caucasus,synoptic,low_near,t1,q850_trace,precip_only,precip,59.72747747747748,48.57312758741756,8.51015738589922e-06,1.0,850,0.0,0.0015120662889861092,1.0,0.9994103898129129,0.0005896101870871458,1.1752536296844482,1.1420153379440308,1.1664454936981201,-0.03323829174041748,-0.008808135986328125,-0.012215077877044678,-0.021023213863372803,0.021023213863372803,False,enc_s0,encoder,0,6,0.02155825061102708,0.020164023153483868,0.019998733264704544,0.005958635825663805,0.8378109682603713,0.7692771724799824
caucasus_2020-08-22T12:00:00,caucasus,synoptic,low_near,t1,q850_trace,precip_only,precip,59.72747747747748,48.57312758741756,8.51015738589922e-06,1.0,850,0.0,0.0015120662889861092,1.0,0.9994103898129129,0.0005896101870871458,1.1752536296844482,1.1420153379440308,1.1664454936981201,-0.03323829174041748,-0.008808135986328125,-0.012215077877044678,-0.021023213863372803,0.021023213863372803,False,enc_s1,encoder,1,10,0.01646519610658288,0.012045261356979609,0.012317030318081379,0.007481733290478587,0.5309288982161139,0.6350491818364509
caucasus_2020-08-22T12:00:00,caucasus,synoptic,low_near,t1,q850_trace,precip_only,precip,59.72747747747748,48.57312758741756,8.51015738589922e-06,1.0,850,0.0,0.0015120662889861092,1.0,0.9994103898129129,0.0005896101870871458,1.1752536296844482,1.1420153379440308,1.1664454936981201,-0.03323829174041748,-0.008808135986328125,-0.012215077877044678,-0.021023213863372803,0.021023213863372803,False,enc_s2,encoder,2,8,0.007326380233280361,0.004847253498155624,0.005260956997517496,0.0033028094621840864,0.4828682244412065,0.6143807250373834
caucasus_2020-08-22T12:00:00,caucasus,synoptic,low_near,t1,q850_trace,precip_only,precip,59.72747747747748,48.57312758741756,8.51015738589922e-06,1.0,850,0.0,0.0015120662889861092,1.0,0.9994103898129129,0.0005896101870871458,1.1752536296844482,1.1420153379440308,1.1664454936981201,-0.03323829174041748,-0.008808135986328125,-0.012215077877044678,-0.021023213863372803,0.021023213863372803,False,dec_s0,decoder,0,8,0.011033245013095438,0.006058343860786408,0.007352083921432495,0.00501704728230834,0.44394212957148915,0.5944112361915168
caucasus_2020-08-22T12:00:00,caucasus,synoptic,low_near,t1,q850_trace,precip_only,precip,59.72747747747748,48.57312758741756,8.51015738589922e-06,1.0,850,0.0,0.0015120662889861092,1.0,0.9994103898129129,0.0005896101870871458,1.1752536296844482,1.1420153379440308,1.1664454936981201,-0.03323829174041748,-0.008808135986328125,-0.012215077877044678,-0.021023213863372803,0.021023213863372803,False,dec_s1,decoder,1,10,0.011010200902819633,0.009059878811240197,0.008400208270177244,0.005568410153500736,0.44839204486401396,0.6071240179569808
caucasus_2020-08-22T12:00:00,caucasus,synoptic,low_near,t1,q850_trace,precip_only,precip,59.72747747747748,48.57312758741756,8.51015738589922e-06,1.0,850,0.0,0.0015120662889861092,1.0,0.9994103898129129,0.0005896101870871458,1.1752536296844482,1.1420153379440308,1.1664454936981201,-0.03323829174041748,-0.008808135986328125,-0.012215077877044678,-0.021023213863372803,0.021023213863372803,False,dec_s2,decoder,2,6,0.035239819437265396,0.03549497885008653,0.03196541778743267,0.015130946412682533,0.6698099577218187,0.6789658395365504
caucasus_2020-08-22T12:00:00,caucasus,synoptic,hotspot,t1,q850_trace,precip_zwd,zwd,44.72747747747748,43.57312758741756,0.00013724413292948157,1.0,850,0.0,0.0004262090128999261,0.9999999081208744,0.9998775251254954,0.00012238300662338302,128.31480407714844,129.42831420898438,127.81200408935547,1.1135101318359375,-0.5027999877929688,0.8081550598144531,0.3053550720214844,0.8081550598144531,True,enc_s0,encoder,0,6,0.015787907876074314,0.015530677822728952,0.015094153583049774,0.004156308015808463,0.8593882100816573,0.7828917832887271
caucasus_2020-08-22T12:00:00,caucasus,synoptic,hotspot,t1,q850_trace,precip_zwd,zwd,44.72747747747748,43.57312758741756,0.00013724413292948157,1.0,850,0.0,0.0004262090128999261,0.9999999081208744,0.9998775251254954,0.00012238300662338302,128.31480407714844,129.42831420898438,127.81200408935547,1.1135101318359375,-0.5027999877929688,0.8081550598144531,0.3053550720214844,0.8081550598144531,True,enc_s1,encoder,1,10,0.010671694483608007,0.00950345080345869,0.009066371992230416,0.004426362854428589,0.6541970921442425,0.684198534826047
caucasus_2020-08-22T12:00:00,caucasus,synoptic,hotspot,t1,q850_trace,precip_zwd,zwd,44.72747747747748,43.57312758741756,0.00013724413292948157,1.0,850,0.0,0.0004262090128999261,0.9999999081208744,0.9998775251254954,0.00012238300662338302,128.31480407714844,129.42831420898438,127.81200408935547,1.1135101318359375,-0.5027999877929688,0.8081550598144531,0.3053550720214844,0.8081550598144531,True,enc_s2,encoder,2,8,0.004676403768826276,0.003848715656204149,0.0037627257988788188,0.0020451574673643336,0.5695536258169507,0.6478938997755741
caucasus_2020-08-22T12:00:00,caucasus,synoptic,hotspot,t1,q850_trace,precip_zwd,zwd,44.72747747747748,43.57312758741756,0.00013724413292948157,1.0,850,0.0,0.0004262090128999261,0.9999999081208744,0.9998775251254954,0.00012238300662338302,128.31480407714844,129.42831420898438,127.81200408935547,1.1135101318359375,-0.5027999877929688,0.8081550598144531,0.3053550720214844,0.8081550598144531,True,dec_s0,decoder,0,8,0.006564397946931422,0.005069105187430978,0.00511666527017951,0.002865965274395421,0.5587369095816594,0.6410567043856545
caucasus_2020-08-22T12:00:00,caucasus,synoptic,hotspot,t1,q850_trace,precip_zwd,zwd,44.72747747747748,43.57312758741756,0.00013724413292948157,1.0,850,0.0,0.0004262090128999261,0.9999999081208744,0.9998775251254954,0.00012238300662338302,128.31480407714844,129.42831420898438,127.81200408935547,1.1135101318359375,-0.5027999877929688,0.8081550598144531,0.3053550720214844,0.8081550598144531,True,dec_s1,decoder,1,10,0.007395652821287513,0.007246903609484434,0.006239843787625432,0.0038273072452284394,0.5068166313752075,0.6237797333893588
caucasus_2020-08-22T12:00:00,caucasus,synoptic,hotspot,t1,q850_trace,precip_zwd,zwd,44.72747747747748,43.57312758741756,0.00013724413292948157,1.0,850,0.0,0.0004262090128999261,0.9999999081208744,0.9998775251254954,0.00012238300662338302,128.31480407714844,129.42831420898438,127.81200408935547,1.1135101318359375,-0.5027999877929688,0.8081550598144531,0.3053550720214844,0.8081550598144531,True,dec_s2,decoder,2,6,0.025615620737274487,0.025343577998379867,0.022791263336936634,0.011391522518048683,0.6554057544978965,0.6668297294317783
caucasus_2020-08-22T12:00:00,caucasus,synoptic,low_near,t1,q850_trace,precip_zwd,zwd,59.72747747747748,48.57312758741756,8.51015738589922e-06,1.0,850,0.0,0.0015120662889861092,1.0,0.9994103898129129,0.0005896101870871458,128.31480407714844,128.24676513671875,128.3587646484375,-0.0680389404296875,0.0439605712890625,-0.055999755859375,-0.0120391845703125,0.055999755859375,True,enc_s0,encoder,0,6,0.02167437846461932,0.020589350412289303,0.020271528512239456,0.005976090052475532,0.8403100932449178,0.7711787967975813
caucasus_2020-08-22T12:00:00,caucasus,synoptic,low_near,t1,q850_trace,precip_zwd,zwd,59.72747747747748,48.57312758741756,8.51015738589922e-06,1.0,850,0.0,0.0015120662889861092,1.0,0.9994103898129129,0.0005896101870871458,128.31480407714844,128.24676513671875,128.3587646484375,-0.0680389404296875,0.0439605712890625,-0.055999755859375,-0.0120391845703125,0.055999755859375,True,enc_s1,encoder,1,10,0.016229795943945646,0.012203093525022269,0.012392163556069136,0.007222602260299027,0.5576392457490661,0.6445883354398881
caucasus_2020-08-22T12:00:00,caucasus,synoptic,low_near,t1,q850_trace,precip_zwd,zwd,59.72747747747748,48.57312758741756,8.51015738589922e-06,1.0,850,0.0,0.0015120662889861092,1.0,0.9994103898129129,0.0005896101870871458,128.31480407714844,128.24676513671875,128.3587646484375,-0.0680389404296875,0.0439605712890625,-0.055999755859375,-0.0120391845703125,0.055999755859375,True,enc_s2,encoder,2,8,0.006975213822443038,0.004805883974768221,0.0051386834238655865,0.003077201166888699,0.5169110860815038,0.6255039328685654
caucasus_2020-08-22T12:00:00,caucasus,synoptic,low_near,t1,q850_trace,precip_zwd,zwd,59.72747747747748,48.57312758741756,8.51015738589922e-06,1.0,850,0.0,0.0015120662889861092,1.0,0.9994103898129129,0.0005896101870871458,128.31480407714844,128.24676513671875,128.3587646484375,-0.0680389404296875,0.0439605712890625,-0.055999755859375,-0.0120391845703125,0.055999755859375,True,dec_s0,decoder,0,8,0.010296762571670115,0.006056772777810693,0.007097710913512856,0.004580387845635414,0.48426335900848716,0.6077936698858292
caucasus_2020-08-22T12:00:00,caucasus,synoptic,low_near,t1,q850_trace,precip_zwd,zwd,59.72747747747748,48.57312758741756,8.51015738589922e-06,1.0,850,0.0,0.0015120662889861092,1.0,0.9994103898129129,0.0005896101870871458,128.31480407714844,128.24676513671875,128.3587646484375,-0.0680389404296875,0.0439605712890625,-0.055999755859375,-0.0120391845703125,0.055999755859375,True,dec_s1,decoder,1,10,0.010745526058599353,0.009120952058583497,0.008440694632008671,0.005290373112075031,0.4970857527633242,0.6209023722197226
caucasus_2020-08-22T12:00:00,caucasus,synoptic,low_near,t1,q850_trace,precip_zwd,zwd,59.72747747747748,48.57312758741756,8.51015738589922e-06,1.0,850,0.0,0.0015120662889861092,1.0,0.9994103898129129,0.0005896101870871458,128.31480407714844,128.24676513671875,128.3587646484375,-0.0680389404296875,0.0439605712890625,-0.055999755859375,-0.0120391845703125,0.055999755859375,True,dec_s2,decoder,2,6,0.033828056106964745,0.035366556296745934,0.03148668818175793,0.014354874535153309,0.6938107305552745,0.6870076964182901
ganges_plain_2020-07-19T12:00:00,ganges_plain,local,hotspot,t1,q850_trace,precip_zwd,precip,24.47747747747748,89.24892185705099,8.608861389802769e-05,1.0,850,0.010495382031905962,0.0,0.9930271745366491,1.0000000847440536,0.006972909616491666,4.536859035491943,4.9963507652282715,4.317908763885498,0.4594917297363281,-0.2189502716064453,0.3392210006713867,0.1202707290649414,0.3392210006713867,True,enc_s0,encoder,0,6,0.005460152557740609,0.004975363068903486,0.005010717858870824,0.0014703626511618495,0.8530375376802529,0.7720392895809369
ganges_plain_2020-07-19T12:00:00,ganges_plain,local,hotspot,t1,q850_trace,precip_zwd,precip,24.47747747747748,89.24892185705099,8.608861389802769e-05,1.0,850,0.010495382031905962,0.0,0.9930271745366491,1.0000000847440536,0.006972909616491666,4.536859035491943,4.9963507652282715,4.317908763885498,0.4594917297363281,-0.2189502716064453,0.3392210006713867,0.1202707290649414,0.3392210006713867,True,enc_s1,encoder,1,10,0.004293616581708193,0.003315341495908797,0.00318891741335392,0.0020784810418263077,0.4971264830857137,0.629443623121219
ganges_plain_2020-07-19T12:00:00,ganges_plain,local,hotspot,t1,q850_trace,precip_zwd,precip,24.47747747747748,89.24892185705099,8.608861389802769e-05,1.0,850,0.010495382031905962,0.0,0.9930271745366491,1.0000000847440536,0.006972909616491666,4.536859035491943,4.9963507652282715,4.317908763885498,0.4594917297363281,-0.2189502716064453,0.3392210006713867,0.1202707290649414,0.3392210006713867,True,enc_s2,encoder,2,8,0.0019842041074298322,0.0015378563839476556,0.0014805831160629168,0.000979236101557035,0.416098641649569,0.601965046180317
ganges_plain_2020-07-19T12:00:00,ganges_plain,local,hotspot,t1,q850_trace,precip_zwd,precip,24.47747747747748,89.24892185705099,8.608861389802769e-05,1.0,850,0.010495382031905962,0.0,0.9930271745366491,1.0000000847440536,0.006972909616491666,4.536859035491943,4.9963507652282715,4.317908763885498,0.4594917297363281,-0.2189502716064453,0.3392210006713867,0.1202707290649414,0.3392210006713867,True,dec_s0,decoder,0,8,0.0026677087298594415,0.0021134666312718764,0.0019500205817166716,0.0014100992411840707,0.3344555352817111,0.5810073971421548
ganges_plain_2020-07-19T12:00:00,ganges_plain,local,hotspot,t1,q850_trace,precip_zwd,precip,24.47747747747748,89.24892185705099,8.608861389802769e-05,1.0,850,0.010495382031905962,0.0,0.9930271745366491,1.0000000847440536,0.006972909616491666,4.536859035491943,4.9963507652282715,4.317908763885498,0.4594917297363281,-0.2189502716064453,0.3392210006713867,0.1202707290649414,0.3392210006713867,True,dec_s1,decoder,1,10,0.0038904327200725676,0.0033828910323791205,0.002745730569586158,0.002397504774853587,0.13362054492105485,0.5315834899891134
ganges_plain_2020-07-19T12:00:00,ganges_plain,local,hotspot,t1,q850_trace,precip_zwd,precip,24.47747747747748,89.24892185705099,8.608861389802769e-05,1.0,850,0.010495382031905962,0.0,0.9930271745366491,1.0000000847440536,0.006972909616491666,4.536859035491943,4.9963507652282715,4.317908763885498,0.4594917297363281,-0.2189502716064453,0.3392210006713867,0.1202707290649414,0.3392210006713867,True,dec_s2,decoder,2,6,0.011961328952262798,0.010712204966694117,0.00932664688055714,0.006475007239108284,0.4020801867719647,0.5902286420014152
ganges_plain_2020-07-19T12:00:00,ganges_plain,local,hotspot,t1,q850_trace,precip_only,precip,24.47747747747748,89.24892185705099,8.608861389802769e-05,1.0,850,0.010495382031905962,0.0,0.9930271745366491,1.0000000847440536,0.006972909616491666,4.510946273803711,5.05967903137207,4.15477180480957,0.5487327575683594,-0.3561744689941406,0.45245361328125,0.09627914428710938,0.45245361328125,True,enc_s0,encoder,0,6,0.005379470453287165,0.005028994443515937,0.0050039931666105986,0.001437570802712192,0.8581904859169874,0.7759856015075982
ganges_plain_2020-07-19T12:00:00,ganges_plain,local,hotspot,t1,q850_trace,precip_only,precip,24.47747747747748,89.24892185705099,8.608861389802769e-05,1.0,850,0.010495382031905962,0.0,0.9930271745366491,1.0000000847440536,0.006972909616491666,4.510946273803711,5.05967903137207,4.15477180480957,0.5487327575683594,-0.3561744689941406,0.45245361328125,0.09627914428710938,0.45245361328125,True,enc_s1,encoder,1,10,0.004359748889692127,0.0034675867762416603,0.0032846651505678893,0.0021194423141423615,0.5002434499418124,0.6320150412846486
ganges_plain_2020-07-19T12:00:00,ganges_plain,local,hotspot,t1,q850_trace,precip_only,precip,24.47747747747748,89.24892185705099,8.608861389802769e-05,1.0,850,0.010495382031905962,0.0,0.9930271745366491,1.0000000847440536,0.006972909616491666,4.510946273803711,5.05967903137207,4.15477180480957,0.5487327575683594,-0.3561744689941406,0.45245361328125,0.09627914428710938,0.45245361328125,True,enc_s2,encoder,2,8,0.0020477846264839172,0.0016251320048468187,0.001541821489809081,0.0010198137315455824,0.41365101725919934,0.601942213436935
ganges_plain_2020-07-19T12:00:00,ganges_plain,local,hotspot,t1,q850_trace,precip_only,precip,24.47747747747748,89.24892185705099,8.608861389802769e-05,1.0,850,0.010495382031905962,0.0,0.9930271745366491,1.0000000847440536,0.006972909616491666,4.510946273803711,5.05967903137207,4.15477180480957,0.5487327575683594,-0.3561744689941406,0.45245361328125,0.09627914428710938,0.45245361328125,True,dec_s0,decoder,0,8,0.002758733549853787,0.002248111355584115,0.0020484335836954415,0.0014614140964113176,0.34521938943135977,0.5842144603206523
ganges_plain_2020-07-19T12:00:00,ganges_plain,local,hotspot,t1,q850_trace,precip_only,precip,24.47747747747748,89.24892185705099,8.608861389802769e-05,1.0,850,0.010495382031905962,0.0,0.9930271745366491,1.0000000847440536,0.006972909616491666,4.510946273803711,5.05967903137207,4.15477180480957,0.5487327575683594,-0.3561744689941406,0.45245361328125,0.09627914428710938,0.45245361328125,True,dec_s1,decoder,1,10,0.004007434379309416,0.0034886939567513762,0.002857709734234959,0.002438229660037905,0.155475388830493,0.5367750020986592
ganges_plain_2020-07-19T12:00:00,ganges_plain,local,hotspot,t1,q850_trace,precip_only,precip,24.47747747747748,89.24892185705099,8.608861389802769e-05,1.0,850,0.010495382031905962,0.0,0.9930271745366491,1.0000000847440536,0.006972909616491666,4.510946273803711,5.05967903137207,4.15477180480957,0.5487327575683594,-0.3561744689941406,0.45245361328125,0.09627914428710938,0.45245361328125,True,dec_s2,decoder,2,6,0.012537054717540741,0.011241610317180553,0.00983353719736139,0.0067139631913354,0.4167354663336686,0.5942622850124685
ganges_plain_2020-07-19T12:00:00,ganges_plain,local,low_near,t1,q850_trace,precip_zwd,precip,36.97747747747748,79.24892185705099,1.4308703839560621e-06,1.0,850,0.0,0.0,1.0,0.9999999256149468,7.438505318642881e-08,4.536859035491943,4.528359889984131,4.534080982208252,-0.0084991455078125,-0.0027780532836914062,-0.002860546112060547,-0.005638599395751953,0.005638599395751953,False,enc_s0,encoder,0,6,0.004911635847141345,0.004869269207119942,0.00472164386883378,0.001264259626623243,0.8739171104798028,0.7872167835046259
ganges_plain_2020-07-19T12:00:00,ganges_plain,local,low_near,t1,q850_trace,precip_zwd,precip,36.97747747747748,79.24892185705099,1.4308703839560621e-06,1.0,850,0.0,0.0,1.0,0.9999999256149468,7.438505318642881e-08,4.536859035491943,4.528359889984131,4.534080982208252,-0.0084991455078125,-0.0027780532836914062,-0.002860546112060547,-0.005638599395751953,0.005638599395751953,False,enc_s1,encoder,1,10,0.0034953672206029297,0.003181892796419561,0.0029117933474481104,0.001586758840130642,0.60771236991263,0.6720890274273696
ganges_plain_2020-07-19T12:00:00,ganges_plain,local,low_near,t1,q850_trace,precip_zwd,precip,36.97747747747748,79.24892185705099,1.4308703839560621e-06,1.0,850,0.0,0.0,1.0,0.9999999256149468,7.438505318642881e-08,4.536859035491943,4.528359889984131,4.534080982208252,-0.0084991455078125,-0.0027780532836914062,-0.002860546112060547,-0.005638599395751953,0.005638599395751953,False,enc_s2,encoder,2,8,0.0015744217234896496,0.0013455114531097934,0.0012524529302027076,0.0007589345987071283,0.4815082186672774,0.6227463041236165
ganges_plain_2020-07-19T12:00:00,ganges_plain,local,low_near,t1,q850_trace,precip_zwd,precip,36.97747747747748,79.24892185705099,1.4308703839560621e-06,1.0,850,0.0,0.0,1.0,0.9999999256149468,7.438505318642881e-08,4.536859035491943,4.528359889984131,4.534080982208252,-0.0084991455078125,-0.0027780532836914062,-0.002860546112060547,-0.005638599395751953,0.005638599395751953,False,dec_s0,decoder,0,8,0.002380218662437983,0.0019796525593847036,0.0018262956436956301,0.0012065570044796914,0.41620783487005475,0.6032368310044629
ganges_plain_2020-07-19T12:00:00,ganges_plain,local,low_near,t1,q850_trace,precip_zwd,precip,36.97747747747748,79.24892185705099,1.4308703839560621e-06,1.0,850,0.0,0.0,1.0,0.9999999256149468,7.438505318642881e-08,4.536859035491943,4.528359889984131,4.534080982208252,-0.0084991455078125,-0.0027780532836914062,-0.002860546112060547,-0.005638599395751953,0.005638599395751953,False,dec_s1,decoder,1,10,0.004086517577525229,0.003339750145096332,0.0028387905796989797,0.0024222502135671673,0.14908641533442285,0.5347151282278336
ganges_plain_2020-07-19T12:00:00,ganges_plain,local,low_near,t1,q850_trace,precip_zwd,precip,36.97747747747748,79.24892185705099,1.4308703839560621e-06,1.0,850,0.0,0.0,1.0,0.9999999256149468,7.438505318642881e-08,4.536859035491943,4.528359889984131,4.534080982208252,-0.0084991455078125,-0.0027780532836914062,-0.002860546112060547,-0.005638599395751953,0.005638599395751953,False,dec_s2,decoder,2,6,0.012439304341872534,0.009963520957777897,0.009036610834300518,0.006733763342102368,0.3410751732911646,0.5730299076138732
ganges_plain_2020-07-19T12:00:00,ganges_plain,local,low_near,t1,q850_trace,precip_only,precip,36.97747747747748,79.24892185705099,1.4308703839560621e-06,1.0,850,0.0,0.0,1.0,0.9999999256149468,7.438505318642881e-08,4.510946273803711,4.503639221191406,4.5106682777404785,-0.0073070526123046875,-0.0002779960632324219,-0.003514528274536133,-0.0037925243377685547,0.0037925243377685547,False,enc_s0,encoder,0,6,0.004871204883481066,0.004804849314192931,0.0046710676203171415,0.001251736927467088,0.8742055077965158,0.7870511494950999
ganges_plain_2020-07-19T12:00:00,ganges_plain,local,low_near,t1,q850_trace,precip_only,precip,36.97747747747748,79.24892185705099,1.4308703839560621e-06,1.0,850,0.0,0.0,1.0,0.9999999256149468,7.438505318642881e-08,4.510946273803711,4.503639221191406,4.5106682777404785,-0.0073070526123046875,-0.0002779960632324219,-0.003514528274536133,-0.0037925243377685547,0.0037925243377685547,False,enc_s1,encoder,1,10,0.0034188601886853574,0.003089928021654487,0.002833309257403016,0.0015600738290231675,0.6012078301034386,0.6691963077438363
ganges_plain_2020-07-19T12:00:00,ganges_plain,local,low_near,t1,q850_trace,precip_only,precip,36.97747747747748,79.24892185705099,1.4308703839560621e-06,1.0,850,0.0,0.0,1.0,0.9999999256149468,7.438505318642881e-08,4.510946273803711,4.503639221191406,4.5106682777404785,-0.0073070526123046875,-0.0002779960632324219,-0.003514528274536133,-0.0037925243377685547,0.0037925243377685547,False,enc_s2,encoder,2,8,0.001556659844936803,0.0013438858586596325,0.0012413892254699022,0.0007573428665637039,0.4746993135527166,0.621162422231498
ganges_plain_2020-07-19T12:00:00,ganges_plain,local,low_near,t1,q850_trace,precip_only,precip,36.97747747747748,79.24892185705099,1.4308703839560621e-06,1.0,850,0.0,0.0,1.0,0.9999999256149468,7.438505318642881e-08,4.510946273803711,4.503639221191406,4.5106682777404785,-0.0073070526123046875,-0.0002779960632324219,-0.003514528274536133,-0.0037925243377685547,0.0037925243377685547,False,dec_s0,decoder,0,8,0.002348144364077598,0.0019827620562864468,0.001808148212148808,0.0012050620644004084,0.4071786063193841,0.6011300505541084
ganges_plain_2020-07-19T12:00:00,ganges_plain,local,low_near,t1,q850_trace,precip_only,precip,36.97747747747748,79.24892185705099,1.4308703839560621e-06,1.0,850,0.0,0.0,1.0,0.9999999256149468,7.438505318642881e-08,4.510946273803711,4.503639221191406,4.5106682777404785,-0.0073070526123046875,-0.0002779960632324219,-0.003514528274536133,-0.0037925243377685547,0.0037925243377685547,False,dec_s1,decoder,1,10,0.003971508215181529,0.003286865272093564,0.002758712403010577,0.002382150269113481,0.1338511137697481,0.5312219062035672
ganges_plain_2020-07-19T12:00:00,ganges_plain,local,low_near,t1,q850_trace,precip_only,precip,36.97747747747748,79.24892185705099,1.4308703839560621e-06,1.0,850,0.0,0.0,1.0,0.9999999256149468,7.438505318642881e-08,4.510946273803711,4.503639221191406,4.5106682777404785,-0.0073070526123046875,-0.0002779960632324219,-0.003514528274536133,-0.0037925243377685547,0.0037925243377685547,False,dec_s2,decoder,2,6,0.01254949439316988,0.010088483182092508,0.00910999703531464,0.006829403651257356,0.3357269379200584,0.5716282816360605
ganges_plain_2020-07-19T12:00:00,ganges_plain,local,hotspot,t1,q850_trace,precip_zwd,zwd,24.47747747747748,89.24892185705099,8.608861389802769e-05,1.0,850,0.010495382031905962,0.0,0.9930271745366491,1.0000000847440536,0.006972909616491666,396.84600830078125,397.67010498046875,396.1298828125,0.8240966796875,-0.71612548828125,0.770111083984375,0.053985595703125,0.770111083984375,True,enc_s0,encoder,0,6,0.005460152557740609,0.004975363068903486,0.005010717858870824,0.0014703626511618495,0.8530375376802529,0.7720392895809369
ganges_plain_2020-07-19T12:00:00,ganges_plain,local,hotspot,t1,q850_trace,precip_zwd,zwd,24.47747747747748,89.24892185705099,8.608861389802769e-05,1.0,850,0.010495382031905962,0.0,0.9930271745366491,1.0000000847440536,0.006972909616491666,396.84600830078125,397.67010498046875,396.1298828125,0.8240966796875,-0.71612548828125,0.770111083984375,0.053985595703125,0.770111083984375,True,enc_s1,encoder,1,10,0.004293616581708193,0.003315341495908797,0.00318891741335392,0.0020784810418263077,0.4971264830857137,0.629443623121219
ganges_plain_2020-07-19T12:00:00,ganges_plain,local,hotspot,t1,q850_trace,precip_zwd,zwd,24.47747747747748,89.24892185705099,8.608861389802769e-05,1.0,850,0.010495382031905962,0.0,0.9930271745366491,1.0000000847440536,0.006972909616491666,396.84600830078125,397.67010498046875,396.1298828125,0.8240966796875,-0.71612548828125,0.770111083984375,0.053985595703125,0.770111083984375,True,enc_s2,encoder,2,8,0.0019842041074298322,0.0015378563839476556,0.0014805831160629168,0.000979236101557035,0.416098641649569,0.601965046180317
ganges_plain_2020-07-19T12:00:00,ganges_plain,local,hotspot,t1,q850_trace,precip_zwd,zwd,24.47747747747748,89.24892185705099,8.608861389802769e-05,1.0,850,0.010495382031905962,0.0,0.9930271745366491,1.0000000847440536,0.006972909616491666,396.84600830078125,397.67010498046875,396.1298828125,0.8240966796875,-0.71612548828125,0.770111083984375,0.053985595703125,0.770111083984375,True,dec_s0,decoder,0,8,0.0026677087298594415,0.0021134666312718764,0.0019500205817166716,0.0014100992411840707,0.3344555352817111,0.5810073971421548
ganges_plain_2020-07-19T12:00:00,ganges_plain,local,hotspot,t1,q850_trace,precip_zwd,zwd,24.47747747747748,89.24892185705099,8.608861389802769e-05,1.0,850,0.010495382031905962,0.0,0.9930271745366491,1.0000000847440536,0.006972909616491666,396.84600830078125,397.67010498046875,396.1298828125,0.8240966796875,-0.71612548828125,0.770111083984375,0.053985595703125,0.770111083984375,True,dec_s1,decoder,1,10,0.0038904327200725676,0.0033828910323791205,0.002745730569586158,0.002397504774853587,0.13362054492105485,0.5315834899891134
ganges_plain_2020-07-19T12:00:00,ganges_plain,local,hotspot,t1,q850_trace,precip_zwd,zwd,24.47747747747748,89.24892185705099,8.608861389802769e-05,1.0,850,0.010495382031905962,0.0,0.9930271745366491,1.0000000847440536,0.006972909616491666,396.84600830078125,397.67010498046875,396.1298828125,0.8240966796875,-0.71612548828125,0.770111083984375,0.053985595703125,0.770111083984375,True,dec_s2,decoder,2,6,0.011961328952262798,0.010712204966694117,0.00932664688055714,0.006475007239108284,0.4020801867719647,0.5902286420014152
ganges_plain_2020-07-19T12:00:00,ganges_plain,local,low_near,t1,q850_trace,precip_zwd,zwd,36.97747747747748,79.24892185705099,1.4308703839560621e-06,1.0,850,0.0,0.0,1.0,0.9999999256149468,7.438505318642881e-08,396.84600830078125,396.7867736816406,396.8080749511719,-0.059234619140625,-0.037933349609375,-0.010650634765625,-0.048583984375,0.048583984375,False,enc_s0,encoder,0,6,0.004911635847141345,0.004869269207119942,0.00472164386883378,0.001264259626623243,0.8739171104798028,0.7872167835046259
ganges_plain_2020-07-19T12:00:00,ganges_plain,local,low_near,t1,q850_trace,precip_zwd,zwd,36.97747747747748,79.24892185705099,1.4308703839560621e-06,1.0,850,0.0,0.0,1.0,0.9999999256149468,7.438505318642881e-08,396.84600830078125,396.7867736816406,396.8080749511719,-0.059234619140625,-0.037933349609375,-0.010650634765625,-0.048583984375,0.048583984375,False,enc_s1,encoder,1,10,0.0034953672206029297,0.003181892796419561,0.0029117933474481104,0.001586758840130642,0.60771236991263,0.6720890274273696
ganges_plain_2020-07-19T12:00:00,ganges_plain,local,low_near,t1,q850_trace,precip_zwd,zwd,36.97747747747748,79.24892185705099,1.4308703839560621e-06,1.0,850,0.0,0.0,1.0,0.9999999256149468,7.438505318642881e-08,396.84600830078125,396.7867736816406,396.8080749511719,-0.059234619140625,-0.037933349609375,-0.010650634765625,-0.048583984375,0.048583984375,False,enc_s2,encoder,2,8,0.0015744217234896496,0.0013455114531097934,0.0012524529302027076,0.0007589345987071283,0.4815082186672774,0.6227463041236165
ganges_plain_2020-07-19T12:00:00,ganges_plain,local,low_near,t1,q850_trace,precip_zwd,zwd,36.97747747747748,79.24892185705099,1.4308703839560621e-06,1.0,850,0.0,0.0,1.0,0.9999999256149468,7.438505318642881e-08,396.84600830078125,396.7867736816406,396.8080749511719,-0.059234619140625,-0.037933349609375,-0.010650634765625,-0.048583984375,0.048583984375,False,dec_s0,decoder,0,8,0.002380218662437983,0.0019796525593847036,0.0018262956436956301,0.0012065570044796914,0.41620783487005475,0.6032368310044629
ganges_plain_2020-07-19T12:00:00,ganges_plain,local,low_near,t1,q850_trace,precip_zwd,zwd,36.97747747747748,79.24892185705099,1.4308703839560621e-06,1.0,850,0.0,0.0,1.0,0.9999999256149468,7.438505318642881e-08,396.84600830078125,396.7867736816406,396.8080749511719,-0.059234619140625,-0.037933349609375,-0.010650634765625,-0.048583984375,0.048583984375,False,dec_s1,decoder,1,10,0.004086517577525229,0.003339750145096332,0.0028387905796989797,0.0024222502135671673,0.14908641533442285,0.5347151282278336
ganges_plain_2020-07-19T12:00:00,ganges_plain,local,low_near,t1,q850_trace,precip_zwd,zwd,36.97747747747748,79.24892185705099,1.4308703839560621e-06,1.0,850,0.0,0.0,1.0,0.9999999256149468,7.438505318642881e-08,396.84600830078125,396.7867736816406,396.8080749511719,-0.059234619140625,-0.037933349609375,-0.010650634765625,-0.048583984375,0.048583984375,False,dec_s2,decoder,2,6,0.012439304341872534,0.009963520957777897,0.009036610834300518,0.006733763342102368,0.3410751732911646,0.5730299076138732
ganges_plain_2020-07-19T12:00:00,ganges_plain,synoptic,hotspot,t1,q850_trace,precip_zwd,precip,21.97747747747748,89.24892185705099,0.00015920671285130084,1.0,850,0.003003782540977527,0.0,0.9983519268484577,0.9999999400373604,0.0016480132877217492,4.536859035491943,4.933971881866455,4.393688678741455,0.3971128463745117,-0.14317035675048828,0.2701416015625,0.12697124481201172,0.2701416015625,True,enc_s0,encoder,0,6,0.01408377212161819,0.012430179708947739,0.01270005696763595,0.0038823357317596674,0.8367748615917397,0.7648411463671777
ganges_plain_2020-07-19T12:00:00,ganges_plain,synoptic,hotspot,t1,q850_trace,precip_zwd,precip,21.97747747747748,89.24892185705099,0.00015920671285130084,1.0,850,0.003003782540977527,0.0,0.9983519268484577,0.9999999400373604,0.0016480132877217492,4.536859035491943,4.933971881866455,4.393688678741455,0.3971128463745117,-0.14317035675048828,0.2701416015625,0.12697124481201172,0.2701416015625,True,enc_s1,encoder,1,10,0.008688566694036125,0.006739626359194517,0.006809239182621241,0.003699618368409574,0.6098939422027236,0.6626218888417442
ganges_plain_2020-07-19T12:00:00,ganges_plain,synoptic,hotspot,t1,q850_trace,precip_zwd,precip,21.97747747747748,89.24892185705099,0.00015920671285130084,1.0,850,0.003003782540977527,0.0,0.9983519268484577,0.9999999400373604,0.0016480132877217492,4.536859035491943,4.933971881866455,4.393688678741455,0.3971128463745117,-0.14317035675048828,0.2701416015625,0.12697124481201172,0.2701416015625,True,enc_s2,encoder,2,8,0.004184016026556492,0.0029321752954274416,0.0031668743467889726,0.0017386494000675157,0.5890190560167019,0.6455960033768235
ganges_plain_2020-07-19T12:00:00,ganges_plain,synoptic,hotspot,t1,q850_trace,precip_zwd,precip,21.97747747747748,89.24892185705099,0.00015920671285130084,1.0,850,0.003003782540977527,0.0,0.9983519268484577,0.9999999400373604,0.0016480132877217492,4.536859035491943,4.933971881866455,4.393688678741455,0.3971128463745117,-0.14317035675048828,0.2701416015625,0.12697124481201172,0.2701416015625,True,dec_s0,decoder,0,8,0.005659734888467938,0.0038602501444984227,0.004218547575874254,0.0023813836451154202,0.5740556330548119,0.6392949467111425
ganges_plain_2020-07-19T12:00:00,ganges_plain,synoptic,hotspot,t1,q850_trace,precip_zwd,precip,21.97747747747748,89.24892185705099,0.00015920671285130084,1.0,850,0.003003782540977527,0.0,0.9983519268484577,0.9999999400373604,0.0016480132877217492,4.536859035491943,4.933971881866455,4.393688678741455,0.3971128463745117,-0.14317035675048828,0.2701416015625,0.12697124481201172,0.2701416015625,True,dec_s1,decoder,1,10,0.007372143398970366,0.0056938613066449765,0.005583795555867255,0.0034912641625851394,0.5001912852919211,0.6189465261853094
ganges_plain_2020-07-19T12:00:00,ganges_plain,synoptic,hotspot,t1,q850_trace,precip_zwd,precip,21.97747747747748,89.24892185705099,0.00015920671285130084,1.0,850,0.003003782540977527,0.0,0.9983519268484577,0.9999999400373604,0.0016480132877217492,4.536859035491943,4.933971881866455,4.393688678741455,0.3971128463745117,-0.14317035675048828,0.2701416015625,0.12697124481201172,0.2701416015625,True,dec_s2,decoder,2,6,0.02522796206176281,0.020667293419440586,0.020932063460350037,0.009676936392982801,0.7249727285456062,0.6838637572717657
ganges_plain_2020-07-19T12:00:00,ganges_plain,synoptic,hotspot,t1,q850_trace,precip_only,precip,21.97747747747748,89.24892185705099,0.00015920671285130084,1.0,850,0.003003782540977527,0.0,0.9983519268484577,0.9999999400373604,0.0016480132877217492,4.510946273803711,5.01301908493042,4.25715970993042,0.502072811126709,-0.253786563873291,0.3779296875,0.12414312362670898,0.3779296875,True,enc_s0,encoder,0,6,0.014054858591407537,0.012562728021293879,0.01274380615601937,0.003901626138637463,0.8354676268933402,0.7647026075212642
ganges_plain_2020-07-19T12:00:00,ganges_plain,synoptic,hotspot,t1,q850_trace,precip_only,precip,21.97747747747748,89.24892185705099,0.00015920671285130084,1.0,850,0.003003782540977527,0.0,0.9983519268484577,0.9999999400373604,0.0016480132877217492,4.510946273803711,5.01301908493042,4.25715970993042,0.502072811126709,-0.253786563873291,0.3779296875,0.12414312362670898,0.3779296875,True,enc_s1,encoder,1,10,0.008932452881708741,0.007038058387115598,0.007026036595925688,0.0038566376781091092,0.5997947965849664,0.660455001531268
ganges_plain_2020-07-19T12:00:00,ganges_plain,synoptic,hotspot,t1,q850_trace,precip_only,precip,21.97747747747748,89.24892185705099,0.00015920671285130084,1.0,850,0.003003782540977527,0.0,0.9983519268484577,0.9999999400373604,0.0016480132877217492,4.510946273803711,5.01301908493042,4.25715970993042,0.502072811126709,-0.253786563873291,0.3779296875,0.12414312362670898,0.3779296875,True,enc_s2,encoder,2,8,0.004354072036221623,0.0030782895046286285,0.0032902435632422566,0.0018415614904370159,0.5722566539093085,0.6411658847294062
ganges_plain_2020-07-19T12:00:00,ganges_plain,synoptic,hotspot,t1,q850_trace,precip_only,precip,21.97747747747748,89.24892185705099,0.00015920671285130084,1.0,850,0.003003782540977527,0.0,0.9983519268484577,0.9999999400373604,0.0016480132877217492,4.510946273803711,5.01301908493042,4.25715970993042,0.502072811126709,-0.253786563873291,0.3779296875,0.12414312362670898,0.3779296875,True,dec_s0,decoder,0,8,0.005864240869414061,0.004065728804562241,0.0043827178596984595,0.0025003475311677903,0.5618888226347066,0.6368323939510232
ganges_plain_2020-07-19T12:00:00,ganges_plain,synoptic,hotspot,t1,q850_trace,precip_only,precip,21.97747747747748,89.24892185705099,0.00015920671285130084,1.0,850,0.003003782540977527,0.0,0.9983519268484577,0.9999999400373604,0.0016480132877217492,4.510946273803711,5.01301908493042,4.25715970993042,0.502072811126709,-0.253786563873291,0.3779296875,0.12414312362670898,0.3779296875,True,dec_s1,decoder,1,10,0.007506446121260524,0.005861666891723872,0.0056815104559063915,0.0036137268412858247,0.481767246285251,0.614453337388866
ganges_plain_2020-07-19T12:00:00,ganges_plain,synoptic,hotspot,t1,q850_trace,precip_only,precip,21.97747747747748,89.24892185705099,0.00015920671285130084,1.0,850,0.003003782540977527,0.0,0.9983519268484577,0.9999999400373604,0.0016480132877217492,4.510946273803711,5.01301908493042,4.25715970993042,0.502072811126709,-0.253786563873291,0.3779296875,0.12414312362670898,0.3779296875,True,dec_s2,decoder,2,6,0.02618810658653577,0.02150935431321462,0.021641976510485012,0.01028828276321292,0.7031743608671709,0.6778730098019209
ganges_plain_2020-07-19T12:00:00,ganges_plain,synoptic,low_near,t1,q850_trace,precip_zwd,precip,41.97747747747748,89.24892185705099,1.2194820556032937e-05,1.0,850,5.947778504728484e-05,0.007286028668292393,0.9999906744416827,0.9965391603267291,0.003451546302549891,4.536859035491943,4.509932994842529,4.544920444488525,-0.026926040649414062,0.008061408996582031,-0.017493724822998047,-0.009432315826416016,0.017493724822998047,True,enc_s0,encoder,0,6,0.01230130298063159,0.012592046521604061,0.012033187163372835,0.003171231636467079,0.8723639483426017,0.7902043348594163
ganges_plain_2020-07-19T12:00:00,ganges_plain,synoptic,low_near,t1,q850_trace,precip_zwd,precip,41.97747747747748,89.24892185705099,1.2194820556032937e-05,1.0,850,5.947778504728484e-05,0.007286028668292393,0.9999906744416827,0.9965391603267291,0.003451546302549891,4.536859035491943,4.509932994842529,4.544920444488525,-0.026926040649414062,0.008061408996582031,-0.017493724822998047,-0.009432315826416016,0.017493724822998047,True,enc_s1,encoder,1,10,0.008259880961850286,0.007337845396250486,0.0071654776111245155,0.0030596246244385837,0.7320706747889647,0.7143272564481549
ganges_plain_2020-07-19T12:00:00,ganges_plain,synoptic,low_near,t1,q850_trace,precip_zwd,precip,41.97747747747748,89.24892185705099,1.2194820556032937e-05,1.0,850,5.947778504728484e-05,0.007286028668292393,0.9999906744416827,0.9965391603267291,0.003451546302549891,4.536859035491943,4.509932994842529,4.544920444488525,-0.026926040649414062,0.008061408996582031,-0.017493724822998047,-0.009432315826416016,0.017493724822998047,True,enc_s2,encoder,2,8,0.0037001416785642505,0.0029543795390054584,0.0030062452133279294,0.0014738013996975496,0.6476046491991845,0.6710922434604233
ganges_plain_2020-07-19T12:00:00,ganges_plain,synoptic,low_near,t1,q850_trace,precip_zwd,precip,41.97747747747748,89.24892185705099,1.2194820556032937e-05,1.0,850,5.947778504728484e-05,0.007286028668292393,0.9999906744416827,0.9965391603267291,0.003451546302549891,4.536859035491943,4.509932994842529,4.544920444488525,-0.026926040649414062,0.008061408996582031,-0.017493724822998047,-0.009432315826416016,0.017493724822998047,True,dec_s0,decoder,0,8,0.005118888686411083,0.004130930843530223,0.004123774298932403,0.0021513198589673266,0.6094324207721522,0.6576885730207068
ganges_plain_2020-07-19T12:00:00,ganges_plain,synoptic,low_near,t1,q850_trace,precip_zwd,precip,41.97747747747748,89.24892185705099,1.2194820556032937e-05,1.0,850,5.947778504728484e-05,0.007286028668292393,0.9999906744416827,0.9965391603267291,0.003451546302549891,4.536859035491943,4.509932994842529,4.544920444488525,-0.026926040649414062,0.008061408996582031,-0.017493724822998047,-0.009432315826416016,0.017493724822998047,True,dec_s1,decoder,1,10,0.006802410539239645,0.0055839236127212645,0.0053009138442575935,0.0032605974352918564,0.5081099432203209,0.6214316782321607
ganges_plain_2020-07-19T12:00:00,ganges_plain,synoptic,low_near,t1,q850_trace,precip_zwd,precip,41.97747747747748,89.24892185705099,1.2194820556032937e-05,1.0,850,5.947778504728484e-05,0.007286028668292393,0.9999906744416827,0.9965391603267291,0.003451546302549891,4.536859035491943,4.509932994842529,4.544920444488525,-0.026926040649414062,0.008061408996582031,-0.017493724822998047,-0.009432315826416016,0.017493724822998047,True,dec_s2,decoder,2,6,0.022150192099312942,0.019060750181476276,0.018159578864773113,0.009857470635324717,0.6173495077623652,0.6483098377363802
ganges_plain_2020-07-19T12:00:00,ganges_plain,synoptic,low_near,t1,q850_trace,precip_only,precip,41.97747747747748,89.24892185705099,1.2194820556032937e-05,1.0,850,5.947778504728484e-05,0.007286028668292393,0.9999906744416827,0.9965391603267291,0.003451546302549891,4.510946273803711,4.4954633712768555,4.520534515380859,-0.015482902526855469,0.009588241577148438,-0.012535572052001953,-0.0029473304748535156,0.012535572052001953,True,enc_s0,encoder,0,6,0.012074587866663933,0.012448608875274658,0.011847681986788908,0.0031527765871336064,0.8704749575633972,0.7886249564626663
ganges_plain_2020-07-19T12:00:00,ganges_plain,synoptic,low_near,t1,q850_trace,precip_only,precip,41.97747747747748,89.24892185705099,1.2194820556032937e-05,1.0,850,5.947778504728484e-05,0.007286028668292393,0.9999906744416827,0.9965391603267291,0.003451546302549891,4.510946273803711,4.4954633712768555,4.520534515380859,-0.015482902526855469,0.009588241577148438,-0.012535572052001953,-0.0029473304748535156,0.012535572052001953,True,enc_s1,encoder,1,10,0.008002734137699008,0.00729801687411964,0.007019268535077572,0.0030107623315416276,0.7288528981113046,0.7138286691090657
ganges_plain_2020-07-19T12:00:00,ganges_plain,synoptic,low_near,t1,q850_trace,precip_only,precip,41.97747747747748,89.24892185705099,1.2194820556032937e-05,1.0,850,5.947778504728484e-05,0.007286028668292393,0.9999906744416827,0.9965391603267291,0.003451546302549891,4.510946273803711,4.4954633712768555,4.520534515380859,-0.015482902526855469,0.009588241577148438,-0.012535572052001953,-0.0029473304748535156,0.012535572052001953,True,enc_s2,encoder,2,8,0.0036385119310580194,0.0029735979333054274,0.002975378360133618,0.0014790279237786308,0.6356318867505446,0.6680270363557466
ganges_plain_2020-07-19T12:00:00,ganges_plain,synoptic,low_near,t1,q850_trace,precip_only,precip,41.97747747747748,89.24892185705099,1.2194820556032937e-05,1.0,850,5.947778504728484e-05,0.007286028668292393,0.9999906744416827,0.9965391603267291,0.003451546302549891,4.510946273803711,4.4954633712768555,4.520534515380859,-0.015482902526855469,0.009588241577148438,-0.012535572052001953,-0.0029473304748535156,0.012535572052001953,True,dec_s0,decoder,0,8,0.005027479724958539,0.0041828804824035615,0.004087692213943228,0.002162604607292451,0.5961277573788925,0.6545660074073164
ganges_plain_2020-07-19T12:00:00,ganges_plain,synoptic,low_near,t1,q850_trace,precip_only,precip,41.97747747747748,89.24892185705099,1.2194820556032937e-05,1.0,850,5.947778504728484e-05,0.007286028668292393,0.9999906744416827,0.9965391603267291,0.003451546302549891,4.510946273803711,4.4954633712768555,4.520534515380859,-0.015482902526855469,0.009588241577148438,-0.012535572052001953,-0.0029473304748535156,0.012535572052001953,True,dec_s1,decoder,1,10,0.00645717098377645,0.0054366963915526865,0.00504178567789495,0.0031957158935256302,0.4769067925829365,0.6135736894296927
ganges_plain_2020-07-19T12:00:00,ganges_plain,synoptic,low_near,t1,q850_trace,precip_only,precip,41.97747747747748,89.24892185705099,1.2194820556032937e-05,1.0,850,5.947778504728484e-05,0.007286028668292393,0.9999906744416827,0.9965391603267291,0.003451546302549891,4.510946273803711,4.4954633712768555,4.520534515380859,-0.015482902526855469,0.009588241577148438,-0.012535572052001953,-0.0029473304748535156,0.012535572052001953,True,dec_s2,decoder,2,6,0.02174760028719902,0.01916435919702053,0.017981423065066338,0.009836062478522459,0.610550474848089,0.6466062611513449
ganges_plain_2020-07-19T12:00:00,ganges_plain,synoptic,hotspot,t1,q850_trace,precip_zwd,zwd,21.97747747747748,89.24892185705099,0.00015920671285130084,1.0,850,0.003003782540977527,0.0,0.9983519268484577,0.9999999400373604,0.0016480132877217492,396.84600830078125,396.7276306152344,396.4794921875,-0.118377685546875,-0.36651611328125,0.1240692138671875,-0.2424468994140625,0.2424468994140625,False,enc_s0,encoder,0,6,0.01408377212161819,0.012430179708947739,0.01270005696763595,0.0038823357317596674,0.8367748615917397,0.7648411463671777
ganges_plain_2020-07-19T12:00:00,ganges_plain,synoptic,hotspot,t1,q850_trace,precip_zwd,zwd,21.97747747747748,89.24892185705099,0.00015920671285130084,1.0,850,0.003003782540977527,0.0,0.9983519268484577,0.9999999400373604,0.0016480132877217492,396.84600830078125,396.7276306152344,396.4794921875,-0.118377685546875,-0.36651611328125,0.1240692138671875,-0.2424468994140625,0.2424468994140625,False,enc_s1,encoder,1,10,0.008688566694036125,0.006739626359194517,0.006809239182621241,0.003699618368409574,0.6098939422027236,0.6626218888417442
ganges_plain_2020-07-19T12:00:00,ganges_plain,synoptic,hotspot,t1,q850_trace,precip_zwd,zwd,21.97747747747748,89.24892185705099,0.00015920671285130084,1.0,850,0.003003782540977527,0.0,0.9983519268484577,0.9999999400373604,0.0016480132877217492,396.84600830078125,396.7276306152344,396.4794921875,-0.118377685546875,-0.36651611328125,0.1240692138671875,-0.2424468994140625,0.2424468994140625,False,enc_s2,encoder,2,8,0.004184016026556492,0.0029321752954274416,0.0031668743467889726,0.0017386494000675157,0.5890190560167019,0.6455960033768235
ganges_plain_2020-07-19T12:00:00,ganges_plain,synoptic,hotspot,t1,q850_trace,precip_zwd,zwd,21.97747747747748,89.24892185705099,0.00015920671285130084,1.0,850,0.003003782540977527,0.0,0.9983519268484577,0.9999999400373604,0.0016480132877217492,396.84600830078125,396.7276306152344,396.4794921875,-0.118377685546875,-0.36651611328125,0.1240692138671875,-0.2424468994140625,0.2424468994140625,False,dec_s0,decoder,0,8,0.005659734888467938,0.0038602501444984227,0.004218547575874254,0.0023813836451154202,0.5740556330548119,0.6392949467111425
ganges_plain_2020-07-19T12:00:00,ganges_plain,synoptic,hotspot,t1,q850_trace,precip_zwd,zwd,21.97747747747748,89.24892185705099,0.00015920671285130084,1.0,850,0.003003782540977527,0.0,0.9983519268484577,0.9999999400373604,0.0016480132877217492,396.84600830078125,396.7276306152344,396.4794921875,-0.118377685546875,-0.36651611328125,0.1240692138671875,-0.2424468994140625,0.2424468994140625,False,dec_s1,decoder,1,10,0.007372143398970366,0.0056938613066449765,0.005583795555867255,0.0034912641625851394,0.5001912852919211,0.6189465261853094
ganges_plain_2020-07-19T12:00:00,ganges_plain,synoptic,hotspot,t1,q850_trace,precip_zwd,zwd,21.97747747747748,89.24892185705099,0.00015920671285130084,1.0,850,0.003003782540977527,0.0,0.9983519268484577,0.9999999400373604,0.0016480132877217492,396.84600830078125,396.7276306152344,396.4794921875,-0.118377685546875,-0.36651611328125,0.1240692138671875,-0.2424468994140625,0.2424468994140625,False,dec_s2,decoder,2,6,0.02522796206176281,0.020667293419440586,0.020932063460350037,0.009676936392982801,0.7249727285456062,0.6838637572717657
ganges_plain_2020-07-19T12:00:00,ganges_plain,synoptic,low_near,t1,q850_trace,precip_zwd,zwd,41.97747747747748,89.24892185705099,1.2194820556032937e-05,1.0,850,5.947778504728484e-05,0.007286028668292393,0.9999906744416827,0.9965391603267291,0.003451546302549891,396.84600830078125,396.7313537597656,396.9160461425781,-0.114654541015625,0.070037841796875,-0.09234619140625,-0.022308349609375,0.09234619140625,True,enc_s0,encoder,0,6,0.01230130298063159,0.012592046521604061,0.012033187163372835,0.003171231636467079,0.8723639483426017,0.7902043348594163
ganges_plain_2020-07-19T12:00:00,ganges_plain,synoptic,low_near,t1,q850_trace,precip_zwd,zwd,41.97747747747748,89.24892185705099,1.2194820556032937e-05,1.0,850,5.947778504728484e-05,0.007286028668292393,0.9999906744416827,0.9965391603267291,0.003451546302549891,396.84600830078125,396.7313537597656,396.9160461425781,-0.114654541015625,0.070037841796875,-0.09234619140625,-0.022308349609375,0.09234619140625,True,enc_s1,encoder,1,10,0.008259880961850286,0.007337845396250486,0.0071654776111245155,0.0030596246244385837,0.7320706747889647,0.7143272564481549
ganges_plain_2020-07-19T12:00:00,ganges_plain,synoptic,low_near,t1,q850_trace,precip_zwd,zwd,41.97747747747748,89.24892185705099,1.2194820556032937e-05,1.0,850,5.947778504728484e-05,0.007286028668292393,0.9999906744416827,0.9965391603267291,0.003451546302549891,396.84600830078125,396.7313537597656,396.9160461425781,-0.114654541015625,0.070037841796875,-0.09234619140625,-0.022308349609375,0.09234619140625,True,enc_s2,encoder,2,8,0.0037001416785642505,0.0029543795390054584,0.0030062452133279294,0.0014738013996975496,0.6476046491991845,0.6710922434604233
ganges_plain_2020-07-19T12:00:00,ganges_plain,synoptic,low_near,t1,q850_trace,precip_zwd,zwd,41.97747747747748,89.24892185705099,1.2194820556032937e-05,1.0,850,5.947778504728484e-05,0.007286028668292393,0.9999906744416827,0.9965391603267291,0.003451546302549891,396.84600830078125,396.7313537597656,396.9160461425781,-0.114654541015625,0.070037841796875,-0.09234619140625,-0.022308349609375,0.09234619140625,True,dec_s0,decoder,0,8,0.005118888686411083,0.004130930843530223,0.004123774298932403,0.0021513198589673266,0.6094324207721522,0.6576885730207068
ganges_plain_2020-07-19T12:00:00,ganges_plain,synoptic,low_near,t1,q850_trace,precip_zwd,zwd,41.97747747747748,89.24892185705099,1.2194820556032937e-05,1.0,850,5.947778504728484e-05,0.007286028668292393,0.9999906744416827,0.9965391603267291,0.003451546302549891,396.84600830078125,396.7313537597656,396.9160461425781,-0.114654541015625,0.070037841796875,-0.09234619140625,-0.022308349609375,0.09234619140625,True,dec_s1,decoder,1,10,0.006802410539239645,0.0055839236127212645,0.0053009138442575935,0.0032605974352918564,0.5081099432203209,0.6214316782321607
ganges_plain_2020-07-19T12:00:00,ganges_plain,synoptic,low_near,t1,q850_trace,precip_zwd,zwd,41.97747747747748,89.24892185705099,1.2194820556032937e-05,1.0,850,5.947778504728484e-05,0.007286028668292393,0.9999906744416827,0.9965391603267291,0.003451546302549891,396.84600830078125,396.7313537597656,396.9160461425781,-0.114654541015625,0.070037841796875,-0.09234619140625,-0.022308349609375,0.09234619140625,True,dec_s2,decoder,2,6,0.022150192099312942,0.019060750181476276,0.018159578864773113,0.009857470635324717,0.6173495077623652,0.6483098377363802
great_plains_2020-06-27T12:00:00,great_plains,local,hotspot,t1,q850_trace,precip_zwd,precip,38.97747747747748,262.0189286960998,0.00015982080367393792,1.0,850,0.0,0.0,1.0006750635812753,1.0006750635812753,0.0,-0.00997819285839796,0.1410069614648819,-0.012856354005634785,0.15098515432327986,-0.002878161147236824,0.07693165773525834,0.07405349658802152,0.07693165773525834,True,enc_s0,encoder,0,6,0.004919840954244137,0.004664696364973982,0.004664450728644927,0.0011043256963603199,0.9074511437352785,0.8076605783085009
great_plains_2020-06-27T12:00:00,great_plains,local,hotspot,t1,q850_trace,precip_zwd,precip,38.97747747747748,262.0189286960998,0.00015982080367393792,1.0,850,0.0,0.0,1.0006750635812753,1.0006750635812753,0.0,-0.00997819285839796,0.1410069614648819,-0.012856354005634785,0.15098515432327986,-0.002878161147236824,0.07693165773525834,0.07405349658802152,0.07693165773525834,True,enc_s1,encoder,1,10,0.003545373654924333,0.002864081831648946,0.0026588862761855125,0.0017506813863292336,0.5023811611758952,0.6345134425413544
great_plains_2020-06-27T12:00:00,great_plains,local,hotspot,t1,q850_trace,precip_zwd,precip,38.97747747747748,262.0189286960998,0.00015982080367393792,1.0,850,0.0,0.0,1.0006750635812753,1.0006750635812753,0.0,-0.00997819285839796,0.1410069614648819,-0.012856354005634785,0.15098515432327986,-0.002878161147236824,0.07693165773525834,0.07405349658802152,0.07693165773525834,True,enc_s2,encoder,2,8,0.001548703556181863,0.0012048822100041434,0.0011226767528569326,0.0008152648224495351,0.3283151230660909,0.5793973923488502
great_plains_2020-06-27T12:00:00,great_plains,local,hotspot,t1,q850_trace,precip_zwd,precip,38.97747747747748,262.0189286960998,0.00015982080367393792,1.0,850,0.0,0.0,1.0006750635812753,1.0006750635812753,0.0,-0.00997819285839796,0.1410069614648819,-0.012856354005634785,0.15098515432327986,-0.002878161147236824,0.07693165773525834,0.07405349658802152,0.07693165773525834,True,dec_s0,decoder,0,8,0.0020494997152127326,0.001657892600633204,0.001424846996087581,0.001200955332024023,0.18321192708643533,0.5439524806298297
great_plains_2020-06-27T12:00:00,great_plains,local,hotspot,t1,q850_trace,precip_zwd,precip,38.97747747747748,262.0189286960998,0.00015982080367393792,1.0,850,0.0,0.0,1.0006750635812753,1.0006750635812753,0.0,-0.00997819285839796,0.1410069614648819,-0.012856354005634785,0.15098515432327986,-0.002878161147236824,0.07693165773525834,0.07405349658802152,0.07693165773525834,True,dec_s1,decoder,1,10,0.003366451431065798,0.002986474637873471,0.0022471246658824382,0.002252527151722461,-0.016781303974350025,0.4959032775490172
great_plains_2020-06-27T12:00:00,great_plains,local,hotspot,t1,q850_trace,precip_zwd,precip,38.97747747747748,262.0189286960998,0.00015982080367393792,1.0,850,0.0,0.0,1.0006750635812753,1.0006750635812753,0.0,-0.00997819285839796,0.1410069614648819,-0.012856354005634785,0.15098515432327986,-0.002878161147236824,0.07693165773525834,0.07405349658802152,0.07693165773525834,True,dec_s2,decoder,2,6,0.0106507643746833,0.009305808382729689,0.007887930454065403,0.006148061715066433,0.28804790470547625,0.5620172932612294
great_plains_2020-06-27T12:00:00,great_plains,local,hotspot,t1,q850_trace,precip_only,precip,38.97747747747748,262.0189286960998,0.00015982080367393792,1.0,850,0.0,0.0,1.0006750635812753,1.0006750635812753,0.0,0.019932173192501068,0.20779579877853394,0.01786406897008419,0.18786362558603287,-0.0020681042224168777,0.09496586490422487,0.092897760681808,0.09496586490422487,True,enc_s0,encoder,0,6,0.004928862986465295,0.004620459008341034,0.004649582163741191,0.0010942344670183957,0.9094021382407288,0.8086017212331044
great_plains_2020-06-27T12:00:00,great_plains,local,hotspot,t1,q850_trace,precip_only,precip,38.97747747747748,262.0189286960998,0.00015982080367393792,1.0,850,0.0,0.0,1.0006750635812753,1.0006750635812753,0.0,0.019932173192501068,0.20779579877853394,0.01786406897008419,0.18786362558603287,-0.0020681042224168777,0.09496586490422487,0.092897760681808,0.09496586490422487,True,enc_s1,encoder,1,10,0.00357972530182451,0.0028377250069752335,0.0026697617722675204,0.0017510275589302181,0.5047182245154131,0.6345297980529248
great_plains_2020-06-27T12:00:00,great_plains,local,hotspot,t1,q850_trace,precip_only,precip,38.97747747747748,262.0189286960998,0.00015982080367393792,1.0,850,0.0,0.0,1.0006750635812753,1.0006750635812753,0.0,0.019932173192501068,0.20779579877853394,0.01786406897008419,0.18786362558603287,-0.0020681042224168777,0.09496586490422487,0.092897760681808,0.09496586490422487,True,enc_s2,encoder,2,8,0.0015846531168790534,0.001204889515065588,0.0011391193402232602,0.0008269211029983126,0.3305272541959876,0.579480048826847
great_plains_2020-06-27T12:00:00,great_plains,local,hotspot,t1,q850_trace,precip_only,precip,38.97747747747748,262.0189286960998,0.00015982080367393792,1.0,850,0.0,0.0,1.0006750635812753,1.0006750635812753,0.0,0.019932173192501068,0.20779579877853394,0.01786406897008419,0.18786362558603287,-0.0020681042224168777,0.09496586490422487,0.092897760681808,0.09496586490422487,True,dec_s0,decoder,0,8,0.0020949835452483967,0.0016611996397841722,0.001448202267056331,0.0012145184737164527,0.18897449400582184,0.5451584193991638
great_plains_2020-06-27T12:00:00,great_plains,local,hotspot,t1,q850_trace,precip_only,precip,38.97747747747748,262.0189286960998,0.00015982080367393792,1.0,850,0.0,0.0,1.0006750635812753,1.0006750635812753,0.0,0.019932173192501068,0.20779579877853394,0.01786406897008419,0.18786362558603287,-0.0020681042224168777,0.09496586490422487,0.092897760681808,0.09496586490422487,True,dec_s1,decoder,1,10,0.003349957009777427,0.0029337990563362837,0.0022155910730361937,0.0022368657868355513,-0.02354871112877747,0.4943094545371811
great_plains_2020-06-27T12:00:00,great_plains,local,hotspot,t1,q850_trace,precip_only,precip,38.97747747747748,262.0189286960998,0.00015982080367393792,1.0,850,0.0,0.0,1.0006750635812753,1.0006750635812753,0.0,0.019932173192501068,0.20779579877853394,0.01786406897008419,0.18786362558603287,-0.0020681042224168777,0.09496586490422487,0.092897760681808,0.09496586490422487,True,dec_s2,decoder,2,6,0.010921012920637926,0.009428429106871286,0.008037233259528875,0.006283597555011511,0.2861287570856554,0.561296550372658
great_plains_2020-06-27T12:00:00,great_plains,local,low_near,t1,q850_trace,precip_zwd,precip,51.47747747747748,264.5189286960998,4.923642336507328e-06,1.0,850,0.0,0.0,1.0005407229821186,1.0005407229821186,0.0,-0.00997819285839796,-0.009963243268430233,-0.01034827996045351,1.4949589967727661e-05,-0.0003700871020555496,0.00019251834601163864,-0.00017756875604391098,0.00019251834601163864,True,enc_s0,encoder,0,6,0.0066273934207856655,0.006481374381110072,0.006354884089281161,0.0016037170231963198,0.8893741573292483,0.7976373514057431
great_plains_2020-06-27T12:00:00,great_plains,local,low_near,t1,q850_trace,precip_zwd,precip,51.47747747747748,264.5189286960998,4.923642336507328e-06,1.0,850,0.0,0.0,1.0005407229821186,1.0005407229821186,0.0,-0.00997819285839796,-0.009963243268430233,-0.01034827996045351,1.4949589967727661e-05,-0.0003700871020555496,0.00019251834601163864,-0.00017756875604391098,0.00019251834601163864,True,enc_s1,encoder,1,10,0.004414236266165971,0.0037431599339470267,0.0034719102550297976,0.0020887811027932913,0.5429193262567762,0.6494205443425287
great_plains_2020-06-27T12:00:00,great_plains,local,low_near,t1,q850_trace,precip_zwd,precip,51.47747747747748,264.5189286960998,4.923642336507328e-06,1.0,850,0.0,0.0,1.0005407229821186,1.0005407229821186,0.0,-0.00997819285839796,-0.009963243268430233,-0.01034827996045351,1.4949589967727661e-05,-0.0003700871020555496,0.00019251834601163864,-0.00017756875604391098,0.00019251834601163864,True,enc_s2,encoder,2,8,0.0020293022971600294,0.0015727644495200366,0.0014958069514250383,0.0010287421173416078,0.3814834515456471,0.5925800927717825
great_plains_2020-06-27T12:00:00,great_plains,local,low_near,t1,q850_trace,precip_zwd,precip,51.47747747747748,264.5189286960998,4.923642336507328e-06,1.0,850,0.0,0.0,1.0005407229821186,1.0005407229821186,0.0,-0.00997819285839796,-0.009963243268430233,-0.01034827996045351,1.4949589967727661e-05,-0.0003700871020555496,0.00019251834601163864,-0.00017756875604391098,0.00019251834601163864,True,dec_s0,decoder,0,8,0.0026939378294628114,0.0020678388827946037,0.0019137341441819444,0.0014500076504191384,0.29264152469719584,0.5697364011516091
great_plains_2020-06-27T12:00:00,great_plains,local,low_near,t1,q850_trace,precip_zwd,precip,51.47747747747748,264.5189286960998,4.923642336507328e-06,1.0,850,0.0,0.0,1.0005407229821186,1.0005407229821186,0.0,-0.00997819285839796,-0.009963243268430233,-0.01034827996045351,1.4949589967727661e-05,-0.0003700871020555496,0.00019251834601163864,-0.00017756875604391098,0.00019251834601163864,True,dec_s1,decoder,1,10,0.004944974393583834,0.003839699667878449,0.0033834294066764415,0.0028577242395840586,0.18810930798044045,0.5430276526930143
great_plains_2020-06-27T12:00:00,great_plains,local,low_near,t1,q850_trace,precip_zwd,precip,51.47747747747748,264.5189286960998,4.923642336507328e-06,1.0,850,0.0,0.0,1.0005407229821186,1.0005407229821186,0.0,-0.00997819285839796,-0.009963243268430233,-0.01034827996045351,1.4949589967727661e-05,-0.0003700871020555496,0.00019251834601163864,-0.00017756875604391098,0.00019251834601163864,True,dec_s2,decoder,2,6,0.014446653115252653,0.011264951433986425,0.010362361557781696,0.007773010681072871,0.33610390013704405,0.5714812109049946
great_plains_2020-06-27T12:00:00,great_plains,local,low_near,t1,q850_trace,precip_only,precip,51.47747747747748,264.5189286960998,4.923642336507328e-06,1.0,850,0.0,0.0,1.0005407229821186,1.0005407229821186,0.0,0.019932173192501068,0.019762886688113213,0.019852539524435997,-0.00016928650438785553,-7.96336680650711e-05,-4.482641816139221e-05,-0.00012446008622646332,0.00012446008622646332,False,enc_s0,encoder,0,6,0.006527197081595659,0.006269512542833884,0.006202982040122151,0.00157159495089824,0.8893328212288548,0.7969918148254443
great_plains_2020-06-27T12:00:00,great_plains,local,low_near,t1,q850_trace,precip_only,precip,51.47747747747748,264.5189286960998,4.923642336507328e-06,1.0,850,0.0,0.0,1.0005407229821186,1.0005407229821186,0.0,0.019932173192501068,0.019762886688113213,0.019852539524435997,-0.00016928650438785553,-7.96336680650711e-05,-4.482641816139221e-05,-0.00012446008622646332,0.00012446008622646332,False,enc_s1,encoder,1,10,0.004375471500679851,0.003628114308230579,0.0033917502034455536,0.0020797822799067944,0.5302313766934756,0.6451948726717986
great_plains_2020-06-27T12:00:00,great_plains,local,low_near,t1,q850_trace,precip_only,precip,51.47747747747748,264.5189286960998,4.923642336507328e-06,1.0,850,0.0,0.0,1.0005407229821186,1.0005407229821186,0.0,0.019932173192501068,0.019762886688113213,0.019852539524435997,-0.00016928650438785553,-7.96336680650711e-05,-4.482641816139221e-05,-0.00012446008622646332,0.00012446008622646332,False,enc_s2,encoder,2,8,0.0020705662900581956,0.0015608426183462143,0.0015023711312096566,0.0010509732383070514,0.36859629431552715,0.5884682310539409
great_plains_2020-06-27T12:00:00,great_plains,local,low_near,t1,q850_trace,precip_only,precip,51.47747747747748,264.5189286960998,4.923642336507328e-06,1.0,850,0.0,0.0,1.0005407229821186,1.0005407229821186,0.0,0.019932173192501068,0.019762886688113213,0.019852539524435997,-0.00016928650438785553,-7.96336680650711e-05,-4.482641816139221e-05,-0.00012446008622646332,0.00012446008622646332,False,dec_s0,decoder,0,8,0.0027462020225357264,0.002045327622909099,0.0019182477990398183,0.0014768418477615342,0.27879191455962604,0.565805094638697
great_plains_2020-06-27T12:00:00,great_plains,local,low_near,t1,q850_trace,precip_only,precip,51.47747747747748,264.5189286960998,4.923642336507328e-06,1.0,850,0.0,0.0,1.0005407229821186,1.0005407229821186,0.0,0.019932173192501068,0.019762886688113213,0.019852539524435997,-0.00016928650438785553,-7.96336680650711e-05,-4.482641816139221e-05,-0.00012446008622646332,0.00012446008622646332,False,dec_s1,decoder,1,10,0.004961144109256565,0.003747609630227089,0.0033152687828987837,0.00288992621935904,0.15325677242891808,0.534798593479163
great_plains_2020-06-27T12:00:00,great_plains,local,low_near,t1,q850_trace,precip_only,precip,51.47747747747748,264.5189286960998,4.923642336507328e-06,1.0,850,0.0,0.0,1.0005407229821186,1.0005407229821186,0.0,0.019932173192501068,0.019762886688113213,0.019852539524435997,-0.00016928650438785553,-7.96336680650711e-05,-4.482641816139221e-05,-0.00012446008622646332,0.00012446008622646332,False,dec_s2,decoder,2,6,0.015057129319757223,0.011439224860320488,0.01058465801179409,0.008169465387860933,0.30665396277410123,0.5645949636046055
great_plains_2020-06-27T12:00:00,great_plains,local,hotspot,t1,q850_trace,precip_zwd,zwd,38.97747747747748,262.0189286960998,0.00015982080367393792,1.0,850,0.0,0.0,1.0006750635812753,1.0006750635812753,0.0,233.7599334716797,237.65626525878906,229.76922607421875,3.896331787109375,-3.9907073974609375,3.9435195922851562,-0.04718780517578125,3.9435195922851562,True,enc_s0,encoder,0,6,0.004919840954244137,0.004664696364973982,0.004664450728644927,0.0011043256963603199,0.9074511437352785,0.8076605783085009
great_plains_2020-06-27T12:00:00,great_plains,local,hotspot,t1,q850_trace,precip_zwd,zwd,38.97747747747748,262.0189286960998,0.00015982080367393792,1.0,850,0.0,0.0,1.0006750635812753,1.0006750635812753,0.0,233.7599334716797,237.65626525878906,229.76922607421875,3.896331787109375,-3.9907073974609375,3.9435195922851562,-0.04718780517578125,3.9435195922851562,True,enc_s1,encoder,1,10,0.003545373654924333,0.002864081831648946,0.0026588862761855125,0.0017506813863292336,0.5023811611758952,0.6345134425413544
great_plains_2020-06-27T12:00:00,great_plains,local,hotspot,t1,q850_trace,precip_zwd,zwd,38.97747747747748,262.0189286960998,0.00015982080367393792,1.0,850,0.0,0.0,1.0006750635812753,1.0006750635812753,0.0,233.7599334716797,237.65626525878906,229.76922607421875,3.896331787109375,-3.9907073974609375,3.9435195922851562,-0.04718780517578125,3.9435195922851562,True,enc_s2,encoder,2,8,0.001548703556181863,0.0012048822100041434,0.0011226767528569326,0.0008152648224495351,0.3283151230660909,0.5793973923488502
great_plains_2020-06-27T12:00:00,great_plains,local,hotspot,t1,q850_trace,precip_zwd,zwd,38.97747747747748,262.0189286960998,0.00015982080367393792,1.0,850,0.0,0.0,1.0006750635812753,1.0006750635812753,0.0,233.7599334716797,237.65626525878906,229.76922607421875,3.896331787109375,-3.9907073974609375,3.9435195922851562,-0.04718780517578125,3.9435195922851562,True,dec_s0,decoder,0,8,0.0020494997152127326,0.001657892600633204,0.001424846996087581,0.001200955332024023,0.18321192708643533,0.5439524806298297
great_plains_2020-06-27T12:00:00,great_plains,local,hotspot,t1,q850_trace,precip_zwd,zwd,38.97747747747748,262.0189286960998,0.00015982080367393792,1.0,850,0.0,0.0,1.0006750635812753,1.0006750635812753,0.0,233.7599334716797,237.65626525878906,229.76922607421875,3.896331787109375,-3.9907073974609375,3.9435195922851562,-0.04718780517578125,3.9435195922851562,True,dec_s1,decoder,1,10,0.003366451431065798,0.002986474637873471,0.0022471246658824382,0.002252527151722461,-0.016781303974350025,0.4959032775490172
great_plains_2020-06-27T12:00:00,great_plains,local,hotspot,t1,q850_trace,precip_zwd,zwd,38.97747747747748,262.0189286960998,0.00015982080367393792,1.0,850,0.0,0.0,1.0006750635812753,1.0006750635812753,0.0,233.7599334716797,237.65626525878906,229.76922607421875,3.896331787109375,-3.9907073974609375,3.9435195922851562,-0.04718780517578125,3.9435195922851562,True,dec_s2,decoder,2,6,0.0106507643746833,0.009305808382729689,0.007887930454065403,0.006148061715066433,0.28804790470547625,0.5620172932612294
great_plains_2020-06-27T12:00:00,great_plains,local,low_near,t1,q850_trace,precip_zwd,zwd,51.47747747747748,264.5189286960998,4.923642336507328e-06,1.0,850,0.0,0.0,1.0005407229821186,1.0005407229821186,0.0,233.7599334716797,233.76663208007812,233.73007202148438,0.0066986083984375,-0.0298614501953125,0.018280029296875,-0.0115814208984375,0.018280029296875,True,enc_s0,encoder,0,6,0.0066273934207856655,0.006481374381110072,0.006354884089281161,0.0016037170231963198,0.8893741573292483,0.7976373514057431
great_plains_2020-06-27T12:00:00,great_plains,local,low_near,t1,q850_trace,precip_zwd,zwd,51.47747747747748,264.5189286960998,4.923642336507328e-06,1.0,850,0.0,0.0,1.0005407229821186,1.0005407229821186,0.0,233.7599334716797,233.76663208007812,233.73007202148438,0.0066986083984375,-0.0298614501953125,0.018280029296875,-0.0115814208984375,0.018280029296875,True,enc_s1,encoder,1,10,0.004414236266165971,0.0037431599339470267,0.0034719102550297976,0.0020887811027932913,0.5429193262567762,0.6494205443425287
great_plains_2020-06-27T12:00:00,great_plains,local,low_near,t1,q850_trace,precip_zwd,zwd,51.47747747747748,264.5189286960998,4.923642336507328e-06,1.0,850,0.0,0.0,1.0005407229821186,1.0005407229821186,0.0,233.7599334716797,233.76663208007812,233.73007202148438,0.0066986083984375,-0.0298614501953125,0.018280029296875,-0.0115814208984375,0.018280029296875,True,enc_s2,encoder,2,8,0.0020293022971600294,0.0015727644495200366,0.0014958069514250383,0.0010287421173416078,0.3814834515456471,0.5925800927717825
great_plains_2020-06-27T12:00:00,great_plains,local,low_near,t1,q850_trace,precip_zwd,zwd,51.47747747747748,264.5189286960998,4.923642336507328e-06,1.0,850,0.0,0.0,1.0005407229821186,1.0005407229821186,0.0,233.7599334716797,233.76663208007812,233.73007202148438,0.0066986083984375,-0.0298614501953125,0.018280029296875,-0.0115814208984375,0.018280029296875,True,dec_s0,decoder,0,8,0.0026939378294628114,0.0020678388827946037,0.0019137341441819444,0.0014500076504191384,0.29264152469719584,0.5697364011516091
great_plains_2020-06-27T12:00:00,great_plains,local,low_near,t1,q850_trace,precip_zwd,zwd,51.47747747747748,264.5189286960998,4.923642336507328e-06,1.0,850,0.0,0.0,1.0005407229821186,1.0005407229821186,0.0,233.7599334716797,233.76663208007812,233.73007202148438,0.0066986083984375,-0.0298614501953125,0.018280029296875,-0.0115814208984375,0.018280029296875,True,dec_s1,decoder,1,10,0.004944974393583834,0.003839699667878449,0.0033834294066764415,0.0028577242395840586,0.18810930798044045,0.5430276526930143
great_plains_2020-06-27T12:00:00,great_plains,local,low_near,t1,q850_trace,precip_zwd,zwd,51.47747747747748,264.5189286960998,4.923642336507328e-06,1.0,850,0.0,0.0,1.0005407229821186,1.0005407229821186,0.0,233.7599334716797,233.76663208007812,233.73007202148438,0.0066986083984375,-0.0298614501953125,0.018280029296875,-0.0115814208984375,0.018280029296875,True,dec_s2,decoder,2,6,0.014446653115252653,0.011264951433986425,0.010362361557781696,0.007773010681072871,0.33610390013704405,0.5714812109049946
great_plains_2020-06-27T12:00:00,great_plains,synoptic,hotspot,t1,q850_trace,precip_zwd,precip,36.47747747747748,264.5189286960998,0.0003045427438337356,1.0,850,0.0,0.0,1.000121249392843,1.000121249392843,0.0,-0.00997819285839796,0.12551091611385345,-0.010479746386408806,0.13548910897225142,-0.0005015535280108452,0.06799533125013113,0.06749377772212029,0.06799533125013113,True,enc_s0,encoder,0,6,0.012090646817038456,0.011491879976044098,0.011511374109735092,0.002567798364907503,0.9106146753926537,0.8169249471098441
great_plains_2020-06-27T12:00:00,great_plains,synoptic,hotspot,t1,q850_trace,precip_zwd,precip,36.47747747747748,264.5189286960998,0.0003045427438337356,1.0,850,0.0,0.0,1.000121249392843,1.000121249392843,0.0,-0.00997819285839796,0.12551091611385345,-0.010479746386408806,0.13548910897225142,-0.0005015535280108452,0.06799533125013113,0.06749377772212029,0.06799533125013113,True,enc_s1,encoder,1,10,0.007805954571813345,0.006198390945792198,0.00632140040397644,0.003045144025236368,0.6870483551315928,0.6917926741275602
great_plains_2020-06-27T12:00:00,great_plains,synoptic,hotspot,t1,q850_trace,precip_zwd,precip,36.47747747747748,264.5189286960998,0.0003045427438337356,1.0,850,0.0,0.0,1.000121249392843,1.000121249392843,0.0,-0.00997819285839796,0.12551091611385345,-0.010479746386408806,0.13548910897225142,-0.0005015535280108452,0.06799533125013113,0.06749377772212029,0.06799533125013113,True,enc_s2,encoder,2,8,0.0033153782424051315,0.002486329263774678,0.002589032897958532,0.001372453203657642,0.6070721145426139,0.6535969888862787
great_plains_2020-06-27T12:00:00,great_plains,synoptic,hotspot,t1,q850_trace,precip_zwd,precip,36.47747747747748,264.5189286960998,0.0003045427438337356,1.0,850,0.0,0.0,1.000121249392843,1.000121249392843,0.0,-0.00997819285839796,0.12551091611385345,-0.010479746386408806,0.13548910897225142,-0.0005015535280108452,0.06799533125013113,0.06749377772212029,0.06799533125013113,True,dec_s0,decoder,0,8,0.004240580485202372,0.0032606682798359543,0.0033030152844730765,0.0018429818446747959,0.5655237310937022,0.6422238215304619
great_plains_2020-06-27T12:00:00,great_plains,synoptic,hotspot,t1,q850_trace,precip_zwd,precip,36.47747747747748,264.5189286960998,0.0003045427438337356,1.0,850,0.0,0.0,1.000121249392843,1.000121249392843,0.0,-0.00997819285839796,0.12551091611385345,-0.010479746386408806,0.13548910897225142,-0.0005015535280108452,0.06799533125013113,0.06749377772212029,0.06799533125013113,True,dec_s1,decoder,1,10,0.006020112964324653,0.005305502470582724,0.004754584608599543,0.003096331190317869,0.4476639727899382,0.6071701564907203
great_plains_2020-06-27T12:00:00,great_plains,synoptic,hotspot,t1,q850_trace,precip_zwd,precip,36.47747747747748,264.5189286960998,0.0003045427438337356,1.0,850,0.0,0.0,1.000121249392843,1.000121249392843,0.0,-0.00997819285839796,0.12551091611385345,-0.010479746386408806,0.13548910897225142,-0.0005015535280108452,0.06799533125013113,0.06749377772212029,0.06799533125013113,True,dec_s2,decoder,2,6,0.021238192605475586,0.019251549616456032,0.018020898414154846,0.00927741794536511,0.6576775731175345,0.660250984677866
great_plains_2020-06-27T12:00:00,great_plains,synoptic,hotspot,t1,q850_trace,precip_only,precip,36.47747747747748,264.5189286960998,0.0003045427438337356,1.0,850,0.0,0.0,1.000121249392843,1.000121249392843,0.0,0.019932173192501068,0.17732667922973633,0.018736084923148155,0.15739450603723526,-0.001196088269352913,0.07929529715329409,0.07809920888394117,0.07929529715329409,True,enc_s0,encoder,0,6,0.012070555860797564,0.011290823264668385,0.011403765839835009,0.0025550204251582422,0.9108241253055679,0.8162650220072956
great_plains_2020-06-27T12:00:00,great_plains,synoptic,hotspot,t1,q850_trace,precip_only,precip,36.47747747747748,264.5189286960998,0.0003045427438337356,1.0,850,0.0,0.0,1.000121249392843,1.000121249392843,0.0,0.019932173192501068,0.17732667922973633,0.018736084923148155,0.15739450603723526,-0.001196088269352913,0.07929529715329409,0.07809920888394117,0.07929529715329409,True,enc_s1,encoder,1,10,0.007899106992408634,0.006151894992217422,0.006329932203516364,0.003102412330918014,0.678992375792917,0.6876147878621418
great_plains_2020-06-27T12:00:00,great_plains,synoptic,hotspot,t1,q850_trace,precip_only,precip,36.47747747747748,264.5189286960998,0.0003045427438337356,1.0,850,0.0,0.0,1.000121249392843,1.000121249392843,0.0,0.019932173192501068,0.17732667922973633,0.018736084923148155,0.15739450603723526,-0.001196088269352913,0.07929529715329409,0.07809920888394117,0.07929529715329409,True,enc_s2,encoder,2,8,0.003424459951929748,0.0025071106501854956,0.0026365915837232023,0.0014333846047520638,0.5916427261632659,0.647858788392393
great_plains_2020-06-27T12:00:00,great_plains,synoptic,hotspot,t1,q850_trace,precip_only,precip,36.47747747747748,264.5189286960998,0.0003045427438337356,1.0,850,0.0,0.0,1.000121249392843,1.000121249392843,0.0,0.019932173192501068,0.17732667922973633,0.018736084923148155,0.15739450603723526,-0.001196088269352913,0.07929529715329409,0.07809920888394117,0.07929529715329409,True,dec_s0,decoder,0,8,0.004366423352621496,0.003290354216005653,0.003359203867148608,0.0019134524336550385,0.5523963408871805,0.6374201242388456
great_plains_2020-06-27T12:00:00,great_plains,synoptic,hotspot,t1,q850_trace,precip_only,precip,36.47747747747748,264.5189286960998,0.0003045427438337356,1.0,850,0.0,0.0,1.000121249392843,1.000121249392843,0.0,0.019932173192501068,0.17732667922973633,0.018736084923148155,0.15739450603723526,-0.001196088269352913,0.07929529715329409,0.07809920888394117,0.07929529715329409,True,dec_s1,decoder,1,10,0.006031036283820868,0.005226180632598698,0.0046930737560614945,0.0031331437290646135,0.42625307597078627,0.6012986695370883
great_plains_2020-06-27T12:00:00,great_plains,synoptic,hotspot,t1,q850_trace,precip_only,precip,36.47747747747748,264.5189286960998,0.0003045427438337356,1.0,850,0.0,0.0,1.000121249392843,1.000121249392843,0.0,0.019932173192501068,0.17732667922973633,0.018736084923148155,0.15739450603723526,-0.001196088269352913,0.07929529715329409,0.07809920888394117,0.07929529715329409,True,dec_s2,decoder,2,6,0.021698284273346264,0.019549736753106117,0.018258200647930305,0.00964815573145946,0.6376410861531108,0.6545344107728407
great_plains_2020-06-27T12:00:00,great_plains,synoptic,low_near,t1,q850_trace,precip_zwd,precip,56.47747747747748,264.5189286960998,2.6525876819505356e-05,1.0,850,0.0,0.007884972170686457,1.000083204966758,0.9935242252867679,0.006558433985708361,-0.00997819285839796,-0.009795041754841805,-0.009974170476198196,0.00018315110355615616,4.022382199764252e-06,8.956436067819595e-05,9.35867428779602e-05,9.35867428779602e-05,False,enc_s0,encoder,0,6,0.018763467359046142,0.018205540565152962,0.01787252662082513,0.004715736644963424,0.8709452157877866,0.7903131439495596
great_plains_2020-06-27T12:00:00,great_plains,synoptic,low_near,t1,q850_trace,precip_zwd,precip,56.47747747747748,264.5189286960998,2.6525876819505356e-05,1.0,850,0.0,0.007884972170686457,1.000083204966758,0.9935242252867679,0.006558433985708361,-0.00997819285839796,-0.009795041754841805,-0.009974170476198196,0.00018315110355615616,4.022382199764252e-06,8.956436067819595e-05,9.35867428779602e-05,9.35867428779602e-05,False,enc_s1,encoder,1,10,0.013481443654745818,0.010418477933853865,0.010808138642460108,0.005291933286935091,0.6557524901366492,0.6784948470517189
great_plains_2020-06-27T12:00:00,great_plains,synoptic,low_near,t1,q850_trace,precip_zwd,precip,56.47747747747748,264.5189286960998,2.6525876819505356e-05,1.0,850,0.0,0.007884972170686457,1.000083204966758,0.9935242252867679,0.006558433985708361,-0.00997819285839796,-0.009795041754841805,-0.009974170476198196,0.00018315110355615616,4.022382199764252e-06,8.956436067819595e-05,9.35867428779602e-05,9.35867428779602e-05,False,enc_s2,encoder,2,8,0.005740736378356814,0.004002137284260243,0.004280411987565458,0.0024828605528455228,0.5424928473447868,0.6329045788066121
great_plains_2020-06-27T12:00:00,great_plains,synoptic,low_near,t1,q850_trace,precip_zwd,precip,56.47747747747748,264.5189286960998,2.6525876819505356e-05,1.0,850,0.0,0.007884972170686457,1.000083204966758,0.9935242252867679,0.006558433985708361,-0.00997819285839796,-0.009795041754841805,-0.009974170476198196,0.00018315110355615616,4.022382199764252e-06,8.956436067819595e-05,9.35867428779602e-05,9.35867428779602e-05,False,dec_s0,decoder,0,8,0.007222812331747264,0.005048037506639957,0.00537064706441015,0.0031592812738381326,0.5348182005992295,0.629762005604154
great_plains_2020-06-27T12:00:00,great_plains,synoptic,low_near,t1,q850_trace,precip_zwd,precip,56.47747747747748,264.5189286960998,2.6525876819505356e-05,1.0,850,0.0,0.007884972170686457,1.000083204966758,0.9935242252867679,0.006558433985708361,-0.00997819285839796,-0.009795041754841805,-0.009974170476198196,0.00018315110355615616,4.022382199764252e-06,8.956436067819595e-05,9.35867428779602e-05,9.35867428779602e-05,False,dec_s1,decoder,1,10,0.01023943698965013,0.008602847112342715,0.007992679998278619,0.0050472022034227845,0.49212549098977887,0.6193649399853693
great_plains_2020-06-27T12:00:00,great_plains,synoptic,low_near,t1,q850_trace,precip_zwd,precip,56.47747747747748,264.5189286960998,2.6525876819505356e-05,1.0,850,0.0,0.007884972170686457,1.000083204966758,0.9935242252867679,0.006558433985708361,-0.00997819285839796,-0.009795041754841805,-0.009974170476198196,0.00018315110355615616,4.022382199764252e-06,8.956436067819595e-05,9.35867428779602e-05,9.35867428779602e-05,False,dec_s2,decoder,2,6,0.03324235727389654,0.02912084199488163,0.02790939901024103,0.014055219478905201,0.6420885985302439,0.6652051289792638
great_plains_2020-06-27T12:00:00,great_plains,synoptic,low_near,t1,q850_trace,precip_only,precip,56.47747747747748,264.5189286960998,2.6525876819505356e-05,1.0,850,0.0,0.007884972170686457,1.000083204966758,0.9935242252867679,0.006558433985708361,0.019932173192501068,0.019568733870983124,0.01995859108865261,-0.00036343932151794434,2.6417896151542664e-05,-0.0001949286088347435,-0.00016851071268320084,0.0001949286088347435,True,enc_s0,encoder,0,6,0.01862752189238866,0.017888602800667286,0.017648452892899513,0.004683343305562933,0.8699501038706877,0.7893648267804075
great_plains_2020-06-27T12:00:00,great_plains,synoptic,low_near,t1,q850_trace,precip_only,precip,56.47747747747748,264.5189286960998,2.6525876819505356e-05,1.0,850,0.0,0.007884972170686457,1.000083204966758,0.9935242252867679,0.006558433985708361,0.019932173192501068,0.019568733870983124,0.01995859108865261,-0.00036343932151794434,2.6417896151542664e-05,-0.0001949286088347435,-0.00016851071268320084,0.0001949286088347435,True,enc_s1,encoder,1,10,0.013435898069292306,0.010221929429098964,0.01065640514716506,0.0053462081123143435,0.6419916777627326,0.6731452215679046
great_plains_2020-06-27T12:00:00,great_plains,synoptic,low_near,t1,q850_trace,precip_only,precip,56.47747747747748,264.5189286960998,2.6525876819505356e-05,1.0,850,0.0,0.007884972170686457,1.000083204966758,0.9935242252867679,0.006558433985708361,0.019932173192501068,0.019568733870983124,0.01995859108865261,-0.00036343932151794434,2.6417896151542664e-05,-0.0001949286088347435,-0.00016851071268320084,0.0001949286088347435,True,enc_s2,encoder,2,8,0.005933267006184906,0.004051781550515443,0.004366376961115748,0.002597116370452568,0.5257093410280473,0.6270519387277184
great_plains_2020-06-27T12:00:00,great_plains,synoptic,low_near,t1,q850_trace,precip_only,precip,56.47747747747748,264.5189286960998,2.6525876819505356e-05,1.0,850,0.0,0.007884972170686457,1.000083204966758,0.9935242252867679,0.006558433985708361,0.019932173192501068,0.019568733870983124,0.01995859108865261,-0.00036343932151794434,2.6417896151542664e-05,-0.0001949286088347435,-0.00016851071268320084,0.0001949286088347435,True,dec_s0,decoder,0,8,0.007460365362931043,0.005101391230709851,0.005475971614941955,0.003294468653621152,0.5194318330362511,0.6244888999531875
great_plains_2020-06-27T12:00:00,great_plains,synoptic,low_near,t1,q850_trace,precip_only,precip,56.47747747747748,264.5189286960998,2.6525876819505356e-05,1.0,850,0.0,0.007884972170686457,1.000083204966758,0.9935242252867679,0.006558433985708361,0.019932173192501068,0.019568733870983124,0.01995859108865261,-0.00036343932151794434,2.6417896151542664e-05,-0.0001949286088347435,-0.00016851071268320084,0.0001949286088347435,True,dec_s1,decoder,1,10,0.01021128473803401,0.008371032308787107,0.007801034115254879,0.005123764812014997,0.45793165503864464,0.609547167148689
great_plains_2020-06-27T12:00:00,great_plains,synoptic,low_near,t1,q850_trace,precip_only,precip,56.47747747747748,264.5189286960998,2.6525876819505356e-05,1.0,850,0.0,0.007884972170686457,1.000083204966758,0.9935242252867679,0.006558433985708361,0.019932173192501068,0.019568733870983124,0.01995859108865261,-0.00036343932151794434,2.6417896151542664e-05,-0.0001949286088347435,-0.00016851071268320084,0.0001949286088347435,True,dec_s2,decoder,2,6,0.0342373742411534,0.029941927331189316,0.028442232869565487,0.015001501111934582,0.6095237265104599,0.6552213509189686
great_plains_2020-06-27T12:00:00,great_plains,synoptic,hotspot,t1,q850_trace,precip_zwd,zwd,36.47747747747748,264.5189286960998,0.0003045427438337356,1.0,850,0.0,0.0,1.000121249392843,1.000121249392843,0.0,233.7599334716797,235.41000366210938,231.8162841796875,1.6500701904296875,-1.9436492919921875,1.7968597412109375,-0.14678955078125,1.7968597412109375,True,enc_s0,encoder,0,6,0.012090646817038456,0.011491879976044098,0.011511374109735092,0.002567798364907503,0.9106146753926537,0.8169249471098441
great_plains_2020-06-27T12:00:00,great_plains,synoptic,hotspot,t1,q850_trace,precip_zwd,zwd,36.47747747747748,264.5189286960998,0.0003045427438337356,1.0,850,0.0,0.0,1.000121249392843,1.000121249392843,0.0,233.7599334716797,235.41000366210938,231.8162841796875,1.6500701904296875,-1.9436492919921875,1.7968597412109375,-0.14678955078125,1.7968597412109375,True,enc_s1,encoder,1,10,0.007805954571813345,0.006198390945792198,0.00632140040397644,0.003045144025236368,0.6870483551315928,0.6917926741275602
great_plains_2020-06-27T12:00:00,great_plains,synoptic,hotspot,t1,q850_trace,precip_zwd,zwd,36.47747747747748,264.5189286960998,0.0003045427438337356,1.0,850,0.0,0.0,1.000121249392843,1.000121249392843,0.0,233.7599334716797,235.41000366210938,231.8162841796875,1.6500701904296875,-1.9436492919921875,1.7968597412109375,-0.14678955078125,1.7968597412109375,True,enc_s2,encoder,2,8,0.0033153782424051315,0.002486329263774678,0.002589032897958532,0.001372453203657642,0.6070721145426139,0.6535969888862787
great_plains_2020-06-27T12:00:00,great_plains,synoptic,hotspot,t1,q850_trace,precip_zwd,zwd,36.47747747747748,264.5189286960998,0.0003045427438337356,1.0,850,0.0,0.0,1.000121249392843,1.000121249392843,0.0,233.7599334716797,235.41000366210938,231.8162841796875,1.6500701904296875,-1.9436492919921875,1.7968597412109375,-0.14678955078125,1.7968597412109375,True,dec_s0,decoder,0,8,0.004240580485202372,0.0032606682798359543,0.0033030152844730765,0.0018429818446747959,0.5655237310937022,0.6422238215304619
great_plains_2020-06-27T12:00:00,great_plains,synoptic,hotspot,t1,q850_trace,precip_zwd,zwd,36.47747747747748,264.5189286960998,0.0003045427438337356,1.0,850,0.0,0.0,1.000121249392843,1.000121249392843,0.0,233.7599334716797,235.41000366210938,231.8162841796875,1.6500701904296875,-1.9436492919921875,1.7968597412109375,-0.14678955078125,1.7968597412109375,True,dec_s1,decoder,1,10,0.006020112964324653,0.005305502470582724,0.004754584608599543,0.003096331190317869,0.4476639727899382,0.6071701564907203
great_plains_2020-06-27T12:00:00,great_plains,synoptic,hotspot,t1,q850_trace,precip_zwd,zwd,36.47747747747748,264.5189286960998,0.0003045427438337356,1.0,850,0.0,0.0,1.000121249392843,1.000121249392843,0.0,233.7599334716797,235.41000366210938,231.8162841796875,1.6500701904296875,-1.9436492919921875,1.7968597412109375,-0.14678955078125,1.7968597412109375,True,dec_s2,decoder,2,6,0.021238192605475586,0.019251549616456032,0.018020898414154846,0.00927741794536511,0.6576775731175345,0.660250984677866
great_plains_2020-06-27T12:00:00,great_plains,synoptic,low_near,t1,q850_trace,precip_zwd,zwd,56.47747747747748,264.5189286960998,2.6525876819505356e-05,1.0,850,0.0,0.007884972170686457,1.000083204966758,0.9935242252867679,0.006558433985708361,233.7599334716797,233.786865234375,233.7716522216797,0.0269317626953125,0.01171875,0.00760650634765625,0.01932525634765625,0.01932525634765625,False,enc_s0,encoder,0,6,0.018763467359046142,0.018205540565152962,0.01787252662082513,0.004715736644963424,0.8709452157877866,0.7903131439495596
great_plains_2020-06-27T12:00:00,great_plains,synoptic,low_near,t1,q850_trace,precip_zwd,zwd,56.47747747747748,264.5189286960998,2.6525876819505356e-05,1.0,850,0.0,0.007884972170686457,1.000083204966758,0.9935242252867679,0.006558433985708361,233.7599334716797,233.786865234375,233.7716522216797,0.0269317626953125,0.01171875,0.00760650634765625,0.01932525634765625,0.01932525634765625,False,enc_s1,encoder,1,10,0.013481443654745818,0.010418477933853865,0.010808138642460108,0.005291933286935091,0.6557524901366492,0.6784948470517189
great_plains_2020-06-27T12:00:00,great_plains,synoptic,low_near,t1,q850_trace,precip_zwd,zwd,56.47747747747748,264.5189286960998,2.6525876819505356e-05,1.0,850,0.0,0.007884972170686457,1.000083204966758,0.9935242252867679,0.006558433985708361,233.7599334716797,233.786865234375,233.7716522216797,0.0269317626953125,0.01171875,0.00760650634765625,0.01932525634765625,0.01932525634765625,False,enc_s2,encoder,2,8,0.005740736378356814,0.004002137284260243,0.004280411987565458,0.0024828605528455228,0.5424928473447868,0.6329045788066121
great_plains_2020-06-27T12:00:00,great_plains,synoptic,low_near,t1,q850_trace,precip_zwd,zwd,56.47747747747748,264.5189286960998,2.6525876819505356e-05,1.0,850,0.0,0.007884972170686457,1.000083204966758,0.9935242252867679,0.006558433985708361,233.7599334716797,233.786865234375,233.7716522216797,0.0269317626953125,0.01171875,0.00760650634765625,0.01932525634765625,0.01932525634765625,False,dec_s0,decoder,0,8,0.007222812331747264,0.005048037506639957,0.00537064706441015,0.0031592812738381326,0.5348182005992295,0.629762005604154
great_plains_2020-06-27T12:00:00,great_plains,synoptic,low_near,t1,q850_trace,precip_zwd,zwd,56.47747747747748,264.5189286960998,2.6525876819505356e-05,1.0,850,0.0,0.007884972170686457,1.000083204966758,0.9935242252867679,0.006558433985708361,233.7599334716797,233.786865234375,233.7716522216797,0.0269317626953125,0.01171875,0.00760650634765625,0.01932525634765625,0.01932525634765625,False,dec_s1,decoder,1,10,0.01023943698965013,0.008602847112342715,0.007992679998278619,0.0050472022034227845,0.49212549098977887,0.6193649399853693
great_plains_2020-06-27T12:00:00,great_plains,synoptic,low_near,t1,q850_trace,precip_zwd,zwd,56.47747747747748,264.5189286960998,2.6525876819505356e-05,1.0,850,0.0,0.007884972170686457,1.000083204966758,0.9935242252867679,0.006558433985708361,233.7599334716797,233.786865234375,233.7716522216797,0.0269317626953125,0.01171875,0.00760650634765625,0.01932525634765625,0.01932525634765625,False,dec_s2,decoder,2,6,0.03324235727389654,0.02912084199488163,0.02790939901024103,0.014055219478905201,0.6420885985302439,0.6652051289792638
himalayas_2020-09-23T06:00:00,himalayas,local,hotspot,t1,q850_trace,precip_zwd,precip,28.22747747747748,84.4321042943339,0.00011218470172025263,1.0,850,0.0,0.0,0.999999917960646,1.0,8.203935394993237e-08,4.0685038566589355,4.440667152404785,3.721456289291382,0.3721632957458496,-0.3470475673675537,0.35960543155670166,0.01255786418914795,0.35960543155670166,True,enc_s0,encoder,0,6,0.004939606956516703,0.004596917113910119,0.004611595766618848,0.0012162906544593473,0.8811786016687444,0.7901493575166656
himalayas_2020-09-23T06:00:00,himalayas,local,hotspot,t1,q850_trace,precip_zwd,precip,28.22747747747748,84.4321042943339,0.00011218470172025263,1.0,850,0.0,0.0,0.999999917960646,1.0,8.203935394993237e-08,4.0685038566589355,4.440667152404785,3.721456289291382,0.3721632957458496,-0.3470475673675537,0.35960543155670166,0.01255786418914795,0.35960543155670166,True,enc_s1,encoder,1,10,0.004285223828628659,0.00331793746445328,0.003213594388216734,0.002021535678068176,0.5257337554651684,0.6408419973078089
himalayas_2020-09-23T06:00:00,himalayas,local,hotspot,t1,q850_trace,precip_zwd,precip,28.22747747747748,84.4321042943339,0.00011218470172025263,1.0,850,0.0,0.0,0.999999917960646,1.0,8.203935394993237e-08,4.0685038566589355,4.440667152404785,3.721456289291382,0.3721632957458496,-0.3470475673675537,0.35960543155670166,0.01255786418914795,0.35960543155670166,True,enc_s2,encoder,2,8,0.002043795771896839,0.0016507395339431241,0.0015665401151636615,0.0009985015058191493,0.44390975978328717,0.6106363263485759
himalayas_2020-09-23T06:00:00,himalayas,local,hotspot,t1,q850_trace,precip_zwd,precip,28.22747747747748,84.4321042943339,0.00011218470172025263,1.0,850,0.0,0.0,0.999999917960646,1.0,8.203935394993237e-08,4.0685038566589355,4.440667152404785,3.721456289291382,0.3721632957458496,-0.3470475673675537,0.35960543155670166,0.01255786418914795,0.35960543155670166,True,dec_s0,decoder,0,8,0.003239879006287083,0.0026401071809232235,0.0024531816452508792,0.001647554585360922,0.4009475971140614,0.5989563475489096
himalayas_2020-09-23T06:00:00,himalayas,local,hotspot,t1,q850_trace,precip_zwd,precip,28.22747747747748,84.4321042943339,0.00011218470172025263,1.0,850,0.0,0.0,0.999999917960646,1.0,8.203935394993237e-08,4.0685038566589355,4.440667152404785,3.721456289291382,0.3721632957458496,-0.3470475673675537,0.35960543155670166,0.01255786418914795,0.35960543155670166,True,dec_s1,decoder,1,10,0.003985544783063233,0.0036354387179017068,0.0029123607906512915,0.0024624345358461143,0.16120745636491715,0.538439059336595
himalayas_2020-09-23T06:00:00,himalayas,local,hotspot,t1,q850_trace,precip_zwd,precip,28.22747747747748,84.4321042943339,0.00011218470172025263,1.0,850,0.0,0.0,0.999999917960646,1.0,8.203935394993237e-08,4.0685038566589355,4.440667152404785,3.721456289291382,0.3721632957458496,-0.3470475673675537,0.35960543155670166,0.01255786418914795,0.35960543155670166,True,dec_s2,decoder,2,6,0.01300025281185905,0.011213676383097967,0.010003565034518639,0.006877931843822201,0.4035707076289668,0.5925459693897661
himalayas_2020-09-23T06:00:00,himalayas,local,hotspot,t1,q850_trace,precip_only,precip,28.22747747747748,84.4321042943339,0.00011218470172025263,1.0,850,0.0,0.0,0.999999917960646,1.0,8.203935394993237e-08,3.87239933013916,4.342723846435547,3.45729660987854,0.4703245162963867,-0.4151027202606201,0.4427136182785034,0.0276108980178833,0.4427136182785034,True,enc_s0,encoder,0,6,0.004897076714163025,0.004605702667807539,0.004601241322234273,0.0011868369959605236,0.8863434412115349,0.7938998208169239
himalayas_2020-09-23T06:00:00,himalayas,local,hotspot,t1,q850_trace,precip_only,precip,28.22747747747748,84.4321042943339,0.00011218470172025263,1.0,850,0.0,0.0,0.999999917960646,1.0,8.203935394993237e-08,3.87239933013916,4.342723846435547,3.45729660987854,0.4703245162963867,-0.4151027202606201,0.4427136182785034,0.0276108980178833,0.4427136182785034,True,enc_s1,encoder,1,10,0.004381781537085771,0.003347653429955244,0.0032583816442638635,0.0020723331545013934,0.519635198419609,0.6390250445324438
himalayas_2020-09-23T06:00:00,himalayas,local,hotspot,t1,q850_trace,precip_only,precip,28.22747747747748,84.4321042943339,0.00011218470172025263,1.0,850,0.0,0.0,0.999999917960646,1.0,8.203935394993237e-08,3.87239933013916,4.342723846435547,3.45729660987854,0.4703245162963867,-0.4151027202606201,0.4427136182785034,0.0276108980178833,0.4427136182785034,True,enc_s2,encoder,2,8,0.0021307241695467383,0.0017402765224687755,0.001639177484321408,0.0010475671733729541,0.4402563436836917,0.6100018562841175
himalayas_2020-09-23T06:00:00,himalayas,local,hotspot,t1,q850_trace,precip_only,precip,28.22747747747748,84.4321042943339,0.00011218470172025263,1.0,850,0.0,0.0,0.999999917960646,1.0,8.203935394993237e-08,3.87239933013916,4.342723846435547,3.45729660987854,0.4703245162963867,-0.4151027202606201,0.4427136182785034,0.0276108980178833,0.4427136182785034,True,dec_s0,decoder,0,8,0.003394364204723388,0.0027722694794647396,0.0025704337167553604,0.0017307373927906156,0.39855555486542416,0.5983255812789317
himalayas_2020-09-23T06:00:00,himalayas,local,hotspot,t1,q850_trace,precip_only,precip,28.22747747747748,84.4321042943339,0.00011218470172025263,1.0,850,0.0,0.0,0.999999917960646,1.0,8.203935394993237e-08,3.87239933013916,4.342723846435547,3.45729660987854,0.4703245162963867,-0.4151027202606201,0.4427136182785034,0.0276108980178833,0.4427136182785034,True,dec_s1,decoder,1,10,0.004039623914286495,0.0037450532894581557,0.002981585555244237,0.002505434222985059,0.16823910496790553,0.540153919096568
himalayas_2020-09-23T06:00:00,himalayas,local,hotspot,t1,q850_trace,precip_only,precip,28.22747747747748,84.4321042943339,0.00011218470172025263,1.0,850,0.0,0.0,0.999999917960646,1.0,8.203935394993237e-08,3.87239933013916,4.342723846435547,3.45729660987854,0.4703245162963867,-0.4151027202606201,0.4427136182785034,0.0276108980178833,0.4427136182785034,True,dec_s2,decoder,2,6,0.013536968268454075,0.011794402884940306,0.010460408094028631,0.007194379965464274,0.4074472477458733,0.59248315391836
himalayas_2020-09-23T06:00:00,himalayas,local,low_near,t1,q850_trace,precip_zwd,precip,38.22747747747748,69.4321042943339,1.9300625808682526e-06,1.0,850,0.0,0.028411147303655446,1.0,0.9807417955540367,0.01925820444596327,4.0685038566589355,4.067436218261719,4.067831516265869,-0.0010676383972167969,-0.0006723403930664062,-0.0001976490020751953,-0.0008699893951416016,0.0008699893951416016,False,enc_s0,encoder,0,6,0.006134719432642062,0.007063685916364193,0.006323915207758546,0.0019355143886059523,0.8426899939878999,0.7645280058009525
himalayas_2020-09-23T06:00:00,himalayas,local,low_near,t1,q850_trace,precip_zwd,precip,38.22747747747748,69.4321042943339,1.9300625808682526e-06,1.0,850,0.0,0.028411147303655446,1.0,0.9807417955540367,0.01925820444596327,4.0685038566589355,4.067436218261719,4.067831516265869,-0.0010676383972167969,-0.0006723403930664062,-0.0001976490020751953,-0.0008699893951416016,0.0008699893951416016,False,enc_s1,encoder,1,10,0.0036324537126347423,0.003975919587537647,0.003320978512056172,0.0017884339904412627,0.5979483105753554,0.6705205668746089
himalayas_2020-09-23T06:00:00,himalayas,local,low_near,t1,q850_trace,precip_zwd,precip,38.22747747747748,69.4321042943339,1.9300625808682526e-06,1.0,850,0.0,0.028411147303655446,1.0,0.9807417955540367,0.01925820444596327,4.0685038566589355,4.067436218261719,4.067831516265869,-0.0010676383972167969,-0.0006723403930664062,-0.0001976490020751953,-0.0008699893951416016,0.0008699893951416016,False,enc_s2,encoder,2,8,0.0014969527837820351,0.001557406212668866,0.001295434354688041,0.0008091660565696657,0.454238060158431,0.615752485609721
himalayas_2020-09-23T06:00:00,himalayas,local,low_near,t1,q850_trace,precip_zwd,precip,38.22747747747748,69.4321042943339,1.9300625808682526e-06,1.0,850,0.0,0.028411147303655446,1.0,0.9807417955540367,0.01925820444596327,4.0685038566589355,4.067436218261719,4.067831516265869,-0.0010676383972167969,-0.0006723403930664062,-0.0001976490020751953,-0.0008699893951416016,0.0008699893951416016,False,dec_s0,decoder,0,8,0.002252716411021538,0.0023102076520444825,0.0018393210048088804,0.001349046331597492,0.31538053429026536,0.5784196100144019
himalayas_2020-09-23T06:00:00,himalayas,local,low_near,t1,q850_trace,precip_zwd,precip,38.22747747747748,69.4321042943339,1.9300625808682526e-06,1.0,850,0.0,0.028411147303655446,1.0,0.9807417955540367,0.01925820444596327,4.0685038566589355,4.067436218261719,4.067831516265869,-0.0010676383972167969,-0.0006723403930664062,-0.0001976490020751953,-0.0008699893951416016,0.0008699893951416016,False,dec_s1,decoder,1,10,0.0030088008265011013,0.0030644287588074805,0.002126689220312983,0.0021676426636986434,-0.022140069594297183,0.4946553182164708
himalayas_2020-09-23T06:00:00,himalayas,local,low_near,t1,q850_trace,precip_zwd,precip,38.22747747747748,69.4321042943339,1.9300625808682526e-06,1.0,850,0.0,0.028411147303655446,1.0,0.9807417955540367,0.01925820444596327,4.0685038566589355,4.067436218261719,4.067831516265869,-0.0010676383972167969,-0.0006723403930664062,-0.0001976490020751953,-0.0008699893951416016,0.0008699893951416016,False,dec_s2,decoder,2,6,0.009692357387393713,0.009973319247364998,0.00788591057062149,0.005874708217258255,0.3409166415617473,0.5731417192080941
himalayas_2020-09-23T06:00:00,himalayas,local,low_near,t1,q850_trace,precip_only,precip,38.22747747747748,69.4321042943339,1.9300625808682526e-06,1.0,850,0.0,0.028411147303655446,1.0,0.9807417955540367,0.01925820444596327,3.87239933013916,3.8707962036132812,3.871796131134033,-0.0016031265258789062,-0.0006031990051269531,-0.0004999637603759766,-0.0011031627655029297,0.0011031627655029297,False,enc_s0,encoder,0,6,0.006004529461885492,0.006930804500977199,0.006191963485131661,0.0019172525693041582,0.8389258175346086,0.7623077362748624
himalayas_2020-09-23T06:00:00,himalayas,local,low_near,t1,q850_trace,precip_only,precip,38.22747747747748,69.4321042943339,1.9300625808682526e-06,1.0,850,0.0,0.028411147303655446,1.0,0.9807417955540367,0.01925820444596327,3.87239933013916,3.8707962036132812,3.871796131134033,-0.0016031265258789062,-0.0006031990051269531,-0.0004999637603759766,-0.0011031627655029297,0.0011031627655029297,False,enc_s1,encoder,1,10,0.0035206696949899195,0.003919847100041807,0.00324193867854774,0.0017643592495005579,0.592988380733402,0.668559383906912
himalayas_2020-09-23T06:00:00,himalayas,local,low_near,t1,q850_trace,precip_only,precip,38.22747747747748,69.4321042943339,1.9300625808682526e-06,1.0,850,0.0,0.028411147303655446,1.0,0.9807417955540367,0.01925820444596327,3.87239933013916,3.8707962036132812,3.871796131134033,-0.0016031265258789062,-0.0006031990051269531,-0.0004999637603759766,-0.0011031627655029297,0.0011031627655029297,False,enc_s2,encoder,2,8,0.0014881096285535023,0.0015642579819541425,0.0012885017349617556,0.0008186219129129313,0.43975438777099773,0.611736121745228
himalayas_2020-09-23T06:00:00,himalayas,local,low_near,t1,q850_trace,precip_only,precip,38.22747747747748,69.4321042943339,1.9300625808682526e-06,1.0,850,0.0,0.028411147303655446,1.0,0.9807417955540367,0.01925820444596327,3.87239933013916,3.8707962036132812,3.871796131134033,-0.0016031265258789062,-0.0006031990051269531,-0.0004999637603759766,-0.0011031627655029297,0.0011031627655029297,False,dec_s0,decoder,0,8,0.002226334676379338,0.002316621787031181,0.0018127694929717109,0.0013683564029633999,0.2884213807982619,0.5714418955962584
himalayas_2020-09-23T06:00:00,himalayas,local,low_near,t1,q850_trace,precip_only,precip,38.22747747747748,69.4321042943339,1.9300625808682526e-06,1.0,850,0.0,0.028411147303655446,1.0,0.9807417955540367,0.01925820444596327,3.87239933013916,3.8707962036132812,3.871796131134033,-0.0016031265258789062,-0.0006031990051269531,-0.0004999637603759766,-0.0011031627655029297,0.0011031627655029297,False,dec_s1,decoder,1,10,0.0029251180705614386,0.0029838416376151145,0.0020313196582719684,0.0021455303067341447,-0.059122923903148474,0.48580620488578996
himalayas_2020-09-23T06:00:00,himalayas,local,low_near,t1,q850_trace,precip_only,precip,38.22747747747748,69.4321042943339,1.9300625808682526e-06,1.0,850,0.0,0.028411147303655446,1.0,0.9807417955540367,0.01925820444596327,3.87239933013916,3.8707962036132812,3.871796131134033,-0.0016031265258789062,-0.0006031990051269531,-0.0004999637603759766,-0.0011031627655029297,0.0011031627655029297,False,dec_s2,decoder,2,6,0.009622139545778433,0.00986173360918959,0.007761005312204361,0.005889371735975146,0.3198677867349074,0.5686287670990093
himalayas_2020-09-23T06:00:00,himalayas,local,hotspot,t1,q850_trace,precip_zwd,zwd,28.22747747747748,84.4321042943339,0.00011218470172025263,1.0,850,0.0,0.0,0.999999917960646,1.0,8.203935394993237e-08,195.26483154296875,194.84913635253906,193.7790985107422,-0.4156951904296875,-1.4857330322265625,0.5350189208984375,-0.950714111328125,0.950714111328125,False,enc_s0,encoder,0,6,0.004939606956516703,0.004596917113910119,0.004611595766618848,0.0012162906544593473,0.8811786016687444,0.7901493575166656
himalayas_2020-09-23T06:00:00,himalayas,local,hotspot,t1,q850_trace,precip_zwd,zwd,28.22747747747748,84.4321042943339,0.00011218470172025263,1.0,850,0.0,0.0,0.999999917960646,1.0,8.203935394993237e-08,195.26483154296875,194.84913635253906,193.7790985107422,-0.4156951904296875,-1.4857330322265625,0.5350189208984375,-0.950714111328125,0.950714111328125,False,enc_s1,encoder,1,10,0.004285223828628659,0.00331793746445328,0.003213594388216734,0.002021535678068176,0.5257337554651684,0.6408419973078089
himalayas_2020-09-23T06:00:00,himalayas,local,hotspot,t1,q850_trace,precip_zwd,zwd,28.22747747747748,84.4321042943339,0.00011218470172025263,1.0,850,0.0,0.0,0.999999917960646,1.0,8.203935394993237e-08,195.26483154296875,194.84913635253906,193.7790985107422,-0.4156951904296875,-1.4857330322265625,0.5350189208984375,-0.950714111328125,0.950714111328125,False,enc_s2,encoder,2,8,0.002043795771896839,0.0016507395339431241,0.0015665401151636615,0.0009985015058191493,0.44390975978328717,0.6106363263485759
himalayas_2020-09-23T06:00:00,himalayas,local,hotspot,t1,q850_trace,precip_zwd,zwd,28.22747747747748,84.4321042943339,0.00011218470172025263,1.0,850,0.0,0.0,0.999999917960646,1.0,8.203935394993237e-08,195.26483154296875,194.84913635253906,193.7790985107422,-0.4156951904296875,-1.4857330322265625,0.5350189208984375,-0.950714111328125,0.950714111328125,False,dec_s0,decoder,0,8,0.003239879006287083,0.0026401071809232235,0.0024531816452508792,0.001647554585360922,0.4009475971140614,0.5989563475489096
himalayas_2020-09-23T06:00:00,himalayas,local,hotspot,t1,q850_trace,precip_zwd,zwd,28.22747747747748,84.4321042943339,0.00011218470172025263,1.0,850,0.0,0.0,0.999999917960646,1.0,8.203935394993237e-08,195.26483154296875,194.84913635253906,193.7790985107422,-0.4156951904296875,-1.4857330322265625,0.5350189208984375,-0.950714111328125,0.950714111328125,False,dec_s1,decoder,1,10,0.003985544783063233,0.0036354387179017068,0.0029123607906512915,0.0024624345358461143,0.16120745636491715,0.538439059336595
himalayas_2020-09-23T06:00:00,himalayas,local,hotspot,t1,q850_trace,precip_zwd,zwd,28.22747747747748,84.4321042943339,0.00011218470172025263,1.0,850,0.0,0.0,0.999999917960646,1.0,8.203935394993237e-08,195.26483154296875,194.84913635253906,193.7790985107422,-0.4156951904296875,-1.4857330322265625,0.5350189208984375,-0.950714111328125,0.950714111328125,False,dec_s2,decoder,2,6,0.01300025281185905,0.011213676383097967,0.010003565034518639,0.006877931843822201,0.4035707076289668,0.5925459693897661
himalayas_2020-09-23T06:00:00,himalayas,local,low_near,t1,q850_trace,precip_zwd,zwd,38.22747747747748,69.4321042943339,1.9300625808682526e-06,1.0,850,0.0,0.028411147303655446,1.0,0.9807417955540367,0.01925820444596327,195.26483154296875,195.30093383789062,195.27574157714844,0.036102294921875,0.0109100341796875,0.01259613037109375,0.02350616455078125,0.02350616455078125,False,enc_s0,encoder,0,6,0.006134719432642062,0.007063685916364193,0.006323915207758546,0.0019355143886059523,0.8426899939878999,0.7645280058009525
himalayas_2020-09-23T06:00:00,himalayas,local,low_near,t1,q850_trace,precip_zwd,zwd,38.22747747747748,69.4321042943339,1.9300625808682526e-06,1.0,850,0.0,0.028411147303655446,1.0,0.9807417955540367,0.01925820444596327,195.26483154296875,195.30093383789062,195.27574157714844,0.036102294921875,0.0109100341796875,0.01259613037109375,0.02350616455078125,0.02350616455078125,False,enc_s1,encoder,1,10,0.0036324537126347423,0.003975919587537647,0.003320978512056172,0.0017884339904412627,0.5979483105753554,0.6705205668746089
himalayas_2020-09-23T06:00:00,himalayas,local,low_near,t1,q850_trace,precip_zwd,zwd,38.22747747747748,69.4321042943339,1.9300625808682526e-06,1.0,850,0.0,0.028411147303655446,1.0,0.9807417955540367,0.01925820444596327,195.26483154296875,195.30093383789062,195.27574157714844,0.036102294921875,0.0109100341796875,0.01259613037109375,0.02350616455078125,0.02350616455078125,False,enc_s2,encoder,2,8,0.0014969527837820351,0.001557406212668866,0.001295434354688041,0.0008091660565696657,0.454238060158431,0.615752485609721
himalayas_2020-09-23T06:00:00,himalayas,local,low_near,t1,q850_trace,precip_zwd,zwd,38.22747747747748,69.4321042943339,1.9300625808682526e-06,1.0,850,0.0,0.028411147303655446,1.0,0.9807417955540367,0.01925820444596327,195.26483154296875,195.30093383789062,195.27574157714844,0.036102294921875,0.0109100341796875,0.01259613037109375,0.02350616455078125,0.02350616455078125,False,dec_s0,decoder,0,8,0.002252716411021538,0.0023102076520444825,0.0018393210048088804,0.001349046331597492,0.31538053429026536,0.5784196100144019
himalayas_2020-09-23T06:00:00,himalayas,local,low_near,t1,q850_trace,precip_zwd,zwd,38.22747747747748,69.4321042943339,1.9300625808682526e-06,1.0,850,0.0,0.028411147303655446,1.0,0.9807417955540367,0.01925820444596327,195.26483154296875,195.30093383789062,195.27574157714844,0.036102294921875,0.0109100341796875,0.01259613037109375,0.02350616455078125,0.02350616455078125,False,dec_s1,decoder,1,10,0.0030088008265011013,0.0030644287588074805,0.002126689220312983,0.0021676426636986434,-0.022140069594297183,0.4946553182164708
himalayas_2020-09-23T06:00:00,himalayas,local,low_near,t1,q850_trace,precip_zwd,zwd,38.22747747747748,69.4321042943339,1.9300625808682526e-06,1.0,850,0.0,0.028411147303655446,1.0,0.9807417955540367,0.01925820444596327,195.26483154296875,195.30093383789062,195.27574157714844,0.036102294921875,0.0109100341796875,0.01259613037109375,0.02350616455078125,0.02350616455078125,False,dec_s2,decoder,2,6,0.009692357387393713,0.009973319247364998,0.00788591057062149,0.005874708217258255,0.3409166415617473,0.5731417192080941
himalayas_2020-09-23T06:00:00,himalayas,synoptic,hotspot,t1,q850_trace,precip_zwd,precip,30.72747747747748,84.4321042943339,0.00017673235561233014,1.0,850,0.0,0.018221824932957438,0.9999998888329471,0.9760280478921004,0.023971843605725993,4.0685038566589355,4.373159885406494,3.8462533950805664,0.3046560287475586,-0.22225046157836914,0.26345324516296387,0.04120278358459473,0.26345324516296387,True,enc_s0,encoder,0,6,0.012201197445392609,0.01244213463117679,0.011920192278921604,0.00310414785053581,0.8741766049384104,0.7920040078316375
himalayas_2020-09-23T06:00:00,himalayas,synoptic,hotspot,t1,q850_trace,precip_zwd,precip,30.72747747747748,84.4321042943339,0.00017673235561233014,1.0,850,0.0,0.018221824932957438,0.9999998888329471,0.9760280478921004,0.023971843605725993,4.0685038566589355,4.373159885406494,3.8462533950805664,0.3046560287475586,-0.22225046157836914,0.26345324516296387,0.04120278358459473,0.26345324516296387,True,enc_s1,encoder,1,10,0.008429730869829654,0.007504672184586525,0.007171017117798328,0.003436313522979617,0.6678506258555945,0.6904117792840757
himalayas_2020-09-23T06:00:00,himalayas,synoptic,hotspot,t1,q850_trace,precip_zwd,precip,30.72747747747748,84.4321042943339,0.00017673235561233014,1.0,850,0.0,0.018221824932957438,0.9999998888329471,0.9760280478921004,0.023971843605725993,4.0685038566589355,4.373159885406494,3.8462533950805664,0.3046560287475586,-0.22225046157836914,0.26345324516296387,0.04120278358459473,0.26345324516296387,True,enc_s2,encoder,2,8,0.004041743959533051,0.0032797817839309573,0.0032472705061081797,0.0017326120869256556,0.5876012583168477,0.6521378431658515
himalayas_2020-09-23T06:00:00,himalayas,synoptic,hotspot,t1,q850_trace,precip_zwd,precip,30.72747747747748,84.4321042943339,0.00017673235561233014,1.0,850,0.0,0.018221824932957438,0.9999998888329471,0.9760280478921004,0.023971843605725993,4.0685038566589355,4.373159885406494,3.8462533950805664,0.3046560287475586,-0.22225046157836914,0.26345324516296387,0.04120278358459473,0.26345324516296387,True,dec_s0,decoder,0,8,0.006052030541468412,0.005001620389521122,0.004878508625552058,0.0026497285871300846,0.5743665350325351,0.6483878295957302
himalayas_2020-09-23T06:00:00,himalayas,synoptic,hotspot,t1,q850_trace,precip_zwd,precip,30.72747747747748,84.4321042943339,0.00017673235561233014,1.0,850,0.0,0.018221824932957438,0.9999998888329471,0.9760280478921004,0.023971843605725993,4.0685038566589355,4.373159885406494,3.8462533950805664,0.3046560287475586,-0.22225046157836914,0.26345324516296387,0.04120278358459473,0.26345324516296387,True,dec_s1,decoder,1,10,0.006054735532961786,0.005633957241661847,0.004891843674704433,0.0032047156011685727,0.4340915026904263,0.6050944557325051
himalayas_2020-09-23T06:00:00,himalayas,synoptic,hotspot,t1,q850_trace,precip_zwd,precip,30.72747747747748,84.4321042943339,0.00017673235561233014,1.0,850,0.0,0.018221824932957438,0.9999998888329471,0.9760280478921004,0.023971843605725993,4.0685038566589355,4.373159885406494,3.8462533950805664,0.3046560287475586,-0.22225046157836914,0.26345324516296387,0.04120278358459473,0.26345324516296387,True,dec_s2,decoder,2,6,0.021090396059056122,0.019398816861212254,0.017814516710738342,0.009653829969465733,0.6032376746305418,0.6486284449751176
himalayas_2020-09-23T06:00:00,himalayas,synoptic,hotspot,t1,q850_trace,precip_only,precip,30.72747747747748,84.4321042943339,0.00017673235561233014,1.0,850,0.0,0.018221824932957438,0.9999998888329471,0.9760280478921004,0.023971843605725993,3.87239933013916,4.292666435241699,3.6247494220733643,0.42026710510253906,-0.2476499080657959,0.3339585065841675,0.08630859851837158,0.3339585065841675,True,enc_s0,encoder,0,6,0.012065426136056582,0.01241016403461496,0.01183472682411472,0.0031015625378737846,0.8729124516314021,0.7909831031855736
himalayas_2020-09-23T06:00:00,himalayas,synoptic,hotspot,t1,q850_trace,precip_only,precip,30.72747747747748,84.4321042943339,0.00017673235561233014,1.0,850,0.0,0.018221824932957438,0.9999998888329471,0.9760280478921004,0.023971843605725993,3.87239933013916,4.292666435241699,3.6247494220733643,0.42026710510253906,-0.2476499080657959,0.3339585065841675,0.08630859851837158,0.3339585065841675,True,enc_s1,encoder,1,10,0.008453064039349556,0.007451047468930483,0.007119756238535046,0.0035041776252910497,0.6525165478051881,0.6850922287430935
himalayas_2020-09-23T06:00:00,himalayas,synoptic,hotspot,t1,q850_trace,precip_only,precip,30.72747747747748,84.4321042943339,0.00017673235561233014,1.0,850,0.0,0.018221824932957438,0.9999998888329471,0.9760280478921004,0.023971843605725993,3.87239933013916,4.292666435241699,3.6247494220733643,0.42026710510253906,-0.2476499080657959,0.3339585065841675,0.08630859851837158,0.3339585065841675,True,enc_s2,encoder,2,8,0.004140265140449628,0.0034136599279008806,0.003337289672344923,0.001805643638363108,0.5753899500206352,0.6489651432382264
himalayas_2020-09-23T06:00:00,himalayas,synoptic,hotspot,t1,q850_trace,precip_only,precip,30.72747747747748,84.4321042943339,0.00017673235561233014,1.0,850,0.0,0.018221824932957438,0.9999998888329471,0.9760280478921004,0.023971843605725993,3.87239933013916,4.292666435241699,3.6247494220733643,0.42026710510253906,-0.2476499080657959,0.3339585065841675,0.08630859851837158,0.3339585065841675,True,dec_s0,decoder,0,8,0.006186290818732232,0.005171997705474496,0.0049877193523570895,0.002762553485808894,0.5583971740401654,0.6439113065038409
himalayas_2020-09-23T06:00:00,himalayas,synoptic,hotspot,t1,q850_trace,precip_only,precip,30.72747747747748,84.4321042943339,0.00017673235561233014,1.0,850,0.0,0.018221824932957438,0.9999998888329471,0.9760280478921004,0.023971843605725993,3.87239933013916,4.292666435241699,3.6247494220733643,0.42026710510253906,-0.2476499080657959,0.3339585065841675,0.08630859851837158,0.3339585065841675,True,dec_s1,decoder,1,10,0.006032823864370584,0.00573924311902374,0.004889740538783371,0.003279756708070636,0.41226071102221323,0.5997042668637667
himalayas_2020-09-23T06:00:00,himalayas,synoptic,hotspot,t1,q850_trace,precip_only,precip,30.72747747747748,84.4321042943339,0.00017673235561233014,1.0,850,0.0,0.018221824932957438,0.9999998888329471,0.9760280478921004,0.023971843605725993,3.87239933013916,4.292666435241699,3.6247494220733643,0.42026710510253906,-0.2476499080657959,0.3339585065841675,0.08630859851837158,0.3339585065841675,True,dec_s2,decoder,2,6,0.02172953138748805,0.020174046978354454,0.01837384483466546,0.010098391057302555,0.5907597840641267,0.6454156385332076
himalayas_2020-09-23T06:00:00,himalayas,synoptic,low_near,t1,q850_trace,precip_zwd,precip,45.72747747747748,89.4321042943339,1.474230066378368e-05,1.0,850,0.0,0.01183762354123625,1.0,0.9928804097700451,0.007119590229954892,4.0685038566589355,4.073237419128418,4.052242755889893,0.004733562469482422,-0.01626110076904297,0.010497331619262695,-0.0057637691497802734,0.010497331619262695,True,enc_s0,encoder,0,6,0.01581608410924673,0.017436078904817503,0.016026704106479883,0.004482650508483251,0.8591656829512848,0.7804166816795615
himalayas_2020-09-23T06:00:00,himalayas,synoptic,low_near,t1,q850_trace,precip_zwd,precip,45.72747747747748,89.4321042943339,1.474230066378368e-05,1.0,850,0.0,0.01183762354123625,1.0,0.9928804097700451,0.007119590229954892,4.0685038566589355,4.073237419128418,4.052242755889893,0.004733562469482422,-0.01626110076904297,0.010497331619262695,-0.0057637691497802734,0.010497331619262695,True,enc_s1,encoder,1,10,0.011575147695839404,0.010980361513793469,0.010277496743947267,0.0046010201564058665,0.6926018345232643,0.7014228352101618
himalayas_2020-09-23T06:00:00,himalayas,synoptic,low_near,t1,q850_trace,precip_zwd,precip,45.72747747747748,89.4321042943339,1.474230066378368e-05,1.0,850,0.0,0.01183762354123625,1.0,0.9928804097700451,0.007119590229954892,4.0685038566589355,4.073237419128418,4.052242755889893,0.004733562469482422,-0.01626110076904297,0.010497331619262695,-0.0057637691497802734,0.010497331619262695,True,enc_s2,encoder,2,8,0.005132106889504939,0.004577651736326516,0.00430121726822108,0.0022685061558149755,0.5833263857845987,0.6547730185366754
himalayas_2020-09-23T06:00:00,himalayas,synoptic,low_near,t1,q850_trace,precip_zwd,precip,45.72747747747748,89.4321042943339,1.474230066378368e-05,1.0,850,0.0,0.01183762354123625,1.0,0.9928804097700451,0.007119590229954892,4.0685038566589355,4.073237419128418,4.052242755889893,0.004733562469482422,-0.01626110076904297,0.010497331619262695,-0.0057637691497802734,0.010497331619262695,True,dec_s0,decoder,0,8,0.0076697185868397355,0.006988013745285571,0.006412940507289022,0.003564912301953882,0.5486702458888388,0.6434640081667391
himalayas_2020-09-23T06:00:00,himalayas,synoptic,low_near,t1,q850_trace,precip_zwd,precip,45.72747747747748,89.4321042943339,1.474230066378368e-05,1.0,850,0.0,0.01183762354123625,1.0,0.9928804097700451,0.007119590229954892,4.0685038566589355,4.073237419128418,4.052242755889893,0.004733562469482422,-0.01626110076904297,0.010497331619262695,-0.0057637691497802734,0.010497331619262695,True,dec_s1,decoder,1,10,0.008381660422310233,0.008588306372985244,0.007191534107550979,0.004503175267018378,0.4817955988652118,0.6176747906017142
himalayas_2020-09-23T06:00:00,himalayas,synoptic,low_near,t1,q850_trace,precip_zwd,precip,45.72747747747748,89.4321042943339,1.474230066378368e-05,1.0,850,0.0,0.01183762354123625,1.0,0.9928804097700451,0.007119590229954892,4.0685038566589355,4.073237419128418,4.052242755889893,0.004733562469482422,-0.01626110076904297,0.010497331619262695,-0.0057637691497802734,0.010497331619262695,True,dec_s2,decoder,2,6,0.02787740621715784,0.028183554609616596,0.02424703383197387,0.014058595057576895,0.5362934311688795,0.6333085701321466
himalayas_2020-09-23T06:00:00,himalayas,synoptic,low_near,t1,q850_trace,precip_only,precip,45.72747747747748,89.4321042943339,1.474230066378368e-05,1.0,850,0.0,0.01183762354123625,1.0,0.9928804097700451,0.007119590229954892,3.87239933013916,3.877192735671997,3.8621013164520264,0.004793405532836914,-0.010298013687133789,0.0075457096099853516,-0.0027523040771484375,0.0075457096099853516,True,enc_s0,encoder,0,6,0.01555104786530137,0.017158264604707558,0.01575462721909086,0.004445437341928482,0.8566063003226129,0.7788130055544862
himalayas_2020-09-23T06:00:00,himalayas,synoptic,low_near,t1,q850_trace,precip_only,precip,45.72747747747748,89.4321042943339,1.474230066378368e-05,1.0,850,0.0,0.01183762354123625,1.0,0.9928804097700451,0.007119590229954892,3.87239933013916,3.877192735671997,3.8621013164520264,0.004793405532836914,-0.010298013687133789,0.0075457096099853516,-0.0027523040771484375,0.0075457096099853516,True,enc_s1,encoder,1,10,0.011391683761030436,0.010898956563323736,0.010140575096011161,0.0045821161707863215,0.6877276440601208,0.6995253723365498
himalayas_2020-09-23T06:00:00,himalayas,synoptic,low_near,t1,q850_trace,precip_only,precip,45.72747747747748,89.4321042943339,1.474230066378368e-05,1.0,850,0.0,0.01183762354123625,1.0,0.9928804097700451,0.007119590229954892,3.87239933013916,3.877192735671997,3.8621013164520264,0.004793405532836914,-0.010298013687133789,0.0075457096099853516,-0.0027523040771484375,0.0075457096099853516,True,enc_s2,encoder,2,8,0.005163908062968403,0.004651707946322858,0.004332422977313399,0.002319940598681569,0.5719134365890979,0.6513372191744455
himalayas_2020-09-23T06:00:00,himalayas,synoptic,low_near,t1,q850_trace,precip_only,precip,45.72747747747748,89.4321042943339,1.474230066378368e-05,1.0,850,0.0,0.01183762354123625,1.0,0.9928804097700451,0.007119590229954892,3.87239933013916,3.877192735671997,3.8621013164520264,0.004793405532836914,-0.010298013687133789,0.0075457096099853516,-0.0027523040771484375,0.0075457096099853516,True,dec_s0,decoder,0,8,0.007630932494066656,0.007044788217172027,0.00638957874616608,0.0036207620287314057,0.5337400795668004,0.6390470146277749
himalayas_2020-09-23T06:00:00,himalayas,synoptic,low_near,t1,q850_trace,precip_only,precip,45.72747747747748,89.4321042943339,1.474230066378368e-05,1.0,850,0.0,0.01183762354123625,1.0,0.9928804097700451,0.007119590229954892,3.87239933013916,3.877192735671997,3.8621013164520264,0.004793405532836914,-0.010298013687133789,0.0075457096099853516,-0.0027523040771484375,0.0075457096099853516,True,dec_s1,decoder,1,10,0.008171461150050163,0.008365822210907935,0.006938300840556621,0.004498479375615716,0.45079403394583994,0.6092433583830816
himalayas_2020-09-23T06:00:00,himalayas,synoptic,low_near,t1,q850_trace,precip_only,precip,45.72747747747748,89.4321042943339,1.474230066378368e-05,1.0,850,0.0,0.01183762354123625,1.0,0.9928804097700451,0.007119590229954892,3.87239933013916,3.877192735671997,3.8621013164520264,0.004793405532836914,-0.010298013687133789,0.0075457096099853516,-0.0027523040771484375,0.0075457096099853516,True,dec_s2,decoder,2,6,0.028068535961210728,0.028217379935085773,0.024184116162359715,0.014384046662598848,0.5167219663852142,0.627535866554144
himalayas_2020-09-23T06:00:00,himalayas,synoptic,hotspot,t1,q850_trace,precip_zwd,zwd,30.72747747747748,84.4321042943339,0.00017673235561233014,1.0,850,0.0,0.018221824932957438,0.9999998888329471,0.9760280478921004,0.023971843605725993,195.26483154296875,194.23934936523438,194.4752655029297,-1.025482177734375,-0.7895660400390625,-0.11795806884765625,-0.9075241088867188,0.9075241088867188,False,enc_s0,encoder,0,6,0.012201197445392609,0.01244213463117679,0.011920192278921604,0.00310414785053581,0.8741766049384104,0.7920040078316375
himalayas_2020-09-23T06:00:00,himalayas,synoptic,hotspot,t1,q850_trace,precip_zwd,zwd,30.72747747747748,84.4321042943339,0.00017673235561233014,1.0,850,0.0,0.018221824932957438,0.9999998888329471,0.9760280478921004,0.023971843605725993,195.26483154296875,194.23934936523438,194.4752655029297,-1.025482177734375,-0.7895660400390625,-0.11795806884765625,-0.9075241088867188,0.9075241088867188,False,enc_s1,encoder,1,10,0.008429730869829654,0.007504672184586525,0.007171017117798328,0.003436313522979617,0.6678506258555945,0.6904117792840757
himalayas_2020-09-23T06:00:00,himalayas,synoptic,hotspot,t1,q850_trace,precip_zwd,zwd,30.72747747747748,84.4321042943339,0.00017673235561233014,1.0,850,0.0,0.018221824932957438,0.9999998888329471,0.9760280478921004,0.023971843605725993,195.26483154296875,194.23934936523438,194.4752655029297,-1.025482177734375,-0.7895660400390625,-0.11795806884765625,-0.9075241088867188,0.9075241088867188,False,enc_s2,encoder,2,8,0.004041743959533051,0.0032797817839309573,0.0032472705061081797,0.0017326120869256556,0.5876012583168477,0.6521378431658515
himalayas_2020-09-23T06:00:00,himalayas,synoptic,hotspot,t1,q850_trace,precip_zwd,zwd,30.72747747747748,84.4321042943339,0.00017673235561233014,1.0,850,0.0,0.018221824932957438,0.9999998888329471,0.9760280478921004,0.023971843605725993,195.26483154296875,194.23934936523438,194.4752655029297,-1.025482177734375,-0.7895660400390625,-0.11795806884765625,-0.9075241088867188,0.9075241088867188,False,dec_s0,decoder,0,8,0.006052030541468412,0.005001620389521122,0.004878508625552058,0.0026497285871300846,0.5743665350325351,0.6483878295957302
himalayas_2020-09-23T06:00:00,himalayas,synoptic,hotspot,t1,q850_trace,precip_zwd,zwd,30.72747747747748,84.4321042943339,0.00017673235561233014,1.0,850,0.0,0.018221824932957438,0.9999998888329471,0.9760280478921004,0.023971843605725993,195.26483154296875,194.23934936523438,194.4752655029297,-1.025482177734375,-0.7895660400390625,-0.11795806884765625,-0.9075241088867188,0.9075241088867188,False,dec_s1,decoder,1,10,0.006054735532961786,0.005633957241661847,0.004891843674704433,0.0032047156011685727,0.4340915026904263,0.6050944557325051
himalayas_2020-09-23T06:00:00,himalayas,synoptic,hotspot,t1,q850_trace,precip_zwd,zwd,30.72747747747748,84.4321042943339,0.00017673235561233014,1.0,850,0.0,0.018221824932957438,0.9999998888329471,0.9760280478921004,0.023971843605725993,195.26483154296875,194.23934936523438,194.4752655029297,-1.025482177734375,-0.7895660400390625,-0.11795806884765625,-0.9075241088867188,0.9075241088867188,False,dec_s2,decoder,2,6,0.021090396059056122,0.019398816861212254,0.017814516710738342,0.009653829969465733,0.6032376746305418,0.6486284449751176
himalayas_2020-09-23T06:00:00,himalayas,synoptic,low_near,t1,q850_trace,precip_zwd,zwd,45.72747747747748,89.4321042943339,1.474230066378368e-05,1.0,850,0.0,0.01183762354123625,1.0,0.9928804097700451,0.007119590229954892,195.26483154296875,195.3192138671875,195.259765625,0.05438232421875,-0.00506591796875,0.02972412109375,0.024658203125,0.02972412109375,True,enc_s0,encoder,0,6,0.01581608410924673,0.017436078904817503,0.016026704106479883,0.004482650508483251,0.8591656829512848,0.7804166816795615
himalayas_2020-09-23T06:00:00,himalayas,synoptic,low_near,t1,q850_trace,precip_zwd,zwd,45.72747747747748,89.4321042943339,1.474230066378368e-05,1.0,850,0.0,0.01183762354123625,1.0,0.9928804097700451,0.007119590229954892,195.26483154296875,195.3192138671875,195.259765625,0.05438232421875,-0.00506591796875,0.02972412109375,0.024658203125,0.02972412109375,True,enc_s1,encoder,1,10,0.011575147695839404,0.010980361513793469,0.010277496743947267,0.0046010201564058665,0.6926018345232643,0.7014228352101618
himalayas_2020-09-23T06:00:00,himalayas,synoptic,low_near,t1,q850_trace,precip_zwd,zwd,45.72747747747748,89.4321042943339,1.474230066378368e-05,1.0,850,0.0,0.01183762354123625,1.0,0.9928804097700451,0.007119590229954892,195.26483154296875,195.3192138671875,195.259765625,0.05438232421875,-0.00506591796875,0.02972412109375,0.024658203125,0.02972412109375,True,enc_s2,encoder,2,8,0.005132106889504939,0.004577651736326516,0.00430121726822108,0.0022685061558149755,0.5833263857845987,0.6547730185366754
himalayas_2020-09-23T06:00:00,himalayas,synoptic,low_near,t1,q850_trace,precip_zwd,zwd,45.72747747747748,89.4321042943339,1.474230066378368e-05,1.0,850,0.0,0.01183762354123625,1.0,0.9928804097700451,0.007119590229954892,195.26483154296875,195.3192138671875,195.259765625,0.05438232421875,-0.00506591796875,0.02972412109375,0.024658203125,0.02972412109375,True,dec_s0,decoder,0,8,0.0076697185868397355,0.006988013745285571,0.006412940507289022,0.003564912301953882,0.5486702458888388,0.6434640081667391
himalayas_2020-09-23T06:00:00,himalayas,synoptic,low_near,t1,q850_trace,precip_zwd,zwd,45.72747747747748,89.4321042943339,1.474230066378368e-05,1.0,850,0.0,0.01183762354123625,1.0,0.9928804097700451,0.007119590229954892,195.26483154296875,195.3192138671875,195.259765625,0.05438232421875,-0.00506591796875,0.02972412109375,0.024658203125,0.02972412109375,True,dec_s1,decoder,1,10,0.008381660422310233,0.008588306372985244,0.007191534107550979,0.004503175267018378,0.4817955988652118,0.6176747906017142
himalayas_2020-09-23T06:00:00,himalayas,synoptic,low_near,t1,q850_trace,precip_zwd,zwd,45.72747747747748,89.4321042943339,1.474230066378368e-05,1.0,850,0.0,0.01183762354123625,1.0,0.9928804097700451,0.007119590229954892,195.26483154296875,195.3192138671875,195.259765625,0.05438232421875,-0.00506591796875,0.02972412109375,0.024658203125,0.02972412109375,True,dec_s2,decoder,2,6,0.02787740621715784,0.028183554609616596,0.02424703383197387,0.014058595057576895,0.5362934311688795,0.6333085701321466
japan_2020-10-10T00:00:00,japan,local,hotspot,t1,q850_trace,precip_zwd,precip,35.47747747747748,138.58497947810284,0.00010302375449100509,1.0,850,0.0,0.0031871016122984627,1.0,0.999316355763729,0.0006836442362709664,4.872341156005859,5.014087677001953,4.868340969085693,0.14174652099609375,-0.004000186920166016,0.07287335395812988,0.06887316703796387,0.07287335395812988,True,enc_s0,encoder,0,6,0.004771953526263435,0.004263174914134045,0.004388004386176665,0.0011005234943392377,0.8996126061330515,0.7987358882924039
japan_2020-10-10T00:00:00,japan,local,hotspot,t1,q850_trace,precip_zwd,precip,35.47747747747748,138.58497947810284,0.00010302375449100509,1.0,850,0.0,0.0031871016122984627,1.0,0.999316355763729,0.0006836442362709664,4.872341156005859,5.014087677001953,4.868340969085693,0.14174652099609375,-0.004000186920166016,0.07287335395812988,0.06887316703796387,0.07287335395812988,True,enc_s1,encoder,1,10,0.003938921261578798,0.0029824836878106,0.002989045181311667,0.0017595745506696404,0.579382533065811,0.6537536269329516
japan_2020-10-10T00:00:00,japan,local,hotspot,t1,q850_trace,precip_zwd,precip,35.47747747747748,138.58497947810284,0.00010302375449100509,1.0,850,0.0,0.0031871016122984627,1.0,0.999316355763729,0.0006836442362709664,4.872341156005859,5.014087677001953,4.868340969085693,0.14174652099609375,-0.004000186920166016,0.07287335395812988,0.06887316703796387,0.07287335395812988,True,enc_s2,encoder,2,8,0.0017139243718702346,0.0013957952032797039,0.0013247790629975498,0.0008293675928143784,0.4589758623157866,0.6149258809521608
japan_2020-10-10T00:00:00,japan,local,hotspot,t1,q850_trace,precip_zwd,precip,35.47747747747748,138.58497947810284,0.00010302375449100509,1.0,850,0.0,0.0031871016122984627,1.0,0.999316355763729,0.0006836442362709664,4.872341156005859,5.014087677001953,4.868340969085693,0.14174652099609375,-0.004000186920166016,0.07287335395812988,0.06887316703796387,0.07287335395812988,True,dec_s0,decoder,0,8,0.0025163184327539057,0.0021200476185185835,0.0019611644092947245,0.0012517663999460638,0.4428428229784295,0.610856212964798
japan_2020-10-10T00:00:00,japan,local,hotspot,t1,q850_trace,precip_zwd,precip,35.47747747747748,138.58497947810284,0.00010302375449100509,1.0,850,0.0,0.0031871016122984627,1.0,0.999316355763729,0.0006836442362709664,4.872341156005859,5.014087677001953,4.868340969085693,0.14174652099609375,-0.004000186920166016,0.07287335395812988,0.06887316703796387,0.07287335395812988,True,dec_s1,decoder,1,10,0.0038516031228937207,0.0034156226669438184,0.002838867891114205,0.002275757398456335,0.20249151989047287,0.5482809040222318
japan_2020-10-10T00:00:00,japan,local,hotspot,t1,q850_trace,precip_zwd,precip,35.47747747747748,138.58497947810284,0.00010302375449100509,1.0,850,0.0,0.0031871016122984627,1.0,0.999316355763729,0.0006836442362709664,4.872341156005859,5.014087677001953,4.868340969085693,0.14174652099609375,-0.004000186920166016,0.07287335395812988,0.06887316703796387,0.07287335395812988,True,dec_s2,decoder,2,6,0.013451205876966318,0.011495064323147139,0.010679855632285276,0.006517233792692423,0.5287204292028075,0.6209558715888205
japan_2020-10-10T00:00:00,japan,local,hotspot,t1,q850_trace,precip_only,precip,35.47747747747748,138.58497947810284,0.00010302375449100509,1.0,850,0.0,0.0031871016122984627,1.0,0.999316355763729,0.0006836442362709664,4.525426864624023,4.7271318435668945,4.474645614624023,0.2017049789428711,-0.05078125,0.12624311447143555,0.07546186447143555,0.12624311447143555,True,enc_s0,encoder,0,6,0.004755887668579817,0.004236261049906413,0.0043671840491394205,0.001096969722614934,0.8997859059378998,0.7985375619335602
japan_2020-10-10T00:00:00,japan,local,hotspot,t1,q850_trace,precip_only,precip,35.47747747747748,138.58497947810284,0.00010302375449100509,1.0,850,0.0,0.0031871016122984627,1.0,0.999316355763729,0.0006836442362709664,4.525426864624023,4.7271318435668945,4.474645614624023,0.2017049789428711,-0.05078125,0.12624311447143555,0.07546186447143555,0.12624311447143555,True,enc_s1,encoder,1,10,0.003987970435991884,0.00300912584643811,0.0030255509074777363,0.0017779232701286673,0.5797192652182366,0.653264777329371
japan_2020-10-10T00:00:00,japan,local,hotspot,t1,q850_trace,precip_only,precip,35.47747747747748,138.58497947810284,0.00010302375449100509,1.0,850,0.0,0.0031871016122984627,1.0,0.999316355763729,0.0006836442362709664,4.525426864624023,4.7271318435668945,4.474645614624023,0.2017049789428711,-0.05078125,0.12624311447143555,0.07546186447143555,0.12624311447143555,True,enc_s2,encoder,2,8,0.001764542525052093,0.0014290168619481847,0.0013621626130770892,0.0008499315663357265,0.46238600293089466,0.6157281316035254
japan_2020-10-10T00:00:00,japan,local,hotspot,t1,q850_trace,precip_only,precip,35.47747747747748,138.58497947810284,0.00010302375449100509,1.0,850,0.0,0.0031871016122984627,1.0,0.999316355763729,0.0006836442362709664,4.525426864624023,4.7271318435668945,4.474645614624023,0.2017049789428711,-0.05078125,0.12624311447143555,0.07546186447143555,0.12624311447143555,True,dec_s0,decoder,0,8,0.002552668214775622,0.0021637435420416296,0.0019946904794778675,0.001272826615604572,0.44272509288037687,0.610913127774229
japan_2020-10-10T00:00:00,japan,local,hotspot,t1,q850_trace,precip_only,precip,35.47747747747748,138.58497947810284,0.00010302375449100509,1.0,850,0.0,0.0031871016122984627,1.0,0.999316355763729,0.0006836442362709664,4.525426864624023,4.7271318435668945,4.474645614624023,0.2017049789428711,-0.05078125,0.12624311447143555,0.07546186447143555,0.12624311447143555,True,dec_s1,decoder,1,10,0.00380288353189826,0.0034245283692143857,0.002824723662342876,0.002258845476899296,0.20501425035925033,0.5489386307122197
japan_2020-10-10T00:00:00,japan,local,hotspot,t1,q850_trace,precip_only,precip,35.47747747747748,138.58497947810284,0.00010302375449100509,1.0,850,0.0,0.0031871016122984627,1.0,0.999316355763729,0.0006836442362709664,4.525426864624023,4.7271318435668945,4.474645614624023,0.2017049789428711,-0.05078125,0.12624311447143555,0.07546186447143555,0.12624311447143555,True,dec_s2,decoder,2,6,0.01347891086091598,0.011680749400208393,0.010760164664437374,0.0065786864918967085,0.5277770353678092,0.62053393333198
japan_2020-10-10T00:00:00,japan,local,low_near,t1,q850_trace,precip_zwd,precip,22.97747747747748,126.08497947810284,1.1451935506556765e-06,1.0,850,0.0,0.0,1.0,0.999999914275099,8.57249009063008e-08,4.872341156005859,4.871612548828125,4.872997760772705,-0.000728607177734375,0.0006566047668457031,-0.0006926059722900391,-3.600120544433594e-05,0.0006926059722900391,True,enc_s0,encoder,0,6,0.006958177934090297,0.006120852505167325,0.006147947162389755,0.0022599907824769616,0.7717271762887047,0.7298742702920619
japan_2020-10-10T00:00:00,japan,local,low_near,t1,q850_trace,precip_zwd,precip,22.97747747747748,126.08497947810284,1.1451935506556765e-06,1.0,850,0.0,0.0,1.0,0.999999914275099,8.57249009063008e-08,4.872341156005859,4.871612548828125,4.872997760772705,-0.000728607177734375,0.0006566047668457031,-0.0006926059722900391,-3.600120544433594e-05,0.0006926059722900391,True,enc_s1,encoder,1,10,0.005241402168758213,0.0036515684565529226,0.0036047430243343116,0.002641747915185988,0.41050794296007653,0.6026156039213076
japan_2020-10-10T00:00:00,japan,local,low_near,t1,q850_trace,precip_zwd,precip,22.97747747747748,126.08497947810284,1.1451935506556765e-06,1.0,850,0.0,0.0,1.0,0.999999914275099,8.57249009063008e-08,4.872341156005859,4.871612548828125,4.872997760772705,-0.000728607177734375,0.0006566047668457031,-0.0006926059722900391,-3.600120544433594e-05,0.0006926059722900391,True,enc_s2,encoder,2,8,0.0022710414486937225,0.001564267324283719,0.0015854913071962073,0.0011350954155204818,0.35699989471163845,0.5828203741918471
japan_2020-10-10T00:00:00,japan,local,low_near,t1,q850_trace,precip_zwd,precip,22.97747747747748,126.08497947810284,1.1451935506556765e-06,1.0,850,0.0,0.0,1.0,0.999999914275099,8.57249009063008e-08,4.872341156005859,4.871612548828125,4.872997760772705,-0.000728607177734375,0.0006566047668457031,-0.0006926059722900391,-3.600120544433594e-05,0.0006926059722900391,True,dec_s0,decoder,0,8,0.0029166296299081296,0.00201248555094935,0.001958300228579901,0.0015628466790076345,0.24736345374606278,0.5567292350949622
japan_2020-10-10T00:00:00,japan,local,low_near,t1,q850_trace,precip_zwd,precip,22.97747747747748,126.08497947810284,1.1451935506556765e-06,1.0,850,0.0,0.0,1.0,0.999999914275099,8.57249009063008e-08,4.872341156005859,4.871612548828125,4.872997760772705,-0.000728607177734375,0.0006566047668457031,-0.0006926059722900391,-3.600120544433594e-05,0.0006926059722900391,True,dec_s1,decoder,1,10,0.004376163356937468,0.00370500439312309,0.002891356695909053,0.0028420442366041245,0.034593841644293064,0.5079818108529606
japan_2020-10-10T00:00:00,japan,local,low_near,t1,q850_trace,precip_zwd,precip,22.97747747747748,126.08497947810284,1.1451935506556765e-06,1.0,850,0.0,0.0,1.0,0.999999914275099,8.57249009063008e-08,4.872341156005859,4.871612548828125,4.872997760772705,-0.000728607177734375,0.0006566047668457031,-0.0006926059722900391,-3.600120544433594e-05,0.0006926059722900391,True,dec_s2,decoder,2,6,0.013016716577112675,0.012475355373074612,0.010099714466681084,0.007779961607108514,0.29769102103696904,0.5649447208727971
japan_2020-10-10T00:00:00,japan,local,low_near,t1,q850_trace,precip_only,precip,22.97747747747748,126.08497947810284,1.1451935506556765e-06,1.0,850,0.0,0.0,1.0,0.999999914275099,8.57249009063008e-08,4.525426864624023,4.523646831512451,4.526849269866943,-0.0017800331115722656,0.0014224052429199219,-0.0016012191772460938,-0.00017881393432617188,0.0016012191772460938,True,enc_s0,encoder,0,6,0.007003955543041229,0.006074798991903663,0.00614302116446197,0.0022828965059792003,0.7690642379924711,0.7279270890383461
japan_2020-10-10T00:00:00,japan,local,low_near,t1,q850_trace,precip_only,precip,22.97747747747748,126.08497947810284,1.1451935506556765e-06,1.0,850,0.0,0.0,1.0,0.999999914275099,8.57249009063008e-08,4.525426864624023,4.523646831512451,4.526849269866943,-0.0017800331115722656,0.0014224052429199219,-0.0016012191772460938,-0.00017881393432617188,0.0016012191772460938,True,enc_s1,encoder,1,10,0.0054161074105650185,0.0037290583131834865,0.003688542637974024,0.0027480718097649516,0.3985719371032778,0.5990222889722835
japan_2020-10-10T00:00:00,japan,local,low_near,t1,q850_trace,precip_only,precip,22.97747747747748,126.08497947810284,1.1451935506556765e-06,1.0,850,0.0,0.0,1.0,0.999999914275099,8.57249009063008e-08,4.525426864624023,4.523646831512451,4.526849269866943,-0.0017800331115722656,0.0014224052429199219,-0.0016012191772460938,-0.00017881393432617188,0.0016012191772460938,True,enc_s2,encoder,2,8,0.002407543099252507,0.0016409865638706833,0.001679362656432204,0.0011934218346141279,0.3646301186031945,0.5846151752679939
japan_2020-10-10T00:00:00,japan,local,low_near,t1,q850_trace,precip_only,precip,22.97747747747748,126.08497947810284,1.1451935506556765e-06,1.0,850,0.0,0.0,1.0,0.999999914275099,8.57249009063008e-08,4.525426864624023,4.523646831512451,4.526849269866943,-0.0017800331115722656,0.0014224052429199219,-0.0016012191772460938,-0.00017881393432617188,0.0016012191772460938,True,dec_s0,decoder,0,8,0.003089720761636272,0.0021007106552133337,0.0020727797236759216,0.0016378027794416994,0.2591627718763527,0.5591270991231874
japan_2020-10-10T00:00:00,japan,local,low_near,t1,q850_trace,precip_only,precip,22.97747747747748,126.08497947810284,1.1451935506556765e-06,1.0,850,0.0,0.0,1.0,0.999999914275099,8.57249009063008e-08,4.525426864624023,4.523646831512451,4.526849269866943,-0.0017800331115722656,0.0014224052429199219,-0.0016012191772460938,-0.00017881393432617188,0.0016012191772460938,True,dec_s1,decoder,1,10,0.0044375981669873,0.0037822706392034887,0.002985762758180499,0.0028435871587134897,0.06263388511691606,0.5145027388761721
japan_2020-10-10T00:00:00,japan,local,low_near,t1,q850_trace,precip_only,precip,22.97747747747748,126.08497947810284,1.1451935506556765e-06,1.0,850,0.0,0.0,1.0,0.999999914275099,8.57249009063008e-08,4.525426864624023,4.523646831512451,4.526849269866943,-0.0017800331115722656,0.0014224052429199219,-0.0016012191772460938,-0.00017881393432617188,0.0016012191772460938,True,dec_s2,decoder,2,6,0.013394146847228209,0.012953820483138164,0.010630821188290914,0.007783856242895126,0.35616506384419583,0.5773853879366554
japan_2020-10-10T00:00:00,japan,local,hotspot,t1,q850_trace,precip_zwd,zwd,35.47747747747748,138.58497947810284,0.00010302375449100509,1.0,850,0.0,0.0031871016122984627,1.0,0.999316355763729,0.0006836442362709664,274.1937561035156,273.9024353027344,275.0367431640625,-0.29132080078125,0.842987060546875,-0.5671539306640625,0.2758331298828125,0.5671539306640625,True,enc_s0,encoder,0,6,0.004771953526263435,0.004263174914134045,0.004388004386176665,0.0011005234943392377,0.8996126061330515,0.7987358882924039
japan_2020-10-10T00:00:00,japan,local,hotspot,t1,q850_trace,precip_zwd,zwd,35.47747747747748,138.58497947810284,0.00010302375449100509,1.0,850,0.0,0.0031871016122984627,1.0,0.999316355763729,0.0006836442362709664,274.1937561035156,273.9024353027344,275.0367431640625,-0.29132080078125,0.842987060546875,-0.5671539306640625,0.2758331298828125,0.5671539306640625,True,enc_s1,encoder,1,10,0.003938921261578798,0.0029824836878106,0.002989045181311667,0.0017595745506696404,0.579382533065811,0.6537536269329516
japan_2020-10-10T00:00:00,japan,local,hotspot,t1,q850_trace,precip_zwd,zwd,35.47747747747748,138.58497947810284,0.00010302375449100509,1.0,850,0.0,0.0031871016122984627,1.0,0.999316355763729,0.0006836442362709664,274.1937561035156,273.9024353027344,275.0367431640625,-0.29132080078125,0.842987060546875,-0.5671539306640625,0.2758331298828125,0.5671539306640625,True,enc_s2,encoder,2,8,0.0017139243718702346,0.0013957952032797039,0.0013247790629975498,0.0008293675928143784,0.4589758623157866,0.6149258809521608
japan_2020-10-10T00:00:00,japan,local,hotspot,t1,q850_trace,precip_zwd,zwd,35.47747747747748,138.58497947810284,0.00010302375449100509,1.0,850,0.0,0.0031871016122984627,1.0,0.999316355763729,0.0006836442362709664,274.1937561035156,273.9024353027344,275.0367431640625,-0.29132080078125,0.842987060546875,-0.5671539306640625,0.2758331298828125,0.5671539306640625,True,dec_s0,decoder,0,8,0.0025163184327539057,0.0021200476185185835,0.0019611644092947245,0.0012517663999460638,0.4428428229784295,0.610856212964798
japan_2020-10-10T00:00:00,japan,local,hotspot,t1,q850_trace,precip_zwd,zwd,35.47747747747748,138.58497947810284,0.00010302375449100509,1.0,850,0.0,0.0031871016122984627,1.0,0.999316355763729,0.0006836442362709664,274.1937561035156,273.9024353027344,275.0367431640625,-0.29132080078125,0.842987060546875,-0.5671539306640625,0.2758331298828125,0.5671539306640625,True,dec_s1,decoder,1,10,0.0038516031228937207,0.0034156226669438184,0.002838867891114205,0.002275757398456335,0.20249151989047287,0.5482809040222318
japan_2020-10-10T00:00:00,japan,local,hotspot,t1,q850_trace,precip_zwd,zwd,35.47747747747748,138.58497947810284,0.00010302375449100509,1.0,850,0.0,0.0031871016122984627,1.0,0.999316355763729,0.0006836442362709664,274.1937561035156,273.9024353027344,275.0367431640625,-0.29132080078125,0.842987060546875,-0.5671539306640625,0.2758331298828125,0.5671539306640625,True,dec_s2,decoder,2,6,0.013451205876966318,0.011495064323147139,0.010679855632285276,0.006517233792692423,0.5287204292028075,0.6209558715888205
japan_2020-10-10T00:00:00,japan,local,low_near,t1,q850_trace,precip_zwd,zwd,22.97747747747748,126.08497947810284,1.1451935506556765e-06,1.0,850,0.0,0.0,1.0,0.999999914275099,8.57249009063008e-08,274.1937561035156,274.1914367675781,274.0137023925781,-0.0023193359375,-0.1800537109375,0.0888671875,-0.0911865234375,0.0911865234375,False,enc_s0,encoder,0,6,0.006958177934090297,0.006120852505167325,0.006147947162389755,0.0022599907824769616,0.7717271762887047,0.7298742702920619
japan_2020-10-10T00:00:00,japan,local,low_near,t1,q850_trace,precip_zwd,zwd,22.97747747747748,126.08497947810284,1.1451935506556765e-06,1.0,850,0.0,0.0,1.0,0.999999914275099,8.57249009063008e-08,274.1937561035156,274.1914367675781,274.0137023925781,-0.0023193359375,-0.1800537109375,0.0888671875,-0.0911865234375,0.0911865234375,False,enc_s1,encoder,1,10,0.005241402168758213,0.0036515684565529226,0.0036047430243343116,0.002641747915185988,0.41050794296007653,0.6026156039213076
japan_2020-10-10T00:00:00,japan,local,low_near,t1,q850_trace,precip_zwd,zwd,22.97747747747748,126.08497947810284,1.1451935506556765e-06,1.0,850,0.0,0.0,1.0,0.999999914275099,8.57249009063008e-08,274.1937561035156,274.1914367675781,274.0137023925781,-0.0023193359375,-0.1800537109375,0.0888671875,-0.0911865234375,0.0911865234375,False,enc_s2,encoder,2,8,0.0022710414486937225,0.001564267324283719,0.0015854913071962073,0.0011350954155204818,0.35699989471163845,0.5828203741918471
japan_2020-10-10T00:00:00,japan,local,low_near,t1,q850_trace,precip_zwd,zwd,22.97747747747748,126.08497947810284,1.1451935506556765e-06,1.0,850,0.0,0.0,1.0,0.999999914275099,8.57249009063008e-08,274.1937561035156,274.1914367675781,274.0137023925781,-0.0023193359375,-0.1800537109375,0.0888671875,-0.0911865234375,0.0911865234375,False,dec_s0,decoder,0,8,0.0029166296299081296,0.00201248555094935,0.001958300228579901,0.0015628466790076345,0.24736345374606278,0.5567292350949622
japan_2020-10-10T00:00:00,japan,local,low_near,t1,q850_trace,precip_zwd,zwd,22.97747747747748,126.08497947810284,1.1451935506556765e-06,1.0,850,0.0,0.0,1.0,0.999999914275099,8.57249009063008e-08,274.1937561035156,274.1914367675781,274.0137023925781,-0.0023193359375,-0.1800537109375,0.0888671875,-0.0911865234375,0.0911865234375,False,dec_s1,decoder,1,10,0.004376163356937468,0.00370500439312309,0.002891356695909053,0.0028420442366041245,0.034593841644293064,0.5079818108529606
japan_2020-10-10T00:00:00,japan,local,low_near,t1,q850_trace,precip_zwd,zwd,22.97747747747748,126.08497947810284,1.1451935506556765e-06,1.0,850,0.0,0.0,1.0,0.999999914275099,8.57249009063008e-08,274.1937561035156,274.1914367675781,274.0137023925781,-0.0023193359375,-0.1800537109375,0.0888671875,-0.0911865234375,0.0911865234375,False,dec_s2,decoder,2,6,0.013016716577112675,0.012475355373074612,0.010099714466681084,0.007779961607108514,0.29769102103696904,0.5649447208727971
japan_2020-10-10T00:00:00,japan,synoptic,hotspot,t1,q850_trace,precip_zwd,precip,32.97747747747748,141.08497947810284,0.0001805153879104182,1.0,850,0.0,0.01583626908236873,1.0,0.9895491090331485,0.010450890966851431,4.872341156005859,5.157358646392822,4.742205619812012,0.2850174903869629,-0.13013553619384766,0.20757651329040527,0.07744097709655762,0.20757651329040527,True,enc_s0,encoder,0,6,0.01279460700849692,0.012132714968174696,0.012098468995342651,0.0030089483285943666,0.887838129843863,0.8000424600010717
japan_2020-10-10T00:00:00,japan,synoptic,hotspot,t1,q850_trace,precip_zwd,precip,32.97747747747748,141.08497947810284,0.0001805153879104182,1.0,850,0.0,0.01583626908236873,1.0,0.9895491090331485,0.010450890966851431,4.872341156005859,5.157358646392822,4.742205619812012,0.2850174903869629,-0.13013553619384766,0.20757651329040527,0.07744097709655762,0.20757651329040527,True,enc_s1,encoder,1,10,0.008546297624707221,0.006370230996981263,0.006679043686017394,0.003436673805117607,0.6423428086857171,0.6729424050613513
japan_2020-10-10T00:00:00,japan,synoptic,hotspot,t1,q850_trace,precip_zwd,precip,32.97747747747748,141.08497947810284,0.0001805153879104182,1.0,850,0.0,0.01583626908236873,1.0,0.9895491090331485,0.010450890966851431,4.872341156005859,5.157358646392822,4.742205619812012,0.2850174903869629,-0.13013553619384766,0.20757651329040527,0.07744097709655762,0.20757651329040527,True,enc_s2,encoder,2,8,0.0037089482066221535,0.0028064206708222628,0.0028739520348608494,0.0015989463136065751,0.564450609870782,0.6425110412500239
japan_2020-10-10T00:00:00,japan,synoptic,hotspot,t1,q850_trace,precip_zwd,precip,32.97747747747748,141.08497947810284,0.0001805153879104182,1.0,850,0.0,0.01583626908236873,1.0,0.9895491090331485,0.010450890966851431,4.872341156005859,5.157358646392822,4.742205619812012,0.2850174903869629,-0.13013553619384766,0.20757651329040527,0.07744097709655762,0.20757651329040527,True,dec_s0,decoder,0,8,0.005151333345565945,0.003971904603531584,0.004031012358609587,0.0022152219607960433,0.5741912578550761,0.6454820667137072
japan_2020-10-10T00:00:00,japan,synoptic,hotspot,t1,q850_trace,precip_zwd,precip,32.97747747747748,141.08497947810284,0.0001805153879104182,1.0,850,0.0,0.01583626908236873,1.0,0.9895491090331485,0.010450890966851431,4.872341156005859,5.157358646392822,4.742205619812012,0.2850174903869629,-0.13013553619384766,0.20757651329040527,0.07744097709655762,0.20757651329040527,True,dec_s1,decoder,1,10,0.007128253509290516,0.006217347178608179,0.0057787915458902715,0.003367675212211907,0.5434336205834134,0.6334462176499158
japan_2020-10-10T00:00:00,japan,synoptic,hotspot,t1,q850_trace,precip_zwd,precip,32.97747747747748,141.08497947810284,0.0001805153879104182,1.0,850,0.0,0.01583626908236873,1.0,0.9895491090331485,0.010450890966851431,4.872341156005859,5.157358646392822,4.742205619812012,0.2850174903869629,-0.13013553619384766,0.20757651329040527,0.07744097709655762,0.20757651329040527,True,dec_s2,decoder,2,6,0.027274595573544502,0.023293677096565563,0.023043376704057057,0.010594889832039675,0.7128069697203823,0.6850923602044167
japan_2020-10-10T00:00:00,japan,synoptic,hotspot,t1,q850_trace,precip_only,precip,32.97747747747748,141.08497947810284,0.0001805153879104182,1.0,850,0.0,0.01583626908236873,1.0,0.9895491090331485,0.010450890966851431,4.525426864624023,4.916658401489258,4.307376861572266,0.3912315368652344,-0.2180500030517578,0.3046407699584961,0.08659076690673828,0.3046407699584961,True,enc_s0,encoder,0,6,0.012761982157826424,0.01200513681396842,0.01200713108604153,0.0030502182974790535,0.8836349587343252,0.7966429784671064
japan_2020-10-10T00:00:00,japan,synoptic,hotspot,t1,q850_trace,precip_only,precip,32.97747747747748,141.08497947810284,0.0001805153879104182,1.0,850,0.0,0.01583626908236873,1.0,0.9895491090331485,0.010450890966851431,4.525426864624023,4.916658401489258,4.307376861572266,0.3912315368652344,-0.2180500030517578,0.3046407699584961,0.08659076690673828,0.3046407699584961,True,enc_s1,encoder,1,10,0.008733379049226641,0.00643118117004633,0.006767518632113933,0.003556930064223707,0.6296333611754794,0.6676022626579827
japan_2020-10-10T00:00:00,japan,synoptic,hotspot,t1,q850_trace,precip_only,precip,32.97747747747748,141.08497947810284,0.0001805153879104182,1.0,850,0.0,0.01583626908236873,1.0,0.9895491090331485,0.010450890966851431,4.525426864624023,4.916658401489258,4.307376861572266,0.3912315368652344,-0.2180500030517578,0.3046407699584961,0.08659076690673828,0.3046407699584961,True,enc_s2,encoder,2,8,0.00385135380201973,0.002889787225285545,0.0029599461413454264,0.0016824868216644973,0.5488870727834749,0.6375797405369824
japan_2020-10-10T00:00:00,japan,synoptic,hotspot,t1,q850_trace,precip_only,precip,32.97747747747748,141.08497947810284,0.0001805153879104182,1.0,850,0.0,0.01583626908236873,1.0,0.9895491090331485,0.010450890966851431,4.525426864624023,4.916658401489258,4.307376861572266,0.3912315368652344,-0.2180500030517578,0.3046407699584961,0.08659076690673828,0.3046407699584961,True,dec_s0,decoder,0,8,0.005302889563608915,0.004078773927176371,0.004119289718801156,0.002326053800061345,0.5532451029443144,0.6392308424623544
japan_2020-10-10T00:00:00,japan,synoptic,hotspot,t1,q850_trace,precip_only,precip,32.97747747747748,141.08497947810284,0.0001805153879104182,1.0,850,0.0,0.01583626908236873,1.0,0.9895491090331485,0.010450890966851431,4.525426864624023,4.916658401489258,4.307376861572266,0.3912315368652344,-0.2180500030517578,0.3046407699584961,0.08659076690673828,0.3046407699584961,True,dec_s1,decoder,1,10,0.007079208898358047,0.006333016906864941,0.005764842801727355,0.003446282888762653,0.5213838017819052,0.6277084630387308
japan_2020-10-10T00:00:00,japan,synoptic,hotspot,t1,q850_trace,precip_only,precip,32.97747747747748,141.08497947810284,0.0001805153879104182,1.0,850,0.0,0.01583626908236873,1.0,0.9895491090331485,0.010450890966851431,4.525426864624023,4.916658401489258,4.307376861572266,0.3912315368652344,-0.2180500030517578,0.3046407699584961,0.08659076690673828,0.3046407699584961,True,dec_s2,decoder,2,6,0.027642888637880485,0.023946422152221203,0.02339073767264684,0.011029291432350874,0.694913761442096,0.679678171840199
japan_2020-10-10T00:00:00,japan,synoptic,low_near,t1,q850_trace,precip_zwd,precip,52.97747747747748,141.08497947810284,1.2401071217027493e-05,1.0,850,0.0,0.11129036141677301,0.9999999221308428,0.8092508558793744,0.19074908110493852,4.872341156005859,4.877367973327637,4.874256610870361,0.005026817321777344,0.0019154548645019531,0.0015556812286376953,0.0034711360931396484,0.0034711360931396484,False,enc_s0,encoder,0,6,0.021927104331552982,0.019878053106367588,0.019854110355178516,0.006619276323666175,0.8046895253610294,0.7493846892665896
japan_2020-10-10T00:00:00,japan,synoptic,low_near,t1,q850_trace,precip_zwd,precip,52.97747747747748,141.08497947810284,1.2401071217027493e-05,1.0,850,0.0,0.11129036141677301,0.9999999221308428,0.8092508558793744,0.19074908110493852,4.872341156005859,4.877367973327637,4.874256610870361,0.005026817321777344,0.0019154548645019531,0.0015556812286376953,0.0034711360931396484,0.0034711360931396484,False,enc_s1,encoder,1,10,0.014299117866903544,0.01158842733129859,0.011605429369956255,0.005907826055772602,0.6270536609213834,0.6689193044275823
japan_2020-10-10T00:00:00,japan,synoptic,low_near,t1,q850_trace,precip_zwd,precip,52.97747747747748,141.08497947810284,1.2401071217027493e-05,1.0,850,0.0,0.11129036141677301,0.9999999221308428,0.8092508558793744,0.19074908110493852,4.872341156005859,4.877367973327637,4.874256610870361,0.005026817321777344,0.0019154548645019531,0.0015556812286376953,0.0034711360931396484,0.0034711360931396484,False,enc_s2,encoder,2,8,0.005965686461422592,0.004391406546346843,0.004573223879560828,0.0025538825429975986,0.5626789862870631,0.6417050026560371
japan_2020-10-10T00:00:00,japan,synoptic,low_near,t1,q850_trace,precip_zwd,precip,52.97747747747748,141.08497947810284,1.2401071217027493e-05,1.0,850,0.0,0.11129036141677301,0.9999999221308428,0.8092508558793744,0.19074908110493852,4.872341156005859,4.877367973327637,4.874256610870361,0.005026817321777344,0.0019154548645019531,0.0015556812286376953,0.0034711360931396484,0.0034711360931396484,False,dec_s0,decoder,0,8,0.008265725162345916,0.00558361312141642,0.006127280241344124,0.003493726922897622,0.5642914151145257,0.6367277814184299
japan_2020-10-10T00:00:00,japan,synoptic,low_near,t1,q850_trace,precip_zwd,precip,52.97747747747748,141.08497947810284,1.2401071217027493e-05,1.0,850,0.0,0.11129036141677301,0.9999999221308428,0.8092508558793744,0.19074908110493852,4.872341156005859,4.877367973327637,4.874256610870361,0.005026817321777344,0.0019154548645019531,0.0015556812286376953,0.0034711360931396484,0.0034711360931396484,False,dec_s1,decoder,1,10,0.010141109628602863,0.008950145589187742,0.008366115996614099,0.004627629439346493,0.5903275946214238,0.6490913641884919
japan_2020-10-10T00:00:00,japan,synoptic,low_near,t1,q850_trace,precip_zwd,precip,52.97747747747748,141.08497947810284,1.2401071217027493e-05,1.0,850,0.0,0.11129036141677301,0.9999999221308428,0.8092508558793744,0.19074908110493852,4.872341156005859,4.877367973327637,4.874256610870361,0.005026817321777344,0.0019154548645019531,0.0015556812286376953,0.0034711360931396484,0.0034711360931396484,False,dec_s2,decoder,2,6,0.038328722740213074,0.03500623442232609,0.0338600135097901,0.014167163986712694,0.7381036097051498,0.705134981237512
japan_2020-10-10T00:00:00,japan,synoptic,low_near,t1,q850_trace,precip_only,precip,52.97747747747748,141.08497947810284,1.2401071217027493e-05,1.0,850,0.0,0.11129036141677301,0.9999999221308428,0.8092508558793744,0.19074908110493852,4.525426864624023,4.527559280395508,4.5244340896606445,0.002132415771484375,-0.0009927749633789062,0.0015625953674316406,0.0005698204040527344,0.0015625953674316406,True,enc_s0,encoder,0,6,0.021641732193529606,0.019627716081837814,0.01960388074318568,0.006520683411508799,0.8053745232168313,0.7497342625569091
japan_2020-10-10T00:00:00,japan,synoptic,low_near,t1,q850_trace,precip_only,precip,52.97747747747748,141.08497947810284,1.2401071217027493e-05,1.0,850,0.0,0.11129036141677301,0.9999999221308428,0.8092508558793744,0.19074908110493852,4.525426864624023,4.527559280395508,4.5244340896606445,0.002132415771484375,-0.0009927749633789062,0.0015625953674316406,0.0005698204040527344,0.0015625953674316406,True,enc_s1,encoder,1,10,0.014173017721623183,0.01151157421991229,0.011482704430818558,0.005925052519887686,0.6188295289071891,0.6661733912745438
japan_2020-10-10T00:00:00,japan,synoptic,low_near,t1,q850_trace,precip_only,precip,52.97747747747748,141.08497947810284,1.2401071217027493e-05,1.0,850,0.0,0.11129036141677301,0.9999999221308428,0.8092508558793744,0.19074908110493852,4.525426864624023,4.527559280395508,4.5244340896606445,0.002132415771484375,-0.0009927749633789062,0.0015625953674316406,0.0005698204040527344,0.0015625953674316406,True,enc_s2,encoder,2,8,0.0060778651386499405,0.004443200363311917,0.00462435552617535,0.0026374805893283337,0.5471004935587902,0.6368445583616814
japan_2020-10-10T00:00:00,japan,synoptic,low_near,t1,q850_trace,precip_only,precip,52.97747747747748,141.08497947810284,1.2401071217027493e-05,1.0,850,0.0,0.11129036141677301,0.9999999221308428,0.8092508558793744,0.19074908110493852,4.525426864624023,4.527559280395508,4.5244340896606445,0.002132415771484375,-0.0009927749633789062,0.0015625953674316406,0.0005698204040527344,0.0015625953674316406,True,dec_s0,decoder,0,8,0.008395431679673493,0.005591495078988373,0.006148050772026181,0.0036161017196718603,0.5413893799051961,0.6295511937216338
japan_2020-10-10T00:00:00,japan,synoptic,low_near,t1,q850_trace,precip_only,precip,52.97747747747748,141.08497947810284,1.2401071217027493e-05,1.0,850,0.0,0.11129036141677301,0.9999999221308428,0.8092508558793744,0.19074908110493852,4.525426864624023,4.527559280395508,4.5244340896606445,0.002132415771484375,-0.0009927749633789062,0.0015625953674316406,0.0005698204040527344,0.0015625953674316406,True,dec_s1,decoder,1,10,0.00981954406015575,0.008601205283775925,0.00800603157840669,0.00458888344001025,0.5627466769515597,0.6402030971723951
japan_2020-10-10T00:00:00,japan,synoptic,low_near,t1,q850_trace,precip_only,precip,52.97747747747748,141.08497947810284,1.2401071217027493e-05,1.0,850,0.0,0.11129036141677301,0.9999999221308428,0.8092508558793744,0.19074908110493852,4.525426864624023,4.527559280395508,4.5244340896606445,0.002132415771484375,-0.0009927749633789062,0.0015625953674316406,0.0005698204040527344,0.0015625953674316406,True,dec_s2,decoder,2,6,0.038902719815572105,0.035484252497553825,0.034253003696600594,0.014587876697381338,0.7283477066442333,0.7016061372390755
japan_2020-10-10T00:00:00,japan,synoptic,hotspot,t1,q850_trace,precip_zwd,zwd,32.97747747747748,141.08497947810284,0.0001805153879104182,1.0,850,0.0,0.01583626908236873,1.0,0.9895491090331485,0.010450890966851431,274.1937561035156,278.05377197265625,269.4515380859375,3.860015869140625,-4.742218017578125,4.301116943359375,-0.44110107421875,4.301116943359375,True,enc_s0,encoder,0,6,0.01279460700849692,0.012132714968174696,0.012098468995342651,0.0030089483285943666,0.887838129843863,0.8000424600010717
japan_2020-10-10T00:00:00,japan,synoptic,hotspot,t1,q850_trace,precip_zwd,zwd,32.97747747747748,141.08497947810284,0.0001805153879104182,1.0,850,0.0,0.01583626908236873,1.0,0.9895491090331485,0.010450890966851431,274.1937561035156,278.05377197265625,269.4515380859375,3.860015869140625,-4.742218017578125,4.301116943359375,-0.44110107421875,4.301116943359375,True,enc_s1,encoder,1,10,0.008546297624707221,0.006370230996981263,0.006679043686017394,0.003436673805117607,0.6423428086857171,0.6729424050613513
japan_2020-10-10T00:00:00,japan,synoptic,hotspot,t1,q850_trace,precip_zwd,zwd,32.97747747747748,141.08497947810284,0.0001805153879104182,1.0,850,0.0,0.01583626908236873,1.0,0.9895491090331485,0.010450890966851431,274.1937561035156,278.05377197265625,269.4515380859375,3.860015869140625,-4.742218017578125,4.301116943359375,-0.44110107421875,4.301116943359375,True,enc_s2,encoder,2,8,0.0037089482066221535,0.0028064206708222628,0.0028739520348608494,0.0015989463136065751,0.564450609870782,0.6425110412500239
japan_2020-10-10T00:00:00,japan,synoptic,hotspot,t1,q850_trace,precip_zwd,zwd,32.97747747747748,141.08497947810284,0.0001805153879104182,1.0,850,0.0,0.01583626908236873,1.0,0.9895491090331485,0.010450890966851431,274.1937561035156,278.05377197265625,269.4515380859375,3.860015869140625,-4.742218017578125,4.301116943359375,-0.44110107421875,4.301116943359375,True,dec_s0,decoder,0,8,0.005151333345565945,0.003971904603531584,0.004031012358609587,0.0022152219607960433,0.5741912578550761,0.6454820667137072
japan_2020-10-10T00:00:00,japan,synoptic,hotspot,t1,q850_trace,precip_zwd,zwd,32.97747747747748,141.08497947810284,0.0001805153879104182,1.0,850,0.0,0.01583626908236873,1.0,0.9895491090331485,0.010450890966851431,274.1937561035156,278.05377197265625,269.4515380859375,3.860015869140625,-4.742218017578125,4.301116943359375,-0.44110107421875,4.301116943359375,True,dec_s1,decoder,1,10,0.007128253509290516,0.006217347178608179,0.0057787915458902715,0.003367675212211907,0.5434336205834134,0.6334462176499158
japan_2020-10-10T00:00:00,japan,synoptic,hotspot,t1,q850_trace,precip_zwd,zwd,32.97747747747748,141.08497947810284,0.0001805153879104182,1.0,850,0.0,0.01583626908236873,1.0,0.9895491090331485,0.010450890966851431,274.1937561035156,278.05377197265625,269.4515380859375,3.860015869140625,-4.742218017578125,4.301116943359375,-0.44110107421875,4.301116943359375,True,dec_s2,decoder,2,6,0.027274595573544502,0.023293677096565563,0.023043376704057057,0.010594889832039675,0.7128069697203823,0.6850923602044167
japan_2020-10-10T00:00:00,japan,synoptic,low_near,t1,q850_trace,precip_zwd,zwd,52.97747747747748,141.08497947810284,1.2401071217027493e-05,1.0,850,0.0,0.11129036141677301,0.9999999221308428,0.8092508558793744,0.19074908110493852,274.1937561035156,274.41168212890625,274.1164855957031,0.217926025390625,-0.0772705078125,0.1475982666015625,0.0703277587890625,0.1475982666015625,True,enc_s0,encoder,0,6,0.021927104331552982,0.019878053106367588,0.019854110355178516,0.006619276323666175,0.8046895253610294,0.7493846892665896
japan_2020-10-10T00:00:00,japan,synoptic,low_near,t1,q850_trace,precip_zwd,zwd,52.97747747747748,141.08497947810284,1.2401071217027493e-05,1.0,850,0.0,0.11129036141677301,0.9999999221308428,0.8092508558793744,0.19074908110493852,274.1937561035156,274.41168212890625,274.1164855957031,0.217926025390625,-0.0772705078125,0.1475982666015625,0.0703277587890625,0.1475982666015625,True,enc_s1,encoder,1,10,0.014299117866903544,0.01158842733129859,0.011605429369956255,0.005907826055772602,0.6270536609213834,0.6689193044275823
japan_2020-10-10T00:00:00,japan,synoptic,low_near,t1,q850_trace,precip_zwd,zwd,52.97747747747748,141.08497947810284,1.2401071217027493e-05,1.0,850,0.0,0.11129036141677301,0.9999999221308428,0.8092508558793744,0.19074908110493852,274.1937561035156,274.41168212890625,274.1164855957031,0.217926025390625,-0.0772705078125,0.1475982666015625,0.0703277587890625,0.1475982666015625,True,enc_s2,encoder,2,8,0.005965686461422592,0.004391406546346843,0.004573223879560828,0.0025538825429975986,0.5626789862870631,0.6417050026560371
japan_2020-10-10T00:00:00,japan,synoptic,low_near,t1,q850_trace,precip_zwd,zwd,52.97747747747748,141.08497947810284,1.2401071217027493e-05,1.0,850,0.0,0.11129036141677301,0.9999999221308428,0.8092508558793744,0.19074908110493852,274.1937561035156,274.41168212890625,274.1164855957031,0.217926025390625,-0.0772705078125,0.1475982666015625,0.0703277587890625,0.1475982666015625,True,dec_s0,decoder,0,8,0.008265725162345916,0.00558361312141642,0.006127280241344124,0.003493726922897622,0.5642914151145257,0.6367277814184299
japan_2020-10-10T00:00:00,japan,synoptic,low_near,t1,q850_trace,precip_zwd,zwd,52.97747747747748,141.08497947810284,1.2401071217027493e-05,1.0,850,0.0,0.11129036141677301,0.9999999221308428,0.8092508558793744,0.19074908110493852,274.1937561035156,274.41168212890625,274.1164855957031,0.217926025390625,-0.0772705078125,0.1475982666015625,0.0703277587890625,0.1475982666015625,True,dec_s1,decoder,1,10,0.010141109628602863,0.008950145589187742,0.008366115996614099,0.004627629439346493,0.5903275946214238,0.6490913641884919
japan_2020-10-10T00:00:00,japan,synoptic,low_near,t1,q850_trace,precip_zwd,zwd,52.97747747747748,141.08497947810284,1.2401071217027493e-05,1.0,850,0.0,0.11129036141677301,0.9999999221308428,0.8092508558793744,0.19074908110493852,274.1937561035156,274.41168212890625,274.1164855957031,0.217926025390625,-0.0772705078125,0.1475982666015625,0.0703277587890625,0.1475982666015625,True,dec_s2,decoder,2,6,0.038328722740213074,0.03500623442232609,0.0338600135097901,0.014167163986712694,0.7381036097051498,0.705134981237512
netherlands_2020-12-27T12:00:00,netherlands,local,hotspot,t1,q850_trace,precip_zwd,precip,52.47747747747748,3.502710997644563,5.496609446709044e-05,1.0,850,0.0,0.03409090909090909,1.0,0.9577547924148907,0.04224520758510926,3.7179300785064697,4.189404010772705,3.298574447631836,0.47147393226623535,-0.4193556308746338,0.44541478157043457,0.02605915069580078,0.44541478157043457,True,enc_s0,encoder,0,6,0.0067186979576945305,0.006949450199802716,0.006522551489373048,0.0020521573023870587,0.8298658532477052,0.7603622396976325
netherlands_2020-12-27T12:00:00,netherlands,local,hotspot,t1,q850_trace,precip_zwd,precip,52.47747747747748,3.502710997644563,5.496609446709044e-05,1.0,850,0.0,0.03409090909090909,1.0,0.9577547924148907,0.04224520758510926,3.7179300785064697,4.189404010772705,3.298574447631836,0.47147393226623535,-0.4193556308746338,0.44541478157043457,0.02605915069580078,0.44541478157043457,True,enc_s1,encoder,1,10,0.006354127777740359,0.004650922305881977,0.004659920977428555,0.0030068140011280777,0.4749691249946236,0.6207113403513236
netherlands_2020-12-27T12:00:00,netherlands,local,hotspot,t1,q850_trace,precip_zwd,precip,52.47747747747748,3.502710997644563,5.496609446709044e-05,1.0,850,0.0,0.03409090909090909,1.0,0.9577547924148907,0.04224520758510926,3.7179300785064697,4.189404010772705,3.298574447631836,0.47147393226623535,-0.4193556308746338,0.44541478157043457,0.02605915069580078,0.44541478157043457,True,enc_s2,encoder,2,8,0.0024705586256459355,0.002021574749960564,0.0018799107056111097,0.0012495097471401095,0.4070467945978723,0.6007340215060595
netherlands_2020-12-27T12:00:00,netherlands,local,hotspot,t1,q850_trace,precip_zwd,precip,52.47747747747748,3.502710997644563,5.496609446709044e-05,1.0,850,0.0,0.03409090909090909,1.0,0.9577547924148907,0.04224520758510926,3.7179300785064697,4.189404010772705,3.298574447631836,0.47147393226623535,-0.4193556308746338,0.44541478157043457,0.02605915069580078,0.44541478157043457,True,dec_s0,decoder,0,8,0.0032441786024719477,0.002794374420773238,0.002483262011082843,0.0017321817722404376,0.36395176745409363,0.5895214076788929
netherlands_2020-12-27T12:00:00,netherlands,local,hotspot,t1,q850_trace,precip_zwd,precip,52.47747747747748,3.502710997644563,5.496609446709044e-05,1.0,850,0.0,0.03409090909090909,1.0,0.9577547924148907,0.04224520758510926,3.7179300785064697,4.189404010772705,3.298574447631836,0.47147393226623535,-0.4193556308746338,0.44541478157043457,0.02605915069580078,0.44541478157043457,True,dec_s1,decoder,1,10,0.0043090346036478875,0.004614547034725547,0.003460464137606323,0.0028207516996189954,0.2224511455245402,0.5521714633593209
netherlands_2020-12-27T12:00:00,netherlands,local,hotspot,t1,q850_trace,precip_zwd,precip,52.47747747747748,3.502710997644563,5.496609446709044e-05,1.0,850,0.0,0.03409090909090909,1.0,0.9577547924148907,0.04224520758510926,3.7179300785064697,4.189404010772705,3.298574447631836,0.47147393226623535,-0.4193556308746338,0.44541478157043457,0.02605915069580078,0.44541478157043457,True,dec_s2,decoder,2,6,0.013029873681565126,0.01446108582119147,0.011263925271729628,0.007909703611706695,0.4058920698485771,0.5875668918913579
netherlands_2020-12-27T12:00:00,netherlands,local,hotspot,t1,q850_trace,precip_only,precip,52.47747747747748,3.502710997644563,5.496609446709044e-05,1.0,850,0.0,0.03409090909090909,1.0,0.9577547924148907,0.04224520758510926,3.512951374053955,4.092975616455078,2.971693515777588,0.580024242401123,-0.5412578582763672,0.5606410503387451,0.01938319206237793,0.5606410503387451,True,enc_s0,encoder,0,6,0.006853548189004262,0.006964290436978142,0.00659096574721237,0.002083485519203047,0.8281807346974793,0.7595723243374216
netherlands_2020-12-27T12:00:00,netherlands,local,hotspot,t1,q850_trace,precip_only,precip,52.47747747747748,3.502710997644563,5.496609446709044e-05,1.0,850,0.0,0.03409090909090909,1.0,0.9577547924148907,0.04224520758510926,3.512951374053955,4.092975616455078,2.971693515777588,0.580024242401123,-0.5412578582763672,0.5606410503387451,0.01938319206237793,0.5606410503387451,True,enc_s1,encoder,1,10,0.006586464773863554,0.004733859398402274,0.004787844931706786,0.003117726545315236,0.4691871522904287,0.6183142439756345
netherlands_2020-12-27T12:00:00,netherlands,local,hotspot,t1,q850_trace,precip_only,precip,52.47747747747748,3.502710997644563,5.496609446709044e-05,1.0,850,0.0,0.03409090909090909,1.0,0.9577547924148907,0.04224520758510926,3.512951374053955,4.092975616455078,2.971693515777588,0.580024242401123,-0.5412578582763672,0.5606410503387451,0.01938319206237793,0.5606410503387451,True,enc_s2,encoder,2,8,0.00259210797958076,0.002079834492178634,0.001951626458321698,0.0013090751017443836,0.40049341616815326,0.5985330480095421
netherlands_2020-12-27T12:00:00,netherlands,local,hotspot,t1,q850_trace,precip_only,precip,52.47747747747748,3.502710997644563,5.496609446709044e-05,1.0,850,0.0,0.03409090909090909,1.0,0.9577547924148907,0.04224520758510926,3.512951374053955,4.092975616455078,2.971693515777588,0.580024242401123,-0.5412578582763672,0.5606410503387451,0.01938319206237793,0.5606410503387451,True,dec_s0,decoder,0,8,0.003417683008592576,0.0028630439774133265,0.002575327904196456,0.0018185892986366525,0.35380683920189104,0.5865180498086414
netherlands_2020-12-27T12:00:00,netherlands,local,hotspot,t1,q850_trace,precip_only,precip,52.47747747747748,3.502710997644563,5.496609446709044e-05,1.0,850,0.0,0.03409090909090909,1.0,0.9577547924148907,0.04224520758510926,3.512951374053955,4.092975616455078,2.971693515777588,0.580024242401123,-0.5412578582763672,0.5606410503387451,0.01938319206237793,0.5606410503387451,True,dec_s1,decoder,1,10,0.004325708583928644,0.004655075236223638,0.003463301691226661,0.002863165852613747,0.20721042997784123,0.548572811004048
netherlands_2020-12-27T12:00:00,netherlands,local,hotspot,t1,q850_trace,precip_only,precip,52.47747747747748,3.502710997644563,5.496609446709044e-05,1.0,850,0.0,0.03409090909090909,1.0,0.9577547924148907,0.04224520758510926,3.512951374053955,4.092975616455078,2.971693515777588,0.580024242401123,-0.5412578582763672,0.5606410503387451,0.01938319206237793,0.5606410503387451,True,dec_s2,decoder,2,6,0.013692553155124187,0.015111681229124466,0.011724979306260744,0.008391570532694459,0.3849469654124163,0.5830933915916515
netherlands_2020-12-27T12:00:00,netherlands,local,low_near,t1,q850_trace,precip_zwd,precip,64.97747747747748,346.00271099764456,7.220296538434923e-07,1.0,850,0.0,0.05765485001947799,1.0,0.9443478392378737,0.05565216076212633,3.7179300785064697,3.7157156467437744,3.7230210304260254,-0.0022144317626953125,0.005090951919555664,-0.0036526918411254883,0.0014382600784301758,0.0036526918411254883,True,enc_s0,encoder,0,6,0.008072767949973544,0.008818939172973236,0.008032653403157989,0.002654222344669203,0.8142364857975903,0.7513436052855349
netherlands_2020-12-27T12:00:00,netherlands,local,low_near,t1,q850_trace,precip_zwd,precip,64.97747747747748,346.00271099764456,7.220296538434923e-07,1.0,850,0.0,0.05765485001947799,1.0,0.9443478392378737,0.05565216076212633,3.7179300785064697,3.7157156467437744,3.7230210304260254,-0.0022144317626953125,0.005090951919555664,-0.0036526918411254883,0.0014382600784301758,0.0036526918411254883,True,enc_s1,encoder,1,10,0.008167376415804029,0.0055654451716691256,0.005820848932489753,0.0038242224836722016,0.4592654040221184,0.6145169220188867
netherlands_2020-12-27T12:00:00,netherlands,local,low_near,t1,q850_trace,precip_zwd,precip,64.97747747747748,346.00271099764456,7.220296538434923e-07,1.0,850,0.0,0.05765485001947799,1.0,0.9443478392378737,0.05565216076212633,3.7179300785064697,3.7157156467437744,3.7230210304260254,-0.0022144317626953125,0.005090951919555664,-0.0036526918411254883,0.0014382600784301758,0.0036526918411254883,True,enc_s2,encoder,2,8,0.003215890232240781,0.0022900340263731778,0.002309770410647616,0.0015678352501709014,0.40116029422492056,0.5957380975429485
netherlands_2020-12-27T12:00:00,netherlands,local,low_near,t1,q850_trace,precip_zwd,precip,64.97747747747748,346.00271099764456,7.220296538434923e-07,1.0,850,0.0,0.05765485001947799,1.0,0.9443478392378737,0.05565216076212633,3.7179300785064697,3.7157156467437744,3.7230210304260254,-0.0022144317626953125,0.005090951919555664,-0.0036526918411254883,0.0014382600784301758,0.0036526918411254883,True,dec_s0,decoder,0,8,0.004284674039809033,0.003140301239909604,0.003062759613385424,0.0021749666339019313,0.3601825998978972,0.5850449750567315
netherlands_2020-12-27T12:00:00,netherlands,local,low_near,t1,q850_trace,precip_zwd,precip,64.97747747747748,346.00271099764456,7.220296538434923e-07,1.0,850,0.0,0.05765485001947799,1.0,0.9443478392378737,0.05565216076212633,3.7179300785064697,3.7157156467437744,3.7230210304260254,-0.0022144317626953125,0.005090951919555664,-0.0036526918411254883,0.0014382600784301758,0.0036526918411254883,True,dec_s1,decoder,1,10,0.004974925145506859,0.005360219185240567,0.004100594506599009,0.0031520185060799123,0.2819678733736629,0.5658765864793172
netherlands_2020-12-27T12:00:00,netherlands,local,low_near,t1,q850_trace,precip_zwd,precip,64.97747747747748,346.00271099764456,7.220296538434923e-07,1.0,850,0.0,0.05765485001947799,1.0,0.9443478392378737,0.05565216076212633,3.7179300785064697,3.7157156467437744,3.7230210304260254,-0.0022144317626953125,0.005090951919555664,-0.0036526918411254883,0.0014382600784301758,0.0036526918411254883,True,dec_s2,decoder,2,6,0.014030965355535349,0.016415946185588837,0.012801317498087883,0.00832476063321034,0.475481244628307,0.6060011334148394
netherlands_2020-12-27T12:00:00,netherlands,local,low_near,t1,q850_trace,precip_only,precip,64.97747747747748,346.00271099764456,7.220296538434923e-07,1.0,850,0.0,0.05765485001947799,1.0,0.9443478392378737,0.05565216076212633,3.512951374053955,3.5091001987457275,3.512141466140747,-0.003851175308227539,-0.0008099079132080078,-0.0015206336975097656,-0.0023305416107177734,0.0023305416107177734,False,enc_s0,encoder,0,6,0.008252519182860851,0.00892260205000639,0.00816890395556887,0.0026888307572032013,0.8148542757727899,0.7520593487680006
netherlands_2020-12-27T12:00:00,netherlands,local,low_near,t1,q850_trace,precip_only,precip,64.97747747747748,346.00271099764456,7.220296538434923e-07,1.0,850,0.0,0.05765485001947799,1.0,0.9443478392378737,0.05565216076212633,3.512951374053955,3.5091001987457275,3.512141466140747,-0.003851175308227539,-0.0008099079132080078,-0.0015206336975097656,-0.0023305416107177734,0.0023305416107177734,False,enc_s1,encoder,1,10,0.008410517685115337,0.00556628992781043,0.005895748175680638,0.003967738791834563,0.44088297765313583,0.6087779765391679
netherlands_2020-12-27T12:00:00,netherlands,local,low_near,t1,q850_trace,precip_only,precip,64.97747747747748,346.00271099764456,7.220296538434923e-07,1.0,850,0.0,0.05765485001947799,1.0,0.9443478392378737,0.05565216076212633,3.512951374053955,3.5091001987457275,3.512141466140747,-0.003851175308227539,-0.0008099079132080078,-0.0015206336975097656,-0.0023305416107177734,0.0023305416107177734,False,enc_s2,encoder,2,8,0.003370287362486124,0.002312096068635583,0.0023612320655956864,0.001666426454903558,0.3685238732694433,0.5863260708629667
netherlands_2020-12-27T12:00:00,netherlands,local,low_near,t1,q850_trace,precip_only,precip,64.97747747747748,346.00271099764456,7.220296538434923e-07,1.0,850,0.0,0.05765485001947799,1.0,0.9443478392378737,0.05565216076212633,3.512951374053955,3.5091001987457275,3.512141466140747,-0.003851175308227539,-0.0008099079132080078,-0.0015206336975097656,-0.0023305416107177734,0.0023305416107177734,False,dec_s0,decoder,0,8,0.004494268272537738,0.003131471836240962,0.003112401900580153,0.0023056077770888805,0.32386719597655195,0.5747878624059628
netherlands_2020-12-27T12:00:00,netherlands,local,low_near,t1,q850_trace,precip_only,precip,64.97747747747748,346.00271099764456,7.220296538434923e-07,1.0,850,0.0,0.05765485001947799,1.0,0.9443478392378737,0.05565216076212633,3.512951374053955,3.5091001987457275,3.512141466140747,-0.003851175308227539,-0.0008099079132080078,-0.0015206336975097656,-0.0023305416107177734,0.0023305416107177734,False,dec_s1,decoder,1,10,0.004894217406399548,0.005166821088641882,0.0039119633147493005,0.003167660743929446,0.2261522974623825,0.5528975826479001
netherlands_2020-12-27T12:00:00,netherlands,local,low_near,t1,q850_trace,precip_only,precip,64.97747747747748,346.00271099764456,7.220296538434923e-07,1.0,850,0.0,0.05765485001947799,1.0,0.9443478392378737,0.05565216076212633,3.512951374053955,3.5091001987457275,3.512141466140747,-0.003851175308227539,-0.0008099079132080078,-0.0015206336975097656,-0.0023305416107177734,0.0023305416107177734,False,dec_s2,decoder,2,6,0.014432981765518585,0.016977676500876743,0.013128809786091248,0.008712098623315493,0.45666119869500843,0.6012867672478155
netherlands_2020-12-27T12:00:00,netherlands,local,hotspot,t1,q850_trace,precip_zwd,zwd,52.47747747747748,3.502710997644563,5.496609446709044e-05,1.0,850,0.0,0.03409090909090909,1.0,0.9577547924148907,0.04224520758510926,88.56739807128906,89.87459564208984,88.86486053466797,1.3071975708007812,0.29746246337890625,0.5048675537109375,0.8023300170898438,0.8023300170898438,False,enc_s0,encoder,0,6,0.0067186979576945305,0.006949450199802716,0.006522551489373048,0.0020521573023870587,0.8298658532477052,0.7603622396976325
netherlands_2020-12-27T12:00:00,netherlands,local,hotspot,t1,q850_trace,precip_zwd,zwd,52.47747747747748,3.502710997644563,5.496609446709044e-05,1.0,850,0.0,0.03409090909090909,1.0,0.9577547924148907,0.04224520758510926,88.56739807128906,89.87459564208984,88.86486053466797,1.3071975708007812,0.29746246337890625,0.5048675537109375,0.8023300170898438,0.8023300170898438,False,enc_s1,encoder,1,10,0.006354127777740359,0.004650922305881977,0.004659920977428555,0.0030068140011280777,0.4749691249946236,0.6207113403513236
netherlands_2020-12-27T12:00:00,netherlands,local,hotspot,t1,q850_trace,precip_zwd,zwd,52.47747747747748,3.502710997644563,5.496609446709044e-05,1.0,850,0.0,0.03409090909090909,1.0,0.9577547924148907,0.04224520758510926,88.56739807128906,89.87459564208984,88.86486053466797,1.3071975708007812,0.29746246337890625,0.5048675537109375,0.8023300170898438,0.8023300170898438,False,enc_s2,encoder,2,8,0.0024705586256459355,0.002021574749960564,0.0018799107056111097,0.0012495097471401095,0.4070467945978723,0.6007340215060595
netherlands_2020-12-27T12:00:00,netherlands,local,hotspot,t1,q850_trace,precip_zwd,zwd,52.47747747747748,3.502710997644563,5.496609446709044e-05,1.0,850,0.0,0.03409090909090909,1.0,0.9577547924148907,0.04224520758510926,88.56739807128906,89.87459564208984,88.86486053466797,1.3071975708007812,0.29746246337890625,0.5048675537109375,0.8023300170898438,0.8023300170898438,False,dec_s0,decoder,0,8,0.0032441786024719477,0.002794374420773238,0.002483262011082843,0.0017321817722404376,0.36395176745409363,0.5895214076788929
netherlands_2020-12-27T12:00:00,netherlands,local,hotspot,t1,q850_trace,precip_zwd,zwd,52.47747747747748,3.502710997644563,5.496609446709044e-05,1.0,850,0.0,0.03409090909090909,1.0,0.9577547924148907,0.04224520758510926,88.56739807128906,89.87459564208984,88.86486053466797,1.3071975708007812,0.29746246337890625,0.5048675537109375,0.8023300170898438,0.8023300170898438,False,dec_s1,decoder,1,10,0.0043090346036478875,0.004614547034725547,0.003460464137606323,0.0028207516996189954,0.2224511455245402,0.5521714633593209
netherlands_2020-12-27T12:00:00,netherlands,local,hotspot,t1,q850_trace,precip_zwd,zwd,52.47747747747748,3.502710997644563,5.496609446709044e-05,1.0,850,0.0,0.03409090909090909,1.0,0.9577547924148907,0.04224520758510926,88.56739807128906,89.87459564208984,88.86486053466797,1.3071975708007812,0.29746246337890625,0.5048675537109375,0.8023300170898438,0.8023300170898438,False,dec_s2,decoder,2,6,0.013029873681565126,0.01446108582119147,0.011263925271729628,0.007909703611706695,0.4058920698485771,0.5875668918913579
netherlands_2020-12-27T12:00:00,netherlands,local,low_near,t1,q850_trace,precip_zwd,zwd,64.97747747747748,346.00271099764456,7.220296538434923e-07,1.0,850,0.0,0.05765485001947799,1.0,0.9443478392378737,0.05565216076212633,88.56739807128906,88.46268463134766,88.56713104248047,-0.10471343994140625,-0.00026702880859375,-0.05222320556640625,-0.052490234375,0.052490234375,False,enc_s0,encoder,0,6,0.008072767949973544,0.008818939172973236,0.008032653403157989,0.002654222344669203,0.8142364857975903,0.7513436052855349
netherlands_2020-12-27T12:00:00,netherlands,local,low_near,t1,q850_trace,precip_zwd,zwd,64.97747747747748,346.00271099764456,7.220296538434923e-07,1.0,850,0.0,0.05765485001947799,1.0,0.9443478392378737,0.05565216076212633,88.56739807128906,88.46268463134766,88.56713104248047,-0.10471343994140625,-0.00026702880859375,-0.05222320556640625,-0.052490234375,0.052490234375,False,enc_s1,encoder,1,10,0.008167376415804029,0.0055654451716691256,0.005820848932489753,0.0038242224836722016,0.4592654040221184,0.6145169220188867
netherlands_2020-12-27T12:00:00,netherlands,local,low_near,t1,q850_trace,precip_zwd,zwd,64.97747747747748,346.00271099764456,7.220296538434923e-07,1.0,850,0.0,0.05765485001947799,1.0,0.9443478392378737,0.05565216076212633,88.56739807128906,88.46268463134766,88.56713104248047,-0.10471343994140625,-0.00026702880859375,-0.05222320556640625,-0.052490234375,0.052490234375,False,enc_s2,encoder,2,8,0.003215890232240781,0.0022900340263731778,0.002309770410647616,0.0015678352501709014,0.40116029422492056,0.5957380975429485
netherlands_2020-12-27T12:00:00,netherlands,local,low_near,t1,q850_trace,precip_zwd,zwd,64.97747747747748,346.00271099764456,7.220296538434923e-07,1.0,850,0.0,0.05765485001947799,1.0,0.9443478392378737,0.05565216076212633,88.56739807128906,88.46268463134766,88.56713104248047,-0.10471343994140625,-0.00026702880859375,-0.05222320556640625,-0.052490234375,0.052490234375,False,dec_s0,decoder,0,8,0.004284674039809033,0.003140301239909604,0.003062759613385424,0.0021749666339019313,0.3601825998978972,0.5850449750567315
netherlands_2020-12-27T12:00:00,netherlands,local,low_near,t1,q850_trace,precip_zwd,zwd,64.97747747747748,346.00271099764456,7.220296538434923e-07,1.0,850,0.0,0.05765485001947799,1.0,0.9443478392378737,0.05565216076212633,88.56739807128906,88.46268463134766,88.56713104248047,-0.10471343994140625,-0.00026702880859375,-0.05222320556640625,-0.052490234375,0.052490234375,False,dec_s1,decoder,1,10,0.004974925145506859,0.005360219185240567,0.004100594506599009,0.0031520185060799123,0.2819678733736629,0.5658765864793172
netherlands_2020-12-27T12:00:00,netherlands,local,low_near,t1,q850_trace,precip_zwd,zwd,64.97747747747748,346.00271099764456,7.220296538434923e-07,1.0,850,0.0,0.05765485001947799,1.0,0.9443478392378737,0.05565216076212633,88.56739807128906,88.46268463134766,88.56713104248047,-0.10471343994140625,-0.00026702880859375,-0.05222320556640625,-0.052490234375,0.052490234375,False,dec_s2,decoder,2,6,0.014030965355535349,0.016415946185588837,0.012801317498087883,0.00832476063321034,0.475481244628307,0.6060011334148394
netherlands_2020-12-27T12:00:00,netherlands,synoptic,hotspot,t1,q850_trace,precip_zwd,precip,49.97747747747748,3.502710997644563,9.8186828836333e-05,1.0,850,0.0,0.07701211513234046,0.9999999168338999,0.9133717782492372,0.08662814578918772,3.7179300785064697,3.99552845954895,3.3619940280914307,0.27759838104248047,-0.35593605041503906,0.31676721572875977,-0.0391688346862793,0.31676721572875977,True,enc_s0,encoder,0,6,0.016337291958431404,0.016683914077778656,0.015765514379988115,0.004921937128528953,0.8255131186067097,0.7616439309695937
netherlands_2020-12-27T12:00:00,netherlands,synoptic,hotspot,t1,q850_trace,precip_zwd,precip,49.97747747747748,3.502710997644563,9.8186828836333e-05,1.0,850,0.0,0.07701211513234046,0.9999999168338999,0.9133717782492372,0.08662814578918772,3.7179300785064697,3.99552845954895,3.3619940280914307,0.27759838104248047,-0.35593605041503906,0.31676721572875977,-0.0391688346862793,0.31676721572875977,True,enc_s1,encoder,1,10,0.013454315345734357,0.010097935795783997,0.010291446838527918,0.005923149571754038,0.547733663885208,0.6421824889088221
netherlands_2020-12-27T12:00:00,netherlands,synoptic,hotspot,t1,q850_trace,precip_zwd,precip,49.97747747747748,3.502710997644563,9.8186828836333e-05,1.0,850,0.0,0.07701211513234046,0.9999999168338999,0.9133717782492372,0.08662814578918772,3.7179300785064697,3.99552845954895,3.3619940280914307,0.27759838104248047,-0.35593605041503906,0.31676721572875977,-0.0391688346862793,0.31676721572875977,True,enc_s2,encoder,2,8,0.005007571191526949,0.004069586924742907,0.0039007870946079493,0.002367052366025746,0.48515057304761217,0.6223747992812874
netherlands_2020-12-27T12:00:00,netherlands,synoptic,hotspot,t1,q850_trace,precip_zwd,precip,49.97747747747748,3.502710997644563,9.8186828836333e-05,1.0,850,0.0,0.07701211513234046,0.9999999168338999,0.9133717782492372,0.08662814578918772,3.7179300785064697,3.99552845954895,3.3619940280914307,0.27759838104248047,-0.35593605041503906,0.31676721572875977,-0.0391688346862793,0.31676721572875977,True,dec_s0,decoder,0,8,0.006607327435631305,0.0055228169658221304,0.005208083020988852,0.00315523668541573,0.485769534316131,0.6227540691256046
netherlands_2020-12-27T12:00:00,netherlands,synoptic,hotspot,t1,q850_trace,precip_zwd,precip,49.97747747747748,3.502710997644563,9.8186828836333e-05,1.0,850,0.0,0.07701211513234046,0.9999999168338999,0.9133717782492372,0.08662814578918772,3.7179300785064697,3.99552845954895,3.3619940280914307,0.27759838104248047,-0.35593605041503906,0.31676721572875977,-0.0391688346862793,0.31676721572875977,True,dec_s1,decoder,1,10,0.007756853615865112,0.008241272903978825,0.006709562754258514,0.004358598473481834,0.45772275263400475,0.6109199863956946
netherlands_2020-12-27T12:00:00,netherlands,synoptic,hotspot,t1,q850_trace,precip_zwd,precip,49.97747747747748,3.502710997644563,9.8186828836333e-05,1.0,850,0.0,0.07701211513234046,0.9999999168338999,0.9133717782492372,0.08662814578918772,3.7179300785064697,3.99552845954895,3.3619940280914307,0.27759838104248047,-0.35593605041503906,0.31676721572875977,-0.0391688346862793,0.31676721572875977,True,dec_s2,decoder,2,6,0.027032266681392986,0.028933802309135597,0.024686215445399284,0.013209755842884382,0.5995930411866571,0.6515382593598178
netherlands_2020-12-27T12:00:00,netherlands,synoptic,hotspot,t1,q850_trace,precip_only,precip,49.97747747747748,3.502710997644563,9.8186828836333e-05,1.0,850,0.0,0.07701211513234046,0.9999999168338999,0.9133717782492372,0.08662814578918772,3.512951374053955,3.8718180656433105,3.0495967864990234,0.35886669158935547,-0.46335458755493164,0.41111063957214355,-0.052243947982788086,0.41111063957214355,True,enc_s0,encoder,0,6,0.016436586777369182,0.016629432328045368,0.015779368424167235,0.004952045856043696,0.8238416024167773,0.7607001096662609
netherlands_2020-12-27T12:00:00,netherlands,synoptic,hotspot,t1,q850_trace,precip_only,precip,49.97747747747748,3.502710997644563,9.8186828836333e-05,1.0,850,0.0,0.07701211513234046,0.9999999168338999,0.9133717782492372,0.08662814578918772,3.512951374053955,3.8718180656433105,3.0495967864990234,0.35886669158935547,-0.46335458755493164,0.41111063957214355,-0.052243947982788086,0.41111063957214355,True,enc_s1,encoder,1,10,0.013744505029171706,0.010207229852676391,0.010421648528426886,0.0061183438636362554,0.5347712038860928,0.6378340695124358
netherlands_2020-12-27T12:00:00,netherlands,synoptic,hotspot,t1,q850_trace,precip_only,precip,49.97747747747748,3.502710997644563,9.8186828836333e-05,1.0,850,0.0,0.07701211513234046,0.9999999168338999,0.9133717782492372,0.08662814578918772,3.512951374053955,3.8718180656433105,3.0495967864990234,0.35886669158935547,-0.46335458755493164,0.41111063957214355,-0.052243947982788086,0.41111063957214355,True,enc_s2,encoder,2,8,0.0051899588434025645,0.0041565378196537495,0.004000029672170058,0.002471135667292401,0.4715297415956707,0.6181504008946597
netherlands_2020-12-27T12:00:00,netherlands,synoptic,hotspot,t1,q850_trace,precip_only,precip,49.97747747747748,3.502710997644563,9.8186828836333e-05,1.0,850,0.0,0.07701211513234046,0.9999999168338999,0.9133717782492372,0.08662814578918772,3.512951374053955,3.8718180656433105,3.0495967864990234,0.35886669158935547,-0.46335458755493164,0.41111063957214355,-0.052243947982788086,0.41111063957214355,True,dec_s0,decoder,0,8,0.006846155389212072,0.005621528718620539,0.005324937286786735,0.003298717230791226,0.4686378275544761,0.6175430333225063
netherlands_2020-12-27T12:00:00,netherlands,synoptic,hotspot,t1,q850_trace,precip_only,precip,49.97747747747748,3.502710997644563,9.8186828836333e-05,1.0,850,0.0,0.07701211513234046,0.9999999168338999,0.9133717782492372,0.08662814578918772,3.512951374053955,3.8718180656433105,3.0495967864990234,0.35886669158935547,-0.46335458755493164,0.41111063957214355,-0.052243947982788086,0.41111063957214355,True,dec_s1,decoder,1,10,0.007737568346783519,0.008221731381490826,0.006625388748943806,0.004451181669719517,0.4257830940421689,0.6024796856814267
netherlands_2020-12-27T12:00:00,netherlands,synoptic,hotspot,t1,q850_trace,precip_only,precip,49.97747747747748,3.502710997644563,9.8186828836333e-05,1.0,850,0.0,0.07701211513234046,0.9999999168338999,0.9133717782492372,0.08662814578918772,3.512951374053955,3.8718180656433105,3.0495967864990234,0.35886669158935547,-0.46335458755493164,0.41111063957214355,-0.052243947982788086,0.41111063957214355,True,dec_s2,decoder,2,6,0.027968290261924267,0.029946368498106796,0.025309810414910316,0.014097583324958881,0.5680452477669179,0.6425973276897158
netherlands_2020-12-27T12:00:00,netherlands,synoptic,low_near,t1,q850_trace,precip_zwd,precip,69.97747747747748,358.50271099764456,6.196584763529245e-06,1.0,850,0.0,0.17359300720748352,1.0,0.7340199781336065,0.2659800218663935,3.7179300785064697,3.690746545791626,3.7265496253967285,-0.02718353271484375,0.008619546890258789,-0.01790153980255127,-0.00928199291229248,0.01790153980255127,True,enc_s0,encoder,0,6,0.029142380071183045,0.023157242375115555,0.024651568072537582,0.009256633619467417,0.7750082622054459,0.7268245495057828
netherlands_2020-12-27T12:00:00,netherlands,synoptic,low_near,t1,q850_trace,precip_zwd,precip,69.97747747747748,358.50271099764456,6.196584763529245e-06,1.0,850,0.0,0.17359300720748352,1.0,0.7340199781336065,0.2659800218663935,3.7179300785064697,3.690746545791626,3.7265496253967285,-0.02718353271484375,0.008619546890258789,-0.01790153980255127,-0.00928199291229248,0.01790153980255127,True,enc_s1,encoder,1,10,0.027770407684147357,0.014830621238797904,0.018236042000353336,0.012718027923256159,0.44602235184986505,0.5960703466547356
netherlands_2020-12-27T12:00:00,netherlands,synoptic,low_near,t1,q850_trace,precip_zwd,precip,69.97747747747748,358.50271099764456,6.196584763529245e-06,1.0,850,0.0,0.17359300720748352,1.0,0.7340199781336065,0.2659800218663935,3.7179300785064697,3.690746545791626,3.7265496253967285,-0.02718353271484375,0.008619546890258789,-0.01790153980255127,-0.00928199291229248,0.01790153980255127,True,enc_s2,encoder,2,8,0.010561064933426678,0.006259551155380905,0.007186462928075343,0.004869637021329254,0.428687751544637,0.5961095602321673
netherlands_2020-12-27T12:00:00,netherlands,synoptic,low_near,t1,q850_trace,precip_zwd,precip,69.97747747747748,358.50271099764456,6.196584763529245e-06,1.0,850,0.0,0.17359300720748352,1.0,0.7340199781336065,0.2659800218663935,3.7179300785064697,3.690746545791626,3.7265496253967285,-0.02718353271484375,0.008619546890258789,-0.01790153980255127,-0.00928199291229248,0.01790153980255127,True,dec_s0,decoder,0,8,0.016865540063008666,0.008494020148646086,0.011015930562280118,0.007547923480160534,0.4541165028070828,0.5931334525018903
netherlands_2020-12-27T12:00:00,netherlands,synoptic,low_near,t1,q850_trace,precip_zwd,precip,69.97747747747748,358.50271099764456,6.196584763529245e-06,1.0,850,0.0,0.17359300720748352,1.0,0.7340199781336065,0.2659800218663935,3.7179300785064697,3.690746545791626,3.7265496253967285,-0.02718353271484375,0.008619546890258789,-0.01790153980255127,-0.00928199291229248,0.01790153980255127,True,dec_s1,decoder,1,10,0.01536541385576129,0.012750315573066473,0.011523876013234258,0.00815938487648964,0.3719853096148056,0.5894039018940552
netherlands_2020-12-27T12:00:00,netherlands,synoptic,low_near,t1,q850_trace,precip_zwd,precip,69.97747747747748,358.50271099764456,6.196584763529245e-06,1.0,850,0.0,0.17359300720748352,1.0,0.7340199781336065,0.2659800218663935,3.7179300785064697,3.690746545791626,3.7265496253967285,-0.02718353271484375,0.008619546890258789,-0.01790153980255127,-0.00928199291229248,0.01790153980255127,True,dec_s2,decoder,2,6,0.04121063773830732,0.03827883116900921,0.034579082702596985,0.019647337806721527,0.536922490608179,0.6377455106010554
netherlands_2020-12-27T12:00:00,netherlands,synoptic,low_near,t1,q850_trace,precip_only,precip,69.97747747747748,358.50271099764456,6.196584763529245e-06,1.0,850,0.0,0.17359300720748352,1.0,0.7340199781336065,0.2659800218663935,3.512951374053955,3.4710278511047363,3.5278544425964355,-0.04192352294921875,0.014903068542480469,-0.02841329574584961,-0.01351022720336914,0.02841329574584961,True,enc_s0,encoder,0,6,0.029312158624331158,0.023376512962083023,0.024821709841489792,0.009343421241889397,0.7731206259418361,0.7263207232292951
netherlands_2020-12-27T12:00:00,netherlands,synoptic,low_near,t1,q850_trace,precip_only,precip,69.97747747747748,358.50271099764456,6.196584763529245e-06,1.0,850,0.0,0.17359300720748352,1.0,0.7340199781336065,0.2659800218663935,3.512951374053955,3.4710278511047363,3.5278544425964355,-0.04192352294921875,0.014903068542480469,-0.02841329574584961,-0.01351022720336914,0.02841329574584961,True,enc_s1,encoder,1,10,0.028302829712629318,0.01500118626281619,0.018433475401252508,0.013106021005660296,0.4291994881846368,0.5919605301999141
netherlands_2020-12-27T12:00:00,netherlands,synoptic,low_near,t1,q850_trace,precip_only,precip,69.97747747747748,358.50271099764456,6.196584763529245e-06,1.0,850,0.0,0.17359300720748352,1.0,0.7340199781336065,0.2659800218663935,3.512951374053955,3.4710278511047363,3.5278544425964355,-0.04192352294921875,0.014903068542480469,-0.02841329574584961,-0.01351022720336914,0.02841329574584961,True,enc_s2,encoder,2,8,0.010970426723361015,0.006392034643795341,0.0073881761636585,0.005100844951812178,0.4131375973128406,0.5915985098553858
netherlands_2020-12-27T12:00:00,netherlands,synoptic,low_near,t1,q850_trace,precip_only,precip,69.97747747747748,358.50271099764456,6.196584763529245e-06,1.0,850,0.0,0.17359300720748352,1.0,0.7340199781336065,0.2659800218663935,3.512951374053955,3.4710278511047363,3.5278544425964355,-0.04192352294921875,0.014903068542480469,-0.02841329574584961,-0.01351022720336914,0.02841329574584961,True,dec_s0,decoder,0,8,0.017704149708151817,0.00858883507316932,0.01138325419742614,0.008003564376849681,0.43527102096834325,0.5869266028593266
netherlands_2020-12-27T12:00:00,netherlands,synoptic,low_near,t1,q850_trace,precip_only,precip,69.97747747747748,358.50271099764456,6.196584763529245e-06,1.0,850,0.0,0.17359300720748352,1.0,0.7340199781336065,0.2659800218663935,3.512951374053955,3.4710278511047363,3.5278544425964355,-0.04192352294921875,0.014903068542480469,-0.02841329574584961,-0.01351022720336914,0.02841329574584961,True,dec_s1,decoder,1,10,0.015181497670710087,0.012617330811917783,0.011247795959934592,0.008270583068951964,0.33518577066300753,0.5798951436947489
netherlands_2020-12-27T12:00:00,netherlands,synoptic,low_near,t1,q850_trace,precip_only,precip,69.97747747747748,358.50271099764456,6.196584763529245e-06,1.0,850,0.0,0.17359300720748352,1.0,0.7340199781336065,0.2659800218663935,3.512951374053955,3.4710278511047363,3.5278544425964355,-0.04192352294921875,0.014903068542480469,-0.02841329574584961,-0.01351022720336914,0.02841329574584961,True,dec_s2,decoder,2,6,0.04275901118914286,0.04022570326924324,0.03577741359670957,0.02104176425685485,0.5085837274191443,0.6299754793609553
netherlands_2020-12-27T12:00:00,netherlands,synoptic,hotspot,t1,q850_trace,precip_zwd,zwd,49.97747747747748,3.502710997644563,9.8186828836333e-05,1.0,850,0.0,0.07701211513234046,0.9999999168338999,0.9133717782492372,0.08662814578918772,88.56739807128906,88.26782989501953,89.58678436279297,-0.29956817626953125,1.0193862915039062,-0.6594772338867188,0.3599090576171875,0.6594772338867188,True,enc_s0,encoder,0,6,0.016337291958431404,0.016683914077778656,0.015765514379988115,0.004921937128528953,0.8255131186067097,0.7616439309695937
netherlands_2020-12-27T12:00:00,netherlands,synoptic,hotspot,t1,q850_trace,precip_zwd,zwd,49.97747747747748,3.502710997644563,9.8186828836333e-05,1.0,850,0.0,0.07701211513234046,0.9999999168338999,0.9133717782492372,0.08662814578918772,88.56739807128906,88.26782989501953,89.58678436279297,-0.29956817626953125,1.0193862915039062,-0.6594772338867188,0.3599090576171875,0.6594772338867188,True,enc_s1,encoder,1,10,0.013454315345734357,0.010097935795783997,0.010291446838527918,0.005923149571754038,0.547733663885208,0.6421824889088221
netherlands_2020-12-27T12:00:00,netherlands,synoptic,hotspot,t1,q850_trace,precip_zwd,zwd,49.97747747747748,3.502710997644563,9.8186828836333e-05,1.0,850,0.0,0.07701211513234046,0.9999999168338999,0.9133717782492372,0.08662814578918772,88.56739807128906,88.26782989501953,89.58678436279297,-0.29956817626953125,1.0193862915039062,-0.6594772338867188,0.3599090576171875,0.6594772338867188,True,enc_s2,encoder,2,8,0.005007571191526949,0.004069586924742907,0.0039007870946079493,0.002367052366025746,0.48515057304761217,0.6223747992812874
netherlands_2020-12-27T12:00:00,netherlands,synoptic,hotspot,t1,q850_trace,precip_zwd,zwd,49.97747747747748,3.502710997644563,9.8186828836333e-05,1.0,850,0.0,0.07701211513234046,0.9999999168338999,0.9133717782492372,0.08662814578918772,88.56739807128906,88.26782989501953,89.58678436279297,-0.29956817626953125,1.0193862915039062,-0.6594772338867188,0.3599090576171875,0.6594772338867188,True,dec_s0,decoder,0,8,0.006607327435631305,0.0055228169658221304,0.005208083020988852,0.00315523668541573,0.485769534316131,0.6227540691256046
netherlands_2020-12-27T12:00:00,netherlands,synoptic,hotspot,t1,q850_trace,precip_zwd,zwd,49.97747747747748,3.502710997644563,9.8186828836333e-05,1.0,850,0.0,0.07701211513234046,0.9999999168338999,0.9133717782492372,0.08662814578918772,88.56739807128906,88.26782989501953,89.58678436279297,-0.29956817626953125,1.0193862915039062,-0.6594772338867188,0.3599090576171875,0.6594772338867188,True,dec_s1,decoder,1,10,0.007756853615865112,0.008241272903978825,0.006709562754258514,0.004358598473481834,0.45772275263400475,0.6109199863956946
netherlands_2020-12-27T12:00:00,netherlands,synoptic,hotspot,t1,q850_trace,precip_zwd,zwd,49.97747747747748,3.502710997644563,9.8186828836333e-05,1.0,850,0.0,0.07701211513234046,0.9999999168338999,0.9133717782492372,0.08662814578918772,88.56739807128906,88.26782989501953,89.58678436279297,-0.29956817626953125,1.0193862915039062,-0.6594772338867188,0.3599090576171875,0.6594772338867188,True,dec_s2,decoder,2,6,0.027032266681392986,0.028933802309135597,0.024686215445399284,0.013209755842884382,0.5995930411866571,0.6515382593598178
netherlands_2020-12-27T12:00:00,netherlands,synoptic,low_near,t1,q850_trace,precip_zwd,zwd,69.97747747747748,358.50271099764456,6.196584763529245e-06,1.0,850,0.0,0.17359300720748352,1.0,0.7340199781336065,0.2659800218663935,88.56739807128906,88.30744934082031,88.5223617553711,-0.25994873046875,-0.04503631591796875,-0.10745620727539062,-0.15249252319335938,0.15249252319335938,False,enc_s0,encoder,0,6,0.029142380071183045,0.023157242375115555,0.024651568072537582,0.009256633619467417,0.7750082622054459,0.7268245495057828
netherlands_2020-12-27T12:00:00,netherlands,synoptic,low_near,t1,q850_trace,precip_zwd,zwd,69.97747747747748,358.50271099764456,6.196584763529245e-06,1.0,850,0.0,0.17359300720748352,1.0,0.7340199781336065,0.2659800218663935,88.56739807128906,88.30744934082031,88.5223617553711,-0.25994873046875,-0.04503631591796875,-0.10745620727539062,-0.15249252319335938,0.15249252319335938,False,enc_s1,encoder,1,10,0.027770407684147357,0.014830621238797904,0.018236042000353336,0.012718027923256159,0.44602235184986505,0.5960703466547356
netherlands_2020-12-27T12:00:00,netherlands,synoptic,low_near,t1,q850_trace,precip_zwd,zwd,69.97747747747748,358.50271099764456,6.196584763529245e-06,1.0,850,0.0,0.17359300720748352,1.0,0.7340199781336065,0.2659800218663935,88.56739807128906,88.30744934082031,88.5223617553711,-0.25994873046875,-0.04503631591796875,-0.10745620727539062,-0.15249252319335938,0.15249252319335938,False,enc_s2,encoder,2,8,0.010561064933426678,0.006259551155380905,0.007186462928075343,0.004869637021329254,0.428687751544637,0.5961095602321673
netherlands_2020-12-27T12:00:00,netherlands,synoptic,low_near,t1,q850_trace,precip_zwd,zwd,69.97747747747748,358.50271099764456,6.196584763529245e-06,1.0,850,0.0,0.17359300720748352,1.0,0.7340199781336065,0.2659800218663935,88.56739807128906,88.30744934082031,88.5223617553711,-0.25994873046875,-0.04503631591796875,-0.10745620727539062,-0.15249252319335938,0.15249252319335938,False,dec_s0,decoder,0,8,0.016865540063008666,0.008494020148646086,0.011015930562280118,0.007547923480160534,0.4541165028070828,0.5931334525018903
netherlands_2020-12-27T12:00:00,netherlands,synoptic,low_near,t1,q850_trace,precip_zwd,zwd,69.97747747747748,358.50271099764456,6.196584763529245e-06,1.0,850,0.0,0.17359300720748352,1.0,0.7340199781336065,0.2659800218663935,88.56739807128906,88.30744934082031,88.5223617553711,-0.25994873046875,-0.04503631591796875,-0.10745620727539062,-0.15249252319335938,0.15249252319335938,False,dec_s1,decoder,1,10,0.01536541385576129,0.012750315573066473,0.011523876013234258,0.00815938487648964,0.3719853096148056,0.5894039018940552
netherlands_2020-12-27T12:00:00,netherlands,synoptic,low_near,t1,q850_trace,precip_zwd,zwd,69.97747747747748,358.50271099764456,6.196584763529245e-06,1.0,850,0.0,0.17359300720748352,1.0,0.7340199781336065,0.2659800218663935,88.56739807128906,88.30744934082031,88.5223617553711,-0.25994873046875,-0.04503631591796875,-0.10745620727539062,-0.15249252319335938,0.15249252319335938,False,dec_s2,decoder,2,6,0.04121063773830732,0.03827883116900921,0.034579082702596985,0.019647337806721527,0.536922490608179,0.6377455106010554
new_zealand_alps_2020-12-23T00:00:00,new_zealand_alps,local,hotspot,t1,q850_trace,precip_zwd,precip,-44.02252252252252,168.69000921133608,6.917526479810476e-05,1.0,850,0.0,0.0,0.9999999330458277,0.9999999330458277,0.0,4.563471794128418,4.901346206665039,4.25575590133667,0.3378744125366211,-0.30771589279174805,0.32279515266418457,0.015079259872436523,0.32279515266418457,True,enc_s0,encoder,0,6,0.006213464308530092,0.005456904182210565,0.005630513342718284,0.0015716066506380837,0.8688028836890349,0.7808784082795458
new_zealand_alps_2020-12-23T00:00:00,new_zealand_alps,local,hotspot,t1,q850_trace,precip_zwd,precip,-44.02252252252252,168.69000921133608,6.917526479810476e-05,1.0,850,0.0,0.0,0.9999999330458277,0.9999999330458277,0.0,4.563471794128418,4.901346206665039,4.25575590133667,0.3378744125366211,-0.30771589279174805,0.32279515266418457,0.015079259872436523,0.32279515266418457,True,enc_s1,encoder,1,10,0.005770246079191565,0.0036729709710925816,0.004096157709136605,0.0025425838539376855,0.5423904517405691,0.6312684098636752
new_zealand_alps_2020-12-23T00:00:00,new_zealand_alps,local,hotspot,t1,q850_trace,precip_zwd,precip,-44.02252252252252,168.69000921133608,6.917526479810476e-05,1.0,850,0.0,0.0,0.9999999330458277,0.9999999330458277,0.0,4.563471794128418,4.901346206665039,4.25575590133667,0.3378744125366211,-0.30771589279174805,0.32279515266418457,0.015079259872436523,0.32279515266418457,True,enc_s2,encoder,2,8,0.0025140464422293007,0.0016750593058532104,0.0017716592410579324,0.0011934960057260469,0.41693720277967694,0.5974824002352426
new_zealand_alps_2020-12-23T00:00:00,new_zealand_alps,local,hotspot,t1,q850_trace,precip_zwd,precip,-44.02252252252252,168.69000921133608,6.917526479810476e-05,1.0,850,0.0,0.0,0.9999999330458277,0.9999999330458277,0.0,4.563471794128418,4.901346206665039,4.25575590133667,0.3378744125366211,-0.30771589279174805,0.32279515266418457,0.015079259872436523,0.32279515266418457,True,dec_s0,decoder,0,8,0.0035110455355606973,0.0024302319361595437,0.002510247752070427,0.0016782327002147213,0.42093949941137143,0.5992876066942481
new_zealand_alps_2020-12-23T00:00:00,new_zealand_alps,local,hotspot,t1,q850_trace,precip_zwd,precip,-44.02252252252252,168.69000921133608,6.917526479810476e-05,1.0,850,0.0,0.0,0.9999999330458277,0.9999999330458277,0.0,4.563471794128418,4.901346206665039,4.25575590133667,0.3378744125366211,-0.30771589279174805,0.32279515266418457,0.015079259872436523,0.32279515266418457,True,dec_s1,decoder,1,10,0.004610172635875642,0.003987967874854803,0.003508448728825897,0.0025015057530254126,0.32736503578446086,0.5783889752791178
new_zealand_alps_2020-12-23T00:00:00,new_zealand_alps,local,hotspot,t1,q850_trace,precip_zwd,precip,-44.02252252252252,168.69000921133608,6.917526479810476e-05,1.0,850,0.0,0.0,0.9999999330458277,0.9999999330458277,0.0,4.563471794128418,4.901346206665039,4.25575590133667,0.3378744125366211,-0.30771589279174805,0.32279515266418457,0.015079259872436523,0.32279515266418457,True,dec_s2,decoder,2,6,0.015323822231342396,0.013237512825677792,0.012414590610812107,0.007134499338765939,0.5674367894405964,0.634991378566874
new_zealand_alps_2020-12-23T00:00:00,new_zealand_alps,local,hotspot,t1,q850_trace,precip_only,precip,-44.02252252252252,168.69000921133608,6.917526479810476e-05,1.0,850,0.0,0.0,0.9999999330458277,0.9999999330458277,0.0,4.344748020172119,4.736826419830322,3.9113810062408447,0.3920783996582031,-0.4333670139312744,0.41272270679473877,-0.020644307136535645,0.41272270679473877,True,enc_s0,encoder,0,6,0.006282199639827013,0.005444593649978439,0.0056547307564566536,0.0015994493927185733,0.866760148901211,0.7787802450178506
new_zealand_alps_2020-12-23T00:00:00,new_zealand_alps,local,hotspot,t1,q850_trace,precip_only,precip,-44.02252252252252,168.69000921133608,6.917526479810476e-05,1.0,850,0.0,0.0,0.9999999330458277,0.9999999330458277,0.0,4.344748020172119,4.736826419830322,3.9113810062408447,0.3920783996582031,-0.4333670139312744,0.41272270679473877,-0.020644307136535645,0.41272270679473877,True,enc_s1,encoder,1,10,0.005978329037316143,0.003725238493643701,0.004197040037252009,0.0026541641214862465,0.5307057126947483,0.6264907725560624
new_zealand_alps_2020-12-23T00:00:00,new_zealand_alps,local,hotspot,t1,q850_trace,precip_only,precip,-44.02252252252252,168.69000921133608,6.917526479810476e-05,1.0,850,0.0,0.0,0.9999999330458277,0.9999999330458277,0.0,4.344748020172119,4.736826419830322,3.9113810062408447,0.3920783996582031,-0.4333670139312744,0.41272270679473877,-0.020644307136535645,0.41272270679473877,True,enc_s2,encoder,2,8,0.0027033218648284674,0.001759316393872723,0.001881390024209395,0.001289205509237945,0.40407245329507857,0.5933816622809603
new_zealand_alps_2020-12-23T00:00:00,new_zealand_alps,local,hotspot,t1,q850_trace,precip_only,precip,-44.02252252252252,168.69000921133608,6.917526479810476e-05,1.0,850,0.0,0.0,0.9999999330458277,0.9999999330458277,0.0,4.344748020172119,4.736826419830322,3.9113810062408447,0.3920783996582031,-0.4333670139312744,0.41272270679473877,-0.020644307136535645,0.41272270679473877,True,dec_s0,decoder,0,8,0.0038662604347337037,0.002574132668087259,0.0027143411280121654,0.0018496763368602842,0.40843761997650596,0.5945192929146746
new_zealand_alps_2020-12-23T00:00:00,new_zealand_alps,local,hotspot,t1,q850_trace,precip_only,precip,-44.02252252252252,168.69000921133608,6.917526479810476e-05,1.0,850,0.0,0.0,0.9999999330458277,0.9999999330458277,0.0,4.344748020172119,4.736826419830322,3.9113810062408447,0.3920783996582031,-0.4333670139312744,0.41272270679473877,-0.020644307136535645,0.41272270679473877,True,dec_s1,decoder,1,10,0.004795033880509436,0.004111773916520178,0.0036489696823991833,0.002573825838044286,0.34117534763472174,0.5816064226924836
new_zealand_alps_2020-12-23T00:00:00,new_zealand_alps,local,hotspot,t1,q850_trace,precip_only,precip,-44.02252252252252,168.69000921133608,6.917526479810476e-05,1.0,850,0.0,0.0,0.9999999330458277,0.9999999330458277,0.0,4.344748020172119,4.736826419830322,3.9113810062408447,0.3920783996582031,-0.4333670139312744,0.41272270679473877,-0.020644307136535645,0.41272270679473877,True,dec_s2,decoder,2,6,0.016276017297059298,0.014028496419390043,0.013170260159919659,0.00757621965991954,0.5633305451848339,0.6347702289625256
new_zealand_alps_2020-12-23T00:00:00,new_zealand_alps,local,low_near,t1,q850_trace,precip_zwd,precip,-54.02252252252252,153.69000921133608,8.649820983919199e-07,1.0,850,0.0,0.027864195860949546,0.9999998905988052,0.9763587300184188,0.02364116316675796,4.563471794128418,4.54693603515625,4.559930801391602,-0.01653575897216797,-0.0035409927368164062,-0.006497383117675781,-0.010038375854492188,0.010038375854492188,False,enc_s0,encoder,0,6,0.008741146884858608,0.008821706753224134,0.008365105371922255,0.002684243799497684,0.8178917003559475,0.7563827897123493
new_zealand_alps_2020-12-23T00:00:00,new_zealand_alps,local,low_near,t1,q850_trace,precip_zwd,precip,-54.02252252252252,153.69000921133608,8.649820983919199e-07,1.0,850,0.0,0.027864195860949546,0.9999998905988052,0.9763587300184188,0.02364116316675796,4.563471794128418,4.54693603515625,4.559930801391602,-0.01653575897216797,-0.0035409927368164062,-0.006497383117675781,-0.010038375854492188,0.010038375854492188,False,enc_s1,encoder,1,10,0.008036151202395559,0.005208345223218202,0.005654436536133289,0.0036860524327494205,0.4735064625252572,0.6156436842564601
new_zealand_alps_2020-12-23T00:00:00,new_zealand_alps,local,low_near,t1,q850_trace,precip_zwd,precip,-54.02252252252252,153.69000921133608,8.649820983919199e-07,1.0,850,0.0,0.027864195860949546,0.9999998905988052,0.9763587300184188,0.02364116316675796,4.563471794128418,4.54693603515625,4.559930801391602,-0.01653575897216797,-0.0035409927368164062,-0.006497383117675781,-0.010038375854492188,0.010038375854492188,False,enc_s2,encoder,2,8,0.003540203091688454,0.002374864532612264,0.0025306464813183993,0.0016377834981540218,0.4522752306443414,0.6071379141852806
new_zealand_alps_2020-12-23T00:00:00,new_zealand_alps,local,low_near,t1,q850_trace,precip_zwd,precip,-54.02252252252252,153.69000921133608,8.649820983919199e-07,1.0,850,0.0,0.027864195860949546,0.9999998905988052,0.9763587300184188,0.02364116316675796,4.563471794128418,4.54693603515625,4.559930801391602,-0.01653575897216797,-0.0035409927368164062,-0.006497383117675781,-0.010038375854492188,0.010038375854492188,False,dec_s0,decoder,0,8,0.0045939902192913,0.0030947975465096533,0.003248266759328544,0.0021889431664021686,0.4173998323195507,0.597404768110747
new_zealand_alps_2020-12-23T00:00:00,new_zealand_alps,local,low_near,t1,q850_trace,precip_zwd,precip,-54.02252252252252,153.69000921133608,8.649820983919199e-07,1.0,850,0.0,0.027864195860949546,0.9999998905988052,0.9763587300184188,0.02364116316675796,4.563471794128418,4.54693603515625,4.559930801391602,-0.01653575897216797,-0.0035409927368164062,-0.006497383117675781,-0.010038375854492188,0.010038375854492188,False,dec_s1,decoder,1,10,0.005697598587721587,0.0052759865764528515,0.004479042417369783,0.0031738365651108325,0.37273034406198374,0.5895623508283377
new_zealand_alps_2020-12-23T00:00:00,new_zealand_alps,local,low_near,t1,q850_trace,precip_zwd,precip,-54.02252252252252,153.69000921133608,8.649820983919199e-07,1.0,850,0.0,0.027864195860949546,0.9999998905988052,0.9763587300184188,0.02364116316675796,4.563471794128418,4.54693603515625,4.559930801391602,-0.01653575897216797,-0.0035409927368164062,-0.006497383117675781,-0.010038375854492188,0.010038375854492188,False,dec_s2,decoder,2,6,0.017340026174982388,0.016894979402422905,0.014979975142826637,0.00828605331480503,0.5909814306914712,0.643903226311339
new_zealand_alps_2020-12-23T00:00:00,new_zealand_alps,local,low_near,t1,q850_trace,precip_only,precip,-54.02252252252252,153.69000921133608,8.649820983919199e-07,1.0,850,0.0,0.027864195860949546,0.9999998905988052,0.9763587300184188,0.02364116316675796,4.344748020172119,4.3238911628723145,4.352017879486084,-0.020856857299804688,0.007269859313964844,-0.014063358306884766,-0.006793498992919922,0.014063358306884766,True,enc_s0,encoder,0,6,0.008803059036533037,0.00881810113787651,0.008389967183272043,0.0027075002435594797,0.8167322237217801,0.7554285253112504
new_zealand_alps_2020-12-23T00:00:00,new_zealand_alps,local,low_near,t1,q850_trace,precip_only,precip,-54.02252252252252,153.69000921133608,8.649820983919199e-07,1.0,850,0.0,0.027864195860949546,0.9999998905988052,0.9763587300184188,0.02364116316675796,4.344748020172119,4.3238911628723145,4.352017879486084,-0.020856857299804688,0.007269859313964844,-0.014063358306884766,-0.006793498992919922,0.014063358306884766,True,enc_s1,encoder,1,10,0.008333169855177402,0.005198762938380242,0.005736155714839697,0.003874379978515208,0.4481535707452823,0.6073548145726706
new_zealand_alps_2020-12-23T00:00:00,new_zealand_alps,local,low_near,t1,q850_trace,precip_only,precip,-54.02252252252252,153.69000921133608,8.649820983919199e-07,1.0,850,0.0,0.027864195860949546,0.9999998905988052,0.9763587300184188,0.02364116316675796,4.344748020172119,4.3238911628723145,4.352017879486084,-0.020856857299804688,0.007269859313964844,-0.014063358306884766,-0.006793498992919922,0.014063358306884766,True,enc_s2,encoder,2,8,0.0037656461936421692,0.0024410453625023365,0.00263814241043292,0.0017634098476264626,0.4280363766320026,0.5994124643239113
new_zealand_alps_2020-12-23T00:00:00,new_zealand_alps,local,low_near,t1,q850_trace,precip_only,precip,-54.02252252252252,153.69000921133608,8.649820983919199e-07,1.0,850,0.0,0.027864195860949546,0.9999998905988052,0.9763587300184188,0.02364116316675796,4.344748020172119,4.3238911628723145,4.352017879486084,-0.020856857299804688,0.007269859313964844,-0.014063358306884766,-0.006793498992919922,0.014063358306884766,True,dec_s0,decoder,0,8,0.005035602895077318,0.003208904672646895,0.003456721460679546,0.0024249623238574713,0.3858528057393156,0.5876351855516726
new_zealand_alps_2020-12-23T00:00:00,new_zealand_alps,local,low_near,t1,q850_trace,precip_only,precip,-54.02252252252252,153.69000921133608,8.649820983919199e-07,1.0,850,0.0,0.027864195860949546,0.9999998905988052,0.9763587300184188,0.02364116316675796,4.344748020172119,4.3238911628723145,4.352017879486084,-0.020856857299804688,0.007269859313964844,-0.014063358306884766,-0.006793498992919922,0.014063358306884766,True,dec_s1,decoder,1,10,0.005753667140379548,0.005330416164360941,0.004480006126686931,0.0032669454580172897,0.3469183449363288,0.5829892354733344
new_zealand_alps_2020-12-23T00:00:00,new_zealand_alps,local,low_near,t1,q850_trace,precip_only,precip,-54.02252252252252,153.69000921133608,8.649820983919199e-07,1.0,850,0.0,0.027864195860949546,0.9999998905988052,0.9763587300184188,0.02364116316675796,4.344748020172119,4.3238911628723145,4.352017879486084,-0.020856857299804688,0.007269859313964844,-0.014063358306884766,-0.006793498992919922,0.014063358306884766,True,dec_s2,decoder,2,6,0.017933888360857964,0.017739753238856792,0.015522019316752752,0.008787506880859533,0.5724256900462179,0.6386648119140116
new_zealand_alps_2020-12-23T00:00:00,new_zealand_alps,local,hotspot,t1,q850_trace,precip_zwd,zwd,-44.02252252252252,168.69000921133608,6.917526479810476e-05,1.0,850,0.0,0.0,0.9999999330458277,0.9999999330458277,0.0,174.939208984375,176.8452911376953,176.65170288085938,1.9060821533203125,1.712493896484375,0.09679412841796875,1.8092880249023438,1.8092880249023438,False,enc_s0,encoder,0,6,0.006213464308530092,0.005456904182210565,0.005630513342718284,0.0015716066506380837,0.8688028836890349,0.7808784082795458
new_zealand_alps_2020-12-23T00:00:00,new_zealand_alps,local,hotspot,t1,q850_trace,precip_zwd,zwd,-44.02252252252252,168.69000921133608,6.917526479810476e-05,1.0,850,0.0,0.0,0.9999999330458277,0.9999999330458277,0.0,174.939208984375,176.8452911376953,176.65170288085938,1.9060821533203125,1.712493896484375,0.09679412841796875,1.8092880249023438,1.8092880249023438,False,enc_s1,encoder,1,10,0.005770246079191565,0.0036729709710925816,0.004096157709136605,0.0025425838539376855,0.5423904517405691,0.6312684098636752
new_zealand_alps_2020-12-23T00:00:00,new_zealand_alps,local,hotspot,t1,q850_trace,precip_zwd,zwd,-44.02252252252252,168.69000921133608,6.917526479810476e-05,1.0,850,0.0,0.0,0.9999999330458277,0.9999999330458277,0.0,174.939208984375,176.8452911376953,176.65170288085938,1.9060821533203125,1.712493896484375,0.09679412841796875,1.8092880249023438,1.8092880249023438,False,enc_s2,encoder,2,8,0.0025140464422293007,0.0016750593058532104,0.0017716592410579324,0.0011934960057260469,0.41693720277967694,0.5974824002352426
new_zealand_alps_2020-12-23T00:00:00,new_zealand_alps,local,hotspot,t1,q850_trace,precip_zwd,zwd,-44.02252252252252,168.69000921133608,6.917526479810476e-05,1.0,850,0.0,0.0,0.9999999330458277,0.9999999330458277,0.0,174.939208984375,176.8452911376953,176.65170288085938,1.9060821533203125,1.712493896484375,0.09679412841796875,1.8092880249023438,1.8092880249023438,False,dec_s0,decoder,0,8,0.0035110455355606973,0.0024302319361595437,0.002510247752070427,0.0016782327002147213,0.42093949941137143,0.5992876066942481
new_zealand_alps_2020-12-23T00:00:00,new_zealand_alps,local,hotspot,t1,q850_trace,precip_zwd,zwd,-44.02252252252252,168.69000921133608,6.917526479810476e-05,1.0,850,0.0,0.0,0.9999999330458277,0.9999999330458277,0.0,174.939208984375,176.8452911376953,176.65170288085938,1.9060821533203125,1.712493896484375,0.09679412841796875,1.8092880249023438,1.8092880249023438,False,dec_s1,decoder,1,10,0.004610172635875642,0.003987967874854803,0.003508448728825897,0.0025015057530254126,0.32736503578446086,0.5783889752791178
new_zealand_alps_2020-12-23T00:00:00,new_zealand_alps,local,hotspot,t1,q850_trace,precip_zwd,zwd,-44.02252252252252,168.69000921133608,6.917526479810476e-05,1.0,850,0.0,0.0,0.9999999330458277,0.9999999330458277,0.0,174.939208984375,176.8452911376953,176.65170288085938,1.9060821533203125,1.712493896484375,0.09679412841796875,1.8092880249023438,1.8092880249023438,False,dec_s2,decoder,2,6,0.015323822231342396,0.013237512825677792,0.012414590610812107,0.007134499338765939,0.5674367894405964,0.634991378566874
new_zealand_alps_2020-12-23T00:00:00,new_zealand_alps,local,low_near,t1,q850_trace,precip_zwd,zwd,-54.02252252252252,153.69000921133608,8.649820983919199e-07,1.0,850,0.0,0.027864195860949546,0.9999998905988052,0.9763587300184188,0.02364116316675796,174.939208984375,174.92710876464844,174.94883728027344,-0.0121002197265625,0.0096282958984375,-0.0108642578125,-0.0012359619140625,0.0108642578125,True,enc_s0,encoder,0,6,0.008741146884858608,0.008821706753224134,0.008365105371922255,0.002684243799497684,0.8178917003559475,0.7563827897123493
new_zealand_alps_2020-12-23T00:00:00,new_zealand_alps,local,low_near,t1,q850_trace,precip_zwd,zwd,-54.02252252252252,153.69000921133608,8.649820983919199e-07,1.0,850,0.0,0.027864195860949546,0.9999998905988052,0.9763587300184188,0.02364116316675796,174.939208984375,174.92710876464844,174.94883728027344,-0.0121002197265625,0.0096282958984375,-0.0108642578125,-0.0012359619140625,0.0108642578125,True,enc_s1,encoder,1,10,0.008036151202395559,0.005208345223218202,0.005654436536133289,0.0036860524327494205,0.4735064625252572,0.6156436842564601
new_zealand_alps_2020-12-23T00:00:00,new_zealand_alps,local,low_near,t1,q850_trace,precip_zwd,zwd,-54.02252252252252,153.69000921133608,8.649820983919199e-07,1.0,850,0.0,0.027864195860949546,0.9999998905988052,0.9763587300184188,0.02364116316675796,174.939208984375,174.92710876464844,174.94883728027344,-0.0121002197265625,0.0096282958984375,-0.0108642578125,-0.0012359619140625,0.0108642578125,True,enc_s2,encoder,2,8,0.003540203091688454,0.002374864532612264,0.0025306464813183993,0.0016377834981540218,0.4522752306443414,0.6071379141852806
new_zealand_alps_2020-12-23T00:00:00,new_zealand_alps,local,low_near,t1,q850_trace,precip_zwd,zwd,-54.02252252252252,153.69000921133608,8.649820983919199e-07,1.0,850,0.0,0.027864195860949546,0.9999998905988052,0.9763587300184188,0.02364116316675796,174.939208984375,174.92710876464844,174.94883728027344,-0.0121002197265625,0.0096282958984375,-0.0108642578125,-0.0012359619140625,0.0108642578125,True,dec_s0,decoder,0,8,0.0045939902192913,0.0030947975465096533,0.003248266759328544,0.0021889431664021686,0.4173998323195507,0.597404768110747
new_zealand_alps_2020-12-23T00:00:00,new_zealand_alps,local,low_near,t1,q850_trace,precip_zwd,zwd,-54.02252252252252,153.69000921133608,8.649820983919199e-07,1.0,850,0.0,0.027864195860949546,0.9999998905988052,0.9763587300184188,0.02364116316675796,174.939208984375,174.92710876464844,174.94883728027344,-0.0121002197265625,0.0096282958984375,-0.0108642578125,-0.0012359619140625,0.0108642578125,True,dec_s1,decoder,1,10,0.005697598587721587,0.0052759865764528515,0.004479042417369783,0.0031738365651108325,0.37273034406198374,0.5895623508283377
new_zealand_alps_2020-12-23T00:00:00,new_zealand_alps,local,low_near,t1,q850_trace,precip_zwd,zwd,-54.02252252252252,153.69000921133608,8.649820983919199e-07,1.0,850,0.0,0.027864195860949546,0.9999998905988052,0.9763587300184188,0.02364116316675796,174.939208984375,174.92710876464844,174.94883728027344,-0.0121002197265625,0.0096282958984375,-0.0108642578125,-0.0012359619140625,0.0108642578125,True,dec_s2,decoder,2,6,0.017340026174982388,0.016894979402422905,0.014979975142826637,0.00828605331480503,0.5909814306914712,0.643903226311339
new_zealand_alps_2020-12-23T00:00:00,new_zealand_alps,synoptic,hotspot,t1,q850_trace,precip_zwd,precip,-41.52252252252252,168.69000921133608,0.00014061319234315306,1.0,850,0.0,0.0017371510722415239,1.0,0.9985087234161214,0.0014912765838786437,4.563471794128418,4.989396095275879,4.1380767822265625,0.42592430114746094,-0.42539501190185547,0.4256596565246582,0.0002646446228027344,0.4256596565246582,True,enc_s0,encoder,0,6,0.014458483550697565,0.013175850113232931,0.013432441434512535,0.0032935193351780376,0.8920704423596879,0.8022079620046293
new_zealand_alps_2020-12-23T00:00:00,new_zealand_alps,synoptic,hotspot,t1,q850_trace,precip_zwd,precip,-41.52252252252252,168.69000921133608,0.00014061319234315306,1.0,850,0.0,0.0017371510722415239,1.0,0.9985087234161214,0.0014912765838786437,4.563471794128418,4.989396095275879,4.1380767822265625,0.42592430114746094,-0.42539501190185547,0.4256596565246582,0.0002646446228027344,0.4256596565246582,True,enc_s1,encoder,1,10,0.01150555070489645,0.00775541509501636,0.008682069508358837,0.004532352369278669,0.6436786195323989,0.6657218224366341
new_zealand_alps_2020-12-23T00:00:00,new_zealand_alps,synoptic,hotspot,t1,q850_trace,precip_zwd,precip,-41.52252252252252,168.69000921133608,0.00014061319234315306,1.0,850,0.0,0.0017371510722415239,1.0,0.9985087234161214,0.0014912765838786437,4.563471794128418,4.989396095275879,4.1380767822265625,0.42592430114746094,-0.42539501190185547,0.4256596565246582,0.0002646446228027344,0.4256596565246582,True,enc_s2,encoder,2,8,0.004892096214462072,0.0033794304181355983,0.0036589274823199958,0.00207100179977715,0.5642789439126769,0.6385702567522201
new_zealand_alps_2020-12-23T00:00:00,new_zealand_alps,synoptic,hotspot,t1,q850_trace,precip_zwd,precip,-41.52252252252252,168.69000921133608,0.00014061319234315306,1.0,850,0.0,0.0017371510722415239,1.0,0.9985087234161214,0.0014912765838786437,4.563471794128418,4.989396095275879,4.1380767822265625,0.42592430114746094,-0.42539501190185547,0.4256596565246582,0.0002646446228027344,0.4256596565246582,True,dec_s0,decoder,0,8,0.00653598178178072,0.0045071051572449505,0.004884877824224532,0.002766782359685749,0.5660299551425931,0.6383353575290982
new_zealand_alps_2020-12-23T00:00:00,new_zealand_alps,synoptic,hotspot,t1,q850_trace,precip_zwd,precip,-41.52252252252252,168.69000921133608,0.00014061319234315306,1.0,850,0.0,0.0017371510722415239,1.0,0.9985087234161214,0.0014912765838786437,4.563471794128418,4.989396095275879,4.1380767822265625,0.42592430114746094,-0.42539501190185547,0.4256596565246582,0.0002646446228027344,0.4256596565246582,True,dec_s1,decoder,1,10,0.008119503827765584,0.006960835424251854,0.006590257934294641,0.003708206838928163,0.5712603670574046,0.6427408123418072
new_zealand_alps_2020-12-23T00:00:00,new_zealand_alps,synoptic,hotspot,t1,q850_trace,precip_zwd,precip,-41.52252252252252,168.69000921133608,0.00014061319234315306,1.0,850,0.0,0.0017371510722415239,1.0,0.9985087234161214,0.0014912765838786437,4.563471794128418,4.989396095275879,4.1380767822265625,0.42592430114746094,-0.42539501190185547,0.4256596565246582,0.0002646446228027344,0.4256596565246582,True,dec_s2,decoder,2,6,0.02945993561297655,0.026132140929500263,0.025361230907340843,0.01149769127368927,0.7008915558765163,0.6881091361306968
new_zealand_alps_2020-12-23T00:00:00,new_zealand_alps,synoptic,hotspot,t1,q850_trace,precip_only,precip,-41.52252252252252,168.69000921133608,0.00014061319234315306,1.0,850,0.0,0.0017371510722415239,1.0,0.9985087234161214,0.0014912765838786437,4.344748020172119,4.855825901031494,3.736595630645752,0.511077880859375,-0.6081523895263672,0.5596151351928711,-0.048537254333496094,0.5596151351928711,True,enc_s0,encoder,0,6,0.014580402057617903,0.013089723885059357,0.013436903400967518,0.003371632502724727,0.8883369840347205,0.7985952760696621
new_zealand_alps_2020-12-23T00:00:00,new_zealand_alps,synoptic,hotspot,t1,q850_trace,precip_only,precip,-41.52252252252252,168.69000921133608,0.00014061319234315306,1.0,850,0.0,0.0017371510722415239,1.0,0.9985087234161214,0.0014912765838786437,4.344748020172119,4.855825901031494,3.736595630645752,0.511077880859375,-0.6081523895263672,0.5596151351928711,-0.048537254333496094,0.5596151351928711,True,enc_s1,encoder,1,10,0.011889859847724438,0.007790421135723591,0.008827530685812235,0.004773073107935488,0.6250155669828217,0.6574396361800809
new_zealand_alps_2020-12-23T00:00:00,new_zealand_alps,synoptic,hotspot,t1,q850_trace,precip_only,precip,-41.52252252252252,168.69000921133608,0.00014061319234315306,1.0,850,0.0,0.0017371510722415239,1.0,0.9985087234161214,0.0014912765838786437,4.344748020172119,4.855825901031494,3.736595630645752,0.511077880859375,-0.6081523895263672,0.5596151351928711,-0.048537254333496094,0.5596151351928711,True,enc_s2,encoder,2,8,0.005217012949287891,0.003495100885629654,0.0038303014007396996,0.002246230316814035,0.5403270294153247,0.6303515168939724
new_zealand_alps_2020-12-23T00:00:00,new_zealand_alps,synoptic,hotspot,t1,q850_trace,precip_only,precip,-41.52252252252252,168.69000921133608,0.00014061319234315306,1.0,850,0.0,0.0017371510722415239,1.0,0.9985087234161214,0.0014912765838786437,4.344748020172119,4.855825901031494,3.736595630645752,0.511077880859375,-0.6081523895263672,0.5596151351928711,-0.048537254333496094,0.5596151351928711,True,dec_s0,decoder,0,8,0.007099005568306893,0.004708807391580194,0.005193256423808634,0.0030521183216478676,0.5423019199360575,0.6297078981803763
new_zealand_alps_2020-12-23T00:00:00,new_zealand_alps,synoptic,hotspot,t1,q850_trace,precip_only,precip,-41.52252252252252,168.69000921133608,0.00014061319234315306,1.0,850,0.0,0.0017371510722415239,1.0,0.9985087234161214,0.0014912765838786437,4.344748020172119,4.855825901031494,3.736595630645752,0.511077880859375,-0.6081523895263672,0.5596151351928711,-0.048537254333496094,0.5596151351928711,True,dec_s1,decoder,1,10,0.008354781242087484,0.007074950076639652,0.006708941818214953,0.0038615294848568737,0.5545861117628912,0.6375595149596877
new_zealand_alps_2020-12-23T00:00:00,new_zealand_alps,synoptic,hotspot,t1,q850_trace,precip_only,precip,-41.52252252252252,168.69000921133608,0.00014061319234315306,1.0,850,0.0,0.0017371510722415239,1.0,0.9985087234161214,0.0014912765838786437,4.344748020172119,4.855825901031494,3.736595630645752,0.511077880859375,-0.6081523895263672,0.5596151351928711,-0.048537254333496094,0.5596151351928711,True,dec_s2,decoder,2,6,0.030871668209632237,0.027144066368540127,0.026330392186840374,0.01231426994005839,0.6814308445562807,0.6814622560110467
new_zealand_alps_2020-12-23T00:00:00,new_zealand_alps,synoptic,low_near,t1,q850_trace,precip_zwd,precip,-61.52252252252252,168.69000921133608,6.812769242969807e-06,1.0,850,0.0,0.05104881769641495,1.0,0.9463936327269763,0.0536063672730237,4.563471794128418,4.539954662322998,4.565675735473633,-0.023517131805419922,0.0022039413452148438,-0.012860536575317383,-0.010656595230102539,0.012860536575317383,True,enc_s0,encoder,0,6,0.024003022350370884,0.02444949746131897,0.02314063875625531,0.007210917072370648,0.8251555951534911,0.761914057835246
new_zealand_alps_2020-12-23T00:00:00,new_zealand_alps,synoptic,low_near,t1,q850_trace,precip_zwd,precip,-61.52252252252252,168.69000921133608,6.812769242969807e-06,1.0,850,0.0,0.05104881769641495,1.0,0.9463936327269763,0.0536063672730237,4.563471794128418,4.539954662322998,4.565675735473633,-0.023517131805419922,0.0022039413452148438,-0.012860536575317383,-0.010656595230102539,0.012860536575317383,True,enc_s1,encoder,1,10,0.02086021061986685,0.014126564096659421,0.01513011623173952,0.009323031501844525,0.5062013842726845,0.626705765101949
new_zealand_alps_2020-12-23T00:00:00,new_zealand_alps,synoptic,low_near,t1,q850_trace,precip_zwd,precip,-61.52252252252252,168.69000921133608,6.812769242969807e-06,1.0,850,0.0,0.05104881769641495,1.0,0.9463936327269763,0.0536063672730237,4.563471794128418,4.539954662322998,4.565675735473633,-0.023517131805419922,0.0022039413452148438,-0.012860536575317383,-0.010656595230102539,0.012860536575317383,True,enc_s2,encoder,2,8,0.009545208886265755,0.006557188695296645,0.0069781633210368454,0.004284741764422506,0.49067051872331374,0.6196056126452136
new_zealand_alps_2020-12-23T00:00:00,new_zealand_alps,synoptic,low_near,t1,q850_trace,precip_zwd,precip,-61.52252252252252,168.69000921133608,6.812769242969807e-06,1.0,850,0.0,0.05104881769641495,1.0,0.9463936327269763,0.0536063672730237,4.563471794128418,4.539954662322998,4.565675735473633,-0.023517131805419922,0.0022039413452148438,-0.012860536575317383,-0.010656595230102539,0.012860536575317383,True,dec_s0,decoder,0,8,0.012492405599914491,0.008538233523722738,0.009133359417319298,0.005573161062784493,0.49688999021255387,0.6207287449824843
new_zealand_alps_2020-12-23T00:00:00,new_zealand_alps,synoptic,low_near,t1,q850_trace,precip_zwd,precip,-61.52252252252252,168.69000921133608,6.812769242969807e-06,1.0,850,0.0,0.05104881769641495,1.0,0.9463936327269763,0.0536063672730237,4.563471794128418,4.539954662322998,4.565675735473633,-0.023517131805419922,0.0022039413452148438,-0.012860536575317383,-0.010656595230102539,0.012860536575317383,True,dec_s1,decoder,1,10,0.013996216841042042,0.013082582317292691,0.011500722588971257,0.007119717239402234,0.4957281965113293,0.6288274042497133
new_zealand_alps_2020-12-23T00:00:00,new_zealand_alps,synoptic,low_near,t1,q850_trace,precip_zwd,precip,-61.52252252252252,168.69000921133608,6.812769242969807e-06,1.0,850,0.0,0.05104881769641495,1.0,0.9463936327269763,0.0536063672730237,4.563471794128418,4.539954662322998,4.565675735473633,-0.023517131805419922,0.0022039413452148438,-0.012860536575317383,-0.010656595230102539,0.012860536575317383,True,dec_s2,decoder,2,6,0.044193979973594345,0.0491158893952767,0.04270732899506887,0.018940764168898266,0.6908324201670485,0.6929464555986377
new_zealand_alps_2020-12-23T00:00:00,new_zealand_alps,synoptic,low_near,t1,q850_trace,precip_only,precip,-61.52252252252252,168.69000921133608,6.812769242969807e-06,1.0,850,0.0,0.05104881769641495,1.0,0.9463936327269763,0.0536063672730237,4.344748020172119,4.309835433959961,4.358999252319336,-0.0349125862121582,0.014251232147216797,-0.0245819091796875,-0.010330677032470703,0.0245819091796875,True,enc_s0,encoder,0,6,0.024148266141613323,0.02440115436911583,0.023191744461655617,0.007217645800362031,0.8259445471644956,0.7621972359955073
new_zealand_alps_2020-12-23T00:00:00,new_zealand_alps,synoptic,low_near,t1,q850_trace,precip_only,precip,-61.52252252252252,168.69000921133608,6.812769242969807e-06,1.0,850,0.0,0.05104881769641495,1.0,0.9463936327269763,0.0536063672730237,4.344748020172119,4.309835433959961,4.358999252319336,-0.0349125862121582,0.014251232147216797,-0.0245819091796875,-0.010330677032470703,0.0245819091796875,True,enc_s1,encoder,1,10,0.021420077979564668,0.014166494831442833,0.015282857790589332,0.009711854020133614,0.48599828234086057,0.6201304684895284
new_zealand_alps_2020-12-23T00:00:00,new_zealand_alps,synoptic,low_near,t1,q850_trace,precip_only,precip,-61.52252252252252,168.69000921133608,6.812769242969807e-06,1.0,850,0.0,0.05104881769641495,1.0,0.9463936327269763,0.0536063672730237,4.344748020172119,4.309835433959961,4.358999252319336,-0.0349125862121582,0.014251232147216797,-0.0245819091796875,-0.010330677032470703,0.0245819091796875,True,enc_s2,encoder,2,8,0.010040222550742328,0.006750497093889862,0.007231660943944007,0.004570627002976835,0.46886195463576796,0.6127716781472288
new_zealand_alps_2020-12-23T00:00:00,new_zealand_alps,synoptic,low_near,t1,q850_trace,precip_only,precip,-61.52252252252252,168.69000921133608,6.812769242969807e-06,1.0,850,0.0,0.05104881769641495,1.0,0.9463936327269763,0.0536063672730237,4.344748020172119,4.309835433959961,4.358999252319336,-0.0349125862121582,0.014251232147216797,-0.0245819091796875,-0.010330677032470703,0.0245819091796875,True,dec_s0,decoder,0,8,0.013317084521986544,0.008845688600558788,0.009548401576466858,0.0060517672682181,0.4684782113438025,0.6117893761753077
new_zealand_alps_2020-12-23T00:00:00,new_zealand_alps,synoptic,low_near,t1,q850_trace,precip_only,precip,-61.52252252252252,168.69000921133608,6.812769242969807e-06,1.0,850,0.0,0.05104881769641495,1.0,0.9463936327269763,0.0536063672730237,4.344748020172119,4.309835433959961,4.358999252319336,-0.0349125862121582,0.014251232147216797,-0.0245819091796875,-0.010330677032470703,0.0245819091796875,True,dec_s1,decoder,1,10,0.01387677351012826,0.01266935644671321,0.011251070210710168,0.007043450116179883,0.4814924976793075,0.6236480201061376
new_zealand_alps_2020-12-23T00:00:00,new_zealand_alps,synoptic,low_near,t1,q850_trace,precip_only,precip,-61.52252252252252,168.69000921133608,6.812769242969807e-06,1.0,850,0.0,0.05104881769641495,1.0,0.9463936327269763,0.0536063672730237,4.344748020172119,4.309835433959961,4.358999252319336,-0.0349125862121582,0.014251232147216797,-0.0245819091796875,-0.010330677032470703,0.0245819091796875,True,dec_s2,decoder,2,6,0.045569514855742455,0.05039703597625097,0.04377139297624429,0.019789759380122025,0.6798774998130384,0.6890927337761356
new_zealand_alps_2020-12-23T00:00:00,new_zealand_alps,synoptic,hotspot,t1,q850_trace,precip_zwd,zwd,-41.52252252252252,168.69000921133608,0.00014061319234315306,1.0,850,0.0,0.0017371510722415239,1.0,0.9985087234161214,0.0014912765838786437,174.939208984375,179.7360076904297,173.74771118164062,4.7967987060546875,-1.191497802734375,2.9941482543945312,1.8026504516601562,2.9941482543945312,True,enc_s0,encoder,0,6,0.014458483550697565,0.013175850113232931,0.013432441434512535,0.0032935193351780376,0.8920704423596879,0.8022079620046293
new_zealand_alps_2020-12-23T00:00:00,new_zealand_alps,synoptic,hotspot,t1,q850_trace,precip_zwd,zwd,-41.52252252252252,168.69000921133608,0.00014061319234315306,1.0,850,0.0,0.0017371510722415239,1.0,0.9985087234161214,0.0014912765838786437,174.939208984375,179.7360076904297,173.74771118164062,4.7967987060546875,-1.191497802734375,2.9941482543945312,1.8026504516601562,2.9941482543945312,True,enc_s1,encoder,1,10,0.01150555070489645,0.00775541509501636,0.008682069508358837,0.004532352369278669,0.6436786195323989,0.6657218224366341
new_zealand_alps_2020-12-23T00:00:00,new_zealand_alps,synoptic,hotspot,t1,q850_trace,precip_zwd,zwd,-41.52252252252252,168.69000921133608,0.00014061319234315306,1.0,850,0.0,0.0017371510722415239,1.0,0.9985087234161214,0.0014912765838786437,174.939208984375,179.7360076904297,173.74771118164062,4.7967987060546875,-1.191497802734375,2.9941482543945312,1.8026504516601562,2.9941482543945312,True,enc_s2,encoder,2,8,0.004892096214462072,0.0033794304181355983,0.0036589274823199958,0.00207100179977715,0.5642789439126769,0.6385702567522201
new_zealand_alps_2020-12-23T00:00:00,new_zealand_alps,synoptic,hotspot,t1,q850_trace,precip_zwd,zwd,-41.52252252252252,168.69000921133608,0.00014061319234315306,1.0,850,0.0,0.0017371510722415239,1.0,0.9985087234161214,0.0014912765838786437,174.939208984375,179.7360076904297,173.74771118164062,4.7967987060546875,-1.191497802734375,2.9941482543945312,1.8026504516601562,2.9941482543945312,True,dec_s0,decoder,0,8,0.00653598178178072,0.0045071051572449505,0.004884877824224532,0.002766782359685749,0.5660299551425931,0.6383353575290982
new_zealand_alps_2020-12-23T00:00:00,new_zealand_alps,synoptic,hotspot,t1,q850_trace,precip_zwd,zwd,-41.52252252252252,168.69000921133608,0.00014061319234315306,1.0,850,0.0,0.0017371510722415239,1.0,0.9985087234161214,0.0014912765838786437,174.939208984375,179.7360076904297,173.74771118164062,4.7967987060546875,-1.191497802734375,2.9941482543945312,1.8026504516601562,2.9941482543945312,True,dec_s1,decoder,1,10,0.008119503827765584,0.006960835424251854,0.006590257934294641,0.003708206838928163,0.5712603670574046,0.6427408123418072
new_zealand_alps_2020-12-23T00:00:00,new_zealand_alps,synoptic,hotspot,t1,q850_trace,precip_zwd,zwd,-41.52252252252252,168.69000921133608,0.00014061319234315306,1.0,850,0.0,0.0017371510722415239,1.0,0.9985087234161214,0.0014912765838786437,174.939208984375,179.7360076904297,173.74771118164062,4.7967987060546875,-1.191497802734375,2.9941482543945312,1.8026504516601562,2.9941482543945312,True,dec_s2,decoder,2,6,0.02945993561297655,0.026132140929500263,0.025361230907340843,0.01149769127368927,0.7008915558765163,0.6881091361306968
new_zealand_alps_2020-12-23T00:00:00,new_zealand_alps,synoptic,low_near,t1,q850_trace,precip_zwd,zwd,-61.52252252252252,168.69000921133608,6.812769242969807e-06,1.0,850,0.0,0.05104881769641495,1.0,0.9463936327269763,0.0536063672730237,174.939208984375,174.99774169921875,175.00584411621094,0.05853271484375,0.0666351318359375,-0.00405120849609375,0.06258392333984375,0.06258392333984375,False,enc_s0,encoder,0,6,0.024003022350370884,0.02444949746131897,0.02314063875625531,0.007210917072370648,0.8251555951534911,0.761914057835246
new_zealand_alps_2020-12-23T00:00:00,new_zealand_alps,synoptic,low_near,t1,q850_trace,precip_zwd,zwd,-61.52252252252252,168.69000921133608,6.812769242969807e-06,1.0,850,0.0,0.05104881769641495,1.0,0.9463936327269763,0.0536063672730237,174.939208984375,174.99774169921875,175.00584411621094,0.05853271484375,0.0666351318359375,-0.00405120849609375,0.06258392333984375,0.06258392333984375,False,enc_s1,encoder,1,10,0.02086021061986685,0.014126564096659421,0.01513011623173952,0.009323031501844525,0.5062013842726845,0.626705765101949
new_zealand_alps_2020-12-23T00:00:00,new_zealand_alps,synoptic,low_near,t1,q850_trace,precip_zwd,zwd,-61.52252252252252,168.69000921133608,6.812769242969807e-06,1.0,850,0.0,0.05104881769641495,1.0,0.9463936327269763,0.0536063672730237,174.939208984375,174.99774169921875,175.00584411621094,0.05853271484375,0.0666351318359375,-0.00405120849609375,0.06258392333984375,0.06258392333984375,False,enc_s2,encoder,2,8,0.009545208886265755,0.006557188695296645,0.0069781633210368454,0.004284741764422506,0.49067051872331374,0.6196056126452136
new_zealand_alps_2020-12-23T00:00:00,new_zealand_alps,synoptic,low_near,t1,q850_trace,precip_zwd,zwd,-61.52252252252252,168.69000921133608,6.812769242969807e-06,1.0,850,0.0,0.05104881769641495,1.0,0.9463936327269763,0.0536063672730237,174.939208984375,174.99774169921875,175.00584411621094,0.05853271484375,0.0666351318359375,-0.00405120849609375,0.06258392333984375,0.06258392333984375,False,dec_s0,decoder,0,8,0.012492405599914491,0.008538233523722738,0.009133359417319298,0.005573161062784493,0.49688999021255387,0.6207287449824843
new_zealand_alps_2020-12-23T00:00:00,new_zealand_alps,synoptic,low_near,t1,q850_trace,precip_zwd,zwd,-61.52252252252252,168.69000921133608,6.812769242969807e-06,1.0,850,0.0,0.05104881769641495,1.0,0.9463936327269763,0.0536063672730237,174.939208984375,174.99774169921875,175.00584411621094,0.05853271484375,0.0666351318359375,-0.00405120849609375,0.06258392333984375,0.06258392333984375,False,dec_s1,decoder,1,10,0.013996216841042042,0.013082582317292691,0.011500722588971257,0.007119717239402234,0.4957281965113293,0.6288274042497133
new_zealand_alps_2020-12-23T00:00:00,new_zealand_alps,synoptic,low_near,t1,q850_trace,precip_zwd,zwd,-61.52252252252252,168.69000921133608,6.812769242969807e-06,1.0,850,0.0,0.05104881769641495,1.0,0.9463936327269763,0.0536063672730237,174.939208984375,174.99774169921875,175.00584411621094,0.05853271484375,0.0666351318359375,-0.00405120849609375,0.06258392333984375,0.06258392333984375,False,dec_s2,decoder,2,6,0.044193979973594345,0.0491158893952767,0.04270732899506887,0.018940764168898266,0.6908324201670485,0.6929464555986377
pacific_nw_coast_2020-10-10T12:00:00,pacific_nw_coast,local,hotspot,t1,q850_trace,precip_zwd,precip,45.47747747747748,234.36670733333705,7.029702828731388e-05,1.0,850,0.0,0.0,0.9999998694208252,0.9999999347104126,6.528959165734821e-08,4.188981056213379,4.355302810668945,3.7103867530822754,0.1663217544555664,-0.4785943031311035,0.32245802879333496,-0.15613627433776855,0.32245802879333496,True,enc_s0,encoder,0,6,0.00667004263959825,0.006372330787902077,0.006267035923277338,0.0018068228770668309,0.8548434840273239,0.7752470147123245
pacific_nw_coast_2020-10-10T12:00:00,pacific_nw_coast,local,hotspot,t1,q850_trace,precip_zwd,precip,45.47747747747748,234.36670733333705,7.029702828731388e-05,1.0,850,0.0,0.0,0.9999998694208252,0.9999999347104126,6.528959165734821e-08,4.188981056213379,4.355302810668945,3.7103867530822754,0.1663217544555664,-0.4785943031311035,0.32245802879333496,-0.15613627433776855,0.32245802879333496,True,enc_s1,encoder,1,10,0.005803784774616361,0.004267274239100516,0.0043000939534977075,0.0026931128813885152,0.5101416128446068,0.6300231217577134
pacific_nw_coast_2020-10-10T12:00:00,pacific_nw_coast,local,hotspot,t1,q850_trace,precip_zwd,precip,45.47747747747748,234.36670733333705,7.029702828731388e-05,1.0,850,0.0,0.0,0.9999998694208252,0.9999999347104126,6.528959165734821e-08,4.188981056213379,4.355302810668945,3.7103867530822754,0.1663217544555664,-0.4785943031311035,0.32245802879333496,-0.15613627433776855,0.32245802879333496,True,enc_s2,encoder,2,8,0.002154596266336739,0.0017939809331437573,0.001637912733713165,0.001117012812756002,0.38200640571896144,0.5945277433410648
pacific_nw_coast_2020-10-10T12:00:00,pacific_nw_coast,local,hotspot,t1,q850_trace,precip_zwd,precip,45.47747747747748,234.36670733333705,7.029702828731388e-05,1.0,850,0.0,0.0,0.9999998694208252,0.9999999347104126,6.528959165734821e-08,4.188981056213379,4.355302810668945,3.7103867530822754,0.1663217544555664,-0.4785943031311035,0.32245802879333496,-0.15613627433776855,0.32245802879333496,True,dec_s0,decoder,0,8,0.0029070496966596693,0.002585687761893496,0.0022695237421430647,0.0015549781237496063,0.3778880045313847,0.5937425814101913
pacific_nw_coast_2020-10-10T12:00:00,pacific_nw_coast,local,hotspot,t1,q850_trace,precip_zwd,precip,45.47747747747748,234.36670733333705,7.029702828731388e-05,1.0,850,0.0,0.0,0.9999998694208252,0.9999999347104126,6.528959165734821e-08,4.188981056213379,4.355302810668945,3.7103867530822754,0.1663217544555664,-0.4785943031311035,0.32245802879333496,-0.15613627433776855,0.32245802879333496,True,dec_s1,decoder,1,10,0.003801828087307513,0.003999175946228206,0.002983799250796437,0.002513989829458296,0.17603896039807387,0.5416786363059044
pacific_nw_coast_2020-10-10T12:00:00,pacific_nw_coast,local,hotspot,t1,q850_trace,precip_zwd,precip,45.47747747747748,234.36670733333705,7.029702828731388e-05,1.0,850,0.0,0.0,0.9999998694208252,0.9999999347104126,6.528959165734821e-08,4.188981056213379,4.355302810668945,3.7103867530822754,0.1663217544555664,-0.4785943031311035,0.32245802879333496,-0.15613627433776855,0.32245802879333496,True,dec_s2,decoder,2,6,0.012110518757253885,0.012798986863344908,0.010269091619799534,0.0070558405326058464,0.40866572699873815,0.5927603218402423
pacific_nw_coast_2020-10-10T12:00:00,pacific_nw_coast,local,hotspot,t1,q850_trace,precip_only,precip,45.47747747747748,234.36670733333705,7.029702828731388e-05,1.0,850,0.0,0.0,0.9999998694208252,0.9999999347104126,6.528959165734821e-08,3.801997661590576,4.070470333099365,3.188868761062622,0.26847267150878906,-0.6131289005279541,0.4408007860183716,-0.17232811450958252,0.4408007860183716,True,enc_s0,encoder,0,6,0.006724135251715779,0.006294947971279423,0.006250452793513735,0.0018307416078945,0.8517042107739162,0.772628820947736
pacific_nw_coast_2020-10-10T12:00:00,pacific_nw_coast,local,hotspot,t1,q850_trace,precip_only,precip,45.47747747747748,234.36670733333705,7.029702828731388e-05,1.0,850,0.0,0.0,0.9999998694208252,0.9999999347104126,6.528959165734821e-08,3.801997661590576,4.070470333099365,3.188868761062622,0.26847267150878906,-0.6131289005279541,0.4408007860183716,-0.17232811450958252,0.4408007860183716,True,enc_s1,encoder,1,10,0.005963266035541892,0.004279581061564386,0.004355056374333799,0.0027905498165637253,0.49459370142234943,0.6239714345172347
pacific_nw_coast_2020-10-10T12:00:00,pacific_nw_coast,local,hotspot,t1,q850_trace,precip_only,precip,45.47747747747748,234.36670733333705,7.029702828731388e-05,1.0,850,0.0,0.0,0.9999998694208252,0.9999999347104126,6.528959165734821e-08,3.801997661590576,4.070470333099365,3.188868761062622,0.26847267150878906,-0.6131289005279541,0.4408007860183716,-0.17232811450958252,0.4408007860183716,True,enc_s2,encoder,2,8,0.0022585177212022245,0.001833608839660883,0.001689156168140471,0.0011740737245418131,0.366140657552289,0.5899408387828995
pacific_nw_coast_2020-10-10T12:00:00,pacific_nw_coast,local,hotspot,t1,q850_trace,precip_only,precip,45.47747747747748,234.36670733333705,7.029702828731388e-05,1.0,850,0.0,0.0,0.9999998694208252,0.9999999347104126,6.528959165734821e-08,3.801997661590576,4.070470333099365,3.188868761062622,0.26847267150878906,-0.6131289005279541,0.4408007860183716,-0.17232811450958252,0.4408007860183716,True,dec_s0,decoder,0,8,0.003048770362511277,0.002640356367919594,0.002338124410016462,0.0016331125661963597,0.36152810931149476,0.5890572243802801
pacific_nw_coast_2020-10-10T12:00:00,pacific_nw_coast,local,hotspot,t1,q850_trace,precip_only,precip,45.47747747747748,234.36670733333705,7.029702828731388e-05,1.0,850,0.0,0.0,0.9999998694208252,0.9999999347104126,6.528959165734821e-08,3.801997661590576,4.070470333099365,3.188868761062622,0.26847267150878906,-0.6131289005279541,0.4408007860183716,-0.17232811450958252,0.4408007860183716,True,dec_s1,decoder,1,10,0.003822043398395181,0.004048403888009489,0.00301090928260237,0.0025363361346535385,0.17677909866727579,0.5418207170101755
pacific_nw_coast_2020-10-10T12:00:00,pacific_nw_coast,local,hotspot,t1,q850_trace,precip_only,precip,45.47747747747748,234.36670733333705,7.029702828731388e-05,1.0,850,0.0,0.0,0.9999998694208252,0.9999999347104126,6.528959165734821e-08,3.801997661590576,4.070470333099365,3.188868761062622,0.26847267150878906,-0.6131289005279541,0.4408007860183716,-0.17232811450958252,0.4408007860183716,True,dec_s2,decoder,2,6,0.012510896970828375,0.013254331890493631,0.01062530449902018,0.007293976144865155,0.4161124752983482,0.5930026626539401
pacific_nw_coast_2020-10-10T12:00:00,pacific_nw_coast,local,low_near,t1,q850_trace,precip_zwd,precip,60.47747747747748,231.86670733333705,7.133359645195014e-07,1.0,850,0.0,0.044391462306993645,1.000000091765404,0.9633342151988653,0.036665873201880014,4.188981056213379,4.18568754196167,4.188805103302002,-0.0032935142517089844,-0.00017595291137695312,-0.0015587806701660156,-0.0017347335815429688,0.0017347335815429688,False,enc_s0,encoder,0,6,0.010383036608497301,0.011791513922313849,0.010500253022958836,0.003643868025392294,0.7948464911182674,0.7417765966167286
pacific_nw_coast_2020-10-10T12:00:00,pacific_nw_coast,local,low_near,t1,q850_trace,precip_zwd,precip,60.47747747747748,231.86670733333705,7.133359645195014e-07,1.0,850,0.0,0.044391462306993645,1.000000091765404,0.9633342151988653,0.036665873201880014,4.188981056213379,4.18568754196167,4.188805103302002,-0.0032935142517089844,-0.00017595291137695312,-0.0015587806701660156,-0.0017347335815429688,0.0017347335815429688,False,enc_s1,encoder,1,10,0.010252150241285563,0.007544955844059587,0.007498633814975619,0.004934615292586386,0.4531065816594141,0.6153254768169238
pacific_nw_coast_2020-10-10T12:00:00,pacific_nw_coast,local,low_near,t1,q850_trace,precip_zwd,precip,60.47747747747748,231.86670733333705,7.133359645195014e-07,1.0,850,0.0,0.044391462306993645,1.000000091765404,0.9633342151988653,0.036665873201880014,4.188981056213379,4.18568754196167,4.188805103302002,-0.0032935142517089844,-0.00017595291137695312,-0.0015587806701660156,-0.0017347335815429688,0.0017347335815429688,False,enc_s2,encoder,2,8,0.004273938830010593,0.003090197598794475,0.003055113018490374,0.0021389865141827613,0.37058678626065283,0.5883023831538992
pacific_nw_coast_2020-10-10T12:00:00,pacific_nw_coast,local,low_near,t1,q850_trace,precip_zwd,precip,60.47747747747748,231.86670733333705,7.133359645195014e-07,1.0,850,0.0,0.044391462306993645,1.000000091765404,0.9633342151988653,0.036665873201880014,4.188981056213379,4.18568754196167,4.188805103302002,-0.0032935142517089844,-0.00017595291137695312,-0.0015587806701660156,-0.0017347335815429688,0.0017347335815429688,False,dec_s0,decoder,0,8,0.007206539215985686,0.003948398545617238,0.0045653803390450776,0.003594547597458586,0.28884689902394545,0.5596349913834642
pacific_nw_coast_2020-10-10T12:00:00,pacific_nw_coast,local,low_near,t1,q850_trace,precip_zwd,precip,60.47747747747748,231.86670733333705,7.133359645195014e-07,1.0,850,0.0,0.044391462306993645,1.000000091765404,0.9633342151988653,0.036665873201880014,4.188981056213379,4.18568754196167,4.188805103302002,-0.0032935142517089844,-0.00017595291137695312,-0.0015587806701660156,-0.0017347335815429688,0.0017347335815429688,False,dec_s1,decoder,1,10,0.005615389719605446,0.006077935849316418,0.00445540293585509,0.003791220230050385,0.190703404222267,0.5442503304334193
pacific_nw_coast_2020-10-10T12:00:00,pacific_nw_coast,local,low_near,t1,q850_trace,precip_zwd,precip,60.47747747747748,231.86670733333705,7.133359645195014e-07,1.0,850,0.0,0.044391462306993645,1.000000091765404,0.9633342151988653,0.036665873201880014,4.188981056213379,4.18568754196167,4.188805103302002,-0.0032935142517089844,-0.00017595291137695312,-0.0015587806701660156,-0.0017347335815429688,0.0017347335815429688,False,dec_s2,decoder,2,6,0.01543539265791575,0.019043760063747566,0.014284522583087286,0.009815415677924951,0.42165278026184017,0.5928825702837915
pacific_nw_coast_2020-10-10T12:00:00,pacific_nw_coast,local,low_near,t1,q850_trace,precip_only,precip,60.47747747747748,231.86670733333705,7.133359645195014e-07,1.0,850,0.0,0.044391462306993645,1.000000091765404,0.9633342151988653,0.036665873201880014,3.801997661590576,3.80426287651062,3.7994837760925293,0.0022652149200439453,-0.002513885498046875,0.00238955020904541,-0.00012433528900146484,0.00238955020904541,True,enc_s0,encoder,0,6,0.010308129247277975,0.011847621916482845,0.010467412571112314,0.003721400435703496,0.7863502707170443,0.737086734136517
pacific_nw_coast_2020-10-10T12:00:00,pacific_nw_coast,local,low_near,t1,q850_trace,precip_only,precip,60.47747747747748,231.86670733333705,7.133359645195014e-07,1.0,850,0.0,0.044391462306993645,1.000000091765404,0.9633342151988653,0.036665873201880014,3.801997661590576,3.80426287651062,3.7994837760925293,0.0022652149200439453,-0.002513885498046875,0.00238955020904541,-0.00012433528900146484,0.00238955020904541,True,enc_s1,encoder,1,10,0.010109984362497926,0.007552669569849968,0.007392082177102566,0.004953333153389394,0.4351787503002411,0.6110919456317336
pacific_nw_coast_2020-10-10T12:00:00,pacific_nw_coast,local,low_near,t1,q850_trace,precip_only,precip,60.47747747747748,231.86670733333705,7.133359645195014e-07,1.0,850,0.0,0.044391462306993645,1.000000091765404,0.9633342151988653,0.036665873201880014,3.801997661590576,3.80426287651062,3.7994837760925293,0.0022652149200439453,-0.002513885498046875,0.00238955020904541,-0.00012433528900146484,0.00238955020904541,True,enc_s2,encoder,2,8,0.004378282523248345,0.003149175929138437,0.0030930426146369427,0.0022311727225314826,0.3422513550754791,0.5810681933974516
pacific_nw_coast_2020-10-10T12:00:00,pacific_nw_coast,local,low_near,t1,q850_trace,precip_only,precip,60.47747747747748,231.86670733333705,7.133359645195014e-07,1.0,850,0.0,0.044391462306993645,1.000000091765404,0.9633342151988653,0.036665873201880014,3.801997661590576,3.80426287651062,3.7994837760925293,0.0022652149200439453,-0.002513885498046875,0.00238955020904541,-0.00012433528900146484,0.00238955020904541,True,dec_s0,decoder,0,8,0.007658681191969663,0.0040297495725099,0.0047542613465338945,0.0038531031750608236,0.260678000333486,0.5524912967603888
pacific_nw_coast_2020-10-10T12:00:00,pacific_nw_coast,local,low_near,t1,q850_trace,precip_only,precip,60.47747747747748,231.86670733333705,7.133359645195014e-07,1.0,850,0.0,0.044391462306993645,1.000000091765404,0.9633342151988653,0.036665873201880014,3.801997661590576,3.80426287651062,3.7994837760925293,0.0022652149200439453,-0.002513885498046875,0.00238955020904541,-0.00012433528900146484,0.00238955020904541,True,dec_s1,decoder,1,10,0.005605108384042978,0.0060384102864190934,0.004359187488444149,0.003862976701930165,0.1475238684783747,0.5341590740228939
pacific_nw_coast_2020-10-10T12:00:00,pacific_nw_coast,local,low_near,t1,q850_trace,precip_only,precip,60.47747747747748,231.86670733333705,7.133359645195014e-07,1.0,850,0.0,0.044391462306993645,1.000000091765404,0.9633342151988653,0.036665873201880014,3.801997661590576,3.80426287651062,3.7994837760925293,0.0022652149200439453,-0.002513885498046875,0.00238955020904541,-0.00012433528900146484,0.00238955020904541,True,dec_s2,decoder,2,6,0.01598793004329006,0.019961285404860973,0.01472518794859449,0.010491956491023302,0.3845070258627989,0.5843517081317603
pacific_nw_coast_2020-10-10T12:00:00,pacific_nw_coast,local,hotspot,t1,q850_trace,precip_zwd,zwd,45.47747747747748,234.36670733333705,7.029702828731388e-05,1.0,850,0.0,0.0,0.9999998694208252,0.9999999347104126,6.528959165734821e-08,99.20337677001953,101.3122329711914,96.64228820800781,2.108856201171875,-2.5610885620117188,2.334972381591797,-0.22611618041992188,2.334972381591797,True,enc_s0,encoder,0,6,0.00667004263959825,0.006372330787902077,0.006267035923277338,0.0018068228770668309,0.8548434840273239,0.7752470147123245
pacific_nw_coast_2020-10-10T12:00:00,pacific_nw_coast,local,hotspot,t1,q850_trace,precip_zwd,zwd,45.47747747747748,234.36670733333705,7.029702828731388e-05,1.0,850,0.0,0.0,0.9999998694208252,0.9999999347104126,6.528959165734821e-08,99.20337677001953,101.3122329711914,96.64228820800781,2.108856201171875,-2.5610885620117188,2.334972381591797,-0.22611618041992188,2.334972381591797,True,enc_s1,encoder,1,10,0.005803784774616361,0.004267274239100516,0.0043000939534977075,0.0026931128813885152,0.5101416128446068,0.6300231217577134
pacific_nw_coast_2020-10-10T12:00:00,pacific_nw_coast,local,hotspot,t1,q850_trace,precip_zwd,zwd,45.47747747747748,234.36670733333705,7.029702828731388e-05,1.0,850,0.0,0.0,0.9999998694208252,0.9999999347104126,6.528959165734821e-08,99.20337677001953,101.3122329711914,96.64228820800781,2.108856201171875,-2.5610885620117188,2.334972381591797,-0.22611618041992188,2.334972381591797,True,enc_s2,encoder,2,8,0.002154596266336739,0.0017939809331437573,0.001637912733713165,0.001117012812756002,0.38200640571896144,0.5945277433410648
pacific_nw_coast_2020-10-10T12:00:00,pacific_nw_coast,local,hotspot,t1,q850_trace,precip_zwd,zwd,45.47747747747748,234.36670733333705,7.029702828731388e-05,1.0,850,0.0,0.0,0.9999998694208252,0.9999999347104126,6.528959165734821e-08,99.20337677001953,101.3122329711914,96.64228820800781,2.108856201171875,-2.5610885620117188,2.334972381591797,-0.22611618041992188,2.334972381591797,True,dec_s0,decoder,0,8,0.0029070496966596693,0.002585687761893496,0.0022695237421430647,0.0015549781237496063,0.3778880045313847,0.5937425814101913
pacific_nw_coast_2020-10-10T12:00:00,pacific_nw_coast,local,hotspot,t1,q850_trace,precip_zwd,zwd,45.47747747747748,234.36670733333705,7.029702828731388e-05,1.0,850,0.0,0.0,0.9999998694208252,0.9999999347104126,6.528959165734821e-08,99.20337677001953,101.3122329711914,96.64228820800781,2.108856201171875,-2.5610885620117188,2.334972381591797,-0.22611618041992188,2.334972381591797,True,dec_s1,decoder,1,10,0.003801828087307513,0.003999175946228206,0.002983799250796437,0.002513989829458296,0.17603896039807387,0.5416786363059044
pacific_nw_coast_2020-10-10T12:00:00,pacific_nw_coast,local,hotspot,t1,q850_trace,precip_zwd,zwd,45.47747747747748,234.36670733333705,7.029702828731388e-05,1.0,850,0.0,0.0,0.9999998694208252,0.9999999347104126,6.528959165734821e-08,99.20337677001953,101.3122329711914,96.64228820800781,2.108856201171875,-2.5610885620117188,2.334972381591797,-0.22611618041992188,2.334972381591797,True,dec_s2,decoder,2,6,0.012110518757253885,0.012798986863344908,0.010269091619799534,0.0070558405326058464,0.40866572699873815,0.5927603218402423
pacific_nw_coast_2020-10-10T12:00:00,pacific_nw_coast,local,low_near,t1,q850_trace,precip_zwd,zwd,60.47747747747748,231.86670733333705,7.133359645195014e-07,1.0,850,0.0,0.044391462306993645,1.000000091765404,0.9633342151988653,0.036665873201880014,99.20337677001953,99.23538970947266,99.16973876953125,0.032012939453125,-0.03363800048828125,0.032825469970703125,-0.000812530517578125,0.032825469970703125,True,enc_s0,encoder,0,6,0.010383036608497301,0.011791513922313849,0.010500253022958836,0.003643868025392294,0.7948464911182674,0.7417765966167286
pacific_nw_coast_2020-10-10T12:00:00,pacific_nw_coast,local,low_near,t1,q850_trace,precip_zwd,zwd,60.47747747747748,231.86670733333705,7.133359645195014e-07,1.0,850,0.0,0.044391462306993645,1.000000091765404,0.9633342151988653,0.036665873201880014,99.20337677001953,99.23538970947266,99.16973876953125,0.032012939453125,-0.03363800048828125,0.032825469970703125,-0.000812530517578125,0.032825469970703125,True,enc_s1,encoder,1,10,0.010252150241285563,0.007544955844059587,0.007498633814975619,0.004934615292586386,0.4531065816594141,0.6153254768169238
pacific_nw_coast_2020-10-10T12:00:00,pacific_nw_coast,local,low_near,t1,q850_trace,precip_zwd,zwd,60.47747747747748,231.86670733333705,7.133359645195014e-07,1.0,850,0.0,0.044391462306993645,1.000000091765404,0.9633342151988653,0.036665873201880014,99.20337677001953,99.23538970947266,99.16973876953125,0.032012939453125,-0.03363800048828125,0.032825469970703125,-0.000812530517578125,0.032825469970703125,True,enc_s2,encoder,2,8,0.004273938830010593,0.003090197598794475,0.003055113018490374,0.0021389865141827613,0.37058678626065283,0.5883023831538992
pacific_nw_coast_2020-10-10T12:00:00,pacific_nw_coast,local,low_near,t1,q850_trace,precip_zwd,zwd,60.47747747747748,231.86670733333705,7.133359645195014e-07,1.0,850,0.0,0.044391462306993645,1.000000091765404,0.9633342151988653,0.036665873201880014,99.20337677001953,99.23538970947266,99.16973876953125,0.032012939453125,-0.03363800048828125,0.032825469970703125,-0.000812530517578125,0.032825469970703125,True,dec_s0,decoder,0,8,0.007206539215985686,0.003948398545617238,0.0045653803390450776,0.003594547597458586,0.28884689902394545,0.5596349913834642
pacific_nw_coast_2020-10-10T12:00:00,pacific_nw_coast,local,low_near,t1,q850_trace,precip_zwd,zwd,60.47747747747748,231.86670733333705,7.133359645195014e-07,1.0,850,0.0,0.044391462306993645,1.000000091765404,0.9633342151988653,0.036665873201880014,99.20337677001953,99.23538970947266,99.16973876953125,0.032012939453125,-0.03363800048828125,0.032825469970703125,-0.000812530517578125,0.032825469970703125,True,dec_s1,decoder,1,10,0.005615389719605446,0.006077935849316418,0.00445540293585509,0.003791220230050385,0.190703404222267,0.5442503304334193
pacific_nw_coast_2020-10-10T12:00:00,pacific_nw_coast,local,low_near,t1,q850_trace,precip_zwd,zwd,60.47747747747748,231.86670733333705,7.133359645195014e-07,1.0,850,0.0,0.044391462306993645,1.000000091765404,0.9633342151988653,0.036665873201880014,99.20337677001953,99.23538970947266,99.16973876953125,0.032012939453125,-0.03363800048828125,0.032825469970703125,-0.000812530517578125,0.032825469970703125,True,dec_s2,decoder,2,6,0.01543539265791575,0.019043760063747566,0.014284522583087286,0.009815415677924951,0.42165278026184017,0.5928825702837915
pacific_nw_coast_2020-10-10T12:00:00,pacific_nw_coast,synoptic,hotspot,t1,q850_trace,precip_zwd,precip,42.97747747747748,234.36670733333705,0.00011783451191149652,1.0,850,0.0,0.010269764175785593,0.9999999053844391,0.9924082366251916,0.007591669477537554,4.188981056213379,4.222050189971924,3.7309224605560303,0.03306913375854492,-0.45805859565734863,0.24556386470794678,-0.21249473094940186,0.24556386470794678,True,enc_s0,encoder,0,6,0.015232379548251629,0.015062453070034584,0.01463133484746019,0.003916950469526152,0.8676501451901214,0.7878610090600874
pacific_nw_coast_2020-10-10T12:00:00,pacific_nw_coast,synoptic,hotspot,t1,q850_trace,precip_zwd,precip,42.97747747747748,234.36670733333705,0.00011783451191149652,1.0,850,0.0,0.010269764175785593,0.9999999053844391,0.9924082366251916,0.007591669477537554,4.188981056213379,4.222050189971924,3.7309224605560303,0.03306913375854492,-0.45805859565734863,0.24556386470794678,-0.21249473094940186,0.24556386470794678,True,enc_s1,encoder,1,10,0.011357695888727903,0.009001945005729794,0.009004870150238275,0.00484657222405076,0.5988937484935708,0.6607555889367223
pacific_nw_coast_2020-10-10T12:00:00,pacific_nw_coast,synoptic,hotspot,t1,q850_trace,precip_zwd,precip,42.97747747747748,234.36670733333705,0.00011783451191149652,1.0,850,0.0,0.010269764175785593,0.9999999053844391,0.9924082366251916,0.007591669477537554,4.188981056213379,4.222050189971924,3.7309224605560303,0.03306913375854492,-0.45805859565734863,0.24556386470794678,-0.21249473094940186,0.24556386470794678,True,enc_s2,encoder,2,8,0.004365819098893553,0.0035862443037331104,0.003455688594840467,0.002004812122322619,0.5215709526407636,0.6328697382090951
pacific_nw_coast_2020-10-10T12:00:00,pacific_nw_coast,synoptic,hotspot,t1,q850_trace,precip_zwd,precip,42.97747747747748,234.36670733333705,0.00011783451191149652,1.0,850,0.0,0.010269764175785593,0.9999999053844391,0.9924082366251916,0.007591669477537554,4.188981056213379,4.222050189971924,3.7309224605560303,0.03306913375854492,-0.45805859565734863,0.24556386470794678,-0.21249473094940186,0.24556386470794678,True,dec_s0,decoder,0,8,0.0059023387148045,0.004900954954791814,0.004698261676821858,0.0027121393068227917,0.5267645306037836,0.6340525132749087
pacific_nw_coast_2020-10-10T12:00:00,pacific_nw_coast,synoptic,hotspot,t1,q850_trace,precip_zwd,precip,42.97747747747748,234.36670733333705,0.00011783451191149652,1.0,850,0.0,0.010269764175785593,0.9999999053844391,0.9924082366251916,0.007591669477537554,4.188981056213379,4.222050189971924,3.7309224605560303,0.03306913375854492,-0.45805859565734863,0.24556386470794678,-0.21249473094940186,0.24556386470794678,True,dec_s1,decoder,1,10,0.007306892704218626,0.00725297718308866,0.006175443227402866,0.0038526988821104167,0.4908567541888146,0.6197016556139056
pacific_nw_coast_2020-10-10T12:00:00,pacific_nw_coast,synoptic,hotspot,t1,q850_trace,precip_zwd,precip,42.97747747747748,234.36670733333705,0.00011783451191149652,1.0,850,0.0,0.010269764175785593,0.9999999053844391,0.9924082366251916,0.007591669477537554,4.188981056213379,4.222050189971924,3.7309224605560303,0.03306913375854492,-0.45805859565734863,0.24556386470794678,-0.21249473094940186,0.24556386470794678,True,dec_s2,decoder,2,6,0.025517767605682213,0.025720517771939438,0.02296696261813243,0.011351662532736858,0.6604378693610008,0.6692846688438273
pacific_nw_coast_2020-10-10T12:00:00,pacific_nw_coast,synoptic,hotspot,t1,q850_trace,precip_only,precip,42.97747747747748,234.36670733333705,0.00011783451191149652,1.0,850,0.0,0.010269764175785593,0.9999999053844391,0.9924082366251916,0.007591669477537554,3.801997661590576,3.9110052585601807,3.236983299255371,0.10900759696960449,-0.5650143623352051,0.3370109796524048,-0.2280033826828003,0.3370109796524048,True,enc_s0,encoder,0,6,0.015186170116066933,0.014868368860334158,0.014495143666863441,0.003963600029237568,0.8624807093414835,0.7843156912263883
pacific_nw_coast_2020-10-10T12:00:00,pacific_nw_coast,synoptic,hotspot,t1,q850_trace,precip_only,precip,42.97747747747748,234.36670733333705,0.00011783451191149652,1.0,850,0.0,0.010269764175785593,0.9999999053844391,0.9924082366251916,0.007591669477537554,3.801997661590576,3.9110052585601807,3.236983299255371,0.10900759696960449,-0.5650143623352051,0.3370109796524048,-0.2280033826828003,0.3370109796524048,True,enc_s1,encoder,1,10,0.01148715540766716,0.00899089826270938,0.009008802752941848,0.004989551077596843,0.5806620241234602,0.6537318763197917
pacific_nw_coast_2020-10-10T12:00:00,pacific_nw_coast,synoptic,hotspot,t1,q850_trace,precip_only,precip,42.97747747747748,234.36670733333705,0.00011783451191149652,1.0,850,0.0,0.010269764175785593,0.9999999053844391,0.9924082366251916,0.007591669477537554,3.801997661590576,3.9110052585601807,3.236983299255371,0.10900759696960449,-0.5650143623352051,0.3370109796524048,-0.2280033826828003,0.3370109796524048,True,enc_s2,encoder,2,8,0.004519039241131395,0.003644040203653276,0.0035243318998254836,0.0021046947804279625,0.49990844857871813,0.6261199357827028
pacific_nw_coast_2020-10-10T12:00:00,pacific_nw_coast,synoptic,hotspot,t1,q850_trace,precip_only,precip,42.97747747747748,234.36670733333705,0.00011783451191149652,1.0,850,0.0,0.010269764175785593,0.9999999053844391,0.9924082366251916,0.007591669477537554,3.801997661590576,3.9110052585601807,3.236983299255371,0.10900759696960449,-0.5650143623352051,0.3370109796524048,-0.2280033826828003,0.3370109796524048,True,dec_s0,decoder,0,8,0.006182030949275941,0.004951890266966075,0.004803990421351045,0.00287967556505464,0.4998266548307775,0.6252447431377743
pacific_nw_coast_2020-10-10T12:00:00,pacific_nw_coast,synoptic,hotspot,t1,q850_trace,precip_only,precip,42.97747747747748,234.36670733333705,0.00011783451191149652,1.0,850,0.0,0.010269764175785593,0.9999999053844391,0.9924082366251916,0.007591669477537554,3.801997661590576,3.9110052585601807,3.236983299255371,0.10900759696960449,-0.5650143623352051,0.3370109796524048,-0.2280033826828003,0.3370109796524048,True,dec_s1,decoder,1,10,0.00736597147770226,0.007336059398949146,0.006173641979694366,0.003987852542195469,0.4614305395501406,0.6116901754378996
pacific_nw_coast_2020-10-10T12:00:00,pacific_nw_coast,synoptic,hotspot,t1,q850_trace,precip_only,precip,42.97747747747748,234.36670733333705,0.00011783451191149652,1.0,850,0.0,0.010269764175785593,0.9999999053844391,0.9924082366251916,0.007591669477537554,3.801997661590576,3.9110052585601807,3.236983299255371,0.10900759696960449,-0.5650143623352051,0.3370109796524048,-0.2280033826828003,0.3370109796524048,True,dec_s2,decoder,2,6,0.026199556266268093,0.026541187117497127,0.023461537746091683,0.012039070793737968,0.6333435135428568,0.6610508014859446
pacific_nw_coast_2020-10-10T12:00:00,pacific_nw_coast,synoptic,low_near,t1,q850_trace,precip_zwd,precip,62.97747747747748,229.36670733333705,6.609056072193198e-06,1.0,850,0.0,0.07667005887911608,1.0,0.9170733134680128,0.0829266865319872,4.188981056213379,4.180613994598389,4.192948341369629,-0.008367061614990234,0.00396728515625,-0.006167173385620117,-0.002199888229370117,0.006167173385620117,True,enc_s0,encoder,0,6,0.026781342923641205,0.02815549261868,0.02604654182990392,0.008803720275561014,0.7979520923969967,0.7469195251118741
pacific_nw_coast_2020-10-10T12:00:00,pacific_nw_coast,synoptic,low_near,t1,q850_trace,precip_zwd,precip,62.97747747747748,229.36670733333705,6.609056072193198e-06,1.0,850,0.0,0.07667005887911608,1.0,0.9170733134680128,0.0829266865319872,4.188981056213379,4.180613994598389,4.192948341369629,-0.008367061614990234,0.00396728515625,-0.006167173385620117,-0.002199888229370117,0.006167173385620117,True,enc_s1,encoder,1,10,0.025550032407045363,0.018040249962359665,0.01824710248038173,0.012334512313827872,0.44824437549065665,0.6117816696216716
pacific_nw_coast_2020-10-10T12:00:00,pacific_nw_coast,synoptic,low_near,t1,q850_trace,precip_zwd,precip,62.97747747747748,229.36670733333705,6.609056072193198e-06,1.0,850,0.0,0.07667005887911608,1.0,0.9170733134680128,0.0829266865319872,4.188981056213379,4.180613994598389,4.192948341369629,-0.008367061614990234,0.00396728515625,-0.006167173385620117,-0.002199888229370117,0.006167173385620117,True,enc_s2,encoder,2,8,0.01058249652851373,0.007408155361190438,0.007674950233194977,0.004952888237312436,0.4436243871271831,0.6078282270885851
pacific_nw_coast_2020-10-10T12:00:00,pacific_nw_coast,synoptic,low_near,t1,q850_trace,precip_zwd,precip,62.97747747747748,229.36670733333705,6.609056072193198e-06,1.0,850,0.0,0.07667005887911608,1.0,0.9170733134680128,0.0829266865319872,4.188981056213379,4.180613994598389,4.192948341369629,-0.008367061614990234,0.00396728515625,-0.006167173385620117,-0.002199888229370117,0.006167173385620117,True,dec_s0,decoder,0,8,0.018466203357093036,0.009575632750056684,0.012006100849248469,0.008497636357787997,0.41059986425662287,0.5852928280232151
pacific_nw_coast_2020-10-10T12:00:00,pacific_nw_coast,synoptic,low_near,t1,q850_trace,precip_zwd,precip,62.97747747747748,229.36670733333705,6.609056072193198e-06,1.0,850,0.0,0.07667005887911608,1.0,0.9170733134680128,0.0829266865319872,4.188981056213379,4.180613994598389,4.192948341369629,-0.008367061614990234,0.00396728515625,-0.006167173385620117,-0.002199888229370117,0.006167173385620117,True,dec_s1,decoder,1,10,0.013824120722711086,0.013886445574462414,0.011249374970793724,0.008074200293049217,0.3583192738047985,0.5885766180704002
pacific_nw_coast_2020-10-10T12:00:00,pacific_nw_coast,synoptic,low_near,t1,q850_trace,precip_zwd,precip,62.97747747747748,229.36670733333705,6.609056072193198e-06,1.0,850,0.0,0.07667005887911608,1.0,0.9170733134680128,0.0829266865319872,4.188981056213379,4.180613994598389,4.192948341369629,-0.008367061614990234,0.00396728515625,-0.006167173385620117,-0.002199888229370117,0.006167173385620117,True,dec_s2,decoder,2,6,0.038919465616345406,0.04750564694404602,0.03752565383911133,0.021838906841973465,0.5248133627941095,0.6323873459739565
pacific_nw_coast_2020-10-10T12:00:00,pacific_nw_coast,synoptic,low_near,t1,q850_trace,precip_only,precip,62.97747747747748,229.36670733333705,6.609056072193198e-06,1.0,850,0.0,0.07667005887911608,1.0,0.9170733134680128,0.0829266865319872,3.801997661590576,3.7824177742004395,3.8132426738739014,-0.01957988739013672,0.011245012283325195,-0.015412449836730957,-0.004167437553405762,0.015412449836730957,True,enc_s0,encoder,0,6,0.026731584842006367,0.028220714690784614,0.02601371333003044,0.00893497932702303,0.7923091580790843,0.7438596382187619
pacific_nw_coast_2020-10-10T12:00:00,pacific_nw_coast,synoptic,low_near,t1,q850_trace,precip_only,precip,62.97747747747748,229.36670733333705,6.609056072193198e-06,1.0,850,0.0,0.07667005887911608,1.0,0.9170733134680128,0.0829266865319872,3.801997661590576,3.7824177742004395,3.8132426738739014,-0.01957988739013672,0.011245012283325195,-0.015412449836730957,-0.004167437553405762,0.015412449836730957,True,enc_s1,encoder,1,10,0.02540495600551367,0.01810653880238533,0.01810741759836674,0.012431481946259737,0.4342222807859694,0.6084143338433975
pacific_nw_coast_2020-10-10T12:00:00,pacific_nw_coast,synoptic,low_near,t1,q850_trace,precip_only,precip,62.97747747747748,229.36670733333705,6.609056072193198e-06,1.0,850,0.0,0.07667005887911608,1.0,0.9170733134680128,0.0829266865319872,3.801997661590576,3.7824177742004395,3.8132426738739014,-0.01957988739013672,0.011245012283325195,-0.015412449836730957,-0.004167437553405762,0.015412449836730957,True,enc_s2,encoder,2,8,0.01088615891057998,0.007542445498984307,0.007817275880370289,0.0051566002657637,0.4252979584653592,0.602595160830095
pacific_nw_coast_2020-10-10T12:00:00,pacific_nw_coast,synoptic,low_near,t1,q850_trace,precip_only,precip,62.97747747747748,229.36670733333705,6.609056072193198e-06,1.0,850,0.0,0.07667005887911608,1.0,0.9170733134680128,0.0829266865319872,3.801997661590576,3.7824177742004395,3.8132426738739014,-0.01957988739013672,0.011245012283325195,-0.015412449836730957,-0.004167437553405762,0.015412449836730957,True,dec_s0,decoder,0,8,0.01952228555455804,0.009714549756608903,0.012472937582060695,0.009065449936315417,0.3903361716880155,0.5788541012178976
pacific_nw_coast_2020-10-10T12:00:00,pacific_nw_coast,synoptic,low_near,t1,q850_trace,precip_only,precip,62.97747747747748,229.36670733333705,6.609056072193198e-06,1.0,850,0.0,0.07667005887911608,1.0,0.9170733134680128,0.0829266865319872,3.801997661590576,3.7824177742004395,3.8132426738739014,-0.01957988739013672,0.011245012283325195,-0.015412449836730957,-0.004167437553405762,0.015412449836730957,True,dec_s1,decoder,1,10,0.01374917346984148,0.013644489692524076,0.010949317086488008,0.008216409804299473,0.31620779440965296,0.5774901093912497
pacific_nw_coast_2020-10-10T12:00:00,pacific_nw_coast,synoptic,low_near,t1,q850_trace,precip_only,precip,62.97747747747748,229.36670733333705,6.609056072193198e-06,1.0,850,0.0,0.07667005887911608,1.0,0.9170733134680128,0.0829266865319872,3.801997661590576,3.7824177742004395,3.8132426738739014,-0.01957988739013672,0.011245012283325195,-0.015412449836730957,-0.004167437553405762,0.015412449836730957,True,dec_s2,decoder,2,6,0.04022939316928387,0.04922759160399437,0.03844572231173515,0.023273793670038383,0.49260488965952026,0.6234345870905722
pacific_nw_coast_2020-10-10T12:00:00,pacific_nw_coast,synoptic,hotspot,t1,q850_trace,precip_zwd,zwd,42.97747747747748,234.36670733333705,0.00011783451191149652,1.0,850,0.0,0.010269764175785593,0.9999999053844391,0.9924082366251916,0.007591669477537554,99.20337677001953,100.60128784179688,96.96322631835938,1.3979110717773438,-2.2401504516601562,1.81903076171875,-0.42111968994140625,1.81903076171875,True,enc_s0,encoder,0,6,0.015232379548251629,0.015062453070034584,0.01463133484746019,0.003916950469526152,0.8676501451901214,0.7878610090600874
pacific_nw_coast_2020-10-10T12:00:00,pacific_nw_coast,synoptic,hotspot,t1,q850_trace,precip_zwd,zwd,42.97747747747748,234.36670733333705,0.00011783451191149652,1.0,850,0.0,0.010269764175785593,0.9999999053844391,0.9924082366251916,0.007591669477537554,99.20337677001953,100.60128784179688,96.96322631835938,1.3979110717773438,-2.2401504516601562,1.81903076171875,-0.42111968994140625,1.81903076171875,True,enc_s1,encoder,1,10,0.011357695888727903,0.009001945005729794,0.009004870150238275,0.00484657222405076,0.5988937484935708,0.6607555889367223
pacific_nw_coast_2020-10-10T12:00:00,pacific_nw_coast,synoptic,hotspot,t1,q850_trace,precip_zwd,zwd,42.97747747747748,234.36670733333705,0.00011783451191149652,1.0,850,0.0,0.010269764175785593,0.9999999053844391,0.9924082366251916,0.007591669477537554,99.20337677001953,100.60128784179688,96.96322631835938,1.3979110717773438,-2.2401504516601562,1.81903076171875,-0.42111968994140625,1.81903076171875,True,enc_s2,encoder,2,8,0.004365819098893553,0.0035862443037331104,0.003455688594840467,0.002004812122322619,0.5215709526407636,0.6328697382090951
pacific_nw_coast_2020-10-10T12:00:00,pacific_nw_coast,synoptic,hotspot,t1,q850_trace,precip_zwd,zwd,42.97747747747748,234.36670733333705,0.00011783451191149652,1.0,850,0.0,0.010269764175785593,0.9999999053844391,0.9924082366251916,0.007591669477537554,99.20337677001953,100.60128784179688,96.96322631835938,1.3979110717773438,-2.2401504516601562,1.81903076171875,-0.42111968994140625,1.81903076171875,True,dec_s0,decoder,0,8,0.0059023387148045,0.004900954954791814,0.004698261676821858,0.0027121393068227917,0.5267645306037836,0.6340525132749087
pacific_nw_coast_2020-10-10T12:00:00,pacific_nw_coast,synoptic,hotspot,t1,q850_trace,precip_zwd,zwd,42.97747747747748,234.36670733333705,0.00011783451191149652,1.0,850,0.0,0.010269764175785593,0.9999999053844391,0.9924082366251916,0.007591669477537554,99.20337677001953,100.60128784179688,96.96322631835938,1.3979110717773438,-2.2401504516601562,1.81903076171875,-0.42111968994140625,1.81903076171875,True,dec_s1,decoder,1,10,0.007306892704218626,0.00725297718308866,0.006175443227402866,0.0038526988821104167,0.4908567541888146,0.6197016556139056
pacific_nw_coast_2020-10-10T12:00:00,pacific_nw_coast,synoptic,hotspot,t1,q850_trace,precip_zwd,zwd,42.97747747747748,234.36670733333705,0.00011783451191149652,1.0,850,0.0,0.010269764175785593,0.9999999053844391,0.9924082366251916,0.007591669477537554,99.20337677001953,100.60128784179688,96.96322631835938,1.3979110717773438,-2.2401504516601562,1.81903076171875,-0.42111968994140625,1.81903076171875,True,dec_s2,decoder,2,6,0.025517767605682213,0.025720517771939438,0.02296696261813243,0.011351662532736858,0.6604378693610008,0.6692846688438273
pacific_nw_coast_2020-10-10T12:00:00,pacific_nw_coast,synoptic,low_near,t1,q850_trace,precip_zwd,zwd,62.97747747747748,229.36670733333705,6.609056072193198e-06,1.0,850,0.0,0.07667005887911608,1.0,0.9170733134680128,0.0829266865319872,99.20337677001953,99.61231994628906,99.06460571289062,0.40894317626953125,-0.13877105712890625,0.27385711669921875,0.1350860595703125,0.27385711669921875,True,enc_s0,encoder,0,6,0.026781342923641205,0.02815549261868,0.02604654182990392,0.008803720275561014,0.7979520923969967,0.7469195251118741
pacific_nw_coast_2020-10-10T12:00:00,pacific_nw_coast,synoptic,low_near,t1,q850_trace,precip_zwd,zwd,62.97747747747748,229.36670733333705,6.609056072193198e-06,1.0,850,0.0,0.07667005887911608,1.0,0.9170733134680128,0.0829266865319872,99.20337677001953,99.61231994628906,99.06460571289062,0.40894317626953125,-0.13877105712890625,0.27385711669921875,0.1350860595703125,0.27385711669921875,True,enc_s1,encoder,1,10,0.025550032407045363,0.018040249962359665,0.01824710248038173,0.012334512313827872,0.44824437549065665,0.6117816696216716
pacific_nw_coast_2020-10-10T12:00:00,pacific_nw_coast,synoptic,low_near,t1,q850_trace,precip_zwd,zwd,62.97747747747748,229.36670733333705,6.609056072193198e-06,1.0,850,0.0,0.07667005887911608,1.0,0.9170733134680128,0.0829266865319872,99.20337677001953,99.61231994628906,99.06460571289062,0.40894317626953125,-0.13877105712890625,0.27385711669921875,0.1350860595703125,0.27385711669921875,True,enc_s2,encoder,2,8,0.01058249652851373,0.007408155361190438,0.007674950233194977,0.004952888237312436,0.4436243871271831,0.6078282270885851
pacific_nw_coast_2020-10-10T12:00:00,pacific_nw_coast,synoptic,low_near,t1,q850_trace,precip_zwd,zwd,62.97747747747748,229.36670733333705,6.609056072193198e-06,1.0,850,0.0,0.07667005887911608,1.0,0.9170733134680128,0.0829266865319872,99.20337677001953,99.61231994628906,99.06460571289062,0.40894317626953125,-0.13877105712890625,0.27385711669921875,0.1350860595703125,0.27385711669921875,True,dec_s0,decoder,0,8,0.018466203357093036,0.009575632750056684,0.012006100849248469,0.008497636357787997,0.41059986425662287,0.5852928280232151
pacific_nw_coast_2020-10-10T12:00:00,pacific_nw_coast,synoptic,low_near,t1,q850_trace,precip_zwd,zwd,62.97747747747748,229.36670733333705,6.609056072193198e-06,1.0,850,0.0,0.07667005887911608,1.0,0.9170733134680128,0.0829266865319872,99.20337677001953,99.61231994628906,99.06460571289062,0.40894317626953125,-0.13877105712890625,0.27385711669921875,0.1350860595703125,0.27385711669921875,True,dec_s1,decoder,1,10,0.013824120722711086,0.013886445574462414,0.011249374970793724,0.008074200293049217,0.3583192738047985,0.5885766180704002
pacific_nw_coast_2020-10-10T12:00:00,pacific_nw_coast,synoptic,low_near,t1,q850_trace,precip_zwd,zwd,62.97747747747748,229.36670733333705,6.609056072193198e-06,1.0,850,0.0,0.07667005887911608,1.0,0.9170733134680128,0.0829266865319872,99.20337677001953,99.61231994628906,99.06460571289062,0.40894317626953125,-0.13877105712890625,0.27385711669921875,0.1350860595703125,0.27385711669921875,True,dec_s2,decoder,2,6,0.038919465616345406,0.04750564694404602,0.03752565383911133,0.021838906841973465,0.5248133627941095,0.6323873459739565
pampas_2020-01-15T12:00:00,pampas,local,hotspot,t1,q850_trace,precip_zwd,precip,-37.02252252252252,299.67102679969264,0.00022615896887145936,1.0,850,0.0,0.059786607799852835,0.9999999256590032,0.9333698000702968,0.06663013054205667,1.3104612827301025,1.4197790622711182,1.3852331638336182,0.10931777954101562,0.07477188110351562,0.01727294921875,0.09204483032226562,0.09204483032226562,False,enc_s0,encoder,0,6,0.0048099961907913285,0.005020348898445566,0.004755259336282809,0.0012482880265451968,0.8821994466813855,0.791388917232788
pampas_2020-01-15T12:00:00,pampas,local,hotspot,t1,q850_trace,precip_zwd,precip,-37.02252252252252,299.67102679969264,0.00022615896887145936,1.0,850,0.0,0.059786607799852835,0.9999999256590032,0.9333698000702968,0.06663013054205667,1.3104612827301025,1.4197790622711182,1.3852331638336182,0.10931777954101562,0.07477188110351562,0.01727294921875,0.09204483032226562,0.09204483032226562,False,enc_s1,encoder,1,10,0.0031330558238551022,0.0028987772995606063,0.002604966633953154,0.0014547645288985223,0.5865526974648881,0.6679616337365809
pampas_2020-01-15T12:00:00,pampas,local,hotspot,t1,q850_trace,precip_zwd,precip,-37.02252252252252,299.67102679969264,0.00022615896887145936,1.0,850,0.0,0.059786607799852835,0.9999999256590032,0.9333698000702968,0.06663013054205667,1.3104612827301025,1.4197790622711182,1.3852331638336182,0.10931777954101562,0.07477188110351562,0.01727294921875,0.09204483032226562,0.09204483032226562,False,enc_s2,encoder,2,8,0.0013054657320026308,0.00121459030197002,0.001062816081685014,0.0006782854034099728,0.4325559285197239,0.6105521860708392
pampas_2020-01-15T12:00:00,pampas,local,hotspot,t1,q850_trace,precip_zwd,precip,-37.02252252252252,299.67102679969264,0.00022615896887145936,1.0,850,0.0,0.059786607799852835,0.9999999256590032,0.9333698000702968,0.06663013054205667,1.3104612827301025,1.4197790622711182,1.3852331638336182,0.10931777954101562,0.07477188110351562,0.01727294921875,0.09204483032226562,0.09204483032226562,False,dec_s0,decoder,0,8,0.0018483570456737652,0.0017400094075128436,0.0014471960894297808,0.0010613365593599156,0.31306594565779156,0.5781574768053432
pampas_2020-01-15T12:00:00,pampas,local,hotspot,t1,q850_trace,precip_zwd,precip,-37.02252252252252,299.67102679969264,0.00022615896887145936,1.0,850,0.0,0.059786607799852835,0.9999999256590032,0.9333698000702968,0.06663013054205667,1.3104612827301025,1.4197790622711182,1.3852331638336182,0.10931777954101562,0.07477188110351562,0.01727294921875,0.09204483032226562,0.09204483032226562,False,dec_s1,decoder,1,10,0.003319425997324288,0.0030158620211295784,0.0023531003855168818,0.0021240119356662037,0.08190437608655168,0.5194563101788485
pampas_2020-01-15T12:00:00,pampas,local,hotspot,t1,q850_trace,precip_zwd,precip,-37.02252252252252,299.67102679969264,0.00022615896887145936,1.0,850,0.0,0.059786607799852835,0.9999999256590032,0.9333698000702968,0.06663013054205667,1.3104612827301025,1.4197790622711182,1.3852331638336182,0.10931777954101562,0.07477188110351562,0.01727294921875,0.09204483032226562,0.09204483032226562,False,dec_s2,decoder,2,6,0.010977706871926785,0.00986710904786984,0.008640859431276718,0.005854151599730055,0.42522264188530096,0.5961119958301324
pampas_2020-01-15T12:00:00,pampas,local,hotspot,t1,q850_trace,precip_only,precip,-37.02252252252252,299.67102679969264,0.00022615896887145936,1.0,850,0.0,0.059786607799852835,0.9999999256590032,0.9333698000702968,0.06663013054205667,1.2121118307113647,1.3565763235092163,1.2470977306365967,0.14446449279785156,0.034985899925231934,0.054739296436309814,0.08972519636154175,0.08972519636154175,False,enc_s0,encoder,0,6,0.004695301953082283,0.004993141163140535,0.004682977683842182,0.0012489840349492927,0.8796259262863981,0.788853400512501
pampas_2020-01-15T12:00:00,pampas,local,hotspot,t1,q850_trace,precip_only,precip,-37.02252252252252,299.67102679969264,0.00022615896887145936,1.0,850,0.0,0.059786607799852835,0.9999999256590032,0.9333698000702968,0.06663013054205667,1.2121118307113647,1.3565763235092163,1.2470977306365967,0.14446449279785156,0.034985899925231934,0.054739296436309814,0.08972519636154175,0.08972519636154175,False,enc_s1,encoder,1,10,0.0031033406965434553,0.0029238184681162236,0.0026058384217321874,0.0014519339893013239,0.5859203692396063,0.6674764973313188
pampas_2020-01-15T12:00:00,pampas,local,hotspot,t1,q850_trace,precip_only,precip,-37.02252252252252,299.67102679969264,0.00022615896887145936,1.0,850,0.0,0.059786607799852835,0.9999999256590032,0.9333698000702968,0.06663013054205667,1.2121118307113647,1.3565763235092163,1.2470977306365967,0.14446449279785156,0.034985899925231934,0.054739296436309814,0.08972519636154175,0.08972519636154175,False,enc_s2,encoder,2,8,0.0013152470055501908,0.0012406694586388767,0.001076294734957628,0.0006899769941810519,0.4281233075912997,0.6094846917222899
pampas_2020-01-15T12:00:00,pampas,local,hotspot,t1,q850_trace,precip_only,precip,-37.02252252252252,299.67102679969264,0.00022615896887145936,1.0,850,0.0,0.059786607799852835,0.9999999256590032,0.9333698000702968,0.06663013054205667,1.2121118307113647,1.3565763235092163,1.2470977306365967,0.14446449279785156,0.034985899925231934,0.054739296436309814,0.08972519636154175,0.08972519636154175,False,dec_s0,decoder,0,8,0.0018540176388341933,0.0017691701650619507,0.0014574795786757022,0.0010761265803012066,0.306688976585086,0.576554197019368
pampas_2020-01-15T12:00:00,pampas,local,hotspot,t1,q850_trace,precip_only,precip,-37.02252252252252,299.67102679969264,0.00022615896887145936,1.0,850,0.0,0.059786607799852835,0.9999999256590032,0.9333698000702968,0.06663013054205667,1.2121118307113647,1.3565763235092163,1.2470977306365967,0.14446449279785156,0.034985899925231934,0.054739296436309814,0.08972519636154175,0.08972519636154175,False,dec_s1,decoder,1,10,0.0032546119880862536,0.002935076947323978,0.0022647151607088746,0.0021143432706594465,0.05064559392639038,0.5119752019130621
pampas_2020-01-15T12:00:00,pampas,local,hotspot,t1,q850_trace,precip_only,precip,-37.02252252252252,299.67102679969264,0.00022615896887145936,1.0,850,0.0,0.059786607799852835,0.9999999256590032,0.9333698000702968,0.06663013054205667,1.2121118307113647,1.3565763235092163,1.2470977306365967,0.14446449279785156,0.034985899925231934,0.054739296436309814,0.08972519636154175,0.08972519636154175,False,dec_s2,decoder,2,6,0.011126257323970398,0.009925664402544498,0.008681748993694782,0.005982177409653862,0.4093302315675718,0.5920560203352293
pampas_2020-01-15T12:00:00,pampas,local,low_near,t1,q850_trace,precip_zwd,precip,-44.52252252252252,314.67102679969264,4.959940270055085e-06,1.0,850,0.0,0.0,1.0,1.0,0.0,1.3104612827301025,1.2975616455078125,1.3028714656829834,-0.012899637222290039,-0.007589817047119141,-0.0026549100875854492,-0.01024472713470459,0.01024472713470459,False,enc_s0,encoder,0,6,0.005696141393855214,0.005138154840096831,0.005243547571202119,0.001385798347958674,0.8821746904844946,0.7903056057539416
pampas_2020-01-15T12:00:00,pampas,local,low_near,t1,q850_trace,precip_zwd,precip,-44.52252252252252,314.67102679969264,4.959940270055085e-06,1.0,850,0.0,0.0,1.0,1.0,0.0,1.3104612827301025,1.2975616455078125,1.3028714656829834,-0.012899637222290039,-0.007589817047119141,-0.0026549100875854492,-0.01024472713470459,0.01024472713470459,False,enc_s1,encoder,1,10,0.005352242873050273,0.0038758103270083665,0.004009284148924053,0.0023704087419901044,0.5642784064174415,0.644829471082037
pampas_2020-01-15T12:00:00,pampas,local,low_near,t1,q850_trace,precip_zwd,precip,-44.52252252252252,314.67102679969264,4.959940270055085e-06,1.0,850,0.0,0.0,1.0,1.0,0.0,1.3104612827301025,1.2975616455078125,1.3028714656829834,-0.012899637222290039,-0.007589817047119141,-0.0026549100875854492,-0.01024472713470459,0.01024472713470459,False,enc_s2,encoder,2,8,0.002259331551613286,0.001691346289590001,0.001705790142295882,0.0010358136059949175,0.49262247113276436,0.6221952975133771
pampas_2020-01-15T12:00:00,pampas,local,low_near,t1,q850_trace,precip_zwd,precip,-44.52252252252252,314.67102679969264,4.959940270055085e-06,1.0,850,0.0,0.0,1.0,1.0,0.0,1.3104612827301025,1.2975616455078125,1.3028714656829834,-0.012899637222290039,-0.007589817047119141,-0.0026549100875854492,-0.01024472713470459,0.01024472713470459,False,dec_s0,decoder,0,8,0.003111324505880475,0.0024249484995380044,0.0023729416425339878,0.0014661403693025932,0.47500468211541713,0.6184207464657039
pampas_2020-01-15T12:00:00,pampas,local,low_near,t1,q850_trace,precip_zwd,precip,-44.52252252252252,314.67102679969264,4.959940270055085e-06,1.0,850,0.0,0.0,1.0,1.0,0.0,1.3104612827301025,1.2975616455078125,1.3028714656829834,-0.012899637222290039,-0.007589817047119141,-0.0026549100875854492,-0.01024472713470459,0.01024472713470459,False,dec_s1,decoder,1,10,0.004379587387666107,0.0038606676971539855,0.003371594671625644,0.002380247099790722,0.33455900063569943,0.5813667717135896
pampas_2020-01-15T12:00:00,pampas,local,low_near,t1,q850_trace,precip_zwd,precip,-44.52252252252252,314.67102679969264,4.959940270055085e-06,1.0,850,0.0,0.0,1.0,1.0,0.0,1.3104612827301025,1.2975616455078125,1.3028714656829834,-0.012899637222290039,-0.007589817047119141,-0.0026549100875854492,-0.01024472713470459,0.01024472713470459,False,dec_s2,decoder,2,6,0.014327586938937506,0.012605857104063034,0.011761129833757877,0.006615775094057123,0.5812049102032433,0.6399479331379568
pampas_2020-01-15T12:00:00,pampas,local,low_near,t1,q850_trace,precip_only,precip,-44.52252252252252,314.67102679969264,4.959940270055085e-06,1.0,850,0.0,0.0,1.0,1.0,0.0,1.2121118307113647,1.1947237253189087,1.2154028415679932,-0.017388105392456055,0.003291010856628418,-0.010339558124542236,-0.007048547267913818,0.010339558124542236,True,enc_s0,encoder,0,6,0.005752534062291185,0.005119228502735496,0.0052646014373749495,0.0013883996483248968,0.8841365721548798,0.790787608676735
pampas_2020-01-15T12:00:00,pampas,local,low_near,t1,q850_trace,precip_only,precip,-44.52252252252252,314.67102679969264,4.959940270055085e-06,1.0,850,0.0,0.0,1.0,1.0,0.0,1.2121118307113647,1.1947237253189087,1.2154028415679932,-0.017388105392456055,0.003291010856628418,-0.010339558124542236,-0.007048547267913818,0.010339558124542236,True,enc_s1,encoder,1,10,0.005485513154417277,0.003909435798414051,0.004074991564266384,0.0024401756061706694,0.5558189116544537,0.6410051175989174
pampas_2020-01-15T12:00:00,pampas,local,low_near,t1,q850_trace,precip_only,precip,-44.52252252252252,314.67102679969264,4.959940270055085e-06,1.0,850,0.0,0.0,1.0,1.0,0.0,1.2121118307113647,1.1947237253189087,1.2154028415679932,-0.017388105392456055,0.003291010856628418,-0.010339558124542236,-0.007048547267913818,0.010339558124542236,True,enc_s2,encoder,2,8,0.002371389709878713,0.0017328133544651791,0.0017706632788758725,0.0010852798004634678,0.4877644365598637,0.6199938664122862
pampas_2020-01-15T12:00:00,pampas,local,low_near,t1,q850_trace,precip_only,precip,-44.52252252252252,314.67102679969264,4.959940270055085e-06,1.0,850,0.0,0.0,1.0,1.0,0.0,1.2121118307113647,1.1947237253189087,1.2154028415679932,-0.017388105392456055,0.003291010856628418,-0.010339558124542236,-0.007048547267913818,0.010339558124542236,True,dec_s0,decoder,0,8,0.003294659749371931,0.002488994679879397,0.0024808557936921716,0.0015396346134366468,0.4748333295006135,0.6173200412851474
pampas_2020-01-15T12:00:00,pampas,local,low_near,t1,q850_trace,precip_only,precip,-44.52252252252252,314.67102679969264,4.959940270055085e-06,1.0,850,0.0,0.0,1.0,1.0,0.0,1.2121118307113647,1.1947237253189087,1.2154028415679932,-0.017388105392456055,0.003291010856628418,-0.010339558124542236,-0.007048547267913818,0.010339558124542236,True,dec_s1,decoder,1,10,0.0044346366776153445,0.0038479079958051443,0.00339296207530424,0.0023906377726234497,0.33753268883169507,0.5819856358023346
pampas_2020-01-15T12:00:00,pampas,local,low_near,t1,q850_trace,precip_only,precip,-44.52252252252252,314.67102679969264,4.959940270055085e-06,1.0,850,0.0,0.0,1.0,1.0,0.0,1.2121118307113647,1.1947237253189087,1.2154028415679932,-0.017388105392456055,0.003291010856628418,-0.010339558124542236,-0.007048547267913818,0.010339558124542236,True,dec_s2,decoder,2,6,0.014882727060467005,0.012839192834993204,0.012128914551188549,0.006786730140447617,0.5860076975071683,0.6411819631302649
pampas_2020-01-15T12:00:00,pampas,local,hotspot,t1,q850_trace,precip_zwd,zwd,-37.02252252252252,299.67102679969264,0.00022615896887145936,1.0,850,0.0,0.059786607799852835,0.9999999256590032,0.9333698000702968,0.06663013054205667,218.17417907714844,219.93154907226562,215.7489471435547,1.7573699951171875,-2.42523193359375,2.0913009643554688,-0.33393096923828125,2.0913009643554688,True,enc_s0,encoder,0,6,0.0048099961907913285,0.005020348898445566,0.004755259336282809,0.0012482880265451968,0.8821994466813855,0.791388917232788
pampas_2020-01-15T12:00:00,pampas,local,hotspot,t1,q850_trace,precip_zwd,zwd,-37.02252252252252,299.67102679969264,0.00022615896887145936,1.0,850,0.0,0.059786607799852835,0.9999999256590032,0.9333698000702968,0.06663013054205667,218.17417907714844,219.93154907226562,215.7489471435547,1.7573699951171875,-2.42523193359375,2.0913009643554688,-0.33393096923828125,2.0913009643554688,True,enc_s1,encoder,1,10,0.0031330558238551022,0.0028987772995606063,0.002604966633953154,0.0014547645288985223,0.5865526974648881,0.6679616337365809
pampas_2020-01-15T12:00:00,pampas,local,hotspot,t1,q850_trace,precip_zwd,zwd,-37.02252252252252,299.67102679969264,0.00022615896887145936,1.0,850,0.0,0.059786607799852835,0.9999999256590032,0.9333698000702968,0.06663013054205667,218.17417907714844,219.93154907226562,215.7489471435547,1.7573699951171875,-2.42523193359375,2.0913009643554688,-0.33393096923828125,2.0913009643554688,True,enc_s2,encoder,2,8,0.0013054657320026308,0.00121459030197002,0.001062816081685014,0.0006782854034099728,0.4325559285197239,0.6105521860708392
pampas_2020-01-15T12:00:00,pampas,local,hotspot,t1,q850_trace,precip_zwd,zwd,-37.02252252252252,299.67102679969264,0.00022615896887145936,1.0,850,0.0,0.059786607799852835,0.9999999256590032,0.9333698000702968,0.06663013054205667,218.17417907714844,219.93154907226562,215.7489471435547,1.7573699951171875,-2.42523193359375,2.0913009643554688,-0.33393096923828125,2.0913009643554688,True,dec_s0,decoder,0,8,0.0018483570456737652,0.0017400094075128436,0.0014471960894297808,0.0010613365593599156,0.31306594565779156,0.5781574768053432
pampas_2020-01-15T12:00:00,pampas,local,hotspot,t1,q850_trace,precip_zwd,zwd,-37.02252252252252,299.67102679969264,0.00022615896887145936,1.0,850,0.0,0.059786607799852835,0.9999999256590032,0.9333698000702968,0.06663013054205667,218.17417907714844,219.93154907226562,215.7489471435547,1.7573699951171875,-2.42523193359375,2.0913009643554688,-0.33393096923828125,2.0913009643554688,True,dec_s1,decoder,1,10,0.003319425997324288,0.0030158620211295784,0.0023531003855168818,0.0021240119356662037,0.08190437608655168,0.5194563101788485
pampas_2020-01-15T12:00:00,pampas,local,hotspot,t1,q850_trace,precip_zwd,zwd,-37.02252252252252,299.67102679969264,0.00022615896887145936,1.0,850,0.0,0.059786607799852835,0.9999999256590032,0.9333698000702968,0.06663013054205667,218.17417907714844,219.93154907226562,215.7489471435547,1.7573699951171875,-2.42523193359375,2.0913009643554688,-0.33393096923828125,2.0913009643554688,True,dec_s2,decoder,2,6,0.010977706871926785,0.00986710904786984,0.008640859431276718,0.005854151599730055,0.42522264188530096,0.5961119958301324
pampas_2020-01-15T12:00:00,pampas,local,low_near,t1,q850_trace,precip_zwd,zwd,-44.52252252252252,314.67102679969264,4.959940270055085e-06,1.0,850,0.0,0.0,1.0,1.0,0.0,218.17417907714844,218.6441650390625,217.99282836914062,0.4699859619140625,-0.1813507080078125,0.3256683349609375,0.144317626953125,0.3256683349609375,True,enc_s0,encoder,0,6,0.005696141393855214,0.005138154840096831,0.005243547571202119,0.001385798347958674,0.8821746904844946,0.7903056057539416
pampas_2020-01-15T12:00:00,pampas,local,low_near,t1,q850_trace,precip_zwd,zwd,-44.52252252252252,314.67102679969264,4.959940270055085e-06,1.0,850,0.0,0.0,1.0,1.0,0.0,218.17417907714844,218.6441650390625,217.99282836914062,0.4699859619140625,-0.1813507080078125,0.3256683349609375,0.144317626953125,0.3256683349609375,True,enc_s1,encoder,1,10,0.005352242873050273,0.0038758103270083665,0.004009284148924053,0.0023704087419901044,0.5642784064174415,0.644829471082037
pampas_2020-01-15T12:00:00,pampas,local,low_near,t1,q850_trace,precip_zwd,zwd,-44.52252252252252,314.67102679969264,4.959940270055085e-06,1.0,850,0.0,0.0,1.0,1.0,0.0,218.17417907714844,218.6441650390625,217.99282836914062,0.4699859619140625,-0.1813507080078125,0.3256683349609375,0.144317626953125,0.3256683349609375,True,enc_s2,encoder,2,8,0.002259331551613286,0.001691346289590001,0.001705790142295882,0.0010358136059949175,0.49262247113276436,0.6221952975133771
pampas_2020-01-15T12:00:00,pampas,local,low_near,t1,q850_trace,precip_zwd,zwd,-44.52252252252252,314.67102679969264,4.959940270055085e-06,1.0,850,0.0,0.0,1.0,1.0,0.0,218.17417907714844,218.6441650390625,217.99282836914062,0.4699859619140625,-0.1813507080078125,0.3256683349609375,0.144317626953125,0.3256683349609375,True,dec_s0,decoder,0,8,0.003111324505880475,0.0024249484995380044,0.0023729416425339878,0.0014661403693025932,0.47500468211541713,0.6184207464657039
pampas_2020-01-15T12:00:00,pampas,local,low_near,t1,q850_trace,precip_zwd,zwd,-44.52252252252252,314.67102679969264,4.959940270055085e-06,1.0,850,0.0,0.0,1.0,1.0,0.0,218.17417907714844,218.6441650390625,217.99282836914062,0.4699859619140625,-0.1813507080078125,0.3256683349609375,0.144317626953125,0.3256683349609375,True,dec_s1,decoder,1,10,0.004379587387666107,0.0038606676971539855,0.003371594671625644,0.002380247099790722,0.33455900063569943,0.5813667717135896
pampas_2020-01-15T12:00:00,pampas,local,low_near,t1,q850_trace,precip_zwd,zwd,-44.52252252252252,314.67102679969264,4.959940270055085e-06,1.0,850,0.0,0.0,1.0,1.0,0.0,218.17417907714844,218.6441650390625,217.99282836914062,0.4699859619140625,-0.1813507080078125,0.3256683349609375,0.144317626953125,0.3256683349609375,True,dec_s2,decoder,2,6,0.014327586938937506,0.012605857104063034,0.011761129833757877,0.006615775094057123,0.5812049102032433,0.6399479331379568
pampas_2020-01-15T12:00:00,pampas,synoptic,hotspot,t1,q850_trace,precip_zwd,precip,-37.02252252252252,299.67102679969264,0.00044189963955432177,1.0,850,0.0,0.04090821996551063,1.0,0.9339860197623153,0.06601398023768469,1.3104612827301025,1.2011655569076538,1.6391355991363525,-0.10929572582244873,0.32867431640625,-0.21898502111434937,0.10968929529190063,0.21898502111434937,True,enc_s0,encoder,0,6,0.012943005034079155,0.01278290105983615,0.012454571047176918,0.003215323823193709,0.8778584261711404,0.7940631256786655
pampas_2020-01-15T12:00:00,pampas,synoptic,hotspot,t1,q850_trace,precip_zwd,precip,-37.02252252252252,299.67102679969264,0.00044189963955432177,1.0,850,0.0,0.04090821996551063,1.0,0.9339860197623153,0.06601398023768469,1.3104612827301025,1.2011655569076538,1.6391355991363525,-0.10929572582244873,0.32867431640625,-0.21898502111434937,0.10968929529190063,0.21898502111434937,True,enc_s1,encoder,1,10,0.00949460407719016,0.007755779754370451,0.007864043721929193,0.0036068605608306826,0.6931387533047582,0.6955450532832168
pampas_2020-01-15T12:00:00,pampas,synoptic,hotspot,t1,q850_trace,precip_zwd,precip,-37.02252252252252,299.67102679969264,0.00044189963955432177,1.0,850,0.0,0.04090821996551063,1.0,0.9339860197623153,0.06601398023768469,1.3104612827301025,1.2011655569076538,1.6391355991363525,-0.10929572582244873,0.32867431640625,-0.21898502111434937,0.10968929529190063,0.21898502111434937,True,enc_s2,encoder,2,8,0.0039551162626594305,0.0032463821989949793,0.0032236260594800115,0.0016429283132310957,0.6144653696955094,0.6624379173510314
pampas_2020-01-15T12:00:00,pampas,synoptic,hotspot,t1,q850_trace,precip_zwd,precip,-37.02252252252252,299.67102679969264,0.00044189963955432177,1.0,850,0.0,0.04090821996551063,1.0,0.9339860197623153,0.06601398023768469,1.3104612827301025,1.2011655569076538,1.6391355991363525,-0.10929572582244873,0.32867431640625,-0.21898502111434937,0.10968929529190063,0.21898502111434937,True,dec_s0,decoder,0,8,0.00568295584525913,0.004777209949679673,0.0046704459527973086,0.0023971320333657786,0.609128568421307,0.6610925809151089
pampas_2020-01-15T12:00:00,pampas,synoptic,hotspot,t1,q850_trace,precip_zwd,precip,-37.02252252252252,299.67102679969264,0.00044189963955432177,1.0,850,0.0,0.04090821996551063,1.0,0.9339860197623153,0.06601398023768469,1.3104612827301025,1.2011655569076538,1.6391355991363525,-0.10929572582244873,0.32867431640625,-0.21898502111434937,0.10968929529190063,0.21898502111434937,True,dec_s1,decoder,1,10,0.007769321231171489,0.0068487283308058975,0.006362066767178476,0.003627334092743695,0.5494960563842083,0.6378484739961368
pampas_2020-01-15T12:00:00,pampas,synoptic,hotspot,t1,q850_trace,precip_zwd,precip,-37.02252252252252,299.67102679969264,0.00044189963955432177,1.0,850,0.0,0.04090821996551063,1.0,0.9339860197623153,0.06601398023768469,1.3104612827301025,1.2011655569076538,1.6391355991363525,-0.10929572582244873,0.32867431640625,-0.21898502111434937,0.10968929529190063,0.21898502111434937,True,dec_s2,decoder,2,6,0.028713942505419254,0.024978543631732464,0.024170259945094585,0.011831819855918487,0.6555185040919311,0.6714554903834911
pampas_2020-01-15T12:00:00,pampas,synoptic,hotspot,t1,q850_trace,precip_only,precip,-37.02252252252252,299.67102679969264,0.00044189963955432177,1.0,850,0.0,0.04090821996551063,1.0,0.9339860197623153,0.06601398023768469,1.2121118307113647,1.1468994617462158,1.4637444019317627,-0.06521236896514893,0.25163257122039795,-0.15842247009277344,0.09321010112762451,0.15842247009277344,True,enc_s0,encoder,0,6,0.012823565863072872,0.012729533016681671,0.012367550749331713,0.0032076616771519184,0.8770125058190242,0.7933601616774414
pampas_2020-01-15T12:00:00,pampas,synoptic,hotspot,t1,q850_trace,precip_only,precip,-37.02252252252252,299.67102679969264,0.00044189963955432177,1.0,850,0.0,0.04090821996551063,1.0,0.9339860197623153,0.06601398023768469,1.2121118307113647,1.1468994617462158,1.4637444019317627,-0.06521236896514893,0.25163257122039795,-0.15842247009277344,0.09321010112762451,0.15842247009277344,True,enc_s1,encoder,1,10,0.009590884670615196,0.00782433794811368,0.00790977762080729,0.0037055315915495157,0.6810733222951117,0.6910705409550243
pampas_2020-01-15T12:00:00,pampas,synoptic,hotspot,t1,q850_trace,precip_only,precip,-37.02252252252252,299.67102679969264,0.00044189963955432177,1.0,850,0.0,0.04090821996551063,1.0,0.9339860197623153,0.06601398023768469,1.2121118307113647,1.1468994617462158,1.4637444019317627,-0.06521236896514893,0.25163257122039795,-0.15842247009277344,0.09321010112762451,0.15842247009277344,True,enc_s2,encoder,2,8,0.004066040040925145,0.0033416476799175143,0.003303401288576424,0.001713826452032663,0.6017645959904103,0.6584324911002217
pampas_2020-01-15T12:00:00,pampas,synoptic,hotspot,t1,q850_trace,precip_only,precip,-37.02252252252252,299.67102679969264,0.00044189963955432177,1.0,850,0.0,0.04090821996551063,1.0,0.9339860197623153,0.06601398023768469,1.2121118307113647,1.1468994617462158,1.4637444019317627,-0.06521236896514893,0.25163257122039795,-0.15842247009277344,0.09321010112762451,0.15842247009277344,True,dec_s0,decoder,0,8,0.0058263931423425674,0.004925961140543222,0.004789640486706048,0.0024831884948071092,0.600984574655949,0.6587885533331557
pampas_2020-01-15T12:00:00,pampas,synoptic,hotspot,t1,q850_trace,precip_only,precip,-37.02252252252252,299.67102679969264,0.00044189963955432177,1.0,850,0.0,0.04090821996551063,1.0,0.9339860197623153,0.06601398023768469,1.2121118307113647,1.1468994617462158,1.4637444019317627,-0.06521236896514893,0.25163257122039795,-0.15842247009277344,0.09321010112762451,0.15842247009277344,True,dec_s1,decoder,1,10,0.0077324163168668745,0.006852724752388894,0.006319198245182634,0.003666455391794443,0.5351605886005089,0.6340035723316787
pampas_2020-01-15T12:00:00,pampas,synoptic,hotspot,t1,q850_trace,precip_only,precip,-37.02252252252252,299.67102679969264,0.00044189963955432177,1.0,850,0.0,0.04090821996551063,1.0,0.9339860197623153,0.06601398023768469,1.2121118307113647,1.1468994617462158,1.4637444019317627,-0.06521236896514893,0.25163257122039795,-0.15842247009277344,0.09321010112762451,0.15842247009277344,True,dec_s2,decoder,2,6,0.029321254851917427,0.025747655890882015,0.02472369248668353,0.012249127185593048,0.6459333788849466,0.6688667366379907
pampas_2020-01-15T12:00:00,pampas,synoptic,low_near,t1,q850_trace,precip_zwd,precip,-52.02252252252252,304.67102679969264,3.6554443795466796e-05,1.0,850,0.0,0.013561741613133477,1.0,0.9955566976049219,0.004443302395078061,1.3104612827301025,1.2915489673614502,1.315286636352539,-0.018912315368652344,0.0048253536224365234,-0.011868834495544434,-0.00704348087310791,0.011868834495544434,True,enc_s0,encoder,0,6,0.016425192976991337,0.01777486813565095,0.016388459131121635,0.0049492428079247475,0.83837526797661,0.7676382004927068
pampas_2020-01-15T12:00:00,pampas,synoptic,low_near,t1,q850_trace,precip_zwd,precip,-52.02252252252252,304.67102679969264,3.6554443795466796e-05,1.0,850,0.0,0.013561741613133477,1.0,0.9955566976049219,0.004443302395078061,1.3104612827301025,1.2915489673614502,1.315286636352539,-0.018912315368652344,0.0048253536224365234,-0.011868834495544434,-0.00704348087310791,0.011868834495544434,True,enc_s1,encoder,1,10,0.01441482100635767,0.0107964675873518,0.011152194440364837,0.006107957195490598,0.5791755313787057,0.6525764156023037
pampas_2020-01-15T12:00:00,pampas,synoptic,low_near,t1,q850_trace,precip_zwd,precip,-52.02252252252252,304.67102679969264,3.6554443795466796e-05,1.0,850,0.0,0.013561741613133477,1.0,0.9955566976049219,0.004443302395078061,1.3104612827301025,1.2915489673614502,1.315286636352539,-0.018912315368652344,0.0048253536224365234,-0.011868834495544434,-0.00704348087310791,0.011868834495544434,True,enc_s2,encoder,2,8,0.006028040603268892,0.004775709589011967,0.004716633236967027,0.002706704632146284,0.5280932428620324,0.6353976416378342
pampas_2020-01-15T12:00:00,pampas,synoptic,low_near,t1,q850_trace,precip_zwd,precip,-52.02252252252252,304.67102679969264,3.6554443795466796e-05,1.0,850,0.0,0.013561741613133477,1.0,0.9955566976049219,0.004443302395078061,1.3104612827301025,1.2915489673614502,1.315286636352539,-0.018912315368652344,0.0048253536224365234,-0.011868834495544434,-0.00704348087310791,0.011868834495544434,True,dec_s0,decoder,0,8,0.008039971231482923,0.006563556846231222,0.006434056151192635,0.003530374524416402,0.5590853393584154,0.6454982695444045
pampas_2020-01-15T12:00:00,pampas,synoptic,low_near,t1,q850_trace,precip_zwd,precip,-52.02252252252252,304.67102679969264,3.6554443795466796e-05,1.0,850,0.0,0.013561741613133477,1.0,0.9955566976049219,0.004443302395078061,1.3104612827301025,1.2915489673614502,1.315286636352539,-0.018912315368652344,0.0048253536224365234,-0.011868834495544434,-0.00704348087310791,0.011868834495544434,True,dec_s1,decoder,1,10,0.009027379145845772,0.009390625031664967,0.007735599484294653,0.004991506901569664,0.45989695327224733,0.6149405483414496
pampas_2020-01-15T12:00:00,pampas,synoptic,low_near,t1,q850_trace,precip_zwd,precip,-52.02252252252252,304.67102679969264,3.6554443795466796e-05,1.0,850,0.0,0.013561741613133477,1.0,0.9955566976049219,0.004443302395078061,1.3104612827301025,1.2915489673614502,1.315286636352539,-0.018912315368652344,0.0048253536224365234,-0.011868834495544434,-0.00704348087310791,0.011868834495544434,True,dec_s2,decoder,2,6,0.029198651512463886,0.03165715436140696,0.027296253480017185,0.013500831245134274,0.6369770281625146,0.6691252444818437
pampas_2020-01-15T12:00:00,pampas,synoptic,low_near,t1,q850_trace,precip_only,precip,-52.02252252252252,304.67102679969264,3.6554443795466796e-05,1.0,850,0.0,0.013561741613133477,1.0,0.9955566976049219,0.004443302395078061,1.2121118307113647,1.1798676252365112,1.234619140625,-0.032244205474853516,0.022507309913635254,-0.027375757694244385,-0.004868447780609131,0.027375757694244385,True,enc_s0,encoder,0,6,0.016681876654426258,0.01785820536315441,0.016540251672267914,0.005030329183985789,0.8360472747563779,0.766433739267469
pampas_2020-01-15T12:00:00,pampas,synoptic,low_near,t1,q850_trace,precip_only,precip,-52.02252252252252,304.67102679969264,3.6554443795466796e-05,1.0,850,0.0,0.013561741613133477,1.0,0.9955566976049219,0.004443302395078061,1.2121118307113647,1.1798676252365112,1.234619140625,-0.032244205474853516,0.022507309913635254,-0.027375757694244385,-0.004868447780609131,0.027375757694244385,True,enc_s1,encoder,1,10,0.014902575872838497,0.010920407436788081,0.011345392465591431,0.006434525852091611,0.5578967712355195,0.6449888174925915
pampas_2020-01-15T12:00:00,pampas,synoptic,low_near,t1,q850_trace,precip_only,precip,-52.02252252252252,304.67102679969264,3.6554443795466796e-05,1.0,850,0.0,0.013561741613133477,1.0,0.9955566976049219,0.004443302395078061,1.2121118307113647,1.1798676252365112,1.234619140625,-0.032244205474853516,0.022507309913635254,-0.027375757694244385,-0.004868447780609131,0.027375757694244385,True,enc_s2,encoder,2,8,0.006318362720776349,0.004929796734359115,0.00487616250757128,0.0028872064722236246,0.504868165286927,0.6281128311967772
pampas_2020-01-15T12:00:00,pampas,synoptic,low_near,t1,q850_trace,precip_only,precip,-52.02252252252252,304.67102679969264,3.6554443795466796e-05,1.0,850,0.0,0.013561741613133477,1.0,0.9955566976049219,0.004443302395078061,1.2121118307113647,1.1798676252365112,1.234619140625,-0.032244205474853516,0.022507309913635254,-0.027375757694244385,-0.004868447780609131,0.027375757694244385,True,dec_s0,decoder,0,8,0.008489885367453098,0.006810232240241021,0.006701490201521665,0.0037840329750906676,0.5390393963731308,0.6388965517682432
pampas_2020-01-15T12:00:00,pampas,synoptic,low_near,t1,q850_trace,precip_only,precip,-52.02252252252252,304.67102679969264,3.6554443795466796e-05,1.0,850,0.0,0.013561741613133477,1.0,0.9955566976049219,0.004443302395078061,1.2121118307113647,1.1798676252365112,1.234619140625,-0.032244205474853516,0.022507309913635254,-0.027375757694244385,-0.004868447780609131,0.027375757694244385,True,dec_s1,decoder,1,10,0.009164423868060111,0.009549467405304313,0.0077582408208400015,0.005226177931763232,0.42191724419273813,0.6046283567184837
pampas_2020-01-15T12:00:00,pampas,synoptic,low_near,t1,q850_trace,precip_only,precip,-52.02252252252252,304.67102679969264,3.6554443795466796e-05,1.0,850,0.0,0.013561741613133477,1.0,0.9955566976049219,0.004443302395078061,1.2121118307113647,1.1798676252365112,1.234619140625,-0.032244205474853516,0.022507309913635254,-0.027375757694244385,-0.004868447780609131,0.027375757694244385,True,dec_s2,decoder,2,6,0.03045705488572518,0.03305905250211557,0.028219654224812984,0.014623394856850306,0.6050515876989963,0.658836020376309
pampas_2020-01-15T12:00:00,pampas,synoptic,hotspot,t1,q850_trace,precip_zwd,zwd,-37.02252252252252,299.67102679969264,0.00044189963955432177,1.0,850,0.0,0.04090821996551063,1.0,0.9339860197623153,0.06601398023768469,218.17417907714844,214.01580810546875,221.4400177001953,-4.1583709716796875,3.265838623046875,-3.7121047973632812,-0.44626617431640625,3.7121047973632812,True,enc_s0,encoder,0,6,0.012943005034079155,0.01278290105983615,0.012454571047176918,0.003215323823193709,0.8778584261711404,0.7940631256786655
pampas_2020-01-15T12:00:00,pampas,synoptic,hotspot,t1,q850_trace,precip_zwd,zwd,-37.02252252252252,299.67102679969264,0.00044189963955432177,1.0,850,0.0,0.04090821996551063,1.0,0.9339860197623153,0.06601398023768469,218.17417907714844,214.01580810546875,221.4400177001953,-4.1583709716796875,3.265838623046875,-3.7121047973632812,-0.44626617431640625,3.7121047973632812,True,enc_s1,encoder,1,10,0.00949460407719016,0.007755779754370451,0.007864043721929193,0.0036068605608306826,0.6931387533047582,0.6955450532832168
pampas_2020-01-15T12:00:00,pampas,synoptic,hotspot,t1,q850_trace,precip_zwd,zwd,-37.02252252252252,299.67102679969264,0.00044189963955432177,1.0,850,0.0,0.04090821996551063,1.0,0.9339860197623153,0.06601398023768469,218.17417907714844,214.01580810546875,221.4400177001953,-4.1583709716796875,3.265838623046875,-3.7121047973632812,-0.44626617431640625,3.7121047973632812,True,enc_s2,encoder,2,8,0.0039551162626594305,0.0032463821989949793,0.0032236260594800115,0.0016429283132310957,0.6144653696955094,0.6624379173510314
pampas_2020-01-15T12:00:00,pampas,synoptic,hotspot,t1,q850_trace,precip_zwd,zwd,-37.02252252252252,299.67102679969264,0.00044189963955432177,1.0,850,0.0,0.04090821996551063,1.0,0.9339860197623153,0.06601398023768469,218.17417907714844,214.01580810546875,221.4400177001953,-4.1583709716796875,3.265838623046875,-3.7121047973632812,-0.44626617431640625,3.7121047973632812,True,dec_s0,decoder,0,8,0.00568295584525913,0.004777209949679673,0.0046704459527973086,0.0023971320333657786,0.609128568421307,0.6610925809151089
pampas_2020-01-15T12:00:00,pampas,synoptic,hotspot,t1,q850_trace,precip_zwd,zwd,-37.02252252252252,299.67102679969264,0.00044189963955432177,1.0,850,0.0,0.04090821996551063,1.0,0.9339860197623153,0.06601398023768469,218.17417907714844,214.01580810546875,221.4400177001953,-4.1583709716796875,3.265838623046875,-3.7121047973632812,-0.44626617431640625,3.7121047973632812,True,dec_s1,decoder,1,10,0.007769321231171489,0.0068487283308058975,0.006362066767178476,0.003627334092743695,0.5494960563842083,0.6378484739961368
pampas_2020-01-15T12:00:00,pampas,synoptic,hotspot,t1,q850_trace,precip_zwd,zwd,-37.02252252252252,299.67102679969264,0.00044189963955432177,1.0,850,0.0,0.04090821996551063,1.0,0.9339860197623153,0.06601398023768469,218.17417907714844,214.01580810546875,221.4400177001953,-4.1583709716796875,3.265838623046875,-3.7121047973632812,-0.44626617431640625,3.7121047973632812,True,dec_s2,decoder,2,6,0.028713942505419254,0.024978543631732464,0.024170259945094585,0.011831819855918487,0.6555185040919311,0.6714554903834911
pampas_2020-01-15T12:00:00,pampas,synoptic,low_near,t1,q850_trace,precip_zwd,zwd,-52.02252252252252,304.67102679969264,3.6554443795466796e-05,1.0,850,0.0,0.013561741613133477,1.0,0.9955566976049219,0.004443302395078061,218.17417907714844,219.3062286376953,217.6150360107422,1.132049560546875,-0.55914306640625,0.8455963134765625,0.2864532470703125,0.8455963134765625,True,enc_s0,encoder,0,6,0.016425192976991337,0.01777486813565095,0.016388459131121635,0.0049492428079247475,0.83837526797661,0.7676382004927068
pampas_2020-01-15T12:00:00,pampas,synoptic,low_near,t1,q850_trace,precip_zwd,zwd,-52.02252252252252,304.67102679969264,3.6554443795466796e-05,1.0,850,0.0,0.013561741613133477,1.0,0.9955566976049219,0.004443302395078061,218.17417907714844,219.3062286376953,217.6150360107422,1.132049560546875,-0.55914306640625,0.8455963134765625,0.2864532470703125,0.8455963134765625,True,enc_s1,encoder,1,10,0.01441482100635767,0.0107964675873518,0.011152194440364837,0.006107957195490598,0.5791755313787057,0.6525764156023037
pampas_2020-01-15T12:00:00,pampas,synoptic,low_near,t1,q850_trace,precip_zwd,zwd,-52.02252252252252,304.67102679969264,3.6554443795466796e-05,1.0,850,0.0,0.013561741613133477,1.0,0.9955566976049219,0.004443302395078061,218.17417907714844,219.3062286376953,217.6150360107422,1.132049560546875,-0.55914306640625,0.8455963134765625,0.2864532470703125,0.8455963134765625,True,enc_s2,encoder,2,8,0.006028040603268892,0.004775709589011967,0.004716633236967027,0.002706704632146284,0.5280932428620324,0.6353976416378342
pampas_2020-01-15T12:00:00,pampas,synoptic,low_near,t1,q850_trace,precip_zwd,zwd,-52.02252252252252,304.67102679969264,3.6554443795466796e-05,1.0,850,0.0,0.013561741613133477,1.0,0.9955566976049219,0.004443302395078061,218.17417907714844,219.3062286376953,217.6150360107422,1.132049560546875,-0.55914306640625,0.8455963134765625,0.2864532470703125,0.8455963134765625,True,dec_s0,decoder,0,8,0.008039971231482923,0.006563556846231222,0.006434056151192635,0.003530374524416402,0.5590853393584154,0.6454982695444045
pampas_2020-01-15T12:00:00,pampas,synoptic,low_near,t1,q850_trace,precip_zwd,zwd,-52.02252252252252,304.67102679969264,3.6554443795466796e-05,1.0,850,0.0,0.013561741613133477,1.0,0.9955566976049219,0.004443302395078061,218.17417907714844,219.3062286376953,217.6150360107422,1.132049560546875,-0.55914306640625,0.8455963134765625,0.2864532470703125,0.8455963134765625,True,dec_s1,decoder,1,10,0.009027379145845772,0.009390625031664967,0.007735599484294653,0.004991506901569664,0.45989695327224733,0.6149405483414496
pampas_2020-01-15T12:00:00,pampas,synoptic,low_near,t1,q850_trace,precip_zwd,zwd,-52.02252252252252,304.67102679969264,3.6554443795466796e-05,1.0,850,0.0,0.013561741613133477,1.0,0.9955566976049219,0.004443302395078061,218.17417907714844,219.3062286376953,217.6150360107422,1.132049560546875,-0.55914306640625,0.8455963134765625,0.2864532470703125,0.8455963134765625,True,dec_s2,decoder,2,6,0.029198651512463886,0.03165715436140696,0.027296253480017185,0.013500831245134274,0.6369770281625146,0.6691252444818437
pyrenees_2020-03-02T06:00:00,pyrenees,local,hotspot,t1,q850_trace,precip_zwd,precip,42.72747747747748,0.8288408933144389,7.217795064207166e-05,1.0,850,0.0,0.0,1.0000000683996446,1.0000000683996446,0.0,3.250993490219116,3.558389186859131,2.9849021434783936,0.30739569664001465,-0.26609134674072266,0.28674352169036865,0.020652174949645996,0.28674352169036865,True,enc_s0,encoder,0,6,0.0053742580736676855,0.005320265423506498,0.005174653837457299,0.0013470599660649896,0.8828611044089331,0.7928835265956377
pyrenees_2020-03-02T06:00:00,pyrenees,local,hotspot,t1,q850_trace,precip_zwd,precip,42.72747747747748,0.8288408933144389,7.217795064207166e-05,1.0,850,0.0,0.0,1.0000000683996446,1.0000000683996446,0.0,3.250993490219116,3.558389186859131,2.9849021434783936,0.30739569664001465,-0.26609134674072266,0.28674352169036865,0.020652174949645996,0.28674352169036865,True,enc_s1,encoder,1,10,0.005499194120056927,0.003971502464264631,0.004077790188603103,0.0024806119268760084,0.5380579155992729,0.6391587973442129
pyrenees_2020-03-02T06:00:00,pyrenees,local,hotspot,t1,q850_trace,precip_zwd,precip,42.72747747747748,0.8288408933144389,7.217795064207166e-05,1.0,850,0.0,0.0,1.0000000683996446,1.0000000683996446,0.0,3.250993490219116,3.558389186859131,2.9849021434783936,0.30739569664001465,-0.26609134674072266,0.28674352169036865,0.020652174949645996,0.28674352169036865,True,enc_s2,encoder,2,8,0.0022692931815981865,0.0018044098105747253,0.0017023304244503379,0.0011425041302572936,0.3993541558566108,0.598266168610913
pyrenees_2020-03-02T06:00:00,pyrenees,local,hotspot,t1,q850_trace,precip_zwd,precip,42.72747747747748,0.8288408933144389,7.217795064207166e-05,1.0,850,0.0,0.0,1.0000000683996446,1.0000000683996446,0.0,3.250993490219116,3.558389186859131,2.9849021434783936,0.30739569664001465,-0.26609134674072266,0.28674352169036865,0.020652174949645996,0.28674352169036865,True,dec_s0,decoder,0,8,0.0034250806202180684,0.0029426603578031063,0.0026290123350918293,0.001811954120057635,0.3740777710416259,0.5925379543558587
pyrenees_2020-03-02T06:00:00,pyrenees,local,hotspot,t1,q850_trace,precip_zwd,precip,42.72747747747748,0.8288408933144389,7.217795064207166e-05,1.0,850,0.0,0.0,1.0000000683996446,1.0000000683996446,0.0,3.250993490219116,3.558389186859131,2.9849021434783936,0.30739569664001465,-0.26609134674072266,0.28674352169036865,0.020652174949645996,0.28674352169036865,True,dec_s1,decoder,1,10,0.0036505827214568854,0.0036821425892412663,0.002738401119131595,0.0024375216220505536,0.1111593483593574,0.5265302891517508
pyrenees_2020-03-02T06:00:00,pyrenees,local,hotspot,t1,q850_trace,precip_zwd,precip,42.72747747747748,0.8288408933144389,7.217795064207166e-05,1.0,850,0.0,0.0,1.0000000683996446,1.0000000683996446,0.0,3.250993490219116,3.558389186859131,2.9849021434783936,0.30739569664001465,-0.26609134674072266,0.28674352169036865,0.020652174949645996,0.28674352169036865,True,dec_s2,decoder,2,6,0.01135342459504803,0.011648320592939854,0.009364086048056683,0.006678852175051968,0.3725135252353183,0.5837107481181478
pyrenees_2020-03-02T06:00:00,pyrenees,local,hotspot,t1,q850_trace,precip_only,precip,42.72747747747748,0.8288408933144389,7.217795064207166e-05,1.0,850,0.0,0.0,1.0000000683996446,1.0000000683996446,0.0,2.9173831939697266,3.162339448928833,2.6534852981567383,0.24495625495910645,-0.2638978958129883,0.25442707538604736,-0.009470820426940918,0.25442707538604736,True,enc_s0,encoder,0,6,0.00543465946490566,0.0052801931742578745,0.0051843222851554556,0.001353645386795203,0.8828249754478393,0.7925103665394421
pyrenees_2020-03-02T06:00:00,pyrenees,local,hotspot,t1,q850_trace,precip_only,precip,42.72747747747748,0.8288408933144389,7.217795064207166e-05,1.0,850,0.0,0.0,1.0000000683996446,1.0000000683996446,0.0,2.9173831939697266,3.162339448928833,2.6534852981567383,0.24495625495910645,-0.2638978958129883,0.25442707538604736,-0.009470820426940918,0.25442707538604736,True,enc_s1,encoder,1,10,0.00560152071993798,0.003992359177209437,0.004127564234659075,0.0025302381545770913,0.5336088257807912,0.6368733647371476
pyrenees_2020-03-02T06:00:00,pyrenees,local,hotspot,t1,q850_trace,precip_only,precip,42.72747747747748,0.8288408933144389,7.217795064207166e-05,1.0,850,0.0,0.0,1.0000000683996446,1.0000000683996446,0.0,2.9173831939697266,3.162339448928833,2.6534852981567383,0.24495625495910645,-0.2638978958129883,0.25442707538604736,-0.009470820426940918,0.25442707538604736,True,enc_s2,encoder,2,8,0.002347447181819007,0.0018635751912370324,0.001756079713231884,0.001186748151667416,0.3932228797410846,0.5966323361855778
pyrenees_2020-03-02T06:00:00,pyrenees,local,hotspot,t1,q850_trace,precip_only,precip,42.72747747747748,0.8288408933144389,7.217795064207166e-05,1.0,850,0.0,0.0,1.0000000683996446,1.0000000683996446,0.0,2.9173831939697266,3.162339448928833,2.6534852981567383,0.24495625495910645,-0.2638978958129883,0.25442707538604736,-0.009470820426940918,0.25442707538604736,True,dec_s0,decoder,0,8,0.0035551159526221454,0.0030526317714247853,0.002721141296206042,0.0018904531316366047,0.36667876455322546,0.5906124053053075
pyrenees_2020-03-02T06:00:00,pyrenees,local,hotspot,t1,q850_trace,precip_only,precip,42.72747747747748,0.8288408933144389,7.217795064207166e-05,1.0,850,0.0,0.0,1.0000000683996446,1.0000000683996446,0.0,2.9173831939697266,3.162339448928833,2.6534852981567383,0.24495625495910645,-0.2638978958129883,0.25442707538604736,-0.009470820426940918,0.25442707538604736,True,dec_s1,decoder,1,10,0.003655579360201955,0.0037485518958419563,0.0027691933559253813,0.002457219851203263,0.11506247595509045,0.5274563618742303
pyrenees_2020-03-02T06:00:00,pyrenees,local,hotspot,t1,q850_trace,precip_only,precip,42.72747747747748,0.8288408933144389,7.217795064207166e-05,1.0,850,0.0,0.0,1.0000000683996446,1.0000000683996446,0.0,2.9173831939697266,3.162339448928833,2.6534852981567383,0.24495625495910645,-0.2638978958129883,0.25442707538604736,-0.009470820426940918,0.25442707538604736,True,dec_s2,decoder,2,6,0.01159610521669189,0.012269559316337109,0.00974134961143136,0.006900555764635404,0.37998701586101197,0.5853897266991883
pyrenees_2020-03-02T06:00:00,pyrenees,local,low_near,t1,q850_trace,precip_zwd,precip,57.72747747747748,8.328840893314439,1.4653957123300643e-06,1.0,850,0.0,0.06699446834665028,1.0,0.9108515850987995,0.08914841490120048,3.250993490219116,3.254871129989624,3.2568860054016113,0.0038776397705078125,0.005892515182495117,-0.0010074377059936523,0.004885077476501465,0.004885077476501465,False,enc_s0,encoder,0,6,0.00995236619686087,0.010009024447451035,0.009397735819220543,0.0033773865240315595,0.775972538653411,0.7351506246673302
pyrenees_2020-03-02T06:00:00,pyrenees,local,low_near,t1,q850_trace,precip_zwd,precip,57.72747747747748,8.328840893314439,1.4653957123300643e-06,1.0,850,0.0,0.06699446834665028,1.0,0.9108515850987995,0.08914841490120048,3.250993490219116,3.254871129989624,3.2568860054016113,0.0038776397705078125,0.005892515182495117,-0.0010074377059936523,0.004885077476501465,0.004885077476501465,False,enc_s1,encoder,1,10,0.008953457325696945,0.006130819674581289,0.006223044591024518,0.004432322876527906,0.39594042715752475,0.5963245306406804
pyrenees_2020-03-02T06:00:00,pyrenees,local,low_near,t1,q850_trace,precip_zwd,precip,57.72747747747748,8.328840893314439,1.4653957123300643e-06,1.0,850,0.0,0.06699446834665028,1.0,0.9108515850987995,0.08914841490120048,3.250993490219116,3.254871129989624,3.2568860054016113,0.0038776397705078125,0.005892515182495117,-0.0010074377059936523,0.004885077476501465,0.004885077476501465,False,enc_s2,encoder,2,8,0.004000401444500312,0.0027866000309586525,0.002804588060826063,0.002004466368816793,0.35525056752404305,0.5833577832980381
pyrenees_2020-03-02T06:00:00,pyrenees,local,low_near,t1,q850_trace,precip_zwd,precip,57.72747747747748,8.328840893314439,1.4653957123300643e-06,1.0,850,0.0,0.06699446834665028,1.0,0.9108515850987995,0.08914841490120048,3.250993490219116,3.254871129989624,3.2568860054016113,0.0038776397705078125,0.005892515182495117,-0.0010074377059936523,0.004885077476501465,0.004885077476501465,False,dec_s0,decoder,0,8,0.005626977712381631,0.003842246427666396,0.0038062781968619674,0.0029538410890381783,0.2778862386077732,0.5633727152110013
pyrenees_2020-03-02T06:00:00,pyrenees,local,low_near,t1,q850_trace,precip_zwd,precip,57.72747747747748,8.328840893314439,1.4653957123300643e-06,1.0,850,0.0,0.06699446834665028,1.0,0.9108515850987995,0.08914841490120048,3.250993490219116,3.254871129989624,3.2568860054016113,0.0038776397705078125,0.005892515182495117,-0.0010074377059936523,0.004885077476501465,0.004885077476501465,False,dec_s1,decoder,1,10,0.005475921253673732,0.006035361182875931,0.004446254298090935,0.0036685584695078433,0.21852815427795402,0.5507111561481424
pyrenees_2020-03-02T06:00:00,pyrenees,local,low_near,t1,q850_trace,precip_zwd,precip,57.72747747747748,8.328840893314439,1.4653957123300643e-06,1.0,850,0.0,0.06699446834665028,1.0,0.9108515850987995,0.08914841490120048,3.250993490219116,3.254871129989624,3.2568860054016113,0.0038776397705078125,0.005892515182495117,-0.0010074377059936523,0.004885077476501465,0.004885077476501465,False,dec_s2,decoder,2,6,0.01570424096037944,0.01763996450851361,0.01395029698808988,0.00918001557389895,0.45917602929461093,0.6032105384515621
pyrenees_2020-03-02T06:00:00,pyrenees,local,low_near,t1,q850_trace,precip_only,precip,57.72747747747748,8.328840893314439,1.4653957123300643e-06,1.0,850,0.0,0.06699446834665028,1.0,0.9108515850987995,0.08914841490120048,2.9173831939697266,2.922027349472046,2.916212797164917,0.004644155502319336,-0.0011703968048095703,0.002907276153564453,0.0017368793487548828,0.002907276153564453,True,enc_s0,encoder,0,6,0.010093209333717823,0.010076191276311874,0.00947958572457234,0.003458950862598916,0.7698587868478902,0.7322263057660092
pyrenees_2020-03-02T06:00:00,pyrenees,local,low_near,t1,q850_trace,precip_only,precip,57.72747747747748,8.328840893314439,1.4653957123300643e-06,1.0,850,0.0,0.06699446834665028,1.0,0.9108515850987995,0.08914841490120048,2.9173831939697266,2.922027349472046,2.916212797164917,0.004644155502319336,-0.0011703968048095703,0.002907276153564453,0.0017368793487548828,0.002907276153564453,True,enc_s1,encoder,1,10,0.009230751264840364,0.006198922591283918,0.006323896301910281,0.0046053247060626745,0.37848537424318274,0.5915547028731081
pyrenees_2020-03-02T06:00:00,pyrenees,local,low_near,t1,q850_trace,precip_only,precip,57.72747747747748,8.328840893314439,1.4653957123300643e-06,1.0,850,0.0,0.06699446834665028,1.0,0.9108515850987995,0.08914841490120048,2.9173831939697266,2.922027349472046,2.916212797164917,0.004644155502319336,-0.0011703968048095703,0.002907276153564453,0.0017368793487548828,0.002907276153564453,True,enc_s2,encoder,2,8,0.004247760633006692,0.002882239787140861,0.0029341202171053737,0.0021367559966165572,0.340664933604434,0.578801156464721
pyrenees_2020-03-02T06:00:00,pyrenees,local,low_near,t1,q850_trace,precip_only,precip,57.72747747747748,8.328840893314439,1.4653957123300643e-06,1.0,850,0.0,0.06699446834665028,1.0,0.9108515850987995,0.08914841490120048,2.9173831939697266,2.922027349472046,2.916212797164917,0.004644155502319336,-0.0011703968048095703,0.002907276153564453,0.0017368793487548828,0.002907276153564453,True,dec_s0,decoder,0,8,0.006216331094037741,0.003989016084233299,0.004079263308085501,0.003261438454501331,0.25226441585945847,0.5560368679623662
pyrenees_2020-03-02T06:00:00,pyrenees,local,low_near,t1,q850_trace,precip_only,precip,57.72747747747748,8.328840893314439,1.4653957123300643e-06,1.0,850,0.0,0.06699446834665028,1.0,0.9108515850987995,0.08914841490120048,2.9173831939697266,2.922027349472046,2.916212797164917,0.004644155502319336,-0.0011703968048095703,0.002907276153564453,0.0017368793487548828,0.002907276153564453,True,dec_s1,decoder,1,10,0.005521764908917248,0.006009946507401764,0.0043922812212258576,0.003746898320969194,0.18204700203086327,0.5421409226775804
pyrenees_2020-03-02T06:00:00,pyrenees,local,low_near,t1,q850_trace,precip_only,precip,57.72747747747748,8.328840893314439,1.4653957123300643e-06,1.0,850,0.0,0.06699446834665028,1.0,0.9108515850987995,0.08914841490120048,2.9173831939697266,2.922027349472046,2.916212797164917,0.004644155502319336,-0.0011703968048095703,0.002907276153564453,0.0017368793487548828,0.002907276153564453,True,dec_s2,decoder,2,6,0.016366216043631237,0.018674325818816822,0.014506866379330555,0.00988913762072722,0.4244092349660613,0.5949735361262126
pyrenees_2020-03-02T06:00:00,pyrenees,local,hotspot,t1,q850_trace,precip_zwd,zwd,42.72747747747748,0.8288408933144389,7.217795064207166e-05,1.0,850,0.0,0.0,1.0000000683996446,1.0000000683996446,0.0,60.19688034057617,57.355106353759766,66.1746597290039,-2.8417739868164062,5.977779388427734,-4.40977668762207,1.568002700805664,4.40977668762207,True,enc_s0,encoder,0,6,0.0053742580736676855,0.005320265423506498,0.005174653837457299,0.0013470599660649896,0.8828611044089331,0.7928835265956377
pyrenees_2020-03-02T06:00:00,pyrenees,local,hotspot,t1,q850_trace,precip_zwd,zwd,42.72747747747748,0.8288408933144389,7.217795064207166e-05,1.0,850,0.0,0.0,1.0000000683996446,1.0000000683996446,0.0,60.19688034057617,57.355106353759766,66.1746597290039,-2.8417739868164062,5.977779388427734,-4.40977668762207,1.568002700805664,4.40977668762207,True,enc_s1,encoder,1,10,0.005499194120056927,0.003971502464264631,0.004077790188603103,0.0024806119268760084,0.5380579155992729,0.6391587973442129
pyrenees_2020-03-02T06:00:00,pyrenees,local,hotspot,t1,q850_trace,precip_zwd,zwd,42.72747747747748,0.8288408933144389,7.217795064207166e-05,1.0,850,0.0,0.0,1.0000000683996446,1.0000000683996446,0.0,60.19688034057617,57.355106353759766,66.1746597290039,-2.8417739868164062,5.977779388427734,-4.40977668762207,1.568002700805664,4.40977668762207,True,enc_s2,encoder,2,8,0.0022692931815981865,0.0018044098105747253,0.0017023304244503379,0.0011425041302572936,0.3993541558566108,0.598266168610913
pyrenees_2020-03-02T06:00:00,pyrenees,local,hotspot,t1,q850_trace,precip_zwd,zwd,42.72747747747748,0.8288408933144389,7.217795064207166e-05,1.0,850,0.0,0.0,1.0000000683996446,1.0000000683996446,0.0,60.19688034057617,57.355106353759766,66.1746597290039,-2.8417739868164062,5.977779388427734,-4.40977668762207,1.568002700805664,4.40977668762207,True,dec_s0,decoder,0,8,0.0034250806202180684,0.0029426603578031063,0.0026290123350918293,0.001811954120057635,0.3740777710416259,0.5925379543558587
pyrenees_2020-03-02T06:00:00,pyrenees,local,hotspot,t1,q850_trace,precip_zwd,zwd,42.72747747747748,0.8288408933144389,7.217795064207166e-05,1.0,850,0.0,0.0,1.0000000683996446,1.0000000683996446,0.0,60.19688034057617,57.355106353759766,66.1746597290039,-2.8417739868164062,5.977779388427734,-4.40977668762207,1.568002700805664,4.40977668762207,True,dec_s1,decoder,1,10,0.0036505827214568854,0.0036821425892412663,0.002738401119131595,0.0024375216220505536,0.1111593483593574,0.5265302891517508
pyrenees_2020-03-02T06:00:00,pyrenees,local,hotspot,t1,q850_trace,precip_zwd,zwd,42.72747747747748,0.8288408933144389,7.217795064207166e-05,1.0,850,0.0,0.0,1.0000000683996446,1.0000000683996446,0.0,60.19688034057617,57.355106353759766,66.1746597290039,-2.8417739868164062,5.977779388427734,-4.40977668762207,1.568002700805664,4.40977668762207,True,dec_s2,decoder,2,6,0.01135342459504803,0.011648320592939854,0.009364086048056683,0.006678852175051968,0.3725135252353183,0.5837107481181478
pyrenees_2020-03-02T06:00:00,pyrenees,local,low_near,t1,q850_trace,precip_zwd,zwd,57.72747747747748,8.328840893314439,1.4653957123300643e-06,1.0,850,0.0,0.06699446834665028,1.0,0.9108515850987995,0.08914841490120048,60.19688034057617,60.20480728149414,60.159217834472656,0.00792694091796875,-0.037662506103515625,0.022794723510742188,-0.014867782592773438,0.022794723510742188,True,enc_s0,encoder,0,6,0.00995236619686087,0.010009024447451035,0.009397735819220543,0.0033773865240315595,0.775972538653411,0.7351506246673302
pyrenees_2020-03-02T06:00:00,pyrenees,local,low_near,t1,q850_trace,precip_zwd,zwd,57.72747747747748,8.328840893314439,1.4653957123300643e-06,1.0,850,0.0,0.06699446834665028,1.0,0.9108515850987995,0.08914841490120048,60.19688034057617,60.20480728149414,60.159217834472656,0.00792694091796875,-0.037662506103515625,0.022794723510742188,-0.014867782592773438,0.022794723510742188,True,enc_s1,encoder,1,10,0.008953457325696945,0.006130819674581289,0.006223044591024518,0.004432322876527906,0.39594042715752475,0.5963245306406804
pyrenees_2020-03-02T06:00:00,pyrenees,local,low_near,t1,q850_trace,precip_zwd,zwd,57.72747747747748,8.328840893314439,1.4653957123300643e-06,1.0,850,0.0,0.06699446834665028,1.0,0.9108515850987995,0.08914841490120048,60.19688034057617,60.20480728149414,60.159217834472656,0.00792694091796875,-0.037662506103515625,0.022794723510742188,-0.014867782592773438,0.022794723510742188,True,enc_s2,encoder,2,8,0.004000401444500312,0.0027866000309586525,0.002804588060826063,0.002004466368816793,0.35525056752404305,0.5833577832980381
pyrenees_2020-03-02T06:00:00,pyrenees,local,low_near,t1,q850_trace,precip_zwd,zwd,57.72747747747748,8.328840893314439,1.4653957123300643e-06,1.0,850,0.0,0.06699446834665028,1.0,0.9108515850987995,0.08914841490120048,60.19688034057617,60.20480728149414,60.159217834472656,0.00792694091796875,-0.037662506103515625,0.022794723510742188,-0.014867782592773438,0.022794723510742188,True,dec_s0,decoder,0,8,0.005626977712381631,0.003842246427666396,0.0038062781968619674,0.0029538410890381783,0.2778862386077732,0.5633727152110013
pyrenees_2020-03-02T06:00:00,pyrenees,local,low_near,t1,q850_trace,precip_zwd,zwd,57.72747747747748,8.328840893314439,1.4653957123300643e-06,1.0,850,0.0,0.06699446834665028,1.0,0.9108515850987995,0.08914841490120048,60.19688034057617,60.20480728149414,60.159217834472656,0.00792694091796875,-0.037662506103515625,0.022794723510742188,-0.014867782592773438,0.022794723510742188,True,dec_s1,decoder,1,10,0.005475921253673732,0.006035361182875931,0.004446254298090935,0.0036685584695078433,0.21852815427795402,0.5507111561481424
pyrenees_2020-03-02T06:00:00,pyrenees,local,low_near,t1,q850_trace,precip_zwd,zwd,57.72747747747748,8.328840893314439,1.4653957123300643e-06,1.0,850,0.0,0.06699446834665028,1.0,0.9108515850987995,0.08914841490120048,60.19688034057617,60.20480728149414,60.159217834472656,0.00792694091796875,-0.037662506103515625,0.022794723510742188,-0.014867782592773438,0.022794723510742188,True,dec_s2,decoder,2,6,0.01570424096037944,0.01763996450851361,0.01395029698808988,0.00918001557389895,0.45917602929461093,0.6032105384515621
pyrenees_2020-03-02T06:00:00,pyrenees,synoptic,hotspot,t1,q850_trace,precip_zwd,precip,45.22747747747748,0.8288408933144389,0.0001437571772839874,1.0,850,0.0,0.012760203937917242,1.0,0.9948278459462083,0.005172154053791641,3.250993490219116,3.5858497619628906,2.7209858894348145,0.3348562717437744,-0.5300076007843018,0.4324319362640381,-0.09757566452026367,0.4324319362640381,True,enc_s0,encoder,0,6,0.016490984087189037,0.01744237480064233,0.016267483588308096,0.0048617476131767035,0.8399405066966854,0.7693296372743309
pyrenees_2020-03-02T06:00:00,pyrenees,synoptic,hotspot,t1,q850_trace,precip_zwd,precip,45.22747747747748,0.8288408933144389,0.0001437571772839874,1.0,850,0.0,0.012760203937917242,1.0,0.9948278459462083,0.005172154053791641,3.250993490219116,3.5858497619628906,2.7209858894348145,0.3348562717437744,-0.5300076007843018,0.4324319362640381,-0.09757566452026367,0.4324319362640381,True,enc_s1,encoder,1,10,0.014168046694248915,0.010310131590813398,0.010700969770550729,0.006189379026181996,0.5494372791548267,0.6423412264333045
pyrenees_2020-03-02T06:00:00,pyrenees,synoptic,hotspot,t1,q850_trace,precip_zwd,precip,45.22747747747748,0.8288408933144389,0.0001437571772839874,1.0,850,0.0,0.012760203937917242,1.0,0.9948278459462083,0.005172154053791641,3.250993490219116,3.5858497619628906,2.7209858894348145,0.3348562717437744,-0.5300076007843018,0.4324319362640381,-0.09757566452026367,0.4324319362640381,True,enc_s2,encoder,2,8,0.005864810198545456,0.0044202597928233445,0.004400649340823293,0.002757325244601816,0.4662215405893344,0.6149035754511514
pyrenees_2020-03-02T06:00:00,pyrenees,synoptic,hotspot,t1,q850_trace,precip_zwd,precip,45.22747747747748,0.8288408933144389,0.0001437571772839874,1.0,850,0.0,0.012760203937917242,1.0,0.9948278459462083,0.005172154053791641,3.250993490219116,3.5858497619628906,2.7209858894348145,0.3348562717437744,-0.5300076007843018,0.4324319362640381,-0.09757566452026367,0.4324319362640381,True,dec_s0,decoder,0,8,0.008517591806594282,0.006498656934127212,0.006373333162628114,0.0040954021096695215,0.444009893830824,0.6089088599191694
pyrenees_2020-03-02T06:00:00,pyrenees,synoptic,hotspot,t1,q850_trace,precip_zwd,precip,45.22747747747748,0.8288408933144389,0.0001437571772839874,1.0,850,0.0,0.012760203937917242,1.0,0.9948278459462083,0.005172154053791641,3.250993490219116,3.5858497619628906,2.7209858894348145,0.3348562717437744,-0.5300076007843018,0.4324319362640381,-0.09757566452026367,0.4324319362640381,True,dec_s1,decoder,1,10,0.007537715090438724,0.007919155852869153,0.006416815728880465,0.004311046982184053,0.42113322825178523,0.6013636934846195
pyrenees_2020-03-02T06:00:00,pyrenees,synoptic,hotspot,t1,q850_trace,precip_zwd,precip,45.22747747747748,0.8288408933144389,0.0001437571772839874,1.0,850,0.0,0.012760203937917242,1.0,0.9948278459462083,0.005172154053791641,3.250993490219116,3.5858497619628906,2.7209858894348145,0.3348562717437744,-0.5300076007843018,0.4324319362640381,-0.09757566452026367,0.4324319362640381,True,dec_s2,decoder,2,6,0.02475379065920909,0.027406534180045128,0.023006101759771507,0.012354639048377672,0.6026979156325162,0.6506795913824676
pyrenees_2020-03-02T06:00:00,pyrenees,synoptic,hotspot,t1,q850_trace,precip_only,precip,45.22747747747748,0.8288408933144389,0.0001437571772839874,1.0,850,0.0,0.012760203937917242,1.0,0.9948278459462083,0.005172154053791641,2.9173831939697266,3.2145493030548096,2.2273168563842773,0.297166109085083,-0.6900663375854492,0.4936162233352661,-0.1964501142501831,0.4936162233352661,True,enc_s0,encoder,0,6,0.01663695617268483,0.01739401463419199,0.016295917176951964,0.00493244167106847,0.8358664558281018,0.7671028633752881
pyrenees_2020-03-02T06:00:00,pyrenees,synoptic,hotspot,t1,q850_trace,precip_only,precip,45.22747747747748,0.8288408933144389,0.0001437571772839874,1.0,850,0.0,0.012760203937917242,1.0,0.9948278459462083,0.005172154053791641,2.9173831939697266,3.2145493030548096,2.2273168563842773,0.297166109085083,-0.6900663375854492,0.4936162233352661,-0.1964501142501831,0.4936162233352661,True,enc_s1,encoder,1,10,0.0144311991520226,0.010396531037986278,0.010800789203494787,0.006387761468067766,0.5345736396475719,0.6373801435455853
pyrenees_2020-03-02T06:00:00,pyrenees,synoptic,hotspot,t1,q850_trace,precip_only,precip,45.22747747747748,0.8288408933144389,0.0001437571772839874,1.0,850,0.0,0.012760203937917242,1.0,0.9948278459462083,0.005172154053791641,2.9173831939697266,3.2145493030548096,2.2273168563842773,0.297166109085083,-0.6900663375854492,0.4936162233352661,-0.1964501142501831,0.4936162233352661,True,enc_s2,encoder,2,8,0.006142094265669584,0.00455654674442485,0.004553778097033501,0.0029168726759962738,0.4488021418107365,0.6096762528927013
pyrenees_2020-03-02T06:00:00,pyrenees,synoptic,hotspot,t1,q850_trace,precip_only,precip,45.22747747747748,0.8288408933144389,0.0001437571772839874,1.0,850,0.0,0.012760203937917242,1.0,0.9948278459462083,0.005172154053791641,2.9173831939697266,3.2145493030548096,2.2273168563842773,0.297166109085083,-0.6900663375854492,0.4936162233352661,-0.1964501142501831,0.4936162233352661,True,dec_s0,decoder,0,8,0.009039222204592079,0.006709810812026262,0.006638585065957159,0.004392541799461469,0.42063653672583673,0.6019284658066761
pyrenees_2020-03-02T06:00:00,pyrenees,synoptic,hotspot,t1,q850_trace,precip_only,precip,45.22747747747748,0.8288408933144389,0.0001437571772839874,1.0,850,0.0,0.012760203937917242,1.0,0.9948278459462083,0.005172154053791641,2.9173831939697266,3.2145493030548096,2.2273168563842773,0.297166109085083,-0.6900663375854492,0.4936162233352661,-0.1964501142501831,0.4936162233352661,True,dec_s1,decoder,1,10,0.007574508106335998,0.008093267772346735,0.006435200455598533,0.004475023527629673,0.3896014245940727,0.5932974491321246
pyrenees_2020-03-02T06:00:00,pyrenees,synoptic,hotspot,t1,q850_trace,precip_only,precip,45.22747747747748,0.8288408933144389,0.0001437571772839874,1.0,850,0.0,0.012760203937917242,1.0,0.9948278459462083,0.005172154053791641,2.9173831939697266,3.2145493030548096,2.2273168563842773,0.297166109085083,-0.6900663375854492,0.4936162233352661,-0.1964501142501831,0.4936162233352661,True,dec_s2,decoder,2,6,0.025324093798796337,0.028842367542286713,0.02367364273717006,0.013270867833246788,0.5704157491747552,0.6409705111022436
pyrenees_2020-03-02T06:00:00,pyrenees,synoptic,low_near,t1,q850_trace,precip_zwd,precip,60.22747747747748,0.8288408933144389,1.2209363376314286e-05,1.0,850,0.0,0.10947585850761683,0.9999999357835835,0.8648873753222219,0.1351125691378066,3.250993490219116,3.2547473907470703,3.2540156841278076,0.0037539005279541016,0.0030221939086914062,0.00036585330963134766,0.003388047218322754,0.003388047218322754,False,enc_s0,encoder,0,6,0.023669431917369366,0.02382469518731038,0.022442723934849102,0.007801746483892202,0.786904530362753,0.7416433341003525
pyrenees_2020-03-02T06:00:00,pyrenees,synoptic,low_near,t1,q850_trace,precip_zwd,precip,60.22747747747748,0.8288408933144389,1.2209363376314286e-05,1.0,850,0.0,0.10947585850761683,0.9999999357835835,0.8648873753222219,0.1351125691378066,3.250993490219116,3.2547473907470703,3.2540156841278076,0.0037539005279541016,0.0030221939086914062,0.00036585330963134766,0.003388047218322754,0.003388047218322754,False,enc_s1,encoder,1,10,0.02076634680852294,0.014686354342848063,0.015022904518991709,0.009831505175679923,0.4616232548778617,0.6145288201630509
pyrenees_2020-03-02T06:00:00,pyrenees,synoptic,low_near,t1,q850_trace,precip_zwd,precip,60.22747747747748,0.8288408933144389,1.2209363376314286e-05,1.0,850,0.0,0.10947585850761683,0.9999999357835835,0.8648873753222219,0.1351125691378066,3.250993490219116,3.2547473907470703,3.2540156841278076,0.0037539005279541016,0.0030221939086914062,0.00036585330963134766,0.003388047218322754,0.003388047218322754,False,enc_s2,encoder,2,8,0.008948751026764512,0.006472280074376613,0.006566000985912979,0.004227311379509047,0.44383393224715395,0.6085226662604636
pyrenees_2020-03-02T06:00:00,pyrenees,synoptic,low_near,t1,q850_trace,precip_zwd,precip,60.22747747747748,0.8288408933144389,1.2209363376314286e-05,1.0,850,0.0,0.10947585850761683,0.9999999357835835,0.8648873753222219,0.1351125691378066,3.250993490219116,3.2547473907470703,3.2540156841278076,0.0037539005279541016,0.0030221939086914062,0.00036585330963134766,0.003388047218322754,0.003388047218322754,False,dec_s0,decoder,0,8,0.01320379856042564,0.009305792220402509,0.009587955370079726,0.0062080397037789226,0.44199031354251217,0.6068141075374882
pyrenees_2020-03-02T06:00:00,pyrenees,synoptic,low_near,t1,q850_trace,precip_zwd,precip,60.22747747747748,0.8288408933144389,1.2209363376314286e-05,1.0,850,0.0,0.10947585850761683,0.9999999357835835,0.8648873753222219,0.1351125691378066,3.250993490219116,3.2547473907470703,3.2540156841278076,0.0037539005279541016,0.0030221939086914062,0.00036585330963134766,0.003388047218322754,0.003388047218322754,False,dec_s1,decoder,1,10,0.011506421165540815,0.012137208925560116,0.009754251083359122,0.006683070072904229,0.40209952852945696,0.5986366069039695
pyrenees_2020-03-02T06:00:00,pyrenees,synoptic,low_near,t1,q850_trace,precip_zwd,precip,60.22747747747748,0.8288408933144389,1.2209363376314286e-05,1.0,850,0.0,0.10947585850761683,0.9999999357835835,0.8648873753222219,0.1351125691378066,3.250993490219116,3.2547473907470703,3.2540156841278076,0.0037539005279541016,0.0030221939086914062,0.00036585330963134766,0.003388047218322754,0.003388047218322754,False,dec_s2,decoder,2,6,0.03350699692964554,0.03803033009171486,0.031500438849131264,0.01709234124670426,0.5783526320040938,0.6483504763857068
pyrenees_2020-03-02T06:00:00,pyrenees,synoptic,low_near,t1,q850_trace,precip_only,precip,60.22747747747748,0.8288408933144389,1.2209363376314286e-05,1.0,850,0.0,0.10947585850761683,0.9999999357835835,0.8648873753222219,0.1351125691378066,2.9173831939697266,2.9144749641418457,2.9227943420410156,-0.0029082298278808594,0.0054111480712890625,-0.004159688949584961,0.0012514591217041016,0.004159688949584961,True,enc_s0,encoder,0,6,0.024027347564697266,0.02401904637614886,0.022666540928184986,0.007999272318556905,0.7810090977382577,0.7387420756542915
pyrenees_2020-03-02T06:00:00,pyrenees,synoptic,low_near,t1,q850_trace,precip_only,precip,60.22747747747748,0.8288408933144389,1.2209363376314286e-05,1.0,850,0.0,0.10947585850761683,0.9999999357835835,0.8648873753222219,0.1351125691378066,2.9173831939697266,2.9144749641418457,2.9227943420410156,-0.0029082298278808594,0.0054111480712890625,-0.004159688949584961,0.0012514591217041016,0.004159688949584961,True,enc_s1,encoder,1,10,0.021306493505835532,0.014894352480769157,0.015236053243279457,0.010208342550322413,0.44464329482483383,0.6096563363637155
pyrenees_2020-03-02T06:00:00,pyrenees,synoptic,low_near,t1,q850_trace,precip_only,precip,60.22747747747748,0.8288408933144389,1.2209363376314286e-05,1.0,850,0.0,0.10947585850761683,0.9999999357835835,0.8648873753222219,0.1351125691378066,2.9173831939697266,2.9144749641418457,2.9227943420410156,-0.0029082298278808594,0.0054111480712890625,-0.004159688949584961,0.0012514591217041016,0.004159688949584961,True,enc_s2,encoder,2,8,0.009378229500725865,0.006685237167403102,0.006805071490816772,0.004473279928788543,0.4268277972979869,0.6035482789826616
pyrenees_2020-03-02T06:00:00,pyrenees,synoptic,low_near,t1,q850_trace,precip_only,precip,60.22747747747748,0.8288408933144389,1.2209363376314286e-05,1.0,850,0.0,0.10947585850761683,0.9999999357835835,0.8648873753222219,0.1351125691378066,2.9173831939697266,2.9144749641418457,2.9227943420410156,-0.0029082298278808594,0.0054111480712890625,-0.004159688949584961,0.0012514591217041016,0.004159688949584961,True,dec_s0,decoder,0,8,0.014013807754963636,0.009610600187443197,0.010011198581196368,0.006644737673923373,0.42317232254314363,0.6009424027492816
pyrenees_2020-03-02T06:00:00,pyrenees,synoptic,low_near,t1,q850_trace,precip_only,precip,60.22747747747748,0.8288408933144389,1.2209363376314286e-05,1.0,850,0.0,0.10947585850761683,0.9999999357835835,0.8648873753222219,0.1351125691378066,2.9173831939697266,2.9144749641418457,2.9227943420410156,-0.0029082298278808594,0.0054111480712890625,-0.004159688949584961,0.0012514591217041016,0.004159688949584961,True,dec_s1,decoder,1,10,0.01155162719078362,0.012007481278851628,0.009590864228084684,0.006840937142260373,0.36389107783078967,0.5885530706260711
pyrenees_2020-03-02T06:00:00,pyrenees,synoptic,low_near,t1,q850_trace,precip_only,precip,60.22747747747748,0.8288408933144389,1.2209363376314286e-05,1.0,850,0.0,0.10947585850761683,0.9999999357835835,0.8648873753222219,0.1351125691378066,2.9173831939697266,2.9144749641418457,2.9227943420410156,-0.0029082298278808594,0.0054111480712890625,-0.004159688949584961,0.0012514591217041016,0.004159688949584961,True,dec_s2,decoder,2,6,0.03510918654501438,0.04007525990406672,0.03270712991555532,0.018685892845193546,0.5387484394065684,0.6367869864301415
pyrenees_2020-03-02T06:00:00,pyrenees,synoptic,hotspot,t1,q850_trace,precip_zwd,zwd,45.22747747747748,0.8288408933144389,0.0001437571772839874,1.0,850,0.0,0.012760203937917242,1.0,0.9948278459462083,0.005172154053791641,60.19688034057617,60.748905181884766,63.706871032714844,0.5520248413085938,3.509990692138672,-1.478982925415039,2.031007766723633,2.031007766723633,False,enc_s0,encoder,0,6,0.016490984087189037,0.01744237480064233,0.016267483588308096,0.0048617476131767035,0.8399405066966854,0.7693296372743309
pyrenees_2020-03-02T06:00:00,pyrenees,synoptic,hotspot,t1,q850_trace,precip_zwd,zwd,45.22747747747748,0.8288408933144389,0.0001437571772839874,1.0,850,0.0,0.012760203937917242,1.0,0.9948278459462083,0.005172154053791641,60.19688034057617,60.748905181884766,63.706871032714844,0.5520248413085938,3.509990692138672,-1.478982925415039,2.031007766723633,2.031007766723633,False,enc_s1,encoder,1,10,0.014168046694248915,0.010310131590813398,0.010700969770550729,0.006189379026181996,0.5494372791548267,0.6423412264333045
pyrenees_2020-03-02T06:00:00,pyrenees,synoptic,hotspot,t1,q850_trace,precip_zwd,zwd,45.22747747747748,0.8288408933144389,0.0001437571772839874,1.0,850,0.0,0.012760203937917242,1.0,0.9948278459462083,0.005172154053791641,60.19688034057617,60.748905181884766,63.706871032714844,0.5520248413085938,3.509990692138672,-1.478982925415039,2.031007766723633,2.031007766723633,False,enc_s2,encoder,2,8,0.005864810198545456,0.0044202597928233445,0.004400649340823293,0.002757325244601816,0.4662215405893344,0.6149035754511514
pyrenees_2020-03-02T06:00:00,pyrenees,synoptic,hotspot,t1,q850_trace,precip_zwd,zwd,45.22747747747748,0.8288408933144389,0.0001437571772839874,1.0,850,0.0,0.012760203937917242,1.0,0.9948278459462083,0.005172154053791641,60.19688034057617,60.748905181884766,63.706871032714844,0.5520248413085938,3.509990692138672,-1.478982925415039,2.031007766723633,2.031007766723633,False,dec_s0,decoder,0,8,0.008517591806594282,0.006498656934127212,0.006373333162628114,0.0040954021096695215,0.444009893830824,0.6089088599191694
pyrenees_2020-03-02T06:00:00,pyrenees,synoptic,hotspot,t1,q850_trace,precip_zwd,zwd,45.22747747747748,0.8288408933144389,0.0001437571772839874,1.0,850,0.0,0.012760203937917242,1.0,0.9948278459462083,0.005172154053791641,60.19688034057617,60.748905181884766,63.706871032714844,0.5520248413085938,3.509990692138672,-1.478982925415039,2.031007766723633,2.031007766723633,False,dec_s1,decoder,1,10,0.007537715090438724,0.007919155852869153,0.006416815728880465,0.004311046982184053,0.42113322825178523,0.6013636934846195
pyrenees_2020-03-02T06:00:00,pyrenees,synoptic,hotspot,t1,q850_trace,precip_zwd,zwd,45.22747747747748,0.8288408933144389,0.0001437571772839874,1.0,850,0.0,0.012760203937917242,1.0,0.9948278459462083,0.005172154053791641,60.19688034057617,60.748905181884766,63.706871032714844,0.5520248413085938,3.509990692138672,-1.478982925415039,2.031007766723633,2.031007766723633,False,dec_s2,decoder,2,6,0.02475379065920909,0.027406534180045128,0.023006101759771507,0.012354639048377672,0.6026979156325162,0.6506795913824676
pyrenees_2020-03-02T06:00:00,pyrenees,synoptic,low_near,t1,q850_trace,precip_zwd,zwd,60.22747747747748,0.8288408933144389,1.2209363376314286e-05,1.0,850,0.0,0.10947585850761683,0.9999999357835835,0.8648873753222219,0.1351125691378066,60.19688034057617,60.27445983886719,60.16670227050781,0.07757949829101562,-0.030178070068359375,0.0538787841796875,0.023700714111328125,0.0538787841796875,True,enc_s0,encoder,0,6,0.023669431917369366,0.02382469518731038,0.022442723934849102,0.007801746483892202,0.786904530362753,0.7416433341003525
pyrenees_2020-03-02T06:00:00,pyrenees,synoptic,low_near,t1,q850_trace,precip_zwd,zwd,60.22747747747748,0.8288408933144389,1.2209363376314286e-05,1.0,850,0.0,0.10947585850761683,0.9999999357835835,0.8648873753222219,0.1351125691378066,60.19688034057617,60.27445983886719,60.16670227050781,0.07757949829101562,-0.030178070068359375,0.0538787841796875,0.023700714111328125,0.0538787841796875,True,enc_s1,encoder,1,10,0.02076634680852294,0.014686354342848063,0.015022904518991709,0.009831505175679923,0.4616232548778617,0.6145288201630509
pyrenees_2020-03-02T06:00:00,pyrenees,synoptic,low_near,t1,q850_trace,precip_zwd,zwd,60.22747747747748,0.8288408933144389,1.2209363376314286e-05,1.0,850,0.0,0.10947585850761683,0.9999999357835835,0.8648873753222219,0.1351125691378066,60.19688034057617,60.27445983886719,60.16670227050781,0.07757949829101562,-0.030178070068359375,0.0538787841796875,0.023700714111328125,0.0538787841796875,True,enc_s2,encoder,2,8,0.008948751026764512,0.006472280074376613,0.006566000985912979,0.004227311379509047,0.44383393224715395,0.6085226662604636
pyrenees_2020-03-02T06:00:00,pyrenees,synoptic,low_near,t1,q850_trace,precip_zwd,zwd,60.22747747747748,0.8288408933144389,1.2209363376314286e-05,1.0,850,0.0,0.10947585850761683,0.9999999357835835,0.8648873753222219,0.1351125691378066,60.19688034057617,60.27445983886719,60.16670227050781,0.07757949829101562,-0.030178070068359375,0.0538787841796875,0.023700714111328125,0.0538787841796875,True,dec_s0,decoder,0,8,0.01320379856042564,0.009305792220402509,0.009587955370079726,0.0062080397037789226,0.44199031354251217,0.6068141075374882
pyrenees_2020-03-02T06:00:00,pyrenees,synoptic,low_near,t1,q850_trace,precip_zwd,zwd,60.22747747747748,0.8288408933144389,1.2209363376314286e-05,1.0,850,0.0,0.10947585850761683,0.9999999357835835,0.8648873753222219,0.1351125691378066,60.19688034057617,60.27445983886719,60.16670227050781,0.07757949829101562,-0.030178070068359375,0.0538787841796875,0.023700714111328125,0.0538787841796875,True,dec_s1,decoder,1,10,0.011506421165540815,0.012137208925560116,0.009754251083359122,0.006683070072904229,0.40209952852945696,0.5986366069039695
pyrenees_2020-03-02T06:00:00,pyrenees,synoptic,low_near,t1,q850_trace,precip_zwd,zwd,60.22747747747748,0.8288408933144389,1.2209363376314286e-05,1.0,850,0.0,0.10947585850761683,0.9999999357835835,0.8648873753222219,0.1351125691378066,60.19688034057617,60.27445983886719,60.16670227050781,0.07757949829101562,-0.030178070068359375,0.0538787841796875,0.023700714111328125,0.0538787841796875,True,dec_s2,decoder,2,6,0.03350699692964554,0.03803033009171486,0.031500438849131264,0.01709234124670426,0.5783526320040938,0.6483504763857068
rockies_2020-07-27T00:00:00,rockies,local,hotspot,t1,q850_trace,precip_zwd,precip,39.47747747747748,256.3115539507046,0.00011621142766671255,1.0,850,0.0,0.0,1.0,1.0,0.0,0.4892520308494568,0.7004348039627075,0.5927889943122864,0.21118277311325073,0.10353696346282959,0.05382290482521057,0.15735986828804016,0.15735986828804016,False,enc_s0,encoder,0,6,0.004960683019210895,0.004655410069972277,0.004654077114537358,0.0012118009035475552,0.8849733669488028,0.792325593465249
rockies_2020-07-27T00:00:00,rockies,local,hotspot,t1,q850_trace,precip_zwd,precip,39.47747747747748,256.3115539507046,0.00011621142766671255,1.0,850,0.0,0.0,1.0,1.0,0.0,0.4892520308494568,0.7004348039627075,0.5927889943122864,0.21118277311325073,0.10353696346282959,0.05382290482521057,0.15735986828804016,0.15735986828804016,False,enc_s1,encoder,1,10,0.0036084506893530486,0.003152529359795153,0.0029740281868726017,0.001576085400301963,0.6337079168315402,0.6784071025155809
rockies_2020-07-27T00:00:00,rockies,local,hotspot,t1,q850_trace,precip_zwd,precip,39.47747747747748,256.3115539507046,0.00011621142766671255,1.0,850,0.0,0.0,1.0,1.0,0.0,0.4892520308494568,0.7004348039627075,0.5927889943122864,0.21118277311325073,0.10353696346282959,0.05382290482521057,0.15735986828804016,0.15735986828804016,False,enc_s2,encoder,2,8,0.001657773565966636,0.0014559161645593122,0.0013618077209684998,0.0007612029294250533,0.5433702264461207,0.6414959010246588
rockies_2020-07-27T00:00:00,rockies,local,hotspot,t1,q850_trace,precip_zwd,precip,39.47747747747748,256.3115539507046,0.00011621142766671255,1.0,850,0.0,0.0,1.0,1.0,0.0,0.4892520308494568,0.7004348039627075,0.5927889943122864,0.21118277311325073,0.10353696346282959,0.05382290482521057,0.15735986828804016,0.15735986828804016,False,dec_s0,decoder,0,8,0.0023775914596626535,0.002108619621139951,0.001914971333462745,0.0011750186240533367,0.47535696483058265,0.6208748299002058
rockies_2020-07-27T00:00:00,rockies,local,hotspot,t1,q850_trace,precip_zwd,precip,39.47747747747748,256.3115539507046,0.00011621142766671255,1.0,850,0.0,0.0,1.0,1.0,0.0,0.4892520308494568,0.7004348039627075,0.5927889943122864,0.21118277311325073,0.10353696346282959,0.05382290482521057,0.15735986828804016,0.15735986828804016,False,dec_s1,decoder,1,10,0.0037454475881531835,0.0035061754751950502,0.0028163728304207323,0.002284981682896614,0.19838631913690788,0.5473414281056332
rockies_2020-07-27T00:00:00,rockies,local,hotspot,t1,q850_trace,precip_zwd,precip,39.47747747747748,256.3115539507046,0.00011621142766671255,1.0,850,0.0,0.0,1.0,1.0,0.0,0.4892520308494568,0.7004348039627075,0.5927889943122864,0.21118277311325073,0.10353696346282959,0.05382290482521057,0.15735986828804016,0.15735986828804016,False,dec_s2,decoder,2,6,0.012928026417891184,0.011453378635148207,0.010326592562099298,0.006520612010111411,0.5012147232392464,0.6129389604182679
rockies_2020-07-27T00:00:00,rockies,local,hotspot,t1,q850_trace,precip_only,precip,39.47747747747748,256.3115539507046,0.00011621142766671255,1.0,850,0.0,0.0,1.0,1.0,0.0,0.4096517860889435,0.6085010766983032,0.45005857944488525,0.19884929060935974,0.04040679335594177,0.07922124862670898,0.11962804198265076,0.11962804198265076,False,enc_s0,encoder,0,6,0.004964091815054417,0.004664567997679114,0.004658329300582409,0.0012207578596038122,0.883504217252136,0.7913400542677751
rockies_2020-07-27T00:00:00,rockies,local,hotspot,t1,q850_trace,precip_only,precip,39.47747747747748,256.3115539507046,0.00011621142766671255,1.0,850,0.0,0.0,1.0,1.0,0.0,0.4096517860889435,0.6085010766983032,0.45005857944488525,0.19884929060935974,0.04040679335594177,0.07922124862670898,0.11962804198265076,0.11962804198265076,False,enc_s1,encoder,1,10,0.003634816175326705,0.003124212031252682,0.0029834251618012786,0.0015665711252950132,0.6386131429144092,0.6790545520323967
rockies_2020-07-27T00:00:00,rockies,local,hotspot,t1,q850_trace,precip_only,precip,39.47747747747748,256.3115539507046,0.00011621142766671255,1.0,850,0.0,0.0,1.0,1.0,0.0,0.4096517860889435,0.6085010766983032,0.45005857944488525,0.19884929060935974,0.04040679335594177,0.07922124862670898,0.11962804198265076,0.11962804198265076,False,enc_s2,encoder,2,8,0.0016842784971231595,0.0014675825368613005,0.0013802465691696852,0.0007682481445954181,0.5470032939421949,0.6424737453337981
rockies_2020-07-27T00:00:00,rockies,local,hotspot,t1,q850_trace,precip_only,precip,39.47747747747748,256.3115539507046,0.00011621142766671255,1.0,850,0.0,0.0,1.0,1.0,0.0,0.4096517860889435,0.6085010766983032,0.45005857944488525,0.19884929060935974,0.04040679335594177,0.07922124862670898,0.11962804198265076,0.11962804198265076,False,dec_s0,decoder,0,8,0.0023887330607976764,0.0021190571860643104,0.00192398636136204,0.001180930012196768,0.4750473012219162,0.6208113893840583
rockies_2020-07-27T00:00:00,rockies,local,hotspot,t1,q850_trace,precip_only,precip,39.47747747747748,256.3115539507046,0.00011621142766671255,1.0,850,0.0,0.0,1.0,1.0,0.0,0.4096517860889435,0.6085010766983032,0.45005857944488525,0.19884929060935974,0.04040679335594177,0.07922124862670898,0.11962804198265076,0.11962804198265076,False,dec_s1,decoder,1,10,0.003697648155502975,0.0034673190210014583,0.0027832074207253753,0.0022564984043128788,0.19648981924859554,0.5468901921264021
rockies_2020-07-27T00:00:00,rockies,local,hotspot,t1,q850_trace,precip_only,precip,39.47747747747748,256.3115539507046,0.00011621142766671255,1.0,850,0.0,0.0,1.0,1.0,0.0,0.4096517860889435,0.6085010766983032,0.45005857944488525,0.19884929060935974,0.04040679335594177,0.07922124862670898,0.11962804198265076,0.11962804198265076,False,dec_s2,decoder,2,6,0.013001235978056988,0.011559563223272562,0.010395675897598267,0.006577111625423034,0.4996857107027794,0.6124917947775627
rockies_2020-07-27T00:00:00,rockies,local,low_near,t1,q850_trace,precip_zwd,precip,51.97747747747748,246.3115539507046,1.5402207509396248e-06,1.0,850,0.0,0.0,0.9999998852906345,0.9999998852906345,0.0,0.4892520308494568,0.4934956729412079,0.4922419488430023,0.004243642091751099,0.0029899179935455322,0.0006268620491027832,0.0036167800426483154,0.0036167800426483154,False,enc_s0,encoder,0,6,0.006509003384659688,0.006541852218409379,0.006278616841882467,0.0017725779325701296,0.8596454914003817,0.7788151203734563
rockies_2020-07-27T00:00:00,rockies,local,low_near,t1,q850_trace,precip_zwd,precip,51.97747747747748,246.3115539507046,1.5402207509396248e-06,1.0,850,0.0,0.0,0.9999998852906345,0.9999998852906345,0.0,0.4892520308494568,0.4934956729412079,0.4922419488430023,0.004243642091751099,0.0029899179935455322,0.0006268620491027832,0.0036167800426483154,0.0036167800426483154,False,enc_s1,encoder,1,10,0.004397829808294773,0.0037783859763294457,0.003626696369610727,0.0018500403268262744,0.6411064931072762,0.6823006787112196
rockies_2020-07-27T00:00:00,rockies,local,low_near,t1,q850_trace,precip_zwd,precip,51.97747747747748,246.3115539507046,1.5402207509396248e-06,1.0,850,0.0,0.0,0.9999998852906345,0.9999998852906345,0.0,0.4892520308494568,0.4934956729412079,0.4922419488430023,0.004243642091751099,0.0029899179935455322,0.0006268620491027832,0.0036167800426483154,0.0036167800426483154,False,enc_s2,encoder,2,8,0.0020756720623467118,0.0016419998282799497,0.0016404385241912678,0.0009006137261167169,0.5709902351603098,0.6456600731606639
rockies_2020-07-27T00:00:00,rockies,local,low_near,t1,q850_trace,precip_zwd,precip,51.97747747747748,246.3115539507046,1.5402207509396248e-06,1.0,850,0.0,0.0,0.9999998852906345,0.9999998852906345,0.0,0.4892520308494568,0.4934956729412079,0.4922419488430023,0.004243642091751099,0.0029899179935455322,0.0006268620491027832,0.0036167800426483154,0.0036167800426483154,False,dec_s0,decoder,0,8,0.003018733230419457,0.002240426547359675,0.002260917390231043,0.0013967234554002061,0.4906731278436304,0.6193828709525202
rockies_2020-07-27T00:00:00,rockies,local,low_near,t1,q850_trace,precip_zwd,precip,51.97747747747748,246.3115539507046,1.5402207509396248e-06,1.0,850,0.0,0.0,0.9999998852906345,0.9999998852906345,0.0,0.4892520308494568,0.4934956729412079,0.4922419488430023,0.004243642091751099,0.0029899179935455322,0.0006268620491027832,0.0036167800426483154,0.0036167800426483154,False,dec_s1,decoder,1,10,0.0038037415593862533,0.003439036966301501,0.0028022850630804895,0.0023007491487078368,0.21562768935066817,0.5505881089976028
rockies_2020-07-27T00:00:00,rockies,local,low_near,t1,q850_trace,precip_zwd,precip,51.97747747747748,246.3115539507046,1.5402207509396248e-06,1.0,850,0.0,0.0,0.9999998852906345,0.9999998852906345,0.0,0.4892520308494568,0.4934956729412079,0.4922419488430023,0.004243642091751099,0.0029899179935455322,0.0006268620491027832,0.0036167800426483154,0.0036167800426483154,False,dec_s2,decoder,2,6,0.012165294960141182,0.012661938400318226,0.010713136134048304,0.006276084575802088,0.5836299923129201,0.6305684156056043
rockies_2020-07-27T00:00:00,rockies,local,low_near,t1,q850_trace,precip_only,precip,51.97747747747748,246.3115539507046,1.5402207509396248e-06,1.0,850,0.0,0.0,0.9999998852906345,0.9999998852906345,0.0,0.4096517860889435,0.4092599153518677,0.4089394211769104,-0.00039187073707580566,-0.0007123649120330811,0.0001602470874786377,-0.0005521178245544434,0.0005521178245544434,False,enc_s0,encoder,0,6,0.0064050025927523775,0.006363715898866455,0.006139757266889016,0.0017454562863955896,0.857907188810135,0.7776153926951067
rockies_2020-07-27T00:00:00,rockies,local,low_near,t1,q850_trace,precip_only,precip,51.97747747747748,246.3115539507046,1.5402207509396248e-06,1.0,850,0.0,0.0,0.9999998852906345,0.9999998852906345,0.0,0.4096517860889435,0.4092599153518677,0.4089394211769104,-0.00039187073707580566,-0.0007123649120330811,0.0001602470874786377,-0.0005521178245544434,0.0005521178245544434,False,enc_s1,encoder,1,10,0.004402424162253738,0.003726652171462774,0.0035941693466156723,0.001870323542971164,0.6299040680058482,0.6775570154205152
rockies_2020-07-27T00:00:00,rockies,local,low_near,t1,q850_trace,precip_only,precip,51.97747747747748,246.3115539507046,1.5402207509396248e-06,1.0,850,0.0,0.0,0.9999998852906345,0.9999998852906345,0.0,0.4096517860889435,0.4092599153518677,0.4089394211769104,-0.00039187073707580566,-0.0007123649120330811,0.0001602470874786377,-0.0005521178245544434,0.0005521178245544434,False,enc_s2,encoder,2,8,0.0021182844939175993,0.0016545391117688268,0.0016554085887037218,0.0009336982548120432,0.5517646031489823,0.6394566647049456
rockies_2020-07-27T00:00:00,rockies,local,low_near,t1,q850_trace,precip_only,precip,51.97747747747748,246.3115539507046,1.5402207509396248e-06,1.0,850,0.0,0.0,0.9999998852906345,0.9999998852906345,0.0,0.4096517860889435,0.4092599153518677,0.4089394211769104,-0.00039187073707580566,-0.0007123649120330811,0.0001602470874786377,-0.0005521178245544434,0.0005521178245544434,False,dec_s0,decoder,0,8,0.0030814344936516136,0.0022488979011541232,0.00227733570500277,0.0014445019623963162,0.4694783720888759,0.6130660322268349
rockies_2020-07-27T00:00:00,rockies,local,low_near,t1,q850_trace,precip_only,precip,51.97747747747748,246.3115539507046,1.5402207509396248e-06,1.0,850,0.0,0.0,0.9999998852906345,0.9999998852906345,0.0,0.4096517860889435,0.4092599153518677,0.4089394211769104,-0.00039187073707580566,-0.0007123649120330811,0.0001602470874786377,-0.0005521178245544434,0.0005521178245544434,False,dec_s1,decoder,1,10,0.003695254516787827,0.003332667471840978,0.0026687997509725393,0.0022929883096367122,0.16645790663237692,0.5389649850266791
rockies_2020-07-27T00:00:00,rockies,local,low_near,t1,q850_trace,precip_only,precip,51.97747747747748,246.3115539507046,1.5402207509396248e-06,1.0,850,0.0,0.0,0.9999998852906345,0.9999998852906345,0.0,0.4096517860889435,0.4092599153518677,0.4089394211769104,-0.00039187073707580566,-0.0007123649120330811,0.0001602470874786377,-0.0005521178245544434,0.0005521178245544434,False,dec_s2,decoder,2,6,0.01193868617216746,0.012624548592915138,0.010507397198428711,0.006368051593502362,0.5534535047671264,0.6226276609645135
rockies_2020-07-27T00:00:00,rockies,local,hotspot,t1,q850_trace,precip_zwd,zwd,39.47747747747748,256.3115539507046,0.00011621142766671255,1.0,850,0.0,0.0,1.0,1.0,0.0,149.9827423095703,153.29615783691406,147.43284606933594,3.31341552734375,-2.549896240234375,2.9316558837890625,0.3817596435546875,2.9316558837890625,True,enc_s0,encoder,0,6,0.004960683019210895,0.004655410069972277,0.004654077114537358,0.0012118009035475552,0.8849733669488028,0.792325593465249
rockies_2020-07-27T00:00:00,rockies,local,hotspot,t1,q850_trace,precip_zwd,zwd,39.47747747747748,256.3115539507046,0.00011621142766671255,1.0,850,0.0,0.0,1.0,1.0,0.0,149.9827423095703,153.29615783691406,147.43284606933594,3.31341552734375,-2.549896240234375,2.9316558837890625,0.3817596435546875,2.9316558837890625,True,enc_s1,encoder,1,10,0.0036084506893530486,0.003152529359795153,0.0029740281868726017,0.001576085400301963,0.6337079168315402,0.6784071025155809
rockies_2020-07-27T00:00:00,rockies,local,hotspot,t1,q850_trace,precip_zwd,zwd,39.47747747747748,256.3115539507046,0.00011621142766671255,1.0,850,0.0,0.0,1.0,1.0,0.0,149.9827423095703,153.29615783691406,147.43284606933594,3.31341552734375,-2.549896240234375,2.9316558837890625,0.3817596435546875,2.9316558837890625,True,enc_s2,encoder,2,8,0.001657773565966636,0.0014559161645593122,0.0013618077209684998,0.0007612029294250533,0.5433702264461207,0.6414959010246588
rockies_2020-07-27T00:00:00,rockies,local,hotspot,t1,q850_trace,precip_zwd,zwd,39.47747747747748,256.3115539507046,0.00011621142766671255,1.0,850,0.0,0.0,1.0,1.0,0.0,149.9827423095703,153.29615783691406,147.43284606933594,3.31341552734375,-2.549896240234375,2.9316558837890625,0.3817596435546875,2.9316558837890625,True,dec_s0,decoder,0,8,0.0023775914596626535,0.002108619621139951,0.001914971333462745,0.0011750186240533367,0.47535696483058265,0.6208748299002058
rockies_2020-07-27T00:00:00,rockies,local,hotspot,t1,q850_trace,precip_zwd,zwd,39.47747747747748,256.3115539507046,0.00011621142766671255,1.0,850,0.0,0.0,1.0,1.0,0.0,149.9827423095703,153.29615783691406,147.43284606933594,3.31341552734375,-2.549896240234375,2.9316558837890625,0.3817596435546875,2.9316558837890625,True,dec_s1,decoder,1,10,0.0037454475881531835,0.0035061754751950502,0.0028163728304207323,0.002284981682896614,0.19838631913690788,0.5473414281056332
rockies_2020-07-27T00:00:00,rockies,local,hotspot,t1,q850_trace,precip_zwd,zwd,39.47747747747748,256.3115539507046,0.00011621142766671255,1.0,850,0.0,0.0,1.0,1.0,0.0,149.9827423095703,153.29615783691406,147.43284606933594,3.31341552734375,-2.549896240234375,2.9316558837890625,0.3817596435546875,2.9316558837890625,True,dec_s2,decoder,2,6,0.012928026417891184,0.011453378635148207,0.010326592562099298,0.006520612010111411,0.5012147232392464,0.6129389604182679
rockies_2020-07-27T00:00:00,rockies,local,low_near,t1,q850_trace,precip_zwd,zwd,51.97747747747748,246.3115539507046,1.5402207509396248e-06,1.0,850,0.0,0.0,0.9999998852906345,0.9999998852906345,0.0,149.9827423095703,150.02272033691406,150.00889587402344,0.03997802734375,0.026153564453125,0.0069122314453125,0.0330657958984375,0.0330657958984375,False,enc_s0,encoder,0,6,0.006509003384659688,0.006541852218409379,0.006278616841882467,0.0017725779325701296,0.8596454914003817,0.7788151203734563
rockies_2020-07-27T00:00:00,rockies,local,low_near,t1,q850_trace,precip_zwd,zwd,51.97747747747748,246.3115539507046,1.5402207509396248e-06,1.0,850,0.0,0.0,0.9999998852906345,0.9999998852906345,0.0,149.9827423095703,150.02272033691406,150.00889587402344,0.03997802734375,0.026153564453125,0.0069122314453125,0.0330657958984375,0.0330657958984375,False,enc_s1,encoder,1,10,0.004397829808294773,0.0037783859763294457,0.003626696369610727,0.0018500403268262744,0.6411064931072762,0.6823006787112196
rockies_2020-07-27T00:00:00,rockies,local,low_near,t1,q850_trace,precip_zwd,zwd,51.97747747747748,246.3115539507046,1.5402207509396248e-06,1.0,850,0.0,0.0,0.9999998852906345,0.9999998852906345,0.0,149.9827423095703,150.02272033691406,150.00889587402344,0.03997802734375,0.026153564453125,0.0069122314453125,0.0330657958984375,0.0330657958984375,False,enc_s2,encoder,2,8,0.0020756720623467118,0.0016419998282799497,0.0016404385241912678,0.0009006137261167169,0.5709902351603098,0.6456600731606639
rockies_2020-07-27T00:00:00,rockies,local,low_near,t1,q850_trace,precip_zwd,zwd,51.97747747747748,246.3115539507046,1.5402207509396248e-06,1.0,850,0.0,0.0,0.9999998852906345,0.9999998852906345,0.0,149.9827423095703,150.02272033691406,150.00889587402344,0.03997802734375,0.026153564453125,0.0069122314453125,0.0330657958984375,0.0330657958984375,False,dec_s0,decoder,0,8,0.003018733230419457,0.002240426547359675,0.002260917390231043,0.0013967234554002061,0.4906731278436304,0.6193828709525202
rockies_2020-07-27T00:00:00,rockies,local,low_near,t1,q850_trace,precip_zwd,zwd,51.97747747747748,246.3115539507046,1.5402207509396248e-06,1.0,850,0.0,0.0,0.9999998852906345,0.9999998852906345,0.0,149.9827423095703,150.02272033691406,150.00889587402344,0.03997802734375,0.026153564453125,0.0069122314453125,0.0330657958984375,0.0330657958984375,False,dec_s1,decoder,1,10,0.0038037415593862533,0.003439036966301501,0.0028022850630804895,0.0023007491487078368,0.21562768935066817,0.5505881089976028
rockies_2020-07-27T00:00:00,rockies,local,low_near,t1,q850_trace,precip_zwd,zwd,51.97747747747748,246.3115539507046,1.5402207509396248e-06,1.0,850,0.0,0.0,0.9999998852906345,0.9999998852906345,0.0,149.9827423095703,150.02272033691406,150.00889587402344,0.03997802734375,0.026153564453125,0.0069122314453125,0.0330657958984375,0.0330657958984375,False,dec_s2,decoder,2,6,0.012165294960141182,0.012661938400318226,0.010713136134048304,0.006276084575802088,0.5836299923129201,0.6305684156056043
rockies_2020-07-27T00:00:00,rockies,synoptic,hotspot,t1,q850_trace,precip_zwd,precip,41.97747747747748,256.3115539507046,0.00018256761541124433,1.0,850,0.0,0.0035080417397508694,1.0,0.9972586704138106,0.002741329586189406,0.4892520308494568,0.5829432606697083,0.6311002373695374,0.09369122982025146,0.14184820652008057,-0.02407848834991455,0.11776971817016602,0.11776971817016602,False,enc_s0,encoder,0,6,0.012839649027834335,0.012767607035736242,0.012411614259084066,0.003134335895689825,0.8826148939921206,0.7974676979601912
rockies_2020-07-27T00:00:00,rockies,synoptic,hotspot,t1,q850_trace,precip_zwd,precip,41.97747747747748,256.3115539507046,0.00018256761541124433,1.0,850,0.0,0.0035080417397508694,1.0,0.9972586704138106,0.002741329586189406,0.4892520308494568,0.5829432606697083,0.6311002373695374,0.09369122982025146,0.14184820652008057,-0.02407848834991455,0.11776971817016602,0.11776971817016602,False,enc_s1,encoder,1,10,0.008726864401251078,0.00751452106051147,0.007510191481560469,0.003107430669479072,0.7476165754548543,0.7190524521867192
rockies_2020-07-27T00:00:00,rockies,synoptic,hotspot,t1,q850_trace,precip_zwd,precip,41.97747747747748,256.3115539507046,0.00018256761541124433,1.0,850,0.0,0.0035080417397508694,1.0,0.9972586704138106,0.002741329586189406,0.4892520308494568,0.5829432606697083,0.6311002373695374,0.09369122982025146,0.14184820652008057,-0.02407848834991455,0.11776971817016602,0.11776971817016602,False,enc_s2,encoder,2,8,0.0039794116746634245,0.0032179246190935373,0.003284454462118447,0.0015191277780104429,0.6834472456299103,0.6837841367579082
rockies_2020-07-27T00:00:00,rockies,synoptic,hotspot,t1,q850_trace,precip_zwd,precip,41.97747747747748,256.3115539507046,0.00018256761541124433,1.0,850,0.0,0.0035080417397508694,1.0,0.9972586704138106,0.002741329586189406,0.4892520308494568,0.5829432606697083,0.6311002373695374,0.09369122982025146,0.14184820652008057,-0.02407848834991455,0.11776971817016602,0.11776971817016602,False,dec_s0,decoder,0,8,0.005509369308128953,0.004437351744854823,0.004523915296886116,0.0021342808904591948,0.6766566717569787,0.6798073276473764
rockies_2020-07-27T00:00:00,rockies,synoptic,hotspot,t1,q850_trace,precip_zwd,precip,41.97747747747748,256.3115539507046,0.00018256761541124433,1.0,850,0.0,0.0035080417397508694,1.0,0.9972586704138106,0.002741329586189406,0.4892520308494568,0.5829432606697083,0.6311002373695374,0.09369122982025146,0.14184820652008057,-0.02407848834991455,0.11776971817016602,0.11776971817016602,False,dec_s1,decoder,1,10,0.007174722105264664,0.006364019005559385,0.005921731446869671,0.0033043887466192245,0.5810952471676374,0.6437053348462816
rockies_2020-07-27T00:00:00,rockies,synoptic,hotspot,t1,q850_trace,precip_zwd,precip,41.97747747747748,256.3115539507046,0.00018256761541124433,1.0,850,0.0,0.0035080417397508694,1.0,0.9972586704138106,0.002741329586189406,0.4892520308494568,0.5829432606697083,0.6311002373695374,0.09369122982025146,0.14184820652008057,-0.02407848834991455,0.11776971817016602,0.11776971817016602,False,dec_s2,decoder,2,6,0.025452997535467148,0.023370214737951756,0.02215369263043006,0.010306098808844885,0.7066461391574883,0.6825839569529567
rockies_2020-07-27T00:00:00,rockies,synoptic,hotspot,t1,q850_trace,precip_only,precip,41.97747747747748,256.3115539507046,0.00018256761541124433,1.0,850,0.0,0.0035080417397508694,1.0,0.9972586704138106,0.002741329586189406,0.4096517860889435,0.5212330222129822,0.4804621636867523,0.1115812361240387,0.07081037759780884,0.02038542926311493,0.09119580686092377,0.09119580686092377,False,enc_s0,encoder,0,6,0.012702537079652151,0.012579760669420162,0.012250136584043503,0.0031120062728102007,0.8816511324097057,0.7965574436624876
rockies_2020-07-27T00:00:00,rockies,synoptic,hotspot,t1,q850_trace,precip_only,precip,41.97747747747748,256.3115539507046,0.00018256761541124433,1.0,850,0.0,0.0035080417397508694,1.0,0.9972586704138106,0.002741329586189406,0.4096517860889435,0.5212330222129822,0.4804621636867523,0.1115812361240387,0.07081037759780884,0.02038542926311493,0.09119580686092377,0.09119580686092377,False,enc_s1,encoder,1,10,0.00873741451650858,0.007498655095696449,0.007503816392272711,0.0031213488895446063,0.7445335632387685,0.7175721842614335
rockies_2020-07-27T00:00:00,rockies,synoptic,hotspot,t1,q850_trace,precip_only,precip,41.97747747747748,256.3115539507046,0.00018256761541124433,1.0,850,0.0,0.0035080417397508694,1.0,0.9972586704138106,0.002741329586189406,0.4096517860889435,0.5212330222129822,0.4804621636867523,0.1115812361240387,0.07081037759780884,0.02038542926311493,0.09119580686092377,0.09119580686092377,False,enc_s2,encoder,2,8,0.004038246639538556,0.003256447147578001,0.0033212378330063075,0.0015573446144117042,0.6752122725959767,0.6808093326189508
rockies_2020-07-27T00:00:00,rockies,synoptic,hotspot,t1,q850_trace,precip_only,precip,41.97747747747748,256.3115539507046,0.00018256761541124433,1.0,850,0.0,0.0035080417397508694,1.0,0.9972586704138106,0.002741329586189406,0.4096517860889435,0.5212330222129822,0.4804621636867523,0.1115812361240387,0.07081037759780884,0.02038542926311493,0.09119580686092377,0.09119580686092377,False,dec_s0,decoder,0,8,0.0055637836921960115,0.004464743105927482,0.004550181358354166,0.0021771556057501584,0.66793846500491,0.6767279423274872
rockies_2020-07-27T00:00:00,rockies,synoptic,hotspot,t1,q850_trace,precip_only,precip,41.97747747747748,256.3115539507046,0.00018256761541124433,1.0,850,0.0,0.0035080417397508694,1.0,0.9972586704138106,0.002741329586189406,0.4096517860889435,0.5212330222129822,0.4804621636867523,0.1115812361240387,0.07081037759780884,0.02038542926311493,0.09119580686092377,0.09119580686092377,False,dec_s1,decoder,1,10,0.006948781968094409,0.006176071614027024,0.0057112449314445255,0.003254994412418455,0.5618828788070471,0.6382398740986414
rockies_2020-07-27T00:00:00,rockies,synoptic,hotspot,t1,q850_trace,precip_only,precip,41.97747747747748,256.3115539507046,0.00018256761541124433,1.0,850,0.0,0.0035080417397508694,1.0,0.9972586704138106,0.002741329586189406,0.4096517860889435,0.5212330222129822,0.4804621636867523,0.1115812361240387,0.07081037759780884,0.02038542926311493,0.09119580686092377,0.09119580686092377,False,dec_s2,decoder,2,6,0.025320533973475296,0.023211121869583923,0.02197087152550618,0.010354096535593271,0.6993891513367462,0.6798217008341655
rockies_2020-07-27T00:00:00,rockies,synoptic,low_near,t1,q850_trace,precip_zwd,precip,56.97747747747748,256.3115539507046,1.340857761533698e-05,1.0,850,0.0,0.0,0.9999999295229791,0.9999999295229791,0.0,0.4892520308494568,0.49042758345603943,0.4941735863685608,0.0011755526065826416,0.004921555519104004,-0.0018730014562606812,0.0030485540628433228,0.0030485540628433228,False,enc_s0,encoder,0,6,0.018940478563308716,0.017738638445734978,0.01759477953116099,0.0051925416725377245,0.8412556870469655,0.7709778456692407
rockies_2020-07-27T00:00:00,rockies,synoptic,low_near,t1,q850_trace,precip_zwd,precip,56.97747747747748,256.3115539507046,1.340857761533698e-05,1.0,850,0.0,0.0,0.9999999295229791,0.9999999295229791,0.0,0.4892520308494568,0.49042758345603943,0.4941735863685608,0.0011755526065826416,0.004921555519104004,-0.0018730014562606812,0.0030485540628433228,0.0030485540628433228,False,enc_s1,encoder,1,10,0.01456072749570012,0.010390626173466444,0.011064202059060335,0.006117091421037913,0.5932787356384875,0.6524409706025627
rockies_2020-07-27T00:00:00,rockies,synoptic,low_near,t1,q850_trace,precip_zwd,precip,56.97747747747748,256.3115539507046,1.340857761533698e-05,1.0,850,0.0,0.0,0.9999999295229791,0.9999999295229791,0.0,0.4892520308494568,0.49042758345603943,0.4941735863685608,0.0011755526065826416,0.004921555519104004,-0.0018730014562606812,0.0030485540628433228,0.0030485540628433228,False,enc_s2,encoder,2,8,0.006378685648087412,0.0041786880465224385,0.0046744540450163186,0.0026878158969338983,0.5615699969236183,0.6349849682682229
rockies_2020-07-27T00:00:00,rockies,synoptic,low_near,t1,q850_trace,precip_zwd,precip,56.97747747747748,256.3115539507046,1.340857761533698e-05,1.0,850,0.0,0.0,0.9999999295229791,0.9999999295229791,0.0,0.4892520308494568,0.49042758345603943,0.4941735863685608,0.0011755526065826416,0.004921555519104004,-0.0018730014562606812,0.0030485540628433228,0.0030485540628433228,False,dec_s0,decoder,0,8,0.009116636763792485,0.005354624008759856,0.006409691239241511,0.0038483448734041303,0.5537182541025596,0.6249577712181964
rockies_2020-07-27T00:00:00,rockies,synoptic,low_near,t1,q850_trace,precip_zwd,precip,56.97747747747748,256.3115539507046,1.340857761533698e-05,1.0,850,0.0,0.0,0.9999999295229791,0.9999999295229791,0.0,0.4892520308494568,0.49042758345603943,0.4941735863685608,0.0011755526065826416,0.004921555519104004,-0.0018730014562606812,0.0030485540628433228,0.0030485540628433228,False,dec_s1,decoder,1,10,0.009063933417201043,0.007680188585072756,0.007252578064799309,0.004235678561963141,0.553259694027417,0.6352604132199402
rockies_2020-07-27T00:00:00,rockies,synoptic,low_near,t1,q850_trace,precip_zwd,precip,56.97747747747748,256.3115539507046,1.340857761533698e-05,1.0,850,0.0,0.0,0.9999999295229791,0.9999999295229791,0.0,0.4892520308494568,0.49042758345603943,0.4941735863685608,0.0011755526065826416,0.004921555519104004,-0.0018730014562606812,0.0030485540628433228,0.0030485540628433228,False,dec_s2,decoder,2,6,0.0302368833993872,0.03109336147705714,0.02799188904464245,0.012527741647015015,0.7104807954074914,0.6909458565623466
rockies_2020-07-27T00:00:00,rockies,synoptic,low_near,t1,q850_trace,precip_only,precip,56.97747747747748,256.3115539507046,1.340857761533698e-05,1.0,850,0.0,0.0,0.9999999295229791,0.9999999295229791,0.0,0.4096517860889435,0.40471985936164856,0.407879114151001,-0.004931926727294922,-0.0017726719379425049,-0.0015796273946762085,-0.0033522993326187134,0.0033522993326187134,False,enc_s0,encoder,0,6,0.018946867746611435,0.017391531417767208,0.017429761588573456,0.005172886963312824,0.8408760496023676,0.7699933002802929
rockies_2020-07-27T00:00:00,rockies,synoptic,low_near,t1,q850_trace,precip_only,precip,56.97747747747748,256.3115539507046,1.340857761533698e-05,1.0,850,0.0,0.0,0.9999999295229791,0.9999999295229791,0.0,0.4096517860889435,0.40471985936164856,0.407879114151001,-0.004931926727294922,-0.0017726719379425049,-0.0015796273946762085,-0.0033522993326187134,0.0033522993326187134,False,enc_s1,encoder,1,10,0.014839243516325951,0.010287247505038977,0.011095674894750118,0.006305788783356548,0.5773287873852615,0.6457806774121537
rockies_2020-07-27T00:00:00,rockies,synoptic,low_near,t1,q850_trace,precip_only,precip,56.97747747747748,256.3115539507046,1.340857761533698e-05,1.0,850,0.0,0.0,0.9999999295229791,0.9999999295229791,0.0,0.4096517860889435,0.40471985936164856,0.407879114151001,-0.004931926727294922,-0.0017726719379425049,-0.0015796273946762085,-0.0033522993326187134,0.0033522993326187134,False,enc_s2,encoder,2,8,0.006704679632093757,0.004241794580593705,0.004818852758035064,0.0028726236487273127,0.5385712923547374,0.6265908484474366
rockies_2020-07-27T00:00:00,rockies,synoptic,low_near,t1,q850_trace,precip_only,precip,56.97747747747748,256.3115539507046,1.340857761533698e-05,1.0,850,0.0,0.0,0.9999999295229791,0.9999999295229791,0.0,0.4096517860889435,0.40471985936164856,0.407879114151001,-0.004931926727294922,-0.0017726719379425049,-0.0015796273946762085,-0.0033522993326187134,0.0033522993326187134,False,dec_s0,decoder,0,8,0.00989708979614079,0.005402322334703058,0.006740419950801879,0.004258988512447104,0.5247475448188745,0.6129465189472991
rockies_2020-07-27T00:00:00,rockies,synoptic,low_near,t1,q850_trace,precip_only,precip,56.97747747747748,256.3115539507046,1.340857761533698e-05,1.0,850,0.0,0.0,0.9999999295229791,0.9999999295229791,0.0,0.4096517860889435,0.40471985936164856,0.407879114151001,-0.004931926727294922,-0.0017726719379425049,-0.0015796273946762085,-0.0033522993326187134,0.0033522993326187134,False,dec_s1,decoder,1,10,0.009118330106139183,0.0074253347236663105,0.007081777649000287,0.004355147667229176,0.5119834196106521,0.6226777530217663
rockies_2020-07-27T00:00:00,rockies,synoptic,low_near,t1,q850_trace,precip_only,precip,56.97747747747748,256.3115539507046,1.340857761533698e-05,1.0,850,0.0,0.0,0.9999999295229791,0.9999999295229791,0.0,0.4096517860889435,0.40471985936164856,0.407879114151001,-0.004931926727294922,-0.0017726719379425049,-0.0015796273946762085,-0.0033522993326187134,0.0033522993326187134,False,dec_s2,decoder,2,6,0.031193864531815052,0.03107934103657802,0.028217918549974758,0.013157116870085398,0.6855742642727553,0.6822895560788846
rockies_2020-07-27T00:00:00,rockies,synoptic,hotspot,t1,q850_trace,precip_zwd,zwd,41.97747747747748,256.3115539507046,0.00018256761541124433,1.0,850,0.0,0.0035080417397508694,1.0,0.9972586704138106,0.002741329586189406,149.9827423095703,152.2603302001953,148.4087677001953,2.277587890625,-1.573974609375,1.92578125,0.351806640625,1.92578125,True,enc_s0,encoder,0,6,0.012839649027834335,0.012767607035736242,0.012411614259084066,0.003134335895689825,0.8826148939921206,0.7974676979601912
rockies_2020-07-27T00:00:00,rockies,synoptic,hotspot,t1,q850_trace,precip_zwd,zwd,41.97747747747748,256.3115539507046,0.00018256761541124433,1.0,850,0.0,0.0035080417397508694,1.0,0.9972586704138106,0.002741329586189406,149.9827423095703,152.2603302001953,148.4087677001953,2.277587890625,-1.573974609375,1.92578125,0.351806640625,1.92578125,True,enc_s1,encoder,1,10,0.008726864401251078,0.00751452106051147,0.007510191481560469,0.003107430669479072,0.7476165754548543,0.7190524521867192
rockies_2020-07-27T00:00:00,rockies,synoptic,hotspot,t1,q850_trace,precip_zwd,zwd,41.97747747747748,256.3115539507046,0.00018256761541124433,1.0,850,0.0,0.0035080417397508694,1.0,0.9972586704138106,0.002741329586189406,149.9827423095703,152.2603302001953,148.4087677001953,2.277587890625,-1.573974609375,1.92578125,0.351806640625,1.92578125,True,enc_s2,encoder,2,8,0.0039794116746634245,0.0032179246190935373,0.003284454462118447,0.0015191277780104429,0.6834472456299103,0.6837841367579082
rockies_2020-07-27T00:00:00,rockies,synoptic,hotspot,t1,q850_trace,precip_zwd,zwd,41.97747747747748,256.3115539507046,0.00018256761541124433,1.0,850,0.0,0.0035080417397508694,1.0,0.9972586704138106,0.002741329586189406,149.9827423095703,152.2603302001953,148.4087677001953,2.277587890625,-1.573974609375,1.92578125,0.351806640625,1.92578125,True,dec_s0,decoder,0,8,0.005509369308128953,0.004437351744854823,0.004523915296886116,0.0021342808904591948,0.6766566717569787,0.6798073276473764
rockies_2020-07-27T00:00:00,rockies,synoptic,hotspot,t1,q850_trace,precip_zwd,zwd,41.97747747747748,256.3115539507046,0.00018256761541124433,1.0,850,0.0,0.0035080417397508694,1.0,0.9972586704138106,0.002741329586189406,149.9827423095703,152.2603302001953,148.4087677001953,2.277587890625,-1.573974609375,1.92578125,0.351806640625,1.92578125,True,dec_s1,decoder,1,10,0.007174722105264664,0.006364019005559385,0.005921731446869671,0.0033043887466192245,0.5810952471676374,0.6437053348462816
rockies_2020-07-27T00:00:00,rockies,synoptic,hotspot,t1,q850_trace,precip_zwd,zwd,41.97747747747748,256.3115539507046,0.00018256761541124433,1.0,850,0.0,0.0035080417397508694,1.0,0.9972586704138106,0.002741329586189406,149.9827423095703,152.2603302001953,148.4087677001953,2.277587890625,-1.573974609375,1.92578125,0.351806640625,1.92578125,True,dec_s2,decoder,2,6,0.025452997535467148,0.023370214737951756,0.02215369263043006,0.010306098808844885,0.7066461391574883,0.6825839569529567
rockies_2020-07-27T00:00:00,rockies,synoptic,low_near,t1,q850_trace,precip_zwd,zwd,56.97747747747748,256.3115539507046,1.340857761533698e-05,1.0,850,0.0,0.0,0.9999999295229791,0.9999999295229791,0.0,149.9827423095703,150.1347198486328,150.00588989257812,0.1519775390625,0.0231475830078125,0.06441497802734375,0.08756256103515625,0.08756256103515625,False,enc_s0,encoder,0,6,0.018940478563308716,0.017738638445734978,0.01759477953116099,0.0051925416725377245,0.8412556870469655,0.7709778456692407
rockies_2020-07-27T00:00:00,rockies,synoptic,low_near,t1,q850_trace,precip_zwd,zwd,56.97747747747748,256.3115539507046,1.340857761533698e-05,1.0,850,0.0,0.0,0.9999999295229791,0.9999999295229791,0.0,149.9827423095703,150.1347198486328,150.00588989257812,0.1519775390625,0.0231475830078125,0.06441497802734375,0.08756256103515625,0.08756256103515625,False,enc_s1,encoder,1,10,0.01456072749570012,0.010390626173466444,0.011064202059060335,0.006117091421037913,0.5932787356384875,0.6524409706025627
rockies_2020-07-27T00:00:00,rockies,synoptic,low_near,t1,q850_trace,precip_zwd,zwd,56.97747747747748,256.3115539507046,1.340857761533698e-05,1.0,850,0.0,0.0,0.9999999295229791,0.9999999295229791,0.0,149.9827423095703,150.1347198486328,150.00588989257812,0.1519775390625,0.0231475830078125,0.06441497802734375,0.08756256103515625,0.08756256103515625,False,enc_s2,encoder,2,8,0.006378685648087412,0.0041786880465224385,0.0046744540450163186,0.0026878158969338983,0.5615699969236183,0.6349849682682229
rockies_2020-07-27T00:00:00,rockies,synoptic,low_near,t1,q850_trace,precip_zwd,zwd,56.97747747747748,256.3115539507046,1.340857761533698e-05,1.0,850,0.0,0.0,0.9999999295229791,0.9999999295229791,0.0,149.9827423095703,150.1347198486328,150.00588989257812,0.1519775390625,0.0231475830078125,0.06441497802734375,0.08756256103515625,0.08756256103515625,False,dec_s0,decoder,0,8,0.009116636763792485,0.005354624008759856,0.006409691239241511,0.0038483448734041303,0.5537182541025596,0.6249577712181964
rockies_2020-07-27T00:00:00,rockies,synoptic,low_near,t1,q850_trace,precip_zwd,zwd,56.97747747747748,256.3115539507046,1.340857761533698e-05,1.0,850,0.0,0.0,0.9999999295229791,0.9999999295229791,0.0,149.9827423095703,150.1347198486328,150.00588989257812,0.1519775390625,0.0231475830078125,0.06441497802734375,0.08756256103515625,0.08756256103515625,False,dec_s1,decoder,1,10,0.009063933417201043,0.007680188585072756,0.007252578064799309,0.004235678561963141,0.553259694027417,0.6352604132199402
rockies_2020-07-27T00:00:00,rockies,synoptic,low_near,t1,q850_trace,precip_zwd,zwd,56.97747747747748,256.3115539507046,1.340857761533698e-05,1.0,850,0.0,0.0,0.9999999295229791,0.9999999295229791,0.0,149.9827423095703,150.1347198486328,150.00588989257812,0.1519775390625,0.0231475830078125,0.06441497802734375,0.08756256103515625,0.08756256103515625,False,dec_s2,decoder,2,6,0.0302368833993872,0.03109336147705714,0.02799188904464245,0.012527741647015015,0.7104807954074914,0.6909458565623466
sahara_plain_2020-09-01T06:00:00,sahara_plain,local,hotspot,t1,q850_trace,precip_zwd,precip,29.47747747747748,351.12262293728037,9.714221232570708e-05,1.0,850,0.0,0.00060156406657309,0.9999999189408947,0.9999940826853131,5.836256054710361e-06,0.779421865940094,2.364506483078003,0.2003466635942459,1.585084617137909,-0.5790752023458481,1.0820799097418785,0.5030047073960304,1.0820799097418785,True,enc_s0,encoder,0,6,0.00483629674029847,0.004535780055448413,0.0045316490189482765,0.0012000025211212535,0.8820849910855194,0.7898027950903383
sahara_plain_2020-09-01T06:00:00,sahara_plain,local,hotspot,t1,q850_trace,precip_zwd,precip,29.47747747747748,351.12262293728037,9.714221232570708e-05,1.0,850,0.0,0.00060156406657309,0.9999999189408947,0.9999940826853131,5.836256054710361e-06,0.779421865940094,2.364506483078003,0.2003466635942459,1.585084617137909,-0.5790752023458481,1.0820799097418785,0.5030047073960304,1.0820799097418785,True,enc_s1,encoder,1,10,0.003492312366142869,0.002689659292809665,0.002576937433332205,0.0016729364637285472,0.5141379259200671,0.6435914120132953
sahara_plain_2020-09-01T06:00:00,sahara_plain,local,hotspot,t1,q850_trace,precip_zwd,precip,29.47747747747748,351.12262293728037,9.714221232570708e-05,1.0,850,0.0,0.00060156406657309,0.9999999189408947,0.9999940826853131,5.836256054710361e-06,0.779421865940094,2.364506483078003,0.2003466635942459,1.585084617137909,-0.5790752023458481,1.0820799097418785,0.5030047073960304,1.0820799097418785,True,enc_s2,encoder,2,8,0.001986186733120121,0.0013194686762290075,0.0013879601465305313,0.0009573555435054004,0.3961216702908976,0.5917603365424164
sahara_plain_2020-09-01T06:00:00,sahara_plain,local,hotspot,t1,q850_trace,precip_zwd,precip,29.47747747747748,351.12262293728037,9.714221232570708e-05,1.0,850,0.0,0.00060156406657309,0.9999999189408947,0.9999940826853131,5.836256054710361e-06,0.779421865940094,2.364506483078003,0.2003466635942459,1.585084617137909,-0.5790752023458481,1.0820799097418785,0.5030047073960304,1.0820799097418785,True,dec_s0,decoder,0,8,0.0031497376039624214,0.0021151664259377867,0.0021629802795359865,0.0015863480657571927,0.3378112986857468,0.5779690387669323
sahara_plain_2020-09-01T06:00:00,sahara_plain,local,hotspot,t1,q850_trace,precip_zwd,precip,29.47747747747748,351.12262293728037,9.714221232570708e-05,1.0,850,0.0,0.00060156406657309,0.9999999189408947,0.9999940826853131,5.836256054710361e-06,0.779421865940094,2.364506483078003,0.2003466635942459,1.585084617137909,-0.5790752023458481,1.0820799097418785,0.5030047073960304,1.0820799097418785,True,dec_s1,decoder,1,10,0.004535289853811264,0.0031875995569862424,0.0029403179418295623,0.002593084459658712,0.12158483782803928,0.5272787219047661
sahara_plain_2020-09-01T06:00:00,sahara_plain,local,hotspot,t1,q850_trace,precip_zwd,precip,29.47747747747748,351.12262293728037,9.714221232570708e-05,1.0,850,0.0,0.00060156406657309,0.9999999189408947,0.9999940826853131,5.836256054710361e-06,0.779421865940094,2.364506483078003,0.2003466635942459,1.585084617137909,-0.5790752023458481,1.0820799097418785,0.5030047073960304,1.0820799097418785,True,dec_s2,decoder,2,6,0.016394391966362793,0.010260009672492743,0.011123063197980324,0.007956372573971748,0.40993755848914387,0.5829963519489255
sahara_plain_2020-09-01T06:00:00,sahara_plain,local,hotspot,t1,q850_trace,precip_only,precip,29.47747747747748,351.12262293728037,9.714221232570708e-05,1.0,850,0.0,0.00060156406657309,0.9999999189408947,0.9999940826853131,5.836256054710361e-06,0.9442024230957031,2.550801992416382,0.1940688192844391,1.6065995693206787,-0.750133603811264,1.1783665865659714,0.42823298275470734,1.1783665865659714,True,enc_s0,encoder,0,6,0.004783430990452568,0.0044700690389921265,0.004478062503039837,0.0011717627057805657,0.8855987615384775,0.7918033622959261
sahara_plain_2020-09-01T06:00:00,sahara_plain,local,hotspot,t1,q850_trace,precip_only,precip,29.47747747747748,351.12262293728037,9.714221232570708e-05,1.0,850,0.0,0.00060156406657309,0.9999999189408947,0.9999940826853131,5.836256054710361e-06,0.9442024230957031,2.550801992416382,0.1940688192844391,1.6065995693206787,-0.750133603811264,1.1783665865659714,0.42823298275470734,1.1783665865659714,True,enc_s1,encoder,1,10,0.0035323824035003782,0.002654146868735552,0.002586149820126593,0.0016775085474364459,0.516132958242843,0.6433368892327875
sahara_plain_2020-09-01T06:00:00,sahara_plain,local,hotspot,t1,q850_trace,precip_only,precip,29.47747747747748,351.12262293728037,9.714221232570708e-05,1.0,850,0.0,0.00060156406657309,0.9999999189408947,0.9999940826853131,5.836256054710361e-06,0.9442024230957031,2.550801992416382,0.1940688192844391,1.6065995693206787,-0.750133603811264,1.1783665865659714,0.42823298275470734,1.1783665865659714,True,enc_s2,encoder,2,8,0.002082563631120138,0.001335102686425671,0.001438409584807232,0.0009953736007446423,0.398711693216141,0.5910109009836109
sahara_plain_2020-09-01T06:00:00,sahara_plain,local,hotspot,t1,q850_trace,precip_only,precip,29.47747747747748,351.12262293728037,9.714221232570708e-05,1.0,850,0.0,0.00060156406657309,0.9999999189408947,0.9999940826853131,5.836256054710361e-06,0.9442024230957031,2.550801992416382,0.1940688192844391,1.6065995693206787,-0.750133603811264,1.1783665865659714,0.42823298275470734,1.1783665865659714,True,dec_s0,decoder,0,8,0.0032633333757985383,0.0021227665129117668,0.0022077053581597283,0.0016435735014965758,0.3267546707240878,0.5743048895238054
sahara_plain_2020-09-01T06:00:00,sahara_plain,local,hotspot,t1,q850_trace,precip_only,precip,29.47747747747748,351.12262293728037,9.714221232570708e-05,1.0,850,0.0,0.00060156406657309,0.9999999189408947,0.9999940826853131,5.836256054710361e-06,0.9442024230957031,2.550801992416382,0.1940688192844391,1.6065995693206787,-0.750133603811264,1.1783665865659714,0.42823298275470734,1.1783665865659714,True,dec_s1,decoder,1,10,0.004478876269422472,0.0031277355970814823,0.002879530913196504,0.0025752598652616144,0.10700677573226472,0.5239304496525283
sahara_plain_2020-09-01T06:00:00,sahara_plain,local,hotspot,t1,q850_trace,precip_only,precip,29.47747747747748,351.12262293728037,9.714221232570708e-05,1.0,850,0.0,0.00060156406657309,0.9999999189408947,0.9999940826853131,5.836256054710361e-06,0.9442024230957031,2.550801992416382,0.1940688192844391,1.6065995693206787,-0.750133603811264,1.1783665865659714,0.42823298275470734,1.1783665865659714,True,dec_s2,decoder,2,6,0.016667219810187817,0.010371744011839231,0.0112378493261834,0.008148316371565064,0.3966808437233141,0.5797758841122492
sahara_plain_2020-09-01T06:00:00,sahara_plain,local,low_near,t1,q850_trace,precip_zwd,precip,39.47747747747748,338.62262293728037,2.8684119115496287e-06,1.0,850,0.0,0.07453416149068323,1.0,0.8502438735502849,0.14975612644971514,0.779421865940094,0.7851070761680603,0.7747840881347656,0.005685210227966309,-0.004637777805328369,0.005161494016647339,0.0005237162113189697,0.005161494016647339,True,enc_s0,encoder,0,6,0.004900216435392697,0.004665376385673881,0.004631652884806196,0.0011985082334528367,0.8883031180543809,0.7940151512367581
sahara_plain_2020-09-01T06:00:00,sahara_plain,local,low_near,t1,q850_trace,precip_zwd,precip,39.47747747747748,338.62262293728037,2.8684119115496287e-06,1.0,850,0.0,0.07453416149068323,1.0,0.8502438735502849,0.14975612644971514,0.779421865940094,0.7851070761680603,0.7747840881347656,0.005685210227966309,-0.004637777805328369,0.005161494016647339,0.0005237162113189697,0.005161494016647339,True,enc_s1,encoder,1,10,0.002924412791617215,0.0027024121256545184,0.002348132897168398,0.0014643136179074644,0.5212626406239467,0.6483867820593299
sahara_plain_2020-09-01T06:00:00,sahara_plain,local,low_near,t1,q850_trace,precip_zwd,precip,39.47747747747748,338.62262293728037,2.8684119115496287e-06,1.0,850,0.0,0.07453416149068323,1.0,0.8502438735502849,0.14975612644971514,0.779421865940094,0.7851070761680603,0.7747840881347656,0.005685210227966309,-0.004637777805328369,0.005161494016647339,0.0005237162113189697,0.005161494016647339,True,enc_s2,encoder,2,8,0.0014352303114719689,0.001312188382144086,0.0011585608444875106,0.0007404552234220318,0.4336797722416582,0.610339222371707
sahara_plain_2020-09-01T06:00:00,sahara_plain,local,low_near,t1,q850_trace,precip_zwd,precip,39.47747747747748,338.62262293728037,2.8684119115496287e-06,1.0,850,0.0,0.07453416149068323,1.0,0.8502438735502849,0.14975612644971514,0.779421865940094,0.7851070761680603,0.7747840881347656,0.005685210227966309,-0.004637777805328369,0.005161494016647339,0.0005237162113189697,0.005161494016647339,True,dec_s0,decoder,0,8,0.0020074186177225783,0.0018726375710684806,0.0014813553425483406,0.0012524992125690915,0.17968912302349566,0.544045230989793
sahara_plain_2020-09-01T06:00:00,sahara_plain,local,low_near,t1,q850_trace,precip_zwd,precip,39.47747747747748,338.62262293728037,2.8684119115496287e-06,1.0,850,0.0,0.07453416149068323,1.0,0.8502438735502849,0.14975612644971514,0.779421865940094,0.7851070761680603,0.7747840881347656,0.005685210227966309,-0.004637777805328369,0.005161494016647339,0.0005237162113189697,0.005161494016647339,True,dec_s1,decoder,1,10,0.0033877431182190777,0.0031480007455684245,0.0023890892043709755,0.002232117287348956,0.06763065539356802,0.5159194113434805
sahara_plain_2020-09-01T06:00:00,sahara_plain,local,low_near,t1,q850_trace,precip_zwd,precip,39.47747747747748,338.62262293728037,2.8684119115496287e-06,1.0,850,0.0,0.07453416149068323,1.0,0.8502438735502849,0.14975612644971514,0.779421865940094,0.7851070761680603,0.7747840881347656,0.005685210227966309,-0.004637777805328369,0.005161494016647339,0.0005237162113189697,0.005161494016647339,True,dec_s2,decoder,2,6,0.012166550693412622,0.010736734761546055,0.009854502820720276,0.005876784135277073,0.5705936239065398,0.6262425117098844
sahara_plain_2020-09-01T06:00:00,sahara_plain,local,low_near,t1,q850_trace,precip_only,precip,39.47747747747748,338.62262293728037,2.8684119115496287e-06,1.0,850,0.0,0.07453416149068323,1.0,0.8502438735502849,0.14975612644971514,0.9442024230957031,0.9438148140907288,0.9410266876220703,-0.00038760900497436523,-0.0031757354736328125,0.0013940632343292236,-0.0017816722393035889,0.0017816722393035889,False,enc_s0,encoder,0,6,0.004869274018953244,0.0046788526233285666,0.004619140721236666,0.001209873512076835,0.8849860789830796,0.7920128354535484
sahara_plain_2020-09-01T06:00:00,sahara_plain,local,low_near,t1,q850_trace,precip_only,precip,39.47747747747748,338.62262293728037,2.8684119115496287e-06,1.0,850,0.0,0.07453416149068323,1.0,0.8502438735502849,0.14975612644971514,0.9442024230957031,0.9438148140907288,0.9410266876220703,-0.00038760900497436523,-0.0031757354736328125,0.0013940632343292236,-0.0017816722393035889,0.0017816722393035889,False,enc_s1,encoder,1,10,0.0029256919398903845,0.0027197577292099595,0.0023579529486596586,0.001466744573554024,0.5219788700902407,0.6488037245367456
sahara_plain_2020-09-01T06:00:00,sahara_plain,local,low_near,t1,q850_trace,precip_only,precip,39.47747747747748,338.62262293728037,2.8684119115496287e-06,1.0,850,0.0,0.07453416149068323,1.0,0.8502438735502849,0.14975612644971514,0.9442024230957031,0.9438148140907288,0.9410266876220703,-0.00038760900497436523,-0.0031757354736328125,0.0013940632343292236,-0.0017816722393035889,0.0017816722393035889,False,enc_s2,encoder,2,8,0.0014730766852153465,0.0013593529001809657,0.0011993338994216174,0.0007550887748948298,0.4471439477741671,0.6139081381778753
sahara_plain_2020-09-01T06:00:00,sahara_plain,local,low_near,t1,q850_trace,precip_only,precip,39.47747747747748,338.62262293728037,2.8684119115496287e-06,1.0,850,0.0,0.07453416149068323,1.0,0.8502438735502849,0.14975612644971514,0.9442024230957031,0.9438148140907288,0.9410266876220703,-0.00038760900497436523,-0.0031757354736328125,0.0013940632343292236,-0.0017816722393035889,0.0017816722393035889,False,dec_s0,decoder,0,8,0.002056993340374902,0.0019280871783848852,0.0015302485262509435,0.0012755847637890838,0.19395036941978827,0.5475803360659588
sahara_plain_2020-09-01T06:00:00,sahara_plain,local,low_near,t1,q850_trace,precip_only,precip,39.47747747747748,338.62262293728037,2.8684119115496287e-06,1.0,850,0.0,0.07453416149068323,1.0,0.8502438735502849,0.14975612644971514,0.9442024230957031,0.9438148140907288,0.9410266876220703,-0.00038760900497436523,-0.0031757354736328125,0.0013940632343292236,-0.0017816722393035889,0.0017816722393035889,False,dec_s1,decoder,1,10,0.0032914484036155045,0.003094847162719816,0.002309401228558272,0.0022065693396143616,0.04363344556455857,0.5102362717685531
sahara_plain_2020-09-01T06:00:00,sahara_plain,local,low_near,t1,q850_trace,precip_only,precip,39.47747747747748,338.62262293728037,2.8684119115496287e-06,1.0,850,0.0,0.07453416149068323,1.0,0.8502438735502849,0.14975612644971514,0.9442024230957031,0.9438148140907288,0.9410266876220703,-0.00038760900497436523,-0.0031757354736328125,0.0013940632343292236,-0.0017816722393035889,0.0017816722393035889,False,dec_s2,decoder,2,6,0.01230720275392135,0.01099774024138848,0.01006876165047288,0.0059015690349042416,0.5849070590425572,0.6302737115313021
sahara_plain_2020-09-01T06:00:00,sahara_plain,local,hotspot,t1,q850_trace,precip_zwd,zwd,29.47747747747748,351.12262293728037,9.714221232570708e-05,1.0,850,0.0,0.00060156406657309,0.9999999189408947,0.9999940826853131,5.836256054710361e-06,236.9904327392578,239.69302368164062,231.74571228027344,2.7025909423828125,-5.244720458984375,3.9736557006835938,-1.2710647583007812,3.9736557006835938,True,enc_s0,encoder,0,6,0.00483629674029847,0.004535780055448413,0.0045316490189482765,0.0012000025211212535,0.8820849910855194,0.7898027950903383
sahara_plain_2020-09-01T06:00:00,sahara_plain,local,hotspot,t1,q850_trace,precip_zwd,zwd,29.47747747747748,351.12262293728037,9.714221232570708e-05,1.0,850,0.0,0.00060156406657309,0.9999999189408947,0.9999940826853131,5.836256054710361e-06,236.9904327392578,239.69302368164062,231.74571228027344,2.7025909423828125,-5.244720458984375,3.9736557006835938,-1.2710647583007812,3.9736557006835938,True,enc_s1,encoder,1,10,0.003492312366142869,0.002689659292809665,0.002576937433332205,0.0016729364637285472,0.5141379259200671,0.6435914120132953
sahara_plain_2020-09-01T06:00:00,sahara_plain,local,hotspot,t1,q850_trace,precip_zwd,zwd,29.47747747747748,351.12262293728037,9.714221232570708e-05,1.0,850,0.0,0.00060156406657309,0.9999999189408947,0.9999940826853131,5.836256054710361e-06,236.9904327392578,239.69302368164062,231.74571228027344,2.7025909423828125,-5.244720458984375,3.9736557006835938,-1.2710647583007812,3.9736557006835938,True,enc_s2,encoder,2,8,0.001986186733120121,0.0013194686762290075,0.0013879601465305313,0.0009573555435054004,0.3961216702908976,0.5917603365424164
sahara_plain_2020-09-01T06:00:00,sahara_plain,local,hotspot,t1,q850_trace,precip_zwd,zwd,29.47747747747748,351.12262293728037,9.714221232570708e-05,1.0,850,0.0,0.00060156406657309,0.9999999189408947,0.9999940826853131,5.836256054710361e-06,236.9904327392578,239.69302368164062,231.74571228027344,2.7025909423828125,-5.244720458984375,3.9736557006835938,-1.2710647583007812,3.9736557006835938,True,dec_s0,decoder,0,8,0.0031497376039624214,0.0021151664259377867,0.0021629802795359865,0.0015863480657571927,0.3378112986857468,0.5779690387669323
sahara_plain_2020-09-01T06:00:00,sahara_plain,local,hotspot,t1,q850_trace,precip_zwd,zwd,29.47747747747748,351.12262293728037,9.714221232570708e-05,1.0,850,0.0,0.00060156406657309,0.9999999189408947,0.9999940826853131,5.836256054710361e-06,236.9904327392578,239.69302368164062,231.74571228027344,2.7025909423828125,-5.244720458984375,3.9736557006835938,-1.2710647583007812,3.9736557006835938,True,dec_s1,decoder,1,10,0.004535289853811264,0.0031875995569862424,0.0029403179418295623,0.002593084459658712,0.12158483782803928,0.5272787219047661
sahara_plain_2020-09-01T06:00:00,sahara_plain,local,hotspot,t1,q850_trace,precip_zwd,zwd,29.47747747747748,351.12262293728037,9.714221232570708e-05,1.0,850,0.0,0.00060156406657309,0.9999999189408947,0.9999940826853131,5.836256054710361e-06,236.9904327392578,239.69302368164062,231.74571228027344,2.7025909423828125,-5.244720458984375,3.9736557006835938,-1.2710647583007812,3.9736557006835938,True,dec_s2,decoder,2,6,0.016394391966362793,0.010260009672492743,0.011123063197980324,0.007956372573971748,0.40993755848914387,0.5829963519489255
sahara_plain_2020-09-01T06:00:00,sahara_plain,local,low_near,t1,q850_trace,precip_zwd,zwd,39.47747747747748,338.62262293728037,2.8684119115496287e-06,1.0,850,0.0,0.07453416149068323,1.0,0.8502438735502849,0.14975612644971514,236.9904327392578,237.0177764892578,236.97706604003906,0.02734375,-0.01336669921875,0.020355224609375,0.006988525390625,0.020355224609375,True,enc_s0,encoder,0,6,0.004900216435392697,0.004665376385673881,0.004631652884806196,0.0011985082334528367,0.8883031180543809,0.7940151512367581
sahara_plain_2020-09-01T06:00:00,sahara_plain,local,low_near,t1,q850_trace,precip_zwd,zwd,39.47747747747748,338.62262293728037,2.8684119115496287e-06,1.0,850,0.0,0.07453416149068323,1.0,0.8502438735502849,0.14975612644971514,236.9904327392578,237.0177764892578,236.97706604003906,0.02734375,-0.01336669921875,0.020355224609375,0.006988525390625,0.020355224609375,True,enc_s1,encoder,1,10,0.002924412791617215,0.0027024121256545184,0.002348132897168398,0.0014643136179074644,0.5212626406239467,0.6483867820593299
sahara_plain_2020-09-01T06:00:00,sahara_plain,local,low_near,t1,q850_trace,precip_zwd,zwd,39.47747747747748,338.62262293728037,2.8684119115496287e-06,1.0,850,0.0,0.07453416149068323,1.0,0.8502438735502849,0.14975612644971514,236.9904327392578,237.0177764892578,236.97706604003906,0.02734375,-0.01336669921875,0.020355224609375,0.006988525390625,0.020355224609375,True,enc_s2,encoder,2,8,0.0014352303114719689,0.001312188382144086,0.0011585608444875106,0.0007404552234220318,0.4336797722416582,0.610339222371707
sahara_plain_2020-09-01T06:00:00,sahara_plain,local,low_near,t1,q850_trace,precip_zwd,zwd,39.47747747747748,338.62262293728037,2.8684119115496287e-06,1.0,850,0.0,0.07453416149068323,1.0,0.8502438735502849,0.14975612644971514,236.9904327392578,237.0177764892578,236.97706604003906,0.02734375,-0.01336669921875,0.020355224609375,0.006988525390625,0.020355224609375,True,dec_s0,decoder,0,8,0.0020074186177225783,0.0018726375710684806,0.0014813553425483406,0.0012524992125690915,0.17968912302349566,0.544045230989793
sahara_plain_2020-09-01T06:00:00,sahara_plain,local,low_near,t1,q850_trace,precip_zwd,zwd,39.47747747747748,338.62262293728037,2.8684119115496287e-06,1.0,850,0.0,0.07453416149068323,1.0,0.8502438735502849,0.14975612644971514,236.9904327392578,237.0177764892578,236.97706604003906,0.02734375,-0.01336669921875,0.020355224609375,0.006988525390625,0.020355224609375,True,dec_s1,decoder,1,10,0.0033877431182190777,0.0031480007455684245,0.0023890892043709755,0.002232117287348956,0.06763065539356802,0.5159194113434805
sahara_plain_2020-09-01T06:00:00,sahara_plain,local,low_near,t1,q850_trace,precip_zwd,zwd,39.47747747747748,338.62262293728037,2.8684119115496287e-06,1.0,850,0.0,0.07453416149068323,1.0,0.8502438735502849,0.14975612644971514,236.9904327392578,237.0177764892578,236.97706604003906,0.02734375,-0.01336669921875,0.020355224609375,0.006988525390625,0.020355224609375,True,dec_s2,decoder,2,6,0.012166550693412622,0.010736734761546055,0.009854502820720276,0.005876784135277073,0.5705936239065398,0.6262425117098844
sahara_plain_2020-09-01T06:00:00,sahara_plain,synoptic,hotspot,t1,q850_trace,precip_zwd,precip,31.97747747747748,351.12262293728037,0.00018687859119381756,1.0,850,0.0,0.032484486792580786,1.0,0.9184410132512141,0.08155898674878596,0.779421865940094,2.5302529335021973,0.17813535034656525,1.7508310675621033,-0.6012865155935287,1.176058791577816,0.5747722759842873,1.176058791577816,True,enc_s0,encoder,0,6,0.01188633389150103,0.011087652606268724,0.011098757541428009,0.0029866290278732777,0.8714463281283781,0.7875268267729753
sahara_plain_2020-09-01T06:00:00,sahara_plain,synoptic,hotspot,t1,q850_trace,precip_zwd,precip,31.97747747747748,351.12262293728037,0.00018687859119381756,1.0,850,0.0,0.032484486792580786,1.0,0.9184410132512141,0.08155898674878596,0.779421865940094,2.5302529335021973,0.17813535034656525,1.7508310675621033,-0.6012865155935287,1.176058791577816,0.5747722759842873,1.176058791577816,True,enc_s1,encoder,1,10,0.006480858847498894,0.005717930477112531,0.005446956912055612,0.002657706441823393,0.6610788305584527,0.6912337925169137
sahara_plain_2020-09-01T06:00:00,sahara_plain,synoptic,hotspot,t1,q850_trace,precip_zwd,precip,31.97747747747748,351.12262293728037,0.00018687859119381756,1.0,850,0.0,0.032484486792580786,1.0,0.9184410132512141,0.08155898674878596,0.779421865940094,2.5302529335021973,0.17813535034656525,1.7508310675621033,-0.6012865155935287,1.176058791577816,0.5747722759842873,1.176058791577816,True,enc_s2,encoder,2,8,0.003392248705495149,0.0026193131925538182,0.002685160841792822,0.001405016242642887,0.6096201765861936,0.6565500652677627
sahara_plain_2020-09-01T06:00:00,sahara_plain,synoptic,hotspot,t1,q850_trace,precip_zwd,precip,31.97747747747748,351.12262293728037,0.00018687859119381756,1.0,850,0.0,0.032484486792580786,1.0,0.9184410132512141,0.08155898674878596,0.779421865940094,2.5302529335021973,0.17813535034656525,1.7508310675621033,-0.6012865155935287,1.176058791577816,0.5747722759842873,1.176058791577816,True,dec_s0,decoder,0,8,0.005104266863781959,0.003918030415661633,0.004000098793767393,0.0021677810727851465,0.5860220640032934,0.6490429441172066
sahara_plain_2020-09-01T06:00:00,sahara_plain,synoptic,hotspot,t1,q850_trace,precip_zwd,precip,31.97747747747748,351.12262293728037,0.00018687859119381756,1.0,850,0.0,0.032484486792580786,1.0,0.9184410132512141,0.08155898674878596,0.779421865940094,2.5302529335021973,0.17813535034656525,1.7508310675621033,-0.6012865155935287,1.176058791577816,0.5747722759842873,1.176058791577816,True,dec_s1,decoder,1,10,0.006937451940029859,0.005040014558471739,0.005110525246709585,0.0032658156473189593,0.48292670539959576,0.6122156744767396
sahara_plain_2020-09-01T06:00:00,sahara_plain,synoptic,hotspot,t1,q850_trace,precip_zwd,precip,31.97747747747748,351.12262293728037,0.00018687859119381756,1.0,850,0.0,0.032484486792580786,1.0,0.9184410132512141,0.08155898674878596,0.779421865940094,2.5302529335021973,0.17813535034656525,1.7508310675621033,-0.6012865155935287,1.176058791577816,0.5747722759842873,1.176058791577816,True,dec_s2,decoder,2,6,0.026779403289159138,0.019306040989855926,0.020715564178923767,0.010760942474007607,0.6721304143995992,0.6582078856517589
sahara_plain_2020-09-01T06:00:00,sahara_plain,synoptic,hotspot,t1,q850_trace,precip_only,precip,31.97747747747748,351.12262293728037,0.00018687859119381756,1.0,850,0.0,0.032484486792580786,1.0,0.9184410132512141,0.08155898674878596,0.9442024230957031,2.6649348735809326,0.17573413252830505,1.7207324504852295,-0.7684682905673981,1.2446003705263138,0.4761320799589157,1.2446003705263138,True,enc_s0,encoder,0,6,0.01171915465965867,0.010896829888224602,0.010924947448074818,0.002945893599341313,0.8713637653087943,0.7872036086293512
sahara_plain_2020-09-01T06:00:00,sahara_plain,synoptic,hotspot,t1,q850_trace,precip_only,precip,31.97747747747748,351.12262293728037,0.00018687859119381756,1.0,850,0.0,0.032484486792580786,1.0,0.9184410132512141,0.08155898674878596,0.9442024230957031,2.6649348735809326,0.17573413252830505,1.7207324504852295,-0.7684682905673981,1.2446003705263138,0.4761320799589157,1.2446003705263138,True,enc_s1,encoder,1,10,0.006460485514253378,0.00566316032782197,0.005396768637001515,0.0026750286924652755,0.6534779727137587,0.6885460908230411
sahara_plain_2020-09-01T06:00:00,sahara_plain,synoptic,hotspot,t1,q850_trace,precip_only,precip,31.97747747747748,351.12262293728037,0.00018687859119381756,1.0,850,0.0,0.032484486792580786,1.0,0.9184410132512141,0.08155898674878596,0.9442024230957031,2.6649348735809326,0.17573413252830505,1.7207324504852295,-0.7684682905673981,1.2446003705263138,0.4761320799589157,1.2446003705263138,True,enc_s2,encoder,2,8,0.003491774230496958,0.0026387656398583204,0.0027304805407766253,0.001456821250030771,0.5984430604799809,0.6521677444349328
sahara_plain_2020-09-01T06:00:00,sahara_plain,synoptic,hotspot,t1,q850_trace,precip_only,precip,31.97747747747748,351.12262293728037,0.00018687859119381756,1.0,850,0.0,0.032484486792580786,1.0,0.9184410132512141,0.08155898674878596,0.9442024230957031,2.6649348735809326,0.17573413252830505,1.7207324504852295,-0.7684682905673981,1.2446003705263138,0.4761320799589157,1.2446003705263138,True,dec_s0,decoder,0,8,0.005177073704544455,0.0038966702995821834,0.003999325592303649,0.0022351556399371475,0.565702853369344,0.642026609998847
sahara_plain_2020-09-01T06:00:00,sahara_plain,synoptic,hotspot,t1,q850_trace,precip_only,precip,31.97747747747748,351.12262293728037,0.00018687859119381756,1.0,850,0.0,0.032484486792580786,1.0,0.9184410132512141,0.08155898674878596,0.9442024230957031,2.6649348735809326,0.17573413252830505,1.7207324504852295,-0.7684682905673981,1.2446003705263138,0.4761320799589157,1.2446003705263138,True,dec_s1,decoder,1,10,0.006660633627325297,0.00477042265702039,0.004836048884317279,0.0031923900824040174,0.45094565538438164,0.6037299524317
sahara_plain_2020-09-01T06:00:00,sahara_plain,synoptic,hotspot,t1,q850_trace,precip_only,precip,31.97747747747748,351.12262293728037,0.00018687859119381756,1.0,850,0.0,0.032484486792580786,1.0,0.9184410132512141,0.08155898674878596,0.9442024230957031,2.6649348735809326,0.17573413252830505,1.7207324504852295,-0.7684682905673981,1.2446003705263138,0.4761320799589157,1.2446003705263138,True,dec_s2,decoder,2,6,0.026646173559129238,0.01908149228741725,0.020483012000719707,0.010839220757285753,0.6610011397529078,0.6541513237651193
sahara_plain_2020-09-01T06:00:00,sahara_plain,synoptic,low_near,t1,q850_trace,precip_zwd,precip,46.97747747747748,351.12262293728037,2.2283971702563576e-05,1.0,850,0.0,0.03154677436961031,1.0,0.9564037378586037,0.04359626214139634,0.779421865940094,0.7829261422157288,0.7561286687850952,0.0035042762756347656,-0.02329319715499878,0.013398736715316772,-0.009894460439682007,0.013398736715316772,True,enc_s0,encoder,0,6,0.016069714756061632,0.015752325144906838,0.015375277027487755,0.004096374846994877,0.8695117777289099,0.7888864192939383
sahara_plain_2020-09-01T06:00:00,sahara_plain,synoptic,low_near,t1,q850_trace,precip_zwd,precip,46.97747747747748,351.12262293728037,2.2283971702563576e-05,1.0,850,0.0,0.03154677436961031,1.0,0.9564037378586037,0.04359626214139634,0.779421865940094,0.7829261422157288,0.7561286687850952,0.0035042762756347656,-0.02329319715499878,0.013398736715316772,-0.009894460439682007,0.013398736715316772,True,enc_s1,encoder,1,10,0.010596201848238706,0.008372144494205713,0.008443001052364707,0.004386163828894496,0.6294137732120717,0.6716085299008957
sahara_plain_2020-09-01T06:00:00,sahara_plain,synoptic,low_near,t1,q850_trace,precip_zwd,precip,46.97747747747748,351.12262293728037,2.2283971702563576e-05,1.0,850,0.0,0.03154677436961031,1.0,0.9564037378586037,0.04359626214139634,0.779421865940094,0.7829261422157288,0.7561286687850952,0.0035042762756347656,-0.02329319715499878,0.013398736715316772,-0.009894460439682007,0.013398736715316772,True,enc_s2,encoder,2,8,0.004688011307734996,0.0034254234342370182,0.0036338810168672353,0.001910520499222912,0.6139466805426141,0.6555463899995327
sahara_plain_2020-09-01T06:00:00,sahara_plain,synoptic,low_near,t1,q850_trace,precip_zwd,precip,46.97747747747748,351.12262293728037,2.2283971702563576e-05,1.0,850,0.0,0.03154677436961031,1.0,0.9564037378586037,0.04359626214139634,0.779421865940094,0.7829261422157288,0.7561286687850952,0.0035042762756347656,-0.02329319715499878,0.013398736715316772,-0.009894460439682007,0.013398736715316772,True,dec_s0,decoder,0,8,0.006712376663926989,0.004536480351816863,0.004966684617102146,0.0028547104739118367,0.563830052464865,0.6351746446503888
sahara_plain_2020-09-01T06:00:00,sahara_plain,synoptic,low_near,t1,q850_trace,precip_zwd,precip,46.97747747747748,351.12262293728037,2.2283971702563576e-05,1.0,850,0.0,0.03154677436961031,1.0,0.9564037378586037,0.04359626214139634,0.779421865940094,0.7829261422157288,0.7561286687850952,0.0035042762756347656,-0.02329319715499878,0.013398736715316772,-0.009894460439682007,0.013398736715316772,True,dec_s1,decoder,1,10,0.007548870565369725,0.006550960312597454,0.006135578732937574,0.0035046578850597143,0.5719346299955117,0.6400631605270639
sahara_plain_2020-09-01T06:00:00,sahara_plain,synoptic,low_near,t1,q850_trace,precip_zwd,precip,46.97747747747748,351.12262293728037,2.2283971702563576e-05,1.0,850,0.0,0.03154677436961031,1.0,0.9564037378586037,0.04359626214139634,0.779421865940094,0.7829261422157288,0.7561286687850952,0.0035042762756347656,-0.02329319715499878,0.013398736715316772,-0.009894460439682007,0.013398736715316772,True,dec_s2,decoder,2,6,0.028459242545068264,0.026617159756521385,0.025657805303732555,0.010043518462528786,0.7926523668041697,0.718740313400185
sahara_plain_2020-09-01T06:00:00,sahara_plain,synoptic,low_near,t1,q850_trace,precip_only,precip,46.97747747747748,351.12262293728037,2.2283971702563576e-05,1.0,850,0.0,0.03154677436961031,1.0,0.9564037378586037,0.04359626214139634,0.9442024230957031,0.9352437853813171,0.917401134967804,-0.008958637714385986,-0.02680128812789917,0.008921325206756592,-0.017879962921142578,0.017879962921142578,False,enc_s0,encoder,0,6,0.015882691368460655,0.015551470530529818,0.015179605688899755,0.004078822443261743,0.8674856323667948,0.7874358131852447
sahara_plain_2020-09-01T06:00:00,sahara_plain,synoptic,low_near,t1,q850_trace,precip_only,precip,46.97747747747748,351.12262293728037,2.2283971702563576e-05,1.0,850,0.0,0.03154677436961031,1.0,0.9564037378586037,0.04359626214139634,0.9442024230957031,0.9352437853813171,0.917401134967804,-0.008958637714385986,-0.02680128812789917,0.008921325206756592,-0.017879962921142578,0.017879962921142578,False,enc_s1,encoder,1,10,0.010764593072235585,0.00839081434533,0.00842854818329215,0.00460353777743876,0.6004350757605271,0.6619962185003867
sahara_plain_2020-09-01T06:00:00,sahara_plain,synoptic,low_near,t1,q850_trace,precip_only,precip,46.97747747747748,351.12262293728037,2.2283971702563576e-05,1.0,850,0.0,0.03154677436961031,1.0,0.9564037378586037,0.04359626214139634,0.9442024230957031,0.9352437853813171,0.917401134967804,-0.008958637714385986,-0.02680128812789917,0.008921325206756592,-0.017879962921142578,0.017879962921142578,False,enc_s2,encoder,2,8,0.004939354490488768,0.00355554764973931,0.00377732195192948,0.0020618256385205314,0.5874988430733172,0.6470374018113891
sahara_plain_2020-09-01T06:00:00,sahara_plain,synoptic,low_near,t1,q850_trace,precip_only,precip,46.97747747747748,351.12262293728037,2.2283971702563576e-05,1.0,850,0.0,0.03154677436961031,1.0,0.9564037378586037,0.04359626214139634,0.9442024230957031,0.9352437853813171,0.917401134967804,-0.008958637714385986,-0.02680128812789917,0.008921325206756592,-0.017879962921142578,0.017879962921142578,False,dec_s0,decoder,0,8,0.00722577003762126,0.004693582479376346,0.005223846121225506,0.0031355923565570265,0.533988955508801,0.6250147707564511
sahara_plain_2020-09-01T06:00:00,sahara_plain,synoptic,low_near,t1,q850_trace,precip_only,precip,46.97747747747748,351.12262293728037,2.2283971702563576e-05,1.0,850,0.0,0.03154677436961031,1.0,0.9564037378586037,0.04359626214139634,0.9442024230957031,0.9352437853813171,0.917401134967804,-0.008958637714385986,-0.02680128812789917,0.008921325206756592,-0.017879962921142578,0.017879962921142578,False,dec_s1,decoder,1,10,0.007543112244457006,0.006397558865137399,0.006001349864527583,0.0035888106212951243,0.5345966029277279,0.6288217043099598
sahara_plain_2020-09-01T06:00:00,sahara_plain,synoptic,low_near,t1,q850_trace,precip_only,precip,46.97747747747748,351.12262293728037,2.2283971702563576e-05,1.0,850,0.0,0.03154677436961031,1.0,0.9564037378586037,0.04359626214139634,0.9442024230957031,0.9352437853813171,0.917401134967804,-0.008958637714385986,-0.02680128812789917,0.008921325206756592,-0.017879962921142578,0.017879962921142578,False,dec_s2,decoder,2,6,0.028941501552859943,0.0271288575604558,0.026029829867184162,0.010450563703974089,0.7785646723031281,0.7136872770616297
sahara_plain_2020-09-01T06:00:00,sahara_plain,synoptic,hotspot,t1,q850_trace,precip_zwd,zwd,31.97747747747748,351.12262293728037,0.00018687859119381756,1.0,850,0.0,0.032484486792580786,1.0,0.9184410132512141,0.08155898674878596,236.9904327392578,239.41015625,231.5727996826172,2.4197235107421875,-5.417633056640625,3.9186782836914062,-1.4989547729492188,3.9186782836914062,True,enc_s0,encoder,0,6,0.01188633389150103,0.011087652606268724,0.011098757541428009,0.0029866290278732777,0.8714463281283781,0.7875268267729753
sahara_plain_2020-09-01T06:00:00,sahara_plain,synoptic,hotspot,t1,q850_trace,precip_zwd,zwd,31.97747747747748,351.12262293728037,0.00018687859119381756,1.0,850,0.0,0.032484486792580786,1.0,0.9184410132512141,0.08155898674878596,236.9904327392578,239.41015625,231.5727996826172,2.4197235107421875,-5.417633056640625,3.9186782836914062,-1.4989547729492188,3.9186782836914062,True,enc_s1,encoder,1,10,0.006480858847498894,0.005717930477112531,0.005446956912055612,0.002657706441823393,0.6610788305584527,0.6912337925169137
sahara_plain_2020-09-01T06:00:00,sahara_plain,synoptic,hotspot,t1,q850_trace,precip_zwd,zwd,31.97747747747748,351.12262293728037,0.00018687859119381756,1.0,850,0.0,0.032484486792580786,1.0,0.9184410132512141,0.08155898674878596,236.9904327392578,239.41015625,231.5727996826172,2.4197235107421875,-5.417633056640625,3.9186782836914062,-1.4989547729492188,3.9186782836914062,True,enc_s2,encoder,2,8,0.003392248705495149,0.0026193131925538182,0.002685160841792822,0.001405016242642887,0.6096201765861936,0.6565500652677627
sahara_plain_2020-09-01T06:00:00,sahara_plain,synoptic,hotspot,t1,q850_trace,precip_zwd,zwd,31.97747747747748,351.12262293728037,0.00018687859119381756,1.0,850,0.0,0.032484486792580786,1.0,0.9184410132512141,0.08155898674878596,236.9904327392578,239.41015625,231.5727996826172,2.4197235107421875,-5.417633056640625,3.9186782836914062,-1.4989547729492188,3.9186782836914062,True,dec_s0,decoder,0,8,0.005104266863781959,0.003918030415661633,0.004000098793767393,0.0021677810727851465,0.5860220640032934,0.6490429441172066
sahara_plain_2020-09-01T06:00:00,sahara_plain,synoptic,hotspot,t1,q850_trace,precip_zwd,zwd,31.97747747747748,351.12262293728037,0.00018687859119381756,1.0,850,0.0,0.032484486792580786,1.0,0.9184410132512141,0.08155898674878596,236.9904327392578,239.41015625,231.5727996826172,2.4197235107421875,-5.417633056640625,3.9186782836914062,-1.4989547729492188,3.9186782836914062,True,dec_s1,decoder,1,10,0.006937451940029859,0.005040014558471739,0.005110525246709585,0.0032658156473189593,0.48292670539959576,0.6122156744767396
sahara_plain_2020-09-01T06:00:00,sahara_plain,synoptic,hotspot,t1,q850_trace,precip_zwd,zwd,31.97747747747748,351.12262293728037,0.00018687859119381756,1.0,850,0.0,0.032484486792580786,1.0,0.9184410132512141,0.08155898674878596,236.9904327392578,239.41015625,231.5727996826172,2.4197235107421875,-5.417633056640625,3.9186782836914062,-1.4989547729492188,3.9186782836914062,True,dec_s2,decoder,2,6,0.026779403289159138,0.019306040989855926,0.020715564178923767,0.010760942474007607,0.6721304143995992,0.6582078856517589
sahara_plain_2020-09-01T06:00:00,sahara_plain,synoptic,low_near,t1,q850_trace,precip_zwd,zwd,46.97747747747748,351.12262293728037,2.2283971702563576e-05,1.0,850,0.0,0.03154677436961031,1.0,0.9564037378586037,0.04359626214139634,236.9904327392578,236.845458984375,237.08546447753906,-0.1449737548828125,0.09503173828125,-0.12000274658203125,-0.02497100830078125,0.12000274658203125,True,enc_s0,encoder,0,6,0.016069714756061632,0.015752325144906838,0.015375277027487755,0.004096374846994877,0.8695117777289099,0.7888864192939383
sahara_plain_2020-09-01T06:00:00,sahara_plain,synoptic,low_near,t1,q850_trace,precip_zwd,zwd,46.97747747747748,351.12262293728037,2.2283971702563576e-05,1.0,850,0.0,0.03154677436961031,1.0,0.9564037378586037,0.04359626214139634,236.9904327392578,236.845458984375,237.08546447753906,-0.1449737548828125,0.09503173828125,-0.12000274658203125,-0.02497100830078125,0.12000274658203125,True,enc_s1,encoder,1,10,0.010596201848238706,0.008372144494205713,0.008443001052364707,0.004386163828894496,0.6294137732120717,0.6716085299008957
sahara_plain_2020-09-01T06:00:00,sahara_plain,synoptic,low_near,t1,q850_trace,precip_zwd,zwd,46.97747747747748,351.12262293728037,2.2283971702563576e-05,1.0,850,0.0,0.03154677436961031,1.0,0.9564037378586037,0.04359626214139634,236.9904327392578,236.845458984375,237.08546447753906,-0.1449737548828125,0.09503173828125,-0.12000274658203125,-0.02497100830078125,0.12000274658203125,True,enc_s2,encoder,2,8,0.004688011307734996,0.0034254234342370182,0.0036338810168672353,0.001910520499222912,0.6139466805426141,0.6555463899995327
sahara_plain_2020-09-01T06:00:00,sahara_plain,synoptic,low_near,t1,q850_trace,precip_zwd,zwd,46.97747747747748,351.12262293728037,2.2283971702563576e-05,1.0,850,0.0,0.03154677436961031,1.0,0.9564037378586037,0.04359626214139634,236.9904327392578,236.845458984375,237.08546447753906,-0.1449737548828125,0.09503173828125,-0.12000274658203125,-0.02497100830078125,0.12000274658203125,True,dec_s0,decoder,0,8,0.006712376663926989,0.004536480351816863,0.004966684617102146,0.0028547104739118367,0.563830052464865,0.6351746446503888
sahara_plain_2020-09-01T06:00:00,sahara_plain,synoptic,low_near,t1,q850_trace,precip_zwd,zwd,46.97747747747748,351.12262293728037,2.2283971702563576e-05,1.0,850,0.0,0.03154677436961031,1.0,0.9564037378586037,0.04359626214139634,236.9904327392578,236.845458984375,237.08546447753906,-0.1449737548828125,0.09503173828125,-0.12000274658203125,-0.02497100830078125,0.12000274658203125,True,dec_s1,decoder,1,10,0.007548870565369725,0.006550960312597454,0.006135578732937574,0.0035046578850597143,0.5719346299955117,0.6400631605270639
sahara_plain_2020-09-01T06:00:00,sahara_plain,synoptic,low_near,t1,q850_trace,precip_zwd,zwd,46.97747747747748,351.12262293728037,2.2283971702563576e-05,1.0,850,0.0,0.03154677436961031,1.0,0.9564037378586037,0.04359626214139634,236.9904327392578,236.845458984375,237.08546447753906,-0.1449737548828125,0.09503173828125,-0.12000274658203125,-0.02497100830078125,0.12000274658203125,True,dec_s2,decoder,2,6,0.028459242545068264,0.026617159756521385,0.025657805303732555,0.010043518462528786,0.7926523668041697,0.718740313400185
ticino_2020-10-03T00:00:00,ticino,local,hotspot,t1,q850_trace,precip_zwd,precip,46.22747747747748,8.680083446444733,0.00010671580821508542,1.0,850,0.0,0.0,1.0,1.0,0.0,5.285183906555176,5.150018215179443,5.386125087738037,-0.13516569137573242,0.10094118118286133,-0.11805343627929688,-0.017112255096435547,0.11805343627929688,True,enc_s0,encoder,0,6,0.0054423528878639145,0.005036017779881756,0.005075373997290929,0.0013104548949437838,0.8868976573779784,0.7938634284724976
ticino_2020-10-03T00:00:00,ticino,local,hotspot,t1,q850_trace,precip_zwd,precip,46.22747747747748,8.680083446444733,0.00010671580821508542,1.0,850,0.0,0.0,1.0,1.0,0.0,5.285183906555176,5.150018215179443,5.386125087738037,-0.13516569137573242,0.10094118118286133,-0.11805343627929688,-0.017112255096435547,0.11805343627929688,True,enc_s1,encoder,1,10,0.004815083858557045,0.0035300548654049633,0.003653001086786389,0.002081008756067604,0.5885127841345156,0.6536859327228441
ticino_2020-10-03T00:00:00,ticino,local,hotspot,t1,q850_trace,precip_zwd,precip,46.22747747747748,8.680083446444733,0.00010671580821508542,1.0,850,0.0,0.0,1.0,1.0,0.0,5.285183906555176,5.150018215179443,5.386125087738037,-0.13516569137573242,0.10094118118286133,-0.11805343627929688,-0.017112255096435547,0.11805343627929688,True,enc_s2,encoder,2,8,0.001862427539890632,0.0014658822765341029,0.0014203813334461302,0.0008895158171071671,0.46169172111098894,0.614944575668078
ticino_2020-10-03T00:00:00,ticino,local,hotspot,t1,q850_trace,precip_zwd,precip,46.22747747747748,8.680083446444733,0.00010671580821508542,1.0,850,0.0,0.0,1.0,1.0,0.0,5.285183906555176,5.150018215179443,5.386125087738037,-0.13516569137573242,0.10094118118286133,-0.11805343627929688,-0.017112255096435547,0.11805343627929688,True,dec_s0,decoder,0,8,0.0027651743730530143,0.002202116957050748,0.0020952848572051153,0.0013628214655909687,0.43220893368987334,0.606372410512467
ticino_2020-10-03T00:00:00,ticino,local,hotspot,t1,q850_trace,precip_zwd,precip,46.22747747747748,8.680083446444733,0.00010671580821508542,1.0,850,0.0,0.0,1.0,1.0,0.0,5.285183906555176,5.150018215179443,5.386125087738037,-0.13516569137573242,0.10094118118286133,-0.11805343627929688,-0.017112255096435547,0.11805343627929688,True,dec_s1,decoder,1,10,0.003883578209206462,0.0035370585159398616,0.0028785813599824907,0.002344510518014431,0.18851820104183187,0.5448506762873699
ticino_2020-10-03T00:00:00,ticino,local,hotspot,t1,q850_trace,precip_zwd,precip,46.22747747747748,8.680083446444733,0.00010671580821508542,1.0,850,0.0,0.0,1.0,1.0,0.0,5.285183906555176,5.150018215179443,5.386125087738037,-0.13516569137573242,0.10094118118286133,-0.11805343627929688,-0.017112255096435547,0.11805343627929688,True,dec_s2,decoder,2,6,0.012898309311519066,0.01170853649576505,0.010388527531176805,0.0066185280835876865,0.48998889150614683,0.6107838997636038
ticino_2020-10-03T00:00:00,ticino,local,hotspot,t1,q850_trace,precip_only,precip,46.22747747747748,8.680083446444733,0.00010671580821508542,1.0,850,0.0,0.0,1.0,1.0,0.0,5.211898326873779,5.137478351593018,5.212145805358887,-0.07441997528076172,0.0002474784851074219,-0.03733372688293457,-0.03708624839782715,0.03733372688293457,True,enc_s0,encoder,0,6,0.005476106113443772,0.005031389184296131,0.00509162712842226,0.0013087478970798354,0.8884457359811971,0.7947012851610901
ticino_2020-10-03T00:00:00,ticino,local,hotspot,t1,q850_trace,precip_only,precip,46.22747747747748,8.680083446444733,0.00010671580821508542,1.0,850,0.0,0.0,1.0,1.0,0.0,5.211898326873779,5.137478351593018,5.212145805358887,-0.07441997528076172,0.0002474784851074219,-0.03733372688293457,-0.03708624839782715,0.03733372688293457,True,enc_s1,encoder,1,10,0.004871285357512534,0.003530676057562232,0.0036728456849232315,0.002112526848213747,0.5816327485976736,0.6508456849288184
ticino_2020-10-03T00:00:00,ticino,local,hotspot,t1,q850_trace,precip_only,precip,46.22747747747748,8.680083446444733,0.00010671580821508542,1.0,850,0.0,0.0,1.0,1.0,0.0,5.211898326873779,5.137478351593018,5.212145805358887,-0.07441997528076172,0.0002474784851074219,-0.03733372688293457,-0.03708624839782715,0.03733372688293457,True,enc_s2,encoder,2,8,0.0019308929331600666,0.001492801253334619,0.0014593162050005049,0.0009213041557813995,0.45668388683901995,0.6130275376049532
ticino_2020-10-03T00:00:00,ticino,local,hotspot,t1,q850_trace,precip_only,precip,46.22747747747748,8.680083446444733,0.00010671580821508542,1.0,850,0.0,0.0,1.0,1.0,0.0,5.211898326873779,5.137478351593018,5.212145805358887,-0.07441997528076172,0.0002474784851074219,-0.03733372688293457,-0.03708624839782715,0.03733372688293457,True,dec_s0,decoder,0,8,0.0028511805285234004,0.0022375188273144886,0.0021437402901938185,0.0014043147239135578,0.4270687789978217,0.604632870389928
ticino_2020-10-03T00:00:00,ticino,local,hotspot,t1,q850_trace,precip_only,precip,46.22747747747748,8.680083446444733,0.00010671580821508542,1.0,850,0.0,0.0,1.0,1.0,0.0,5.211898326873779,5.137478351593018,5.212145805358887,-0.07441997528076172,0.0002474784851074219,-0.03733372688293457,-0.03708624839782715,0.03733372688293457,True,dec_s1,decoder,1,10,0.003894781973212957,0.0035289976745843886,0.002888674079440534,0.002334780606906861,0.19418268374078446,0.5462044328989276
ticino_2020-10-03T00:00:00,ticino,local,hotspot,t1,q850_trace,precip_only,precip,46.22747747747748,8.680083446444733,0.00010671580821508542,1.0,850,0.0,0.0,1.0,1.0,0.0,5.211898326873779,5.137478351593018,5.212145805358887,-0.07441997528076172,0.0002474784851074219,-0.03733372688293457,-0.03708624839782715,0.03733372688293457,True,dec_s2,decoder,2,6,0.013318407349288464,0.012131141343464455,0.01078619963179032,0.006777148228138685,0.5070890553756819,0.6140936549018406
ticino_2020-10-03T00:00:00,ticino,local,low_near,t1,q850_trace,precip_zwd,precip,61.22747747747748,358.6800834464447,1.1939338264710386e-06,1.0,850,0.0,0.011416537353136776,1.0,0.9870302379488319,0.012969762051168052,5.285183906555176,5.289667129516602,5.286586284637451,0.004483222961425781,0.0014023780822753906,0.0015404224395751953,0.002942800521850586,0.002942800521850586,False,enc_s0,encoder,0,6,0.008514400261143843,0.008027214867373308,0.0079336225365599,0.0023465086317931614,0.8451501782413017,0.7708577730675281
ticino_2020-10-03T00:00:00,ticino,local,low_near,t1,q850_trace,precip_zwd,precip,61.22747747747748,358.6800834464447,1.1939338264710386e-06,1.0,850,0.0,0.011416537353136776,1.0,0.9870302379488319,0.012969762051168052,5.285183906555176,5.289667129516602,5.286586284637451,0.004483222961425781,0.0014023780822753906,0.0015404224395751953,0.002942800521850586,0.002942800521850586,False,enc_s1,encoder,1,10,0.007711742352694273,0.004957590228877961,0.005361446365714073,0.0035906363162212076,0.4698837614875324,0.614461569680179
ticino_2020-10-03T00:00:00,ticino,local,low_near,t1,q850_trace,precip_zwd,precip,61.22747747747748,358.6800834464447,1.1939338264710386e-06,1.0,850,0.0,0.011416537353136776,1.0,0.9870302379488319,0.012969762051168052,5.285183906555176,5.289667129516602,5.286586284637451,0.004483222961425781,0.0014023780822753906,0.0015404224395751953,0.002942800521850586,0.002942800521850586,False,enc_s2,encoder,2,8,0.0031949795957189053,0.0020991599303670228,0.0022381680901162326,0.001515839743660763,0.4167074708977281,0.5962730173934286
ticino_2020-10-03T00:00:00,ticino,local,low_near,t1,q850_trace,precip_zwd,precip,61.22747747747748,358.6800834464447,1.1939338264710386e-06,1.0,850,0.0,0.011416537353136776,1.0,0.9870302379488319,0.012969762051168052,5.285183906555176,5.289667129516602,5.286586284637451,0.004483222961425781,0.0014023780822753906,0.0015404224395751953,0.002942800521850586,0.002942800521850586,False,dec_s0,decoder,0,8,0.00410302888485603,0.002791924140183255,0.0028659858216997236,0.0020254749251762405,0.37444348224182955,0.5860570968010153
ticino_2020-10-03T00:00:00,ticino,local,low_near,t1,q850_trace,precip_zwd,precip,61.22747747747748,358.6800834464447,1.1939338264710386e-06,1.0,850,0.0,0.011416537353136776,1.0,0.9870302379488319,0.012969762051168052,5.285183906555176,5.289667129516602,5.286586284637451,0.004483222961425781,0.0014023780822753906,0.0015404224395751953,0.002942800521850586,0.002942800521850586,False,dec_s1,decoder,1,10,0.005568095250055194,0.005156233138404786,0.004372625239193439,0.003110530343838036,0.36512707515452764,0.5858228155590419
ticino_2020-10-03T00:00:00,ticino,local,low_near,t1,q850_trace,precip_zwd,precip,61.22747747747748,358.6800834464447,1.1939338264710386e-06,1.0,850,0.0,0.011416537353136776,1.0,0.9870302379488319,0.012969762051168052,5.285183906555176,5.289667129516602,5.286586284637451,0.004483222961425781,0.0014023780822753906,0.0015404224395751953,0.002942800521850586,0.002942800521850586,False,dec_s2,decoder,2,6,0.01687203285594781,0.017597566669185955,0.01492055164029201,0.008633886929601431,0.5822968647903791,0.6335575401165013
ticino_2020-10-03T00:00:00,ticino,local,low_near,t1,q850_trace,precip_only,precip,61.22747747747748,358.6800834464447,1.1939338264710386e-06,1.0,850,0.0,0.011416537353136776,1.0,0.9870302379488319,0.012969762051168052,5.211898326873779,5.212428092956543,5.211231708526611,0.0005297660827636719,-0.0006666183471679688,0.0005981922149658203,-6.842613220214844e-05,0.0005981922149658203,True,enc_s0,encoder,0,6,0.00853180761138598,0.007986842965086302,0.007928170884648958,0.0023300595736751952,0.847904366252513,0.7720935802267435
ticino_2020-10-03T00:00:00,ticino,local,low_near,t1,q850_trace,precip_only,precip,61.22747747747748,358.6800834464447,1.1939338264710386e-06,1.0,850,0.0,0.011416537353136776,1.0,0.9870302379488319,0.012969762051168052,5.211898326873779,5.212428092956543,5.211231708526611,0.0005297660827636719,-0.0006666183471679688,0.0005981922149658203,-6.842613220214844e-05,0.0005981922149658203,True,enc_s1,encoder,1,10,0.007958144415169954,0.004948913981206715,0.005440502194687724,0.003725067910272628,0.4552606422184196,0.6094286676178431
ticino_2020-10-03T00:00:00,ticino,local,low_near,t1,q850_trace,precip_only,precip,61.22747747747748,358.6800834464447,1.1939338264710386e-06,1.0,850,0.0,0.011416537353136776,1.0,0.9870302379488319,0.012969762051168052,5.211898326873779,5.212428092956543,5.211231708526611,0.0005297660827636719,-0.0006666183471679688,0.0005981922149658203,-6.842613220214844e-05,0.0005981922149658203,True,enc_s2,encoder,2,8,0.003410250326851383,0.0021474189998116344,0.0023369309201370925,0.0016307808400597423,0.393854991523658,0.5890577944302685
ticino_2020-10-03T00:00:00,ticino,local,low_near,t1,q850_trace,precip_only,precip,61.22747747747748,358.6800834464447,1.1939338264710386e-06,1.0,850,0.0,0.011416537353136776,1.0,0.9870302379488319,0.012969762051168052,5.211898326873779,5.212428092956543,5.211231708526611,0.0005297660827636719,-0.0006666183471679688,0.0005981922149658203,-6.842613220214844e-05,0.0005981922149658203,True,dec_s0,decoder,0,8,0.004560438450425863,0.002824071212671697,0.0030455294472631067,0.0022612060711253434,0.33718678485297393,0.5740291785369419
ticino_2020-10-03T00:00:00,ticino,local,low_near,t1,q850_trace,precip_only,precip,61.22747747747748,358.6800834464447,1.1939338264710386e-06,1.0,850,0.0,0.011416537353136776,1.0,0.9870302379488319,0.012969762051168052,5.211898326873779,5.212428092956543,5.211231708526611,0.0005297660827636719,-0.0006666183471679688,0.0005981922149658203,-6.842613220214844e-05,0.0005981922149658203,True,dec_s1,decoder,1,10,0.00557944942265749,0.004955956456251442,0.004233277658931911,0.003150604502297938,0.3194268452864436,0.5744557461190329
ticino_2020-10-03T00:00:00,ticino,local,low_near,t1,q850_trace,precip_only,precip,61.22747747747748,358.6800834464447,1.1939338264710386e-06,1.0,850,0.0,0.011416537353136776,1.0,0.9870302379488319,0.012969762051168052,5.211898326873779,5.212428092956543,5.211231708526611,0.0005297660827636719,-0.0006666183471679688,0.0005981922149658203,-6.842613220214844e-05,0.0005981922149658203,True,dec_s2,decoder,2,6,0.017809041465322178,0.018091293672720592,0.015399672867109379,0.009221390665819248,0.5528630085318097,0.6257824878980895
ticino_2020-10-03T00:00:00,ticino,local,hotspot,t1,q850_trace,precip_zwd,zwd,46.22747747747748,8.680083446444733,0.00010671580821508542,1.0,850,0.0,0.0,1.0,1.0,0.0,146.19056701660156,142.55291748046875,149.79299926757812,-3.6376495361328125,3.6024322509765625,-3.6200408935546875,-0.017608642578125,3.6200408935546875,True,enc_s0,encoder,0,6,0.0054423528878639145,0.005036017779881756,0.005075373997290929,0.0013104548949437838,0.8868976573779784,0.7938634284724976
ticino_2020-10-03T00:00:00,ticino,local,hotspot,t1,q850_trace,precip_zwd,zwd,46.22747747747748,8.680083446444733,0.00010671580821508542,1.0,850,0.0,0.0,1.0,1.0,0.0,146.19056701660156,142.55291748046875,149.79299926757812,-3.6376495361328125,3.6024322509765625,-3.6200408935546875,-0.017608642578125,3.6200408935546875,True,enc_s1,encoder,1,10,0.004815083858557045,0.0035300548654049633,0.003653001086786389,0.002081008756067604,0.5885127841345156,0.6536859327228441
ticino_2020-10-03T00:00:00,ticino,local,hotspot,t1,q850_trace,precip_zwd,zwd,46.22747747747748,8.680083446444733,0.00010671580821508542,1.0,850,0.0,0.0,1.0,1.0,0.0,146.19056701660156,142.55291748046875,149.79299926757812,-3.6376495361328125,3.6024322509765625,-3.6200408935546875,-0.017608642578125,3.6200408935546875,True,enc_s2,encoder,2,8,0.001862427539890632,0.0014658822765341029,0.0014203813334461302,0.0008895158171071671,0.46169172111098894,0.614944575668078
ticino_2020-10-03T00:00:00,ticino,local,hotspot,t1,q850_trace,precip_zwd,zwd,46.22747747747748,8.680083446444733,0.00010671580821508542,1.0,850,0.0,0.0,1.0,1.0,0.0,146.19056701660156,142.55291748046875,149.79299926757812,-3.6376495361328125,3.6024322509765625,-3.6200408935546875,-0.017608642578125,3.6200408935546875,True,dec_s0,decoder,0,8,0.0027651743730530143,0.002202116957050748,0.0020952848572051153,0.0013628214655909687,0.43220893368987334,0.606372410512467
ticino_2020-10-03T00:00:00,ticino,local,hotspot,t1,q850_trace,precip_zwd,zwd,46.22747747747748,8.680083446444733,0.00010671580821508542,1.0,850,0.0,0.0,1.0,1.0,0.0,146.19056701660156,142.55291748046875,149.79299926757812,-3.6376495361328125,3.6024322509765625,-3.6200408935546875,-0.017608642578125,3.6200408935546875,True,dec_s1,decoder,1,10,0.003883578209206462,0.0035370585159398616,0.0028785813599824907,0.002344510518014431,0.18851820104183187,0.5448506762873699
ticino_2020-10-03T00:00:00,ticino,local,hotspot,t1,q850_trace,precip_zwd,zwd,46.22747747747748,8.680083446444733,0.00010671580821508542,1.0,850,0.0,0.0,1.0,1.0,0.0,146.19056701660156,142.55291748046875,149.79299926757812,-3.6376495361328125,3.6024322509765625,-3.6200408935546875,-0.017608642578125,3.6200408935546875,True,dec_s2,decoder,2,6,0.012898309311519066,0.01170853649576505,0.010388527531176805,0.0066185280835876865,0.48998889150614683,0.6107838997636038
ticino_2020-10-03T00:00:00,ticino,local,low_near,t1,q850_trace,precip_zwd,zwd,61.22747747747748,358.6800834464447,1.1939338264710386e-06,1.0,850,0.0,0.011416537353136776,1.0,0.9870302379488319,0.012969762051168052,146.19056701660156,146.23036193847656,146.23928833007812,0.039794921875,0.0487213134765625,-0.00446319580078125,0.04425811767578125,0.04425811767578125,False,enc_s0,encoder,0,6,0.008514400261143843,0.008027214867373308,0.0079336225365599,0.0023465086317931614,0.8451501782413017,0.7708577730675281
ticino_2020-10-03T00:00:00,ticino,local,low_near,t1,q850_trace,precip_zwd,zwd,61.22747747747748,358.6800834464447,1.1939338264710386e-06,1.0,850,0.0,0.011416537353136776,1.0,0.9870302379488319,0.012969762051168052,146.19056701660156,146.23036193847656,146.23928833007812,0.039794921875,0.0487213134765625,-0.00446319580078125,0.04425811767578125,0.04425811767578125,False,enc_s1,encoder,1,10,0.007711742352694273,0.004957590228877961,0.005361446365714073,0.0035906363162212076,0.4698837614875324,0.614461569680179
ticino_2020-10-03T00:00:00,ticino,local,low_near,t1,q850_trace,precip_zwd,zwd,61.22747747747748,358.6800834464447,1.1939338264710386e-06,1.0,850,0.0,0.011416537353136776,1.0,0.9870302379488319,0.012969762051168052,146.19056701660156,146.23036193847656,146.23928833007812,0.039794921875,0.0487213134765625,-0.00446319580078125,0.04425811767578125,0.04425811767578125,False,enc_s2,encoder,2,8,0.0031949795957189053,0.0020991599303670228,0.0022381680901162326,0.001515839743660763,0.4167074708977281,0.5962730173934286
ticino_2020-10-03T00:00:00,ticino,local,low_near,t1,q850_trace,precip_zwd,zwd,61.22747747747748,358.6800834464447,1.1939338264710386e-06,1.0,850,0.0,0.011416537353136776,1.0,0.9870302379488319,0.012969762051168052,146.19056701660156,146.23036193847656,146.23928833007812,0.039794921875,0.0487213134765625,-0.00446319580078125,0.04425811767578125,0.04425811767578125,False,dec_s0,decoder,0,8,0.00410302888485603,0.002791924140183255,0.0028659858216997236,0.0020254749251762405,0.37444348224182955,0.5860570968010153
ticino_2020-10-03T00:00:00,ticino,local,low_near,t1,q850_trace,precip_zwd,zwd,61.22747747747748,358.6800834464447,1.1939338264710386e-06,1.0,850,0.0,0.011416537353136776,1.0,0.9870302379488319,0.012969762051168052,146.19056701660156,146.23036193847656,146.23928833007812,0.039794921875,0.0487213134765625,-0.00446319580078125,0.04425811767578125,0.04425811767578125,False,dec_s1,decoder,1,10,0.005568095250055194,0.005156233138404786,0.004372625239193439,0.003110530343838036,0.36512707515452764,0.5858228155590419
ticino_2020-10-03T00:00:00,ticino,local,low_near,t1,q850_trace,precip_zwd,zwd,61.22747747747748,358.6800834464447,1.1939338264710386e-06,1.0,850,0.0,0.011416537353136776,1.0,0.9870302379488319,0.012969762051168052,146.19056701660156,146.23036193847656,146.23928833007812,0.039794921875,0.0487213134765625,-0.00446319580078125,0.04425811767578125,0.04425811767578125,False,dec_s2,decoder,2,6,0.01687203285594781,0.017597566669185955,0.01492055164029201,0.008633886929601431,0.5822968647903791,0.6335575401165013
ticino_2020-10-03T00:00:00,ticino,synoptic,hotspot,t1,q850_trace,precip_zwd,precip,43.72747747747748,6.180083446444733,0.00019000675820279866,1.0,850,0.0,0.002225819506272764,0.9999999065466326,0.9989036050944795,0.0010963015546062561,5.285183906555176,5.115682601928711,5.286402225494385,-0.16950130462646484,0.0012183189392089844,-0.08535981178283691,-0.08414149284362793,0.08535981178283691,True,enc_s0,encoder,0,6,0.013641438291718563,0.013348107691854239,0.013032007652024427,0.003502270362029473,0.8676128413578255,0.7872515166367355
ticino_2020-10-03T00:00:00,ticino,synoptic,hotspot,t1,q850_trace,precip_zwd,precip,43.72747747747748,6.180083446444733,0.00019000675820279866,1.0,850,0.0,0.002225819506272764,0.9999999065466326,0.9989036050944795,0.0010963015546062561,5.285183906555176,5.115682601928711,5.286402225494385,-0.16950130462646484,0.0012183189392089844,-0.08535981178283691,-0.08414149284362793,0.08535981178283691,True,enc_s1,encoder,1,10,0.01066441722214222,0.007562215719372034,0.0081804309040308,0.004273645230568945,0.6310544889269785,0.6646320789316086
ticino_2020-10-03T00:00:00,ticino,synoptic,hotspot,t1,q850_trace,precip_zwd,precip,43.72747747747748,6.180083446444733,0.00019000675820279866,1.0,850,0.0,0.002225819506272764,0.9999999065466326,0.9989036050944795,0.0010963015546062561,5.285183906555176,5.115682601928711,5.286402225494385,-0.16950130462646484,0.0012183189392089844,-0.08535981178283691,-0.08414149284362793,0.08535981178283691,True,enc_s2,encoder,2,8,0.004144488833844662,0.0029490812739823014,0.0031168670975603163,0.001794986819732003,0.5477896270084872,0.6346404042016981
ticino_2020-10-03T00:00:00,ticino,synoptic,hotspot,t1,q850_trace,precip_zwd,precip,43.72747747747748,6.180083446444733,0.00019000675820279866,1.0,850,0.0,0.002225819506272764,0.9999999065466326,0.9989036050944795,0.0010963015546062561,5.285183906555176,5.115682601928711,5.286402225494385,-0.16950130462646484,0.0012183189392089844,-0.08535981178283691,-0.08414149284362793,0.08535981178283691,True,dec_s0,decoder,0,8,0.0062120959046296775,0.004025057307444513,0.004456279566511512,0.0027455411618575454,0.5099108283177782,0.6187457670970571
ticino_2020-10-03T00:00:00,ticino,synoptic,hotspot,t1,q850_trace,precip_zwd,precip,43.72747747747748,6.180083446444733,0.00019000675820279866,1.0,850,0.0,0.002225819506272764,0.9999999065466326,0.9989036050944795,0.0010963015546062561,5.285183906555176,5.115682601928711,5.286402225494385,-0.16950130462646484,0.0012183189392089844,-0.08535981178283691,-0.08414149284362793,0.08535981178283691,True,dec_s1,decoder,1,10,0.006569459289312363,0.0058441956527531145,0.005307057732716202,0.003238975664135069,0.49803585189417243,0.6206005159318938
ticino_2020-10-03T00:00:00,ticino,synoptic,hotspot,t1,q850_trace,precip_zwd,precip,43.72747747747748,6.180083446444733,0.00019000675820279866,1.0,850,0.0,0.002225819506272764,0.9999999065466326,0.9989036050944795,0.0010963015546062561,5.285183906555176,5.115682601928711,5.286402225494385,-0.16950130462646484,0.0012183189392089844,-0.08535981178283691,-0.08414149284362793,0.08535981178283691,True,dec_s2,decoder,2,6,0.023954065516591072,0.022636959329247475,0.021022452662388485,0.010057753107200066,0.6930859509643371,0.6764735884397188
ticino_2020-10-03T00:00:00,ticino,synoptic,hotspot,t1,q850_trace,precip_only,precip,43.72747747747748,6.180083446444733,0.00019000675820279866,1.0,850,0.0,0.002225819506272764,0.9999999065466326,0.9989036050944795,0.0010963015546062561,5.211898326873779,5.070944309234619,5.085948467254639,-0.14095401763916016,-0.12594985961914062,-0.007502079010009766,-0.1334519386291504,0.1334519386291504,False,enc_s0,encoder,0,6,0.013686138670891523,0.013195076336463293,0.012977134746809801,0.003504476509988308,0.8669013322815696,0.7864867973625764
ticino_2020-10-03T00:00:00,ticino,synoptic,hotspot,t1,q850_trace,precip_only,precip,43.72747747747748,6.180083446444733,0.00019000675820279866,1.0,850,0.0,0.002225819506272764,0.9999999065466326,0.9989036050944795,0.0010963015546062561,5.211898326873779,5.070944309234619,5.085948467254639,-0.14095401763916016,-0.12594985961914062,-0.007502079010009766,-0.1334519386291504,0.1334519386291504,False,enc_s1,encoder,1,10,0.010858036344870925,0.0075255949050188065,0.008216585405170918,0.004413080913946032,0.6158837198030883,0.6583794222344599
ticino_2020-10-03T00:00:00,ticino,synoptic,hotspot,t1,q850_trace,precip_only,precip,43.72747747747748,6.180083446444733,0.00019000675820279866,1.0,850,0.0,0.002225819506272764,0.9999999065466326,0.9989036050944795,0.0010963015546062561,5.211898326873779,5.070944309234619,5.085948467254639,-0.14095401763916016,-0.12594985961914062,-0.007502079010009766,-0.1334519386291504,0.1334519386291504,False,enc_s2,encoder,2,8,0.00432704936247319,0.002985664817970246,0.0031912322738207877,0.001906485966173932,0.5229074444415169,0.626106078086373
ticino_2020-10-03T00:00:00,ticino,synoptic,hotspot,t1,q850_trace,precip_only,precip,43.72747747747748,6.180083446444733,0.00019000675820279866,1.0,850,0.0,0.002225819506272764,0.9999999065466326,0.9989036050944795,0.0010963015546062561,5.211898326873779,5.070944309234619,5.085948467254639,-0.14095401763916016,-0.12594985961914062,-0.007502079010009766,-0.1334519386291504,0.1334519386291504,False,dec_s0,decoder,0,8,0.0067159750033169985,0.004072104959050193,0.004652638192055747,0.00303272542078048,0.47046888601230574,0.6053596861302628
ticino_2020-10-03T00:00:00,ticino,synoptic,hotspot,t1,q850_trace,precip_only,precip,43.72747747747748,6.180083446444733,0.00019000675820279866,1.0,850,0.0,0.002225819506272764,0.9999999065466326,0.9989036050944795,0.0010963015546062561,5.211898326873779,5.070944309234619,5.085948467254639,-0.14095401763916016,-0.12594985961914062,-0.007502079010009766,-0.1334519386291504,0.1334519386291504,False,dec_s1,decoder,1,10,0.0066111631691455845,0.005743965855799615,0.0052361843641847376,0.0033064248971641065,0.46903683777718114,0.6125373433864394
ticino_2020-10-03T00:00:00,ticino,synoptic,hotspot,t1,q850_trace,precip_only,precip,43.72747747747748,6.180083446444733,0.00019000675820279866,1.0,850,0.0,0.002225819506272764,0.9999999065466326,0.9989036050944795,0.0010963015546062561,5.211898326873779,5.070944309234619,5.085948467254639,-0.14095401763916016,-0.12594985961914062,-0.007502079010009766,-0.1334519386291504,0.1334519386291504,False,dec_s2,decoder,2,6,0.02477950882166624,0.02317752813299497,0.021488744144638378,0.010667757131159306,0.667839657819186,0.668468428021483
ticino_2020-10-03T00:00:00,ticino,synoptic,low_near,t1,q850_trace,precip_zwd,precip,63.72747747747748,11.180083446444733,1.0927389666903764e-05,1.0,850,0.0,0.0020181634712411706,1.0,0.9992978451068975,0.0007021548931025561,5.285183906555176,5.29033088684082,5.292115211486816,0.005146980285644531,0.006931304931640625,-0.0008921623229980469,0.006039142608642578,0.006039142608642578,False,enc_s0,encoder,0,6,0.02071429882198572,0.02093011389176051,0.020072937943041325,0.005537702469155192,0.8597619835348316,0.7831599259537193
ticino_2020-10-03T00:00:00,ticino,synoptic,low_near,t1,q850_trace,precip_zwd,precip,63.72747747747748,11.180083446444733,1.0927389666903764e-05,1.0,850,0.0,0.0020181634712411706,1.0,0.9992978451068975,0.0007021548931025561,5.285183906555176,5.29033088684082,5.292115211486816,0.005146980285644531,0.006931304931640625,-0.0008921623229980469,0.006039142608642578,0.006039142608642578,False,enc_s1,encoder,1,10,0.015893297363072635,0.011733330227434636,0.012256730906665325,0.0066620639059692625,0.5957332824541747,0.6566216929338358
ticino_2020-10-03T00:00:00,ticino,synoptic,low_near,t1,q850_trace,precip_zwd,precip,63.72747747747748,11.180083446444733,1.0927389666903764e-05,1.0,850,0.0,0.0020181634712411706,1.0,0.9992978451068975,0.0007021548931025561,5.285183906555176,5.29033088684082,5.292115211486816,0.005146980285644531,0.006931304931640625,-0.0008921623229980469,0.006039142608642578,0.006039142608642578,False,enc_s2,encoder,2,8,0.006859229295514524,0.004855178587604314,0.005186388792935759,0.002900377061450854,0.5671150572426913,0.6413970100484147
ticino_2020-10-03T00:00:00,ticino,synoptic,low_near,t1,q850_trace,precip_zwd,precip,63.72747747747748,11.180083446444733,1.0927389666903764e-05,1.0,850,0.0,0.0020181634712411706,1.0,0.9992978451068975,0.0007021548931025561,5.285183906555176,5.29033088684082,5.292115211486816,0.005146980285644531,0.006931304931640625,-0.0008921623229980469,0.006039142608642578,0.006039142608642578,False,dec_s0,decoder,0,8,0.010006617289036512,0.006249381578527391,0.0071375249535776675,0.0043188793351873755,0.5289154529016711,0.6229676147638932
ticino_2020-10-03T00:00:00,ticino,synoptic,low_near,t1,q850_trace,precip_zwd,precip,63.72747747747748,11.180083446444733,1.0927389666903764e-05,1.0,850,0.0,0.0020181634712411706,1.0,0.9992978451068975,0.0007021548931025561,5.285183906555176,5.29033088684082,5.292115211486816,0.005146980285644531,0.006931304931640625,-0.0008921623229980469,0.006039142608642578,0.006039142608642578,False,dec_s1,decoder,1,10,0.011781332129612566,0.01047028684988618,0.009700243221595883,0.005474994867108762,0.5751459005526193,0.6463596522215287
ticino_2020-10-03T00:00:00,ticino,synoptic,low_near,t1,q850_trace,precip_zwd,precip,63.72747747747748,11.180083446444733,1.0927389666903764e-05,1.0,850,0.0,0.0020181634712411706,1.0,0.9992978451068975,0.0007021548931025561,5.285183906555176,5.29033088684082,5.292115211486816,0.005146980285644531,0.006931304931640625,-0.0008921623229980469,0.006039142608642578,0.006039142608642578,False,dec_s2,decoder,2,6,0.03992734352747599,0.042087104792396225,0.03798303628961245,0.015491220789651075,0.7451007258511662,0.7104694531762564
ticino_2020-10-03T00:00:00,ticino,synoptic,low_near,t1,q850_trace,precip_only,precip,63.72747747747748,11.180083446444733,1.0927389666903764e-05,1.0,850,0.0,0.0020181634712411706,1.0,0.9992978451068975,0.0007021548931025561,5.211898326873779,5.212284564971924,5.214730262756348,0.00038623809814453125,0.0028319358825683594,-0.001222848892211914,0.0016090869903564453,0.0016090869903564453,False,enc_s0,encoder,0,6,0.020581145770847797,0.020608392544090748,0.019860625887910526,0.0054559248965233564,0.8611278505862643,0.7838879663516116
ticino_2020-10-03T00:00:00,ticino,synoptic,low_near,t1,q850_trace,precip_only,precip,63.72747747747748,11.180083446444733,1.0927389666903764e-05,1.0,850,0.0,0.0020181634712411706,1.0,0.9992978451068975,0.0007021548931025561,5.211898326873779,5.212284564971924,5.214730262756348,0.00038623809814453125,0.0028319358825683594,-0.001222848892211914,0.0016090869903564453,0.0016090869903564453,False,enc_s1,encoder,1,10,0.01605872204527259,0.011589161586016417,0.012210736330598593,0.006813603453338146,0.5807914128031851,0.6508039787474715
ticino_2020-10-03T00:00:00,ticino,synoptic,low_near,t1,q850_trace,precip_only,precip,63.72747747747748,11.180083446444733,1.0927389666903764e-05,1.0,850,0.0,0.0020181634712411706,1.0,0.9992978451068975,0.0007021548931025561,5.211898326873779,5.212284564971924,5.214730262756348,0.00038623809814453125,0.0028319358825683594,-0.001222848892211914,0.0016090869903564453,0.0016090869903564453,False,enc_s2,encoder,2,8,0.0071019751485437155,0.004865010152570903,0.005260543606709689,0.003062669624341652,0.5408867973717073,0.6320907148544281
ticino_2020-10-03T00:00:00,ticino,synoptic,low_near,t1,q850_trace,precip_only,precip,63.72747747747748,11.180083446444733,1.0927389666903764e-05,1.0,850,0.0,0.0020181634712411706,1.0,0.9992978451068975,0.0007021548931025561,5.211898326873779,5.212284564971924,5.214730262756348,0.00038623809814453125,0.0028319358825683594,-0.001222848892211914,0.0016090869903564453,0.0016090869903564453,False,dec_s0,decoder,0,8,0.01064092037267983,0.0061734236078336835,0.007311334600672126,0.004713923117378727,0.4874241117719773,0.6080304027875472
ticino_2020-10-03T00:00:00,ticino,synoptic,low_near,t1,q850_trace,precip_only,precip,63.72747747747748,11.180083446444733,1.0927389666903764e-05,1.0,850,0.0,0.0020181634712411706,1.0,0.9992978451068975,0.0007021548931025561,5.211898326873779,5.212284564971924,5.214730262756348,0.00038623809814453125,0.0028319358825683594,-0.001222848892211914,0.0016090869903564453,0.0016090869903564453,False,dec_s1,decoder,1,10,0.01147507675923407,0.009672113740816713,0.00907004759646952,0.005498824827373028,0.5210691289811125,0.6288922488398465
ticino_2020-10-03T00:00:00,ticino,synoptic,low_near,t1,q850_trace,precip_only,precip,63.72747747747748,11.180083446444733,1.0927389666903764e-05,1.0,850,0.0,0.0020181634712411706,1.0,0.9992978451068975,0.0007021548931025561,5.211898326873779,5.212284564971924,5.214730262756348,0.00038623809814453125,0.0028319358825683594,-0.001222848892211914,0.0016090869903564453,0.0016090869903564453,False,dec_s2,decoder,2,6,0.04086814013620218,0.04171974149843057,0.03801217613120874,0.016130438229689997,0.7238437645461269,0.702434772196415
ticino_2020-10-03T00:00:00,ticino,synoptic,hotspot,t1,q850_trace,precip_zwd,zwd,43.72747747747748,6.180083446444733,0.00019000675820279866,1.0,850,0.0,0.002225819506272764,0.9999999065466326,0.9989036050944795,0.0010963015546062561,146.19056701660156,144.60874938964844,146.65541076660156,-1.581817626953125,0.46484375,-1.0233306884765625,-0.5584869384765625,1.0233306884765625,True,enc_s0,encoder,0,6,0.013641438291718563,0.013348107691854239,0.013032007652024427,0.003502270362029473,0.8676128413578255,0.7872515166367355
ticino_2020-10-03T00:00:00,ticino,synoptic,hotspot,t1,q850_trace,precip_zwd,zwd,43.72747747747748,6.180083446444733,0.00019000675820279866,1.0,850,0.0,0.002225819506272764,0.9999999065466326,0.9989036050944795,0.0010963015546062561,146.19056701660156,144.60874938964844,146.65541076660156,-1.581817626953125,0.46484375,-1.0233306884765625,-0.5584869384765625,1.0233306884765625,True,enc_s1,encoder,1,10,0.01066441722214222,0.007562215719372034,0.0081804309040308,0.004273645230568945,0.6310544889269785,0.6646320789316086
ticino_2020-10-03T00:00:00,ticino,synoptic,hotspot,t1,q850_trace,precip_zwd,zwd,43.72747747747748,6.180083446444733,0.00019000675820279866,1.0,850,0.0,0.002225819506272764,0.9999999065466326,0.9989036050944795,0.0010963015546062561,146.19056701660156,144.60874938964844,146.65541076660156,-1.581817626953125,0.46484375,-1.0233306884765625,-0.5584869384765625,1.0233306884765625,True,enc_s2,encoder,2,8,0.004144488833844662,0.0029490812739823014,0.0031168670975603163,0.001794986819732003,0.5477896270084872,0.6346404042016981
ticino_2020-10-03T00:00:00,ticino,synoptic,hotspot,t1,q850_trace,precip_zwd,zwd,43.72747747747748,6.180083446444733,0.00019000675820279866,1.0,850,0.0,0.002225819506272764,0.9999999065466326,0.9989036050944795,0.0010963015546062561,146.19056701660156,144.60874938964844,146.65541076660156,-1.581817626953125,0.46484375,-1.0233306884765625,-0.5584869384765625,1.0233306884765625,True,dec_s0,decoder,0,8,0.0062120959046296775,0.004025057307444513,0.004456279566511512,0.0027455411618575454,0.5099108283177782,0.6187457670970571
ticino_2020-10-03T00:00:00,ticino,synoptic,hotspot,t1,q850_trace,precip_zwd,zwd,43.72747747747748,6.180083446444733,0.00019000675820279866,1.0,850,0.0,0.002225819506272764,0.9999999065466326,0.9989036050944795,0.0010963015546062561,146.19056701660156,144.60874938964844,146.65541076660156,-1.581817626953125,0.46484375,-1.0233306884765625,-0.5584869384765625,1.0233306884765625,True,dec_s1,decoder,1,10,0.006569459289312363,0.0058441956527531145,0.005307057732716202,0.003238975664135069,0.49803585189417243,0.6206005159318938
ticino_2020-10-03T00:00:00,ticino,synoptic,hotspot,t1,q850_trace,precip_zwd,zwd,43.72747747747748,6.180083446444733,0.00019000675820279866,1.0,850,0.0,0.002225819506272764,0.9999999065466326,0.9989036050944795,0.0010963015546062561,146.19056701660156,144.60874938964844,146.65541076660156,-1.581817626953125,0.46484375,-1.0233306884765625,-0.5584869384765625,1.0233306884765625,True,dec_s2,decoder,2,6,0.023954065516591072,0.022636959329247475,0.021022452662388485,0.010057753107200066,0.6930859509643371,0.6764735884397188
ticino_2020-10-03T00:00:00,ticino,synoptic,low_near,t1,q850_trace,precip_zwd,zwd,63.72747747747748,11.180083446444733,1.0927389666903764e-05,1.0,850,0.0,0.0020181634712411706,1.0,0.9992978451068975,0.0007021548931025561,146.19056701660156,146.3235321044922,146.3822479248047,0.132965087890625,0.191680908203125,-0.02935791015625,0.162322998046875,0.162322998046875,False,enc_s0,encoder,0,6,0.02071429882198572,0.02093011389176051,0.020072937943041325,0.005537702469155192,0.8597619835348316,0.7831599259537193
ticino_2020-10-03T00:00:00,ticino,synoptic,low_near,t1,q850_trace,precip_zwd,zwd,63.72747747747748,11.180083446444733,1.0927389666903764e-05,1.0,850,0.0,0.0020181634712411706,1.0,0.9992978451068975,0.0007021548931025561,146.19056701660156,146.3235321044922,146.3822479248047,0.132965087890625,0.191680908203125,-0.02935791015625,0.162322998046875,0.162322998046875,False,enc_s1,encoder,1,10,0.015893297363072635,0.011733330227434636,0.012256730906665325,0.0066620639059692625,0.5957332824541747,0.6566216929338358
ticino_2020-10-03T00:00:00,ticino,synoptic,low_near,t1,q850_trace,precip_zwd,zwd,63.72747747747748,11.180083446444733,1.0927389666903764e-05,1.0,850,0.0,0.0020181634712411706,1.0,0.9992978451068975,0.0007021548931025561,146.19056701660156,146.3235321044922,146.3822479248047,0.132965087890625,0.191680908203125,-0.02935791015625,0.162322998046875,0.162322998046875,False,enc_s2,encoder,2,8,0.006859229295514524,0.004855178587604314,0.005186388792935759,0.002900377061450854,0.5671150572426913,0.6413970100484147
ticino_2020-10-03T00:00:00,ticino,synoptic,low_near,t1,q850_trace,precip_zwd,zwd,63.72747747747748,11.180083446444733,1.0927389666903764e-05,1.0,850,0.0,0.0020181634712411706,1.0,0.9992978451068975,0.0007021548931025561,146.19056701660156,146.3235321044922,146.3822479248047,0.132965087890625,0.191680908203125,-0.02935791015625,0.162322998046875,0.162322998046875,False,dec_s0,decoder,0,8,0.010006617289036512,0.006249381578527391,0.0071375249535776675,0.0043188793351873755,0.5289154529016711,0.6229676147638932
ticino_2020-10-03T00:00:00,ticino,synoptic,low_near,t1,q850_trace,precip_zwd,zwd,63.72747747747748,11.180083446444733,1.0927389666903764e-05,1.0,850,0.0,0.0020181634712411706,1.0,0.9992978451068975,0.0007021548931025561,146.19056701660156,146.3235321044922,146.3822479248047,0.132965087890625,0.191680908203125,-0.02935791015625,0.162322998046875,0.162322998046875,False,dec_s1,decoder,1,10,0.011781332129612566,0.01047028684988618,0.009700243221595883,0.005474994867108762,0.5751459005526193,0.6463596522215287
ticino_2020-10-03T00:00:00,ticino,synoptic,low_near,t1,q850_trace,precip_zwd,zwd,63.72747747747748,11.180083446444733,1.0927389666903764e-05,1.0,850,0.0,0.0020181634712411706,1.0,0.9992978451068975,0.0007021548931025561,146.19056701660156,146.3235321044922,146.3822479248047,0.132965087890625,0.191680908203125,-0.02935791015625,0.162322998046875,0.162322998046875,False,dec_s2,decoder,2,6,0.03992734352747599,0.042087104792396225,0.03798303628961245,0.015491220789651075,0.7451007258511662,0.7104694531762564
valais_2020-10-03T00:00:00,valais,local,hotspot,t1,q850_trace,precip_zwd,precip,46.47747747747748,7.280638034804468,0.00010067348921438679,1.0,850,0.0,0.0,0.9999998717579447,0.9999998717579447,0.0,5.4342827796936035,5.397904872894287,5.4375810623168945,-0.036377906799316406,0.0032982826232910156,-0.01983809471130371,-0.016539812088012695,0.01983809471130371,True,enc_s0,encoder,0,6,0.005653928189227979,0.00527014125448962,0.0052865648952623205,0.001381579243267576,0.8830143114209653,0.7919071005248265
valais_2020-10-03T00:00:00,valais,local,hotspot,t1,q850_trace,precip_zwd,precip,46.47747747747748,7.280638034804468,0.00010067348921438679,1.0,850,0.0,0.0,0.9999998717579447,0.9999998717579447,0.0,5.4342827796936035,5.397904872894287,5.4375810623168945,-0.036377906799316406,0.0032982826232910156,-0.01983809471130371,-0.016539812088012695,0.01983809471130371,True,enc_s1,encoder,1,10,0.0050937561085447666,0.0036081627011299135,0.0037879908457398416,0.0022367025201674553,0.563348365733306,0.6433187242830365
valais_2020-10-03T00:00:00,valais,local,hotspot,t1,q850_trace,precip_zwd,precip,46.47747747747748,7.280638034804468,0.00010067348921438679,1.0,850,0.0,0.0,0.9999998717579447,0.9999998717579447,0.0,5.4342827796936035,5.397904872894287,5.4375810623168945,-0.036377906799316406,0.0032982826232910156,-0.01983809471130371,-0.016539812088012695,0.01983809471130371,True,enc_s2,encoder,2,8,0.001932372062583454,0.0014935942890588194,0.001453320641303435,0.0009329064123448916,0.4424371852104182,0.609083968171982
valais_2020-10-03T00:00:00,valais,local,hotspot,t1,q850_trace,precip_zwd,precip,46.47747747747748,7.280638034804468,0.00010067348921438679,1.0,850,0.0,0.0,0.9999998717579447,0.9999998717579447,0.0,5.4342827796936035,5.397904872894287,5.4375810623168945,-0.036377906799316406,0.0032982826232910156,-0.01983809471130371,-0.016539812088012695,0.01983809471130371,True,dec_s0,decoder,0,8,0.002810221310937777,0.002201408875407651,0.0021056032419437543,0.0013921631616540253,0.4189588546627365,0.6023249923949909
valais_2020-10-03T00:00:00,valais,local,hotspot,t1,q850_trace,precip_zwd,precip,46.47747747747748,7.280638034804468,0.00010067348921438679,1.0,850,0.0,0.0,0.9999998717579447,0.9999998717579447,0.0,5.4342827796936035,5.397904872894287,5.4375810623168945,-0.036377906799316406,0.0032982826232910156,-0.01983809471130371,-0.016539812088012695,0.01983809471130371,True,dec_s1,decoder,1,10,0.003895863494835794,0.003575196536257863,0.0029097427031956613,0.002344964176882058,0.1993585664018988,0.547423218853894
valais_2020-10-03T00:00:00,valais,local,hotspot,t1,q850_trace,precip_zwd,precip,46.47747747747748,7.280638034804468,0.00010067348921438679,1.0,850,0.0,0.0,0.9999998717579447,0.9999998717579447,0.0,5.4342827796936035,5.397904872894287,5.4375810623168945,-0.036377906799316406,0.0032982826232910156,-0.01983809471130371,-0.016539812088012695,0.01983809471130371,True,dec_s2,decoder,2,6,0.012961939442902803,0.01199224404990673,0.010616554878652096,0.006572702433913946,0.5228395031277847,0.6175915477430006
valais_2020-10-03T00:00:00,valais,local,hotspot,t1,q850_trace,precip_only,precip,46.47747747747748,7.280638034804468,0.00010067348921438679,1.0,850,0.0,0.0,0.9999998717579447,0.9999998717579447,0.0,5.405552864074707,5.416177272796631,5.314103126525879,0.010624408721923828,-0.09144973754882812,0.05103707313537598,-0.04041266441345215,0.05103707313537598,True,enc_s0,encoder,0,6,0.00569351304632922,0.00525788093606631,0.005299732089042664,0.0013890781556256115,0.8829267027782604,0.7915511625615581
valais_2020-10-03T00:00:00,valais,local,hotspot,t1,q850_trace,precip_only,precip,46.47747747747748,7.280638034804468,0.00010067348921438679,1.0,850,0.0,0.0,0.9999998717579447,0.9999998717579447,0.0,5.405552864074707,5.416177272796631,5.314103126525879,0.010624408721923828,-0.09144973754882812,0.05103707313537598,-0.04041266441345215,0.05103707313537598,True,enc_s1,encoder,1,10,0.005153402197174728,0.0036035532131791113,0.003805898898281157,0.002272226248169318,0.555404249262968,0.640103927007247
valais_2020-10-03T00:00:00,valais,local,hotspot,t1,q850_trace,precip_only,precip,46.47747747747748,7.280638034804468,0.00010067348921438679,1.0,850,0.0,0.0,0.9999998717579447,0.9999998717579447,0.0,5.405552864074707,5.416177272796631,5.314103126525879,0.010624408721923828,-0.09144973754882812,0.05103707313537598,-0.04041266441345215,0.05103707313537598,True,enc_s2,encoder,2,8,0.0020040803065057844,0.0015179953188635409,0.0014917440857971087,0.0009669807259342633,0.4363353579363206,0.6067511036553268
valais_2020-10-03T00:00:00,valais,local,hotspot,t1,q850_trace,precip_only,precip,46.47747747747748,7.280638034804468,0.00010067348921438679,1.0,850,0.0,0.0,0.9999998717579447,0.9999998717579447,0.0,5.405552864074707,5.416177272796631,5.314103126525879,0.010624408721923828,-0.09144973754882812,0.05103707313537598,-0.04041266441345215,0.05103707313537598,True,dec_s0,decoder,0,8,0.0029065803391858935,0.00223433252540417,0.002156265589292161,0.0014390445430763066,0.4121468433312673,0.6000299752104454
valais_2020-10-03T00:00:00,valais,local,hotspot,t1,q850_trace,precip_only,precip,46.47747747747748,7.280638034804468,0.00010067348921438679,1.0,850,0.0,0.0,0.9999998717579447,0.9999998717579447,0.0,5.405552864074707,5.416177272796631,5.314103126525879,0.010624408721923828,-0.09144973754882812,0.05103707313537598,-0.04041266441345215,0.05103707313537598,True,dec_s1,decoder,1,10,0.0039010676089674236,0.0035566729377023874,0.002911017439328134,0.002333177556283772,0.20322336987004327,0.5483335950899191
valais_2020-10-03T00:00:00,valais,local,hotspot,t1,q850_trace,precip_only,precip,46.47747747747748,7.280638034804468,0.00010067348921438679,1.0,850,0.0,0.0,0.9999998717579447,0.9999998717579447,0.0,5.405552864074707,5.416177272796631,5.314103126525879,0.010624408721923828,-0.09144973754882812,0.05103707313537598,-0.04041266441345215,0.05103707313537598,True,dec_s2,decoder,2,6,0.013385244955619177,0.012391742939750353,0.011000021981696287,0.006734945656110843,0.5347187152164125,0.6202361527008192
valais_2020-10-03T00:00:00,valais,local,low_near,t1,q850_trace,precip_zwd,precip,53.97747747747748,344.7806380348045,1.0222548780802754e-06,1.0,850,0.0,0.02735274204468517,1.0,0.9714245692674044,0.0285754307325956,5.4342827796936035,5.433764934539795,5.441157817840576,-0.0005178451538085938,0.006875038146972656,-0.003696441650390625,0.0031785964965820312,0.003696441650390625,True,enc_s0,encoder,0,6,0.008421484536180893,0.008362239847580591,0.008003941892335812,0.0025250893474246063,0.8230320191138993,0.7590450803655974
valais_2020-10-03T00:00:00,valais,local,low_near,t1,q850_trace,precip_zwd,precip,53.97747747747748,344.7806380348045,1.0222548780802754e-06,1.0,850,0.0,0.02735274204468517,1.0,0.9714245692674044,0.0285754307325956,5.4342827796936035,5.433764934539795,5.441157817840576,-0.0005178451538085938,0.006875038146972656,-0.003696441650390625,0.0031785964965820312,0.003696441650390625,True,enc_s1,encoder,1,10,0.0075878702569752935,0.004922946495935321,0.005229534907266497,0.003627914795652032,0.43044963423736116,0.6042087170842254
valais_2020-10-03T00:00:00,valais,local,low_near,t1,q850_trace,precip_zwd,precip,53.97747747747748,344.7806380348045,1.0222548780802754e-06,1.0,850,0.0,0.02735274204468517,1.0,0.9714245692674044,0.0285754307325956,5.4342827796936035,5.433764934539795,5.441157817840576,-0.0005178451538085938,0.006875038146972656,-0.003696441650390625,0.0031785964965820312,0.003696441650390625,True,enc_s2,encoder,2,8,0.002938760881079361,0.001918911628308706,0.0020012934546684846,0.0014676930732093751,0.3376041402978808,0.5769677697858415
valais_2020-10-03T00:00:00,valais,local,low_near,t1,q850_trace,precip_zwd,precip,53.97747747747748,344.7806380348045,1.0222548780802754e-06,1.0,850,0.0,0.02735274204468517,1.0,0.9714245692674044,0.0285754307325956,5.4342827796936035,5.433764934539795,5.441157817840576,-0.0005178451538085938,0.006875038146972656,-0.003696441650390625,0.0031785964965820312,0.003696441650390625,True,dec_s0,decoder,0,8,0.004013263562228531,0.002499193331459537,0.0026329072716180235,0.0020601143332896754,0.27949425627561464,0.5613119405405125
valais_2020-10-03T00:00:00,valais,local,low_near,t1,q850_trace,precip_zwd,precip,53.97747747747748,344.7806380348045,1.0222548780802754e-06,1.0,850,0.0,0.02735274204468517,1.0,0.9714245692674044,0.0285754307325956,5.4342827796936035,5.433764934539795,5.441157817840576,-0.0005178451538085938,0.006875038146972656,-0.003696441650390625,0.0031785964965820312,0.003696441650390625,True,dec_s1,decoder,1,10,0.00481911872047931,0.004828255041502416,0.0037503152852877975,0.0030350830522365866,0.23637763826760297,0.5551922699844496
valais_2020-10-03T00:00:00,valais,local,low_near,t1,q850_trace,precip_zwd,precip,53.97747747747748,344.7806380348045,1.0222548780802754e-06,1.0,850,0.0,0.02735274204468517,1.0,0.9714245692674044,0.0285754307325956,5.4342827796936035,5.433764934539795,5.441157817840576,-0.0005178451538085938,0.006875038146972656,-0.003696441650390625,0.0031785964965820312,0.003696441650390625,True,dec_s2,decoder,2,6,0.014615363596628109,0.0146142547018826,0.012056858744472265,0.008259644576658806,0.42435459082339216,0.5935097429951944
valais_2020-10-03T00:00:00,valais,local,low_near,t1,q850_trace,precip_only,precip,53.97747747747748,344.7806380348045,1.0222548780802754e-06,1.0,850,0.0,0.02735274204468517,1.0,0.9714245692674044,0.0285754307325956,5.405552864074707,5.4065656661987305,5.411736011505127,0.0010128021240234375,0.006183147430419922,-0.002585172653198242,0.0035979747772216797,0.0035979747772216797,False,enc_s0,encoder,0,6,0.008372414003436765,0.0082366734277457,0.007912611278394857,0.002526637981645763,0.8193589971548949,0.7568746295245984
valais_2020-10-03T00:00:00,valais,local,low_near,t1,q850_trace,precip_only,precip,53.97747747747748,344.7806380348045,1.0222548780802754e-06,1.0,850,0.0,0.02735274204468517,1.0,0.9714245692674044,0.0285754307325956,5.405552864074707,5.4065656661987305,5.411736011505127,0.0010128021240234375,0.006183147430419922,-0.002585172653198242,0.0035979747772216797,0.0035979747772216797,False,enc_s1,encoder,1,10,0.007758441800251603,0.00483011151663959,0.0052504171151667835,0.0037165572168305515,0.41524445787418085,0.5986833385462524
valais_2020-10-03T00:00:00,valais,local,low_near,t1,q850_trace,precip_only,precip,53.97747747747748,344.7806380348045,1.0222548780802754e-06,1.0,850,0.0,0.02735274204468517,1.0,0.9714245692674044,0.0285754307325956,5.405552864074707,5.4065656661987305,5.411736011505127,0.0010128021240234375,0.006183147430419922,-0.002585172653198242,0.0035979747772216797,0.0035979747772216797,False,enc_s2,encoder,2,8,0.0031475946598220617,0.0019625528948381543,0.0020958687528036535,0.0015770144091220573,0.3175816271733675,0.5707060136359964
valais_2020-10-03T00:00:00,valais,local,low_near,t1,q850_trace,precip_only,precip,53.97747747747748,344.7806380348045,1.0222548780802754e-06,1.0,850,0.0,0.02735274204468517,1.0,0.9714245692674044,0.0285754307325956,5.405552864074707,5.4065656661987305,5.411736011505127,0.0010128021240234375,0.006183147430419922,-0.002585172653198242,0.0035979747772216797,0.0035979747772216797,False,dec_s0,decoder,0,8,0.004608804185409099,0.00255349776125513,0.002890557167120278,0.002350802213186398,0.2500743815149223,0.551694006919818
valais_2020-10-03T00:00:00,valais,local,low_near,t1,q850_trace,precip_only,precip,53.97747747747748,344.7806380348045,1.0222548780802754e-06,1.0,850,0.0,0.02735274204468517,1.0,0.9714245692674044,0.0285754307325956,5.405552864074707,5.4065656661987305,5.411736011505127,0.0010128021240234375,0.006183147430419922,-0.002585172653198242,0.0035979747772216797,0.0035979747772216797,False,dec_s1,decoder,1,10,0.005026787985116243,0.0049172211438417435,0.0038154023932293057,0.003190202172845602,0.20518284582900334,0.5476846284900276
valais_2020-10-03T00:00:00,valais,local,low_near,t1,q850_trace,precip_only,precip,53.97747747747748,344.7806380348045,1.0222548780802754e-06,1.0,850,0.0,0.02735274204468517,1.0,0.9714245692674044,0.0285754307325956,5.405552864074707,5.4065656661987305,5.411736011505127,0.0010128021240234375,0.006183147430419922,-0.002585172653198242,0.0035979747772216797,0.0035979747772216797,False,dec_s2,decoder,2,6,0.015576440064857403,0.015542558239152035,0.012683471975227198,0.009012474678456783,0.3841738827962639,0.5847958936801841
valais_2020-10-03T00:00:00,valais,local,hotspot,t1,q850_trace,precip_zwd,zwd,46.47747747747748,7.280638034804468,0.00010067348921438679,1.0,850,0.0,0.0,0.9999998717579447,0.9999998717579447,0.0,105.87733459472656,104.82030487060547,109.01276397705078,-1.0570297241210938,3.1354293823242188,-2.0962295532226562,1.0391998291015625,2.0962295532226562,True,enc_s0,encoder,0,6,0.005653928189227979,0.00527014125448962,0.0052865648952623205,0.001381579243267576,0.8830143114209653,0.7919071005248265
valais_2020-10-03T00:00:00,valais,local,hotspot,t1,q850_trace,precip_zwd,zwd,46.47747747747748,7.280638034804468,0.00010067348921438679,1.0,850,0.0,0.0,0.9999998717579447,0.9999998717579447,0.0,105.87733459472656,104.82030487060547,109.01276397705078,-1.0570297241210938,3.1354293823242188,-2.0962295532226562,1.0391998291015625,2.0962295532226562,True,enc_s1,encoder,1,10,0.0050937561085447666,0.0036081627011299135,0.0037879908457398416,0.0022367025201674553,0.563348365733306,0.6433187242830365
valais_2020-10-03T00:00:00,valais,local,hotspot,t1,q850_trace,precip_zwd,zwd,46.47747747747748,7.280638034804468,0.00010067348921438679,1.0,850,0.0,0.0,0.9999998717579447,0.9999998717579447,0.0,105.87733459472656,104.82030487060547,109.01276397705078,-1.0570297241210938,3.1354293823242188,-2.0962295532226562,1.0391998291015625,2.0962295532226562,True,enc_s2,encoder,2,8,0.001932372062583454,0.0014935942890588194,0.001453320641303435,0.0009329064123448916,0.4424371852104182,0.609083968171982
valais_2020-10-03T00:00:00,valais,local,hotspot,t1,q850_trace,precip_zwd,zwd,46.47747747747748,7.280638034804468,0.00010067348921438679,1.0,850,0.0,0.0,0.9999998717579447,0.9999998717579447,0.0,105.87733459472656,104.82030487060547,109.01276397705078,-1.0570297241210938,3.1354293823242188,-2.0962295532226562,1.0391998291015625,2.0962295532226562,True,dec_s0,decoder,0,8,0.002810221310937777,0.002201408875407651,0.0021056032419437543,0.0013921631616540253,0.4189588546627365,0.6023249923949909
valais_2020-10-03T00:00:00,valais,local,hotspot,t1,q850_trace,precip_zwd,zwd,46.47747747747748,7.280638034804468,0.00010067348921438679,1.0,850,0.0,0.0,0.9999998717579447,0.9999998717579447,0.0,105.87733459472656,104.82030487060547,109.01276397705078,-1.0570297241210938,3.1354293823242188,-2.0962295532226562,1.0391998291015625,2.0962295532226562,True,dec_s1,decoder,1,10,0.003895863494835794,0.003575196536257863,0.0029097427031956613,0.002344964176882058,0.1993585664018988,0.547423218853894
valais_2020-10-03T00:00:00,valais,local,hotspot,t1,q850_trace,precip_zwd,zwd,46.47747747747748,7.280638034804468,0.00010067348921438679,1.0,850,0.0,0.0,0.9999998717579447,0.9999998717579447,0.0,105.87733459472656,104.82030487060547,109.01276397705078,-1.0570297241210938,3.1354293823242188,-2.0962295532226562,1.0391998291015625,2.0962295532226562,True,dec_s2,decoder,2,6,0.012961939442902803,0.01199224404990673,0.010616554878652096,0.006572702433913946,0.5228395031277847,0.6175915477430006
valais_2020-10-03T00:00:00,valais,local,low_near,t1,q850_trace,precip_zwd,zwd,53.97747747747748,344.7806380348045,1.0222548780802754e-06,1.0,850,0.0,0.02735274204468517,1.0,0.9714245692674044,0.0285754307325956,105.87733459472656,105.96755981445312,105.92495727539062,0.0902252197265625,0.0476226806640625,0.02130126953125,0.0689239501953125,0.0689239501953125,False,enc_s0,encoder,0,6,0.008421484536180893,0.008362239847580591,0.008003941892335812,0.0025250893474246063,0.8230320191138993,0.7590450803655974
valais_2020-10-03T00:00:00,valais,local,low_near,t1,q850_trace,precip_zwd,zwd,53.97747747747748,344.7806380348045,1.0222548780802754e-06,1.0,850,0.0,0.02735274204468517,1.0,0.9714245692674044,0.0285754307325956,105.87733459472656,105.96755981445312,105.92495727539062,0.0902252197265625,0.0476226806640625,0.02130126953125,0.0689239501953125,0.0689239501953125,False,enc_s1,encoder,1,10,0.0075878702569752935,0.004922946495935321,0.005229534907266497,0.003627914795652032,0.43044963423736116,0.6042087170842254
valais_2020-10-03T00:00:00,valais,local,low_near,t1,q850_trace,precip_zwd,zwd,53.97747747747748,344.7806380348045,1.0222548780802754e-06,1.0,850,0.0,0.02735274204468517,1.0,0.9714245692674044,0.0285754307325956,105.87733459472656,105.96755981445312,105.92495727539062,0.0902252197265625,0.0476226806640625,0.02130126953125,0.0689239501953125,0.0689239501953125,False,enc_s2,encoder,2,8,0.002938760881079361,0.001918911628308706,0.0020012934546684846,0.0014676930732093751,0.3376041402978808,0.5769677697858415
valais_2020-10-03T00:00:00,valais,local,low_near,t1,q850_trace,precip_zwd,zwd,53.97747747747748,344.7806380348045,1.0222548780802754e-06,1.0,850,0.0,0.02735274204468517,1.0,0.9714245692674044,0.0285754307325956,105.87733459472656,105.96755981445312,105.92495727539062,0.0902252197265625,0.0476226806640625,0.02130126953125,0.0689239501953125,0.0689239501953125,False,dec_s0,decoder,0,8,0.004013263562228531,0.002499193331459537,0.0026329072716180235,0.0020601143332896754,0.27949425627561464,0.5613119405405125
valais_2020-10-03T00:00:00,valais,local,low_near,t1,q850_trace,precip_zwd,zwd,53.97747747747748,344.7806380348045,1.0222548780802754e-06,1.0,850,0.0,0.02735274204468517,1.0,0.9714245692674044,0.0285754307325956,105.87733459472656,105.96755981445312,105.92495727539062,0.0902252197265625,0.0476226806640625,0.02130126953125,0.0689239501953125,0.0689239501953125,False,dec_s1,decoder,1,10,0.00481911872047931,0.004828255041502416,0.0037503152852877975,0.0030350830522365866,0.23637763826760297,0.5551922699844496
valais_2020-10-03T00:00:00,valais,local,low_near,t1,q850_trace,precip_zwd,zwd,53.97747747747748,344.7806380348045,1.0222548780802754e-06,1.0,850,0.0,0.02735274204468517,1.0,0.9714245692674044,0.0285754307325956,105.87733459472656,105.96755981445312,105.92495727539062,0.0902252197265625,0.0476226806640625,0.02130126953125,0.0689239501953125,0.0689239501953125,False,dec_s2,decoder,2,6,0.014615363596628109,0.0146142547018826,0.012056858744472265,0.008259644576658806,0.42435459082339216,0.5935097429951944
valais_2020-10-03T00:00:00,valais,synoptic,hotspot,t1,q850_trace,precip_zwd,precip,43.97747747747748,9.780638034804468,0.0001590295578353107,1.0,850,0.0,0.0002590822730151419,0.9999999069374674,0.999923781785857,7.612515869489836e-05,5.4342827796936035,5.3862199783325195,5.3936638832092285,-0.048062801361083984,-0.040618896484375,-0.003721952438354492,-0.04434084892272949,0.04434084892272949,False,enc_s0,encoder,0,6,0.01318149563545982,0.0127622129706045,0.012593230698257685,0.0031127550173550844,0.8880989189130792,0.8009602930846512
valais_2020-10-03T00:00:00,valais,synoptic,hotspot,t1,q850_trace,precip_zwd,precip,43.97747747747748,9.780638034804468,0.0001590295578353107,1.0,850,0.0,0.0002590822730151419,0.9999999069374674,0.999923781785857,7.612515869489836e-05,5.4342827796936035,5.3862199783325195,5.3936638832092285,-0.048062801361083984,-0.040618896484375,-0.003721952438354492,-0.04434084892272949,0.04434084892272949,False,enc_s1,encoder,1,10,0.009858456812798977,0.007222498022019863,0.007735802046954632,0.0038170328596606852,0.6651602241154864,0.6781991786119783
valais_2020-10-03T00:00:00,valais,synoptic,hotspot,t1,q850_trace,precip_zwd,precip,43.97747747747748,9.780638034804468,0.0001590295578353107,1.0,850,0.0,0.0002590822730151419,0.9999999069374674,0.999923781785857,7.612515869489836e-05,5.4342827796936035,5.3862199783325195,5.3936638832092285,-0.048062801361083984,-0.040618896484375,-0.003721952438354492,-0.04434084892272949,0.04434084892272949,False,enc_s2,encoder,2,8,0.0038840419438201934,0.002832199417753145,0.002988873777212575,0.0016186323919100687,0.5905777350954117,0.6487976505120605
valais_2020-10-03T00:00:00,valais,synoptic,hotspot,t1,q850_trace,precip_zwd,precip,43.97747747747748,9.780638034804468,0.0001590295578353107,1.0,850,0.0,0.0002590822730151419,0.9999999069374674,0.999923781785857,7.612515869489836e-05,5.4342827796936035,5.3862199783325195,5.3936638832092285,-0.048062801361083984,-0.040618896484375,-0.003721952438354492,-0.04434084892272949,0.04434084892272949,False,dec_s0,decoder,0,8,0.00558345956960693,0.0038778363668825477,0.004169822786934674,0.002391452726442367,0.5584925049444022,0.635645066655149
valais_2020-10-03T00:00:00,valais,synoptic,hotspot,t1,q850_trace,precip_zwd,precip,43.97747747747748,9.780638034804468,0.0001590295578353107,1.0,850,0.0,0.0002590822730151419,0.9999999069374674,0.999923781785857,7.612515869489836e-05,5.4342827796936035,5.3862199783325195,5.3936638832092285,-0.048062801361083984,-0.040618896484375,-0.003721952438354492,-0.04434084892272949,0.04434084892272949,False,dec_s1,decoder,1,10,0.006488430569879711,0.005657960590906441,0.005241489922627807,0.0030955209978856145,0.5267460626637244,0.6281833773680932
valais_2020-10-03T00:00:00,valais,synoptic,hotspot,t1,q850_trace,precip_zwd,precip,43.97747747747748,9.780638034804468,0.0001590295578353107,1.0,850,0.0,0.0002590822730151419,0.9999999069374674,0.999923781785857,7.612515869489836e-05,5.4342827796936035,5.3862199783325195,5.3936638832092285,-0.048062801361083984,-0.040618896484375,-0.003721952438354492,-0.04434084892272949,0.04434084892272949,False,dec_s2,decoder,2,6,0.024120195768773556,0.022124909485379856,0.021049699435631435,0.009620342714091143,0.7242205657761752,0.6863960060106421
valais_2020-10-03T00:00:00,valais,synoptic,hotspot,t1,q850_trace,precip_only,precip,43.97747747747748,9.780638034804468,0.0001590295578353107,1.0,850,0.0,0.0002590822730151419,0.9999999069374674,0.999923781785857,7.612515869489836e-05,5.405552864074707,5.400212287902832,5.2669453620910645,-0.005340576171875,-0.13860750198364258,0.06663346290588379,-0.07197403907775879,0.07197403907775879,False,enc_s0,encoder,0,6,0.013177933637052774,0.012583172569672266,0.012503020154933134,0.0031049190244326987,0.8876619877054944,0.800238220462318
valais_2020-10-03T00:00:00,valais,synoptic,hotspot,t1,q850_trace,precip_only,precip,43.97747747747748,9.780638034804468,0.0001590295578353107,1.0,850,0.0,0.0002590822730151419,0.9999999069374674,0.999923781785857,7.612515869489836e-05,5.405552864074707,5.400212287902832,5.2669453620910645,-0.005340576171875,-0.13860750198364258,0.06663346290588379,-0.07197403907775879,0.07197403907775879,False,enc_s1,encoder,1,10,0.010009120730683208,0.007163503114134074,0.007746813632547855,0.003933598764706403,0.650514839605514,0.6716960380194348
valais_2020-10-03T00:00:00,valais,synoptic,hotspot,t1,q850_trace,precip_only,precip,43.97747747747748,9.780638034804468,0.0001590295578353107,1.0,850,0.0,0.0002590822730151419,0.9999999069374674,0.999923781785857,7.612515869489836e-05,5.405552864074707,5.400212287902832,5.2669453620910645,-0.005340576171875,-0.13860750198364258,0.06663346290588379,-0.07197403907775879,0.07197403907775879,False,enc_s2,encoder,2,8,0.004038419923745096,0.0028515267476905137,0.0030465136806014925,0.001714205602183938,0.5669676458815427,0.640041401008994
valais_2020-10-03T00:00:00,valais,synoptic,hotspot,t1,q850_trace,precip_only,precip,43.97747747747748,9.780638034804468,0.0001590295578353107,1.0,850,0.0,0.0002590822730151419,0.9999999069374674,0.999923781785857,7.612515869489836e-05,5.405552864074707,5.400212287902832,5.2669453620910645,-0.005340576171875,-0.13860750198364258,0.06663346290588379,-0.07197403907775879,0.07197403907775879,False,dec_s0,decoder,0,8,0.005874592869076878,0.003898527647834271,0.00427064867108129,0.002572305384092033,0.5258000568002997,0.6242020303393154
valais_2020-10-03T00:00:00,valais,synoptic,hotspot,t1,q850_trace,precip_only,precip,43.97747747747748,9.780638034804468,0.0001590295578353107,1.0,850,0.0,0.0002590822730151419,0.9999999069374674,0.999923781785857,7.612515869489836e-05,5.405552864074707,5.400212287902832,5.2669453620910645,-0.005340576171875,-0.13860750198364258,0.06663346290588379,-0.07197403907775879,0.07197403907775879,False,dec_s1,decoder,1,10,0.0064434240572154525,0.005510771996341646,0.0051120090764015915,0.0031320351641625165,0.4957442468910025,0.6193933495397002
valais_2020-10-03T00:00:00,valais,synoptic,hotspot,t1,q850_trace,precip_only,precip,43.97747747747748,9.780638034804468,0.0001590295578353107,1.0,850,0.0,0.0002590822730151419,0.9999999069374674,0.999923781785857,7.612515869489836e-05,5.405552864074707,5.400212287902832,5.2669453620910645,-0.005340576171875,-0.13860750198364258,0.06663346290588379,-0.07197403907775879,0.07197403907775879,False,dec_s2,decoder,2,6,0.024646679560343426,0.02245562057942152,0.021312184321383636,0.01008051416526238,0.7025055326543646,0.6790830688153213
valais_2020-10-03T00:00:00,valais,synoptic,low_near,t1,q850_trace,precip_zwd,precip,63.97747747747748,359.7806380348045,8.647660251881462e-06,1.0,850,0.0,0.008177303595556882,1.0,0.9927437196056875,0.007256280394312445,5.4342827796936035,5.433446884155273,5.441686630249023,-0.0008358955383300781,0.007403850555419922,-0.004119873046875,0.003283977508544922,0.004119873046875,True,enc_s0,encoder,0,6,0.021042078733444214,0.020707324147224426,0.020122097805142403,0.005556076609839995,0.8592904350646197,0.7828985564435998
valais_2020-10-03T00:00:00,valais,synoptic,low_near,t1,q850_trace,precip_zwd,precip,63.97747747747748,359.7806380348045,8.647660251881462e-06,1.0,850,0.0,0.008177303595556882,1.0,0.9927437196056875,0.007256280394312445,5.4342827796936035,5.433446884155273,5.441686630249023,-0.0008358955383300781,0.007403850555419922,-0.004119873046875,0.003283977508544922,0.004119873046875,True,enc_s1,encoder,1,10,0.017031562607735397,0.011885593645274639,0.012754397839307785,0.007223047129809856,0.5745517650669903,0.6476730803372028
valais_2020-10-03T00:00:00,valais,synoptic,low_near,t1,q850_trace,precip_zwd,precip,63.97747747747748,359.7806380348045,8.647660251881462e-06,1.0,850,0.0,0.008177303595556882,1.0,0.9927437196056875,0.007256280394312445,5.4342827796936035,5.433446884155273,5.441686630249023,-0.0008358955383300781,0.007403850555419922,-0.004119873046875,0.003283977508544922,0.004119873046875,True,enc_s2,encoder,2,8,0.007107256154995412,0.00493852625368163,0.005292577086947858,0.0030724139942321926,0.54017533465277,0.6327521983720386
valais_2020-10-03T00:00:00,valais,synoptic,low_near,t1,q850_trace,precip_zwd,precip,63.97747747747748,359.7806380348045,8.647660251881462e-06,1.0,850,0.0,0.008177303595556882,1.0,0.9927437196056875,0.007256280394312445,5.4342827796936035,5.433446884155273,5.441686630249023,-0.0008358955383300781,0.007403850555419922,-0.004119873046875,0.003283977508544922,0.004119873046875,True,dec_s0,decoder,0,8,0.009968438884243369,0.006445176666602492,0.007189541065599769,0.004332025127951056,0.5242118331528309,0.6238713525079316
valais_2020-10-03T00:00:00,valais,synoptic,low_near,t1,q850_trace,precip_zwd,precip,63.97747747747748,359.7806380348045,8.647660251881462e-06,1.0,850,0.0,0.008177303595556882,1.0,0.9927437196056875,0.007256280394312445,5.4342827796936035,5.433446884155273,5.441686630249023,-0.0008358955383300781,0.007403850555419922,-0.004119873046875,0.003283977508544922,0.004119873046875,True,dec_s1,decoder,1,10,0.011694786138832569,0.01062629367224872,0.00967665403150022,0.005574170686304569,0.558175275431161,0.6415683058111841
valais_2020-10-03T00:00:00,valais,synoptic,low_near,t1,q850_trace,precip_zwd,precip,63.97747747747748,359.7806380348045,8.647660251881462e-06,1.0,850,0.0,0.008177303595556882,1.0,0.9927437196056875,0.007256280394312445,5.4342827796936035,5.433446884155273,5.441686630249023,-0.0008358955383300781,0.007403850555419922,-0.004119873046875,0.003283977508544922,0.004119873046875,True,dec_s2,decoder,2,6,0.039519185200333595,0.0420258833716313,0.03750114763776461,0.016049311496317387,0.7206126542586156,0.7004481353915514
valais_2020-10-03T00:00:00,valais,synoptic,low_near,t1,q850_trace,precip_only,precip,63.97747747747748,359.7806380348045,8.647660251881462e-06,1.0,850,0.0,0.008177303595556882,1.0,0.9927437196056875,0.007256280394312445,5.405552864074707,5.41304349899292,5.4193902015686035,0.007490634918212891,0.013837337493896484,-0.003173351287841797,0.010663986206054688,0.010663986206054688,False,enc_s0,encoder,0,6,0.02101786496738593,0.020493469511469204,0.020015023959179718,0.005506005759040515,0.8607985205230889,0.7835803453994687
valais_2020-10-03T00:00:00,valais,synoptic,low_near,t1,q850_trace,precip_only,precip,63.97747747747748,359.7806380348045,8.647660251881462e-06,1.0,850,0.0,0.008177303595556882,1.0,0.9927437196056875,0.007256280394312445,5.405552864074707,5.41304349899292,5.4193902015686035,0.007490634918212891,0.013837337493896484,-0.003173351287841797,0.010663986206054688,0.010663986206054688,False,enc_s1,encoder,1,10,0.017336450517177582,0.01175548294559121,0.012773121055215598,0.00743451938033104,0.5590018158495276,0.6416102707573514
valais_2020-10-03T00:00:00,valais,synoptic,low_near,t1,q850_trace,precip_only,precip,63.97747747747748,359.7806380348045,8.647660251881462e-06,1.0,850,0.0,0.008177303595556882,1.0,0.9927437196056875,0.007256280394312445,5.405552864074707,5.41304349899292,5.4193902015686035,0.007490634918212891,0.013837337493896484,-0.003173351287841797,0.010663986206054688,0.010663986206054688,False,enc_s2,encoder,2,8,0.0074190577724948525,0.00499501486774534,0.0054183940519578755,0.003261514939367771,0.5156272800105394,0.6242968788694166
valais_2020-10-03T00:00:00,valais,synoptic,low_near,t1,q850_trace,precip_only,precip,63.97747747747748,359.7806380348045,8.647660251881462e-06,1.0,850,0.0,0.008177303595556882,1.0,0.9927437196056875,0.007256280394312445,5.405552864074707,5.41304349899292,5.4193902015686035,0.007490634918212891,0.013837337493896484,-0.003173351287841797,0.010663986206054688,0.010663986206054688,False,dec_s0,decoder,0,8,0.010755315655842423,0.006443774327635765,0.007466919079888612,0.004779926559422165,0.48584880871101577,0.6096333324693084
valais_2020-10-03T00:00:00,valais,synoptic,low_near,t1,q850_trace,precip_only,precip,63.97747747747748,359.7806380348045,8.647660251881462e-06,1.0,850,0.0,0.008177303595556882,1.0,0.9927437196056875,0.007256280394312445,5.405552864074707,5.41304349899292,5.4193902015686035,0.007490634918212891,0.013837337493896484,-0.003173351287841797,0.010663986206054688,0.010663986206054688,False,dec_s1,decoder,1,10,0.011492477636784315,0.009990515420213342,0.009195377631112934,0.005593941314145923,0.5148641755292013,0.6277202120326127
valais_2020-10-03T00:00:00,valais,synoptic,low_near,t1,q850_trace,precip_only,precip,63.97747747747748,359.7806380348045,8.647660251881462e-06,1.0,850,0.0,0.008177303595556882,1.0,0.9927437196056875,0.007256280394312445,5.405552864074707,5.41304349899292,5.4193902015686035,0.007490634918212891,0.013837337493896484,-0.003173351287841797,0.010663986206054688,0.010663986206054688,False,dec_s2,decoder,2,6,0.04092654399573803,0.04235455393791199,0.038026006892323494,0.016975009193023045,0.6959071433084382,0.6917753500856971
valais_2020-10-03T00:00:00,valais,synoptic,hotspot,t1,q850_trace,precip_zwd,zwd,43.97747747747748,9.780638034804468,0.0001590295578353107,1.0,850,0.0,0.0002590822730151419,0.9999999069374674,0.999923781785857,7.612515869489836e-05,105.87733459472656,106.39759063720703,107.80655670166016,0.5202560424804688,1.9292221069335938,-0.7044830322265625,1.2247390747070312,1.2247390747070312,False,enc_s0,encoder,0,6,0.01318149563545982,0.0127622129706045,0.012593230698257685,0.0031127550173550844,0.8880989189130792,0.8009602930846512
valais_2020-10-03T00:00:00,valais,synoptic,hotspot,t1,q850_trace,precip_zwd,zwd,43.97747747747748,9.780638034804468,0.0001590295578353107,1.0,850,0.0,0.0002590822730151419,0.9999999069374674,0.999923781785857,7.612515869489836e-05,105.87733459472656,106.39759063720703,107.80655670166016,0.5202560424804688,1.9292221069335938,-0.7044830322265625,1.2247390747070312,1.2247390747070312,False,enc_s1,encoder,1,10,0.009858456812798977,0.007222498022019863,0.007735802046954632,0.0038170328596606852,0.6651602241154864,0.6781991786119783
valais_2020-10-03T00:00:00,valais,synoptic,hotspot,t1,q850_trace,precip_zwd,zwd,43.97747747747748,9.780638034804468,0.0001590295578353107,1.0,850,0.0,0.0002590822730151419,0.9999999069374674,0.999923781785857,7.612515869489836e-05,105.87733459472656,106.39759063720703,107.80655670166016,0.5202560424804688,1.9292221069335938,-0.7044830322265625,1.2247390747070312,1.2247390747070312,False,enc_s2,encoder,2,8,0.0038840419438201934,0.002832199417753145,0.002988873777212575,0.0016186323919100687,0.5905777350954117,0.6487976505120605
valais_2020-10-03T00:00:00,valais,synoptic,hotspot,t1,q850_trace,precip_zwd,zwd,43.97747747747748,9.780638034804468,0.0001590295578353107,1.0,850,0.0,0.0002590822730151419,0.9999999069374674,0.999923781785857,7.612515869489836e-05,105.87733459472656,106.39759063720703,107.80655670166016,0.5202560424804688,1.9292221069335938,-0.7044830322265625,1.2247390747070312,1.2247390747070312,False,dec_s0,decoder,0,8,0.00558345956960693,0.0038778363668825477,0.004169822786934674,0.002391452726442367,0.5584925049444022,0.635645066655149
valais_2020-10-03T00:00:00,valais,synoptic,hotspot,t1,q850_trace,precip_zwd,zwd,43.97747747747748,9.780638034804468,0.0001590295578353107,1.0,850,0.0,0.0002590822730151419,0.9999999069374674,0.999923781785857,7.612515869489836e-05,105.87733459472656,106.39759063720703,107.80655670166016,0.5202560424804688,1.9292221069335938,-0.7044830322265625,1.2247390747070312,1.2247390747070312,False,dec_s1,decoder,1,10,0.006488430569879711,0.005657960590906441,0.005241489922627807,0.0030955209978856145,0.5267460626637244,0.6281833773680932
valais_2020-10-03T00:00:00,valais,synoptic,hotspot,t1,q850_trace,precip_zwd,zwd,43.97747747747748,9.780638034804468,0.0001590295578353107,1.0,850,0.0,0.0002590822730151419,0.9999999069374674,0.999923781785857,7.612515869489836e-05,105.87733459472656,106.39759063720703,107.80655670166016,0.5202560424804688,1.9292221069335938,-0.7044830322265625,1.2247390747070312,1.2247390747070312,False,dec_s2,decoder,2,6,0.024120195768773556,0.022124909485379856,0.021049699435631435,0.009620342714091143,0.7242205657761752,0.6863960060106421
valais_2020-10-03T00:00:00,valais,synoptic,low_near,t1,q850_trace,precip_zwd,zwd,63.97747747747748,359.7806380348045,8.647660251881462e-06,1.0,850,0.0,0.008177303595556882,1.0,0.9927437196056875,0.007256280394312445,105.87733459472656,106.06122589111328,105.91282653808594,0.18389129638671875,0.035491943359375,0.07419967651367188,0.10969161987304688,0.10969161987304688,False,enc_s0,encoder,0,6,0.021042078733444214,0.020707324147224426,0.020122097805142403,0.005556076609839995,0.8592904350646197,0.7828985564435998
valais_2020-10-03T00:00:00,valais,synoptic,low_near,t1,q850_trace,precip_zwd,zwd,63.97747747747748,359.7806380348045,8.647660251881462e-06,1.0,850,0.0,0.008177303595556882,1.0,0.9927437196056875,0.007256280394312445,105.87733459472656,106.06122589111328,105.91282653808594,0.18389129638671875,0.035491943359375,0.07419967651367188,0.10969161987304688,0.10969161987304688,False,enc_s1,encoder,1,10,0.017031562607735397,0.011885593645274639,0.012754397839307785,0.007223047129809856,0.5745517650669903,0.6476730803372028
valais_2020-10-03T00:00:00,valais,synoptic,low_near,t1,q850_trace,precip_zwd,zwd,63.97747747747748,359.7806380348045,8.647660251881462e-06,1.0,850,0.0,0.008177303595556882,1.0,0.9927437196056875,0.007256280394312445,105.87733459472656,106.06122589111328,105.91282653808594,0.18389129638671875,0.035491943359375,0.07419967651367188,0.10969161987304688,0.10969161987304688,False,enc_s2,encoder,2,8,0.007107256154995412,0.00493852625368163,0.005292577086947858,0.0030724139942321926,0.54017533465277,0.6327521983720386
valais_2020-10-03T00:00:00,valais,synoptic,low_near,t1,q850_trace,precip_zwd,zwd,63.97747747747748,359.7806380348045,8.647660251881462e-06,1.0,850,0.0,0.008177303595556882,1.0,0.9927437196056875,0.007256280394312445,105.87733459472656,106.06122589111328,105.91282653808594,0.18389129638671875,0.035491943359375,0.07419967651367188,0.10969161987304688,0.10969161987304688,False,dec_s0,decoder,0,8,0.009968438884243369,0.006445176666602492,0.007189541065599769,0.004332025127951056,0.5242118331528309,0.6238713525079316
valais_2020-10-03T00:00:00,valais,synoptic,low_near,t1,q850_trace,precip_zwd,zwd,63.97747747747748,359.7806380348045,8.647660251881462e-06,1.0,850,0.0,0.008177303595556882,1.0,0.9927437196056875,0.007256280394312445,105.87733459472656,106.06122589111328,105.91282653808594,0.18389129638671875,0.035491943359375,0.07419967651367188,0.10969161987304688,0.10969161987304688,False,dec_s1,decoder,1,10,0.011694786138832569,0.01062629367224872,0.00967665403150022,0.005574170686304569,0.558175275431161,0.6415683058111841
valais_2020-10-03T00:00:00,valais,synoptic,low_near,t1,q850_trace,precip_zwd,zwd,63.97747747747748,359.7806380348045,8.647660251881462e-06,1.0,850,0.0,0.008177303595556882,1.0,0.9927437196056875,0.007256280394312445,105.87733459472656,106.06122589111328,105.91282653808594,0.18389129638671875,0.035491943359375,0.07419967651367188,0.10969161987304688,0.10969161987304688,False,dec_s2,decoder,2,6,0.039519185200333595,0.0420258833716313,0.03750114763776461,0.016049311496317387,0.7206126542586156,0.7004481353915514
