case_id,target,role,model_key,variable,input_name,target_metric,baseline,contrast,lead_h,patch_site,patch_region,score_base,score_source,score_patched,delta_source_minus_base,delta_patched_minus_base,recovery,hotspot_lat,hotspot_lon,low_near_lat,low_near_lon
andes_2020012000_top06_2020,andes,top06_2020,precip_large_zwd,precip,tp_mswep,q850_box_mean_g_per_kg,per-timestep spatial mean,actual_vs_uniform_tp,6,enc_s0_skip,whole,9.516529083251953,9.511701583862305,9.516518592834473,-0.0048274993896484375,-1.049041748046875e-05,0.002173054128802845,-30.02252252252252,288.04529172445586,-45.02252252252252,273.04529172445586
andes_2020012000_top06_2020,andes,top06_2020,precip_large_zwd,precip,tp_mswep,q850_box_mean_g_per_kg,per-timestep spatial mean,actual_vs_uniform_tp,6,enc_s0_skip,target_box,9.516529083251953,9.511701583862305,9.516125679016113,-0.0048274993896484375,-0.00040340423583984375,0.08356380877123666,-30.02252252252252,288.04529172445586,-45.02252252252252,273.04529172445586
andes_2020012000_top06_2020,andes,top06_2020,precip_large_zwd,precip,tp_mswep,q850_box_mean_g_per_kg,per-timestep spatial mean,actual_vs_uniform_tp,6,enc_s0_skip,mountain_near,9.516529083251953,9.511701583862305,9.516092300415039,-0.0048274993896484375,-0.0004367828369140625,0.09047807190833662,-30.02252252252252,288.04529172445586,-45.02252252252252,273.04529172445586
andes_2020012000_top06_2020,andes,top06_2020,precip_large_zwd,precip,tp_mswep,q850_box_mean_g_per_kg,per-timestep spatial mean,actual_vs_uniform_tp,6,enc_s0_skip,upstream,9.516529083251953,9.511701583862305,9.516495704650879,-0.0048274993896484375,-3.337860107421875e-05,0.00691426313709996,-30.02252252252252,288.04529172445586,-45.02252252252252,273.04529172445586
andes_2020012000_top06_2020,andes,top06_2020,precip_large_zwd,precip,tp_mswep,q850_box_mean_g_per_kg,per-timestep spatial mean,actual_vs_uniform_tp,6,enc_s0_skip,hotspot_gaussian,9.516529083251953,9.511701583862305,9.516655921936035,-0.0048274993896484375,0.00012683868408203125,-0.02627419992097985,-30.02252252252252,288.04529172445586,-45.02252252252252,273.04529172445586
andes_2020012000_top06_2020,andes,top06_2020,precip_large_zwd,precip,tp_mswep,q850_box_mean_g_per_kg,per-timestep spatial mean,actual_vs_uniform_tp,6,enc_s0_skip,low_near_gaussian,9.516529083251953,9.511701583862305,9.51648998260498,-0.0048274993896484375,-3.910064697265625e-05,0.00809956538917424,-30.02252252252252,288.04529172445586,-45.02252252252252,273.04529172445586
andes_2020012000_top06_2020,andes,top06_2020,precip_large_zwd,precip,tp_mswep,q850_box_mean_g_per_kg,per-timestep spatial mean,actual_vs_uniform_tp,6,enc_s0_skip,remote_control,9.516529083251953,9.511701583862305,9.516881942749023,-0.0048274993896484375,0.0003528594970703125,-0.07309363887791387,-30.02252252252252,288.04529172445586,-45.02252252252252,273.04529172445586
andes_2020012000_top06_2020,andes,top06_2020,precip_large_zwd,precip,tp_mswep,q850_box_mean_g_per_kg,per-timestep spatial mean,actual_vs_uniform_tp,6,enc_s1_skip,whole,9.516529083251953,9.511701583862305,9.516529083251953,-0.0048274993896484375,0.0,-0.0,-30.02252252252252,288.04529172445586,-45.02252252252252,273.04529172445586
andes_2020012000_top06_2020,andes,top06_2020,precip_large_zwd,precip,tp_mswep,q850_box_mean_g_per_kg,per-timestep spatial mean,actual_vs_uniform_tp,6,enc_s1_skip,target_box,9.516529083251953,9.511701583862305,9.516529083251953,-0.0048274993896484375,0.0,-0.0,-30.02252252252252,288.04529172445586,-45.02252252252252,273.04529172445586
andes_2020012000_top06_2020,andes,top06_2020,precip_large_zwd,precip,tp_mswep,q850_box_mean_g_per_kg,per-timestep spatial mean,actual_vs_uniform_tp,6,enc_s1_skip,mountain_near,9.516529083251953,9.511701583862305,9.516529083251953,-0.0048274993896484375,0.0,-0.0,-30.02252252252252,288.04529172445586,-45.02252252252252,273.04529172445586
andes_2020012000_top06_2020,andes,top06_2020,precip_large_zwd,precip,tp_mswep,q850_box_mean_g_per_kg,per-timestep spatial mean,actual_vs_uniform_tp,6,enc_s1_skip,upstream,9.516529083251953,9.511701583862305,9.516529083251953,-0.0048274993896484375,0.0,-0.0,-30.02252252252252,288.04529172445586,-45.02252252252252,273.04529172445586
andes_2020012000_top06_2020,andes,top06_2020,precip_large_zwd,precip,tp_mswep,q850_box_mean_g_per_kg,per-timestep spatial mean,actual_vs_uniform_tp,6,enc_s1_skip,hotspot_gaussian,9.516529083251953,9.511701583862305,9.516529083251953,-0.0048274993896484375,0.0,-0.0,-30.02252252252252,288.04529172445586,-45.02252252252252,273.04529172445586
andes_2020012000_top06_2020,andes,top06_2020,precip_large_zwd,precip,tp_mswep,q850_box_mean_g_per_kg,per-timestep spatial mean,actual_vs_uniform_tp,6,enc_s1_skip,low_near_gaussian,9.516529083251953,9.511701583862305,9.516529083251953,-0.0048274993896484375,0.0,-0.0,-30.02252252252252,288.04529172445586,-45.02252252252252,273.04529172445586
andes_2020012000_top06_2020,andes,top06_2020,precip_large_zwd,precip,tp_mswep,q850_box_mean_g_per_kg,per-timestep spatial mean,actual_vs_uniform_tp,6,enc_s1_skip,remote_control,9.516529083251953,9.511701583862305,9.516529083251953,-0.0048274993896484375,0.0,-0.0,-30.02252252252252,288.04529172445586,-45.02252252252252,273.04529172445586
andes_2020012000_top06_2020,andes,top06_2020,precip_large_zwd,precip,tp_mswep,q850_box_mean_g_per_kg,per-timestep spatial mean,actual_vs_uniform_tp,6,enc_s2_bottleneck,whole,9.516529083251953,9.511701583862305,9.512369155883789,-0.0048274993896484375,-0.0041599273681640625,0.8617147372580007,-30.02252252252252,288.04529172445586,-45.02252252252252,273.04529172445586
andes_2020012000_top06_2020,andes,top06_2020,precip_large_zwd,precip,tp_mswep,q850_box_mean_g_per_kg,per-timestep spatial mean,actual_vs_uniform_tp,6,enc_s2_bottleneck,target_box,9.516529083251953,9.511701583862305,9.516691207885742,-0.0048274993896484375,0.0001621246337890625,-0.033583563808771234,-30.02252252252252,288.04529172445586,-45.02252252252252,273.04529172445586
andes_2020012000_top06_2020,andes,top06_2020,precip_large_zwd,precip,tp_mswep,q850_box_mean_g_per_kg,per-timestep spatial mean,actual_vs_uniform_tp,6,enc_s2_bottleneck,mountain_near,9.516529083251953,9.511701583862305,9.51367473602295,-0.0048274993896484375,-0.0028543472290039062,0.5912682734097194,-30.02252252252252,288.04529172445586,-45.02252252252252,273.04529172445586
andes_2020012000_top06_2020,andes,top06_2020,precip_large_zwd,precip,tp_mswep,q850_box_mean_g_per_kg,per-timestep spatial mean,actual_vs_uniform_tp,6,enc_s2_bottleneck,upstream,9.516529083251953,9.511701583862305,9.515847206115723,-0.0048274993896484375,-0.0006818771362304688,0.1412485183721849,-30.02252252252252,288.04529172445586,-45.02252252252252,273.04529172445586
andes_2020012000_top06_2020,andes,top06_2020,precip_large_zwd,precip,tp_mswep,q850_box_mean_g_per_kg,per-timestep spatial mean,actual_vs_uniform_tp,6,enc_s2_bottleneck,hotspot_gaussian,9.516529083251953,9.511701583862305,9.513589859008789,-0.0048274993896484375,-0.0029392242431640625,0.608850256815488,-30.02252252252252,288.04529172445586,-45.02252252252252,273.04529172445586
andes_2020012000_top06_2020,andes,top06_2020,precip_large_zwd,precip,tp_mswep,q850_box_mean_g_per_kg,per-timestep spatial mean,actual_vs_uniform_tp,6,enc_s2_bottleneck,low_near_gaussian,9.516529083251953,9.511701583862305,9.514749526977539,-0.0048274993896484375,-0.0017795562744140625,0.36862900039510077,-30.02252252252252,288.04529172445586,-45.02252252252252,273.04529172445586
andes_2020012000_top06_2020,andes,top06_2020,precip_large_zwd,precip,tp_mswep,q850_box_mean_g_per_kg,per-timestep spatial mean,actual_vs_uniform_tp,6,enc_s2_bottleneck,remote_control,9.516529083251953,9.511701583862305,9.517196655273438,-0.0048274993896484375,0.000667572021484375,-0.1382852627419992,-30.02252252252252,288.04529172445586,-45.02252252252252,273.04529172445586
andes_2020012000_top06_2020,andes,top06_2020,precip_large_zwd,precip,tp_mswep,q850_box_mean_g_per_kg,per-timestep spatial mean,actual_vs_uniform_tp,6,dec_s0_pre_skip,whole,9.516529083251953,9.511701583862305,9.512369155883789,-0.0048274993896484375,-0.0041599273681640625,0.8617147372580007,-30.02252252252252,288.04529172445586,-45.02252252252252,273.04529172445586
andes_2020012000_top06_2020,andes,top06_2020,precip_large_zwd,precip,tp_mswep,q850_box_mean_g_per_kg,per-timestep spatial mean,actual_vs_uniform_tp,6,dec_s0_pre_skip,target_box,9.516529083251953,9.511701583862305,9.516691207885742,-0.0048274993896484375,0.0001621246337890625,-0.033583563808771234,-30.02252252252252,288.04529172445586,-45.02252252252252,273.04529172445586
andes_2020012000_top06_2020,andes,top06_2020,precip_large_zwd,precip,tp_mswep,q850_box_mean_g_per_kg,per-timestep spatial mean,actual_vs_uniform_tp,6,dec_s0_pre_skip,mountain_near,9.516529083251953,9.511701583862305,9.51367473602295,-0.0048274993896484375,-0.0028543472290039062,0.5912682734097194,-30.02252252252252,288.04529172445586,-45.02252252252252,273.04529172445586
andes_2020012000_top06_2020,andes,top06_2020,precip_large_zwd,precip,tp_mswep,q850_box_mean_g_per_kg,per-timestep spatial mean,actual_vs_uniform_tp,6,dec_s0_pre_skip,upstream,9.516529083251953,9.511701583862305,9.515847206115723,-0.0048274993896484375,-0.0006818771362304688,0.1412485183721849,-30.02252252252252,288.04529172445586,-45.02252252252252,273.04529172445586
andes_2020012000_top06_2020,andes,top06_2020,precip_large_zwd,precip,tp_mswep,q850_box_mean_g_per_kg,per-timestep spatial mean,actual_vs_uniform_tp,6,dec_s0_pre_skip,hotspot_gaussian,9.516529083251953,9.511701583862305,9.513589859008789,-0.0048274993896484375,-0.0029392242431640625,0.608850256815488,-30.02252252252252,288.04529172445586,-45.02252252252252,273.04529172445586
andes_2020012000_top06_2020,andes,top06_2020,precip_large_zwd,precip,tp_mswep,q850_box_mean_g_per_kg,per-timestep spatial mean,actual_vs_uniform_tp,6,dec_s0_pre_skip,low_near_gaussian,9.516529083251953,9.511701583862305,9.514749526977539,-0.0048274993896484375,-0.0017795562744140625,0.36862900039510077,-30.02252252252252,288.04529172445586,-45.02252252252252,273.04529172445586
andes_2020012000_top06_2020,andes,top06_2020,precip_large_zwd,precip,tp_mswep,q850_box_mean_g_per_kg,per-timestep spatial mean,actual_vs_uniform_tp,6,dec_s0_pre_skip,remote_control,9.516529083251953,9.511701583862305,9.517196655273438,-0.0048274993896484375,0.000667572021484375,-0.1382852627419992,-30.02252252252252,288.04529172445586,-45.02252252252252,273.04529172445586
andes_2020012000_top06_2020,andes,top06_2020,precip_large_zwd,precip,tp_mswep,q850_box_mean_g_per_kg,per-timestep spatial mean,actual_vs_uniform_tp,6,dec_s1_pre_skip,whole,9.516529083251953,9.511701583862305,9.511763572692871,-0.0048274993896484375,-0.004765510559082031,0.9871592256025287,-30.02252252252252,288.04529172445586,-45.02252252252252,273.04529172445586
andes_2020012000_top06_2020,andes,top06_2020,precip_large_zwd,precip,tp_mswep,q850_box_mean_g_per_kg,per-timestep spatial mean,actual_vs_uniform_tp,6,dec_s1_pre_skip,target_box,9.516529083251953,9.511701583862305,9.512516021728516,-0.0048274993896484375,-0.0040130615234375,0.831291979454761,-30.02252252252252,288.04529172445586,-45.02252252252252,273.04529172445586
andes_2020012000_top06_2020,andes,top06_2020,precip_large_zwd,precip,tp_mswep,q850_box_mean_g_per_kg,per-timestep spatial mean,actual_vs_uniform_tp,6,dec_s1_pre_skip,mountain_near,9.516529083251953,9.511701583862305,9.514730453491211,-0.0048274993896484375,-0.0017986297607421875,0.372580007902015,-30.02252252252252,288.04529172445586,-45.02252252252252,273.04529172445586
andes_2020012000_top06_2020,andes,top06_2020,precip_large_zwd,precip,tp_mswep,q850_box_mean_g_per_kg,per-timestep spatial mean,actual_vs_uniform_tp,6,dec_s1_pre_skip,upstream,9.516529083251953,9.511701583862305,9.514192581176758,-0.0048274993896484375,-0.0023365020751953125,0.48399841959699724,-30.02252252252252,288.04529172445586,-45.02252252252252,273.04529172445586
andes_2020012000_top06_2020,andes,top06_2020,precip_large_zwd,precip,tp_mswep,q850_box_mean_g_per_kg,per-timestep spatial mean,actual_vs_uniform_tp,6,dec_s1_pre_skip,hotspot_gaussian,9.516529083251953,9.511701583862305,9.51499080657959,-0.0048274993896484375,-0.0015382766723632812,0.3186487554326353,-30.02252252252252,288.04529172445586,-45.02252252252252,273.04529172445586
andes_2020012000_top06_2020,andes,top06_2020,precip_large_zwd,precip,tp_mswep,q850_box_mean_g_per_kg,per-timestep spatial mean,actual_vs_uniform_tp,6,dec_s1_pre_skip,low_near_gaussian,9.516529083251953,9.511701583862305,9.516331672668457,-0.0048274993896484375,-0.00019741058349609375,0.04089292769656262,-30.02252252252252,288.04529172445586,-45.02252252252252,273.04529172445586
andes_2020012000_top06_2020,andes,top06_2020,precip_large_zwd,precip,tp_mswep,q850_box_mean_g_per_kg,per-timestep spatial mean,actual_vs_uniform_tp,6,dec_s1_pre_skip,remote_control,9.516529083251953,9.511701583862305,9.516239166259766,-0.0048274993896484375,-0.0002899169921875,0.0600553141050968,-30.02252252252252,288.04529172445586,-45.02252252252252,273.04529172445586
andes_2020012000_top06_2020,andes,top06_2020,precip_large_zwd,precip,tp_mswep,q850_box_mean_g_per_kg,per-timestep spatial mean,actual_vs_uniform_tp,6,dec_s1_post_skip,whole,9.516529083251953,9.511701583862305,9.511682510375977,-0.0048274993896484375,-0.0048465728759765625,1.0039510075069142,-30.02252252252252,288.04529172445586,-45.02252252252252,273.04529172445586
andes_2020012000_top06_2020,andes,top06_2020,precip_large_zwd,precip,tp_mswep,q850_box_mean_g_per_kg,per-timestep spatial mean,actual_vs_uniform_tp,6,dec_s1_post_skip,target_box,9.516529083251953,9.511701583862305,9.512502670288086,-0.0048274993896484375,-0.0040264129638671875,0.834057684709601,-30.02252252252252,288.04529172445586,-45.02252252252252,273.04529172445586
andes_2020012000_top06_2020,andes,top06_2020,precip_large_zwd,precip,tp_mswep,q850_box_mean_g_per_kg,per-timestep spatial mean,actual_vs_uniform_tp,6,dec_s1_post_skip,mountain_near,9.516529083251953,9.511701583862305,9.513762474060059,-0.0048274993896484375,-0.0027666091918945312,0.5730936388779139,-30.02252252252252,288.04529172445586,-45.02252252252252,273.04529172445586
andes_2020012000_top06_2020,andes,top06_2020,precip_large_zwd,precip,tp_mswep,q850_box_mean_g_per_kg,per-timestep spatial mean,actual_vs_uniform_tp,6,dec_s1_post_skip,upstream,9.516529083251953,9.511701583862305,9.515856742858887,-0.0048274993896484375,-0.0006723403930664062,0.13927301461872776,-30.02252252252252,288.04529172445586,-45.02252252252252,273.04529172445586
andes_2020012000_top06_2020,andes,top06_2020,precip_large_zwd,precip,tp_mswep,q850_box_mean_g_per_kg,per-timestep spatial mean,actual_vs_uniform_tp,6,dec_s1_post_skip,hotspot_gaussian,9.516529083251953,9.511701583862305,9.512040138244629,-0.0048274993896484375,-0.004488945007324219,0.9298696167522719,-30.02252252252252,288.04529172445586,-45.02252252252252,273.04529172445586
andes_2020012000_top06_2020,andes,top06_2020,precip_large_zwd,precip,tp_mswep,q850_box_mean_g_per_kg,per-timestep spatial mean,actual_vs_uniform_tp,6,dec_s1_post_skip,low_near_gaussian,9.516529083251953,9.511701583862305,9.516857147216797,-0.0048274993896484375,0.00032806396484375,-0.06795732911892532,-30.02252252252252,288.04529172445586,-45.02252252252252,273.04529172445586
andes_2020012000_top06_2020,andes,top06_2020,precip_large_zwd,precip,tp_mswep,q850_box_mean_g_per_kg,per-timestep spatial mean,actual_vs_uniform_tp,6,dec_s1_post_skip,remote_control,9.516529083251953,9.511701583862305,9.516775131225586,-0.0048274993896484375,0.0002460479736328125,-0.050967996839193994,-30.02252252252252,288.04529172445586,-45.02252252252252,273.04529172445586
andes_2020012000_top06_2020,andes,top06_2020,precip_large_zwd,precip,tp_mswep,q850_box_mean_g_per_kg,per-timestep spatial mean,actual_vs_uniform_tp,6,dec_s2_pre_concat,whole,9.516529083251953,9.511701583862305,9.511682510375977,-0.0048274993896484375,-0.0048465728759765625,1.0039510075069142,-30.02252252252252,288.04529172445586,-45.02252252252252,273.04529172445586
andes_2020012000_top06_2020,andes,top06_2020,precip_large_zwd,precip,tp_mswep,q850_box_mean_g_per_kg,per-timestep spatial mean,actual_vs_uniform_tp,6,dec_s2_pre_concat,target_box,9.516529083251953,9.511701583862305,9.512502670288086,-0.0048274993896484375,-0.0040264129638671875,0.834057684709601,-30.02252252252252,288.04529172445586,-45.02252252252252,273.04529172445586
andes_2020012000_top06_2020,andes,top06_2020,precip_large_zwd,precip,tp_mswep,q850_box_mean_g_per_kg,per-timestep spatial mean,actual_vs_uniform_tp,6,dec_s2_pre_concat,mountain_near,9.516529083251953,9.511701583862305,9.513762474060059,-0.0048274993896484375,-0.0027666091918945312,0.5730936388779139,-30.02252252252252,288.04529172445586,-45.02252252252252,273.04529172445586
andes_2020012000_top06_2020,andes,top06_2020,precip_large_zwd,precip,tp_mswep,q850_box_mean_g_per_kg,per-timestep spatial mean,actual_vs_uniform_tp,6,dec_s2_pre_concat,upstream,9.516529083251953,9.511701583862305,9.515856742858887,-0.0048274993896484375,-0.0006723403930664062,0.13927301461872776,-30.02252252252252,288.04529172445586,-45.02252252252252,273.04529172445586
andes_2020012000_top06_2020,andes,top06_2020,precip_large_zwd,precip,tp_mswep,q850_box_mean_g_per_kg,per-timestep spatial mean,actual_vs_uniform_tp,6,dec_s2_pre_concat,hotspot_gaussian,9.516529083251953,9.511701583862305,9.512040138244629,-0.0048274993896484375,-0.004488945007324219,0.9298696167522719,-30.02252252252252,288.04529172445586,-45.02252252252252,273.04529172445586
andes_2020012000_top06_2020,andes,top06_2020,precip_large_zwd,precip,tp_mswep,q850_box_mean_g_per_kg,per-timestep spatial mean,actual_vs_uniform_tp,6,dec_s2_pre_concat,low_near_gaussian,9.516529083251953,9.511701583862305,9.516857147216797,-0.0048274993896484375,0.00032806396484375,-0.06795732911892532,-30.02252252252252,288.04529172445586,-45.02252252252252,273.04529172445586
andes_2020012000_top06_2020,andes,top06_2020,precip_large_zwd,precip,tp_mswep,q850_box_mean_g_per_kg,per-timestep spatial mean,actual_vs_uniform_tp,6,dec_s2_pre_concat,remote_control,9.516529083251953,9.511701583862305,9.516775131225586,-0.0048274993896484375,0.0002460479736328125,-0.050967996839193994,-30.02252252252252,288.04529172445586,-45.02252252252252,273.04529172445586
andes_2020012000_top06_2020,andes,top06_2020,precip_large_zwd,precip,tp_mswep,q850_box_mean_g_per_kg,per-timestep spatial mean,actual_vs_uniform_tp,6,dec_s2_post_concat,whole,9.516529083251953,9.511701583862305,9.511603355407715,-0.0048274993896484375,-0.004925727844238281,1.0203476886606084,-30.02252252252252,288.04529172445586,-45.02252252252252,273.04529172445586
andes_2020012000_top06_2020,andes,top06_2020,precip_large_zwd,precip,tp_mswep,q850_box_mean_g_per_kg,per-timestep spatial mean,actual_vs_uniform_tp,6,dec_s2_post_concat,target_box,9.516529083251953,9.511701583862305,9.511824607849121,-0.0048274993896484375,-0.004704475402832031,0.974516001580403,-30.02252252252252,288.04529172445586,-45.02252252252252,273.04529172445586
andes_2020012000_top06_2020,andes,top06_2020,precip_large_zwd,precip,tp_mswep,q850_box_mean_g_per_kg,per-timestep spatial mean,actual_vs_uniform_tp,6,dec_s2_post_concat,mountain_near,9.516529083251953,9.511701583862305,9.513710021972656,-0.0048274993896484375,-0.002819061279296875,0.5839589095219281,-30.02252252252252,288.04529172445586,-45.02252252252252,273.04529172445586
andes_2020012000_top06_2020,andes,top06_2020,precip_large_zwd,precip,tp_mswep,q850_box_mean_g_per_kg,per-timestep spatial mean,actual_vs_uniform_tp,6,dec_s2_post_concat,upstream,9.516529083251953,9.511701583862305,9.51572322845459,-0.0048274993896484375,-0.0008058547973632812,0.1669300671671276,-30.02252252252252,288.04529172445586,-45.02252252252252,273.04529172445586
andes_2020012000_top06_2020,andes,top06_2020,precip_large_zwd,precip,tp_mswep,q850_box_mean_g_per_kg,per-timestep spatial mean,actual_vs_uniform_tp,6,dec_s2_post_concat,hotspot_gaussian,9.516529083251953,9.511701583862305,9.512174606323242,-0.0048274993896484375,-0.0043544769287109375,0.9020150138285262,-30.02252252252252,288.04529172445586,-45.02252252252252,273.04529172445586
andes_2020012000_top06_2020,andes,top06_2020,precip_large_zwd,precip,tp_mswep,q850_box_mean_g_per_kg,per-timestep spatial mean,actual_vs_uniform_tp,6,dec_s2_post_concat,low_near_gaussian,9.516529083251953,9.511701583862305,9.516493797302246,-0.0048274993896484375,-3.528594970703125e-05,0.0073093638877913866,-30.02252252252252,288.04529172445586,-45.02252252252252,273.04529172445586
andes_2020012000_top06_2020,andes,top06_2020,precip_large_zwd,precip,tp_mswep,q850_box_mean_g_per_kg,per-timestep spatial mean,actual_vs_uniform_tp,6,dec_s2_post_concat,remote_control,9.516529083251953,9.511701583862305,9.516498565673828,-0.0048274993896484375,-3.0517578125e-05,0.006321612011062821,-30.02252252252252,288.04529172445586,-45.02252252252252,273.04529172445586
andes_2020012000_top06_2020,andes,top06_2020,precip_large_zwd,precip,tp_mswep,q850_box_mean_g_per_kg,per-timestep spatial mean,actual_vs_uniform_tp,12,enc_s0_skip,whole,9.027575492858887,9.02610969543457,9.028624534606934,-0.0014657974243164062,0.001049041748046875,-0.715679895901106,-30.02252252252252,288.04529172445586,-45.02252252252252,273.04529172445586
andes_2020012000_top06_2020,andes,top06_2020,precip_large_zwd,precip,tp_mswep,q850_box_mean_g_per_kg,per-timestep spatial mean,actual_vs_uniform_tp,12,enc_s0_skip,target_box,9.027575492858887,9.02610969543457,9.02871036529541,-0.0014657974243164062,0.0011348724365234375,-0.7742355237475602,-30.02252252252252,288.04529172445586,-45.02252252252252,273.04529172445586
andes_2020012000_top06_2020,andes,top06_2020,precip_large_zwd,precip,tp_mswep,q850_box_mean_g_per_kg,per-timestep spatial mean,actual_vs_uniform_tp,12,enc_s0_skip,mountain_near,9.027575492858887,9.02610969543457,9.029614448547363,-0.0014657974243164062,0.0020389556884765625,-1.391021470396877,-30.02252252252252,288.04529172445586,-45.02252252252252,273.04529172445586
andes_2020012000_top06_2020,andes,top06_2020,precip_large_zwd,precip,tp_mswep,q850_box_mean_g_per_kg,per-timestep spatial mean,actual_vs_uniform_tp,12,enc_s0_skip,upstream,9.027575492858887,9.02610969543457,9.028702735900879,-0.0014657974243164062,0.0011272430419921875,-0.7690305790500976,-30.02252252252252,288.04529172445586,-45.02252252252252,273.04529172445586
andes_2020012000_top06_2020,andes,top06_2020,precip_large_zwd,precip,tp_mswep,q850_box_mean_g_per_kg,per-timestep spatial mean,actual_vs_uniform_tp,12,enc_s0_skip,hotspot_gaussian,9.027575492858887,9.02610969543457,9.031310081481934,-0.0014657974243164062,0.003734588623046875,-2.5478204294079374,-30.02252252252252,288.04529172445586,-45.02252252252252,273.04529172445586
andes_2020012000_top06_2020,andes,top06_2020,precip_large_zwd,precip,tp_mswep,q850_box_mean_g_per_kg,per-timestep spatial mean,actual_vs_uniform_tp,12,enc_s0_skip,low_near_gaussian,9.027575492858887,9.02610969543457,9.025116920471191,-0.0014657974243164062,-0.0024585723876953125,1.6772934287573193,-30.02252252252252,288.04529172445586,-45.02252252252252,273.04529172445586
andes_2020012000_top06_2020,andes,top06_2020,precip_large_zwd,precip,tp_mswep,q850_box_mean_g_per_kg,per-timestep spatial mean,actual_vs_uniform_tp,12,enc_s0_skip,remote_control,9.027575492858887,9.02610969543457,9.028249740600586,-0.0014657974243164062,0.0006742477416992188,-0.45998698763825635,-30.02252252252252,288.04529172445586,-45.02252252252252,273.04529172445586
andes_2020012000_top06_2020,andes,top06_2020,precip_large_zwd,precip,tp_mswep,q850_box_mean_g_per_kg,per-timestep spatial mean,actual_vs_uniform_tp,12,enc_s1_skip,whole,9.027575492858887,9.02610969543457,9.027575492858887,-0.0014657974243164062,0.0,-0.0,-30.02252252252252,288.04529172445586,-45.02252252252252,273.04529172445586
andes_2020012000_top06_2020,andes,top06_2020,precip_large_zwd,precip,tp_mswep,q850_box_mean_g_per_kg,per-timestep spatial mean,actual_vs_uniform_tp,12,enc_s1_skip,target_box,9.027575492858887,9.02610969543457,9.027575492858887,-0.0014657974243164062,0.0,-0.0,-30.02252252252252,288.04529172445586,-45.02252252252252,273.04529172445586
andes_2020012000_top06_2020,andes,top06_2020,precip_large_zwd,precip,tp_mswep,q850_box_mean_g_per_kg,per-timestep spatial mean,actual_vs_uniform_tp,12,enc_s1_skip,mountain_near,9.027575492858887,9.02610969543457,9.027575492858887,-0.0014657974243164062,0.0,-0.0,-30.02252252252252,288.04529172445586,-45.02252252252252,273.04529172445586
andes_2020012000_top06_2020,andes,top06_2020,precip_large_zwd,precip,tp_mswep,q850_box_mean_g_per_kg,per-timestep spatial mean,actual_vs_uniform_tp,12,enc_s1_skip,upstream,9.027575492858887,9.02610969543457,9.027575492858887,-0.0014657974243164062,0.0,-0.0,-30.02252252252252,288.04529172445586,-45.02252252252252,273.04529172445586
andes_2020012000_top06_2020,andes,top06_2020,precip_large_zwd,precip,tp_mswep,q850_box_mean_g_per_kg,per-timestep spatial mean,actual_vs_uniform_tp,12,enc_s1_skip,hotspot_gaussian,9.027575492858887,9.02610969543457,9.027575492858887,-0.0014657974243164062,0.0,-0.0,-30.02252252252252,288.04529172445586,-45.02252252252252,273.04529172445586
andes_2020012000_top06_2020,andes,top06_2020,precip_large_zwd,precip,tp_mswep,q850_box_mean_g_per_kg,per-timestep spatial mean,actual_vs_uniform_tp,12,enc_s1_skip,low_near_gaussian,9.027575492858887,9.02610969543457,9.027575492858887,-0.0014657974243164062,0.0,-0.0,-30.02252252252252,288.04529172445586,-45.02252252252252,273.04529172445586
andes_2020012000_top06_2020,andes,top06_2020,precip_large_zwd,precip,tp_mswep,q850_box_mean_g_per_kg,per-timestep spatial mean,actual_vs_uniform_tp,12,enc_s1_skip,remote_control,9.027575492858887,9.02610969543457,9.027575492858887,-0.0014657974243164062,0.0,-0.0,-30.02252252252252,288.04529172445586,-45.02252252252252,273.04529172445586
andes_2020012000_top06_2020,andes,top06_2020,precip_large_zwd,precip,tp_mswep,q850_box_mean_g_per_kg,per-timestep spatial mean,actual_vs_uniform_tp,12,enc_s2_bottleneck,whole,9.027575492858887,9.02610969543457,9.026240348815918,-0.0014657974243164062,-0.00133514404296875,0.9108653220559532,-30.02252252252252,288.04529172445586,-45.02252252252252,273.04529172445586
andes_2020012000_top06_2020,andes,top06_2020,precip_large_zwd,precip,tp_mswep,q850_box_mean_g_per_kg,per-timestep spatial mean,actual_vs_uniform_tp,12,enc_s2_bottleneck,target_box,9.027575492858887,9.02610969543457,9.026941299438477,-0.0014657974243164062,-0.0006341934204101562,0.43266102797657774,-30.02252252252252,288.04529172445586,-45.02252252252252,273.04529172445586
andes_2020012000_top06_2020,andes,top06_2020,precip_large_zwd,precip,tp_mswep,q850_box_mean_g_per_kg,per-timestep spatial mean,actual_vs_uniform_tp,12,enc_s2_bottleneck,mountain_near,9.027575492858887,9.02610969543457,9.027070045471191,-0.0014657974243164062,-0.0005054473876953125,0.3448275862068966,-30.02252252252252,288.04529172445586,-45.02252252252252,273.04529172445586
andes_2020012000_top06_2020,andes,top06_2020,precip_large_zwd,precip,tp_mswep,q850_box_mean_g_per_kg,per-timestep spatial mean,actual_vs_uniform_tp,12,enc_s2_bottleneck,upstream,9.027575492858887,9.02610969543457,9.027240753173828,-0.0014657974243164062,-0.00033473968505859375,0.2283669486011711,-30.02252252252252,288.04529172445586,-45.02252252252252,273.04529172445586
andes_2020012000_top06_2020,andes,top06_2020,precip_large_zwd,precip,tp_mswep,q850_box_mean_g_per_kg,per-timestep spatial mean,actual_vs_uniform_tp,12,enc_s2_bottleneck,hotspot_gaussian,9.027575492858887,9.02610969543457,9.028307914733887,-0.0014657974243164062,0.000732421875,-0.4996746909564086,-30.02252252252252,288.04529172445586,-45.02252252252252,273.04529172445586
andes_2020012000_top06_2020,andes,top06_2020,precip_large_zwd,precip,tp_mswep,q850_box_mean_g_per_kg,per-timestep spatial mean,actual_vs_uniform_tp,12,enc_s2_bottleneck,low_near_gaussian,9.027575492858887,9.02610969543457,9.027911186218262,-0.0014657974243164062,0.000335693359375,-0.22901756668835394,-30.02252252252252,288.04529172445586,-45.02252252252252,273.04529172445586
andes_2020012000_top06_2020,andes,top06_2020,precip_large_zwd,precip,tp_mswep,q850_box_mean_g_per_kg,per-timestep spatial mean,actual_vs_uniform_tp,12,enc_s2_bottleneck,remote_control,9.027575492858887,9.02610969543457,9.027161598205566,-0.0014657974243164062,-0.0004138946533203125,0.2823682498373455,-30.02252252252252,288.04529172445586,-45.02252252252252,273.04529172445586
andes_2020012000_top06_2020,andes,top06_2020,precip_large_zwd,precip,tp_mswep,q850_box_mean_g_per_kg,per-timestep spatial mean,actual_vs_uniform_tp,12,dec_s0_pre_skip,whole,9.027575492858887,9.02610969543457,9.026240348815918,-0.0014657974243164062,-0.00133514404296875,0.9108653220559532,-30.02252252252252,288.04529172445586,-45.02252252252252,273.04529172445586
andes_2020012000_top06_2020,andes,top06_2020,precip_large_zwd,precip,tp_mswep,q850_box_mean_g_per_kg,per-timestep spatial mean,actual_vs_uniform_tp,12,dec_s0_pre_skip,target_box,9.027575492858887,9.02610969543457,9.026941299438477,-0.0014657974243164062,-0.0006341934204101562,0.43266102797657774,-30.02252252252252,288.04529172445586,-45.02252252252252,273.04529172445586
andes_2020012000_top06_2020,andes,top06_2020,precip_large_zwd,precip,tp_mswep,q850_box_mean_g_per_kg,per-timestep spatial mean,actual_vs_uniform_tp,12,dec_s0_pre_skip,mountain_near,9.027575492858887,9.02610969543457,9.027070045471191,-0.0014657974243164062,-0.0005054473876953125,0.3448275862068966,-30.02252252252252,288.04529172445586,-45.02252252252252,273.04529172445586
andes_2020012000_top06_2020,andes,top06_2020,precip_large_zwd,precip,tp_mswep,q850_box_mean_g_per_kg,per-timestep spatial mean,actual_vs_uniform_tp,12,dec_s0_pre_skip,upstream,9.027575492858887,9.02610969543457,9.027240753173828,-0.0014657974243164062,-0.00033473968505859375,0.2283669486011711,-30.02252252252252,288.04529172445586,-45.02252252252252,273.04529172445586
andes_2020012000_top06_2020,andes,top06_2020,precip_large_zwd,precip,tp_mswep,q850_box_mean_g_per_kg,per-timestep spatial mean,actual_vs_uniform_tp,12,dec_s0_pre_skip,hotspot_gaussian,9.027575492858887,9.02610969543457,9.028307914733887,-0.0014657974243164062,0.000732421875,-0.4996746909564086,-30.02252252252252,288.04529172445586,-45.02252252252252,273.04529172445586
andes_2020012000_top06_2020,andes,top06_2020,precip_large_zwd,precip,tp_mswep,q850_box_mean_g_per_kg,per-timestep spatial mean,actual_vs_uniform_tp,12,dec_s0_pre_skip,low_near_gaussian,9.027575492858887,9.02610969543457,9.027911186218262,-0.0014657974243164062,0.000335693359375,-0.22901756668835394,-30.02252252252252,288.04529172445586,-45.02252252252252,273.04529172445586
andes_2020012000_top06_2020,andes,top06_2020,precip_large_zwd,precip,tp_mswep,q850_box_mean_g_per_kg,per-timestep spatial mean,actual_vs_uniform_tp,12,dec_s0_pre_skip,remote_control,9.027575492858887,9.02610969543457,9.027161598205566,-0.0014657974243164062,-0.0004138946533203125,0.2823682498373455,-30.02252252252252,288.04529172445586,-45.02252252252252,273.04529172445586
andes_2020012000_top06_2020,andes,top06_2020,precip_large_zwd,precip,tp_mswep,q850_box_mean_g_per_kg,per-timestep spatial mean,actual_vs_uniform_tp,12,dec_s1_pre_skip,whole,9.027575492858887,9.02610969543457,9.025299072265625,-0.0014657974243164062,-0.0022764205932617188,1.5530253741054,-30.02252252252252,288.04529172445586,-45.02252252252252,273.04529172445586
andes_2020012000_top06_2020,andes,top06_2020,precip_large_zwd,precip,tp_mswep,q850_box_mean_g_per_kg,per-timestep spatial mean,actual_vs_uniform_tp,12,dec_s1_pre_skip,target_box,9.027575492858887,9.02610969543457,9.027656555175781,-0.0014657974243164062,8.106231689453125e-05,-0.05530253741054001,-30.02252252252252,288.04529172445586,-45.02252252252252,273.04529172445586
andes_2020012000_top06_2020,andes,top06_2020,precip_large_zwd,precip,tp_mswep,q850_box_mean_g_per_kg,per-timestep spatial mean,actual_vs_uniform_tp,12,dec_s1_pre_skip,mountain_near,9.027575492858887,9.02610969543457,9.026289939880371,-0.0014657974243164062,-0.001285552978515625,0.8770331815224464,-30.02252252252252,288.04529172445586,-45.02252252252252,273.04529172445586
andes_2020012000_top06_2020,andes,top06_2020,precip_large_zwd,precip,tp_mswep,q850_box_mean_g_per_kg,per-timestep spatial mean,actual_vs_uniform_tp,12,dec_s1_pre_skip,upstream,9.027575492858887,9.02610969543457,9.027090072631836,-0.0014657974243164062,-0.00048542022705078125,0.33116460637605727,-30.02252252252252,288.04529172445586,-45.02252252252252,273.04529172445586
andes_2020012000_top06_2020,andes,top06_2020,precip_large_zwd,precip,tp_mswep,q850_box_mean_g_per_kg,per-timestep spatial mean,actual_vs_uniform_tp,12,dec_s1_pre_skip,hotspot_gaussian,9.027575492858887,9.02610969543457,9.028299331665039,-0.0014657974243164062,0.0007238388061523438,-0.49381912817176316,-30.02252252252252,288.04529172445586,-45.02252252252252,273.04529172445586
andes_2020012000_top06_2020,andes,top06_2020,precip_large_zwd,precip,tp_mswep,q850_box_mean_g_per_kg,per-timestep spatial mean,actual_vs_uniform_tp,12,dec_s1_pre_skip,low_near_gaussian,9.027575492858887,9.02610969543457,9.03195571899414,-0.0014657974243164062,0.004380226135253906,-2.988288874430709,-30.02252252252252,288.04529172445586,-45.02252252252252,273.04529172445586
andes_2020012000_top06_2020,andes,top06_2020,precip_large_zwd,precip,tp_mswep,q850_box_mean_g_per_kg,per-timestep spatial mean,actual_vs_uniform_tp,12,dec_s1_pre_skip,remote_control,9.027575492858887,9.02610969543457,9.026562690734863,-0.0014657974243164062,-0.0010128021240234375,0.6909564085881588,-30.02252252252252,288.04529172445586,-45.02252252252252,273.04529172445586
andes_2020012000_top06_2020,andes,top06_2020,precip_large_zwd,precip,tp_mswep,q850_box_mean_g_per_kg,per-timestep spatial mean,actual_vs_uniform_tp,12,dec_s1_post_skip,whole,9.027575492858887,9.02610969543457,9.024444580078125,-0.0014657974243164062,-0.0031309127807617188,2.1359791802212102,-30.02252252252252,288.04529172445586,-45.02252252252252,273.04529172445586
andes_2020012000_top06_2020,andes,top06_2020,precip_large_zwd,precip,tp_mswep,q850_box_mean_g_per_kg,per-timestep spatial mean,actual_vs_uniform_tp,12,dec_s1_post_skip,target_box,9.027575492858887,9.02610969543457,9.025425910949707,-0.0014657974243164062,-0.0021495819091796875,1.4664931685100846,-30.02252252252252,288.04529172445586,-45.02252252252252,273.04529172445586
andes_2020012000_top06_2020,andes,top06_2020,precip_large_zwd,precip,tp_mswep,q850_box_mean_g_per_kg,per-timestep spatial mean,actual_vs_uniform_tp,12,dec_s1_post_skip,mountain_near,9.027575492858887,9.02610969543457,9.02657413482666,-0.0014657974243164062,-0.0010013580322265625,0.6831489915419648,-30.02252252252252,288.04529172445586,-45.02252252252252,273.04529172445586
andes_2020012000_top06_2020,andes,top06_2020,precip_large_zwd,precip,tp_mswep,q850_box_mean_g_per_kg,per-timestep spatial mean,actual_vs_uniform_tp,12,dec_s1_post_skip,upstream,9.027575492858887,9.02610969543457,9.028905868530273,-0.0014657974243164062,0.0013303756713867188,-0.907612231620039,-30.02252252252252,288.04529172445586,-45.02252252252252,273.04529172445586
andes_2020012000_top06_2020,andes,top06_2020,precip_large_zwd,precip,tp_mswep,q850_box_mean_g_per_kg,per-timestep spatial mean,actual_vs_uniform_tp,12,dec_s1_post_skip,hotspot_gaussian,9.027575492858887,9.02610969543457,9.024285316467285,-0.0014657974243164062,-0.0032901763916015625,2.2446324007807417,-30.02252252252252,288.04529172445586,-45.02252252252252,273.04529172445586
andes_2020012000_top06_2020,andes,top06_2020,precip_large_zwd,precip,tp_mswep,q850_box_mean_g_per_kg,per-timestep spatial mean,actual_vs_uniform_tp,12,dec_s1_post_skip,low_near_gaussian,9.027575492858887,9.02610969543457,9.02896499633789,-0.0014657974243164062,0.0013895034790039062,-0.9479505530253741,-30.02252252252252,288.04529172445586,-45.02252252252252,273.04529172445586
andes_2020012000_top06_2020,andes,top06_2020,precip_large_zwd,precip,tp_mswep,q850_box_mean_g_per_kg,per-timestep spatial mean,actual_vs_uniform_tp,12,dec_s1_post_skip,remote_control,9.027575492858887,9.02610969543457,9.027579307556152,-0.0014657974243164062,3.814697265625e-06,-0.002602472348731295,-30.02252252252252,288.04529172445586,-45.02252252252252,273.04529172445586
andes_2020012000_top06_2020,andes,top06_2020,precip_large_zwd,precip,tp_mswep,q850_box_mean_g_per_kg,per-timestep spatial mean,actual_vs_uniform_tp,12,dec_s2_pre_concat,whole,9.027575492858887,9.02610969543457,9.024444580078125,-0.0014657974243164062,-0.0031309127807617188,2.1359791802212102,-30.02252252252252,288.04529172445586,-45.02252252252252,273.04529172445586
andes_2020012000_top06_2020,andes,top06_2020,precip_large_zwd,precip,tp_mswep,q850_box_mean_g_per_kg,per-timestep spatial mean,actual_vs_uniform_tp,12,dec_s2_pre_concat,target_box,9.027575492858887,9.02610969543457,9.025425910949707,-0.0014657974243164062,-0.0021495819091796875,1.4664931685100846,-30.02252252252252,288.04529172445586,-45.02252252252252,273.04529172445586
andes_2020012000_top06_2020,andes,top06_2020,precip_large_zwd,precip,tp_mswep,q850_box_mean_g_per_kg,per-timestep spatial mean,actual_vs_uniform_tp,12,dec_s2_pre_concat,mountain_near,9.027575492858887,9.02610969543457,9.02657413482666,-0.0014657974243164062,-0.0010013580322265625,0.6831489915419648,-30.02252252252252,288.04529172445586,-45.02252252252252,273.04529172445586
andes_2020012000_top06_2020,andes,top06_2020,precip_large_zwd,precip,tp_mswep,q850_box_mean_g_per_kg,per-timestep spatial mean,actual_vs_uniform_tp,12,dec_s2_pre_concat,upstream,9.027575492858887,9.02610969543457,9.028905868530273,-0.0014657974243164062,0.0013303756713867188,-0.907612231620039,-30.02252252252252,288.04529172445586,-45.02252252252252,273.04529172445586
andes_2020012000_top06_2020,andes,top06_2020,precip_large_zwd,precip,tp_mswep,q850_box_mean_g_per_kg,per-timestep spatial mean,actual_vs_uniform_tp,12,dec_s2_pre_concat,hotspot_gaussian,9.027575492858887,9.02610969543457,9.024285316467285,-0.0014657974243164062,-0.0032901763916015625,2.2446324007807417,-30.02252252252252,288.04529172445586,-45.02252252252252,273.04529172445586
andes_2020012000_top06_2020,andes,top06_2020,precip_large_zwd,precip,tp_mswep,q850_box_mean_g_per_kg,per-timestep spatial mean,actual_vs_uniform_tp,12,dec_s2_pre_concat,low_near_gaussian,9.027575492858887,9.02610969543457,9.02896499633789,-0.0014657974243164062,0.0013895034790039062,-0.9479505530253741,-30.02252252252252,288.04529172445586,-45.02252252252252,273.04529172445586
andes_2020012000_top06_2020,andes,top06_2020,precip_large_zwd,precip,tp_mswep,q850_box_mean_g_per_kg,per-timestep spatial mean,actual_vs_uniform_tp,12,dec_s2_pre_concat,remote_control,9.027575492858887,9.02610969543457,9.027579307556152,-0.0014657974243164062,3.814697265625e-06,-0.002602472348731295,-30.02252252252252,288.04529172445586,-45.02252252252252,273.04529172445586
andes_2020012000_top06_2020,andes,top06_2020,precip_large_zwd,precip,tp_mswep,q850_box_mean_g_per_kg,per-timestep spatial mean,actual_vs_uniform_tp,12,dec_s2_post_concat,whole,9.027575492858887,9.02610969543457,9.023515701293945,-0.0014657974243164062,-0.004059791564941406,2.7696811971372806,-30.02252252252252,288.04529172445586,-45.02252252252252,273.04529172445586
andes_2020012000_top06_2020,andes,top06_2020,precip_large_zwd,precip,tp_mswep,q850_box_mean_g_per_kg,per-timestep spatial mean,actual_vs_uniform_tp,12,dec_s2_post_concat,target_box,9.027575492858887,9.02610969543457,9.025396347045898,-0.0014657974243164062,-0.0021791458129882812,1.486662329212752,-30.02252252252252,288.04529172445586,-45.02252252252252,273.04529172445586
andes_2020012000_top06_2020,andes,top06_2020,precip_large_zwd,precip,tp_mswep,q850_box_mean_g_per_kg,per-timestep spatial mean,actual_vs_uniform_tp,12,dec_s2_post_concat,mountain_near,9.027575492858887,9.02610969543457,9.022977828979492,-0.0014657974243164062,-0.004597663879394531,3.136629798308393,-30.02252252252252,288.04529172445586,-45.02252252252252,273.04529172445586
andes_2020012000_top06_2020,andes,top06_2020,precip_large_zwd,precip,tp_mswep,q850_box_mean_g_per_kg,per-timestep spatial mean,actual_vs_uniform_tp,12,dec_s2_post_concat,upstream,9.027575492858887,9.02610969543457,9.025298118591309,-0.0014657974243164062,-0.002277374267578125,1.553675992192583,-30.02252252252252,288.04529172445586,-45.02252252252252,273.04529172445586
andes_2020012000_top06_2020,andes,top06_2020,precip_large_zwd,precip,tp_mswep,q850_box_mean_g_per_kg,per-timestep spatial mean,actual_vs_uniform_tp,12,dec_s2_post_concat,hotspot_gaussian,9.027575492858887,9.02610969543457,9.025262832641602,-0.0014657974243164062,-0.0023126602172851562,1.5777488614183475,-30.02252252252252,288.04529172445586,-45.02252252252252,273.04529172445586
andes_2020012000_top06_2020,andes,top06_2020,precip_large_zwd,precip,tp_mswep,q850_box_mean_g_per_kg,per-timestep spatial mean,actual_vs_uniform_tp,12,dec_s2_post_concat,low_near_gaussian,9.027575492858887,9.02610969543457,9.027715682983398,-0.0014657974243164062,0.00014019012451171875,-0.09564085881587508,-30.02252252252252,288.04529172445586,-45.02252252252252,273.04529172445586
andes_2020012000_top06_2020,andes,top06_2020,precip_large_zwd,precip,tp_mswep,q850_box_mean_g_per_kg,per-timestep spatial mean,actual_vs_uniform_tp,12,dec_s2_post_concat,remote_control,9.027575492858887,9.02610969543457,9.026719093322754,-0.0014657974243164062,-0.0008563995361328125,0.5842550422901757,-30.02252252252252,288.04529172445586,-45.02252252252252,273.04529172445586
andes_2020012000_top06_2020,andes,top06_2020,precip_large_zwd,precip,tp_mswep,q850_box_mean_g_per_kg,per-timestep spatial mean,actual_vs_uniform_tp,24,enc_s0_skip,whole,8.47120475769043,8.470154762268066,8.4765625,-0.0010499954223632812,0.0053577423095703125,-5.102633969118982,-30.02252252252252,288.04529172445586,-45.02252252252252,273.04529172445586
andes_2020012000_top06_2020,andes,top06_2020,precip_large_zwd,precip,tp_mswep,q850_box_mean_g_per_kg,per-timestep spatial mean,actual_vs_uniform_tp,24,enc_s0_skip,target_box,8.47120475769043,8.470154762268066,8.478057861328125,-0.0010499954223632812,0.0068531036376953125,-6.526793823796549,-30.02252252252252,288.04529172445586,-45.02252252252252,273.04529172445586
andes_2020012000_top06_2020,andes,top06_2020,precip_large_zwd,precip,tp_mswep,q850_box_mean_g_per_kg,per-timestep spatial mean,actual_vs_uniform_tp,24,enc_s0_skip,mountain_near,8.47120475769043,8.470154762268066,8.469807624816895,-0.0010499954223632812,-0.0013971328735351562,1.3306085376930064,-30.02252252252252,288.04529172445586,-45.02252252252252,273.04529172445586
andes_2020012000_top06_2020,andes,top06_2020,precip_large_zwd,precip,tp_mswep,q850_box_mean_g_per_kg,per-timestep spatial mean,actual_vs_uniform_tp,24,enc_s0_skip,upstream,8.47120475769043,8.470154762268066,8.479691505432129,-0.0010499954223632812,0.008486747741699219,-8.082652134423252,-30.02252252252252,288.04529172445586,-45.02252252252252,273.04529172445586
andes_2020012000_top06_2020,andes,top06_2020,precip_large_zwd,precip,tp_mswep,q850_box_mean_g_per_kg,per-timestep spatial mean,actual_vs_uniform_tp,24,enc_s0_skip,hotspot_gaussian,8.47120475769043,8.470154762268066,8.473278999328613,-0.0010499954223632812,0.0020742416381835938,-1.9754768392370572,-30.02252252252252,288.04529172445586,-45.02252252252252,273.04529172445586
andes_2020012000_top06_2020,andes,top06_2020,precip_large_zwd,precip,tp_mswep,q850_box_mean_g_per_kg,per-timestep spatial mean,actual_vs_uniform_tp,24,enc_s0_skip,low_near_gaussian,8.47120475769043,8.470154762268066,8.474031448364258,-0.0010499954223632812,0.002826690673828125,-2.6920980926430516,-30.02252252252252,288.04529172445586,-45.02252252252252,273.04529172445586
andes_2020012000_top06_2020,andes,top06_2020,precip_large_zwd,precip,tp_mswep,q850_box_mean_g_per_kg,per-timestep spatial mean,actual_vs_uniform_tp,24,enc_s0_skip,remote_control,8.47120475769043,8.470154762268066,8.474769592285156,-0.0010499954223632812,0.0035648345947265625,-3.3950953678474116,-30.02252252252252,288.04529172445586,-45.02252252252252,273.04529172445586
andes_2020012000_top06_2020,andes,top06_2020,precip_large_zwd,precip,tp_mswep,q850_box_mean_g_per_kg,per-timestep spatial mean,actual_vs_uniform_tp,24,enc_s1_skip,whole,8.47120475769043,8.470154762268066,8.47120475769043,-0.0010499954223632812,0.0,-0.0,-30.02252252252252,288.04529172445586,-45.02252252252252,273.04529172445586
andes_2020012000_top06_2020,andes,top06_2020,precip_large_zwd,precip,tp_mswep,q850_box_mean_g_per_kg,per-timestep spatial mean,actual_vs_uniform_tp,24,enc_s1_skip,target_box,8.47120475769043,8.470154762268066,8.47120475769043,-0.0010499954223632812,0.0,-0.0,-30.02252252252252,288.04529172445586,-45.02252252252252,273.04529172445586
andes_2020012000_top06_2020,andes,top06_2020,precip_large_zwd,precip,tp_mswep,q850_box_mean_g_per_kg,per-timestep spatial mean,actual_vs_uniform_tp,24,enc_s1_skip,mountain_near,8.47120475769043,8.470154762268066,8.47120475769043,-0.0010499954223632812,0.0,-0.0,-30.02252252252252,288.04529172445586,-45.02252252252252,273.04529172445586
andes_2020012000_top06_2020,andes,top06_2020,precip_large_zwd,precip,tp_mswep,q850_box_mean_g_per_kg,per-timestep spatial mean,actual_vs_uniform_tp,24,enc_s1_skip,upstream,8.47120475769043,8.470154762268066,8.47120475769043,-0.0010499954223632812,0.0,-0.0,-30.02252252252252,288.04529172445586,-45.02252252252252,273.04529172445586
andes_2020012000_top06_2020,andes,top06_2020,precip_large_zwd,precip,tp_mswep,q850_box_mean_g_per_kg,per-timestep spatial mean,actual_vs_uniform_tp,24,enc_s1_skip,hotspot_gaussian,8.47120475769043,8.470154762268066,8.47120475769043,-0.0010499954223632812,0.0,-0.0,-30.02252252252252,288.04529172445586,-45.02252252252252,273.04529172445586
andes_2020012000_top06_2020,andes,top06_2020,precip_large_zwd,precip,tp_mswep,q850_box_mean_g_per_kg,per-timestep spatial mean,actual_vs_uniform_tp,24,enc_s1_skip,low_near_gaussian,8.47120475769043,8.470154762268066,8.47120475769043,-0.0010499954223632812,0.0,-0.0,-30.02252252252252,288.04529172445586,-45.02252252252252,273.04529172445586
andes_2020012000_top06_2020,andes,top06_2020,precip_large_zwd,precip,tp_mswep,q850_box_mean_g_per_kg,per-timestep spatial mean,actual_vs_uniform_tp,24,enc_s1_skip,remote_control,8.47120475769043,8.470154762268066,8.47120475769043,-0.0010499954223632812,0.0,-0.0,-30.02252252252252,288.04529172445586,-45.02252252252252,273.04529172445586
andes_2020012000_top06_2020,andes,top06_2020,precip_large_zwd,precip,tp_mswep,q850_box_mean_g_per_kg,per-timestep spatial mean,actual_vs_uniform_tp,24,enc_s2_bottleneck,whole,8.47120475769043,8.470154762268066,8.470091819763184,-0.0010499954223632812,-0.0011129379272460938,1.0599455040871935,-30.02252252252252,288.04529172445586,-45.02252252252252,273.04529172445586
andes_2020012000_top06_2020,andes,top06_2020,precip_large_zwd,precip,tp_mswep,q850_box_mean_g_per_kg,per-timestep spatial mean,actual_vs_uniform_tp,24,enc_s2_bottleneck,target_box,8.47120475769043,8.470154762268066,8.474196434020996,-0.0010499954223632812,0.0029916763305664062,-2.8492279745685742,-30.02252252252252,288.04529172445586,-45.02252252252252,273.04529172445586
andes_2020012000_top06_2020,andes,top06_2020,precip_large_zwd,precip,tp_mswep,q850_box_mean_g_per_kg,per-timestep spatial mean,actual_vs_uniform_tp,24,enc_s2_bottleneck,mountain_near,8.47120475769043,8.470154762268066,8.472417831420898,-0.0010499954223632812,0.00121307373046875,-1.1553133514986376,-30.02252252252252,288.04529172445586,-45.02252252252252,273.04529172445586
andes_2020012000_top06_2020,andes,top06_2020,precip_large_zwd,precip,tp_mswep,q850_box_mean_g_per_kg,per-timestep spatial mean,actual_vs_uniform_tp,24,enc_s2_bottleneck,upstream,8.47120475769043,8.470154762268066,8.472757339477539,-0.0010499954223632812,0.001552581787109375,-1.4786557674841054,-30.02252252252252,288.04529172445586,-45.02252252252252,273.04529172445586
andes_2020012000_top06_2020,andes,top06_2020,precip_large_zwd,precip,tp_mswep,q850_box_mean_g_per_kg,per-timestep spatial mean,actual_vs_uniform_tp,24,enc_s2_bottleneck,hotspot_gaussian,8.47120475769043,8.470154762268066,8.474459648132324,-0.0010499954223632812,0.0032548904418945312,-3.0999091734786557,-30.02252252252252,288.04529172445586,-45.02252252252252,273.04529172445586
andes_2020012000_top06_2020,andes,top06_2020,precip_large_zwd,precip,tp_mswep,q850_box_mean_g_per_kg,per-timestep spatial mean,actual_vs_uniform_tp,24,enc_s2_bottleneck,low_near_gaussian,8.47120475769043,8.470154762268066,8.474844932556152,-0.0010499954223632812,0.0036401748657226562,-3.466848319709355,-30.02252252252252,288.04529172445586,-45.02252252252252,273.04529172445586
andes_2020012000_top06_2020,andes,top06_2020,precip_large_zwd,precip,tp_mswep,q850_box_mean_g_per_kg,per-timestep spatial mean,actual_vs_uniform_tp,24,enc_s2_bottleneck,remote_control,8.47120475769043,8.470154762268066,8.478449821472168,-0.0010499954223632812,0.007245063781738281,-6.900090826521344,-30.02252252252252,288.04529172445586,-45.02252252252252,273.04529172445586
andes_2020012000_top06_2020,andes,top06_2020,precip_large_zwd,precip,tp_mswep,q850_box_mean_g_per_kg,per-timestep spatial mean,actual_vs_uniform_tp,24,dec_s0_pre_skip,whole,8.47120475769043,8.470154762268066,8.470091819763184,-0.0010499954223632812,-0.0011129379272460938,1.0599455040871935,-30.02252252252252,288.04529172445586,-45.02252252252252,273.04529172445586
andes_2020012000_top06_2020,andes,top06_2020,precip_large_zwd,precip,tp_mswep,q850_box_mean_g_per_kg,per-timestep spatial mean,actual_vs_uniform_tp,24,dec_s0_pre_skip,target_box,8.47120475769043,8.470154762268066,8.474196434020996,-0.0010499954223632812,0.0029916763305664062,-2.8492279745685742,-30.02252252252252,288.04529172445586,-45.02252252252252,273.04529172445586
andes_2020012000_top06_2020,andes,top06_2020,precip_large_zwd,precip,tp_mswep,q850_box_mean_g_per_kg,per-timestep spatial mean,actual_vs_uniform_tp,24,dec_s0_pre_skip,mountain_near,8.47120475769043,8.470154762268066,8.472417831420898,-0.0010499954223632812,0.00121307373046875,-1.1553133514986376,-30.02252252252252,288.04529172445586,-45.02252252252252,273.04529172445586
andes_2020012000_top06_2020,andes,top06_2020,precip_large_zwd,precip,tp_mswep,q850_box_mean_g_per_kg,per-timestep spatial mean,actual_vs_uniform_tp,24,dec_s0_pre_skip,upstream,8.47120475769043,8.470154762268066,8.472757339477539,-0.0010499954223632812,0.001552581787109375,-1.4786557674841054,-30.02252252252252,288.04529172445586,-45.02252252252252,273.04529172445586
andes_2020012000_top06_2020,andes,top06_2020,precip_large_zwd,precip,tp_mswep,q850_box_mean_g_per_kg,per-timestep spatial mean,actual_vs_uniform_tp,24,dec_s0_pre_skip,hotspot_gaussian,8.47120475769043,8.470154762268066,8.474459648132324,-0.0010499954223632812,0.0032548904418945312,-3.0999091734786557,-30.02252252252252,288.04529172445586,-45.02252252252252,273.04529172445586
andes_2020012000_top06_2020,andes,top06_2020,precip_large_zwd,precip,tp_mswep,q850_box_mean_g_per_kg,per-timestep spatial mean,actual_vs_uniform_tp,24,dec_s0_pre_skip,low_near_gaussian,8.47120475769043,8.470154762268066,8.474844932556152,-0.0010499954223632812,0.0036401748657226562,-3.466848319709355,-30.02252252252252,288.04529172445586,-45.02252252252252,273.04529172445586
andes_2020012000_top06_2020,andes,top06_2020,precip_large_zwd,precip,tp_mswep,q850_box_mean_g_per_kg,per-timestep spatial mean,actual_vs_uniform_tp,24,dec_s0_pre_skip,remote_control,8.47120475769043,8.470154762268066,8.478449821472168,-0.0010499954223632812,0.007245063781738281,-6.900090826521344,-30.02252252252252,288.04529172445586,-45.02252252252252,273.04529172445586
andes_2020012000_top06_2020,andes,top06_2020,precip_large_zwd,precip,tp_mswep,q850_box_mean_g_per_kg,per-timestep spatial mean,actual_vs_uniform_tp,24,dec_s1_pre_skip,whole,8.47120475769043,8.470154762268066,8.468648910522461,-0.0010499954223632812,-0.00255584716796875,2.4341507720254314,-30.02252252252252,288.04529172445586,-45.02252252252252,273.04529172445586
andes_2020012000_top06_2020,andes,top06_2020,precip_large_zwd,precip,tp_mswep,q850_box_mean_g_per_kg,per-timestep spatial mean,actual_vs_uniform_tp,24,dec_s1_pre_skip,target_box,8.47120475769043,8.470154762268066,8.479320526123047,-0.0010499954223632812,0.008115768432617188,-7.729336966394187,-30.02252252252252,288.04529172445586,-45.02252252252252,273.04529172445586
andes_2020012000_top06_2020,andes,top06_2020,precip_large_zwd,precip,tp_mswep,q850_box_mean_g_per_kg,per-timestep spatial mean,actual_vs_uniform_tp,24,dec_s1_pre_skip,mountain_near,8.47120475769043,8.470154762268066,8.469511032104492,-0.0010499954223632812,-0.0016937255859375,1.6130790190735695,-30.02252252252252,288.04529172445586,-45.02252252252252,273.04529172445586
andes_2020012000_top06_2020,andes,top06_2020,precip_large_zwd,precip,tp_mswep,q850_box_mean_g_per_kg,per-timestep spatial mean,actual_vs_uniform_tp,24,dec_s1_pre_skip,upstream,8.47120475769043,8.470154762268066,8.476190567016602,-0.0010499954223632812,0.004985809326171875,-4.748410535876476,-30.02252252252252,288.04529172445586,-45.02252252252252,273.04529172445586
andes_2020012000_top06_2020,andes,top06_2020,precip_large_zwd,precip,tp_mswep,q850_box_mean_g_per_kg,per-timestep spatial mean,actual_vs_uniform_tp,24,dec_s1_pre_skip,hotspot_gaussian,8.47120475769043,8.470154762268066,8.473310470581055,-0.0010499954223632812,0.002105712890625,-2.005449591280654,-30.02252252252252,288.04529172445586,-45.02252252252252,273.04529172445586
andes_2020012000_top06_2020,andes,top06_2020,precip_large_zwd,precip,tp_mswep,q850_box_mean_g_per_kg,per-timestep spatial mean,actual_vs_uniform_tp,24,dec_s1_pre_skip,low_near_gaussian,8.47120475769043,8.470154762268066,8.474727630615234,-0.0010499954223632812,0.0035228729248046875,-3.355131698455949,-30.02252252252252,288.04529172445586,-45.02252252252252,273.04529172445586
andes_2020012000_top06_2020,andes,top06_2020,precip_large_zwd,precip,tp_mswep,q850_box_mean_g_per_kg,per-timestep spatial mean,actual_vs_uniform_tp,24,dec_s1_pre_skip,remote_control,8.47120475769043,8.470154762268066,8.475541114807129,-0.0010499954223632812,0.004336357116699219,-4.129881925522253,-30.02252252252252,288.04529172445586,-45.02252252252252,273.04529172445586
andes_2020012000_top06_2020,andes,top06_2020,precip_large_zwd,precip,tp_mswep,q850_box_mean_g_per_kg,per-timestep spatial mean,actual_vs_uniform_tp,24,dec_s1_post_skip,whole,8.47120475769043,8.470154762268066,8.469276428222656,-0.0010499954223632812,-0.0019283294677734375,1.8365122615803815,-30.02252252252252,288.04529172445586,-45.02252252252252,273.04529172445586
andes_2020012000_top06_2020,andes,top06_2020,precip_large_zwd,precip,tp_mswep,q850_box_mean_g_per_kg,per-timestep spatial mean,actual_vs_uniform_tp,24,dec_s1_post_skip,target_box,8.47120475769043,8.470154762268066,8.468774795532227,-0.0010499954223632812,-0.002429962158203125,2.3142597638510445,-30.02252252252252,288.04529172445586,-45.02252252252252,273.04529172445586
andes_2020012000_top06_2020,andes,top06_2020,precip_large_zwd,precip,tp_mswep,q850_box_mean_g_per_kg,per-timestep spatial mean,actual_vs_uniform_tp,24,dec_s1_post_skip,mountain_near,8.47120475769043,8.470154762268066,8.476349830627441,-0.0010499954223632812,0.005145072937011719,-4.900090826521344,-30.02252252252252,288.04529172445586,-45.02252252252252,273.04529172445586
andes_2020012000_top06_2020,andes,top06_2020,precip_large_zwd,precip,tp_mswep,q850_box_mean_g_per_kg,per-timestep spatial mean,actual_vs_uniform_tp,24,dec_s1_post_skip,upstream,8.47120475769043,8.470154762268066,8.477787971496582,-0.0010499954223632812,0.006583213806152344,-6.269754768392371,-30.02252252252252,288.04529172445586,-45.02252252252252,273.04529172445586
andes_2020012000_top06_2020,andes,top06_2020,precip_large_zwd,precip,tp_mswep,q850_box_mean_g_per_kg,per-timestep spatial mean,actual_vs_uniform_tp,24,dec_s1_post_skip,hotspot_gaussian,8.47120475769043,8.470154762268066,8.473509788513184,-0.0010499954223632812,0.0023050308227539062,-2.1952770208901,-30.02252252252252,288.04529172445586,-45.02252252252252,273.04529172445586
andes_2020012000_top06_2020,andes,top06_2020,precip_large_zwd,precip,tp_mswep,q850_box_mean_g_per_kg,per-timestep spatial mean,actual_vs_uniform_tp,24,dec_s1_post_skip,low_near_gaussian,8.47120475769043,8.470154762268066,8.47114372253418,-0.0010499954223632812,-6.103515625e-05,0.05812897366030881,-30.02252252252252,288.04529172445586,-45.02252252252252,273.04529172445586
andes_2020012000_top06_2020,andes,top06_2020,precip_large_zwd,precip,tp_mswep,q850_box_mean_g_per_kg,per-timestep spatial mean,actual_vs_uniform_tp,24,dec_s1_post_skip,remote_control,8.47120475769043,8.470154762268066,8.474455833435059,-0.0010499954223632812,0.0032510757446289062,-3.0962761126248863,-30.02252252252252,288.04529172445586,-45.02252252252252,273.04529172445586
andes_2020012000_top06_2020,andes,top06_2020,precip_large_zwd,precip,tp_mswep,q850_box_mean_g_per_kg,per-timestep spatial mean,actual_vs_uniform_tp,24,dec_s2_pre_concat,whole,8.47120475769043,8.470154762268066,8.469276428222656,-0.0010499954223632812,-0.0019283294677734375,1.8365122615803815,-30.02252252252252,288.04529172445586,-45.02252252252252,273.04529172445586
andes_2020012000_top06_2020,andes,top06_2020,precip_large_zwd,precip,tp_mswep,q850_box_mean_g_per_kg,per-timestep spatial mean,actual_vs_uniform_tp,24,dec_s2_pre_concat,target_box,8.47120475769043,8.470154762268066,8.468774795532227,-0.0010499954223632812,-0.002429962158203125,2.3142597638510445,-30.02252252252252,288.04529172445586,-45.02252252252252,273.04529172445586
andes_2020012000_top06_2020,andes,top06_2020,precip_large_zwd,precip,tp_mswep,q850_box_mean_g_per_kg,per-timestep spatial mean,actual_vs_uniform_tp,24,dec_s2_pre_concat,mountain_near,8.47120475769043,8.470154762268066,8.476349830627441,-0.0010499954223632812,0.005145072937011719,-4.900090826521344,-30.02252252252252,288.04529172445586,-45.02252252252252,273.04529172445586
andes_2020012000_top06_2020,andes,top06_2020,precip_large_zwd,precip,tp_mswep,q850_box_mean_g_per_kg,per-timestep spatial mean,actual_vs_uniform_tp,24,dec_s2_pre_concat,upstream,8.47120475769043,8.470154762268066,8.477787971496582,-0.0010499954223632812,0.006583213806152344,-6.269754768392371,-30.02252252252252,288.04529172445586,-45.02252252252252,273.04529172445586
andes_2020012000_top06_2020,andes,top06_2020,precip_large_zwd,precip,tp_mswep,q850_box_mean_g_per_kg,per-timestep spatial mean,actual_vs_uniform_tp,24,dec_s2_pre_concat,hotspot_gaussian,8.47120475769043,8.470154762268066,8.473509788513184,-0.0010499954223632812,0.0023050308227539062,-2.1952770208901,-30.02252252252252,288.04529172445586,-45.02252252252252,273.04529172445586
andes_2020012000_top06_2020,andes,top06_2020,precip_large_zwd,precip,tp_mswep,q850_box_mean_g_per_kg,per-timestep spatial mean,actual_vs_uniform_tp,24,dec_s2_pre_concat,low_near_gaussian,8.47120475769043,8.470154762268066,8.47114372253418,-0.0010499954223632812,-6.103515625e-05,0.05812897366030881,-30.02252252252252,288.04529172445586,-45.02252252252252,273.04529172445586
andes_2020012000_top06_2020,andes,top06_2020,precip_large_zwd,precip,tp_mswep,q850_box_mean_g_per_kg,per-timestep spatial mean,actual_vs_uniform_tp,24,dec_s2_pre_concat,remote_control,8.47120475769043,8.470154762268066,8.474455833435059,-0.0010499954223632812,0.0032510757446289062,-3.0962761126248863,-30.02252252252252,288.04529172445586,-45.02252252252252,273.04529172445586
andes_2020012000_top06_2020,andes,top06_2020,precip_large_zwd,precip,tp_mswep,q850_box_mean_g_per_kg,per-timestep spatial mean,actual_vs_uniform_tp,24,dec_s2_post_concat,whole,8.47120475769043,8.470154762268066,8.466484069824219,-0.0010499954223632812,-0.0047206878662109375,4.4959128065395095,-30.02252252252252,288.04529172445586,-45.02252252252252,273.04529172445586
andes_2020012000_top06_2020,andes,top06_2020,precip_large_zwd,precip,tp_mswep,q850_box_mean_g_per_kg,per-timestep spatial mean,actual_vs_uniform_tp,24,dec_s2_post_concat,target_box,8.47120475769043,8.470154762268066,8.478653907775879,-0.0010499954223632812,0.007449150085449219,-7.094459582198001,-30.02252252252252,288.04529172445586,-45.02252252252252,273.04529172445586
andes_2020012000_top06_2020,andes,top06_2020,precip_large_zwd,precip,tp_mswep,q850_box_mean_g_per_kg,per-timestep spatial mean,actual_vs_uniform_tp,24,dec_s2_post_concat,mountain_near,8.47120475769043,8.470154762268066,8.473511695861816,-0.0010499954223632812,0.0023069381713867188,-2.1970935513169847,-30.02252252252252,288.04529172445586,-45.02252252252252,273.04529172445586
andes_2020012000_top06_2020,andes,top06_2020,precip_large_zwd,precip,tp_mswep,q850_box_mean_g_per_kg,per-timestep spatial mean,actual_vs_uniform_tp,24,dec_s2_post_concat,upstream,8.47120475769043,8.470154762268066,8.477781295776367,-0.0010499954223632812,0.0065765380859375,-6.263396911898274,-30.02252252252252,288.04529172445586,-45.02252252252252,273.04529172445586
andes_2020012000_top06_2020,andes,top06_2020,precip_large_zwd,precip,tp_mswep,q850_box_mean_g_per_kg,per-timestep spatial mean,actual_vs_uniform_tp,24,dec_s2_post_concat,hotspot_gaussian,8.47120475769043,8.470154762268066,8.471747398376465,-0.0010499954223632812,0.0005426406860351562,-0.516802906448683,-30.02252252252252,288.04529172445586,-45.02252252252252,273.04529172445586
andes_2020012000_top06_2020,andes,top06_2020,precip_large_zwd,precip,tp_mswep,q850_box_mean_g_per_kg,per-timestep spatial mean,actual_vs_uniform_tp,24,dec_s2_post_concat,low_near_gaussian,8.47120475769043,8.470154762268066,8.47731876373291,-0.0010499954223632812,0.006114006042480469,-5.822888283378747,-30.02252252252252,288.04529172445586,-45.02252252252252,273.04529172445586
andes_2020012000_top06_2020,andes,top06_2020,precip_large_zwd,precip,tp_mswep,q850_box_mean_g_per_kg,per-timestep spatial mean,actual_vs_uniform_tp,24,dec_s2_post_concat,remote_control,8.47120475769043,8.470154762268066,8.474798202514648,-0.0010499954223632812,0.00359344482421875,-3.422343324250681,-30.02252252252252,288.04529172445586,-45.02252252252252,273.04529172445586
great_plains_2020031912_top06_2020,great_plains,top06_2020,precip_large_zwd,precip,tp_mswep,q850_box_mean_g_per_kg,per-timestep spatial mean,actual_vs_uniform_tp,6,enc_s0_skip,whole,7.3731489181518555,7.374532699584961,7.373422622680664,0.0013837814331054688,0.00027370452880859375,0.1977946243969676,36.47747747747748,259.5189286960998,56.47747747747748,264.5189286960998
great_plains_2020031912_top06_2020,great_plains,top06_2020,precip_large_zwd,precip,tp_mswep,q850_box_mean_g_per_kg,per-timestep spatial mean,actual_vs_uniform_tp,6,enc_s0_skip,target_box,7.3731489181518555,7.374532699584961,7.373463153839111,0.0013837814331054688,0.0003142356872558594,0.22708476912474157,36.47747747747748,259.5189286960998,56.47747747747748,264.5189286960998
great_plains_2020031912_top06_2020,great_plains,top06_2020,precip_large_zwd,precip,tp_mswep,q850_box_mean_g_per_kg,per-timestep spatial mean,actual_vs_uniform_tp,6,enc_s0_skip,mountain_near,7.3731489181518555,7.374532699584961,7.373281478881836,0.0013837814331054688,0.00013256072998046875,0.0957960027567195,36.47747747747748,259.5189286960998,56.47747747747748,264.5189286960998
great_plains_2020031912_top06_2020,great_plains,top06_2020,precip_large_zwd,precip,tp_mswep,q850_box_mean_g_per_kg,per-timestep spatial mean,actual_vs_uniform_tp,6,enc_s0_skip,upstream,7.3731489181518555,7.374532699584961,7.373495101928711,0.0013837814331054688,0.00034618377685546875,0.2501722949689869,36.47747747747748,259.5189286960998,56.47747747747748,264.5189286960998
great_plains_2020031912_top06_2020,great_plains,top06_2020,precip_large_zwd,precip,tp_mswep,q850_box_mean_g_per_kg,per-timestep spatial mean,actual_vs_uniform_tp,6,enc_s0_skip,hotspot_gaussian,7.3731489181518555,7.374532699584961,7.373444080352783,0.0013837814331054688,0.0002951622009277344,0.2133011716057891,36.47747747747748,259.5189286960998,56.47747747747748,264.5189286960998
great_plains_2020031912_top06_2020,great_plains,top06_2020,precip_large_zwd,precip,tp_mswep,q850_box_mean_g_per_kg,per-timestep spatial mean,actual_vs_uniform_tp,6,enc_s0_skip,low_near_gaussian,7.3731489181518555,7.374532699584961,7.373501777648926,0.0013837814331054688,0.0003528594970703125,0.2549965541006203,36.47747747747748,259.5189286960998,56.47747747747748,264.5189286960998
great_plains_2020031912_top06_2020,great_plains,top06_2020,precip_large_zwd,precip,tp_mswep,q850_box_mean_g_per_kg,per-timestep spatial mean,actual_vs_uniform_tp,6,enc_s0_skip,remote_control,7.3731489181518555,7.374532699584961,7.373326778411865,0.0013837814331054688,0.00017786026000976562,0.12853204686423156,36.47747747747748,259.5189286960998,56.47747747747748,264.5189286960998
great_plains_2020031912_top06_2020,great_plains,top06_2020,precip_large_zwd,precip,tp_mswep,q850_box_mean_g_per_kg,per-timestep spatial mean,actual_vs_uniform_tp,6,enc_s1_skip,whole,7.3731489181518555,7.374532699584961,7.3731489181518555,0.0013837814331054688,0.0,0.0,36.47747747747748,259.5189286960998,56.47747747747748,264.5189286960998
great_plains_2020031912_top06_2020,great_plains,top06_2020,precip_large_zwd,precip,tp_mswep,q850_box_mean_g_per_kg,per-timestep spatial mean,actual_vs_uniform_tp,6,enc_s1_skip,target_box,7.3731489181518555,7.374532699584961,7.3731489181518555,0.0013837814331054688,0.0,0.0,36.47747747747748,259.5189286960998,56.47747747747748,264.5189286960998
great_plains_2020031912_top06_2020,great_plains,top06_2020,precip_large_zwd,precip,tp_mswep,q850_box_mean_g_per_kg,per-timestep spatial mean,actual_vs_uniform_tp,6,enc_s1_skip,mountain_near,7.3731489181518555,7.374532699584961,7.3731489181518555,0.0013837814331054688,0.0,0.0,36.47747747747748,259.5189286960998,56.47747747747748,264.5189286960998
great_plains_2020031912_top06_2020,great_plains,top06_2020,precip_large_zwd,precip,tp_mswep,q850_box_mean_g_per_kg,per-timestep spatial mean,actual_vs_uniform_tp,6,enc_s1_skip,upstream,7.3731489181518555,7.374532699584961,7.3731489181518555,0.0013837814331054688,0.0,0.0,36.47747747747748,259.5189286960998,56.47747747747748,264.5189286960998
great_plains_2020031912_top06_2020,great_plains,top06_2020,precip_large_zwd,precip,tp_mswep,q850_box_mean_g_per_kg,per-timestep spatial mean,actual_vs_uniform_tp,6,enc_s1_skip,hotspot_gaussian,7.3731489181518555,7.374532699584961,7.3731489181518555,0.0013837814331054688,0.0,0.0,36.47747747747748,259.5189286960998,56.47747747747748,264.5189286960998
great_plains_2020031912_top06_2020,great_plains,top06_2020,precip_large_zwd,precip,tp_mswep,q850_box_mean_g_per_kg,per-timestep spatial mean,actual_vs_uniform_tp,6,enc_s1_skip,low_near_gaussian,7.3731489181518555,7.374532699584961,7.3731489181518555,0.0013837814331054688,0.0,0.0,36.47747747747748,259.5189286960998,56.47747747747748,264.5189286960998
great_plains_2020031912_top06_2020,great_plains,top06_2020,precip_large_zwd,precip,tp_mswep,q850_box_mean_g_per_kg,per-timestep spatial mean,actual_vs_uniform_tp,6,enc_s1_skip,remote_control,7.3731489181518555,7.374532699584961,7.3731489181518555,0.0013837814331054688,0.0,0.0,36.47747747747748,259.5189286960998,56.47747747747748,264.5189286960998
great_plains_2020031912_top06_2020,great_plains,top06_2020,precip_large_zwd,precip,tp_mswep,q850_box_mean_g_per_kg,per-timestep spatial mean,actual_vs_uniform_tp,6,enc_s2_bottleneck,whole,7.3731489181518555,7.374532699584961,7.368435382843018,0.0013837814331054688,-0.004713535308837891,-3.4062715368711234,36.47747747747748,259.5189286960998,56.47747747747748,264.5189286960998
great_plains_2020031912_top06_2020,great_plains,top06_2020,precip_large_zwd,precip,tp_mswep,q850_box_mean_g_per_kg,per-timestep spatial mean,actual_vs_uniform_tp,6,enc_s2_bottleneck,target_box,7.3731489181518555,7.374532699584961,7.367076873779297,0.0013837814331054688,-0.006072044372558594,-4.388008270158512,36.47747747747748,259.5189286960998,56.47747747747748,264.5189286960998
great_plains_2020031912_top06_2020,great_plains,top06_2020,precip_large_zwd,precip,tp_mswep,q850_box_mean_g_per_kg,per-timestep spatial mean,actual_vs_uniform_tp,6,enc_s2_bottleneck,mountain_near,7.3731489181518555,7.374532699584961,7.374717712402344,0.0013837814331054688,0.0015687942504882812,1.1337008959338388,36.47747747747748,259.5189286960998,56.47747747747748,264.5189286960998
great_plains_2020031912_top06_2020,great_plains,top06_2020,precip_large_zwd,precip,tp_mswep,q850_box_mean_g_per_kg,per-timestep spatial mean,actual_vs_uniform_tp,6,enc_s2_bottleneck,upstream,7.3731489181518555,7.374532699584961,7.371797561645508,0.0013837814331054688,-0.0013513565063476562,-0.9765678842177808,36.47747747747748,259.5189286960998,56.47747747747748,264.5189286960998
great_plains_2020031912_top06_2020,great_plains,top06_2020,precip_large_zwd,precip,tp_mswep,q850_box_mean_g_per_kg,per-timestep spatial mean,actual_vs_uniform_tp,6,enc_s2_bottleneck,hotspot_gaussian,7.3731489181518555,7.374532699584961,7.369736671447754,0.0013837814331054688,-0.0034122467041015625,-2.4658855961405926,36.47747747747748,259.5189286960998,56.47747747747748,264.5189286960998
great_plains_2020031912_top06_2020,great_plains,top06_2020,precip_large_zwd,precip,tp_mswep,q850_box_mean_g_per_kg,per-timestep spatial mean,actual_vs_uniform_tp,6,enc_s2_bottleneck,low_near_gaussian,7.3731489181518555,7.374532699584961,7.371432781219482,0.0013837814331054688,-0.0017161369323730469,-1.2401791867677463,36.47747747747748,259.5189286960998,56.47747747747748,264.5189286960998
great_plains_2020031912_top06_2020,great_plains,top06_2020,precip_large_zwd,precip,tp_mswep,q850_box_mean_g_per_kg,per-timestep spatial mean,actual_vs_uniform_tp,6,enc_s2_bottleneck,remote_control,7.3731489181518555,7.374532699584961,7.372109889984131,0.0013837814331054688,-0.0010390281677246094,-0.7508614748449345,36.47747747747748,259.5189286960998,56.47747747747748,264.5189286960998
great_plains_2020031912_top06_2020,great_plains,top06_2020,precip_large_zwd,precip,tp_mswep,q850_box_mean_g_per_kg,per-timestep spatial mean,actual_vs_uniform_tp,6,dec_s0_pre_skip,whole,7.3731489181518555,7.374532699584961,7.368435382843018,0.0013837814331054688,-0.004713535308837891,-3.4062715368711234,36.47747747747748,259.5189286960998,56.47747747747748,264.5189286960998
great_plains_2020031912_top06_2020,great_plains,top06_2020,precip_large_zwd,precip,tp_mswep,q850_box_mean_g_per_kg,per-timestep spatial mean,actual_vs_uniform_tp,6,dec_s0_pre_skip,target_box,7.3731489181518555,7.374532699584961,7.367076873779297,0.0013837814331054688,-0.006072044372558594,-4.388008270158512,36.47747747747748,259.5189286960998,56.47747747747748,264.5189286960998
great_plains_2020031912_top06_2020,great_plains,top06_2020,precip_large_zwd,precip,tp_mswep,q850_box_mean_g_per_kg,per-timestep spatial mean,actual_vs_uniform_tp,6,dec_s0_pre_skip,mountain_near,7.3731489181518555,7.374532699584961,7.374717712402344,0.0013837814331054688,0.0015687942504882812,1.1337008959338388,36.47747747747748,259.5189286960998,56.47747747747748,264.5189286960998
great_plains_2020031912_top06_2020,great_plains,top06_2020,precip_large_zwd,precip,tp_mswep,q850_box_mean_g_per_kg,per-timestep spatial mean,actual_vs_uniform_tp,6,dec_s0_pre_skip,upstream,7.3731489181518555,7.374532699584961,7.371797561645508,0.0013837814331054688,-0.0013513565063476562,-0.9765678842177808,36.47747747747748,259.5189286960998,56.47747747747748,264.5189286960998
great_plains_2020031912_top06_2020,great_plains,top06_2020,precip_large_zwd,precip,tp_mswep,q850_box_mean_g_per_kg,per-timestep spatial mean,actual_vs_uniform_tp,6,dec_s0_pre_skip,hotspot_gaussian,7.3731489181518555,7.374532699584961,7.369736671447754,0.0013837814331054688,-0.0034122467041015625,-2.4658855961405926,36.47747747747748,259.5189286960998,56.47747747747748,264.5189286960998
great_plains_2020031912_top06_2020,great_plains,top06_2020,precip_large_zwd,precip,tp_mswep,q850_box_mean_g_per_kg,per-timestep spatial mean,actual_vs_uniform_tp,6,dec_s0_pre_skip,low_near_gaussian,7.3731489181518555,7.374532699584961,7.371432781219482,0.0013837814331054688,-0.0017161369323730469,-1.2401791867677463,36.47747747747748,259.5189286960998,56.47747747747748,264.5189286960998
great_plains_2020031912_top06_2020,great_plains,top06_2020,precip_large_zwd,precip,tp_mswep,q850_box_mean_g_per_kg,per-timestep spatial mean,actual_vs_uniform_tp,6,dec_s0_pre_skip,remote_control,7.3731489181518555,7.374532699584961,7.372109889984131,0.0013837814331054688,-0.0010390281677246094,-0.7508614748449345,36.47747747747748,259.5189286960998,56.47747747747748,264.5189286960998
great_plains_2020031912_top06_2020,great_plains,top06_2020,precip_large_zwd,precip,tp_mswep,q850_box_mean_g_per_kg,per-timestep spatial mean,actual_vs_uniform_tp,6,dec_s1_pre_skip,whole,7.3731489181518555,7.374532699584961,7.374078750610352,0.0013837814331054688,0.0009298324584960938,0.6719503790489317,36.47747747747748,259.5189286960998,56.47747747747748,264.5189286960998
great_plains_2020031912_top06_2020,great_plains,top06_2020,precip_large_zwd,precip,tp_mswep,q850_box_mean_g_per_kg,per-timestep spatial mean,actual_vs_uniform_tp,6,dec_s1_pre_skip,target_box,7.3731489181518555,7.374532699584961,7.373937129974365,0.0013837814331054688,0.0007882118225097656,0.5696071674707098,36.47747747747748,259.5189286960998,56.47747747747748,264.5189286960998
great_plains_2020031912_top06_2020,great_plains,top06_2020,precip_large_zwd,precip,tp_mswep,q850_box_mean_g_per_kg,per-timestep spatial mean,actual_vs_uniform_tp,6,dec_s1_pre_skip,mountain_near,7.3731489181518555,7.374532699584961,7.3732075691223145,0.0013837814331054688,5.8650970458984375e-05,0.042384562370778776,36.47747747747748,259.5189286960998,56.47747747747748,264.5189286960998
great_plains_2020031912_top06_2020,great_plains,top06_2020,precip_large_zwd,precip,tp_mswep,q850_box_mean_g_per_kg,per-timestep spatial mean,actual_vs_uniform_tp,6,dec_s1_pre_skip,upstream,7.3731489181518555,7.374532699584961,7.373692989349365,0.0013837814331054688,0.0005440711975097656,0.39317711922811854,36.47747747747748,259.5189286960998,56.47747747747748,264.5189286960998
great_plains_2020031912_top06_2020,great_plains,top06_2020,precip_large_zwd,precip,tp_mswep,q850_box_mean_g_per_kg,per-timestep spatial mean,actual_vs_uniform_tp,6,dec_s1_pre_skip,hotspot_gaussian,7.3731489181518555,7.374532699584961,7.373238563537598,0.0013837814331054688,8.96453857421875e-05,0.0647829083390765,36.47747747747748,259.5189286960998,56.47747747747748,264.5189286960998
great_plains_2020031912_top06_2020,great_plains,top06_2020,precip_large_zwd,precip,tp_mswep,q850_box_mean_g_per_kg,per-timestep spatial mean,actual_vs_uniform_tp,6,dec_s1_pre_skip,low_near_gaussian,7.3731489181518555,7.374532699584961,7.375080585479736,0.0013837814331054688,0.0019316673278808594,1.3959338387319091,36.47747747747748,259.5189286960998,56.47747747747748,264.5189286960998
great_plains_2020031912_top06_2020,great_plains,top06_2020,precip_large_zwd,precip,tp_mswep,q850_box_mean_g_per_kg,per-timestep spatial mean,actual_vs_uniform_tp,6,dec_s1_pre_skip,remote_control,7.3731489181518555,7.374532699584961,7.373340129852295,0.0013837814331054688,0.00019121170043945312,0.13818056512749827,36.47747747747748,259.5189286960998,56.47747747747748,264.5189286960998
great_plains_2020031912_top06_2020,great_plains,top06_2020,precip_large_zwd,precip,tp_mswep,q850_box_mean_g_per_kg,per-timestep spatial mean,actual_vs_uniform_tp,6,dec_s1_post_skip,whole,7.3731489181518555,7.374532699584961,7.374109745025635,0.0013837814331054688,0.0009608268737792969,0.6943487250172296,36.47747747747748,259.5189286960998,56.47747747747748,264.5189286960998
great_plains_2020031912_top06_2020,great_plains,top06_2020,precip_large_zwd,precip,tp_mswep,q850_box_mean_g_per_kg,per-timestep spatial mean,actual_vs_uniform_tp,6,dec_s1_post_skip,target_box,7.3731489181518555,7.374532699584961,7.373047828674316,0.0013837814331054688,-0.0001010894775390625,-0.07305306685044796,36.47747747747748,259.5189286960998,56.47747747747748,264.5189286960998
great_plains_2020031912_top06_2020,great_plains,top06_2020,precip_large_zwd,precip,tp_mswep,q850_box_mean_g_per_kg,per-timestep spatial mean,actual_vs_uniform_tp,6,dec_s1_post_skip,mountain_near,7.3731489181518555,7.374532699584961,7.373561382293701,0.0013837814331054688,0.0004124641418457031,0.29807029634734666,36.47747747747748,259.5189286960998,56.47747747747748,264.5189286960998
great_plains_2020031912_top06_2020,great_plains,top06_2020,precip_large_zwd,precip,tp_mswep,q850_box_mean_g_per_kg,per-timestep spatial mean,actual_vs_uniform_tp,6,dec_s1_post_skip,upstream,7.3731489181518555,7.374532699584961,7.374906539916992,0.0013837814331054688,0.0017576217651367188,1.270158511371468,36.47747747747748,259.5189286960998,56.47747747747748,264.5189286960998
great_plains_2020031912_top06_2020,great_plains,top06_2020,precip_large_zwd,precip,tp_mswep,q850_box_mean_g_per_kg,per-timestep spatial mean,actual_vs_uniform_tp,6,dec_s1_post_skip,hotspot_gaussian,7.3731489181518555,7.374532699584961,7.374059200286865,0.0013837814331054688,0.0009102821350097656,0.6578221915920055,36.47747747747748,259.5189286960998,56.47747747747748,264.5189286960998
great_plains_2020031912_top06_2020,great_plains,top06_2020,precip_large_zwd,precip,tp_mswep,q850_box_mean_g_per_kg,per-timestep spatial mean,actual_vs_uniform_tp,6,dec_s1_post_skip,low_near_gaussian,7.3731489181518555,7.374532699584961,7.372814655303955,0.0013837814331054688,-0.0003342628479003906,-0.24155754651964162,36.47747747747748,259.5189286960998,56.47747747747748,264.5189286960998
great_plains_2020031912_top06_2020,great_plains,top06_2020,precip_large_zwd,precip,tp_mswep,q850_box_mean_g_per_kg,per-timestep spatial mean,actual_vs_uniform_tp,6,dec_s1_post_skip,remote_control,7.3731489181518555,7.374532699584961,7.373233318328857,0.0013837814331054688,8.440017700195312e-05,0.060992419021364576,36.47747747747748,259.5189286960998,56.47747747747748,264.5189286960998
great_plains_2020031912_top06_2020,great_plains,top06_2020,precip_large_zwd,precip,tp_mswep,q850_box_mean_g_per_kg,per-timestep spatial mean,actual_vs_uniform_tp,6,dec_s2_pre_concat,whole,7.3731489181518555,7.374532699584961,7.374109745025635,0.0013837814331054688,0.0009608268737792969,0.6943487250172296,36.47747747747748,259.5189286960998,56.47747747747748,264.5189286960998
great_plains_2020031912_top06_2020,great_plains,top06_2020,precip_large_zwd,precip,tp_mswep,q850_box_mean_g_per_kg,per-timestep spatial mean,actual_vs_uniform_tp,6,dec_s2_pre_concat,target_box,7.3731489181518555,7.374532699584961,7.373047828674316,0.0013837814331054688,-0.0001010894775390625,-0.07305306685044796,36.47747747747748,259.5189286960998,56.47747747747748,264.5189286960998
great_plains_2020031912_top06_2020,great_plains,top06_2020,precip_large_zwd,precip,tp_mswep,q850_box_mean_g_per_kg,per-timestep spatial mean,actual_vs_uniform_tp,6,dec_s2_pre_concat,mountain_near,7.3731489181518555,7.374532699584961,7.373561382293701,0.0013837814331054688,0.0004124641418457031,0.29807029634734666,36.47747747747748,259.5189286960998,56.47747747747748,264.5189286960998
great_plains_2020031912_top06_2020,great_plains,top06_2020,precip_large_zwd,precip,tp_mswep,q850_box_mean_g_per_kg,per-timestep spatial mean,actual_vs_uniform_tp,6,dec_s2_pre_concat,upstream,7.3731489181518555,7.374532699584961,7.374906539916992,0.0013837814331054688,0.0017576217651367188,1.270158511371468,36.47747747747748,259.5189286960998,56.47747747747748,264.5189286960998
great_plains_2020031912_top06_2020,great_plains,top06_2020,precip_large_zwd,precip,tp_mswep,q850_box_mean_g_per_kg,per-timestep spatial mean,actual_vs_uniform_tp,6,dec_s2_pre_concat,hotspot_gaussian,7.3731489181518555,7.374532699584961,7.374059200286865,0.0013837814331054688,0.0009102821350097656,0.6578221915920055,36.47747747747748,259.5189286960998,56.47747747747748,264.5189286960998
great_plains_2020031912_top06_2020,great_plains,top06_2020,precip_large_zwd,precip,tp_mswep,q850_box_mean_g_per_kg,per-timestep spatial mean,actual_vs_uniform_tp,6,dec_s2_pre_concat,low_near_gaussian,7.3731489181518555,7.374532699584961,7.372814655303955,0.0013837814331054688,-0.0003342628479003906,-0.24155754651964162,36.47747747747748,259.5189286960998,56.47747747747748,264.5189286960998
great_plains_2020031912_top06_2020,great_plains,top06_2020,precip_large_zwd,precip,tp_mswep,q850_box_mean_g_per_kg,per-timestep spatial mean,actual_vs_uniform_tp,6,dec_s2_pre_concat,remote_control,7.3731489181518555,7.374532699584961,7.373233318328857,0.0013837814331054688,8.440017700195312e-05,0.060992419021364576,36.47747747747748,259.5189286960998,56.47747747747748,264.5189286960998
great_plains_2020031912_top06_2020,great_plains,top06_2020,precip_large_zwd,precip,tp_mswep,q850_box_mean_g_per_kg,per-timestep spatial mean,actual_vs_uniform_tp,6,dec_s2_post_concat,whole,7.3731489181518555,7.374532699584961,7.3744707107543945,0.0013837814331054688,0.0013217926025390625,0.9552033080634046,36.47747747747748,259.5189286960998,56.47747747747748,264.5189286960998
great_plains_2020031912_top06_2020,great_plains,top06_2020,precip_large_zwd,precip,tp_mswep,q850_box_mean_g_per_kg,per-timestep spatial mean,actual_vs_uniform_tp,6,dec_s2_post_concat,target_box,7.3731489181518555,7.374532699584961,7.374043941497803,0.0013837814331054688,0.0008950233459472656,0.6467953135768436,36.47747747747748,259.5189286960998,56.47747747747748,264.5189286960998
great_plains_2020031912_top06_2020,great_plains,top06_2020,precip_large_zwd,precip,tp_mswep,q850_box_mean_g_per_kg,per-timestep spatial mean,actual_vs_uniform_tp,6,dec_s2_post_concat,mountain_near,7.3731489181518555,7.374532699584961,7.373115539550781,0.0013837814331054688,-3.337860107421875e-05,-0.024121295658166782,36.47747747747748,259.5189286960998,56.47747747747748,264.5189286960998
great_plains_2020031912_top06_2020,great_plains,top06_2020,precip_large_zwd,precip,tp_mswep,q850_box_mean_g_per_kg,per-timestep spatial mean,actual_vs_uniform_tp,6,dec_s2_post_concat,upstream,7.3731489181518555,7.374532699584961,7.374650001525879,0.0013837814331054688,0.0015010833740234375,1.0847691247415576,36.47747747747748,259.5189286960998,56.47747747747748,264.5189286960998
great_plains_2020031912_top06_2020,great_plains,top06_2020,precip_large_zwd,precip,tp_mswep,q850_box_mean_g_per_kg,per-timestep spatial mean,actual_vs_uniform_tp,6,dec_s2_post_concat,hotspot_gaussian,7.3731489181518555,7.374532699584961,7.374475479125977,0.0013837814331054688,0.0013265609741210938,0.9586492074431426,36.47747747747748,259.5189286960998,56.47747747747748,264.5189286960998
great_plains_2020031912_top06_2020,great_plains,top06_2020,precip_large_zwd,precip,tp_mswep,q850_box_mean_g_per_kg,per-timestep spatial mean,actual_vs_uniform_tp,6,dec_s2_post_concat,low_near_gaussian,7.3731489181518555,7.374532699584961,7.373260974884033,0.0013837814331054688,0.00011205673217773438,0.08097863542384562,36.47747747747748,259.5189286960998,56.47747747747748,264.5189286960998
great_plains_2020031912_top06_2020,great_plains,top06_2020,precip_large_zwd,precip,tp_mswep,q850_box_mean_g_per_kg,per-timestep spatial mean,actual_vs_uniform_tp,6,dec_s2_post_concat,remote_control,7.3731489181518555,7.374532699584961,7.373115539550781,0.0013837814331054688,-3.337860107421875e-05,-0.024121295658166782,36.47747747747748,259.5189286960998,56.47747747747748,264.5189286960998
great_plains_2020031912_top06_2020,great_plains,top06_2020,precip_large_zwd,precip,tp_mswep,q850_box_mean_g_per_kg,per-timestep spatial mean,actual_vs_uniform_tp,12,enc_s0_skip,whole,4.43742561340332,4.439346790313721,4.444660186767578,0.0019211769104003906,0.0072345733642578125,3.765698684537106,36.47747747747748,259.5189286960998,56.47747747747748,264.5189286960998
great_plains_2020031912_top06_2020,great_plains,top06_2020,precip_large_zwd,precip,tp_mswep,q850_box_mean_g_per_kg,per-timestep spatial mean,actual_vs_uniform_tp,12,enc_s0_skip,target_box,4.43742561340332,4.439346790313721,4.435333251953125,0.0019211769104003906,-0.0020923614501953125,-1.0891039960287912,36.47747747747748,259.5189286960998,56.47747747747748,264.5189286960998
great_plains_2020031912_top06_2020,great_plains,top06_2020,precip_large_zwd,precip,tp_mswep,q850_box_mean_g_per_kg,per-timestep spatial mean,actual_vs_uniform_tp,12,enc_s0_skip,mountain_near,4.43742561340332,4.439346790313721,4.4450860023498535,0.0019211769104003906,0.007660388946533203,3.9873417721518987,36.47747747747748,259.5189286960998,56.47747747747748,264.5189286960998
great_plains_2020031912_top06_2020,great_plains,top06_2020,precip_large_zwd,precip,tp_mswep,q850_box_mean_g_per_kg,per-timestep spatial mean,actual_vs_uniform_tp,12,enc_s0_skip,upstream,4.43742561340332,4.439346790313721,4.4369797706604,0.0019211769104003906,-0.0004458427429199219,-0.2320675105485232,36.47747747747748,259.5189286960998,56.47747747747748,264.5189286960998
great_plains_2020031912_top06_2020,great_plains,top06_2020,precip_large_zwd,precip,tp_mswep,q850_box_mean_g_per_kg,per-timestep spatial mean,actual_vs_uniform_tp,12,enc_s0_skip,hotspot_gaussian,4.43742561340332,4.439346790313721,4.442917346954346,0.0019211769104003906,0.005491733551025391,2.858525688756515,36.47747747747748,259.5189286960998,56.47747747747748,264.5189286960998
great_plains_2020031912_top06_2020,great_plains,top06_2020,precip_large_zwd,precip,tp_mswep,q850_box_mean_g_per_kg,per-timestep spatial mean,actual_vs_uniform_tp,12,enc_s0_skip,low_near_gaussian,4.43742561340332,4.439346790313721,4.438803672790527,0.0019211769104003906,0.0013780593872070312,0.7172995780590717,36.47747747747748,259.5189286960998,56.47747747747748,264.5189286960998
great_plains_2020031912_top06_2020,great_plains,top06_2020,precip_large_zwd,precip,tp_mswep,q850_box_mean_g_per_kg,per-timestep spatial mean,actual_vs_uniform_tp,12,enc_s0_skip,remote_control,4.43742561340332,4.439346790313721,4.441129684448242,0.0019211769104003906,0.003704071044921875,1.9280218416480517,36.47747747747748,259.5189286960998,56.47747747747748,264.5189286960998
great_plains_2020031912_top06_2020,great_plains,top06_2020,precip_large_zwd,precip,tp_mswep,q850_box_mean_g_per_kg,per-timestep spatial mean,actual_vs_uniform_tp,12,enc_s1_skip,whole,4.43742561340332,4.439346790313721,4.43742561340332,0.0019211769104003906,0.0,0.0,36.47747747747748,259.5189286960998,56.47747747747748,264.5189286960998
great_plains_2020031912_top06_2020,great_plains,top06_2020,precip_large_zwd,precip,tp_mswep,q850_box_mean_g_per_kg,per-timestep spatial mean,actual_vs_uniform_tp,12,enc_s1_skip,target_box,4.43742561340332,4.439346790313721,4.43742561340332,0.0019211769104003906,0.0,0.0,36.47747747747748,259.5189286960998,56.47747747747748,264.5189286960998
great_plains_2020031912_top06_2020,great_plains,top06_2020,precip_large_zwd,precip,tp_mswep,q850_box_mean_g_per_kg,per-timestep spatial mean,actual_vs_uniform_tp,12,enc_s1_skip,mountain_near,4.43742561340332,4.439346790313721,4.43742561340332,0.0019211769104003906,0.0,0.0,36.47747747747748,259.5189286960998,56.47747747747748,264.5189286960998
great_plains_2020031912_top06_2020,great_plains,top06_2020,precip_large_zwd,precip,tp_mswep,q850_box_mean_g_per_kg,per-timestep spatial mean,actual_vs_uniform_tp,12,enc_s1_skip,upstream,4.43742561340332,4.439346790313721,4.43742561340332,0.0019211769104003906,0.0,0.0,36.47747747747748,259.5189286960998,56.47747747747748,264.5189286960998
great_plains_2020031912_top06_2020,great_plains,top06_2020,precip_large_zwd,precip,tp_mswep,q850_box_mean_g_per_kg,per-timestep spatial mean,actual_vs_uniform_tp,12,enc_s1_skip,hotspot_gaussian,4.43742561340332,4.439346790313721,4.43742561340332,0.0019211769104003906,0.0,0.0,36.47747747747748,259.5189286960998,56.47747747747748,264.5189286960998
great_plains_2020031912_top06_2020,great_plains,top06_2020,precip_large_zwd,precip,tp_mswep,q850_box_mean_g_per_kg,per-timestep spatial mean,actual_vs_uniform_tp,12,enc_s1_skip,low_near_gaussian,4.43742561340332,4.439346790313721,4.43742561340332,0.0019211769104003906,0.0,0.0,36.47747747747748,259.5189286960998,56.47747747747748,264.5189286960998
great_plains_2020031912_top06_2020,great_plains,top06_2020,precip_large_zwd,precip,tp_mswep,q850_box_mean_g_per_kg,per-timestep spatial mean,actual_vs_uniform_tp,12,enc_s1_skip,remote_control,4.43742561340332,4.439346790313721,4.43742561340332,0.0019211769104003906,0.0,0.0,36.47747747747748,259.5189286960998,56.47747747747748,264.5189286960998
great_plains_2020031912_top06_2020,great_plains,top06_2020,precip_large_zwd,precip,tp_mswep,q850_box_mean_g_per_kg,per-timestep spatial mean,actual_vs_uniform_tp,12,enc_s2_bottleneck,whole,4.43742561340332,4.439346790313721,4.440189838409424,0.0019211769104003906,0.0027642250061035156,1.4388185654008439,36.47747747747748,259.5189286960998,56.47747747747748,264.5189286960998
great_plains_2020031912_top06_2020,great_plains,top06_2020,precip_large_zwd,precip,tp_mswep,q850_box_mean_g_per_kg,per-timestep spatial mean,actual_vs_uniform_tp,12,enc_s2_bottleneck,target_box,4.43742561340332,4.439346790313721,4.436521530151367,0.0019211769104003906,-0.000904083251953125,-0.47058823529411764,36.47747747747748,259.5189286960998,56.47747747747748,264.5189286960998
great_plains_2020031912_top06_2020,great_plains,top06_2020,precip_large_zwd,precip,tp_mswep,q850_box_mean_g_per_kg,per-timestep spatial mean,actual_vs_uniform_tp,12,enc_s2_bottleneck,mountain_near,4.43742561340332,4.439346790313721,4.439393520355225,0.0019211769104003906,0.001967906951904297,1.0243236535120377,36.47747747747748,259.5189286960998,56.47747747747748,264.5189286960998
great_plains_2020031912_top06_2020,great_plains,top06_2020,precip_large_zwd,precip,tp_mswep,q850_box_mean_g_per_kg,per-timestep spatial mean,actual_vs_uniform_tp,12,enc_s2_bottleneck,upstream,4.43742561340332,4.439346790313721,4.44450569152832,0.0019211769104003906,0.007080078125,3.685281707619757,36.47747747747748,259.5189286960998,56.47747747747748,264.5189286960998
great_plains_2020031912_top06_2020,great_plains,top06_2020,precip_large_zwd,precip,tp_mswep,q850_box_mean_g_per_kg,per-timestep spatial mean,actual_vs_uniform_tp,12,enc_s2_bottleneck,hotspot_gaussian,4.43742561340332,4.439346790313721,4.4402055740356445,0.0019211769104003906,0.0027799606323242188,1.4470091834202035,36.47747747747748,259.5189286960998,56.47747747747748,264.5189286960998
great_plains_2020031912_top06_2020,great_plains,top06_2020,precip_large_zwd,precip,tp_mswep,q850_box_mean_g_per_kg,per-timestep spatial mean,actual_vs_uniform_tp,12,enc_s2_bottleneck,low_near_gaussian,4.43742561340332,4.439346790313721,4.44271183013916,0.0019211769104003906,0.005286216735839844,2.7515512534127575,36.47747747747748,259.5189286960998,56.47747747747748,264.5189286960998
great_plains_2020031912_top06_2020,great_plains,top06_2020,precip_large_zwd,precip,tp_mswep,q850_box_mean_g_per_kg,per-timestep spatial mean,actual_vs_uniform_tp,12,enc_s2_bottleneck,remote_control,4.43742561340332,4.439346790313721,4.444283962249756,0.0019211769104003906,0.006858348846435547,3.569868453710598,36.47747747747748,259.5189286960998,56.47747747747748,264.5189286960998
great_plains_2020031912_top06_2020,great_plains,top06_2020,precip_large_zwd,precip,tp_mswep,q850_box_mean_g_per_kg,per-timestep spatial mean,actual_vs_uniform_tp,12,dec_s0_pre_skip,whole,4.43742561340332,4.439346790313721,4.440189838409424,0.0019211769104003906,0.0027642250061035156,1.4388185654008439,36.47747747747748,259.5189286960998,56.47747747747748,264.5189286960998
great_plains_2020031912_top06_2020,great_plains,top06_2020,precip_large_zwd,precip,tp_mswep,q850_box_mean_g_per_kg,per-timestep spatial mean,actual_vs_uniform_tp,12,dec_s0_pre_skip,target_box,4.43742561340332,4.439346790313721,4.436521530151367,0.0019211769104003906,-0.000904083251953125,-0.47058823529411764,36.47747747747748,259.5189286960998,56.47747747747748,264.5189286960998
great_plains_2020031912_top06_2020,great_plains,top06_2020,precip_large_zwd,precip,tp_mswep,q850_box_mean_g_per_kg,per-timestep spatial mean,actual_vs_uniform_tp,12,dec_s0_pre_skip,mountain_near,4.43742561340332,4.439346790313721,4.439393520355225,0.0019211769104003906,0.001967906951904297,1.0243236535120377,36.47747747747748,259.5189286960998,56.47747747747748,264.5189286960998
great_plains_2020031912_top06_2020,great_plains,top06_2020,precip_large_zwd,precip,tp_mswep,q850_box_mean_g_per_kg,per-timestep spatial mean,actual_vs_uniform_tp,12,dec_s0_pre_skip,upstream,4.43742561340332,4.439346790313721,4.44450569152832,0.0019211769104003906,0.007080078125,3.685281707619757,36.47747747747748,259.5189286960998,56.47747747747748,264.5189286960998
great_plains_2020031912_top06_2020,great_plains,top06_2020,precip_large_zwd,precip,tp_mswep,q850_box_mean_g_per_kg,per-timestep spatial mean,actual_vs_uniform_tp,12,dec_s0_pre_skip,hotspot_gaussian,4.43742561340332,4.439346790313721,4.4402055740356445,0.0019211769104003906,0.0027799606323242188,1.4470091834202035,36.47747747747748,259.5189286960998,56.47747747747748,264.5189286960998
great_plains_2020031912_top06_2020,great_plains,top06_2020,precip_large_zwd,precip,tp_mswep,q850_box_mean_g_per_kg,per-timestep spatial mean,actual_vs_uniform_tp,12,dec_s0_pre_skip,low_near_gaussian,4.43742561340332,4.439346790313721,4.44271183013916,0.0019211769104003906,0.005286216735839844,2.7515512534127575,36.47747747747748,259.5189286960998,56.47747747747748,264.5189286960998
great_plains_2020031912_top06_2020,great_plains,top06_2020,precip_large_zwd,precip,tp_mswep,q850_box_mean_g_per_kg,per-timestep spatial mean,actual_vs_uniform_tp,12,dec_s0_pre_skip,remote_control,4.43742561340332,4.439346790313721,4.444283962249756,0.0019211769104003906,0.006858348846435547,3.569868453710598,36.47747747747748,259.5189286960998,56.47747747747748,264.5189286960998
great_plains_2020031912_top06_2020,great_plains,top06_2020,precip_large_zwd,precip,tp_mswep,q850_box_mean_g_per_kg,per-timestep spatial mean,actual_vs_uniform_tp,12,dec_s1_pre_skip,whole,4.43742561340332,4.439346790313721,4.437842845916748,0.0019211769104003906,0.0004172325134277344,0.21717547778605112,36.47747747747748,259.5189286960998,56.47747747747748,264.5189286960998
great_plains_2020031912_top06_2020,great_plains,top06_2020,precip_large_zwd,precip,tp_mswep,q850_box_mean_g_per_kg,per-timestep spatial mean,actual_vs_uniform_tp,12,dec_s1_pre_skip,target_box,4.43742561340332,4.439346790313721,4.434912204742432,0.0019211769104003906,-0.002513408660888672,-1.308265078183172,36.47747747747748,259.5189286960998,56.47747747747748,264.5189286960998
great_plains_2020031912_top06_2020,great_plains,top06_2020,precip_large_zwd,precip,tp_mswep,q850_box_mean_g_per_kg,per-timestep spatial mean,actual_vs_uniform_tp,12,dec_s1_pre_skip,mountain_near,4.43742561340332,4.439346790313721,4.438204765319824,0.0019211769104003906,0.0007791519165039062,0.40555969223132293,36.47747747747748,259.5189286960998,56.47747747747748,264.5189286960998
great_plains_2020031912_top06_2020,great_plains,top06_2020,precip_large_zwd,precip,tp_mswep,q850_box_mean_g_per_kg,per-timestep spatial mean,actual_vs_uniform_tp,12,dec_s1_pre_skip,upstream,4.43742561340332,4.439346790313721,4.448074817657471,0.0019211769104003906,0.01064920425415039,5.543062794738148,36.47747747747748,259.5189286960998,56.47747747747748,264.5189286960998
great_plains_2020031912_top06_2020,great_plains,top06_2020,precip_large_zwd,precip,tp_mswep,q850_box_mean_g_per_kg,per-timestep spatial mean,actual_vs_uniform_tp,12,dec_s1_pre_skip,hotspot_gaussian,4.43742561340332,4.439346790313721,4.440081596374512,0.0019211769104003906,0.0026559829711914062,1.3824770414494911,36.47747747747748,259.5189286960998,56.47747747747748,264.5189286960998
great_plains_2020031912_top06_2020,great_plains,top06_2020,precip_large_zwd,precip,tp_mswep,q850_box_mean_g_per_kg,per-timestep spatial mean,actual_vs_uniform_tp,12,dec_s1_pre_skip,low_near_gaussian,4.43742561340332,4.439346790313721,4.44260311126709,0.0019211769104003906,0.005177497863769531,2.6949615289153637,36.47747747747748,259.5189286960998,56.47747747747748,264.5189286960998
great_plains_2020031912_top06_2020,great_plains,top06_2020,precip_large_zwd,precip,tp_mswep,q850_box_mean_g_per_kg,per-timestep spatial mean,actual_vs_uniform_tp,12,dec_s1_pre_skip,remote_control,4.43742561340332,4.439346790313721,4.434165954589844,0.0019211769104003906,-0.0032596588134765625,-1.696698932737652,36.47747747747748,259.5189286960998,56.47747747747748,264.5189286960998
great_plains_2020031912_top06_2020,great_plains,top06_2020,precip_large_zwd,precip,tp_mswep,q850_box_mean_g_per_kg,per-timestep spatial mean,actual_vs_uniform_tp,12,dec_s1_post_skip,whole,4.43742561340332,4.439346790313721,4.446845531463623,0.0019211769104003906,0.009419918060302734,4.9032017870439315,36.47747747747748,259.5189286960998,56.47747747747748,264.5189286960998
great_plains_2020031912_top06_2020,great_plains,top06_2020,precip_large_zwd,precip,tp_mswep,q850_box_mean_g_per_kg,per-timestep spatial mean,actual_vs_uniform_tp,12,dec_s1_post_skip,target_box,4.43742561340332,4.439346790313721,4.44266939163208,0.0019211769104003906,0.005243778228759766,2.7294614048150905,36.47747747747748,259.5189286960998,56.47747747747748,264.5189286960998
great_plains_2020031912_top06_2020,great_plains,top06_2020,precip_large_zwd,precip,tp_mswep,q850_box_mean_g_per_kg,per-timestep spatial mean,actual_vs_uniform_tp,12,dec_s1_post_skip,mountain_near,4.43742561340332,4.439346790313721,4.444040775299072,0.0019211769104003906,0.006615161895751953,3.4432861752295856,36.47747747747748,259.5189286960998,56.47747747747748,264.5189286960998
great_plains_2020031912_top06_2020,great_plains,top06_2020,precip_large_zwd,precip,tp_mswep,q850_box_mean_g_per_kg,per-timestep spatial mean,actual_vs_uniform_tp,12,dec_s1_post_skip,upstream,4.43742561340332,4.439346790313721,4.440211772918701,0.0019211769104003906,0.0027861595153808594,1.450235790518739,36.47747747747748,259.5189286960998,56.47747747747748,264.5189286960998
great_plains_2020031912_top06_2020,great_plains,top06_2020,precip_large_zwd,precip,tp_mswep,q850_box_mean_g_per_kg,per-timestep spatial mean,actual_vs_uniform_tp,12,dec_s1_post_skip,hotspot_gaussian,4.43742561340332,4.439346790313721,4.443236351013184,0.0019211769104003906,0.005810737609863281,3.024571854058079,36.47747747747748,259.5189286960998,56.47747747747748,264.5189286960998
great_plains_2020031912_top06_2020,great_plains,top06_2020,precip_large_zwd,precip,tp_mswep,q850_box_mean_g_per_kg,per-timestep spatial mean,actual_vs_uniform_tp,12,dec_s1_post_skip,low_near_gaussian,4.43742561340332,4.439346790313721,4.436334133148193,0.0019211769104003906,-0.0010914802551269531,-0.5681310498883098,36.47747747747748,259.5189286960998,56.47747747747748,264.5189286960998
great_plains_2020031912_top06_2020,great_plains,top06_2020,precip_large_zwd,precip,tp_mswep,q850_box_mean_g_per_kg,per-timestep spatial mean,actual_vs_uniform_tp,12,dec_s1_post_skip,remote_control,4.43742561340332,4.439346790313721,4.437317371368408,0.0019211769104003906,-0.00010824203491210938,-0.056341523951352696,36.47747747747748,259.5189286960998,56.47747747747748,264.5189286960998
great_plains_2020031912_top06_2020,great_plains,top06_2020,precip_large_zwd,precip,tp_mswep,q850_box_mean_g_per_kg,per-timestep spatial mean,actual_vs_uniform_tp,12,dec_s2_pre_concat,whole,4.43742561340332,4.439346790313721,4.446845531463623,0.0019211769104003906,0.009419918060302734,4.9032017870439315,36.47747747747748,259.5189286960998,56.47747747747748,264.5189286960998
great_plains_2020031912_top06_2020,great_plains,top06_2020,precip_large_zwd,precip,tp_mswep,q850_box_mean_g_per_kg,per-timestep spatial mean,actual_vs_uniform_tp,12,dec_s2_pre_concat,target_box,4.43742561340332,4.439346790313721,4.44266939163208,0.0019211769104003906,0.005243778228759766,2.7294614048150905,36.47747747747748,259.5189286960998,56.47747747747748,264.5189286960998
great_plains_2020031912_top06_2020,great_plains,top06_2020,precip_large_zwd,precip,tp_mswep,q850_box_mean_g_per_kg,per-timestep spatial mean,actual_vs_uniform_tp,12,dec_s2_pre_concat,mountain_near,4.43742561340332,4.439346790313721,4.444040775299072,0.0019211769104003906,0.006615161895751953,3.4432861752295856,36.47747747747748,259.5189286960998,56.47747747747748,264.5189286960998
great_plains_2020031912_top06_2020,great_plains,top06_2020,precip_large_zwd,precip,tp_mswep,q850_box_mean_g_per_kg,per-timestep spatial mean,actual_vs_uniform_tp,12,dec_s2_pre_concat,upstream,4.43742561340332,4.439346790313721,4.440211772918701,0.0019211769104003906,0.0027861595153808594,1.450235790518739,36.47747747747748,259.5189286960998,56.47747747747748,264.5189286960998
great_plains_2020031912_top06_2020,great_plains,top06_2020,precip_large_zwd,precip,tp_mswep,q850_box_mean_g_per_kg,per-timestep spatial mean,actual_vs_uniform_tp,12,dec_s2_pre_concat,hotspot_gaussian,4.43742561340332,4.439346790313721,4.443236351013184,0.0019211769104003906,0.005810737609863281,3.024571854058079,36.47747747747748,259.5189286960998,56.47747747747748,264.5189286960998
great_plains_2020031912_top06_2020,great_plains,top06_2020,precip_large_zwd,precip,tp_mswep,q850_box_mean_g_per_kg,per-timestep spatial mean,actual_vs_uniform_tp,12,dec_s2_pre_concat,low_near_gaussian,4.43742561340332,4.439346790313721,4.436334133148193,0.0019211769104003906,-0.0010914802551269531,-0.5681310498883098,36.47747747747748,259.5189286960998,56.47747747747748,264.5189286960998
great_plains_2020031912_top06_2020,great_plains,top06_2020,precip_large_zwd,precip,tp_mswep,q850_box_mean_g_per_kg,per-timestep spatial mean,actual_vs_uniform_tp,12,dec_s2_pre_concat,remote_control,4.43742561340332,4.439346790313721,4.437317371368408,0.0019211769104003906,-0.00010824203491210938,-0.056341523951352696,36.47747747747748,259.5189286960998,56.47747747747748,264.5189286960998
great_plains_2020031912_top06_2020,great_plains,top06_2020,precip_large_zwd,precip,tp_mswep,q850_box_mean_g_per_kg,per-timestep spatial mean,actual_vs_uniform_tp,12,dec_s2_post_concat,whole,4.43742561340332,4.439346790313721,4.442044258117676,0.0019211769104003906,0.004618644714355469,2.404070488955076,36.47747747747748,259.5189286960998,56.47747747747748,264.5189286960998
great_plains_2020031912_top06_2020,great_plains,top06_2020,precip_large_zwd,precip,tp_mswep,q850_box_mean_g_per_kg,per-timestep spatial mean,actual_vs_uniform_tp,12,dec_s2_post_concat,target_box,4.43742561340332,4.439346790313721,4.439752578735352,0.0019211769104003906,0.00232696533203125,1.2112186646810623,36.47747747747748,259.5189286960998,56.47747747747748,264.5189286960998
great_plains_2020031912_top06_2020,great_plains,top06_2020,precip_large_zwd,precip,tp_mswep,q850_box_mean_g_per_kg,per-timestep spatial mean,actual_vs_uniform_tp,12,dec_s2_post_concat,mountain_near,4.43742561340332,4.439346790313721,4.435249328613281,0.0019211769104003906,-0.0021762847900390625,-1.1327872921320428,36.47747747747748,259.5189286960998,56.47747747747748,264.5189286960998
great_plains_2020031912_top06_2020,great_plains,top06_2020,precip_large_zwd,precip,tp_mswep,q850_box_mean_g_per_kg,per-timestep spatial mean,actual_vs_uniform_tp,12,dec_s2_post_concat,upstream,4.43742561340332,4.439346790313721,4.443204879760742,0.0019211769104003906,0.005779266357421875,3.0081906180193596,36.47747747747748,259.5189286960998,56.47747747747748,264.5189286960998
great_plains_2020031912_top06_2020,great_plains,top06_2020,precip_large_zwd,precip,tp_mswep,q850_box_mean_g_per_kg,per-timestep spatial mean,actual_vs_uniform_tp,12,dec_s2_post_concat,hotspot_gaussian,4.43742561340332,4.439346790313721,4.444455623626709,0.0019211769104003906,0.007030010223388672,3.6592206502854308,36.47747747747748,259.5189286960998,56.47747747747748,264.5189286960998
great_plains_2020031912_top06_2020,great_plains,top06_2020,precip_large_zwd,precip,tp_mswep,q850_box_mean_g_per_kg,per-timestep spatial mean,actual_vs_uniform_tp,12,dec_s2_post_concat,low_near_gaussian,4.43742561340332,4.439346790313721,4.443170070648193,0.0019211769104003906,0.005744457244873047,2.990071978158352,36.47747747747748,259.5189286960998,56.47747747747748,264.5189286960998
great_plains_2020031912_top06_2020,great_plains,top06_2020,precip_large_zwd,precip,tp_mswep,q850_box_mean_g_per_kg,per-timestep spatial mean,actual_vs_uniform_tp,12,dec_s2_post_concat,remote_control,4.43742561340332,4.439346790313721,4.438907623291016,0.0019211769104003906,0.0014820098876953125,0.7714072970960536,36.47747747747748,259.5189286960998,56.47747747747748,264.5189286960998
great_plains_2020031912_top06_2020,great_plains,top06_2020,precip_large_zwd,precip,tp_mswep,q850_box_mean_g_per_kg,per-timestep spatial mean,actual_vs_uniform_tp,24,enc_s0_skip,whole,3.007924795150757,3.0020089149475098,3.0085692405700684,-0.00591588020324707,0.0006444454193115234,-0.10893483254745497,36.47747747747748,259.5189286960998,56.47747747747748,264.5189286960998
great_plains_2020031912_top06_2020,great_plains,top06_2020,precip_large_zwd,precip,tp_mswep,q850_box_mean_g_per_kg,per-timestep spatial mean,actual_vs_uniform_tp,24,enc_s0_skip,target_box,3.007924795150757,3.0020089149475098,3.005703926086426,-0.00591588020324707,-0.0022208690643310547,0.3754080522306855,36.47747747747748,259.5189286960998,56.47747747747748,264.5189286960998
great_plains_2020031912_top06_2020,great_plains,top06_2020,precip_large_zwd,precip,tp_mswep,q850_box_mean_g_per_kg,per-timestep spatial mean,actual_vs_uniform_tp,24,enc_s0_skip,mountain_near,3.007924795150757,3.0020089149475098,3.0081074237823486,-0.00591588020324707,0.00018262863159179688,-0.030870914440011284,36.47747747747748,259.5189286960998,56.47747747747748,264.5189286960998
great_plains_2020031912_top06_2020,great_plains,top06_2020,precip_large_zwd,precip,tp_mswep,q850_box_mean_g_per_kg,per-timestep spatial mean,actual_vs_uniform_tp,24,enc_s0_skip,upstream,3.007924795150757,3.0020089149475098,3.00706148147583,-0.00591588020324707,-0.0008633136749267578,0.14593156812960947,36.47747747747748,259.5189286960998,56.47747747747748,264.5189286960998
great_plains_2020031912_top06_2020,great_plains,top06_2020,precip_large_zwd,precip,tp_mswep,q850_box_mean_g_per_kg,per-timestep spatial mean,actual_vs_uniform_tp,24,enc_s0_skip,hotspot_gaussian,3.007924795150757,3.0020089149475098,3.008035659790039,-0.00591588020324707,0.00011086463928222656,-0.018740176520372385,36.47747747747748,259.5189286960998,56.47747747747748,264.5189286960998
great_plains_2020031912_top06_2020,great_plains,top06_2020,precip_large_zwd,precip,tp_mswep,q850_box_mean_g_per_kg,per-timestep spatial mean,actual_vs_uniform_tp,24,enc_s0_skip,low_near_gaussian,3.007924795150757,3.0020089149475098,3.0096893310546875,-0.00591588020324707,0.001764535903930664,-0.29827106758553984,36.47747747747748,259.5189286960998,56.47747747747748,264.5189286960998
great_plains_2020031912_top06_2020,great_plains,top06_2020,precip_large_zwd,precip,tp_mswep,q850_box_mean_g_per_kg,per-timestep spatial mean,actual_vs_uniform_tp,24,enc_s0_skip,remote_control,3.007924795150757,3.0020089149475098,3.00433349609375,-0.00591588020324707,-0.003591299057006836,0.6070608148954177,36.47747747747748,259.5189286960998,56.47747747747748,264.5189286960998
great_plains_2020031912_top06_2020,great_plains,top06_2020,precip_large_zwd,precip,tp_mswep,q850_box_mean_g_per_kg,per-timestep spatial mean,actual_vs_uniform_tp,24,enc_s1_skip,whole,3.007924795150757,3.0020089149475098,3.007924795150757,-0.00591588020324707,0.0,-0.0,36.47747747747748,259.5189286960998,56.47747747747748,264.5189286960998
great_plains_2020031912_top06_2020,great_plains,top06_2020,precip_large_zwd,precip,tp_mswep,q850_box_mean_g_per_kg,per-timestep spatial mean,actual_vs_uniform_tp,24,enc_s1_skip,target_box,3.007924795150757,3.0020089149475098,3.007924795150757,-0.00591588020324707,0.0,-0.0,36.47747747747748,259.5189286960998,56.47747747747748,264.5189286960998
great_plains_2020031912_top06_2020,great_plains,top06_2020,precip_large_zwd,precip,tp_mswep,q850_box_mean_g_per_kg,per-timestep spatial mean,actual_vs_uniform_tp,24,enc_s1_skip,mountain_near,3.007924795150757,3.0020089149475098,3.007924795150757,-0.00591588020324707,0.0,-0.0,36.47747747747748,259.5189286960998,56.47747747747748,264.5189286960998
great_plains_2020031912_top06_2020,great_plains,top06_2020,precip_large_zwd,precip,tp_mswep,q850_box_mean_g_per_kg,per-timestep spatial mean,actual_vs_uniform_tp,24,enc_s1_skip,upstream,3.007924795150757,3.0020089149475098,3.007924795150757,-0.00591588020324707,0.0,-0.0,36.47747747747748,259.5189286960998,56.47747747747748,264.5189286960998
great_plains_2020031912_top06_2020,great_plains,top06_2020,precip_large_zwd,precip,tp_mswep,q850_box_mean_g_per_kg,per-timestep spatial mean,actual_vs_uniform_tp,24,enc_s1_skip,hotspot_gaussian,3.007924795150757,3.0020089149475098,3.007924795150757,-0.00591588020324707,0.0,-0.0,36.47747747747748,259.5189286960998,56.47747747747748,264.5189286960998
great_plains_2020031912_top06_2020,great_plains,top06_2020,precip_large_zwd,precip,tp_mswep,q850_box_mean_g_per_kg,per-timestep spatial mean,actual_vs_uniform_tp,24,enc_s1_skip,low_near_gaussian,3.007924795150757,3.0020089149475098,3.007924795150757,-0.00591588020324707,0.0,-0.0,36.47747747747748,259.5189286960998,56.47747747747748,264.5189286960998
great_plains_2020031912_top06_2020,great_plains,top06_2020,precip_large_zwd,precip,tp_mswep,q850_box_mean_g_per_kg,per-timestep spatial mean,actual_vs_uniform_tp,24,enc_s1_skip,remote_control,3.007924795150757,3.0020089149475098,3.007924795150757,-0.00591588020324707,0.0,-0.0,36.47747747747748,259.5189286960998,56.47747747747748,264.5189286960998
great_plains_2020031912_top06_2020,great_plains,top06_2020,precip_large_zwd,precip,tp_mswep,q850_box_mean_g_per_kg,per-timestep spatial mean,actual_vs_uniform_tp,24,enc_s2_bottleneck,whole,3.007924795150757,3.0020089149475098,3.0038113594055176,-0.00591588020324707,-0.004113435745239258,0.6953210010881393,36.47747747747748,259.5189286960998,56.47747747747748,264.5189286960998
great_plains_2020031912_top06_2020,great_plains,top06_2020,precip_large_zwd,precip,tp_mswep,q850_box_mean_g_per_kg,per-timestep spatial mean,actual_vs_uniform_tp,24,enc_s2_bottleneck,target_box,3.007924795150757,3.0020089149475098,3.006880760192871,-0.00591588020324707,-0.0010440349578857422,0.1764800709305606,36.47747747747748,259.5189286960998,56.47747747747748,264.5189286960998
great_plains_2020031912_top06_2020,great_plains,top06_2020,precip_large_zwd,precip,tp_mswep,q850_box_mean_g_per_kg,per-timestep spatial mean,actual_vs_uniform_tp,24,enc_s2_bottleneck,mountain_near,3.007924795150757,3.0020089149475098,3.0046141147613525,-0.00591588020324707,-0.003310680389404297,0.5596260024986902,36.47747747747748,259.5189286960998,56.47747747747748,264.5189286960998
great_plains_2020031912_top06_2020,great_plains,top06_2020,precip_large_zwd,precip,tp_mswep,q850_box_mean_g_per_kg,per-timestep spatial mean,actual_vs_uniform_tp,24,enc_s2_bottleneck,upstream,3.007924795150757,3.0020089149475098,3.0062429904937744,-0.00591588020324707,-0.0016818046569824219,0.284286462741305,36.47747747747748,259.5189286960998,56.47747747747748,264.5189286960998
great_plains_2020031912_top06_2020,great_plains,top06_2020,precip_large_zwd,precip,tp_mswep,q850_box_mean_g_per_kg,per-timestep spatial mean,actual_vs_uniform_tp,24,enc_s2_bottleneck,hotspot_gaussian,3.007924795150757,3.0020089149475098,3.0051991939544678,-0.00591588020324707,-0.0027256011962890625,0.46072623221698306,36.47747747747748,259.5189286960998,56.47747747747748,264.5189286960998
great_plains_2020031912_top06_2020,great_plains,top06_2020,precip_large_zwd,precip,tp_mswep,q850_box_mean_g_per_kg,per-timestep spatial mean,actual_vs_uniform_tp,24,enc_s2_bottleneck,low_near_gaussian,3.007924795150757,3.0020089149475098,3.0037500858306885,-0.00591588020324707,-0.004174709320068359,0.7056784749929472,36.47747747747748,259.5189286960998,56.47747747747748,264.5189286960998
great_plains_2020031912_top06_2020,great_plains,top06_2020,precip_large_zwd,precip,tp_mswep,q850_box_mean_g_per_kg,per-timestep spatial mean,actual_vs_uniform_tp,24,enc_s2_bottleneck,remote_control,3.007924795150757,3.0020089149475098,3.007296085357666,-0.00591588020324707,-0.0006287097930908203,0.10627493652520856,36.47747747747748,259.5189286960998,56.47747747747748,264.5189286960998
great_plains_2020031912_top06_2020,great_plains,top06_2020,precip_large_zwd,precip,tp_mswep,q850_box_mean_g_per_kg,per-timestep spatial mean,actual_vs_uniform_tp,24,dec_s0_pre_skip,whole,3.007924795150757,3.0020089149475098,3.0038113594055176,-0.00591588020324707,-0.004113435745239258,0.6953210010881393,36.47747747747748,259.5189286960998,56.47747747747748,264.5189286960998
great_plains_2020031912_top06_2020,great_plains,top06_2020,precip_large_zwd,precip,tp_mswep,q850_box_mean_g_per_kg,per-timestep spatial mean,actual_vs_uniform_tp,24,dec_s0_pre_skip,target_box,3.007924795150757,3.0020089149475098,3.006880760192871,-0.00591588020324707,-0.0010440349578857422,0.1764800709305606,36.47747747747748,259.5189286960998,56.47747747747748,264.5189286960998
great_plains_2020031912_top06_2020,great_plains,top06_2020,precip_large_zwd,precip,tp_mswep,q850_box_mean_g_per_kg,per-timestep spatial mean,actual_vs_uniform_tp,24,dec_s0_pre_skip,mountain_near,3.007924795150757,3.0020089149475098,3.0046141147613525,-0.00591588020324707,-0.003310680389404297,0.5596260024986902,36.47747747747748,259.5189286960998,56.47747747747748,264.5189286960998
great_plains_2020031912_top06_2020,great_plains,top06_2020,precip_large_zwd,precip,tp_mswep,q850_box_mean_g_per_kg,per-timestep spatial mean,actual_vs_uniform_tp,24,dec_s0_pre_skip,upstream,3.007924795150757,3.0020089149475098,3.0062429904937744,-0.00591588020324707,-0.0016818046569824219,0.284286462741305,36.47747747747748,259.5189286960998,56.47747747747748,264.5189286960998
great_plains_2020031912_top06_2020,great_plains,top06_2020,precip_large_zwd,precip,tp_mswep,q850_box_mean_g_per_kg,per-timestep spatial mean,actual_vs_uniform_tp,24,dec_s0_pre_skip,hotspot_gaussian,3.007924795150757,3.0020089149475098,3.0051991939544678,-0.00591588020324707,-0.0027256011962890625,0.46072623221698306,36.47747747747748,259.5189286960998,56.47747747747748,264.5189286960998
great_plains_2020031912_top06_2020,great_plains,top06_2020,precip_large_zwd,precip,tp_mswep,q850_box_mean_g_per_kg,per-timestep spatial mean,actual_vs_uniform_tp,24,dec_s0_pre_skip,low_near_gaussian,3.007924795150757,3.0020089149475098,3.0037500858306885,-0.00591588020324707,-0.004174709320068359,0.7056784749929472,36.47747747747748,259.5189286960998,56.47747747747748,264.5189286960998
great_plains_2020031912_top06_2020,great_plains,top06_2020,precip_large_zwd,precip,tp_mswep,q850_box_mean_g_per_kg,per-timestep spatial mean,actual_vs_uniform_tp,24,dec_s0_pre_skip,remote_control,3.007924795150757,3.0020089149475098,3.007296085357666,-0.00591588020324707,-0.0006287097930908203,0.10627493652520856,36.47747747747748,259.5189286960998,56.47747747747748,264.5189286960998
great_plains_2020031912_top06_2020,great_plains,top06_2020,precip_large_zwd,precip,tp_mswep,q850_box_mean_g_per_kg,per-timestep spatial mean,actual_vs_uniform_tp,24,dec_s1_pre_skip,whole,3.007924795150757,3.0020089149475098,3.006868600845337,-0.00591588020324707,-0.0010561943054199219,0.17853544512956918,36.47747747747748,259.5189286960998,56.47747747747748,264.5189286960998
great_plains_2020031912_top06_2020,great_plains,top06_2020,precip_large_zwd,precip,tp_mswep,q850_box_mean_g_per_kg,per-timestep spatial mean,actual_vs_uniform_tp,24,dec_s1_pre_skip,target_box,3.007924795150757,3.0020089149475098,3.007845640182495,-0.00591588020324707,-7.915496826171875e-05,0.013380083020997057,36.47747747747748,259.5189286960998,56.47747747747748,264.5189286960998
great_plains_2020031912_top06_2020,great_plains,top06_2020,precip_large_zwd,precip,tp_mswep,q850_box_mean_g_per_kg,per-timestep spatial mean,actual_vs_uniform_tp,24,dec_s1_pre_skip,mountain_near,3.007924795150757,3.0020089149475098,3.0086803436279297,-0.00591588020324707,0.0007555484771728516,-0.12771531052270987,36.47747747747748,259.5189286960998,56.47747747747748,264.5189286960998
great_plains_2020031912_top06_2020,great_plains,top06_2020,precip_large_zwd,precip,tp_mswep,q850_box_mean_g_per_kg,per-timestep spatial mean,actual_vs_uniform_tp,24,dec_s1_pre_skip,upstream,3.007924795150757,3.0020089149475098,3.001176595687866,-0.00591588020324707,-0.006748199462890625,1.1406923789948817,36.47747747747748,259.5189286960998,56.47747747747748,264.5189286960998
great_plains_2020031912_top06_2020,great_plains,top06_2020,precip_large_zwd,precip,tp_mswep,q850_box_mean_g_per_kg,per-timestep spatial mean,actual_vs_uniform_tp,24,dec_s1_pre_skip,hotspot_gaussian,3.007924795150757,3.0020089149475098,3.003537178039551,-0.00591588020324707,-0.004387617111206055,0.7416676742030387,36.47747747747748,259.5189286960998,56.47747747747748,264.5189286960998
great_plains_2020031912_top06_2020,great_plains,top06_2020,precip_large_zwd,precip,tp_mswep,q850_box_mean_g_per_kg,per-timestep spatial mean,actual_vs_uniform_tp,24,dec_s1_pre_skip,low_near_gaussian,3.007924795150757,3.0020089149475098,3.0033085346221924,-0.00591588020324707,-0.004616260528564453,0.7803167694353766,36.47747747747748,259.5189286960998,56.47747747747748,264.5189286960998
great_plains_2020031912_top06_2020,great_plains,top06_2020,precip_large_zwd,precip,tp_mswep,q850_box_mean_g_per_kg,per-timestep spatial mean,actual_vs_uniform_tp,24,dec_s1_pre_skip,remote_control,3.007924795150757,3.0020089149475098,3.00642466545105,-0.00591588020324707,-0.0015001296997070312,0.25357675412082376,36.47747747747748,259.5189286960998,56.47747747747748,264.5189286960998
great_plains_2020031912_top06_2020,great_plains,top06_2020,precip_large_zwd,precip,tp_mswep,q850_box_mean_g_per_kg,per-timestep spatial mean,actual_vs_uniform_tp,24,dec_s1_post_skip,whole,3.007924795150757,3.0020089149475098,3.004838466644287,-0.00591588020324707,-0.0030863285064697266,0.5217023334542377,36.47747747747748,259.5189286960998,56.47747747747748,264.5189286960998
great_plains_2020031912_top06_2020,great_plains,top06_2020,precip_large_zwd,precip,tp_mswep,q850_box_mean_g_per_kg,per-timestep spatial mean,actual_vs_uniform_tp,24,dec_s1_post_skip,target_box,3.007924795150757,3.0020089149475098,3.0003185272216797,-0.00591588020324707,-0.0076062679290771484,1.2857373151170757,36.47747747747748,259.5189286960998,56.47747747747748,264.5189286960998
great_plains_2020031912_top06_2020,great_plains,top06_2020,precip_large_zwd,precip,tp_mswep,q850_box_mean_g_per_kg,per-timestep spatial mean,actual_vs_uniform_tp,24,dec_s1_post_skip,mountain_near,3.007924795150757,3.0020089149475098,3.005582094192505,-0.00591588020324707,-0.002342700958251953,0.39600209567565386,36.47747747747748,259.5189286960998,56.47747747747748,264.5189286960998
great_plains_2020031912_top06_2020,great_plains,top06_2020,precip_large_zwd,precip,tp_mswep,q850_box_mean_g_per_kg,per-timestep spatial mean,actual_vs_uniform_tp,24,dec_s1_post_skip,upstream,3.007924795150757,3.0020089149475098,3.003119945526123,-0.00591588020324707,-0.004804849624633789,0.8121952202474509,36.47747747747748,259.5189286960998,56.47747747747748,264.5189286960998
great_plains_2020031912_top06_2020,great_plains,top06_2020,precip_large_zwd,precip,tp_mswep,q850_box_mean_g_per_kg,per-timestep spatial mean,actual_vs_uniform_tp,24,dec_s1_post_skip,hotspot_gaussian,3.007924795150757,3.0020089149475098,2.997751474380493,-0.00591588020324707,-0.010173320770263672,1.7196630798371821,36.47747747747748,259.5189286960998,56.47747747747748,264.5189286960998
great_plains_2020031912_top06_2020,great_plains,top06_2020,precip_large_zwd,precip,tp_mswep,q850_box_mean_g_per_kg,per-timestep spatial mean,actual_vs_uniform_tp,24,dec_s1_post_skip,low_near_gaussian,3.007924795150757,3.0020089149475098,3.007992744445801,-0.00591588020324707,6.794929504394531e-05,-0.011485914641518559,36.47747747747748,259.5189286960998,56.47747747747748,264.5189286960998
great_plains_2020031912_top06_2020,great_plains,top06_2020,precip_large_zwd,precip,tp_mswep,q850_box_mean_g_per_kg,per-timestep spatial mean,actual_vs_uniform_tp,24,dec_s1_post_skip,remote_control,3.007924795150757,3.0020089149475098,3.0069491863250732,-0.00591588020324707,-0.0009756088256835938,0.164913553379277,36.47747747747748,259.5189286960998,56.47747747747748,264.5189286960998
great_plains_2020031912_top06_2020,great_plains,top06_2020,precip_large_zwd,precip,tp_mswep,q850_box_mean_g_per_kg,per-timestep spatial mean,actual_vs_uniform_tp,24,dec_s2_pre_concat,whole,3.007924795150757,3.0020089149475098,3.004838466644287,-0.00591588020324707,-0.0030863285064697266,0.5217023334542377,36.47747747747748,259.5189286960998,56.47747747747748,264.5189286960998
great_plains_2020031912_top06_2020,great_plains,top06_2020,precip_large_zwd,precip,tp_mswep,q850_box_mean_g_per_kg,per-timestep spatial mean,actual_vs_uniform_tp,24,dec_s2_pre_concat,target_box,3.007924795150757,3.0020089149475098,3.0003185272216797,-0.00591588020324707,-0.0076062679290771484,1.2857373151170757,36.47747747747748,259.5189286960998,56.47747747747748,264.5189286960998
great_plains_2020031912_top06_2020,great_plains,top06_2020,precip_large_zwd,precip,tp_mswep,q850_box_mean_g_per_kg,per-timestep spatial mean,actual_vs_uniform_tp,24,dec_s2_pre_concat,mountain_near,3.007924795150757,3.0020089149475098,3.005582094192505,-0.00591588020324707,-0.002342700958251953,0.39600209567565386,36.47747747747748,259.5189286960998,56.47747747747748,264.5189286960998
great_plains_2020031912_top06_2020,great_plains,top06_2020,precip_large_zwd,precip,tp_mswep,q850_box_mean_g_per_kg,per-timestep spatial mean,actual_vs_uniform_tp,24,dec_s2_pre_concat,upstream,3.007924795150757,3.0020089149475098,3.003119945526123,-0.00591588020324707,-0.004804849624633789,0.8121952202474509,36.47747747747748,259.5189286960998,56.47747747747748,264.5189286960998
great_plains_2020031912_top06_2020,great_plains,top06_2020,precip_large_zwd,precip,tp_mswep,q850_box_mean_g_per_kg,per-timestep spatial mean,actual_vs_uniform_tp,24,dec_s2_pre_concat,hotspot_gaussian,3.007924795150757,3.0020089149475098,2.997751474380493,-0.00591588020324707,-0.010173320770263672,1.7196630798371821,36.47747747747748,259.5189286960998,56.47747747747748,264.5189286960998
great_plains_2020031912_top06_2020,great_plains,top06_2020,precip_large_zwd,precip,tp_mswep,q850_box_mean_g_per_kg,per-timestep spatial mean,actual_vs_uniform_tp,24,dec_s2_pre_concat,low_near_gaussian,3.007924795150757,3.0020089149475098,3.007992744445801,-0.00591588020324707,6.794929504394531e-05,-0.011485914641518559,36.47747747747748,259.5189286960998,56.47747747747748,264.5189286960998
great_plains_2020031912_top06_2020,great_plains,top06_2020,precip_large_zwd,precip,tp_mswep,q850_box_mean_g_per_kg,per-timestep spatial mean,actual_vs_uniform_tp,24,dec_s2_pre_concat,remote_control,3.007924795150757,3.0020089149475098,3.0069491863250732,-0.00591588020324707,-0.0009756088256835938,0.164913553379277,36.47747747747748,259.5189286960998,56.47747747747748,264.5189286960998
great_plains_2020031912_top06_2020,great_plains,top06_2020,precip_large_zwd,precip,tp_mswep,q850_box_mean_g_per_kg,per-timestep spatial mean,actual_vs_uniform_tp,24,dec_s2_post_concat,whole,3.007924795150757,3.0020089149475098,3.0076253414154053,-0.00591588020324707,-0.0002994537353515625,0.0506186273324467,36.47747747747748,259.5189286960998,56.47747747747748,264.5189286960998
great_plains_2020031912_top06_2020,great_plains,top06_2020,precip_large_zwd,precip,tp_mswep,q850_box_mean_g_per_kg,per-timestep spatial mean,actual_vs_uniform_tp,24,dec_s2_post_concat,target_box,3.007924795150757,3.0020089149475098,3.004006862640381,-0.00591588020324707,-0.0039179325103759766,0.6622738080844719,36.47747747747748,259.5189286960998,56.47747747747748,264.5189286960998
great_plains_2020031912_top06_2020,great_plains,top06_2020,precip_large_zwd,precip,tp_mswep,q850_box_mean_g_per_kg,per-timestep spatial mean,actual_vs_uniform_tp,24,dec_s2_post_concat,mountain_near,3.007924795150757,3.0020089149475098,2.9991893768310547,-0.00591588020324707,-0.008735418319702148,1.4766050054406965,36.47747747747748,259.5189286960998,56.47747747747748,264.5189286960998
great_plains_2020031912_top06_2020,great_plains,top06_2020,precip_large_zwd,precip,tp_mswep,q850_box_mean_g_per_kg,per-timestep spatial mean,actual_vs_uniform_tp,24,dec_s2_post_concat,upstream,3.007924795150757,3.0020089149475098,3.0057177543640137,-0.00591588020324707,-0.002207040786743164,0.3730705678474993,36.47747747747748,259.5189286960998,56.47747747747748,264.5189286960998
great_plains_2020031912_top06_2020,great_plains,top06_2020,precip_large_zwd,precip,tp_mswep,q850_box_mean_g_per_kg,per-timestep spatial mean,actual_vs_uniform_tp,24,dec_s2_post_concat,hotspot_gaussian,3.007924795150757,3.0020089149475098,3.003185749053955,-0.00591588020324707,-0.004739046096801758,0.8010720186998751,36.47747747747748,259.5189286960998,56.47747747747748,264.5189286960998
great_plains_2020031912_top06_2020,great_plains,top06_2020,precip_large_zwd,precip,tp_mswep,q850_box_mean_g_per_kg,per-timestep spatial mean,actual_vs_uniform_tp,24,dec_s2_post_concat,low_near_gaussian,3.007924795150757,3.0020089149475098,3.006856679916382,-0.00591588020324707,-0.001068115234375,0.18055051787369525,36.47747747747748,259.5189286960998,56.47747747747748,264.5189286960998
great_plains_2020031912_top06_2020,great_plains,top06_2020,precip_large_zwd,precip,tp_mswep,q850_box_mean_g_per_kg,per-timestep spatial mean,actual_vs_uniform_tp,24,dec_s2_post_concat,remote_control,3.007924795150757,3.0020089149475098,3.009355068206787,-0.00591588020324707,0.0014302730560302734,-0.24176842784024502,36.47747747747748,259.5189286960998,56.47747747747748,264.5189286960998
