case_id,target,role,model_key,variable,input_name,target_metric,baseline,contrast,lead_h,patch_site,patch_region,score_base,score_source,score_patched,delta_source_minus_base,delta_patched_minus_base,recovery,hotspot_lat,hotspot_lon,low_near_lat,low_near_lon
new_zealand_alps_2020030300_secondary,new_zealand_alps,secondary,precip_large_zwd,zwd,zwd,q850_box_mean_g_per_kg,per-timestep spatial mean,actual_vs_uniform_zwd,6,enc_s0_skip,whole,7.7193217277526855,7.7655253410339355,7.973067283630371,0.04620361328125,0.25374555587768555,5.491898530383091,-41.52252252252252,168.69000921133608,-61.52252252252252,168.69000921133608
new_zealand_alps_2020030300_secondary,new_zealand_alps,secondary,precip_large_zwd,zwd,zwd,q850_box_mean_g_per_kg,per-timestep spatial mean,actual_vs_uniform_zwd,6,enc_s0_skip,target_box,7.7193217277526855,7.7655253410339355,7.893580913543701,0.04620361328125,0.17425918579101562,3.7715488771466315,-41.52252252252252,168.69000921133608,-61.52252252252252,168.69000921133608
new_zealand_alps_2020030300_secondary,new_zealand_alps,secondary,precip_large_zwd,zwd,zwd,q850_box_mean_g_per_kg,per-timestep spatial mean,actual_vs_uniform_zwd,6,enc_s0_skip,mountain_near,7.7193217277526855,7.7655253410339355,7.797050952911377,0.04620361328125,0.0777292251586914,1.6823191875825627,-41.52252252252252,168.69000921133608,-61.52252252252252,168.69000921133608
new_zealand_alps_2020030300_secondary,new_zealand_alps,secondary,precip_large_zwd,zwd,zwd,q850_box_mean_g_per_kg,per-timestep spatial mean,actual_vs_uniform_zwd,6,enc_s0_skip,upstream,7.7193217277526855,7.7655253410339355,7.821361541748047,0.04620361328125,0.10203981399536133,2.208481258256275,-41.52252252252252,168.69000921133608,-61.52252252252252,168.69000921133608
new_zealand_alps_2020030300_secondary,new_zealand_alps,secondary,precip_large_zwd,zwd,zwd,q850_box_mean_g_per_kg,per-timestep spatial mean,actual_vs_uniform_zwd,6,enc_s0_skip,hotspot_gaussian,7.7193217277526855,7.7655253410339355,7.9402756690979,0.04620361328125,0.22095394134521484,4.7821788309114925,-41.52252252252252,168.69000921133608,-61.52252252252252,168.69000921133608
new_zealand_alps_2020030300_secondary,new_zealand_alps,secondary,precip_large_zwd,zwd,zwd,q850_box_mean_g_per_kg,per-timestep spatial mean,actual_vs_uniform_zwd,6,enc_s0_skip,low_near_gaussian,7.7193217277526855,7.7655253410339355,7.723108291625977,0.04620361328125,0.0037865638732910156,0.08195384742404227,-41.52252252252252,168.69000921133608,-61.52252252252252,168.69000921133608
new_zealand_alps_2020030300_secondary,new_zealand_alps,secondary,precip_large_zwd,zwd,zwd,q850_box_mean_g_per_kg,per-timestep spatial mean,actual_vs_uniform_zwd,6,enc_s0_skip,remote_control,7.7193217277526855,7.7655253410339355,7.719184398651123,0.04620361328125,-0.0001373291015625,-0.00297225891677675,-41.52252252252252,168.69000921133608,-61.52252252252252,168.69000921133608
new_zealand_alps_2020030300_secondary,new_zealand_alps,secondary,precip_large_zwd,zwd,zwd,q850_box_mean_g_per_kg,per-timestep spatial mean,actual_vs_uniform_zwd,6,enc_s1_skip,whole,7.7193217277526855,7.7655253410339355,7.7193217277526855,0.04620361328125,0.0,0.0,-41.52252252252252,168.69000921133608,-61.52252252252252,168.69000921133608
new_zealand_alps_2020030300_secondary,new_zealand_alps,secondary,precip_large_zwd,zwd,zwd,q850_box_mean_g_per_kg,per-timestep spatial mean,actual_vs_uniform_zwd,6,enc_s1_skip,target_box,7.7193217277526855,7.7655253410339355,7.7193217277526855,0.04620361328125,0.0,0.0,-41.52252252252252,168.69000921133608,-61.52252252252252,168.69000921133608
new_zealand_alps_2020030300_secondary,new_zealand_alps,secondary,precip_large_zwd,zwd,zwd,q850_box_mean_g_per_kg,per-timestep spatial mean,actual_vs_uniform_zwd,6,enc_s1_skip,mountain_near,7.7193217277526855,7.7655253410339355,7.7193217277526855,0.04620361328125,0.0,0.0,-41.52252252252252,168.69000921133608,-61.52252252252252,168.69000921133608
new_zealand_alps_2020030300_secondary,new_zealand_alps,secondary,precip_large_zwd,zwd,zwd,q850_box_mean_g_per_kg,per-timestep spatial mean,actual_vs_uniform_zwd,6,enc_s1_skip,upstream,7.7193217277526855,7.7655253410339355,7.7193217277526855,0.04620361328125,0.0,0.0,-41.52252252252252,168.69000921133608,-61.52252252252252,168.69000921133608
new_zealand_alps_2020030300_secondary,new_zealand_alps,secondary,precip_large_zwd,zwd,zwd,q850_box_mean_g_per_kg,per-timestep spatial mean,actual_vs_uniform_zwd,6,enc_s1_skip,hotspot_gaussian,7.7193217277526855,7.7655253410339355,7.7193217277526855,0.04620361328125,0.0,0.0,-41.52252252252252,168.69000921133608,-61.52252252252252,168.69000921133608
new_zealand_alps_2020030300_secondary,new_zealand_alps,secondary,precip_large_zwd,zwd,zwd,q850_box_mean_g_per_kg,per-timestep spatial mean,actual_vs_uniform_zwd,6,enc_s1_skip,low_near_gaussian,7.7193217277526855,7.7655253410339355,7.7193217277526855,0.04620361328125,0.0,0.0,-41.52252252252252,168.69000921133608,-61.52252252252252,168.69000921133608
new_zealand_alps_2020030300_secondary,new_zealand_alps,secondary,precip_large_zwd,zwd,zwd,q850_box_mean_g_per_kg,per-timestep spatial mean,actual_vs_uniform_zwd,6,enc_s1_skip,remote_control,7.7193217277526855,7.7655253410339355,7.7193217277526855,0.04620361328125,0.0,0.0,-41.52252252252252,168.69000921133608,-61.52252252252252,168.69000921133608
new_zealand_alps_2020030300_secondary,new_zealand_alps,secondary,precip_large_zwd,zwd,zwd,q850_box_mean_g_per_kg,per-timestep spatial mean,actual_vs_uniform_zwd,6,enc_s2_bottleneck,whole,7.7193217277526855,7.7655253410339355,7.51084041595459,0.04620361328125,-0.2084813117980957,-4.512229607001321,-41.52252252252252,168.69000921133608,-61.52252252252252,168.69000921133608
new_zealand_alps_2020030300_secondary,new_zealand_alps,secondary,precip_large_zwd,zwd,zwd,q850_box_mean_g_per_kg,per-timestep spatial mean,actual_vs_uniform_zwd,6,enc_s2_bottleneck,target_box,7.7193217277526855,7.7655253410339355,7.661064147949219,0.04620361328125,-0.0582575798034668,-1.2608879623513871,-41.52252252252252,168.69000921133608,-61.52252252252252,168.69000921133608
new_zealand_alps_2020030300_secondary,new_zealand_alps,secondary,precip_large_zwd,zwd,zwd,q850_box_mean_g_per_kg,per-timestep spatial mean,actual_vs_uniform_zwd,6,enc_s2_bottleneck,mountain_near,7.7193217277526855,7.7655253410339355,7.6779866218566895,0.04620361328125,-0.041335105895996094,-0.8946292932628798,-41.52252252252252,168.69000921133608,-61.52252252252252,168.69000921133608
new_zealand_alps_2020030300_secondary,new_zealand_alps,secondary,precip_large_zwd,zwd,zwd,q850_box_mean_g_per_kg,per-timestep spatial mean,actual_vs_uniform_zwd,6,enc_s2_bottleneck,upstream,7.7193217277526855,7.7655253410339355,7.624989986419678,0.04620361328125,-0.09433174133300781,-2.0416529062087188,-41.52252252252252,168.69000921133608,-61.52252252252252,168.69000921133608
new_zealand_alps_2020030300_secondary,new_zealand_alps,secondary,precip_large_zwd,zwd,zwd,q850_box_mean_g_per_kg,per-timestep spatial mean,actual_vs_uniform_zwd,6,enc_s2_bottleneck,hotspot_gaussian,7.7193217277526855,7.7655253410339355,7.5676960945129395,0.04620361328125,-0.1516256332397461,-3.2816834544253632,-41.52252252252252,168.69000921133608,-61.52252252252252,168.69000921133608
new_zealand_alps_2020030300_secondary,new_zealand_alps,secondary,precip_large_zwd,zwd,zwd,q850_box_mean_g_per_kg,per-timestep spatial mean,actual_vs_uniform_zwd,6,enc_s2_bottleneck,low_near_gaussian,7.7193217277526855,7.7655253410339355,7.7190446853637695,0.04620361328125,-0.0002770423889160156,-0.005996119550858652,-41.52252252252252,168.69000921133608,-61.52252252252252,168.69000921133608
new_zealand_alps_2020030300_secondary,new_zealand_alps,secondary,precip_large_zwd,zwd,zwd,q850_box_mean_g_per_kg,per-timestep spatial mean,actual_vs_uniform_zwd,6,enc_s2_bottleneck,remote_control,7.7193217277526855,7.7655253410339355,7.717071533203125,0.04620361328125,-0.002250194549560547,-0.04870170079260238,-41.52252252252252,168.69000921133608,-61.52252252252252,168.69000921133608
new_zealand_alps_2020030300_secondary,new_zealand_alps,secondary,precip_large_zwd,zwd,zwd,q850_box_mean_g_per_kg,per-timestep spatial mean,actual_vs_uniform_zwd,6,dec_s0_pre_skip,whole,7.7193217277526855,7.7655253410339355,7.51084041595459,0.04620361328125,-0.2084813117980957,-4.512229607001321,-41.52252252252252,168.69000921133608,-61.52252252252252,168.69000921133608
new_zealand_alps_2020030300_secondary,new_zealand_alps,secondary,precip_large_zwd,zwd,zwd,q850_box_mean_g_per_kg,per-timestep spatial mean,actual_vs_uniform_zwd,6,dec_s0_pre_skip,target_box,7.7193217277526855,7.7655253410339355,7.661064147949219,0.04620361328125,-0.0582575798034668,-1.2608879623513871,-41.52252252252252,168.69000921133608,-61.52252252252252,168.69000921133608
new_zealand_alps_2020030300_secondary,new_zealand_alps,secondary,precip_large_zwd,zwd,zwd,q850_box_mean_g_per_kg,per-timestep spatial mean,actual_vs_uniform_zwd,6,dec_s0_pre_skip,mountain_near,7.7193217277526855,7.7655253410339355,7.6779866218566895,0.04620361328125,-0.041335105895996094,-0.8946292932628798,-41.52252252252252,168.69000921133608,-61.52252252252252,168.69000921133608
new_zealand_alps_2020030300_secondary,new_zealand_alps,secondary,precip_large_zwd,zwd,zwd,q850_box_mean_g_per_kg,per-timestep spatial mean,actual_vs_uniform_zwd,6,dec_s0_pre_skip,upstream,7.7193217277526855,7.7655253410339355,7.624989986419678,0.04620361328125,-0.09433174133300781,-2.0416529062087188,-41.52252252252252,168.69000921133608,-61.52252252252252,168.69000921133608
new_zealand_alps_2020030300_secondary,new_zealand_alps,secondary,precip_large_zwd,zwd,zwd,q850_box_mean_g_per_kg,per-timestep spatial mean,actual_vs_uniform_zwd,6,dec_s0_pre_skip,hotspot_gaussian,7.7193217277526855,7.7655253410339355,7.5676960945129395,0.04620361328125,-0.1516256332397461,-3.2816834544253632,-41.52252252252252,168.69000921133608,-61.52252252252252,168.69000921133608
new_zealand_alps_2020030300_secondary,new_zealand_alps,secondary,precip_large_zwd,zwd,zwd,q850_box_mean_g_per_kg,per-timestep spatial mean,actual_vs_uniform_zwd,6,dec_s0_pre_skip,low_near_gaussian,7.7193217277526855,7.7655253410339355,7.7190446853637695,0.04620361328125,-0.0002770423889160156,-0.005996119550858652,-41.52252252252252,168.69000921133608,-61.52252252252252,168.69000921133608
new_zealand_alps_2020030300_secondary,new_zealand_alps,secondary,precip_large_zwd,zwd,zwd,q850_box_mean_g_per_kg,per-timestep spatial mean,actual_vs_uniform_zwd,6,dec_s0_pre_skip,remote_control,7.7193217277526855,7.7655253410339355,7.717071533203125,0.04620361328125,-0.002250194549560547,-0.04870170079260238,-41.52252252252252,168.69000921133608,-61.52252252252252,168.69000921133608
new_zealand_alps_2020030300_secondary,new_zealand_alps,secondary,precip_large_zwd,zwd,zwd,q850_box_mean_g_per_kg,per-timestep spatial mean,actual_vs_uniform_zwd,6,dec_s1_pre_skip,whole,7.7193217277526855,7.7655253410339355,7.5110626220703125,0.04620361328125,-0.20825910568237305,-4.5074203269484805,-41.52252252252252,168.69000921133608,-61.52252252252252,168.69000921133608
new_zealand_alps_2020030300_secondary,new_zealand_alps,secondary,precip_large_zwd,zwd,zwd,q850_box_mean_g_per_kg,per-timestep spatial mean,actual_vs_uniform_zwd,6,dec_s1_pre_skip,target_box,7.7193217277526855,7.7655253410339355,7.624109745025635,0.04620361328125,-0.09521198272705078,-2.0607042602377805,-41.52252252252252,168.69000921133608,-61.52252252252252,168.69000921133608
new_zealand_alps_2020030300_secondary,new_zealand_alps,secondary,precip_large_zwd,zwd,zwd,q850_box_mean_g_per_kg,per-timestep spatial mean,actual_vs_uniform_zwd,6,dec_s1_pre_skip,mountain_near,7.7193217277526855,7.7655253410339355,7.674025535583496,0.04620361328125,-0.04529619216918945,-0.9803603863936592,-41.52252252252252,168.69000921133608,-61.52252252252252,168.69000921133608
new_zealand_alps_2020030300_secondary,new_zealand_alps,secondary,precip_large_zwd,zwd,zwd,q850_box_mean_g_per_kg,per-timestep spatial mean,actual_vs_uniform_zwd,6,dec_s1_pre_skip,upstream,7.7193217277526855,7.7655253410339355,7.5793938636779785,0.04620361328125,-0.13992786407470703,-3.028504788639366,-41.52252252252252,168.69000921133608,-61.52252252252252,168.69000921133608
new_zealand_alps_2020030300_secondary,new_zealand_alps,secondary,precip_large_zwd,zwd,zwd,q850_box_mean_g_per_kg,per-timestep spatial mean,actual_vs_uniform_zwd,6,dec_s1_pre_skip,hotspot_gaussian,7.7193217277526855,7.7655253410339355,7.528275966644287,0.04620361328125,-0.19104576110839844,-4.134866248348745,-41.52252252252252,168.69000921133608,-61.52252252252252,168.69000921133608
new_zealand_alps_2020030300_secondary,new_zealand_alps,secondary,precip_large_zwd,zwd,zwd,q850_box_mean_g_per_kg,per-timestep spatial mean,actual_vs_uniform_zwd,6,dec_s1_pre_skip,low_near_gaussian,7.7193217277526855,7.7655253410339355,7.718740463256836,0.04620361328125,-0.0005812644958496094,-0.012580498678996037,-41.52252252252252,168.69000921133608,-61.52252252252252,168.69000921133608
new_zealand_alps_2020030300_secondary,new_zealand_alps,secondary,precip_large_zwd,zwd,zwd,q850_box_mean_g_per_kg,per-timestep spatial mean,actual_vs_uniform_zwd,6,dec_s1_pre_skip,remote_control,7.7193217277526855,7.7655253410339355,7.719627380371094,0.04620361328125,0.0003056526184082031,0.006615340158520475,-41.52252252252252,168.69000921133608,-61.52252252252252,168.69000921133608
new_zealand_alps_2020030300_secondary,new_zealand_alps,secondary,precip_large_zwd,zwd,zwd,q850_box_mean_g_per_kg,per-timestep spatial mean,actual_vs_uniform_zwd,6,dec_s1_post_skip,whole,7.7193217277526855,7.7655253410339355,7.666383266448975,0.04620361328125,-0.05293846130371094,-1.145764531043593,-41.52252252252252,168.69000921133608,-61.52252252252252,168.69000921133608
new_zealand_alps_2020030300_secondary,new_zealand_alps,secondary,precip_large_zwd,zwd,zwd,q850_box_mean_g_per_kg,per-timestep spatial mean,actual_vs_uniform_zwd,6,dec_s1_post_skip,target_box,7.7193217277526855,7.7655253410339355,7.664340496063232,0.04620361328125,-0.054981231689453125,-1.1899768824306474,-41.52252252252252,168.69000921133608,-61.52252252252252,168.69000921133608
new_zealand_alps_2020030300_secondary,new_zealand_alps,secondary,precip_large_zwd,zwd,zwd,q850_box_mean_g_per_kg,per-timestep spatial mean,actual_vs_uniform_zwd,6,dec_s1_post_skip,mountain_near,7.7193217277526855,7.7655253410339355,7.7047247886657715,0.04620361328125,-0.014596939086914062,-0.3159263540290621,-41.52252252252252,168.69000921133608,-61.52252252252252,168.69000921133608
new_zealand_alps_2020030300_secondary,new_zealand_alps,secondary,precip_large_zwd,zwd,zwd,q850_box_mean_g_per_kg,per-timestep spatial mean,actual_vs_uniform_zwd,6,dec_s1_post_skip,upstream,7.7193217277526855,7.7655253410339355,7.643735408782959,0.04620361328125,-0.07558631896972656,-1.6359395640686922,-41.52252252252252,168.69000921133608,-61.52252252252252,168.69000921133608
new_zealand_alps_2020030300_secondary,new_zealand_alps,secondary,precip_large_zwd,zwd,zwd,q850_box_mean_g_per_kg,per-timestep spatial mean,actual_vs_uniform_zwd,6,dec_s1_post_skip,hotspot_gaussian,7.7193217277526855,7.7655253410339355,7.664416313171387,0.04620361328125,-0.05490541458129883,-1.1883359478203435,-41.52252252252252,168.69000921133608,-61.52252252252252,168.69000921133608
new_zealand_alps_2020030300_secondary,new_zealand_alps,secondary,precip_large_zwd,zwd,zwd,q850_box_mean_g_per_kg,per-timestep spatial mean,actual_vs_uniform_zwd,6,dec_s1_post_skip,low_near_gaussian,7.7193217277526855,7.7655253410339355,7.719411849975586,0.04620361328125,9.012222290039062e-05,0.0019505449141347423,-41.52252252252252,168.69000921133608,-61.52252252252252,168.69000921133608
new_zealand_alps_2020030300_secondary,new_zealand_alps,secondary,precip_large_zwd,zwd,zwd,q850_box_mean_g_per_kg,per-timestep spatial mean,actual_vs_uniform_zwd,6,dec_s1_post_skip,remote_control,7.7193217277526855,7.7655253410339355,7.718996047973633,0.04620361328125,-0.0003256797790527344,-0.007048794583883752,-41.52252252252252,168.69000921133608,-61.52252252252252,168.69000921133608
new_zealand_alps_2020030300_secondary,new_zealand_alps,secondary,precip_large_zwd,zwd,zwd,q850_box_mean_g_per_kg,per-timestep spatial mean,actual_vs_uniform_zwd,6,dec_s2_pre_concat,whole,7.7193217277526855,7.7655253410339355,7.666383266448975,0.04620361328125,-0.05293846130371094,-1.145764531043593,-41.52252252252252,168.69000921133608,-61.52252252252252,168.69000921133608
new_zealand_alps_2020030300_secondary,new_zealand_alps,secondary,precip_large_zwd,zwd,zwd,q850_box_mean_g_per_kg,per-timestep spatial mean,actual_vs_uniform_zwd,6,dec_s2_pre_concat,target_box,7.7193217277526855,7.7655253410339355,7.664340496063232,0.04620361328125,-0.054981231689453125,-1.1899768824306474,-41.52252252252252,168.69000921133608,-61.52252252252252,168.69000921133608
new_zealand_alps_2020030300_secondary,new_zealand_alps,secondary,precip_large_zwd,zwd,zwd,q850_box_mean_g_per_kg,per-timestep spatial mean,actual_vs_uniform_zwd,6,dec_s2_pre_concat,mountain_near,7.7193217277526855,7.7655253410339355,7.7047247886657715,0.04620361328125,-0.014596939086914062,-0.3159263540290621,-41.52252252252252,168.69000921133608,-61.52252252252252,168.69000921133608
new_zealand_alps_2020030300_secondary,new_zealand_alps,secondary,precip_large_zwd,zwd,zwd,q850_box_mean_g_per_kg,per-timestep spatial mean,actual_vs_uniform_zwd,6,dec_s2_pre_concat,upstream,7.7193217277526855,7.7655253410339355,7.643735408782959,0.04620361328125,-0.07558631896972656,-1.6359395640686922,-41.52252252252252,168.69000921133608,-61.52252252252252,168.69000921133608
new_zealand_alps_2020030300_secondary,new_zealand_alps,secondary,precip_large_zwd,zwd,zwd,q850_box_mean_g_per_kg,per-timestep spatial mean,actual_vs_uniform_zwd,6,dec_s2_pre_concat,hotspot_gaussian,7.7193217277526855,7.7655253410339355,7.664416313171387,0.04620361328125,-0.05490541458129883,-1.1883359478203435,-41.52252252252252,168.69000921133608,-61.52252252252252,168.69000921133608
new_zealand_alps_2020030300_secondary,new_zealand_alps,secondary,precip_large_zwd,zwd,zwd,q850_box_mean_g_per_kg,per-timestep spatial mean,actual_vs_uniform_zwd,6,dec_s2_pre_concat,low_near_gaussian,7.7193217277526855,7.7655253410339355,7.719411849975586,0.04620361328125,9.012222290039062e-05,0.0019505449141347423,-41.52252252252252,168.69000921133608,-61.52252252252252,168.69000921133608
new_zealand_alps_2020030300_secondary,new_zealand_alps,secondary,precip_large_zwd,zwd,zwd,q850_box_mean_g_per_kg,per-timestep spatial mean,actual_vs_uniform_zwd,6,dec_s2_pre_concat,remote_control,7.7193217277526855,7.7655253410339355,7.718996047973633,0.04620361328125,-0.0003256797790527344,-0.007048794583883752,-41.52252252252252,168.69000921133608,-61.52252252252252,168.69000921133608
new_zealand_alps_2020030300_secondary,new_zealand_alps,secondary,precip_large_zwd,zwd,zwd,q850_box_mean_g_per_kg,per-timestep spatial mean,actual_vs_uniform_zwd,6,dec_s2_post_concat,whole,7.7193217277526855,7.7655253410339355,7.76553201675415,0.04620361328125,0.046210289001464844,1.0001444848084544,-41.52252252252252,168.69000921133608,-61.52252252252252,168.69000921133608
new_zealand_alps_2020030300_secondary,new_zealand_alps,secondary,precip_large_zwd,zwd,zwd,q850_box_mean_g_per_kg,per-timestep spatial mean,actual_vs_uniform_zwd,6,dec_s2_post_concat,target_box,7.7193217277526855,7.7655253410339355,7.751753330230713,0.04620361328125,0.032431602478027344,0.7019278401585205,-41.52252252252252,168.69000921133608,-61.52252252252252,168.69000921133608
new_zealand_alps_2020030300_secondary,new_zealand_alps,secondary,precip_large_zwd,zwd,zwd,q850_box_mean_g_per_kg,per-timestep spatial mean,actual_vs_uniform_zwd,6,dec_s2_post_concat,mountain_near,7.7193217277526855,7.7655253410339355,7.752253532409668,0.04620361328125,0.03293180465698242,0.7127538804491413,-41.52252252252252,168.69000921133608,-61.52252252252252,168.69000921133608
new_zealand_alps_2020030300_secondary,new_zealand_alps,secondary,precip_large_zwd,zwd,zwd,q850_box_mean_g_per_kg,per-timestep spatial mean,actual_vs_uniform_zwd,6,dec_s2_post_concat,upstream,7.7193217277526855,7.7655253410339355,7.675942897796631,0.04620361328125,-0.04337882995605469,-0.938862285336856,-41.52252252252252,168.69000921133608,-61.52252252252252,168.69000921133608
new_zealand_alps_2020030300_secondary,new_zealand_alps,secondary,precip_large_zwd,zwd,zwd,q850_box_mean_g_per_kg,per-timestep spatial mean,actual_vs_uniform_zwd,6,dec_s2_post_concat,hotspot_gaussian,7.7193217277526855,7.7655253410339355,7.754220008850098,0.04620361328125,0.03489828109741211,0.7553149768824307,-41.52252252252252,168.69000921133608,-61.52252252252252,168.69000921133608
new_zealand_alps_2020030300_secondary,new_zealand_alps,secondary,precip_large_zwd,zwd,zwd,q850_box_mean_g_per_kg,per-timestep spatial mean,actual_vs_uniform_zwd,6,dec_s2_post_concat,low_near_gaussian,7.7193217277526855,7.7655253410339355,7.720154762268066,0.04620361328125,0.0008330345153808594,0.01802964002642008,-41.52252252252252,168.69000921133608,-61.52252252252252,168.69000921133608
new_zealand_alps_2020030300_secondary,new_zealand_alps,secondary,precip_large_zwd,zwd,zwd,q850_box_mean_g_per_kg,per-timestep spatial mean,actual_vs_uniform_zwd,6,dec_s2_post_concat,remote_control,7.7193217277526855,7.7655253410339355,7.719203472137451,0.04620361328125,-0.000118255615234375,-0.002559445178335535,-41.52252252252252,168.69000921133608,-61.52252252252252,168.69000921133608
new_zealand_alps_2020030300_secondary,new_zealand_alps,secondary,precip_large_zwd,zwd,zwd,q850_box_mean_g_per_kg,per-timestep spatial mean,actual_vs_uniform_zwd,12,enc_s0_skip,whole,4.96643590927124,4.8546905517578125,5.015772819519043,-0.11174535751342773,0.049336910247802734,-0.44151194596047744,-41.52252252252252,168.69000921133608,-61.52252252252252,168.69000921133608
new_zealand_alps_2020030300_secondary,new_zealand_alps,secondary,precip_large_zwd,zwd,zwd,q850_box_mean_g_per_kg,per-timestep spatial mean,actual_vs_uniform_zwd,12,enc_s0_skip,target_box,4.96643590927124,4.8546905517578125,5.103961944580078,-0.11174535751342773,0.1375260353088379,-1.23070916205456,-41.52252252252252,168.69000921133608,-61.52252252252252,168.69000921133608
new_zealand_alps_2020030300_secondary,new_zealand_alps,secondary,precip_large_zwd,zwd,zwd,q850_box_mean_g_per_kg,per-timestep spatial mean,actual_vs_uniform_zwd,12,enc_s0_skip,mountain_near,4.96643590927124,4.8546905517578125,5.038185119628906,-0.11174535751342773,0.07174921035766602,-0.6420777735580144,-41.52252252252252,168.69000921133608,-61.52252252252252,168.69000921133608
new_zealand_alps_2020030300_secondary,new_zealand_alps,secondary,precip_large_zwd,zwd,zwd,q850_box_mean_g_per_kg,per-timestep spatial mean,actual_vs_uniform_zwd,12,enc_s0_skip,upstream,4.96643590927124,4.8546905517578125,5.017236232757568,-0.11174535751342773,0.050800323486328125,-0.45460791049170673,-41.52252252252252,168.69000921133608,-61.52252252252252,168.69000921133608
new_zealand_alps_2020030300_secondary,new_zealand_alps,secondary,precip_large_zwd,zwd,zwd,q850_box_mean_g_per_kg,per-timestep spatial mean,actual_vs_uniform_zwd,12,enc_s0_skip,hotspot_gaussian,4.96643590927124,4.8546905517578125,5.044182300567627,-0.11174535751342773,0.07774639129638672,-0.6957460517949878,-41.52252252252252,168.69000921133608,-61.52252252252252,168.69000921133608
new_zealand_alps_2020030300_secondary,new_zealand_alps,secondary,precip_large_zwd,zwd,zwd,q850_box_mean_g_per_kg,per-timestep spatial mean,actual_vs_uniform_zwd,12,enc_s0_skip,low_near_gaussian,4.96643590927124,4.8546905517578125,4.968554496765137,-0.11174535751342773,0.0021185874938964844,-0.018959064976295834,-41.52252252252252,168.69000921133608,-61.52252252252252,168.69000921133608
new_zealand_alps_2020030300_secondary,new_zealand_alps,secondary,precip_large_zwd,zwd,zwd,q850_box_mean_g_per_kg,per-timestep spatial mean,actual_vs_uniform_zwd,12,enc_s0_skip,remote_control,4.96643590927124,4.8546905517578125,4.965672492980957,-0.11174535751342773,-0.0007634162902832031,0.006831749499673561,-41.52252252252252,168.69000921133608,-61.52252252252252,168.69000921133608
new_zealand_alps_2020030300_secondary,new_zealand_alps,secondary,precip_large_zwd,zwd,zwd,q850_box_mean_g_per_kg,per-timestep spatial mean,actual_vs_uniform_zwd,12,enc_s1_skip,whole,4.96643590927124,4.8546905517578125,4.96643590927124,-0.11174535751342773,0.0,-0.0,-41.52252252252252,168.69000921133608,-61.52252252252252,168.69000921133608
new_zealand_alps_2020030300_secondary,new_zealand_alps,secondary,precip_large_zwd,zwd,zwd,q850_box_mean_g_per_kg,per-timestep spatial mean,actual_vs_uniform_zwd,12,enc_s1_skip,target_box,4.96643590927124,4.8546905517578125,4.96643590927124,-0.11174535751342773,0.0,-0.0,-41.52252252252252,168.69000921133608,-61.52252252252252,168.69000921133608
new_zealand_alps_2020030300_secondary,new_zealand_alps,secondary,precip_large_zwd,zwd,zwd,q850_box_mean_g_per_kg,per-timestep spatial mean,actual_vs_uniform_zwd,12,enc_s1_skip,mountain_near,4.96643590927124,4.8546905517578125,4.96643590927124,-0.11174535751342773,0.0,-0.0,-41.52252252252252,168.69000921133608,-61.52252252252252,168.69000921133608
new_zealand_alps_2020030300_secondary,new_zealand_alps,secondary,precip_large_zwd,zwd,zwd,q850_box_mean_g_per_kg,per-timestep spatial mean,actual_vs_uniform_zwd,12,enc_s1_skip,upstream,4.96643590927124,4.8546905517578125,4.96643590927124,-0.11174535751342773,0.0,-0.0,-41.52252252252252,168.69000921133608,-61.52252252252252,168.69000921133608
new_zealand_alps_2020030300_secondary,new_zealand_alps,secondary,precip_large_zwd,zwd,zwd,q850_box_mean_g_per_kg,per-timestep spatial mean,actual_vs_uniform_zwd,12,enc_s1_skip,hotspot_gaussian,4.96643590927124,4.8546905517578125,4.96643590927124,-0.11174535751342773,0.0,-0.0,-41.52252252252252,168.69000921133608,-61.52252252252252,168.69000921133608
new_zealand_alps_2020030300_secondary,new_zealand_alps,secondary,precip_large_zwd,zwd,zwd,q850_box_mean_g_per_kg,per-timestep spatial mean,actual_vs_uniform_zwd,12,enc_s1_skip,low_near_gaussian,4.96643590927124,4.8546905517578125,4.96643590927124,-0.11174535751342773,0.0,-0.0,-41.52252252252252,168.69000921133608,-61.52252252252252,168.69000921133608
new_zealand_alps_2020030300_secondary,new_zealand_alps,secondary,precip_large_zwd,zwd,zwd,q850_box_mean_g_per_kg,per-timestep spatial mean,actual_vs_uniform_zwd,12,enc_s1_skip,remote_control,4.96643590927124,4.8546905517578125,4.96643590927124,-0.11174535751342773,0.0,-0.0,-41.52252252252252,168.69000921133608,-61.52252252252252,168.69000921133608
new_zealand_alps_2020030300_secondary,new_zealand_alps,secondary,precip_large_zwd,zwd,zwd,q850_box_mean_g_per_kg,per-timestep spatial mean,actual_vs_uniform_zwd,12,enc_s2_bottleneck,whole,4.96643590927124,4.8546905517578125,4.774961471557617,-0.11174535751342773,-0.19147443771362305,1.7134889714824597,-41.52252252252252,168.69000921133608,-61.52252252252252,168.69000921133608
new_zealand_alps_2020030300_secondary,new_zealand_alps,secondary,precip_large_zwd,zwd,zwd,q850_box_mean_g_per_kg,per-timestep spatial mean,actual_vs_uniform_zwd,12,enc_s2_bottleneck,target_box,4.96643590927124,4.8546905517578125,4.91198205947876,-0.11174535751342773,-0.05445384979248047,0.48730301646703394,-41.52252252252252,168.69000921133608,-61.52252252252252,168.69000921133608
new_zealand_alps_2020030300_secondary,new_zealand_alps,secondary,precip_large_zwd,zwd,zwd,q850_box_mean_g_per_kg,per-timestep spatial mean,actual_vs_uniform_zwd,12,enc_s2_bottleneck,mountain_near,4.96643590927124,4.8546905517578125,4.928876876831055,-0.11174535751342773,-0.03755903244018555,0.33611268759574475,-41.52252252252252,168.69000921133608,-61.52252252252252,168.69000921133608
new_zealand_alps_2020030300_secondary,new_zealand_alps,secondary,precip_large_zwd,zwd,zwd,q850_box_mean_g_per_kg,per-timestep spatial mean,actual_vs_uniform_zwd,12,enc_s2_bottleneck,upstream,4.96643590927124,4.8546905517578125,4.846363544464111,-0.11174535751342773,-0.1200723648071289,1.0745177023815111,-41.52252252252252,168.69000921133608,-61.52252252252252,168.69000921133608
new_zealand_alps_2020030300_secondary,new_zealand_alps,secondary,precip_large_zwd,zwd,zwd,q850_box_mean_g_per_kg,per-timestep spatial mean,actual_vs_uniform_zwd,12,enc_s2_bottleneck,hotspot_gaussian,4.96643590927124,4.8546905517578125,4.8317036628723145,-0.11174535751342773,-0.13473224639892578,1.2057077752222132,-41.52252252252252,168.69000921133608,-61.52252252252252,168.69000921133608
new_zealand_alps_2020030300_secondary,new_zealand_alps,secondary,precip_large_zwd,zwd,zwd,q850_box_mean_g_per_kg,per-timestep spatial mean,actual_vs_uniform_zwd,12,enc_s2_bottleneck,low_near_gaussian,4.96643590927124,4.8546905517578125,4.963066101074219,-0.11174535751342773,-0.0033698081970214844,0.030156135986379173,-41.52252252252252,168.69000921133608,-61.52252252252252,168.69000921133608
new_zealand_alps_2020030300_secondary,new_zealand_alps,secondary,precip_large_zwd,zwd,zwd,q850_box_mean_g_per_kg,per-timestep spatial mean,actual_vs_uniform_zwd,12,enc_s2_bottleneck,remote_control,4.96643590927124,4.8546905517578125,4.963146686553955,-0.11174535751342773,-0.0032892227172851562,0.029434983165988898,-41.52252252252252,168.69000921133608,-61.52252252252252,168.69000921133608
new_zealand_alps_2020030300_secondary,new_zealand_alps,secondary,precip_large_zwd,zwd,zwd,q850_box_mean_g_per_kg,per-timestep spatial mean,actual_vs_uniform_zwd,12,dec_s0_pre_skip,whole,4.96643590927124,4.8546905517578125,4.774961471557617,-0.11174535751342773,-0.19147443771362305,1.7134889714824597,-41.52252252252252,168.69000921133608,-61.52252252252252,168.69000921133608
new_zealand_alps_2020030300_secondary,new_zealand_alps,secondary,precip_large_zwd,zwd,zwd,q850_box_mean_g_per_kg,per-timestep spatial mean,actual_vs_uniform_zwd,12,dec_s0_pre_skip,target_box,4.96643590927124,4.8546905517578125,4.91198205947876,-0.11174535751342773,-0.05445384979248047,0.48730301646703394,-41.52252252252252,168.69000921133608,-61.52252252252252,168.69000921133608
new_zealand_alps_2020030300_secondary,new_zealand_alps,secondary,precip_large_zwd,zwd,zwd,q850_box_mean_g_per_kg,per-timestep spatial mean,actual_vs_uniform_zwd,12,dec_s0_pre_skip,mountain_near,4.96643590927124,4.8546905517578125,4.928876876831055,-0.11174535751342773,-0.03755903244018555,0.33611268759574475,-41.52252252252252,168.69000921133608,-61.52252252252252,168.69000921133608
new_zealand_alps_2020030300_secondary,new_zealand_alps,secondary,precip_large_zwd,zwd,zwd,q850_box_mean_g_per_kg,per-timestep spatial mean,actual_vs_uniform_zwd,12,dec_s0_pre_skip,upstream,4.96643590927124,4.8546905517578125,4.846363544464111,-0.11174535751342773,-0.1200723648071289,1.0745177023815111,-41.52252252252252,168.69000921133608,-61.52252252252252,168.69000921133608
new_zealand_alps_2020030300_secondary,new_zealand_alps,secondary,precip_large_zwd,zwd,zwd,q850_box_mean_g_per_kg,per-timestep spatial mean,actual_vs_uniform_zwd,12,dec_s0_pre_skip,hotspot_gaussian,4.96643590927124,4.8546905517578125,4.8317036628723145,-0.11174535751342773,-0.13473224639892578,1.2057077752222132,-41.52252252252252,168.69000921133608,-61.52252252252252,168.69000921133608
new_zealand_alps_2020030300_secondary,new_zealand_alps,secondary,precip_large_zwd,zwd,zwd,q850_box_mean_g_per_kg,per-timestep spatial mean,actual_vs_uniform_zwd,12,dec_s0_pre_skip,low_near_gaussian,4.96643590927124,4.8546905517578125,4.963066101074219,-0.11174535751342773,-0.0033698081970214844,0.030156135986379173,-41.52252252252252,168.69000921133608,-61.52252252252252,168.69000921133608
new_zealand_alps_2020030300_secondary,new_zealand_alps,secondary,precip_large_zwd,zwd,zwd,q850_box_mean_g_per_kg,per-timestep spatial mean,actual_vs_uniform_zwd,12,dec_s0_pre_skip,remote_control,4.96643590927124,4.8546905517578125,4.963146686553955,-0.11174535751342773,-0.0032892227172851562,0.029434983165988898,-41.52252252252252,168.69000921133608,-61.52252252252252,168.69000921133608
new_zealand_alps_2020030300_secondary,new_zealand_alps,secondary,precip_large_zwd,zwd,zwd,q850_box_mean_g_per_kg,per-timestep spatial mean,actual_vs_uniform_zwd,12,dec_s1_pre_skip,whole,4.96643590927124,4.8546905517578125,4.778236389160156,-0.11174535751342773,-0.18819952011108398,1.6841820036100312,-41.52252252252252,168.69000921133608,-61.52252252252252,168.69000921133608
new_zealand_alps_2020030300_secondary,new_zealand_alps,secondary,precip_large_zwd,zwd,zwd,q850_box_mean_g_per_kg,per-timestep spatial mean,actual_vs_uniform_zwd,12,dec_s1_pre_skip,target_box,4.96643590927124,4.8546905517578125,4.900376319885254,-0.11174535751342773,-0.06605958938598633,0.5911618241325897,-41.52252252252252,168.69000921133608,-61.52252252252252,168.69000921133608
new_zealand_alps_2020030300_secondary,new_zealand_alps,secondary,precip_large_zwd,zwd,zwd,q850_box_mean_g_per_kg,per-timestep spatial mean,actual_vs_uniform_zwd,12,dec_s1_pre_skip,mountain_near,4.96643590927124,4.8546905517578125,4.919870376586914,-0.11174535751342773,-0.04656553268432617,0.41671111642137515,-41.52252252252252,168.69000921133608,-61.52252252252252,168.69000921133608
new_zealand_alps_2020030300_secondary,new_zealand_alps,secondary,precip_large_zwd,zwd,zwd,q850_box_mean_g_per_kg,per-timestep spatial mean,actual_vs_uniform_zwd,12,dec_s1_pre_skip,upstream,4.96643590927124,4.8546905517578125,4.839234828948975,-0.11174535751342773,-0.12720108032226562,1.1383119903391126,-41.52252252252252,168.69000921133608,-61.52252252252252,168.69000921133608
new_zealand_alps_2020030300_secondary,new_zealand_alps,secondary,precip_large_zwd,zwd,zwd,q850_box_mean_g_per_kg,per-timestep spatial mean,actual_vs_uniform_zwd,12,dec_s1_pre_skip,hotspot_gaussian,4.96643590927124,4.8546905517578125,4.799102783203125,-0.11174535751342773,-0.16733312606811523,1.497450362069922,-41.52252252252252,168.69000921133608,-61.52252252252252,168.69000921133608
new_zealand_alps_2020030300_secondary,new_zealand_alps,secondary,precip_large_zwd,zwd,zwd,q850_box_mean_g_per_kg,per-timestep spatial mean,actual_vs_uniform_zwd,12,dec_s1_pre_skip,low_near_gaussian,4.96643590927124,4.8546905517578125,4.963016033172607,-0.11174535751342773,-0.0034198760986328125,0.03060418951384059,-41.52252252252252,168.69000921133608,-61.52252252252252,168.69000921133608
new_zealand_alps_2020030300_secondary,new_zealand_alps,secondary,precip_large_zwd,zwd,zwd,q850_box_mean_g_per_kg,per-timestep spatial mean,actual_vs_uniform_zwd,12,dec_s1_pre_skip,remote_control,4.96643590927124,4.8546905517578125,4.964615345001221,-0.11174535751342773,-0.0018205642700195312,0.016292079693787417,-41.52252252252252,168.69000921133608,-61.52252252252252,168.69000921133608
new_zealand_alps_2020030300_secondary,new_zealand_alps,secondary,precip_large_zwd,zwd,zwd,q850_box_mean_g_per_kg,per-timestep spatial mean,actual_vs_uniform_zwd,12,dec_s1_post_skip,whole,4.96643590927124,4.8546905517578125,4.765347003936768,-0.11174535751342773,-0.20108890533447266,1.7995280502844073,-41.52252252252252,168.69000921133608,-61.52252252252252,168.69000921133608
new_zealand_alps_2020030300_secondary,new_zealand_alps,secondary,precip_large_zwd,zwd,zwd,q850_box_mean_g_per_kg,per-timestep spatial mean,actual_vs_uniform_zwd,12,dec_s1_post_skip,target_box,4.96643590927124,4.8546905517578125,4.856771945953369,-0.11174535751342773,-0.1096639633178711,0.9813737747869612,-41.52252252252252,168.69000921133608,-61.52252252252252,168.69000921133608
new_zealand_alps_2020030300_secondary,new_zealand_alps,secondary,precip_large_zwd,zwd,zwd,q850_box_mean_g_per_kg,per-timestep spatial mean,actual_vs_uniform_zwd,12,dec_s1_post_skip,mountain_near,4.96643590927124,4.8546905517578125,4.930009841918945,-0.11174535751342773,-0.03642606735229492,0.32597387634576075,-41.52252252252252,168.69000921133608,-61.52252252252252,168.69000921133608
new_zealand_alps_2020030300_secondary,new_zealand_alps,secondary,precip_large_zwd,zwd,zwd,q850_box_mean_g_per_kg,per-timestep spatial mean,actual_vs_uniform_zwd,12,dec_s1_post_skip,upstream,4.96643590927124,4.8546905517578125,4.815001487731934,-0.11174535751342773,-0.15143442153930664,1.355174164806889,-41.52252252252252,168.69000921133608,-61.52252252252252,168.69000921133608
new_zealand_alps_2020030300_secondary,new_zealand_alps,secondary,precip_large_zwd,zwd,zwd,q850_box_mean_g_per_kg,per-timestep spatial mean,actual_vs_uniform_zwd,12,dec_s1_post_skip,hotspot_gaussian,4.96643590927124,4.8546905517578125,4.794498443603516,-0.11174535751342773,-0.1719374656677246,1.538654217890564,-41.52252252252252,168.69000921133608,-61.52252252252252,168.69000921133608
new_zealand_alps_2020030300_secondary,new_zealand_alps,secondary,precip_large_zwd,zwd,zwd,q850_box_mean_g_per_kg,per-timestep spatial mean,actual_vs_uniform_zwd,12,dec_s1_post_skip,low_near_gaussian,4.96643590927124,4.8546905517578125,4.964380264282227,-0.11174535751342773,-0.002055644989013672,0.018395797684630056,-41.52252252252252,168.69000921133608,-61.52252252252252,168.69000921133608
new_zealand_alps_2020030300_secondary,new_zealand_alps,secondary,precip_large_zwd,zwd,zwd,q850_box_mean_g_per_kg,per-timestep spatial mean,actual_vs_uniform_zwd,12,dec_s1_post_skip,remote_control,4.96643590927124,4.8546905517578125,4.96607780456543,-0.11174535751342773,-0.0003581047058105469,0.003204649515462114,-41.52252252252252,168.69000921133608,-61.52252252252252,168.69000921133608
new_zealand_alps_2020030300_secondary,new_zealand_alps,secondary,precip_large_zwd,zwd,zwd,q850_box_mean_g_per_kg,per-timestep spatial mean,actual_vs_uniform_zwd,12,dec_s2_pre_concat,whole,4.96643590927124,4.8546905517578125,4.765347003936768,-0.11174535751342773,-0.20108890533447266,1.7995280502844073,-41.52252252252252,168.69000921133608,-61.52252252252252,168.69000921133608
new_zealand_alps_2020030300_secondary,new_zealand_alps,secondary,precip_large_zwd,zwd,zwd,q850_box_mean_g_per_kg,per-timestep spatial mean,actual_vs_uniform_zwd,12,dec_s2_pre_concat,target_box,4.96643590927124,4.8546905517578125,4.856771945953369,-0.11174535751342773,-0.1096639633178711,0.9813737747869612,-41.52252252252252,168.69000921133608,-61.52252252252252,168.69000921133608
new_zealand_alps_2020030300_secondary,new_zealand_alps,secondary,precip_large_zwd,zwd,zwd,q850_box_mean_g_per_kg,per-timestep spatial mean,actual_vs_uniform_zwd,12,dec_s2_pre_concat,mountain_near,4.96643590927124,4.8546905517578125,4.930009841918945,-0.11174535751342773,-0.03642606735229492,0.32597387634576075,-41.52252252252252,168.69000921133608,-61.52252252252252,168.69000921133608
new_zealand_alps_2020030300_secondary,new_zealand_alps,secondary,precip_large_zwd,zwd,zwd,q850_box_mean_g_per_kg,per-timestep spatial mean,actual_vs_uniform_zwd,12,dec_s2_pre_concat,upstream,4.96643590927124,4.8546905517578125,4.815001487731934,-0.11174535751342773,-0.15143442153930664,1.355174164806889,-41.52252252252252,168.69000921133608,-61.52252252252252,168.69000921133608
new_zealand_alps_2020030300_secondary,new_zealand_alps,secondary,precip_large_zwd,zwd,zwd,q850_box_mean_g_per_kg,per-timestep spatial mean,actual_vs_uniform_zwd,12,dec_s2_pre_concat,hotspot_gaussian,4.96643590927124,4.8546905517578125,4.794498443603516,-0.11174535751342773,-0.1719374656677246,1.538654217890564,-41.52252252252252,168.69000921133608,-61.52252252252252,168.69000921133608
new_zealand_alps_2020030300_secondary,new_zealand_alps,secondary,precip_large_zwd,zwd,zwd,q850_box_mean_g_per_kg,per-timestep spatial mean,actual_vs_uniform_zwd,12,dec_s2_pre_concat,low_near_gaussian,4.96643590927124,4.8546905517578125,4.964380264282227,-0.11174535751342773,-0.002055644989013672,0.018395797684630056,-41.52252252252252,168.69000921133608,-61.52252252252252,168.69000921133608
new_zealand_alps_2020030300_secondary,new_zealand_alps,secondary,precip_large_zwd,zwd,zwd,q850_box_mean_g_per_kg,per-timestep spatial mean,actual_vs_uniform_zwd,12,dec_s2_pre_concat,remote_control,4.96643590927124,4.8546905517578125,4.96607780456543,-0.11174535751342773,-0.0003581047058105469,0.003204649515462114,-41.52252252252252,168.69000921133608,-61.52252252252252,168.69000921133608
new_zealand_alps_2020030300_secondary,new_zealand_alps,secondary,precip_large_zwd,zwd,zwd,q850_box_mean_g_per_kg,per-timestep spatial mean,actual_vs_uniform_zwd,12,dec_s2_post_concat,whole,4.96643590927124,4.8546905517578125,4.830463409423828,-0.11174535751342773,-0.1359724998474121,1.2168067011739003,-41.52252252252252,168.69000921133608,-61.52252252252252,168.69000921133608
new_zealand_alps_2020030300_secondary,new_zealand_alps,secondary,precip_large_zwd,zwd,zwd,q850_box_mean_g_per_kg,per-timestep spatial mean,actual_vs_uniform_zwd,12,dec_s2_post_concat,target_box,4.96643590927124,4.8546905517578125,4.993656158447266,-0.11174535751342773,0.02722024917602539,-0.24359176776318878,-41.52252252252252,168.69000921133608,-61.52252252252252,168.69000921133608
new_zealand_alps_2020030300_secondary,new_zealand_alps,secondary,precip_large_zwd,zwd,zwd,q850_box_mean_g_per_kg,per-timestep spatial mean,actual_vs_uniform_zwd,12,dec_s2_post_concat,mountain_near,4.96643590927124,4.8546905517578125,4.987984657287598,-0.11174535751342773,0.021548748016357422,-0.1928379710429406,-41.52252252252252,168.69000921133608,-61.52252252252252,168.69000921133608
new_zealand_alps_2020030300_secondary,new_zealand_alps,secondary,precip_large_zwd,zwd,zwd,q850_box_mean_g_per_kg,per-timestep spatial mean,actual_vs_uniform_zwd,12,dec_s2_post_concat,upstream,4.96643590927124,4.8546905517578125,4.893959999084473,-0.11174535751342773,-0.07247591018676758,0.6485809504708829,-41.52252252252252,168.69000921133608,-61.52252252252252,168.69000921133608
new_zealand_alps_2020030300_secondary,new_zealand_alps,secondary,precip_large_zwd,zwd,zwd,q850_box_mean_g_per_kg,per-timestep spatial mean,actual_vs_uniform_zwd,12,dec_s2_post_concat,hotspot_gaussian,4.96643590927124,4.8546905517578125,4.877429485321045,-0.11174535751342773,-0.08900642395019531,0.7965111565328338,-41.52252252252252,168.69000921133608,-61.52252252252252,168.69000921133608
new_zealand_alps_2020030300_secondary,new_zealand_alps,secondary,precip_large_zwd,zwd,zwd,q850_box_mean_g_per_kg,per-timestep spatial mean,actual_vs_uniform_zwd,12,dec_s2_post_concat,low_near_gaussian,4.96643590927124,4.8546905517578125,4.972009181976318,-0.11174535751342773,0.005573272705078125,-0.04987475837113341,-41.52252252252252,168.69000921133608,-61.52252252252252,168.69000921133608
new_zealand_alps_2020030300_secondary,new_zealand_alps,secondary,precip_large_zwd,zwd,zwd,q850_box_mean_g_per_kg,per-timestep spatial mean,actual_vs_uniform_zwd,12,dec_s2_post_concat,remote_control,4.96643590927124,4.8546905517578125,4.965158462524414,-0.11174535751342773,-0.0012774467468261719,0.011431765714944078,-41.52252252252252,168.69000921133608,-61.52252252252252,168.69000921133608
new_zealand_alps_2020030300_secondary,new_zealand_alps,secondary,precip_large_zwd,zwd,zwd,q850_box_mean_g_per_kg,per-timestep spatial mean,actual_vs_uniform_zwd,24,enc_s0_skip,whole,3.2287659645080566,3.196725606918335,3.2159745693206787,-0.03204035758972168,-0.01279139518737793,0.39922760386049244,-41.52252252252252,168.69000921133608,-61.52252252252252,168.69000921133608
new_zealand_alps_2020030300_secondary,new_zealand_alps,secondary,precip_large_zwd,zwd,zwd,q850_box_mean_g_per_kg,per-timestep spatial mean,actual_vs_uniform_zwd,24,enc_s0_skip,target_box,3.2287659645080566,3.196725606918335,3.2541890144348145,-0.03204035758972168,0.025423049926757812,-0.7934696064351463,-41.52252252252252,168.69000921133608,-61.52252252252252,168.69000921133608
new_zealand_alps_2020030300_secondary,new_zealand_alps,secondary,precip_large_zwd,zwd,zwd,q850_box_mean_g_per_kg,per-timestep spatial mean,actual_vs_uniform_zwd,24,enc_s0_skip,mountain_near,3.2287659645080566,3.196725606918335,3.240215539932251,-0.03204035758972168,0.011449575424194336,-0.35734855305944774,-41.52252252252252,168.69000921133608,-61.52252252252252,168.69000921133608
new_zealand_alps_2020030300_secondary,new_zealand_alps,secondary,precip_large_zwd,zwd,zwd,q850_box_mean_g_per_kg,per-timestep spatial mean,actual_vs_uniform_zwd,24,enc_s0_skip,upstream,3.2287659645080566,3.196725606918335,3.241487979888916,-0.03204035758972168,0.012722015380859375,-0.3970622158393297,-41.52252252252252,168.69000921133608,-61.52252252252252,168.69000921133608
new_zealand_alps_2020030300_secondary,new_zealand_alps,secondary,precip_large_zwd,zwd,zwd,q850_box_mean_g_per_kg,per-timestep spatial mean,actual_vs_uniform_zwd,24,enc_s0_skip,hotspot_gaussian,3.2287659645080566,3.196725606918335,3.2300496101379395,-0.03204035758972168,0.0012836456298828125,-0.04006339898948559,-41.52252252252252,168.69000921133608,-61.52252252252252,168.69000921133608
new_zealand_alps_2020030300_secondary,new_zealand_alps,secondary,precip_large_zwd,zwd,zwd,q850_box_mean_g_per_kg,per-timestep spatial mean,actual_vs_uniform_zwd,24,enc_s0_skip,low_near_gaussian,3.2287659645080566,3.196725606918335,3.2311036586761475,-0.03204035758972168,0.0023376941680908203,-0.07296092628007174,-41.52252252252252,168.69000921133608,-61.52252252252252,168.69000921133608
new_zealand_alps_2020030300_secondary,new_zealand_alps,secondary,precip_large_zwd,zwd,zwd,q850_box_mean_g_per_kg,per-timestep spatial mean,actual_vs_uniform_zwd,24,enc_s0_skip,remote_control,3.2287659645080566,3.196725606918335,3.230335235595703,-0.03204035758972168,0.0015692710876464844,-0.048977951736403076,-41.52252252252252,168.69000921133608,-61.52252252252252,168.69000921133608
new_zealand_alps_2020030300_secondary,new_zealand_alps,secondary,precip_large_zwd,zwd,zwd,q850_box_mean_g_per_kg,per-timestep spatial mean,actual_vs_uniform_zwd,24,enc_s1_skip,whole,3.2287659645080566,3.196725606918335,3.2287659645080566,-0.03204035758972168,0.0,-0.0,-41.52252252252252,168.69000921133608,-61.52252252252252,168.69000921133608
new_zealand_alps_2020030300_secondary,new_zealand_alps,secondary,precip_large_zwd,zwd,zwd,q850_box_mean_g_per_kg,per-timestep spatial mean,actual_vs_uniform_zwd,24,enc_s1_skip,target_box,3.2287659645080566,3.196725606918335,3.2287659645080566,-0.03204035758972168,0.0,-0.0,-41.52252252252252,168.69000921133608,-61.52252252252252,168.69000921133608
new_zealand_alps_2020030300_secondary,new_zealand_alps,secondary,precip_large_zwd,zwd,zwd,q850_box_mean_g_per_kg,per-timestep spatial mean,actual_vs_uniform_zwd,24,enc_s1_skip,mountain_near,3.2287659645080566,3.196725606918335,3.2287659645080566,-0.03204035758972168,0.0,-0.0,-41.52252252252252,168.69000921133608,-61.52252252252252,168.69000921133608
new_zealand_alps_2020030300_secondary,new_zealand_alps,secondary,precip_large_zwd,zwd,zwd,q850_box_mean_g_per_kg,per-timestep spatial mean,actual_vs_uniform_zwd,24,enc_s1_skip,upstream,3.2287659645080566,3.196725606918335,3.2287659645080566,-0.03204035758972168,0.0,-0.0,-41.52252252252252,168.69000921133608,-61.52252252252252,168.69000921133608
new_zealand_alps_2020030300_secondary,new_zealand_alps,secondary,precip_large_zwd,zwd,zwd,q850_box_mean_g_per_kg,per-timestep spatial mean,actual_vs_uniform_zwd,24,enc_s1_skip,hotspot_gaussian,3.2287659645080566,3.196725606918335,3.2287659645080566,-0.03204035758972168,0.0,-0.0,-41.52252252252252,168.69000921133608,-61.52252252252252,168.69000921133608
new_zealand_alps_2020030300_secondary,new_zealand_alps,secondary,precip_large_zwd,zwd,zwd,q850_box_mean_g_per_kg,per-timestep spatial mean,actual_vs_uniform_zwd,24,enc_s1_skip,low_near_gaussian,3.2287659645080566,3.196725606918335,3.2287659645080566,-0.03204035758972168,0.0,-0.0,-41.52252252252252,168.69000921133608,-61.52252252252252,168.69000921133608
new_zealand_alps_2020030300_secondary,new_zealand_alps,secondary,precip_large_zwd,zwd,zwd,q850_box_mean_g_per_kg,per-timestep spatial mean,actual_vs_uniform_zwd,24,enc_s1_skip,remote_control,3.2287659645080566,3.196725606918335,3.2287659645080566,-0.03204035758972168,0.0,-0.0,-41.52252252252252,168.69000921133608,-61.52252252252252,168.69000921133608
new_zealand_alps_2020030300_secondary,new_zealand_alps,secondary,precip_large_zwd,zwd,zwd,q850_box_mean_g_per_kg,per-timestep spatial mean,actual_vs_uniform_zwd,24,enc_s2_bottleneck,whole,3.2287659645080566,3.196725606918335,3.184953451156616,-0.03204035758972168,-0.04381251335144043,1.3674164911784623,-41.52252252252252,168.69000921133608,-61.52252252252252,168.69000921133608
new_zealand_alps_2020030300_secondary,new_zealand_alps,secondary,precip_large_zwd,zwd,zwd,q850_box_mean_g_per_kg,per-timestep spatial mean,actual_vs_uniform_zwd,24,enc_s2_bottleneck,target_box,3.2287659645080566,3.196725606918335,3.2258353233337402,-0.03204035758972168,-0.0029306411743164062,0.09146718060526687,-41.52252252252252,168.69000921133608,-61.52252252252252,168.69000921133608
new_zealand_alps_2020030300_secondary,new_zealand_alps,secondary,precip_large_zwd,zwd,zwd,q850_box_mean_g_per_kg,per-timestep spatial mean,actual_vs_uniform_zwd,24,enc_s2_bottleneck,mountain_near,3.2287659645080566,3.196725606918335,3.2273337841033936,-0.03204035758972168,-0.001432180404663086,0.04469926406572064,-41.52252252252252,168.69000921133608,-61.52252252252252,168.69000921133608
new_zealand_alps_2020030300_secondary,new_zealand_alps,secondary,precip_large_zwd,zwd,zwd,q850_box_mean_g_per_kg,per-timestep spatial mean,actual_vs_uniform_zwd,24,enc_s2_bottleneck,upstream,3.2287659645080566,3.196725606918335,3.2178337574005127,-0.03204035758972168,-0.010932207107543945,0.34120115785008964,-41.52252252252252,168.69000921133608,-61.52252252252252,168.69000921133608
new_zealand_alps_2020030300_secondary,new_zealand_alps,secondary,precip_large_zwd,zwd,zwd,q850_box_mean_g_per_kg,per-timestep spatial mean,actual_vs_uniform_zwd,24,enc_s2_bottleneck,hotspot_gaussian,3.2287659645080566,3.196725606918335,3.213442325592041,-0.03204035758972168,-0.015323638916015625,0.4782605460349587,-41.52252252252252,168.69000921133608,-61.52252252252252,168.69000921133608
new_zealand_alps_2020030300_secondary,new_zealand_alps,secondary,precip_large_zwd,zwd,zwd,q850_box_mean_g_per_kg,per-timestep spatial mean,actual_vs_uniform_zwd,24,enc_s2_bottleneck,low_near_gaussian,3.2287659645080566,3.196725606918335,3.227203607559204,-0.03204035758972168,-0.001562356948852539,0.0487621570538817,-41.52252252252252,168.69000921133608,-61.52252252252252,168.69000921133608
new_zealand_alps_2020030300_secondary,new_zealand_alps,secondary,precip_large_zwd,zwd,zwd,q850_box_mean_g_per_kg,per-timestep spatial mean,actual_vs_uniform_zwd,24,enc_s2_bottleneck,remote_control,3.2287659645080566,3.196725606918335,3.226050615310669,-0.03204035758972168,-0.0027153491973876953,0.08474778066330821,-41.52252252252252,168.69000921133608,-61.52252252252252,168.69000921133608
new_zealand_alps_2020030300_secondary,new_zealand_alps,secondary,precip_large_zwd,zwd,zwd,q850_box_mean_g_per_kg,per-timestep spatial mean,actual_vs_uniform_zwd,24,dec_s0_pre_skip,whole,3.2287659645080566,3.196725606918335,3.184953451156616,-0.03204035758972168,-0.04381251335144043,1.3674164911784623,-41.52252252252252,168.69000921133608,-61.52252252252252,168.69000921133608
new_zealand_alps_2020030300_secondary,new_zealand_alps,secondary,precip_large_zwd,zwd,zwd,q850_box_mean_g_per_kg,per-timestep spatial mean,actual_vs_uniform_zwd,24,dec_s0_pre_skip,target_box,3.2287659645080566,3.196725606918335,3.2258353233337402,-0.03204035758972168,-0.0029306411743164062,0.09146718060526687,-41.52252252252252,168.69000921133608,-61.52252252252252,168.69000921133608
new_zealand_alps_2020030300_secondary,new_zealand_alps,secondary,precip_large_zwd,zwd,zwd,q850_box_mean_g_per_kg,per-timestep spatial mean,actual_vs_uniform_zwd,24,dec_s0_pre_skip,mountain_near,3.2287659645080566,3.196725606918335,3.2273337841033936,-0.03204035758972168,-0.001432180404663086,0.04469926406572064,-41.52252252252252,168.69000921133608,-61.52252252252252,168.69000921133608
new_zealand_alps_2020030300_secondary,new_zealand_alps,secondary,precip_large_zwd,zwd,zwd,q850_box_mean_g_per_kg,per-timestep spatial mean,actual_vs_uniform_zwd,24,dec_s0_pre_skip,upstream,3.2287659645080566,3.196725606918335,3.2178337574005127,-0.03204035758972168,-0.010932207107543945,0.34120115785008964,-41.52252252252252,168.69000921133608,-61.52252252252252,168.69000921133608
new_zealand_alps_2020030300_secondary,new_zealand_alps,secondary,precip_large_zwd,zwd,zwd,q850_box_mean_g_per_kg,per-timestep spatial mean,actual_vs_uniform_zwd,24,dec_s0_pre_skip,hotspot_gaussian,3.2287659645080566,3.196725606918335,3.213442325592041,-0.03204035758972168,-0.015323638916015625,0.4782605460349587,-41.52252252252252,168.69000921133608,-61.52252252252252,168.69000921133608
new_zealand_alps_2020030300_secondary,new_zealand_alps,secondary,precip_large_zwd,zwd,zwd,q850_box_mean_g_per_kg,per-timestep spatial mean,actual_vs_uniform_zwd,24,dec_s0_pre_skip,low_near_gaussian,3.2287659645080566,3.196725606918335,3.227203607559204,-0.03204035758972168,-0.001562356948852539,0.0487621570538817,-41.52252252252252,168.69000921133608,-61.52252252252252,168.69000921133608
new_zealand_alps_2020030300_secondary,new_zealand_alps,secondary,precip_large_zwd,zwd,zwd,q850_box_mean_g_per_kg,per-timestep spatial mean,actual_vs_uniform_zwd,24,dec_s0_pre_skip,remote_control,3.2287659645080566,3.196725606918335,3.226050615310669,-0.03204035758972168,-0.0027153491973876953,0.08474778066330821,-41.52252252252252,168.69000921133608,-61.52252252252252,168.69000921133608
new_zealand_alps_2020030300_secondary,new_zealand_alps,secondary,precip_large_zwd,zwd,zwd,q850_box_mean_g_per_kg,per-timestep spatial mean,actual_vs_uniform_zwd,24,dec_s1_pre_skip,whole,3.2287659645080566,3.196725606918335,3.186619520187378,-0.03204035758972168,-0.04214644432067871,1.3154174138867598,-41.52252252252252,168.69000921133608,-61.52252252252252,168.69000921133608
new_zealand_alps_2020030300_secondary,new_zealand_alps,secondary,precip_large_zwd,zwd,zwd,q850_box_mean_g_per_kg,per-timestep spatial mean,actual_vs_uniform_zwd,24,dec_s1_pre_skip,target_box,3.2287659645080566,3.196725606918335,3.222463369369507,-0.03204035758972168,-0.006302595138549805,0.19670801491215667,-41.52252252252252,168.69000921133608,-61.52252252252252,168.69000921133608
new_zealand_alps_2020030300_secondary,new_zealand_alps,secondary,precip_large_zwd,zwd,zwd,q850_box_mean_g_per_kg,per-timestep spatial mean,actual_vs_uniform_zwd,24,dec_s1_pre_skip,mountain_near,3.2287659645080566,3.196725606918335,3.221066951751709,-0.03204035758972168,-0.007699012756347656,0.2402910995855254,-41.52252252252252,168.69000921133608,-61.52252252252252,168.69000921133608
new_zealand_alps_2020030300_secondary,new_zealand_alps,secondary,precip_large_zwd,zwd,zwd,q850_box_mean_g_per_kg,per-timestep spatial mean,actual_vs_uniform_zwd,24,dec_s1_pre_skip,upstream,3.2287659645080566,3.196725606918335,3.2225441932678223,-0.03204035758972168,-0.006221771240234375,0.1941854494854413,-41.52252252252252,168.69000921133608,-61.52252252252252,168.69000921133608
new_zealand_alps_2020030300_secondary,new_zealand_alps,secondary,precip_large_zwd,zwd,zwd,q850_box_mean_g_per_kg,per-timestep spatial mean,actual_vs_uniform_zwd,24,dec_s1_pre_skip,hotspot_gaussian,3.2287659645080566,3.196725606918335,3.206531047821045,-0.03204035758972168,-0.02223491668701172,0.6939659342049455,-41.52252252252252,168.69000921133608,-61.52252252252252,168.69000921133608
new_zealand_alps_2020030300_secondary,new_zealand_alps,secondary,precip_large_zwd,zwd,zwd,q850_box_mean_g_per_kg,per-timestep spatial mean,actual_vs_uniform_zwd,24,dec_s1_pre_skip,low_near_gaussian,3.2287659645080566,3.196725606918335,3.2244107723236084,-0.03204035758972168,-0.004355192184448242,0.1359283264006191,-41.52252252252252,168.69000921133608,-61.52252252252252,168.69000921133608
new_zealand_alps_2020030300_secondary,new_zealand_alps,secondary,precip_large_zwd,zwd,zwd,q850_box_mean_g_per_kg,per-timestep spatial mean,actual_vs_uniform_zwd,24,dec_s1_pre_skip,remote_control,3.2287659645080566,3.196725606918335,3.227559804916382,-0.03204035758972168,-0.0012061595916748047,0.03764501030605639,-41.52252252252252,168.69000921133608,-61.52252252252252,168.69000921133608
new_zealand_alps_2020030300_secondary,new_zealand_alps,secondary,precip_large_zwd,zwd,zwd,q850_box_mean_g_per_kg,per-timestep spatial mean,actual_vs_uniform_zwd,24,dec_s1_post_skip,whole,3.2287659645080566,3.196725606918335,3.1689164638519287,-0.03204035758972168,-0.05984950065612793,1.8679410954928677,-41.52252252252252,168.69000921133608,-61.52252252252252,168.69000921133608
new_zealand_alps_2020030300_secondary,new_zealand_alps,secondary,precip_large_zwd,zwd,zwd,q850_box_mean_g_per_kg,per-timestep spatial mean,actual_vs_uniform_zwd,24,dec_s1_post_skip,target_box,3.2287659645080566,3.196725606918335,3.210700035095215,-0.03204035758972168,-0.018065929412841797,0.5638491818405054,-41.52252252252252,168.69000921133608,-61.52252252252252,168.69000921133608
new_zealand_alps_2020030300_secondary,new_zealand_alps,secondary,precip_large_zwd,zwd,zwd,q850_box_mean_g_per_kg,per-timestep spatial mean,actual_vs_uniform_zwd,24,dec_s1_post_skip,mountain_near,3.2287659645080566,3.196725606918335,3.2152018547058105,-0.03204035758972168,-0.013564109802246094,0.42334451993124333,-41.52252252252252,168.69000921133608,-61.52252252252252,168.69000921133608
new_zealand_alps_2020030300_secondary,new_zealand_alps,secondary,precip_large_zwd,zwd,zwd,q850_box_mean_g_per_kg,per-timestep spatial mean,actual_vs_uniform_zwd,24,dec_s1_post_skip,upstream,3.2287659645080566,3.196725606918335,3.2194604873657227,-0.03204035758972168,-0.009305477142333984,0.2904298778899745,-41.52252252252252,168.69000921133608,-61.52252252252252,168.69000921133608
new_zealand_alps_2020030300_secondary,new_zealand_alps,secondary,precip_large_zwd,zwd,zwd,q850_box_mean_g_per_kg,per-timestep spatial mean,actual_vs_uniform_zwd,24,dec_s1_post_skip,hotspot_gaussian,3.2287659645080566,3.196725606918335,3.192857503890991,-0.03204035758972168,-0.03590846061706543,1.1207259630767856,-41.52252252252252,168.69000921133608,-61.52252252252252,168.69000921133608
new_zealand_alps_2020030300_secondary,new_zealand_alps,secondary,precip_large_zwd,zwd,zwd,q850_box_mean_g_per_kg,per-timestep spatial mean,actual_vs_uniform_zwd,24,dec_s1_post_skip,low_near_gaussian,3.2287659645080566,3.196725606918335,3.2241740226745605,-0.03204035758972168,-0.004591941833496094,0.14331743397798893,-41.52252252252252,168.69000921133608,-61.52252252252252,168.69000921133608
new_zealand_alps_2020030300_secondary,new_zealand_alps,secondary,precip_large_zwd,zwd,zwd,q850_box_mean_g_per_kg,per-timestep spatial mean,actual_vs_uniform_zwd,24,dec_s1_post_skip,remote_control,3.2287659645080566,3.196725606918335,3.2291362285614014,-0.03204035758972168,0.00037026405334472656,-0.011556177308817073,-41.52252252252252,168.69000921133608,-61.52252252252252,168.69000921133608
new_zealand_alps_2020030300_secondary,new_zealand_alps,secondary,precip_large_zwd,zwd,zwd,q850_box_mean_g_per_kg,per-timestep spatial mean,actual_vs_uniform_zwd,24,dec_s2_pre_concat,whole,3.2287659645080566,3.196725606918335,3.1689164638519287,-0.03204035758972168,-0.05984950065612793,1.8679410954928677,-41.52252252252252,168.69000921133608,-61.52252252252252,168.69000921133608
new_zealand_alps_2020030300_secondary,new_zealand_alps,secondary,precip_large_zwd,zwd,zwd,q850_box_mean_g_per_kg,per-timestep spatial mean,actual_vs_uniform_zwd,24,dec_s2_pre_concat,target_box,3.2287659645080566,3.196725606918335,3.210700035095215,-0.03204035758972168,-0.018065929412841797,0.5638491818405054,-41.52252252252252,168.69000921133608,-61.52252252252252,168.69000921133608
new_zealand_alps_2020030300_secondary,new_zealand_alps,secondary,precip_large_zwd,zwd,zwd,q850_box_mean_g_per_kg,per-timestep spatial mean,actual_vs_uniform_zwd,24,dec_s2_pre_concat,mountain_near,3.2287659645080566,3.196725606918335,3.2152018547058105,-0.03204035758972168,-0.013564109802246094,0.42334451993124333,-41.52252252252252,168.69000921133608,-61.52252252252252,168.69000921133608
new_zealand_alps_2020030300_secondary,new_zealand_alps,secondary,precip_large_zwd,zwd,zwd,q850_box_mean_g_per_kg,per-timestep spatial mean,actual_vs_uniform_zwd,24,dec_s2_pre_concat,upstream,3.2287659645080566,3.196725606918335,3.2194604873657227,-0.03204035758972168,-0.009305477142333984,0.2904298778899745,-41.52252252252252,168.69000921133608,-61.52252252252252,168.69000921133608
new_zealand_alps_2020030300_secondary,new_zealand_alps,secondary,precip_large_zwd,zwd,zwd,q850_box_mean_g_per_kg,per-timestep spatial mean,actual_vs_uniform_zwd,24,dec_s2_pre_concat,hotspot_gaussian,3.2287659645080566,3.196725606918335,3.192857503890991,-0.03204035758972168,-0.03590846061706543,1.1207259630767856,-41.52252252252252,168.69000921133608,-61.52252252252252,168.69000921133608
new_zealand_alps_2020030300_secondary,new_zealand_alps,secondary,precip_large_zwd,zwd,zwd,q850_box_mean_g_per_kg,per-timestep spatial mean,actual_vs_uniform_zwd,24,dec_s2_pre_concat,low_near_gaussian,3.2287659645080566,3.196725606918335,3.2241740226745605,-0.03204035758972168,-0.004591941833496094,0.14331743397798893,-41.52252252252252,168.69000921133608,-61.52252252252252,168.69000921133608
new_zealand_alps_2020030300_secondary,new_zealand_alps,secondary,precip_large_zwd,zwd,zwd,q850_box_mean_g_per_kg,per-timestep spatial mean,actual_vs_uniform_zwd,24,dec_s2_pre_concat,remote_control,3.2287659645080566,3.196725606918335,3.2291362285614014,-0.03204035758972168,0.00037026405334472656,-0.011556177308817073,-41.52252252252252,168.69000921133608,-61.52252252252252,168.69000921133608
new_zealand_alps_2020030300_secondary,new_zealand_alps,secondary,precip_large_zwd,zwd,zwd,q850_box_mean_g_per_kg,per-timestep spatial mean,actual_vs_uniform_zwd,24,dec_s2_post_concat,whole,3.2287659645080566,3.196725606918335,3.1792030334472656,-0.03204035758972168,-0.049562931060791016,1.546890696272705,-41.52252252252252,168.69000921133608,-61.52252252252252,168.69000921133608
new_zealand_alps_2020030300_secondary,new_zealand_alps,secondary,precip_large_zwd,zwd,zwd,q850_box_mean_g_per_kg,per-timestep spatial mean,actual_vs_uniform_zwd,24,dec_s2_post_concat,target_box,3.2287659645080566,3.196725606918335,3.2446157932281494,-0.03204035758972168,0.015849828720092773,-0.49468326549443026,-41.52252252252252,168.69000921133608,-61.52252252252252,168.69000921133608
new_zealand_alps_2020030300_secondary,new_zealand_alps,secondary,precip_large_zwd,zwd,zwd,q850_box_mean_g_per_kg,per-timestep spatial mean,actual_vs_uniform_zwd,24,dec_s2_post_concat,mountain_near,3.2287659645080566,3.196725606918335,3.2319867610931396,-0.03204035758972168,0.003220796585083008,-0.10052311607521561,-41.52252252252252,168.69000921133608,-61.52252252252252,168.69000921133608
new_zealand_alps_2020030300_secondary,new_zealand_alps,secondary,precip_large_zwd,zwd,zwd,q850_box_mean_g_per_kg,per-timestep spatial mean,actual_vs_uniform_zwd,24,dec_s2_post_concat,upstream,3.2287659645080566,3.196725606918335,3.242399215698242,-0.03204035758972168,0.013633251190185547,-0.4255024667564571,-41.52252252252252,168.69000921133608,-61.52252252252252,168.69000921133608
new_zealand_alps_2020030300_secondary,new_zealand_alps,secondary,precip_large_zwd,zwd,zwd,q850_box_mean_g_per_kg,per-timestep spatial mean,actual_vs_uniform_zwd,24,dec_s2_post_concat,hotspot_gaussian,3.2287659645080566,3.196725606918335,3.2074577808380127,-0.03204035758972168,-0.021308183670043945,0.6650420055511321,-41.52252252252252,168.69000921133608,-61.52252252252252,168.69000921133608
new_zealand_alps_2020030300_secondary,new_zealand_alps,secondary,precip_large_zwd,zwd,zwd,q850_box_mean_g_per_kg,per-timestep spatial mean,actual_vs_uniform_zwd,24,dec_s2_post_concat,low_near_gaussian,3.2287659645080566,3.196725606918335,3.2286126613616943,-0.03204035758972168,-0.0001533031463623047,0.004784688995215311,-41.52252252252252,168.69000921133608,-61.52252252252252,168.69000921133608
new_zealand_alps_2020030300_secondary,new_zealand_alps,secondary,precip_large_zwd,zwd,zwd,q850_box_mean_g_per_kg,per-timestep spatial mean,actual_vs_uniform_zwd,24,dec_s2_post_concat,remote_control,3.2287659645080566,3.196725606918335,3.228701114654541,-0.03204035758972168,-6.4849853515625e-05,0.0020240052981315157,-41.52252252252252,168.69000921133608,-61.52252252252252,168.69000921133608
japan_2020021612_strong,japan,strong,precip_large_zwd,zwd,zwd,q850_box_mean_g_per_kg,per-timestep spatial mean,actual_vs_uniform_zwd,6,enc_s0_skip,whole,5.860010623931885,6.06155252456665,6.117523193359375,0.20154190063476562,0.25751256942749023,1.2777123199515454,32.97747747747748,136.08497947810284,52.97747747747748,141.08497947810284
japan_2020021612_strong,japan,strong,precip_large_zwd,zwd,zwd,q850_box_mean_g_per_kg,per-timestep spatial mean,actual_vs_uniform_zwd,6,enc_s0_skip,target_box,5.860010623931885,6.06155252456665,6.035513877868652,0.20154190063476562,0.17550325393676758,0.8708028126360419,32.97747747747748,136.08497947810284,52.97747747747748,141.08497947810284
japan_2020021612_strong,japan,strong,precip_large_zwd,zwd,zwd,q850_box_mean_g_per_kg,per-timestep spatial mean,actual_vs_uniform_zwd,6,enc_s0_skip,mountain_near,5.860010623931885,6.06155252456665,5.906861782073975,0.20154190063476562,0.046851158142089844,0.2324636117578029,32.97747747747748,136.08497947810284,52.97747747747748,141.08497947810284
japan_2020021612_strong,japan,strong,precip_large_zwd,zwd,zwd,q850_box_mean_g_per_kg,per-timestep spatial mean,actual_vs_uniform_zwd,6,enc_s0_skip,upstream,5.860010623931885,6.06155252456665,5.948154449462891,0.20154190063476562,0.08814382553100586,0.43734739651354265,32.97747747747748,136.08497947810284,52.97747747747748,141.08497947810284
japan_2020021612_strong,japan,strong,precip_large_zwd,zwd,zwd,q850_box_mean_g_per_kg,per-timestep spatial mean,actual_vs_uniform_zwd,6,enc_s0_skip,hotspot_gaussian,5.860010623931885,6.06155252456665,6.075593948364258,0.20154190063476562,0.21558332443237305,1.069669997917968,32.97747747747748,136.08497947810284,52.97747747747748,141.08497947810284
japan_2020021612_strong,japan,strong,precip_large_zwd,zwd,zwd,q850_box_mean_g_per_kg,per-timestep spatial mean,actual_vs_uniform_zwd,6,enc_s0_skip,low_near_gaussian,5.860010623931885,6.06155252456665,5.863498210906982,0.20154190063476562,0.0034875869750976562,0.017304525580603032,32.97747747747748,136.08497947810284,52.97747747747748,141.08497947810284
japan_2020021612_strong,japan,strong,precip_large_zwd,zwd,zwd,q850_box_mean_g_per_kg,per-timestep spatial mean,actual_vs_uniform_zwd,6,enc_s0_skip,remote_control,5.860010623931885,6.06155252456665,5.8603363037109375,0.20154190063476562,0.0003256797790527344,0.0016159407945791457,32.97747747747748,136.08497947810284,52.97747747747748,141.08497947810284
japan_2020021612_strong,japan,strong,precip_large_zwd,zwd,zwd,q850_box_mean_g_per_kg,per-timestep spatial mean,actual_vs_uniform_zwd,6,enc_s1_skip,whole,5.860010623931885,6.06155252456665,5.860010623931885,0.20154190063476562,0.0,0.0,32.97747747747748,136.08497947810284,52.97747747747748,141.08497947810284
japan_2020021612_strong,japan,strong,precip_large_zwd,zwd,zwd,q850_box_mean_g_per_kg,per-timestep spatial mean,actual_vs_uniform_zwd,6,enc_s1_skip,target_box,5.860010623931885,6.06155252456665,5.860010623931885,0.20154190063476562,0.0,0.0,32.97747747747748,136.08497947810284,52.97747747747748,141.08497947810284
japan_2020021612_strong,japan,strong,precip_large_zwd,zwd,zwd,q850_box_mean_g_per_kg,per-timestep spatial mean,actual_vs_uniform_zwd,6,enc_s1_skip,mountain_near,5.860010623931885,6.06155252456665,5.860010623931885,0.20154190063476562,0.0,0.0,32.97747747747748,136.08497947810284,52.97747747747748,141.08497947810284
japan_2020021612_strong,japan,strong,precip_large_zwd,zwd,zwd,q850_box_mean_g_per_kg,per-timestep spatial mean,actual_vs_uniform_zwd,6,enc_s1_skip,upstream,5.860010623931885,6.06155252456665,5.860010623931885,0.20154190063476562,0.0,0.0,32.97747747747748,136.08497947810284,52.97747747747748,141.08497947810284
japan_2020021612_strong,japan,strong,precip_large_zwd,zwd,zwd,q850_box_mean_g_per_kg,per-timestep spatial mean,actual_vs_uniform_zwd,6,enc_s1_skip,hotspot_gaussian,5.860010623931885,6.06155252456665,5.860010623931885,0.20154190063476562,0.0,0.0,32.97747747747748,136.08497947810284,52.97747747747748,141.08497947810284
japan_2020021612_strong,japan,strong,precip_large_zwd,zwd,zwd,q850_box_mean_g_per_kg,per-timestep spatial mean,actual_vs_uniform_zwd,6,enc_s1_skip,low_near_gaussian,5.860010623931885,6.06155252456665,5.860010623931885,0.20154190063476562,0.0,0.0,32.97747747747748,136.08497947810284,52.97747747747748,141.08497947810284
japan_2020021612_strong,japan,strong,precip_large_zwd,zwd,zwd,q850_box_mean_g_per_kg,per-timestep spatial mean,actual_vs_uniform_zwd,6,enc_s1_skip,remote_control,5.860010623931885,6.06155252456665,5.860010623931885,0.20154190063476562,0.0,0.0,32.97747747747748,136.08497947810284,52.97747747747748,141.08497947810284
japan_2020021612_strong,japan,strong,precip_large_zwd,zwd,zwd,q850_box_mean_g_per_kg,per-timestep spatial mean,actual_vs_uniform_zwd,6,enc_s2_bottleneck,whole,5.860010623931885,6.06155252456665,5.803591251373291,0.20154190063476562,-0.05641937255859375,-0.2799386746919539,32.97747747747748,136.08497947810284,52.97747747747748,141.08497947810284
japan_2020021612_strong,japan,strong,precip_large_zwd,zwd,zwd,q850_box_mean_g_per_kg,per-timestep spatial mean,actual_vs_uniform_zwd,6,enc_s2_bottleneck,target_box,5.860010623931885,6.06155252456665,5.842654705047607,0.20154190063476562,-0.017355918884277344,-0.08611568527246229,32.97747747747748,136.08497947810284,52.97747747747748,141.08497947810284
japan_2020021612_strong,japan,strong,precip_large_zwd,zwd,zwd,q850_box_mean_g_per_kg,per-timestep spatial mean,actual_vs_uniform_zwd,6,enc_s2_bottleneck,mountain_near,5.860010623931885,6.06155252456665,5.850837707519531,0.20154190063476562,-0.009172916412353516,-0.04551369409270721,32.97747747747748,136.08497947810284,52.97747747747748,141.08497947810284
japan_2020021612_strong,japan,strong,precip_large_zwd,zwd,zwd,q850_box_mean_g_per_kg,per-timestep spatial mean,actual_vs_uniform_zwd,6,enc_s2_bottleneck,upstream,5.860010623931885,6.06155252456665,5.87114143371582,0.20154190063476562,0.011130809783935547,0.055228266424393845,32.97747747747748,136.08497947810284,52.97747747747748,141.08497947810284
japan_2020021612_strong,japan,strong,precip_large_zwd,zwd,zwd,q850_box_mean_g_per_kg,per-timestep spatial mean,actual_vs_uniform_zwd,6,enc_s2_bottleneck,hotspot_gaussian,5.860010623931885,6.06155252456665,5.828066349029541,0.20154190063476562,-0.03194427490234375,-0.15849942270929154,32.97747747747748,136.08497947810284,52.97747747747748,141.08497947810284
japan_2020021612_strong,japan,strong,precip_large_zwd,zwd,zwd,q850_box_mean_g_per_kg,per-timestep spatial mean,actual_vs_uniform_zwd,6,enc_s2_bottleneck,low_near_gaussian,5.860010623931885,6.06155252456665,5.861155033111572,0.20154190063476562,0.0011444091796875,0.0056782692635284765,32.97747747747748,136.08497947810284,52.97747747747748,141.08497947810284
japan_2020021612_strong,japan,strong,precip_large_zwd,zwd,zwd,q850_box_mean_g_per_kg,per-timestep spatial mean,actual_vs_uniform_zwd,6,enc_s2_bottleneck,remote_control,5.860010623931885,6.06155252456665,5.855798244476318,0.20154190063476562,-0.004212379455566406,-0.020900762780837735,32.97747747747748,136.08497947810284,52.97747747747748,141.08497947810284
japan_2020021612_strong,japan,strong,precip_large_zwd,zwd,zwd,q850_box_mean_g_per_kg,per-timestep spatial mean,actual_vs_uniform_zwd,6,dec_s0_pre_skip,whole,5.860010623931885,6.06155252456665,5.803591251373291,0.20154190063476562,-0.05641937255859375,-0.2799386746919539,32.97747747747748,136.08497947810284,52.97747747747748,141.08497947810284
japan_2020021612_strong,japan,strong,precip_large_zwd,zwd,zwd,q850_box_mean_g_per_kg,per-timestep spatial mean,actual_vs_uniform_zwd,6,dec_s0_pre_skip,target_box,5.860010623931885,6.06155252456665,5.842654705047607,0.20154190063476562,-0.017355918884277344,-0.08611568527246229,32.97747747747748,136.08497947810284,52.97747747747748,141.08497947810284
japan_2020021612_strong,japan,strong,precip_large_zwd,zwd,zwd,q850_box_mean_g_per_kg,per-timestep spatial mean,actual_vs_uniform_zwd,6,dec_s0_pre_skip,mountain_near,5.860010623931885,6.06155252456665,5.850837707519531,0.20154190063476562,-0.009172916412353516,-0.04551369409270721,32.97747747747748,136.08497947810284,52.97747747747748,141.08497947810284
japan_2020021612_strong,japan,strong,precip_large_zwd,zwd,zwd,q850_box_mean_g_per_kg,per-timestep spatial mean,actual_vs_uniform_zwd,6,dec_s0_pre_skip,upstream,5.860010623931885,6.06155252456665,5.87114143371582,0.20154190063476562,0.011130809783935547,0.055228266424393845,32.97747747747748,136.08497947810284,52.97747747747748,141.08497947810284
japan_2020021612_strong,japan,strong,precip_large_zwd,zwd,zwd,q850_box_mean_g_per_kg,per-timestep spatial mean,actual_vs_uniform_zwd,6,dec_s0_pre_skip,hotspot_gaussian,5.860010623931885,6.06155252456665,5.828066349029541,0.20154190063476562,-0.03194427490234375,-0.15849942270929154,32.97747747747748,136.08497947810284,52.97747747747748,141.08497947810284
japan_2020021612_strong,japan,strong,precip_large_zwd,zwd,zwd,q850_box_mean_g_per_kg,per-timestep spatial mean,actual_vs_uniform_zwd,6,dec_s0_pre_skip,low_near_gaussian,5.860010623931885,6.06155252456665,5.861155033111572,0.20154190063476562,0.0011444091796875,0.0056782692635284765,32.97747747747748,136.08497947810284,52.97747747747748,141.08497947810284
japan_2020021612_strong,japan,strong,precip_large_zwd,zwd,zwd,q850_box_mean_g_per_kg,per-timestep spatial mean,actual_vs_uniform_zwd,6,dec_s0_pre_skip,remote_control,5.860010623931885,6.06155252456665,5.855798244476318,0.20154190063476562,-0.004212379455566406,-0.020900762780837735,32.97747747747748,136.08497947810284,52.97747747747748,141.08497947810284
japan_2020021612_strong,japan,strong,precip_large_zwd,zwd,zwd,q850_box_mean_g_per_kg,per-timestep spatial mean,actual_vs_uniform_zwd,6,dec_s1_pre_skip,whole,5.860010623931885,6.06155252456665,5.803892612457275,0.20154190063476562,-0.056118011474609375,-0.2784433971192247,32.97747747747748,136.08497947810284,52.97747747747748,141.08497947810284
japan_2020021612_strong,japan,strong,precip_large_zwd,zwd,zwd,q850_box_mean_g_per_kg,per-timestep spatial mean,actual_vs_uniform_zwd,6,dec_s1_pre_skip,target_box,5.860010623931885,6.06155252456665,5.83823299407959,0.20154190063476562,-0.021777629852294922,-0.10805509813942044,32.97747747747748,136.08497947810284,52.97747747747748,141.08497947810284
japan_2020021612_strong,japan,strong,precip_large_zwd,zwd,zwd,q850_box_mean_g_per_kg,per-timestep spatial mean,actual_vs_uniform_zwd,6,dec_s1_pre_skip,mountain_near,5.860010623931885,6.06155252456665,5.851292133331299,0.20154190063476562,-0.008718490600585938,-0.04325894800598111,32.97747747747748,136.08497947810284,52.97747747747748,141.08497947810284
japan_2020021612_strong,japan,strong,precip_large_zwd,zwd,zwd,q850_box_mean_g_per_kg,per-timestep spatial mean,actual_vs_uniform_zwd,6,dec_s1_pre_skip,upstream,5.860010623931885,6.06155252456665,5.852687835693359,0.20154190063476562,-0.007322788238525391,-0.03633382545000284,32.97747747747748,136.08497947810284,52.97747747747748,141.08497947810284
japan_2020021612_strong,japan,strong,precip_large_zwd,zwd,zwd,q850_box_mean_g_per_kg,per-timestep spatial mean,actual_vs_uniform_zwd,6,dec_s1_pre_skip,hotspot_gaussian,5.860010623931885,6.06155252456665,5.8122334480285645,0.20154190063476562,-0.04777717590332031,-0.237058277970208,32.97747747747748,136.08497947810284,52.97747747747748,141.08497947810284
japan_2020021612_strong,japan,strong,precip_large_zwd,zwd,zwd,q850_box_mean_g_per_kg,per-timestep spatial mean,actual_vs_uniform_zwd,6,dec_s1_pre_skip,low_near_gaussian,5.860010623931885,6.06155252456665,5.857602596282959,0.20154190063476562,-0.0024080276489257812,-0.011948024908674503,32.97747747747748,136.08497947810284,52.97747747747748,141.08497947810284
japan_2020021612_strong,japan,strong,precip_large_zwd,zwd,zwd,q850_box_mean_g_per_kg,per-timestep spatial mean,actual_vs_uniform_zwd,6,dec_s1_pre_skip,remote_control,5.860010623931885,6.06155252456665,5.858982086181641,0.20154190063476562,-0.0010285377502441406,-0.005103344500596218,32.97747747747748,136.08497947810284,52.97747747747748,141.08497947810284
japan_2020021612_strong,japan,strong,precip_large_zwd,zwd,zwd,q850_box_mean_g_per_kg,per-timestep spatial mean,actual_vs_uniform_zwd,6,dec_s1_post_skip,whole,5.860010623931885,6.06155252456665,5.9590744972229,0.20154190063476562,0.09906387329101562,0.4915299150152367,32.97747747747748,136.08497947810284,52.97747747747748,141.08497947810284
japan_2020021612_strong,japan,strong,precip_large_zwd,zwd,zwd,q850_box_mean_g_per_kg,per-timestep spatial mean,actual_vs_uniform_zwd,6,dec_s1_post_skip,target_box,5.860010623931885,6.06155252456665,5.9223313331604,0.20154190063476562,0.062320709228515625,0.3092196165275491,32.97747747747748,136.08497947810284,52.97747747747748,141.08497947810284
japan_2020021612_strong,japan,strong,precip_large_zwd,zwd,zwd,q850_box_mean_g_per_kg,per-timestep spatial mean,actual_vs_uniform_zwd,6,dec_s1_post_skip,mountain_near,5.860010623931885,6.06155252456665,5.872214317321777,0.20154190063476562,0.012203693389892578,0.060551643858951794,32.97747747747748,136.08497947810284,52.97747747747748,141.08497947810284
japan_2020021612_strong,japan,strong,precip_large_zwd,zwd,zwd,q850_box_mean_g_per_kg,per-timestep spatial mean,actual_vs_uniform_zwd,6,dec_s1_post_skip,upstream,5.860010623931885,6.06155252456665,5.899848937988281,0.20154190063476562,0.039838314056396484,0.19766765090000568,32.97747747747748,136.08497947810284,52.97747747747748,141.08497947810284
japan_2020021612_strong,japan,strong,precip_large_zwd,zwd,zwd,q850_box_mean_g_per_kg,per-timestep spatial mean,actual_vs_uniform_zwd,6,dec_s1_post_skip,hotspot_gaussian,5.860010623931885,6.06155252456665,5.944619655609131,0.20154190063476562,0.0846090316772461,0.4198086423258191,32.97747747747748,136.08497947810284,52.97747747747748,141.08497947810284
japan_2020021612_strong,japan,strong,precip_large_zwd,zwd,zwd,q850_box_mean_g_per_kg,per-timestep spatial mean,actual_vs_uniform_zwd,6,dec_s1_post_skip,low_near_gaussian,5.860010623931885,6.06155252456665,5.861826419830322,0.20154190063476562,0.0018157958984375,0.009009520564798515,32.97747747747748,136.08497947810284,52.97747747747748,141.08497947810284
japan_2020021612_strong,japan,strong,precip_large_zwd,zwd,zwd,q850_box_mean_g_per_kg,per-timestep spatial mean,actual_vs_uniform_zwd,6,dec_s1_post_skip,remote_control,5.860010623931885,6.06155252456665,5.860564231872559,0.20154190063476562,0.0005536079406738281,0.0027468627562319005,32.97747747747748,136.08497947810284,52.97747747747748,141.08497947810284
japan_2020021612_strong,japan,strong,precip_large_zwd,zwd,zwd,q850_box_mean_g_per_kg,per-timestep spatial mean,actual_vs_uniform_zwd,6,dec_s2_pre_concat,whole,5.860010623931885,6.06155252456665,5.9590744972229,0.20154190063476562,0.09906387329101562,0.4915299150152367,32.97747747747748,136.08497947810284,52.97747747747748,141.08497947810284
japan_2020021612_strong,japan,strong,precip_large_zwd,zwd,zwd,q850_box_mean_g_per_kg,per-timestep spatial mean,actual_vs_uniform_zwd,6,dec_s2_pre_concat,target_box,5.860010623931885,6.06155252456665,5.9223313331604,0.20154190063476562,0.062320709228515625,0.3092196165275491,32.97747747747748,136.08497947810284,52.97747747747748,141.08497947810284
japan_2020021612_strong,japan,strong,precip_large_zwd,zwd,zwd,q850_box_mean_g_per_kg,per-timestep spatial mean,actual_vs_uniform_zwd,6,dec_s2_pre_concat,mountain_near,5.860010623931885,6.06155252456665,5.872214317321777,0.20154190063476562,0.012203693389892578,0.060551643858951794,32.97747747747748,136.08497947810284,52.97747747747748,141.08497947810284
japan_2020021612_strong,japan,strong,precip_large_zwd,zwd,zwd,q850_box_mean_g_per_kg,per-timestep spatial mean,actual_vs_uniform_zwd,6,dec_s2_pre_concat,upstream,5.860010623931885,6.06155252456665,5.899848937988281,0.20154190063476562,0.039838314056396484,0.19766765090000568,32.97747747747748,136.08497947810284,52.97747747747748,141.08497947810284
japan_2020021612_strong,japan,strong,precip_large_zwd,zwd,zwd,q850_box_mean_g_per_kg,per-timestep spatial mean,actual_vs_uniform_zwd,6,dec_s2_pre_concat,hotspot_gaussian,5.860010623931885,6.06155252456665,5.944619655609131,0.20154190063476562,0.0846090316772461,0.4198086423258191,32.97747747747748,136.08497947810284,52.97747747747748,141.08497947810284
japan_2020021612_strong,japan,strong,precip_large_zwd,zwd,zwd,q850_box_mean_g_per_kg,per-timestep spatial mean,actual_vs_uniform_zwd,6,dec_s2_pre_concat,low_near_gaussian,5.860010623931885,6.06155252456665,5.861826419830322,0.20154190063476562,0.0018157958984375,0.009009520564798515,32.97747747747748,136.08497947810284,52.97747747747748,141.08497947810284
japan_2020021612_strong,japan,strong,precip_large_zwd,zwd,zwd,q850_box_mean_g_per_kg,per-timestep spatial mean,actual_vs_uniform_zwd,6,dec_s2_pre_concat,remote_control,5.860010623931885,6.06155252456665,5.860564231872559,0.20154190063476562,0.0005536079406738281,0.0027468627562319005,32.97747747747748,136.08497947810284,52.97747747747748,141.08497947810284
japan_2020021612_strong,japan,strong,precip_large_zwd,zwd,zwd,q850_box_mean_g_per_kg,per-timestep spatial mean,actual_vs_uniform_zwd,6,dec_s2_post_concat,whole,5.860010623931885,6.06155252456665,6.0615458488464355,0.20154190063476562,0.20153522491455078,0.9999668767626294,32.97747747747748,136.08497947810284,52.97747747747748,141.08497947810284
japan_2020021612_strong,japan,strong,precip_large_zwd,zwd,zwd,q850_box_mean_g_per_kg,per-timestep spatial mean,actual_vs_uniform_zwd,6,dec_s2_post_concat,target_box,5.860010623931885,6.06155252456665,6.021385669708252,0.20154190063476562,0.1613750457763672,0.8007022126322564,32.97747747747748,136.08497947810284,52.97747747747748,141.08497947810284
japan_2020021612_strong,japan,strong,precip_large_zwd,zwd,zwd,q850_box_mean_g_per_kg,per-timestep spatial mean,actual_vs_uniform_zwd,6,dec_s2_post_concat,mountain_near,5.860010623931885,6.06155252456665,5.89971399307251,0.20154190063476562,0.039703369140625,0.19699808831601462,32.97747747747748,136.08497947810284,52.97747747747748,141.08497947810284
japan_2020021612_strong,japan,strong,precip_large_zwd,zwd,zwd,q850_box_mean_g_per_kg,per-timestep spatial mean,actual_vs_uniform_zwd,6,dec_s2_post_concat,upstream,5.860010623931885,6.06155252456665,5.915825843811035,0.20154190063476562,0.05581521987915039,0.27694102170991614,32.97747747747748,136.08497947810284,52.97747747747748,141.08497947810284
japan_2020021612_strong,japan,strong,precip_large_zwd,zwd,zwd,q850_box_mean_g_per_kg,per-timestep spatial mean,actual_vs_uniform_zwd,6,dec_s2_post_concat,hotspot_gaussian,5.860010623931885,6.06155252456665,6.027975559234619,0.20154190063476562,0.16796493530273438,0.8333995798080746,32.97747747747748,136.08497947810284,52.97747747747748,141.08497947810284
japan_2020021612_strong,japan,strong,precip_large_zwd,zwd,zwd,q850_box_mean_g_per_kg,per-timestep spatial mean,actual_vs_uniform_zwd,6,dec_s2_post_concat,low_near_gaussian,5.860010623931885,6.06155252456665,5.862712383270264,0.20154190063476562,0.0027017593383789062,0.013405447352980144,32.97747747747748,136.08497947810284,52.97747747747748,141.08497947810284
japan_2020021612_strong,japan,strong,precip_large_zwd,zwd,zwd,q850_box_mean_g_per_kg,per-timestep spatial mean,actual_vs_uniform_zwd,6,dec_s2_post_concat,remote_control,5.860010623931885,6.06155252456665,5.8599958419799805,0.20154190063476562,-1.4781951904296875e-05,-7.334431132057615e-05,32.97747747747748,136.08497947810284,52.97747747747748,141.08497947810284
japan_2020021612_strong,japan,strong,precip_large_zwd,zwd,zwd,q850_box_mean_g_per_kg,per-timestep spatial mean,actual_vs_uniform_zwd,12,enc_s0_skip,whole,3.28092098236084,3.3734776973724365,3.553079843521118,0.09255671501159668,0.2721588611602783,2.9404550618091707,32.97747747747748,136.08497947810284,52.97747747747748,141.08497947810284
japan_2020021612_strong,japan,strong,precip_large_zwd,zwd,zwd,q850_box_mean_g_per_kg,per-timestep spatial mean,actual_vs_uniform_zwd,12,enc_s0_skip,target_box,3.28092098236084,3.3734776973724365,3.3470869064331055,0.09255671501159668,0.06616592407226562,0.7148689758919763,32.97747747747748,136.08497947810284,52.97747747747748,141.08497947810284
japan_2020021612_strong,japan,strong,precip_large_zwd,zwd,zwd,q850_box_mean_g_per_kg,per-timestep spatial mean,actual_vs_uniform_zwd,12,enc_s0_skip,mountain_near,3.28092098236084,3.3734776973724365,3.3072116374969482,0.09255671501159668,0.0262906551361084,0.2840491382263769,32.97747747747748,136.08497947810284,52.97747747747748,141.08497947810284
japan_2020021612_strong,japan,strong,precip_large_zwd,zwd,zwd,q850_box_mean_g_per_kg,per-timestep spatial mean,actual_vs_uniform_zwd,12,enc_s0_skip,upstream,3.28092098236084,3.3734776973724365,3.496502161026001,0.09255671501159668,0.21558117866516113,2.329179235003645,32.97747747747748,136.08497947810284,52.97747747747748,141.08497947810284
japan_2020021612_strong,japan,strong,precip_large_zwd,zwd,zwd,q850_box_mean_g_per_kg,per-timestep spatial mean,actual_vs_uniform_zwd,12,enc_s0_skip,hotspot_gaussian,3.28092098236084,3.3734776973724365,3.5067336559295654,0.09255671501159668,0.22581267356872559,2.4397222129202936,32.97747747747748,136.08497947810284,52.97747747747748,141.08497947810284
japan_2020021612_strong,japan,strong,precip_large_zwd,zwd,zwd,q850_box_mean_g_per_kg,per-timestep spatial mean,actual_vs_uniform_zwd,12,enc_s0_skip,low_near_gaussian,3.28092098236084,3.3734776973724365,3.2841222286224365,0.09255671501159668,0.0032012462615966797,0.03458686126874303,32.97747747747748,136.08497947810284,52.97747747747748,141.08497947810284
japan_2020021612_strong,japan,strong,precip_large_zwd,zwd,zwd,q850_box_mean_g_per_kg,per-timestep spatial mean,actual_vs_uniform_zwd,12,enc_s0_skip,remote_control,3.28092098236084,3.3734776973724365,3.2795090675354004,0.09255671501159668,-0.0014119148254394531,-0.015254590931220393,32.97747747747748,136.08497947810284,52.97747747747748,141.08497947810284
japan_2020021612_strong,japan,strong,precip_large_zwd,zwd,zwd,q850_box_mean_g_per_kg,per-timestep spatial mean,actual_vs_uniform_zwd,12,enc_s1_skip,whole,3.28092098236084,3.3734776973724365,3.28092098236084,0.09255671501159668,0.0,0.0,32.97747747747748,136.08497947810284,52.97747747747748,141.08497947810284
japan_2020021612_strong,japan,strong,precip_large_zwd,zwd,zwd,q850_box_mean_g_per_kg,per-timestep spatial mean,actual_vs_uniform_zwd,12,enc_s1_skip,target_box,3.28092098236084,3.3734776973724365,3.28092098236084,0.09255671501159668,0.0,0.0,32.97747747747748,136.08497947810284,52.97747747747748,141.08497947810284
japan_2020021612_strong,japan,strong,precip_large_zwd,zwd,zwd,q850_box_mean_g_per_kg,per-timestep spatial mean,actual_vs_uniform_zwd,12,enc_s1_skip,mountain_near,3.28092098236084,3.3734776973724365,3.28092098236084,0.09255671501159668,0.0,0.0,32.97747747747748,136.08497947810284,52.97747747747748,141.08497947810284
japan_2020021612_strong,japan,strong,precip_large_zwd,zwd,zwd,q850_box_mean_g_per_kg,per-timestep spatial mean,actual_vs_uniform_zwd,12,enc_s1_skip,upstream,3.28092098236084,3.3734776973724365,3.28092098236084,0.09255671501159668,0.0,0.0,32.97747747747748,136.08497947810284,52.97747747747748,141.08497947810284
japan_2020021612_strong,japan,strong,precip_large_zwd,zwd,zwd,q850_box_mean_g_per_kg,per-timestep spatial mean,actual_vs_uniform_zwd,12,enc_s1_skip,hotspot_gaussian,3.28092098236084,3.3734776973724365,3.28092098236084,0.09255671501159668,0.0,0.0,32.97747747747748,136.08497947810284,52.97747747747748,141.08497947810284
japan_2020021612_strong,japan,strong,precip_large_zwd,zwd,zwd,q850_box_mean_g_per_kg,per-timestep spatial mean,actual_vs_uniform_zwd,12,enc_s1_skip,low_near_gaussian,3.28092098236084,3.3734776973724365,3.28092098236084,0.09255671501159668,0.0,0.0,32.97747747747748,136.08497947810284,52.97747747747748,141.08497947810284
japan_2020021612_strong,japan,strong,precip_large_zwd,zwd,zwd,q850_box_mean_g_per_kg,per-timestep spatial mean,actual_vs_uniform_zwd,12,enc_s1_skip,remote_control,3.28092098236084,3.3734776973724365,3.28092098236084,0.09255671501159668,0.0,0.0,32.97747747747748,136.08497947810284,52.97747747747748,141.08497947810284
japan_2020021612_strong,japan,strong,precip_large_zwd,zwd,zwd,q850_box_mean_g_per_kg,per-timestep spatial mean,actual_vs_uniform_zwd,12,enc_s2_bottleneck,whole,3.28092098236084,3.3734776973724365,3.1374146938323975,0.09255671501159668,-0.14350628852844238,-1.550468688419442,32.97747747747748,136.08497947810284,52.97747747747748,141.08497947810284
japan_2020021612_strong,japan,strong,precip_large_zwd,zwd,zwd,q850_box_mean_g_per_kg,per-timestep spatial mean,actual_vs_uniform_zwd,12,enc_s2_bottleneck,target_box,3.28092098236084,3.3734776973724365,3.269167184829712,0.09255671501159668,-0.01175379753112793,-0.12699021923644616,32.97747747747748,136.08497947810284,52.97747747747748,141.08497947810284
japan_2020021612_strong,japan,strong,precip_large_zwd,zwd,zwd,q850_box_mean_g_per_kg,per-timestep spatial mean,actual_vs_uniform_zwd,12,enc_s2_bottleneck,mountain_near,3.28092098236084,3.3734776973724365,3.2731590270996094,0.09255671501159668,-0.007761955261230469,-0.08386161134022478,32.97747747747748,136.08497947810284,52.97747747747748,141.08497947810284
japan_2020021612_strong,japan,strong,precip_large_zwd,zwd,zwd,q850_box_mean_g_per_kg,per-timestep spatial mean,actual_vs_uniform_zwd,12,enc_s2_bottleneck,upstream,3.28092098236084,3.3734776973724365,3.172424077987671,0.09255671501159668,-0.10849690437316895,-1.1722207768455815,32.97747747747748,136.08497947810284,52.97747747747748,141.08497947810284
japan_2020021612_strong,japan,strong,precip_large_zwd,zwd,zwd,q850_box_mean_g_per_kg,per-timestep spatial mean,actual_vs_uniform_zwd,12,enc_s2_bottleneck,hotspot_gaussian,3.28092098236084,3.3734776973724365,3.1598641872406006,0.09255671501159668,-0.12105679512023926,-1.3079201774292846,32.97747747747748,136.08497947810284,52.97747747747748,141.08497947810284
japan_2020021612_strong,japan,strong,precip_large_zwd,zwd,zwd,q850_box_mean_g_per_kg,per-timestep spatial mean,actual_vs_uniform_zwd,12,enc_s2_bottleneck,low_near_gaussian,3.28092098236084,3.3734776973724365,3.2817084789276123,0.09255671501159668,0.0007874965667724609,0.008508259683522621,32.97747747747748,136.08497947810284,52.97747747747748,141.08497947810284
japan_2020021612_strong,japan,strong,precip_large_zwd,zwd,zwd,q850_box_mean_g_per_kg,per-timestep spatial mean,actual_vs_uniform_zwd,12,enc_s2_bottleneck,remote_control,3.28092098236084,3.3734776973724365,3.277240753173828,0.09255671501159668,-0.0036802291870117188,-0.03976188206928706,32.97747747747748,136.08497947810284,52.97747747747748,141.08497947810284
japan_2020021612_strong,japan,strong,precip_large_zwd,zwd,zwd,q850_box_mean_g_per_kg,per-timestep spatial mean,actual_vs_uniform_zwd,12,dec_s0_pre_skip,whole,3.28092098236084,3.3734776973724365,3.1374146938323975,0.09255671501159668,-0.14350628852844238,-1.550468688419442,32.97747747747748,136.08497947810284,52.97747747747748,141.08497947810284
japan_2020021612_strong,japan,strong,precip_large_zwd,zwd,zwd,q850_box_mean_g_per_kg,per-timestep spatial mean,actual_vs_uniform_zwd,12,dec_s0_pre_skip,target_box,3.28092098236084,3.3734776973724365,3.269167184829712,0.09255671501159668,-0.01175379753112793,-0.12699021923644616,32.97747747747748,136.08497947810284,52.97747747747748,141.08497947810284
japan_2020021612_strong,japan,strong,precip_large_zwd,zwd,zwd,q850_box_mean_g_per_kg,per-timestep spatial mean,actual_vs_uniform_zwd,12,dec_s0_pre_skip,mountain_near,3.28092098236084,3.3734776973724365,3.2731590270996094,0.09255671501159668,-0.007761955261230469,-0.08386161134022478,32.97747747747748,136.08497947810284,52.97747747747748,141.08497947810284
japan_2020021612_strong,japan,strong,precip_large_zwd,zwd,zwd,q850_box_mean_g_per_kg,per-timestep spatial mean,actual_vs_uniform_zwd,12,dec_s0_pre_skip,upstream,3.28092098236084,3.3734776973724365,3.172424077987671,0.09255671501159668,-0.10849690437316895,-1.1722207768455815,32.97747747747748,136.08497947810284,52.97747747747748,141.08497947810284
japan_2020021612_strong,japan,strong,precip_large_zwd,zwd,zwd,q850_box_mean_g_per_kg,per-timestep spatial mean,actual_vs_uniform_zwd,12,dec_s0_pre_skip,hotspot_gaussian,3.28092098236084,3.3734776973724365,3.1598641872406006,0.09255671501159668,-0.12105679512023926,-1.3079201774292846,32.97747747747748,136.08497947810284,52.97747747747748,141.08497947810284
japan_2020021612_strong,japan,strong,precip_large_zwd,zwd,zwd,q850_box_mean_g_per_kg,per-timestep spatial mean,actual_vs_uniform_zwd,12,dec_s0_pre_skip,low_near_gaussian,3.28092098236084,3.3734776973724365,3.2817084789276123,0.09255671501159668,0.0007874965667724609,0.008508259683522621,32.97747747747748,136.08497947810284,52.97747747747748,141.08497947810284
japan_2020021612_strong,japan,strong,precip_large_zwd,zwd,zwd,q850_box_mean_g_per_kg,per-timestep spatial mean,actual_vs_uniform_zwd,12,dec_s0_pre_skip,remote_control,3.28092098236084,3.3734776973724365,3.277240753173828,0.09255671501159668,-0.0036802291870117188,-0.03976188206928706,32.97747747747748,136.08497947810284,52.97747747747748,141.08497947810284
japan_2020021612_strong,japan,strong,precip_large_zwd,zwd,zwd,q850_box_mean_g_per_kg,per-timestep spatial mean,actual_vs_uniform_zwd,12,dec_s1_pre_skip,whole,3.28092098236084,3.3734776973724365,3.1359407901763916,0.09255671501159668,-0.14498019218444824,-1.5663930182297772,32.97747747747748,136.08497947810284,52.97747747747748,141.08497947810284
japan_2020021612_strong,japan,strong,precip_large_zwd,zwd,zwd,q850_box_mean_g_per_kg,per-timestep spatial mean,actual_vs_uniform_zwd,12,dec_s1_pre_skip,target_box,3.28092098236084,3.3734776973724365,3.2671430110931396,0.09255671501159668,-0.013777971267700195,-0.1488597695583072,32.97747747747748,136.08497947810284,52.97747747747748,141.08497947810284
japan_2020021612_strong,japan,strong,precip_large_zwd,zwd,zwd,q850_box_mean_g_per_kg,per-timestep spatial mean,actual_vs_uniform_zwd,12,dec_s1_pre_skip,mountain_near,3.28092098236084,3.3734776973724365,3.275242805480957,0.09255671501159668,-0.0056781768798828125,-0.06134808132690728,32.97747747747748,136.08497947810284,52.97747747747748,141.08497947810284
japan_2020021612_strong,japan,strong,precip_large_zwd,zwd,zwd,q850_box_mean_g_per_kg,per-timestep spatial mean,actual_vs_uniform_zwd,12,dec_s1_pre_skip,upstream,3.28092098236084,3.3734776973724365,3.1454105377197266,0.09255671501159668,-0.13551044464111328,-1.4640801007699422,32.97747747747748,136.08497947810284,52.97747747747748,141.08497947810284
japan_2020021612_strong,japan,strong,precip_large_zwd,zwd,zwd,q850_box_mean_g_per_kg,per-timestep spatial mean,actual_vs_uniform_zwd,12,dec_s1_pre_skip,hotspot_gaussian,3.28092098236084,3.3734776973724365,3.148529529571533,0.09255671501159668,-0.13239145278930664,-1.430381931475409,32.97747747747748,136.08497947810284,52.97747747747748,141.08497947810284
japan_2020021612_strong,japan,strong,precip_large_zwd,zwd,zwd,q850_box_mean_g_per_kg,per-timestep spatial mean,actual_vs_uniform_zwd,12,dec_s1_pre_skip,low_near_gaussian,3.28092098236084,3.3734776973724365,3.2795462608337402,0.09255671501159668,-0.0013747215270996094,-0.014852747603751567,32.97747747747748,136.08497947810284,52.97747747747748,141.08497947810284
japan_2020021612_strong,japan,strong,precip_large_zwd,zwd,zwd,q850_box_mean_g_per_kg,per-timestep spatial mean,actual_vs_uniform_zwd,12,dec_s1_pre_skip,remote_control,3.28092098236084,3.3734776973724365,3.280386447906494,0.09255671501159668,-0.0005345344543457031,-0.005775209872981446,32.97747747747748,136.08497947810284,52.97747747747748,141.08497947810284
japan_2020021612_strong,japan,strong,precip_large_zwd,zwd,zwd,q850_box_mean_g_per_kg,per-timestep spatial mean,actual_vs_uniform_zwd,12,dec_s1_post_skip,whole,3.28092098236084,3.3734776973724365,3.1706552505493164,0.09255671501159668,-0.11026573181152344,-1.191331518169243,32.97747747747748,136.08497947810284,52.97747747747748,141.08497947810284
japan_2020021612_strong,japan,strong,precip_large_zwd,zwd,zwd,q850_box_mean_g_per_kg,per-timestep spatial mean,actual_vs_uniform_zwd,12,dec_s1_post_skip,target_box,3.28092098236084,3.3734776973724365,3.272765636444092,0.09255671501159668,-0.008155345916748047,-0.08811187730383735,32.97747747747748,136.08497947810284,52.97747747747748,141.08497947810284
japan_2020021612_strong,japan,strong,precip_large_zwd,zwd,zwd,q850_box_mean_g_per_kg,per-timestep spatial mean,actual_vs_uniform_zwd,12,dec_s1_post_skip,mountain_near,3.28092098236084,3.3734776973724365,3.2762527465820312,0.09255671501159668,-0.004668235778808594,-0.05043648943486918,32.97747747747748,136.08497947810284,52.97747747747748,141.08497947810284
japan_2020021612_strong,japan,strong,precip_large_zwd,zwd,zwd,q850_box_mean_g_per_kg,per-timestep spatial mean,actual_vs_uniform_zwd,12,dec_s1_post_skip,upstream,3.28092098236084,3.3734776973724365,3.1681430339813232,0.09255671501159668,-0.1127779483795166,-1.2184739742047495,32.97747747747748,136.08497947810284,52.97747747747748,141.08497947810284
japan_2020021612_strong,japan,strong,precip_large_zwd,zwd,zwd,q850_box_mean_g_per_kg,per-timestep spatial mean,actual_vs_uniform_zwd,12,dec_s1_post_skip,hotspot_gaussian,3.28092098236084,3.3734776973724365,3.166304349899292,0.09255671501159668,-0.11461663246154785,-1.238339459726798,32.97747747747748,136.08497947810284,52.97747747747748,141.08497947810284
japan_2020021612_strong,japan,strong,precip_large_zwd,zwd,zwd,q850_box_mean_g_per_kg,per-timestep spatial mean,actual_vs_uniform_zwd,12,dec_s1_post_skip,low_near_gaussian,3.28092098236084,3.3734776973724365,3.280137777328491,0.09255671501159668,-0.0007832050323486328,-0.008461893145737757,32.97747747747748,136.08497947810284,52.97747747747748,141.08497947810284
japan_2020021612_strong,japan,strong,precip_large_zwd,zwd,zwd,q850_box_mean_g_per_kg,per-timestep spatial mean,actual_vs_uniform_zwd,12,dec_s1_post_skip,remote_control,3.28092098236084,3.3734776973724365,3.2792718410491943,0.09255671501159668,-0.0016491413116455078,-0.017817630103217064,32.97747747747748,136.08497947810284,52.97747747747748,141.08497947810284
japan_2020021612_strong,japan,strong,precip_large_zwd,zwd,zwd,q850_box_mean_g_per_kg,per-timestep spatial mean,actual_vs_uniform_zwd,12,dec_s2_pre_concat,whole,3.28092098236084,3.3734776973724365,3.1706552505493164,0.09255671501159668,-0.11026573181152344,-1.191331518169243,32.97747747747748,136.08497947810284,52.97747747747748,141.08497947810284
japan_2020021612_strong,japan,strong,precip_large_zwd,zwd,zwd,q850_box_mean_g_per_kg,per-timestep spatial mean,actual_vs_uniform_zwd,12,dec_s2_pre_concat,target_box,3.28092098236084,3.3734776973724365,3.272765636444092,0.09255671501159668,-0.008155345916748047,-0.08811187730383735,32.97747747747748,136.08497947810284,52.97747747747748,141.08497947810284
japan_2020021612_strong,japan,strong,precip_large_zwd,zwd,zwd,q850_box_mean_g_per_kg,per-timestep spatial mean,actual_vs_uniform_zwd,12,dec_s2_pre_concat,mountain_near,3.28092098236084,3.3734776973724365,3.2762527465820312,0.09255671501159668,-0.004668235778808594,-0.05043648943486918,32.97747747747748,136.08497947810284,52.97747747747748,141.08497947810284
japan_2020021612_strong,japan,strong,precip_large_zwd,zwd,zwd,q850_box_mean_g_per_kg,per-timestep spatial mean,actual_vs_uniform_zwd,12,dec_s2_pre_concat,upstream,3.28092098236084,3.3734776973724365,3.1681430339813232,0.09255671501159668,-0.1127779483795166,-1.2184739742047495,32.97747747747748,136.08497947810284,52.97747747747748,141.08497947810284
japan_2020021612_strong,japan,strong,precip_large_zwd,zwd,zwd,q850_box_mean_g_per_kg,per-timestep spatial mean,actual_vs_uniform_zwd,12,dec_s2_pre_concat,hotspot_gaussian,3.28092098236084,3.3734776973724365,3.166304349899292,0.09255671501159668,-0.11461663246154785,-1.238339459726798,32.97747747747748,136.08497947810284,52.97747747747748,141.08497947810284
japan_2020021612_strong,japan,strong,precip_large_zwd,zwd,zwd,q850_box_mean_g_per_kg,per-timestep spatial mean,actual_vs_uniform_zwd,12,dec_s2_pre_concat,low_near_gaussian,3.28092098236084,3.3734776973724365,3.280137777328491,0.09255671501159668,-0.0007832050323486328,-0.008461893145737757,32.97747747747748,136.08497947810284,52.97747747747748,141.08497947810284
japan_2020021612_strong,japan,strong,precip_large_zwd,zwd,zwd,q850_box_mean_g_per_kg,per-timestep spatial mean,actual_vs_uniform_zwd,12,dec_s2_pre_concat,remote_control,3.28092098236084,3.3734776973724365,3.2792718410491943,0.09255671501159668,-0.0016491413116455078,-0.017817630103217064,32.97747747747748,136.08497947810284,52.97747747747748,141.08497947810284
japan_2020021612_strong,japan,strong,precip_large_zwd,zwd,zwd,q850_box_mean_g_per_kg,per-timestep spatial mean,actual_vs_uniform_zwd,12,dec_s2_post_concat,whole,3.28092098236084,3.3734776973724365,3.4052672386169434,0.09255671501159668,0.12434625625610352,1.3434601286413832,32.97747747747748,136.08497947810284,52.97747747747748,141.08497947810284
japan_2020021612_strong,japan,strong,precip_large_zwd,zwd,zwd,q850_box_mean_g_per_kg,per-timestep spatial mean,actual_vs_uniform_zwd,12,dec_s2_post_concat,target_box,3.28092098236084,3.3734776973724365,3.329972505569458,0.09255671501159668,0.049051523208618164,0.5299617991247028,32.97747747747748,136.08497947810284,52.97747747747748,141.08497947810284
japan_2020021612_strong,japan,strong,precip_large_zwd,zwd,zwd,q850_box_mean_g_per_kg,per-timestep spatial mean,actual_vs_uniform_zwd,12,dec_s2_post_concat,mountain_near,3.28092098236084,3.3734776973724365,3.300424814224243,0.09255671501159668,0.01950383186340332,0.21072303463837963,32.97747747747748,136.08497947810284,52.97747747747748,141.08497947810284
japan_2020021612_strong,japan,strong,precip_large_zwd,zwd,zwd,q850_box_mean_g_per_kg,per-timestep spatial mean,actual_vs_uniform_zwd,12,dec_s2_post_concat,upstream,3.28092098236084,3.3734776973724365,3.3671655654907227,0.09255671501159668,0.08624458312988281,0.9318025506747619,32.97747747747748,136.08497947810284,52.97747747747748,141.08497947810284
japan_2020021612_strong,japan,strong,precip_large_zwd,zwd,zwd,q850_box_mean_g_per_kg,per-timestep spatial mean,actual_vs_uniform_zwd,12,dec_s2_post_concat,hotspot_gaussian,3.28092098236084,3.3734776973724365,3.366299867630005,0.09255671501159668,0.08537888526916504,0.9224493896360484,32.97747747747748,136.08497947810284,52.97747747747748,141.08497947810284
japan_2020021612_strong,japan,strong,precip_large_zwd,zwd,zwd,q850_box_mean_g_per_kg,per-timestep spatial mean,actual_vs_uniform_zwd,12,dec_s2_post_concat,low_near_gaussian,3.28092098236084,3.3734776973724365,3.2825169563293457,0.09255671501159668,0.0015959739685058594,0.01724320021843791,32.97747747747748,136.08497947810284,52.97747747747748,141.08497947810284
japan_2020021612_strong,japan,strong,precip_large_zwd,zwd,zwd,q850_box_mean_g_per_kg,per-timestep spatial mean,actual_vs_uniform_zwd,12,dec_s2_post_concat,remote_control,3.28092098236084,3.3734776973724365,3.283156156539917,0.09255671501159668,0.0022351741790771484,0.024149238429616884,32.97747747747748,136.08497947810284,52.97747747747748,141.08497947810284
japan_2020021612_strong,japan,strong,precip_large_zwd,zwd,zwd,q850_box_mean_g_per_kg,per-timestep spatial mean,actual_vs_uniform_zwd,24,enc_s0_skip,whole,2.11845064163208,2.1508257389068604,2.1489710807800293,0.03237509727478027,0.03052043914794922,0.9427134346164326,32.97747747747748,136.08497947810284,52.97747747747748,141.08497947810284
japan_2020021612_strong,japan,strong,precip_large_zwd,zwd,zwd,q850_box_mean_g_per_kg,per-timestep spatial mean,actual_vs_uniform_zwd,24,enc_s0_skip,target_box,2.11845064163208,2.1508257389068604,2.130389928817749,0.03237509727478027,0.011939287185668945,0.3687799633259936,32.97747747747748,136.08497947810284,52.97747747747748,141.08497947810284
japan_2020021612_strong,japan,strong,precip_large_zwd,zwd,zwd,q850_box_mean_g_per_kg,per-timestep spatial mean,actual_vs_uniform_zwd,24,enc_s0_skip,mountain_near,2.11845064163208,2.1508257389068604,2.1256582736968994,0.03237509727478027,0.007207632064819336,0.22262889293104846,32.97747747747748,136.08497947810284,52.97747747747748,141.08497947810284
japan_2020021612_strong,japan,strong,precip_large_zwd,zwd,zwd,q850_box_mean_g_per_kg,per-timestep spatial mean,actual_vs_uniform_zwd,24,enc_s0_skip,upstream,2.11845064163208,2.1508257389068604,2.1248931884765625,0.03237509727478027,0.006442546844482422,0.19899698801835172,32.97747747747748,136.08497947810284,52.97747747747748,141.08497947810284
japan_2020021612_strong,japan,strong,precip_large_zwd,zwd,zwd,q850_box_mean_g_per_kg,per-timestep spatial mean,actual_vs_uniform_zwd,24,enc_s0_skip,hotspot_gaussian,2.11845064163208,2.1508257389068604,2.120708465576172,0.03237509727478027,0.002257823944091797,0.06973952618362042,32.97747747747748,136.08497947810284,52.97747747747748,141.08497947810284
japan_2020021612_strong,japan,strong,precip_large_zwd,zwd,zwd,q850_box_mean_g_per_kg,per-timestep spatial mean,actual_vs_uniform_zwd,24,enc_s0_skip,low_near_gaussian,2.11845064163208,2.1508257389068604,2.119141101837158,0.03237509727478027,0.000690460205078125,0.02132689206206597,32.97747747747748,136.08497947810284,52.97747747747748,141.08497947810284
japan_2020021612_strong,japan,strong,precip_large_zwd,zwd,zwd,q850_box_mean_g_per_kg,per-timestep spatial mean,actual_vs_uniform_zwd,24,enc_s0_skip,remote_control,2.11845064163208,2.1508257389068604,2.117645740509033,0.03237509727478027,-0.000804901123046875,-0.0248617360502537,32.97747747747748,136.08497947810284,52.97747747747748,141.08497947810284
japan_2020021612_strong,japan,strong,precip_large_zwd,zwd,zwd,q850_box_mean_g_per_kg,per-timestep spatial mean,actual_vs_uniform_zwd,24,enc_s1_skip,whole,2.11845064163208,2.1508257389068604,2.11845064163208,0.03237509727478027,0.0,0.0,32.97747747747748,136.08497947810284,52.97747747747748,141.08497947810284
japan_2020021612_strong,japan,strong,precip_large_zwd,zwd,zwd,q850_box_mean_g_per_kg,per-timestep spatial mean,actual_vs_uniform_zwd,24,enc_s1_skip,target_box,2.11845064163208,2.1508257389068604,2.11845064163208,0.03237509727478027,0.0,0.0,32.97747747747748,136.08497947810284,52.97747747747748,141.08497947810284
japan_2020021612_strong,japan,strong,precip_large_zwd,zwd,zwd,q850_box_mean_g_per_kg,per-timestep spatial mean,actual_vs_uniform_zwd,24,enc_s1_skip,mountain_near,2.11845064163208,2.1508257389068604,2.11845064163208,0.03237509727478027,0.0,0.0,32.97747747747748,136.08497947810284,52.97747747747748,141.08497947810284
japan_2020021612_strong,japan,strong,precip_large_zwd,zwd,zwd,q850_box_mean_g_per_kg,per-timestep spatial mean,actual_vs_uniform_zwd,24,enc_s1_skip,upstream,2.11845064163208,2.1508257389068604,2.11845064163208,0.03237509727478027,0.0,0.0,32.97747747747748,136.08497947810284,52.97747747747748,141.08497947810284
japan_2020021612_strong,japan,strong,precip_large_zwd,zwd,zwd,q850_box_mean_g_per_kg,per-timestep spatial mean,actual_vs_uniform_zwd,24,enc_s1_skip,hotspot_gaussian,2.11845064163208,2.1508257389068604,2.11845064163208,0.03237509727478027,0.0,0.0,32.97747747747748,136.08497947810284,52.97747747747748,141.08497947810284
japan_2020021612_strong,japan,strong,precip_large_zwd,zwd,zwd,q850_box_mean_g_per_kg,per-timestep spatial mean,actual_vs_uniform_zwd,24,enc_s1_skip,low_near_gaussian,2.11845064163208,2.1508257389068604,2.11845064163208,0.03237509727478027,0.0,0.0,32.97747747747748,136.08497947810284,52.97747747747748,141.08497947810284
japan_2020021612_strong,japan,strong,precip_large_zwd,zwd,zwd,q850_box_mean_g_per_kg,per-timestep spatial mean,actual_vs_uniform_zwd,24,enc_s1_skip,remote_control,2.11845064163208,2.1508257389068604,2.11845064163208,0.03237509727478027,0.0,0.0,32.97747747747748,136.08497947810284,52.97747747747748,141.08497947810284
japan_2020021612_strong,japan,strong,precip_large_zwd,zwd,zwd,q850_box_mean_g_per_kg,per-timestep spatial mean,actual_vs_uniform_zwd,24,enc_s2_bottleneck,whole,2.11845064163208,2.1508257389068604,2.0974621772766113,0.03237509727478027,-0.02098846435546875,-0.6482903874336297,32.97747747747748,136.08497947810284,52.97747747747748,141.08497947810284
japan_2020021612_strong,japan,strong,precip_large_zwd,zwd,zwd,q850_box_mean_g_per_kg,per-timestep spatial mean,actual_vs_uniform_zwd,24,enc_s2_bottleneck,target_box,2.11845064163208,2.1508257389068604,2.1158061027526855,0.03237509727478027,-0.0026445388793945312,-0.08168435316037145,32.97747747747748,136.08497947810284,52.97747747747748,141.08497947810284
japan_2020021612_strong,japan,strong,precip_large_zwd,zwd,zwd,q850_box_mean_g_per_kg,per-timestep spatial mean,actual_vs_uniform_zwd,24,enc_s2_bottleneck,mountain_near,2.11845064163208,2.1508257389068604,2.117122173309326,0.03237509727478027,-0.0013284683227539062,-0.04103364729621256,32.97747747747748,136.08497947810284,52.97747747747748,141.08497947810284
japan_2020021612_strong,japan,strong,precip_large_zwd,zwd,zwd,q850_box_mean_g_per_kg,per-timestep spatial mean,actual_vs_uniform_zwd,24,enc_s2_bottleneck,upstream,2.11845064163208,2.1508257389068604,2.0994174480438232,0.03237509727478027,-0.019033193588256836,-0.5878961050437805,32.97747747747748,136.08497947810284,52.97747747747748,141.08497947810284
japan_2020021612_strong,japan,strong,precip_large_zwd,zwd,zwd,q850_box_mean_g_per_kg,per-timestep spatial mean,actual_vs_uniform_zwd,24,enc_s2_bottleneck,hotspot_gaussian,2.11845064163208,2.1508257389068604,2.10465669631958,0.03237509727478027,-0.0137939453125,-0.426066528709561,32.97747747747748,136.08497947810284,52.97747747747748,141.08497947810284
japan_2020021612_strong,japan,strong,precip_large_zwd,zwd,zwd,q850_box_mean_g_per_kg,per-timestep spatial mean,actual_vs_uniform_zwd,24,enc_s2_bottleneck,low_near_gaussian,2.11845064163208,2.1508257389068604,2.117382526397705,0.03237509727478027,-0.001068115234375,-0.032991877223085476,32.97747747747748,136.08497947810284,52.97747747747748,141.08497947810284
japan_2020021612_strong,japan,strong,precip_large_zwd,zwd,zwd,q850_box_mean_g_per_kg,per-timestep spatial mean,actual_vs_uniform_zwd,24,enc_s2_bottleneck,remote_control,2.11845064163208,2.1508257389068604,2.11579966545105,0.03237509727478027,-0.0026509761810302734,-0.08188318813470702,32.97747747747748,136.08497947810284,52.97747747747748,141.08497947810284
japan_2020021612_strong,japan,strong,precip_large_zwd,zwd,zwd,q850_box_mean_g_per_kg,per-timestep spatial mean,actual_vs_uniform_zwd,24,dec_s0_pre_skip,whole,2.11845064163208,2.1508257389068604,2.0974621772766113,0.03237509727478027,-0.02098846435546875,-0.6482903874336297,32.97747747747748,136.08497947810284,52.97747747747748,141.08497947810284
japan_2020021612_strong,japan,strong,precip_large_zwd,zwd,zwd,q850_box_mean_g_per_kg,per-timestep spatial mean,actual_vs_uniform_zwd,24,dec_s0_pre_skip,target_box,2.11845064163208,2.1508257389068604,2.1158061027526855,0.03237509727478027,-0.0026445388793945312,-0.08168435316037145,32.97747747747748,136.08497947810284,52.97747747747748,141.08497947810284
japan_2020021612_strong,japan,strong,precip_large_zwd,zwd,zwd,q850_box_mean_g_per_kg,per-timestep spatial mean,actual_vs_uniform_zwd,24,dec_s0_pre_skip,mountain_near,2.11845064163208,2.1508257389068604,2.117122173309326,0.03237509727478027,-0.0013284683227539062,-0.04103364729621256,32.97747747747748,136.08497947810284,52.97747747747748,141.08497947810284
japan_2020021612_strong,japan,strong,precip_large_zwd,zwd,zwd,q850_box_mean_g_per_kg,per-timestep spatial mean,actual_vs_uniform_zwd,24,dec_s0_pre_skip,upstream,2.11845064163208,2.1508257389068604,2.0994174480438232,0.03237509727478027,-0.019033193588256836,-0.5878961050437805,32.97747747747748,136.08497947810284,52.97747747747748,141.08497947810284
japan_2020021612_strong,japan,strong,precip_large_zwd,zwd,zwd,q850_box_mean_g_per_kg,per-timestep spatial mean,actual_vs_uniform_zwd,24,dec_s0_pre_skip,hotspot_gaussian,2.11845064163208,2.1508257389068604,2.10465669631958,0.03237509727478027,-0.0137939453125,-0.426066528709561,32.97747747747748,136.08497947810284,52.97747747747748,141.08497947810284
japan_2020021612_strong,japan,strong,precip_large_zwd,zwd,zwd,q850_box_mean_g_per_kg,per-timestep spatial mean,actual_vs_uniform_zwd,24,dec_s0_pre_skip,low_near_gaussian,2.11845064163208,2.1508257389068604,2.117382526397705,0.03237509727478027,-0.001068115234375,-0.032991877223085476,32.97747747747748,136.08497947810284,52.97747747747748,141.08497947810284
japan_2020021612_strong,japan,strong,precip_large_zwd,zwd,zwd,q850_box_mean_g_per_kg,per-timestep spatial mean,actual_vs_uniform_zwd,24,dec_s0_pre_skip,remote_control,2.11845064163208,2.1508257389068604,2.11579966545105,0.03237509727478027,-0.0026509761810302734,-0.08188318813470702,32.97747747747748,136.08497947810284,52.97747747747748,141.08497947810284
japan_2020021612_strong,japan,strong,precip_large_zwd,zwd,zwd,q850_box_mean_g_per_kg,per-timestep spatial mean,actual_vs_uniform_zwd,24,dec_s1_pre_skip,whole,2.11845064163208,2.1508257389068604,2.0963525772094727,0.03237509727478027,-0.022098064422607422,-0.6825636456024331,32.97747747747748,136.08497947810284,52.97747747747748,141.08497947810284
japan_2020021612_strong,japan,strong,precip_large_zwd,zwd,zwd,q850_box_mean_g_per_kg,per-timestep spatial mean,actual_vs_uniform_zwd,24,dec_s1_pre_skip,target_box,2.11845064163208,2.1508257389068604,2.117927312850952,0.03237509727478027,-0.0005233287811279297,-0.016164546987650137,32.97747747747748,136.08497947810284,52.97747747747748,141.08497947810284
japan_2020021612_strong,japan,strong,precip_large_zwd,zwd,zwd,q850_box_mean_g_per_kg,per-timestep spatial mean,actual_vs_uniform_zwd,24,dec_s1_pre_skip,mountain_near,2.11845064163208,2.1508257389068604,2.1168742179870605,0.03237509727478027,-0.0015764236450195312,-0.04869247593728598,32.97747747747748,136.08497947810284,52.97747747747748,141.08497947810284
japan_2020021612_strong,japan,strong,precip_large_zwd,zwd,zwd,q850_box_mean_g_per_kg,per-timestep spatial mean,actual_vs_uniform_zwd,24,dec_s1_pre_skip,upstream,2.11845064163208,2.1508257389068604,2.1004204750061035,0.03237509727478027,-0.018030166625976562,-0.5569146703389768,32.97747747747748,136.08497947810284,52.97747747747748,141.08497947810284
japan_2020021612_strong,japan,strong,precip_large_zwd,zwd,zwd,q850_box_mean_g_per_kg,per-timestep spatial mean,actual_vs_uniform_zwd,24,dec_s1_pre_skip,hotspot_gaussian,2.11845064163208,2.1508257389068604,2.104365348815918,0.03237509727478027,-0.01408529281616211,-0.4350656523628223,32.97747747747748,136.08497947810284,52.97747747747748,141.08497947810284
japan_2020021612_strong,japan,strong,precip_large_zwd,zwd,zwd,q850_box_mean_g_per_kg,per-timestep spatial mean,actual_vs_uniform_zwd,24,dec_s1_pre_skip,low_near_gaussian,2.11845064163208,2.1508257389068604,2.1194255352020264,0.03237509727478027,0.0009748935699462891,0.030112452224374222,32.97747747747748,136.08497947810284,52.97747747747748,141.08497947810284
japan_2020021612_strong,japan,strong,precip_large_zwd,zwd,zwd,q850_box_mean_g_per_kg,per-timestep spatial mean,actual_vs_uniform_zwd,24,dec_s1_pre_skip,remote_control,2.11845064163208,2.1508257389068604,2.119539260864258,0.03237509727478027,0.0010886192321777344,0.03362520343763578,32.97747747747748,136.08497947810284,52.97747747747748,141.08497947810284
japan_2020021612_strong,japan,strong,precip_large_zwd,zwd,zwd,q850_box_mean_g_per_kg,per-timestep spatial mean,actual_vs_uniform_zwd,24,dec_s1_post_skip,whole,2.11845064163208,2.1508257389068604,2.0997633934020996,0.03237509727478027,-0.01868724822998047,-0.5772105662378214,32.97747747747748,136.08497947810284,52.97747747747748,141.08497947810284
japan_2020021612_strong,japan,strong,precip_large_zwd,zwd,zwd,q850_box_mean_g_per_kg,per-timestep spatial mean,actual_vs_uniform_zwd,24,dec_s1_post_skip,target_box,2.11845064163208,2.1508257389068604,2.1180624961853027,0.03237509727478027,-0.00038814544677734375,-0.011989012526603383,32.97747747747748,136.08497947810284,52.97747747747748,141.08497947810284
japan_2020021612_strong,japan,strong,precip_large_zwd,zwd,zwd,q850_box_mean_g_per_kg,per-timestep spatial mean,actual_vs_uniform_zwd,24,dec_s1_post_skip,mountain_near,2.11845064163208,2.1508257389068604,2.1176531314849854,0.03237509727478027,-0.0007975101470947266,-0.02463344404268324,32.97747747747748,136.08497947810284,52.97747747747748,141.08497947810284
japan_2020021612_strong,japan,strong,precip_large_zwd,zwd,zwd,q850_box_mean_g_per_kg,per-timestep spatial mean,actual_vs_uniform_zwd,24,dec_s1_post_skip,upstream,2.11845064163208,2.1508257389068604,2.1027486324310303,0.03237509727478027,-0.015702009201049805,-0.4850026879542827,32.97747747747748,136.08497947810284,52.97747747747748,141.08497947810284
japan_2020021612_strong,japan,strong,precip_large_zwd,zwd,zwd,q850_box_mean_g_per_kg,per-timestep spatial mean,actual_vs_uniform_zwd,24,dec_s1_post_skip,hotspot_gaussian,2.11845064163208,2.1508257389068604,2.096323013305664,0.03237509727478027,-0.022127628326416016,-0.683476813632715,32.97747747747748,136.08497947810284,52.97747747747748,141.08497947810284
japan_2020021612_strong,japan,strong,precip_large_zwd,zwd,zwd,q850_box_mean_g_per_kg,per-timestep spatial mean,actual_vs_uniform_zwd,24,dec_s1_post_skip,low_near_gaussian,2.11845064163208,2.1508257389068604,2.1169843673706055,0.03237509727478027,-0.0014662742614746094,-0.04529018859865529,32.97747747747748,136.08497947810284,52.97747747747748,141.08497947810284
japan_2020021612_strong,japan,strong,precip_large_zwd,zwd,zwd,q850_box_mean_g_per_kg,per-timestep spatial mean,actual_vs_uniform_zwd,24,dec_s1_post_skip,remote_control,2.11845064163208,2.1508257389068604,2.116173267364502,0.03237509727478027,-0.002277374267578125,-0.07034339536493582,32.97747747747748,136.08497947810284,52.97747747747748,141.08497947810284
japan_2020021612_strong,japan,strong,precip_large_zwd,zwd,zwd,q850_box_mean_g_per_kg,per-timestep spatial mean,actual_vs_uniform_zwd,24,dec_s2_pre_concat,whole,2.11845064163208,2.1508257389068604,2.0997633934020996,0.03237509727478027,-0.01868724822998047,-0.5772105662378214,32.97747747747748,136.08497947810284,52.97747747747748,141.08497947810284
japan_2020021612_strong,japan,strong,precip_large_zwd,zwd,zwd,q850_box_mean_g_per_kg,per-timestep spatial mean,actual_vs_uniform_zwd,24,dec_s2_pre_concat,target_box,2.11845064163208,2.1508257389068604,2.1180624961853027,0.03237509727478027,-0.00038814544677734375,-0.011989012526603383,32.97747747747748,136.08497947810284,52.97747747747748,141.08497947810284
japan_2020021612_strong,japan,strong,precip_large_zwd,zwd,zwd,q850_box_mean_g_per_kg,per-timestep spatial mean,actual_vs_uniform_zwd,24,dec_s2_pre_concat,mountain_near,2.11845064163208,2.1508257389068604,2.1176531314849854,0.03237509727478027,-0.0007975101470947266,-0.02463344404268324,32.97747747747748,136.08497947810284,52.97747747747748,141.08497947810284
japan_2020021612_strong,japan,strong,precip_large_zwd,zwd,zwd,q850_box_mean_g_per_kg,per-timestep spatial mean,actual_vs_uniform_zwd,24,dec_s2_pre_concat,upstream,2.11845064163208,2.1508257389068604,2.1027486324310303,0.03237509727478027,-0.015702009201049805,-0.4850026879542827,32.97747747747748,136.08497947810284,52.97747747747748,141.08497947810284
japan_2020021612_strong,japan,strong,precip_large_zwd,zwd,zwd,q850_box_mean_g_per_kg,per-timestep spatial mean,actual_vs_uniform_zwd,24,dec_s2_pre_concat,hotspot_gaussian,2.11845064163208,2.1508257389068604,2.096323013305664,0.03237509727478027,-0.022127628326416016,-0.683476813632715,32.97747747747748,136.08497947810284,52.97747747747748,141.08497947810284
japan_2020021612_strong,japan,strong,precip_large_zwd,zwd,zwd,q850_box_mean_g_per_kg,per-timestep spatial mean,actual_vs_uniform_zwd,24,dec_s2_pre_concat,low_near_gaussian,2.11845064163208,2.1508257389068604,2.1169843673706055,0.03237509727478027,-0.0014662742614746094,-0.04529018859865529,32.97747747747748,136.08497947810284,52.97747747747748,141.08497947810284
japan_2020021612_strong,japan,strong,precip_large_zwd,zwd,zwd,q850_box_mean_g_per_kg,per-timestep spatial mean,actual_vs_uniform_zwd,24,dec_s2_pre_concat,remote_control,2.11845064163208,2.1508257389068604,2.116173267364502,0.03237509727478027,-0.002277374267578125,-0.07034339536493582,32.97747747747748,136.08497947810284,52.97747747747748,141.08497947810284
japan_2020021612_strong,japan,strong,precip_large_zwd,zwd,zwd,q850_box_mean_g_per_kg,per-timestep spatial mean,actual_vs_uniform_zwd,24,dec_s2_post_concat,whole,2.11845064163208,2.1508257389068604,2.1285834312438965,0.03237509727478027,0.010132789611816406,0.31298097812078857,32.97747747747748,136.08497947810284,52.97747747747748,141.08497947810284
japan_2020021612_strong,japan,strong,precip_large_zwd,zwd,zwd,q850_box_mean_g_per_kg,per-timestep spatial mean,actual_vs_uniform_zwd,24,dec_s2_post_concat,target_box,2.11845064163208,2.1508257389068604,2.1299667358398438,0.03237509727478027,0.011516094207763672,0.35570840482800775,32.97747747747748,136.08497947810284,52.97747747747748,141.08497947810284
japan_2020021612_strong,japan,strong,precip_large_zwd,zwd,zwd,q850_box_mean_g_per_kg,per-timestep spatial mean,actual_vs_uniform_zwd,24,dec_s2_post_concat,mountain_near,2.11845064163208,2.1508257389068604,2.124742031097412,0.03237509727478027,0.006291389465332031,0.19432804825062044,32.97747747747748,136.08497947810284,52.97747747747748,141.08497947810284
japan_2020021612_strong,japan,strong,precip_large_zwd,zwd,zwd,q850_box_mean_g_per_kg,per-timestep spatial mean,actual_vs_uniform_zwd,24,dec_s2_post_concat,upstream,2.11845064163208,2.1508257389068604,2.1129472255706787,0.03237509727478027,-0.005503416061401367,-0.16998917454028617,32.97747747747748,136.08497947810284,52.97747747747748,141.08497947810284
japan_2020021612_strong,japan,strong,precip_large_zwd,zwd,zwd,q850_box_mean_g_per_kg,per-timestep spatial mean,actual_vs_uniform_zwd,24,dec_s2_post_concat,hotspot_gaussian,2.11845064163208,2.1508257389068604,2.1079585552215576,0.03237509727478027,-0.010492086410522461,-0.3240789153920363,32.97747747747748,136.08497947810284,52.97747747747748,141.08497947810284
japan_2020021612_strong,japan,strong,precip_large_zwd,zwd,zwd,q850_box_mean_g_per_kg,per-timestep spatial mean,actual_vs_uniform_zwd,24,dec_s2_post_concat,low_near_gaussian,2.11845064163208,2.1508257389068604,2.1206228733062744,0.03237509727478027,0.002172231674194336,0.06709575745078834,32.97747747747748,136.08497947810284,52.97747747747748,141.08497947810284
japan_2020021612_strong,japan,strong,precip_large_zwd,zwd,zwd,q850_box_mean_g_per_kg,per-timestep spatial mean,actual_vs_uniform_zwd,24,dec_s2_post_concat,remote_control,2.11845064163208,2.1508257389068604,2.1168038845062256,0.03237509727478027,-0.0016467571258544922,-0.050864932138359686,32.97747747747748,136.08497947810284,52.97747747747748,141.08497947810284
