case_id,target,role,model_key,variable,input_name,target_metric,baseline,contrast,lead_h,patch_site,patch_region,score_base,score_source,score_patched,delta_source_minus_base,delta_patched_minus_base,recovery,hotspot_lat,hotspot_lon,low_near_lat,low_near_lon
himalayas_2020021612_strong,himalayas,strong,precip_large_zwd,q,q,q850_box_mean_g_per_kg,per-timestep/per-level spatial mean,actual_vs_uniform_q,6,enc_s0_skip,whole,3.1888465881347656,4.593423843383789,3.2782351970672607,1.4045772552490234,0.08938860893249512,0.06364093437968069,30.72747747747748,84.4321042943339,45.72747747747748,84.4321042943339
himalayas_2020021612_strong,himalayas,strong,precip_large_zwd,q,q,q850_box_mean_g_per_kg,per-timestep/per-level spatial mean,actual_vs_uniform_q,6,enc_s0_skip,target_box,3.1888465881347656,4.593423843383789,3.351593494415283,1.4045772552490234,0.16274690628051758,0.11586896033829303,30.72747747747748,84.4321042943339,45.72747747747748,84.4321042943339
himalayas_2020021612_strong,himalayas,strong,precip_large_zwd,q,q,q850_box_mean_g_per_kg,per-timestep/per-level spatial mean,actual_vs_uniform_q,6,enc_s0_skip,mountain_near,3.1888465881347656,4.593423843383789,2.9490461349487305,1.4045772552490234,-0.23980045318603516,-0.17072784874586333,30.72747747747748,84.4321042943339,45.72747747747748,84.4321042943339
himalayas_2020021612_strong,himalayas,strong,precip_large_zwd,q,q,q850_box_mean_g_per_kg,per-timestep/per-level spatial mean,actual_vs_uniform_q,6,enc_s0_skip,upstream,3.1888465881347656,4.593423843383789,3.526939630508423,1.4045772552490234,0.3380930423736572,0.2407080430144907,30.72747747747748,84.4321042943339,45.72747747747748,84.4321042943339
himalayas_2020021612_strong,himalayas,strong,precip_large_zwd,q,q,q850_box_mean_g_per_kg,per-timestep/per-level spatial mean,actual_vs_uniform_q,6,enc_s0_skip,hotspot_gaussian,3.1888465881347656,4.593423843383789,3.229344129562378,1.4045772552490234,0.040497541427612305,0.028832548210694416,30.72747747747748,84.4321042943339,45.72747747747748,84.4321042943339
himalayas_2020021612_strong,himalayas,strong,precip_large_zwd,q,q,q850_box_mean_g_per_kg,per-timestep/per-level spatial mean,actual_vs_uniform_q,6,enc_s0_skip,low_near_gaussian,3.1888465881347656,4.593423843383789,3.184222459793091,1.4045772552490234,-0.004624128341674805,-0.0032921851214620258,30.72747747747748,84.4321042943339,45.72747747747748,84.4321042943339
himalayas_2020021612_strong,himalayas,strong,precip_large_zwd,q,q,q850_box_mean_g_per_kg,per-timestep/per-level spatial mean,actual_vs_uniform_q,6,enc_s0_skip,remote_control,3.1888465881347656,4.593423843383789,3.1886584758758545,1.4045772552490234,-0.0001881122589111328,-0.00013392802582281712,30.72747747747748,84.4321042943339,45.72747747747748,84.4321042943339
himalayas_2020021612_strong,himalayas,strong,precip_large_zwd,q,q,q850_box_mean_g_per_kg,per-timestep/per-level spatial mean,actual_vs_uniform_q,6,enc_s1_skip,whole,3.1888465881347656,4.593423843383789,3.1888465881347656,1.4045772552490234,0.0,0.0,30.72747747747748,84.4321042943339,45.72747747747748,84.4321042943339
himalayas_2020021612_strong,himalayas,strong,precip_large_zwd,q,q,q850_box_mean_g_per_kg,per-timestep/per-level spatial mean,actual_vs_uniform_q,6,enc_s1_skip,target_box,3.1888465881347656,4.593423843383789,3.1888465881347656,1.4045772552490234,0.0,0.0,30.72747747747748,84.4321042943339,45.72747747747748,84.4321042943339
himalayas_2020021612_strong,himalayas,strong,precip_large_zwd,q,q,q850_box_mean_g_per_kg,per-timestep/per-level spatial mean,actual_vs_uniform_q,6,enc_s1_skip,mountain_near,3.1888465881347656,4.593423843383789,3.1888465881347656,1.4045772552490234,0.0,0.0,30.72747747747748,84.4321042943339,45.72747747747748,84.4321042943339
himalayas_2020021612_strong,himalayas,strong,precip_large_zwd,q,q,q850_box_mean_g_per_kg,per-timestep/per-level spatial mean,actual_vs_uniform_q,6,enc_s1_skip,upstream,3.1888465881347656,4.593423843383789,3.1888465881347656,1.4045772552490234,0.0,0.0,30.72747747747748,84.4321042943339,45.72747747747748,84.4321042943339
himalayas_2020021612_strong,himalayas,strong,precip_large_zwd,q,q,q850_box_mean_g_per_kg,per-timestep/per-level spatial mean,actual_vs_uniform_q,6,enc_s1_skip,hotspot_gaussian,3.1888465881347656,4.593423843383789,3.1888465881347656,1.4045772552490234,0.0,0.0,30.72747747747748,84.4321042943339,45.72747747747748,84.4321042943339
himalayas_2020021612_strong,himalayas,strong,precip_large_zwd,q,q,q850_box_mean_g_per_kg,per-timestep/per-level spatial mean,actual_vs_uniform_q,6,enc_s1_skip,low_near_gaussian,3.1888465881347656,4.593423843383789,3.1888465881347656,1.4045772552490234,0.0,0.0,30.72747747747748,84.4321042943339,45.72747747747748,84.4321042943339
himalayas_2020021612_strong,himalayas,strong,precip_large_zwd,q,q,q850_box_mean_g_per_kg,per-timestep/per-level spatial mean,actual_vs_uniform_q,6,enc_s1_skip,remote_control,3.1888465881347656,4.593423843383789,3.1888465881347656,1.4045772552490234,0.0,0.0,30.72747747747748,84.4321042943339,45.72747747747748,84.4321042943339
himalayas_2020021612_strong,himalayas,strong,precip_large_zwd,q,q,q850_box_mean_g_per_kg,per-timestep/per-level spatial mean,actual_vs_uniform_q,6,enc_s2_bottleneck,whole,3.1888465881347656,4.593423843383789,4.533112049102783,1.4045772552490234,1.3442654609680176,0.957060536146648,30.72747747747748,84.4321042943339,45.72747747747748,84.4321042943339
himalayas_2020021612_strong,himalayas,strong,precip_large_zwd,q,q,q850_box_mean_g_per_kg,per-timestep/per-level spatial mean,actual_vs_uniform_q,6,enc_s2_bottleneck,target_box,3.1888465881347656,4.593423843383789,3.6746675968170166,1.4045772552490234,0.485821008682251,0.345884149032527,30.72747747747748,84.4321042943339,45.72747747747748,84.4321042943339
himalayas_2020021612_strong,himalayas,strong,precip_large_zwd,q,q,q850_box_mean_g_per_kg,per-timestep/per-level spatial mean,actual_vs_uniform_q,6,enc_s2_bottleneck,mountain_near,3.1888465881347656,4.593423843383789,3.9769821166992188,1.4045772552490234,0.7881355285644531,0.5611193870747403,30.72747747747748,84.4321042943339,45.72747747747748,84.4321042943339
himalayas_2020021612_strong,himalayas,strong,precip_large_zwd,q,q,q850_box_mean_g_per_kg,per-timestep/per-level spatial mean,actual_vs_uniform_q,6,enc_s2_bottleneck,upstream,3.1888465881347656,4.593423843383789,3.78999662399292,1.4045772552490234,0.6011500358581543,0.4279935714547605,30.72747747747748,84.4321042943339,45.72747747747748,84.4321042943339
himalayas_2020021612_strong,himalayas,strong,precip_large_zwd,q,q,q850_box_mean_g_per_kg,per-timestep/per-level spatial mean,actual_vs_uniform_q,6,enc_s2_bottleneck,hotspot_gaussian,3.1888465881347656,4.593423843383789,4.287712097167969,1.4045772552490234,1.0988655090332031,0.7823460795243908,30.72747747747748,84.4321042943339,45.72747747747748,84.4321042943339
himalayas_2020021612_strong,himalayas,strong,precip_large_zwd,q,q,q850_box_mean_g_per_kg,per-timestep/per-level spatial mean,actual_vs_uniform_q,6,enc_s2_bottleneck,low_near_gaussian,3.1888465881347656,4.593423843383789,3.2183730602264404,1.4045772552490234,0.029526472091674805,0.021021607733808796,30.72747747747748,84.4321042943339,45.72747747747748,84.4321042943339
himalayas_2020021612_strong,himalayas,strong,precip_large_zwd,q,q,q850_box_mean_g_per_kg,per-timestep/per-level spatial mean,actual_vs_uniform_q,6,enc_s2_bottleneck,remote_control,3.1888465881347656,4.593423843383789,3.1766743659973145,1.4045772552490234,-0.012172222137451172,-0.00866611081160723,30.72747747747748,84.4321042943339,45.72747747747748,84.4321042943339
himalayas_2020021612_strong,himalayas,strong,precip_large_zwd,q,q,q850_box_mean_g_per_kg,per-timestep/per-level spatial mean,actual_vs_uniform_q,6,dec_s0_pre_skip,whole,3.1888465881347656,4.593423843383789,4.533112049102783,1.4045772552490234,1.3442654609680176,0.957060536146648,30.72747747747748,84.4321042943339,45.72747747747748,84.4321042943339
himalayas_2020021612_strong,himalayas,strong,precip_large_zwd,q,q,q850_box_mean_g_per_kg,per-timestep/per-level spatial mean,actual_vs_uniform_q,6,dec_s0_pre_skip,target_box,3.1888465881347656,4.593423843383789,3.6746675968170166,1.4045772552490234,0.485821008682251,0.345884149032527,30.72747747747748,84.4321042943339,45.72747747747748,84.4321042943339
himalayas_2020021612_strong,himalayas,strong,precip_large_zwd,q,q,q850_box_mean_g_per_kg,per-timestep/per-level spatial mean,actual_vs_uniform_q,6,dec_s0_pre_skip,mountain_near,3.1888465881347656,4.593423843383789,3.9769821166992188,1.4045772552490234,0.7881355285644531,0.5611193870747403,30.72747747747748,84.4321042943339,45.72747747747748,84.4321042943339
himalayas_2020021612_strong,himalayas,strong,precip_large_zwd,q,q,q850_box_mean_g_per_kg,per-timestep/per-level spatial mean,actual_vs_uniform_q,6,dec_s0_pre_skip,upstream,3.1888465881347656,4.593423843383789,3.78999662399292,1.4045772552490234,0.6011500358581543,0.4279935714547605,30.72747747747748,84.4321042943339,45.72747747747748,84.4321042943339
himalayas_2020021612_strong,himalayas,strong,precip_large_zwd,q,q,q850_box_mean_g_per_kg,per-timestep/per-level spatial mean,actual_vs_uniform_q,6,dec_s0_pre_skip,hotspot_gaussian,3.1888465881347656,4.593423843383789,4.287712097167969,1.4045772552490234,1.0988655090332031,0.7823460795243908,30.72747747747748,84.4321042943339,45.72747747747748,84.4321042943339
himalayas_2020021612_strong,himalayas,strong,precip_large_zwd,q,q,q850_box_mean_g_per_kg,per-timestep/per-level spatial mean,actual_vs_uniform_q,6,dec_s0_pre_skip,low_near_gaussian,3.1888465881347656,4.593423843383789,3.2183730602264404,1.4045772552490234,0.029526472091674805,0.021021607733808796,30.72747747747748,84.4321042943339,45.72747747747748,84.4321042943339
himalayas_2020021612_strong,himalayas,strong,precip_large_zwd,q,q,q850_box_mean_g_per_kg,per-timestep/per-level spatial mean,actual_vs_uniform_q,6,dec_s0_pre_skip,remote_control,3.1888465881347656,4.593423843383789,3.1766743659973145,1.4045772552490234,-0.012172222137451172,-0.00866611081160723,30.72747747747748,84.4321042943339,45.72747747747748,84.4321042943339
himalayas_2020021612_strong,himalayas,strong,precip_large_zwd,q,q,q850_box_mean_g_per_kg,per-timestep/per-level spatial mean,actual_vs_uniform_q,6,dec_s1_pre_skip,whole,3.1888465881347656,4.593423843383789,4.53370475769043,1.4045772552490234,1.344858169555664,0.9574825197615979,30.72747747747748,84.4321042943339,45.72747747747748,84.4321042943339
himalayas_2020021612_strong,himalayas,strong,precip_large_zwd,q,q,q850_box_mean_g_per_kg,per-timestep/per-level spatial mean,actual_vs_uniform_q,6,dec_s1_pre_skip,target_box,3.1888465881347656,4.593423843383789,3.808738946914673,1.4045772552490234,0.6198923587799072,0.44133731801744425,30.72747747747748,84.4321042943339,45.72747747747748,84.4321042943339
himalayas_2020021612_strong,himalayas,strong,precip_large_zwd,q,q,q850_box_mean_g_per_kg,per-timestep/per-level spatial mean,actual_vs_uniform_q,6,dec_s1_pre_skip,mountain_near,3.1888465881347656,4.593423843383789,3.740757703781128,1.4045772552490234,0.5519111156463623,0.3929375287716101,30.72747747747748,84.4321042943339,45.72747747747748,84.4321042943339
himalayas_2020021612_strong,himalayas,strong,precip_large_zwd,q,q,q850_box_mean_g_per_kg,per-timestep/per-level spatial mean,actual_vs_uniform_q,6,dec_s1_pre_skip,upstream,3.1888465881347656,4.593423843383789,3.9776833057403564,1.4045772552490234,0.7888367176055908,0.5616186042153549,30.72747747747748,84.4321042943339,45.72747747747748,84.4321042943339
himalayas_2020021612_strong,himalayas,strong,precip_large_zwd,q,q,q850_box_mean_g_per_kg,per-timestep/per-level spatial mean,actual_vs_uniform_q,6,dec_s1_pre_skip,hotspot_gaussian,3.1888465881347656,4.593423843383789,4.353488445281982,1.4045772552490234,1.1646418571472168,0.8291760761430901,30.72747747747748,84.4321042943339,45.72747747747748,84.4321042943339
himalayas_2020021612_strong,himalayas,strong,precip_large_zwd,q,q,q850_box_mean_g_per_kg,per-timestep/per-level spatial mean,actual_vs_uniform_q,6,dec_s1_pre_skip,low_near_gaussian,3.1888465881347656,4.593423843383789,3.204685688018799,1.4045772552490234,0.015839099884033203,0.011276773723083692,30.72747747747748,84.4321042943339,45.72747747747748,84.4321042943339
himalayas_2020021612_strong,himalayas,strong,precip_large_zwd,q,q,q850_box_mean_g_per_kg,per-timestep/per-level spatial mean,actual_vs_uniform_q,6,dec_s1_pre_skip,remote_control,3.1888465881347656,4.593423843383789,3.189171314239502,1.4045772552490234,0.0003247261047363281,0.000231191344956498,30.72747747747748,84.4321042943339,45.72747747747748,84.4321042943339
himalayas_2020021612_strong,himalayas,strong,precip_large_zwd,q,q,q850_box_mean_g_per_kg,per-timestep/per-level spatial mean,actual_vs_uniform_q,6,dec_s1_post_skip,whole,3.1888465881347656,4.593423843383789,4.640730381011963,1.4045772552490234,1.4518837928771973,1.0336802674622456,30.72747747747748,84.4321042943339,45.72747747747748,84.4321042943339
himalayas_2020021612_strong,himalayas,strong,precip_large_zwd,q,q,q850_box_mean_g_per_kg,per-timestep/per-level spatial mean,actual_vs_uniform_q,6,dec_s1_post_skip,target_box,3.1888465881347656,4.593423843383789,4.425082683563232,1.4045772552490234,1.2362360954284668,0.8801481661535872,30.72747747747748,84.4321042943339,45.72747747747748,84.4321042943339
himalayas_2020021612_strong,himalayas,strong,precip_large_zwd,q,q,q850_box_mean_g_per_kg,per-timestep/per-level spatial mean,actual_vs_uniform_q,6,dec_s1_post_skip,mountain_near,3.1888465881347656,4.593423843383789,3.75909161567688,1.4045772552490234,0.5702450275421143,0.4059905038409675,30.72747747747748,84.4321042943339,45.72747747747748,84.4321042943339
himalayas_2020021612_strong,himalayas,strong,precip_large_zwd,q,q,q850_box_mean_g_per_kg,per-timestep/per-level spatial mean,actual_vs_uniform_q,6,dec_s1_post_skip,upstream,3.1888465881347656,4.593423843383789,4.179230690002441,1.4045772552490234,0.9903841018676758,0.7051118748837254,30.72747747747748,84.4321042943339,45.72747747747748,84.4321042943339
himalayas_2020021612_strong,himalayas,strong,precip_large_zwd,q,q,q850_box_mean_g_per_kg,per-timestep/per-level spatial mean,actual_vs_uniform_q,6,dec_s1_post_skip,hotspot_gaussian,3.1888465881347656,4.593423843383789,4.439277648925781,1.4045772552490234,1.2504310607910156,0.8902543851668177,30.72747747747748,84.4321042943339,45.72747747747748,84.4321042943339
himalayas_2020021612_strong,himalayas,strong,precip_large_zwd,q,q,q850_box_mean_g_per_kg,per-timestep/per-level spatial mean,actual_vs_uniform_q,6,dec_s1_post_skip,low_near_gaussian,3.1888465881347656,4.593423843383789,3.2027699947357178,1.4045772552490234,0.013923406600952148,0.009912880583050314,30.72747747747748,84.4321042943339,45.72747747747748,84.4321042943339
himalayas_2020021612_strong,himalayas,strong,precip_large_zwd,q,q,q850_box_mean_g_per_kg,per-timestep/per-level spatial mean,actual_vs_uniform_q,6,dec_s1_post_skip,remote_control,3.1888465881347656,4.593423843383789,3.188662528991699,1.4045772552490234,-0.00018405914306640625,-0.00013104237761117215,30.72747747747748,84.4321042943339,45.72747747747748,84.4321042943339
himalayas_2020021612_strong,himalayas,strong,precip_large_zwd,q,q,q850_box_mean_g_per_kg,per-timestep/per-level spatial mean,actual_vs_uniform_q,6,dec_s2_pre_concat,whole,3.1888465881347656,4.593423843383789,4.640730381011963,1.4045772552490234,1.4518837928771973,1.0336802674622456,30.72747747747748,84.4321042943339,45.72747747747748,84.4321042943339
himalayas_2020021612_strong,himalayas,strong,precip_large_zwd,q,q,q850_box_mean_g_per_kg,per-timestep/per-level spatial mean,actual_vs_uniform_q,6,dec_s2_pre_concat,target_box,3.1888465881347656,4.593423843383789,4.425082683563232,1.4045772552490234,1.2362360954284668,0.8801481661535872,30.72747747747748,84.4321042943339,45.72747747747748,84.4321042943339
himalayas_2020021612_strong,himalayas,strong,precip_large_zwd,q,q,q850_box_mean_g_per_kg,per-timestep/per-level spatial mean,actual_vs_uniform_q,6,dec_s2_pre_concat,mountain_near,3.1888465881347656,4.593423843383789,3.75909161567688,1.4045772552490234,0.5702450275421143,0.4059905038409675,30.72747747747748,84.4321042943339,45.72747747747748,84.4321042943339
himalayas_2020021612_strong,himalayas,strong,precip_large_zwd,q,q,q850_box_mean_g_per_kg,per-timestep/per-level spatial mean,actual_vs_uniform_q,6,dec_s2_pre_concat,upstream,3.1888465881347656,4.593423843383789,4.179230690002441,1.4045772552490234,0.9903841018676758,0.7051118748837254,30.72747747747748,84.4321042943339,45.72747747747748,84.4321042943339
himalayas_2020021612_strong,himalayas,strong,precip_large_zwd,q,q,q850_box_mean_g_per_kg,per-timestep/per-level spatial mean,actual_vs_uniform_q,6,dec_s2_pre_concat,hotspot_gaussian,3.1888465881347656,4.593423843383789,4.439277648925781,1.4045772552490234,1.2504310607910156,0.8902543851668177,30.72747747747748,84.4321042943339,45.72747747747748,84.4321042943339
himalayas_2020021612_strong,himalayas,strong,precip_large_zwd,q,q,q850_box_mean_g_per_kg,per-timestep/per-level spatial mean,actual_vs_uniform_q,6,dec_s2_pre_concat,low_near_gaussian,3.1888465881347656,4.593423843383789,3.2027699947357178,1.4045772552490234,0.013923406600952148,0.009912880583050314,30.72747747747748,84.4321042943339,45.72747747747748,84.4321042943339
himalayas_2020021612_strong,himalayas,strong,precip_large_zwd,q,q,q850_box_mean_g_per_kg,per-timestep/per-level spatial mean,actual_vs_uniform_q,6,dec_s2_pre_concat,remote_control,3.1888465881347656,4.593423843383789,3.188662528991699,1.4045772552490234,-0.00018405914306640625,-0.00013104237761117215,30.72747747747748,84.4321042943339,45.72747747747748,84.4321042943339
himalayas_2020021612_strong,himalayas,strong,precip_large_zwd,q,q,q850_box_mean_g_per_kg,per-timestep/per-level spatial mean,actual_vs_uniform_q,6,dec_s2_post_concat,whole,3.1888465881347656,4.593423843383789,4.593471050262451,1.4045772552490234,1.4046244621276855,1.000033609314465,30.72747747747748,84.4321042943339,45.72747747747748,84.4321042943339
himalayas_2020021612_strong,himalayas,strong,precip_large_zwd,q,q,q850_box_mean_g_per_kg,per-timestep/per-level spatial mean,actual_vs_uniform_q,6,dec_s2_post_concat,target_box,3.1888465881347656,4.593423843383789,4.404313564300537,1.4045772552490234,1.2154669761657715,0.8653614257410684,30.72747747747748,84.4321042943339,45.72747747747748,84.4321042943339
himalayas_2020021612_strong,himalayas,strong,precip_large_zwd,q,q,q850_box_mean_g_per_kg,per-timestep/per-level spatial mean,actual_vs_uniform_q,6,dec_s2_post_concat,mountain_near,3.1888465881347656,4.593423843383789,3.5588786602020264,1.4045772552490234,0.37003207206726074,0.2634472904102781,30.72747747747748,84.4321042943339,45.72747747747748,84.4321042943339
himalayas_2020021612_strong,himalayas,strong,precip_large_zwd,q,q,q850_box_mean_g_per_kg,per-timestep/per-level spatial mean,actual_vs_uniform_q,6,dec_s2_post_concat,upstream,3.1888465881347656,4.593423843383789,4.302878379821777,1.4045772552490234,1.1140317916870117,0.7931438356443414,30.72747747747748,84.4321042943339,45.72747747747748,84.4321042943339
himalayas_2020021612_strong,himalayas,strong,precip_large_zwd,q,q,q850_box_mean_g_per_kg,per-timestep/per-level spatial mean,actual_vs_uniform_q,6,dec_s2_post_concat,hotspot_gaussian,3.1888465881347656,4.593423843383789,4.354092597961426,1.4045772552490234,1.1652460098266602,0.8296062074706377,30.72747747747748,84.4321042943339,45.72747747747748,84.4321042943339
himalayas_2020021612_strong,himalayas,strong,precip_large_zwd,q,q,q850_box_mean_g_per_kg,per-timestep/per-level spatial mean,actual_vs_uniform_q,6,dec_s2_post_concat,low_near_gaussian,3.1888465881347656,4.593423843383789,3.1972315311431885,1.4045772552490234,0.008384943008422852,0.00596972717384367,30.72747747747748,84.4321042943339,45.72747747747748,84.4321042943339
himalayas_2020021612_strong,himalayas,strong,precip_large_zwd,q,q,q850_box_mean_g_per_kg,per-timestep/per-level spatial mean,actual_vs_uniform_q,6,dec_s2_post_concat,remote_control,3.1888465881347656,4.593423843383789,3.1887059211730957,1.4045772552490234,-0.00014066696166992188,-0.00010014896734532586,30.72747747747748,84.4321042943339,45.72747747747748,84.4321042943339
himalayas_2020021612_strong,himalayas,strong,precip_large_zwd,q,q,q850_box_mean_g_per_kg,per-timestep/per-level spatial mean,actual_vs_uniform_q,12,enc_s0_skip,whole,2.6488075256347656,4.0855841636657715,2.9618916511535645,1.4367766380310059,0.31308412551879883,0.21790730530519833,30.72747747747748,84.4321042943339,45.72747747747748,84.4321042943339
himalayas_2020021612_strong,himalayas,strong,precip_large_zwd,q,q,q850_box_mean_g_per_kg,per-timestep/per-level spatial mean,actual_vs_uniform_q,12,enc_s0_skip,target_box,2.6488075256347656,4.0855841636657715,2.891061544418335,1.4367766380310059,0.24225401878356934,0.16860938045008877,30.72747747747748,84.4321042943339,45.72747747747748,84.4321042943339
himalayas_2020021612_strong,himalayas,strong,precip_large_zwd,q,q,q850_box_mean_g_per_kg,per-timestep/per-level spatial mean,actual_vs_uniform_q,12,enc_s0_skip,mountain_near,2.6488075256347656,4.0855841636657715,2.644537925720215,1.4367766380310059,-0.004269599914550781,-0.002971651822235881,30.72747747747748,84.4321042943339,45.72747747747748,84.4321042943339
himalayas_2020021612_strong,himalayas,strong,precip_large_zwd,q,q,q850_box_mean_g_per_kg,per-timestep/per-level spatial mean,actual_vs_uniform_q,12,enc_s0_skip,upstream,2.6488075256347656,4.0855841636657715,2.9491593837738037,1.4367766380310059,0.3003518581390381,0.20904561654805837,30.72747747747748,84.4321042943339,45.72747747747748,84.4321042943339
himalayas_2020021612_strong,himalayas,strong,precip_large_zwd,q,q,q850_box_mean_g_per_kg,per-timestep/per-level spatial mean,actual_vs_uniform_q,12,enc_s0_skip,hotspot_gaussian,2.6488075256347656,4.0855841636657715,2.8596372604370117,1.4367766380310059,0.2108297348022461,0.14673800312564406,30.72747747747748,84.4321042943339,45.72747747747748,84.4321042943339
himalayas_2020021612_strong,himalayas,strong,precip_large_zwd,q,q,q850_box_mean_g_per_kg,per-timestep/per-level spatial mean,actual_vs_uniform_q,12,enc_s0_skip,low_near_gaussian,2.6488075256347656,4.0855841636657715,2.655682325363159,1.4367766380310059,0.006874799728393555,0.004784877166303977,30.72747747747748,84.4321042943339,45.72747747747748,84.4321042943339
himalayas_2020021612_strong,himalayas,strong,precip_large_zwd,q,q,q850_box_mean_g_per_kg,per-timestep/per-level spatial mean,actual_vs_uniform_q,12,enc_s0_skip,remote_control,2.6488075256347656,4.0855841636657715,2.6477625370025635,1.4367766380310059,-0.0010449886322021484,-0.0007273146044706202,30.72747747747748,84.4321042943339,45.72747747747748,84.4321042943339
himalayas_2020021612_strong,himalayas,strong,precip_large_zwd,q,q,q850_box_mean_g_per_kg,per-timestep/per-level spatial mean,actual_vs_uniform_q,12,enc_s1_skip,whole,2.6488075256347656,4.0855841636657715,2.6488075256347656,1.4367766380310059,0.0,0.0,30.72747747747748,84.4321042943339,45.72747747747748,84.4321042943339
himalayas_2020021612_strong,himalayas,strong,precip_large_zwd,q,q,q850_box_mean_g_per_kg,per-timestep/per-level spatial mean,actual_vs_uniform_q,12,enc_s1_skip,target_box,2.6488075256347656,4.0855841636657715,2.6488075256347656,1.4367766380310059,0.0,0.0,30.72747747747748,84.4321042943339,45.72747747747748,84.4321042943339
himalayas_2020021612_strong,himalayas,strong,precip_large_zwd,q,q,q850_box_mean_g_per_kg,per-timestep/per-level spatial mean,actual_vs_uniform_q,12,enc_s1_skip,mountain_near,2.6488075256347656,4.0855841636657715,2.6488075256347656,1.4367766380310059,0.0,0.0,30.72747747747748,84.4321042943339,45.72747747747748,84.4321042943339
himalayas_2020021612_strong,himalayas,strong,precip_large_zwd,q,q,q850_box_mean_g_per_kg,per-timestep/per-level spatial mean,actual_vs_uniform_q,12,enc_s1_skip,upstream,2.6488075256347656,4.0855841636657715,2.6488075256347656,1.4367766380310059,0.0,0.0,30.72747747747748,84.4321042943339,45.72747747747748,84.4321042943339
himalayas_2020021612_strong,himalayas,strong,precip_large_zwd,q,q,q850_box_mean_g_per_kg,per-timestep/per-level spatial mean,actual_vs_uniform_q,12,enc_s1_skip,hotspot_gaussian,2.6488075256347656,4.0855841636657715,2.6488075256347656,1.4367766380310059,0.0,0.0,30.72747747747748,84.4321042943339,45.72747747747748,84.4321042943339
himalayas_2020021612_strong,himalayas,strong,precip_large_zwd,q,q,q850_box_mean_g_per_kg,per-timestep/per-level spatial mean,actual_vs_uniform_q,12,enc_s1_skip,low_near_gaussian,2.6488075256347656,4.0855841636657715,2.6488075256347656,1.4367766380310059,0.0,0.0,30.72747747747748,84.4321042943339,45.72747747747748,84.4321042943339
himalayas_2020021612_strong,himalayas,strong,precip_large_zwd,q,q,q850_box_mean_g_per_kg,per-timestep/per-level spatial mean,actual_vs_uniform_q,12,enc_s1_skip,remote_control,2.6488075256347656,4.0855841636657715,2.6488075256347656,1.4367766380310059,0.0,0.0,30.72747747747748,84.4321042943339,45.72747747747748,84.4321042943339
himalayas_2020021612_strong,himalayas,strong,precip_large_zwd,q,q,q850_box_mean_g_per_kg,per-timestep/per-level spatial mean,actual_vs_uniform_q,12,enc_s2_bottleneck,whole,2.6488075256347656,4.0855841636657715,3.788482904434204,1.4367766380310059,1.1396753787994385,0.7932168081193732,30.72747747747748,84.4321042943339,45.72747747747748,84.4321042943339
himalayas_2020021612_strong,himalayas,strong,precip_large_zwd,q,q,q850_box_mean_g_per_kg,per-timestep/per-level spatial mean,actual_vs_uniform_q,12,enc_s2_bottleneck,target_box,2.6488075256347656,4.0855841636657715,2.998901605606079,1.4367766380310059,0.3500940799713135,0.2436663227285565,30.72747747747748,84.4321042943339,45.72747747747748,84.4321042943339
himalayas_2020021612_strong,himalayas,strong,precip_large_zwd,q,q,q850_box_mean_g_per_kg,per-timestep/per-level spatial mean,actual_vs_uniform_q,12,enc_s2_bottleneck,mountain_near,2.6488075256347656,4.0855841636657715,3.257061004638672,1.4367766380310059,0.6082534790039062,0.42334588613402835,30.72747747747748,84.4321042943339,45.72747747747748,84.4321042943339
himalayas_2020021612_strong,himalayas,strong,precip_large_zwd,q,q,q850_box_mean_g_per_kg,per-timestep/per-level spatial mean,actual_vs_uniform_q,12,enc_s2_bottleneck,upstream,2.6488075256347656,4.0855841636657715,3.2259914875030518,1.4367766380310059,0.5771839618682861,0.40172142738851413,30.72747747747748,84.4321042943339,45.72747747747748,84.4321042943339
himalayas_2020021612_strong,himalayas,strong,precip_large_zwd,q,q,q850_box_mean_g_per_kg,per-timestep/per-level spatial mean,actual_vs_uniform_q,12,enc_s2_bottleneck,hotspot_gaussian,2.6488075256347656,4.0855841636657715,3.5691938400268555,1.4367766380310059,0.9203863143920898,0.6405910912174978,30.72747747747748,84.4321042943339,45.72747747747748,84.4321042943339
himalayas_2020021612_strong,himalayas,strong,precip_large_zwd,q,q,q850_box_mean_g_per_kg,per-timestep/per-level spatial mean,actual_vs_uniform_q,12,enc_s2_bottleneck,low_near_gaussian,2.6488075256347656,4.0855841636657715,2.6725013256073,1.4367766380310059,0.02369379997253418,0.01649094183839511,30.72747747747748,84.4321042943339,45.72747747747748,84.4321042943339
himalayas_2020021612_strong,himalayas,strong,precip_large_zwd,q,q,q850_box_mean_g_per_kg,per-timestep/per-level spatial mean,actual_vs_uniform_q,12,enc_s2_bottleneck,remote_control,2.6488075256347656,4.0855841636657715,2.640113592147827,1.4367766380310059,-0.008693933486938477,-0.0060509986429434556,30.72747747747748,84.4321042943339,45.72747747747748,84.4321042943339
himalayas_2020021612_strong,himalayas,strong,precip_large_zwd,q,q,q850_box_mean_g_per_kg,per-timestep/per-level spatial mean,actual_vs_uniform_q,12,dec_s0_pre_skip,whole,2.6488075256347656,4.0855841636657715,3.788482904434204,1.4367766380310059,1.1396753787994385,0.7932168081193732,30.72747747747748,84.4321042943339,45.72747747747748,84.4321042943339
himalayas_2020021612_strong,himalayas,strong,precip_large_zwd,q,q,q850_box_mean_g_per_kg,per-timestep/per-level spatial mean,actual_vs_uniform_q,12,dec_s0_pre_skip,target_box,2.6488075256347656,4.0855841636657715,2.998901605606079,1.4367766380310059,0.3500940799713135,0.2436663227285565,30.72747747747748,84.4321042943339,45.72747747747748,84.4321042943339
himalayas_2020021612_strong,himalayas,strong,precip_large_zwd,q,q,q850_box_mean_g_per_kg,per-timestep/per-level spatial mean,actual_vs_uniform_q,12,dec_s0_pre_skip,mountain_near,2.6488075256347656,4.0855841636657715,3.257061004638672,1.4367766380310059,0.6082534790039062,0.42334588613402835,30.72747747747748,84.4321042943339,45.72747747747748,84.4321042943339
himalayas_2020021612_strong,himalayas,strong,precip_large_zwd,q,q,q850_box_mean_g_per_kg,per-timestep/per-level spatial mean,actual_vs_uniform_q,12,dec_s0_pre_skip,upstream,2.6488075256347656,4.0855841636657715,3.2259914875030518,1.4367766380310059,0.5771839618682861,0.40172142738851413,30.72747747747748,84.4321042943339,45.72747747747748,84.4321042943339
himalayas_2020021612_strong,himalayas,strong,precip_large_zwd,q,q,q850_box_mean_g_per_kg,per-timestep/per-level spatial mean,actual_vs_uniform_q,12,dec_s0_pre_skip,hotspot_gaussian,2.6488075256347656,4.0855841636657715,3.5691938400268555,1.4367766380310059,0.9203863143920898,0.6405910912174978,30.72747747747748,84.4321042943339,45.72747747747748,84.4321042943339
himalayas_2020021612_strong,himalayas,strong,precip_large_zwd,q,q,q850_box_mean_g_per_kg,per-timestep/per-level spatial mean,actual_vs_uniform_q,12,dec_s0_pre_skip,low_near_gaussian,2.6488075256347656,4.0855841636657715,2.6725013256073,1.4367766380310059,0.02369379997253418,0.01649094183839511,30.72747747747748,84.4321042943339,45.72747747747748,84.4321042943339
himalayas_2020021612_strong,himalayas,strong,precip_large_zwd,q,q,q850_box_mean_g_per_kg,per-timestep/per-level spatial mean,actual_vs_uniform_q,12,dec_s0_pre_skip,remote_control,2.6488075256347656,4.0855841636657715,2.640113592147827,1.4367766380310059,-0.008693933486938477,-0.0060509986429434556,30.72747747747748,84.4321042943339,45.72747747747748,84.4321042943339
himalayas_2020021612_strong,himalayas,strong,precip_large_zwd,q,q,q850_box_mean_g_per_kg,per-timestep/per-level spatial mean,actual_vs_uniform_q,12,dec_s1_pre_skip,whole,2.6488075256347656,4.0855841636657715,3.7887446880340576,1.4367766380310059,1.139937162399292,0.7933990101352776,30.72747747747748,84.4321042943339,45.72747747747748,84.4321042943339
himalayas_2020021612_strong,himalayas,strong,precip_large_zwd,q,q,q850_box_mean_g_per_kg,per-timestep/per-level spatial mean,actual_vs_uniform_q,12,dec_s1_pre_skip,target_box,2.6488075256347656,4.0855841636657715,3.077603816986084,1.4367766380310059,0.42879629135131836,0.2984432513734016,30.72747747747748,84.4321042943339,45.72747747747748,84.4321042943339
himalayas_2020021612_strong,himalayas,strong,precip_large_zwd,q,q,q850_box_mean_g_per_kg,per-timestep/per-level spatial mean,actual_vs_uniform_q,12,dec_s1_pre_skip,mountain_near,2.6488075256347656,4.0855841636657715,3.0706167221069336,1.4367766380310059,0.42180919647216797,0.2935802165117507,30.72747747747748,84.4321042943339,45.72747747747748,84.4321042943339
himalayas_2020021612_strong,himalayas,strong,precip_large_zwd,q,q,q850_box_mean_g_per_kg,per-timestep/per-level spatial mean,actual_vs_uniform_q,12,dec_s1_pre_skip,upstream,2.6488075256347656,4.0855841636657715,3.382047414779663,1.4367766380310059,0.7332398891448975,0.5103367285744203,30.72747747747748,84.4321042943339,45.72747747747748,84.4321042943339
himalayas_2020021612_strong,himalayas,strong,precip_large_zwd,q,q,q850_box_mean_g_per_kg,per-timestep/per-level spatial mean,actual_vs_uniform_q,12,dec_s1_pre_skip,hotspot_gaussian,2.6488075256347656,4.0855841636657715,3.61629581451416,1.4367766380310059,0.9674882888793945,0.6733741788878641,30.72747747747748,84.4321042943339,45.72747747747748,84.4321042943339
himalayas_2020021612_strong,himalayas,strong,precip_large_zwd,q,q,q850_box_mean_g_per_kg,per-timestep/per-level spatial mean,actual_vs_uniform_q,12,dec_s1_pre_skip,low_near_gaussian,2.6488075256347656,4.0855841636657715,2.6599152088165283,1.4367766380310059,0.011107683181762695,0.0077309742431397955,30.72747747747748,84.4321042943339,45.72747747747748,84.4321042943339
himalayas_2020021612_strong,himalayas,strong,precip_large_zwd,q,q,q850_box_mean_g_per_kg,per-timestep/per-level spatial mean,actual_vs_uniform_q,12,dec_s1_pre_skip,remote_control,2.6488075256347656,4.0855841636657715,2.648580312728882,1.4367766380310059,-0.00022721290588378906,-0.00015814072965103835,30.72747747747748,84.4321042943339,45.72747747747748,84.4321042943339
himalayas_2020021612_strong,himalayas,strong,precip_large_zwd,q,q,q850_box_mean_g_per_kg,per-timestep/per-level spatial mean,actual_vs_uniform_q,12,dec_s1_post_skip,whole,2.6488075256347656,4.0855841636657715,3.9756698608398438,1.4367766380310059,1.3268623352050781,0.923499380546334,30.72747747747748,84.4321042943339,45.72747747747748,84.4321042943339
himalayas_2020021612_strong,himalayas,strong,precip_large_zwd,q,q,q850_box_mean_g_per_kg,per-timestep/per-level spatial mean,actual_vs_uniform_q,12,dec_s1_post_skip,target_box,2.6488075256347656,4.0855841636657715,3.5310962200164795,1.4367766380310059,0.8822886943817139,0.614075055946639,30.72747747747748,84.4321042943339,45.72747747747748,84.4321042943339
himalayas_2020021612_strong,himalayas,strong,precip_large_zwd,q,q,q850_box_mean_g_per_kg,per-timestep/per-level spatial mean,actual_vs_uniform_q,12,dec_s1_post_skip,mountain_near,2.6488075256347656,4.0855841636657715,3.147136926651001,1.4367766380310059,0.49832940101623535,0.3468384631442492,30.72747747747748,84.4321042943339,45.72747747747748,84.4321042943339
himalayas_2020021612_strong,himalayas,strong,precip_large_zwd,q,q,q850_box_mean_g_per_kg,per-timestep/per-level spatial mean,actual_vs_uniform_q,12,dec_s1_post_skip,upstream,2.6488075256347656,4.0855841636657715,3.559326648712158,1.4367766380310059,0.9105191230773926,0.6337235023010886,30.72747747747748,84.4321042943339,45.72747747747748,84.4321042943339
himalayas_2020021612_strong,himalayas,strong,precip_large_zwd,q,q,q850_box_mean_g_per_kg,per-timestep/per-level spatial mean,actual_vs_uniform_q,12,dec_s1_post_skip,hotspot_gaussian,2.6488075256347656,4.0855841636657715,3.7912232875823975,1.4367766380310059,1.1424157619476318,0.795124121389687,30.72747747747748,84.4321042943339,45.72747747747748,84.4321042943339
himalayas_2020021612_strong,himalayas,strong,precip_large_zwd,q,q,q850_box_mean_g_per_kg,per-timestep/per-level spatial mean,actual_vs_uniform_q,12,dec_s1_post_skip,low_near_gaussian,2.6488075256347656,4.0855841636657715,2.6643142700195312,1.4367766380310059,0.015506744384765625,0.010792731433896677,30.72747747747748,84.4321042943339,45.72747747747748,84.4321042943339
himalayas_2020021612_strong,himalayas,strong,precip_large_zwd,q,q,q850_box_mean_g_per_kg,per-timestep/per-level spatial mean,actual_vs_uniform_q,12,dec_s1_post_skip,remote_control,2.6488075256347656,4.0855841636657715,2.646292209625244,1.4367766380310059,-0.0025153160095214844,-0.001750665999809501,30.72747747747748,84.4321042943339,45.72747747747748,84.4321042943339
himalayas_2020021612_strong,himalayas,strong,precip_large_zwd,q,q,q850_box_mean_g_per_kg,per-timestep/per-level spatial mean,actual_vs_uniform_q,12,dec_s2_pre_concat,whole,2.6488075256347656,4.0855841636657715,3.9756698608398438,1.4367766380310059,1.3268623352050781,0.923499380546334,30.72747747747748,84.4321042943339,45.72747747747748,84.4321042943339
himalayas_2020021612_strong,himalayas,strong,precip_large_zwd,q,q,q850_box_mean_g_per_kg,per-timestep/per-level spatial mean,actual_vs_uniform_q,12,dec_s2_pre_concat,target_box,2.6488075256347656,4.0855841636657715,3.5310962200164795,1.4367766380310059,0.8822886943817139,0.614075055946639,30.72747747747748,84.4321042943339,45.72747747747748,84.4321042943339
himalayas_2020021612_strong,himalayas,strong,precip_large_zwd,q,q,q850_box_mean_g_per_kg,per-timestep/per-level spatial mean,actual_vs_uniform_q,12,dec_s2_pre_concat,mountain_near,2.6488075256347656,4.0855841636657715,3.147136926651001,1.4367766380310059,0.49832940101623535,0.3468384631442492,30.72747747747748,84.4321042943339,45.72747747747748,84.4321042943339
himalayas_2020021612_strong,himalayas,strong,precip_large_zwd,q,q,q850_box_mean_g_per_kg,per-timestep/per-level spatial mean,actual_vs_uniform_q,12,dec_s2_pre_concat,upstream,2.6488075256347656,4.0855841636657715,3.559326648712158,1.4367766380310059,0.9105191230773926,0.6337235023010886,30.72747747747748,84.4321042943339,45.72747747747748,84.4321042943339
himalayas_2020021612_strong,himalayas,strong,precip_large_zwd,q,q,q850_box_mean_g_per_kg,per-timestep/per-level spatial mean,actual_vs_uniform_q,12,dec_s2_pre_concat,hotspot_gaussian,2.6488075256347656,4.0855841636657715,3.7912232875823975,1.4367766380310059,1.1424157619476318,0.795124121389687,30.72747747747748,84.4321042943339,45.72747747747748,84.4321042943339
himalayas_2020021612_strong,himalayas,strong,precip_large_zwd,q,q,q850_box_mean_g_per_kg,per-timestep/per-level spatial mean,actual_vs_uniform_q,12,dec_s2_pre_concat,low_near_gaussian,2.6488075256347656,4.0855841636657715,2.6643142700195312,1.4367766380310059,0.015506744384765625,0.010792731433896677,30.72747747747748,84.4321042943339,45.72747747747748,84.4321042943339
himalayas_2020021612_strong,himalayas,strong,precip_large_zwd,q,q,q850_box_mean_g_per_kg,per-timestep/per-level spatial mean,actual_vs_uniform_q,12,dec_s2_pre_concat,remote_control,2.6488075256347656,4.0855841636657715,2.646292209625244,1.4367766380310059,-0.0025153160095214844,-0.001750665999809501,30.72747747747748,84.4321042943339,45.72747747747748,84.4321042943339
himalayas_2020021612_strong,himalayas,strong,precip_large_zwd,q,q,q850_box_mean_g_per_kg,per-timestep/per-level spatial mean,actual_vs_uniform_q,12,dec_s2_post_concat,whole,2.6488075256347656,4.0855841636657715,4.03854513168335,1.4367766380310059,1.389737606048584,0.9672607204646052,30.72747747747748,84.4321042943339,45.72747747747748,84.4321042943339
himalayas_2020021612_strong,himalayas,strong,precip_large_zwd,q,q,q850_box_mean_g_per_kg,per-timestep/per-level spatial mean,actual_vs_uniform_q,12,dec_s2_post_concat,target_box,2.6488075256347656,4.0855841636657715,3.6024537086486816,1.4367766380310059,0.953646183013916,0.6637400398720404,30.72747747747748,84.4321042943339,45.72747747747748,84.4321042943339
himalayas_2020021612_strong,himalayas,strong,precip_large_zwd,q,q,q850_box_mean_g_per_kg,per-timestep/per-level spatial mean,actual_vs_uniform_q,12,dec_s2_post_concat,mountain_near,2.6488075256347656,4.0855841636657715,3.0974159240722656,1.4367766380310059,0.4486083984375,0.31223252561531345,30.72747747747748,84.4321042943339,45.72747747747748,84.4321042943339
himalayas_2020021612_strong,himalayas,strong,precip_large_zwd,q,q,q850_box_mean_g_per_kg,per-timestep/per-level spatial mean,actual_vs_uniform_q,12,dec_s2_post_concat,upstream,2.6488075256347656,4.0855841636657715,3.677518129348755,1.4367766380310059,1.0287106037139893,0.715985057443417,30.72747747747748,84.4321042943339,45.72747747747748,84.4321042943339
himalayas_2020021612_strong,himalayas,strong,precip_large_zwd,q,q,q850_box_mean_g_per_kg,per-timestep/per-level spatial mean,actual_vs_uniform_q,12,dec_s2_post_concat,hotspot_gaussian,2.6488075256347656,4.0855841636657715,3.8420090675354004,1.4367766380310059,1.1932015419006348,0.8304711465352246,30.72747747747748,84.4321042943339,45.72747747747748,84.4321042943339
himalayas_2020021612_strong,himalayas,strong,precip_large_zwd,q,q,q850_box_mean_g_per_kg,per-timestep/per-level spatial mean,actual_vs_uniform_q,12,dec_s2_post_concat,low_near_gaussian,2.6488075256347656,4.0855841636657715,2.666609525680542,1.4367766380310059,0.017802000045776367,0.012390234901210996,30.72747747747748,84.4321042943339,45.72747747747748,84.4321042943339
himalayas_2020021612_strong,himalayas,strong,precip_large_zwd,q,q,q850_box_mean_g_per_kg,per-timestep/per-level spatial mean,actual_vs_uniform_q,12,dec_s2_post_concat,remote_control,2.6488075256347656,4.0855841636657715,2.646911859512329,1.4367766380310059,-0.0018956661224365234,-0.0013193881862071414,30.72747747747748,84.4321042943339,45.72747747747748,84.4321042943339
himalayas_2020021612_strong,himalayas,strong,precip_large_zwd,q,q,q850_box_mean_g_per_kg,per-timestep/per-level spatial mean,actual_vs_uniform_q,24,enc_s0_skip,whole,4.164030075073242,5.075917720794678,4.545661449432373,0.9118876457214355,0.38163137435913086,0.4185070125138114,30.72747747747748,84.4321042943339,45.72747747747748,84.4321042943339
himalayas_2020021612_strong,himalayas,strong,precip_large_zwd,q,q,q850_box_mean_g_per_kg,per-timestep/per-level spatial mean,actual_vs_uniform_q,24,enc_s0_skip,target_box,4.164030075073242,5.075917720794678,4.393052101135254,0.9118876457214355,0.22902202606201172,0.25115158335194027,30.72747747747748,84.4321042943339,45.72747747747748,84.4321042943339
himalayas_2020021612_strong,himalayas,strong,precip_large_zwd,q,q,q850_box_mean_g_per_kg,per-timestep/per-level spatial mean,actual_vs_uniform_q,24,enc_s0_skip,mountain_near,4.164030075073242,5.075917720794678,4.24483585357666,0.9118876457214355,0.08080577850341797,0.08861374411919888,30.72747747747748,84.4321042943339,45.72747747747748,84.4321042943339
himalayas_2020021612_strong,himalayas,strong,precip_large_zwd,q,q,q850_box_mean_g_per_kg,per-timestep/per-level spatial mean,actual_vs_uniform_q,24,enc_s0_skip,upstream,4.164030075073242,5.075917720794678,4.516988754272461,0.9118876457214355,0.35295867919921875,0.38706378012170256,30.72747747747748,84.4321042943339,45.72747747747748,84.4321042943339
himalayas_2020021612_strong,himalayas,strong,precip_large_zwd,q,q,q850_box_mean_g_per_kg,per-timestep/per-level spatial mean,actual_vs_uniform_q,24,enc_s0_skip,hotspot_gaussian,4.164030075073242,5.075917720794678,4.499833583831787,0.9118876457214355,0.3358035087585449,0.3682509685640884,30.72747747747748,84.4321042943339,45.72747747747748,84.4321042943339
himalayas_2020021612_strong,himalayas,strong,precip_large_zwd,q,q,q850_box_mean_g_per_kg,per-timestep/per-level spatial mean,actual_vs_uniform_q,24,enc_s0_skip,low_near_gaussian,4.164030075073242,5.075917720794678,4.179068088531494,0.9118876457214355,0.015038013458251953,0.01649108147128663,30.72747747747748,84.4321042943339,45.72747747747748,84.4321042943339
himalayas_2020021612_strong,himalayas,strong,precip_large_zwd,q,q,q850_box_mean_g_per_kg,per-timestep/per-level spatial mean,actual_vs_uniform_q,24,enc_s0_skip,remote_control,4.164030075073242,5.075917720794678,4.160087585449219,0.9118876457214355,-0.0039424896240234375,-0.004323437917512695,30.72747747747748,84.4321042943339,45.72747747747748,84.4321042943339
himalayas_2020021612_strong,himalayas,strong,precip_large_zwd,q,q,q850_box_mean_g_per_kg,per-timestep/per-level spatial mean,actual_vs_uniform_q,24,enc_s1_skip,whole,4.164030075073242,5.075917720794678,4.164030075073242,0.9118876457214355,0.0,0.0,30.72747747747748,84.4321042943339,45.72747747747748,84.4321042943339
himalayas_2020021612_strong,himalayas,strong,precip_large_zwd,q,q,q850_box_mean_g_per_kg,per-timestep/per-level spatial mean,actual_vs_uniform_q,24,enc_s1_skip,target_box,4.164030075073242,5.075917720794678,4.164030075073242,0.9118876457214355,0.0,0.0,30.72747747747748,84.4321042943339,45.72747747747748,84.4321042943339
himalayas_2020021612_strong,himalayas,strong,precip_large_zwd,q,q,q850_box_mean_g_per_kg,per-timestep/per-level spatial mean,actual_vs_uniform_q,24,enc_s1_skip,mountain_near,4.164030075073242,5.075917720794678,4.164030075073242,0.9118876457214355,0.0,0.0,30.72747747747748,84.4321042943339,45.72747747747748,84.4321042943339
himalayas_2020021612_strong,himalayas,strong,precip_large_zwd,q,q,q850_box_mean_g_per_kg,per-timestep/per-level spatial mean,actual_vs_uniform_q,24,enc_s1_skip,upstream,4.164030075073242,5.075917720794678,4.164030075073242,0.9118876457214355,0.0,0.0,30.72747747747748,84.4321042943339,45.72747747747748,84.4321042943339
himalayas_2020021612_strong,himalayas,strong,precip_large_zwd,q,q,q850_box_mean_g_per_kg,per-timestep/per-level spatial mean,actual_vs_uniform_q,24,enc_s1_skip,hotspot_gaussian,4.164030075073242,5.075917720794678,4.164030075073242,0.9118876457214355,0.0,0.0,30.72747747747748,84.4321042943339,45.72747747747748,84.4321042943339
himalayas_2020021612_strong,himalayas,strong,precip_large_zwd,q,q,q850_box_mean_g_per_kg,per-timestep/per-level spatial mean,actual_vs_uniform_q,24,enc_s1_skip,low_near_gaussian,4.164030075073242,5.075917720794678,4.164030075073242,0.9118876457214355,0.0,0.0,30.72747747747748,84.4321042943339,45.72747747747748,84.4321042943339
himalayas_2020021612_strong,himalayas,strong,precip_large_zwd,q,q,q850_box_mean_g_per_kg,per-timestep/per-level spatial mean,actual_vs_uniform_q,24,enc_s1_skip,remote_control,4.164030075073242,5.075917720794678,4.164030075073242,0.9118876457214355,0.0,0.0,30.72747747747748,84.4321042943339,45.72747747747748,84.4321042943339
himalayas_2020021612_strong,himalayas,strong,precip_large_zwd,q,q,q850_box_mean_g_per_kg,per-timestep/per-level spatial mean,actual_vs_uniform_q,24,enc_s2_bottleneck,whole,4.164030075073242,5.075917720794678,5.01956844329834,0.9118876457214355,0.8555383682250977,0.9382058987631559,30.72747747747748,84.4321042943339,45.72747747747748,84.4321042943339
himalayas_2020021612_strong,himalayas,strong,precip_large_zwd,q,q,q850_box_mean_g_per_kg,per-timestep/per-level spatial mean,actual_vs_uniform_q,24,enc_s2_bottleneck,target_box,4.164030075073242,5.075917720794678,4.435368061065674,0.9118876457214355,0.27133798599243164,0.29755637908414023,30.72747747747748,84.4321042943339,45.72747747747748,84.4321042943339
himalayas_2020021612_strong,himalayas,strong,precip_large_zwd,q,q,q850_box_mean_g_per_kg,per-timestep/per-level spatial mean,actual_vs_uniform_q,24,enc_s2_bottleneck,mountain_near,4.164030075073242,5.075917720794678,4.639459609985352,0.9118876457214355,0.4754295349121094,0.5213685448452101,30.72747747747748,84.4321042943339,45.72747747747748,84.4321042943339
himalayas_2020021612_strong,himalayas,strong,precip_large_zwd,q,q,q850_box_mean_g_per_kg,per-timestep/per-level spatial mean,actual_vs_uniform_q,24,enc_s2_bottleneck,upstream,4.164030075073242,5.075917720794678,4.7246994972229,0.9118876457214355,0.5606694221496582,0.6148448493411568,30.72747747747748,84.4321042943339,45.72747747747748,84.4321042943339
himalayas_2020021612_strong,himalayas,strong,precip_large_zwd,q,q,q850_box_mean_g_per_kg,per-timestep/per-level spatial mean,actual_vs_uniform_q,24,enc_s2_bottleneck,hotspot_gaussian,4.164030075073242,5.075917720794678,4.862151622772217,0.9118876457214355,0.6981215476989746,0.76557846898634,30.72747747747748,84.4321042943339,45.72747747747748,84.4321042943339
himalayas_2020021612_strong,himalayas,strong,precip_large_zwd,q,q,q850_box_mean_g_per_kg,per-timestep/per-level spatial mean,actual_vs_uniform_q,24,enc_s2_bottleneck,low_near_gaussian,4.164030075073242,5.075917720794678,4.187443256378174,0.9118876457214355,0.02341318130493164,0.025675511029002278,30.72747747747748,84.4321042943339,45.72747747747748,84.4321042943339
himalayas_2020021612_strong,himalayas,strong,precip_large_zwd,q,q,q850_box_mean_g_per_kg,per-timestep/per-level spatial mean,actual_vs_uniform_q,24,enc_s2_bottleneck,remote_control,4.164030075073242,5.075917720794678,4.152808666229248,0.9118876457214355,-0.01122140884399414,-0.012305692369717737,30.72747747747748,84.4321042943339,45.72747747747748,84.4321042943339
himalayas_2020021612_strong,himalayas,strong,precip_large_zwd,q,q,q850_box_mean_g_per_kg,per-timestep/per-level spatial mean,actual_vs_uniform_q,24,dec_s0_pre_skip,whole,4.164030075073242,5.075917720794678,5.01956844329834,0.9118876457214355,0.8555383682250977,0.9382058987631559,30.72747747747748,84.4321042943339,45.72747747747748,84.4321042943339
himalayas_2020021612_strong,himalayas,strong,precip_large_zwd,q,q,q850_box_mean_g_per_kg,per-timestep/per-level spatial mean,actual_vs_uniform_q,24,dec_s0_pre_skip,target_box,4.164030075073242,5.075917720794678,4.435368061065674,0.9118876457214355,0.27133798599243164,0.29755637908414023,30.72747747747748,84.4321042943339,45.72747747747748,84.4321042943339
himalayas_2020021612_strong,himalayas,strong,precip_large_zwd,q,q,q850_box_mean_g_per_kg,per-timestep/per-level spatial mean,actual_vs_uniform_q,24,dec_s0_pre_skip,mountain_near,4.164030075073242,5.075917720794678,4.639459609985352,0.9118876457214355,0.4754295349121094,0.5213685448452101,30.72747747747748,84.4321042943339,45.72747747747748,84.4321042943339
himalayas_2020021612_strong,himalayas,strong,precip_large_zwd,q,q,q850_box_mean_g_per_kg,per-timestep/per-level spatial mean,actual_vs_uniform_q,24,dec_s0_pre_skip,upstream,4.164030075073242,5.075917720794678,4.7246994972229,0.9118876457214355,0.5606694221496582,0.6148448493411568,30.72747747747748,84.4321042943339,45.72747747747748,84.4321042943339
himalayas_2020021612_strong,himalayas,strong,precip_large_zwd,q,q,q850_box_mean_g_per_kg,per-timestep/per-level spatial mean,actual_vs_uniform_q,24,dec_s0_pre_skip,hotspot_gaussian,4.164030075073242,5.075917720794678,4.862151622772217,0.9118876457214355,0.6981215476989746,0.76557846898634,30.72747747747748,84.4321042943339,45.72747747747748,84.4321042943339
himalayas_2020021612_strong,himalayas,strong,precip_large_zwd,q,q,q850_box_mean_g_per_kg,per-timestep/per-level spatial mean,actual_vs_uniform_q,24,dec_s0_pre_skip,low_near_gaussian,4.164030075073242,5.075917720794678,4.187443256378174,0.9118876457214355,0.02341318130493164,0.025675511029002278,30.72747747747748,84.4321042943339,45.72747747747748,84.4321042943339
himalayas_2020021612_strong,himalayas,strong,precip_large_zwd,q,q,q850_box_mean_g_per_kg,per-timestep/per-level spatial mean,actual_vs_uniform_q,24,dec_s0_pre_skip,remote_control,4.164030075073242,5.075917720794678,4.152808666229248,0.9118876457214355,-0.01122140884399414,-0.012305692369717737,30.72747747747748,84.4321042943339,45.72747747747748,84.4321042943339
himalayas_2020021612_strong,himalayas,strong,precip_large_zwd,q,q,q850_box_mean_g_per_kg,per-timestep/per-level spatial mean,actual_vs_uniform_q,24,dec_s1_pre_skip,whole,4.164030075073242,5.075917720794678,5.019191265106201,0.9118876457214355,0.855161190032959,0.937792275227506,30.72747747747748,84.4321042943339,45.72747747747748,84.4321042943339
himalayas_2020021612_strong,himalayas,strong,precip_large_zwd,q,q,q850_box_mean_g_per_kg,per-timestep/per-level spatial mean,actual_vs_uniform_q,24,dec_s1_pre_skip,target_box,4.164030075073242,5.075917720794678,4.475341320037842,0.9118876457214355,0.3113112449645996,0.3413921072681133,30.72747747747748,84.4321042943339,45.72747747747748,84.4321042943339
himalayas_2020021612_strong,himalayas,strong,precip_large_zwd,q,q,q850_box_mean_g_per_kg,per-timestep/per-level spatial mean,actual_vs_uniform_q,24,dec_s1_pre_skip,mountain_near,4.164030075073242,5.075917720794678,4.490242004394531,0.9118876457214355,0.32621192932128906,0.3577325900310976,30.72747747747748,84.4321042943339,45.72747747747748,84.4321042943339
himalayas_2020021612_strong,himalayas,strong,precip_large_zwd,q,q,q850_box_mean_g_per_kg,per-timestep/per-level spatial mean,actual_vs_uniform_q,24,dec_s1_pre_skip,upstream,4.164030075073242,5.075917720794678,4.8256683349609375,0.9118876457214355,0.6616382598876953,0.7255699350595362,30.72747747747748,84.4321042943339,45.72747747747748,84.4321042943339
himalayas_2020021612_strong,himalayas,strong,precip_large_zwd,q,q,q850_box_mean_g_per_kg,per-timestep/per-level spatial mean,actual_vs_uniform_q,24,dec_s1_pre_skip,hotspot_gaussian,4.164030075073242,5.075917720794678,4.900778293609619,0.9118876457214355,0.736748218536377,0.8079374931694596,30.72747747747748,84.4321042943339,45.72747747747748,84.4321042943339
himalayas_2020021612_strong,himalayas,strong,precip_large_zwd,q,q,q850_box_mean_g_per_kg,per-timestep/per-level spatial mean,actual_vs_uniform_q,24,dec_s1_pre_skip,low_near_gaussian,4.164030075073242,5.075917720794678,4.176973819732666,0.9118876457214355,0.012943744659423828,0.014194451169676114,30.72747747747748,84.4321042943339,45.72747747747748,84.4321042943339
himalayas_2020021612_strong,himalayas,strong,precip_large_zwd,q,q,q850_box_mean_g_per_kg,per-timestep/per-level spatial mean,actual_vs_uniform_q,24,dec_s1_pre_skip,remote_control,4.164030075073242,5.075917720794678,4.159712791442871,0.9118876457214355,-0.004317283630371094,-0.004734446892254468,30.72747747747748,84.4321042943339,45.72747747747748,84.4321042943339
himalayas_2020021612_strong,himalayas,strong,precip_large_zwd,q,q,q850_box_mean_g_per_kg,per-timestep/per-level spatial mean,actual_vs_uniform_q,24,dec_s1_post_skip,whole,4.164030075073242,5.075917720794678,5.077314376831055,0.9118876457214355,0.9132843017578125,1.001531609779922,30.72747747747748,84.4321042943339,45.72747747747748,84.4321042943339
himalayas_2020021612_strong,himalayas,strong,precip_large_zwd,q,q,q850_box_mean_g_per_kg,per-timestep/per-level spatial mean,actual_vs_uniform_q,24,dec_s1_post_skip,target_box,4.164030075073242,5.075917720794678,4.678756237030029,0.9118876457214355,0.5147261619567871,0.5644622606434853,30.72747747747748,84.4321042943339,45.72747747747748,84.4321042943339
himalayas_2020021612_strong,himalayas,strong,precip_large_zwd,q,q,q850_box_mean_g_per_kg,per-timestep/per-level spatial mean,actual_vs_uniform_q,24,dec_s1_post_skip,mountain_near,4.164030075073242,5.075917720794678,4.532166481018066,0.9118876457214355,0.3681364059448242,0.40370807486219956,30.72747747747748,84.4321042943339,45.72747747747748,84.4321042943339
himalayas_2020021612_strong,himalayas,strong,precip_large_zwd,q,q,q850_box_mean_g_per_kg,per-timestep/per-level spatial mean,actual_vs_uniform_q,24,dec_s1_post_skip,upstream,4.164030075073242,5.075917720794678,4.915690898895264,0.9118876457214355,0.7516608238220215,0.8242910487369841,30.72747747747748,84.4321042943339,45.72747747747748,84.4321042943339
himalayas_2020021612_strong,himalayas,strong,precip_large_zwd,q,q,q850_box_mean_g_per_kg,per-timestep/per-level spatial mean,actual_vs_uniform_q,24,dec_s1_post_skip,hotspot_gaussian,4.164030075073242,5.075917720794678,4.993221282958984,0.9118876457214355,0.8291912078857422,0.909312909080736,30.72747747747748,84.4321042943339,45.72747747747748,84.4321042943339
himalayas_2020021612_strong,himalayas,strong,precip_large_zwd,q,q,q850_box_mean_g_per_kg,per-timestep/per-level spatial mean,actual_vs_uniform_q,24,dec_s1_post_skip,low_near_gaussian,4.164030075073242,5.075917720794678,4.188374996185303,0.9118876457214355,0.024344921112060547,0.026697281431859052,30.72747747747748,84.4321042943339,45.72747747747748,84.4321042943339
himalayas_2020021612_strong,himalayas,strong,precip_large_zwd,q,q,q850_box_mean_g_per_kg,per-timestep/per-level spatial mean,actual_vs_uniform_q,24,dec_s1_post_skip,remote_control,4.164030075073242,5.075917720794678,4.158412456512451,0.9118876457214355,-0.005617618560791016,-0.006160428411492146,30.72747747747748,84.4321042943339,45.72747747747748,84.4321042943339
himalayas_2020021612_strong,himalayas,strong,precip_large_zwd,q,q,q850_box_mean_g_per_kg,per-timestep/per-level spatial mean,actual_vs_uniform_q,24,dec_s2_pre_concat,whole,4.164030075073242,5.075917720794678,5.077314376831055,0.9118876457214355,0.9132843017578125,1.001531609779922,30.72747747747748,84.4321042943339,45.72747747747748,84.4321042943339
himalayas_2020021612_strong,himalayas,strong,precip_large_zwd,q,q,q850_box_mean_g_per_kg,per-timestep/per-level spatial mean,actual_vs_uniform_q,24,dec_s2_pre_concat,target_box,4.164030075073242,5.075917720794678,4.678756237030029,0.9118876457214355,0.5147261619567871,0.5644622606434853,30.72747747747748,84.4321042943339,45.72747747747748,84.4321042943339
himalayas_2020021612_strong,himalayas,strong,precip_large_zwd,q,q,q850_box_mean_g_per_kg,per-timestep/per-level spatial mean,actual_vs_uniform_q,24,dec_s2_pre_concat,mountain_near,4.164030075073242,5.075917720794678,4.532166481018066,0.9118876457214355,0.3681364059448242,0.40370807486219956,30.72747747747748,84.4321042943339,45.72747747747748,84.4321042943339
himalayas_2020021612_strong,himalayas,strong,precip_large_zwd,q,q,q850_box_mean_g_per_kg,per-timestep/per-level spatial mean,actual_vs_uniform_q,24,dec_s2_pre_concat,upstream,4.164030075073242,5.075917720794678,4.915690898895264,0.9118876457214355,0.7516608238220215,0.8242910487369841,30.72747747747748,84.4321042943339,45.72747747747748,84.4321042943339
himalayas_2020021612_strong,himalayas,strong,precip_large_zwd,q,q,q850_box_mean_g_per_kg,per-timestep/per-level spatial mean,actual_vs_uniform_q,24,dec_s2_pre_concat,hotspot_gaussian,4.164030075073242,5.075917720794678,4.993221282958984,0.9118876457214355,0.8291912078857422,0.909312909080736,30.72747747747748,84.4321042943339,45.72747747747748,84.4321042943339
himalayas_2020021612_strong,himalayas,strong,precip_large_zwd,q,q,q850_box_mean_g_per_kg,per-timestep/per-level spatial mean,actual_vs_uniform_q,24,dec_s2_pre_concat,low_near_gaussian,4.164030075073242,5.075917720794678,4.188374996185303,0.9118876457214355,0.024344921112060547,0.026697281431859052,30.72747747747748,84.4321042943339,45.72747747747748,84.4321042943339
himalayas_2020021612_strong,himalayas,strong,precip_large_zwd,q,q,q850_box_mean_g_per_kg,per-timestep/per-level spatial mean,actual_vs_uniform_q,24,dec_s2_pre_concat,remote_control,4.164030075073242,5.075917720794678,4.158412456512451,0.9118876457214355,-0.005617618560791016,-0.006160428411492146,30.72747747747748,84.4321042943339,45.72747747747748,84.4321042943339
himalayas_2020021612_strong,himalayas,strong,precip_large_zwd,q,q,q850_box_mean_g_per_kg,per-timestep/per-level spatial mean,actual_vs_uniform_q,24,dec_s2_post_concat,whole,4.164030075073242,5.075917720794678,5.074699878692627,0.9118876457214355,0.9106698036193848,0.99866448228818,30.72747747747748,84.4321042943339,45.72747747747748,84.4321042943339
himalayas_2020021612_strong,himalayas,strong,precip_large_zwd,q,q,q850_box_mean_g_per_kg,per-timestep/per-level spatial mean,actual_vs_uniform_q,24,dec_s2_post_concat,target_box,4.164030075073242,5.075917720794678,4.706911563873291,0.9118876457214355,0.5428814888000488,0.5953381333185523,30.72747747747748,84.4321042943339,45.72747747747748,84.4321042943339
himalayas_2020021612_strong,himalayas,strong,precip_large_zwd,q,q,q850_box_mean_g_per_kg,per-timestep/per-level spatial mean,actual_vs_uniform_q,24,dec_s2_post_concat,mountain_near,4.164030075073242,5.075917720794678,4.528721332550049,0.9118876457214355,0.36469125747680664,0.3999300343501012,30.72747747747748,84.4321042943339,45.72747747747748,84.4321042943339
himalayas_2020021612_strong,himalayas,strong,precip_large_zwd,q,q,q850_box_mean_g_per_kg,per-timestep/per-level spatial mean,actual_vs_uniform_q,24,dec_s2_post_concat,upstream,4.164030075073242,5.075917720794678,4.957824230194092,0.9118876457214355,0.7937941551208496,0.8704955691036291,30.72747747747748,84.4321042943339,45.72747747747748,84.4321042943339
himalayas_2020021612_strong,himalayas,strong,precip_large_zwd,q,q,q850_box_mean_g_per_kg,per-timestep/per-level spatial mean,actual_vs_uniform_q,24,dec_s2_post_concat,hotspot_gaussian,4.164030075073242,5.075917720794678,4.99635648727417,0.9118876457214355,0.8323264122009277,0.912751056674791,30.72747747747748,84.4321042943339,45.72747747747748,84.4321042943339
himalayas_2020021612_strong,himalayas,strong,precip_large_zwd,q,q,q850_box_mean_g_per_kg,per-timestep/per-level spatial mean,actual_vs_uniform_q,24,dec_s2_post_concat,low_near_gaussian,4.164030075073242,5.075917720794678,4.195532321929932,0.9118876457214355,0.03150224685668945,0.03454619327775474,30.72747747747748,84.4321042943339,45.72747747747748,84.4321042943339
himalayas_2020021612_strong,himalayas,strong,precip_large_zwd,q,q,q850_box_mean_g_per_kg,per-timestep/per-level spatial mean,actual_vs_uniform_q,24,dec_s2_post_concat,remote_control,4.164030075073242,5.075917720794678,4.163022994995117,0.9118876457214355,-0.001007080078125,-0.0011043905275504127,30.72747747747748,84.4321042943339,45.72747747747748,84.4321042943339
ganges_plain_2020110100_top03_2020,ganges_plain,top03_2020,precip_large_zwd,q,q,q850_box_mean_g_per_kg,per-timestep/per-level spatial mean,actual_vs_uniform_q,6,enc_s0_skip,whole,4.801424980163574,12.359526634216309,9.699551582336426,7.558101654052734,4.898126602172852,0.6480630754081514,26.97747747747748,89.24892185705099,41.97747747747748,84.24892185705099
ganges_plain_2020110100_top03_2020,ganges_plain,top03_2020,precip_large_zwd,q,q,q850_box_mean_g_per_kg,per-timestep/per-level spatial mean,actual_vs_uniform_q,6,enc_s0_skip,target_box,4.801424980163574,12.359526634216309,8.508919715881348,7.558101654052734,3.7074947357177734,0.49053253123815493,26.97747747747748,89.24892185705099,41.97747747747748,84.24892185705099
ganges_plain_2020110100_top03_2020,ganges_plain,top03_2020,precip_large_zwd,q,q,q850_box_mean_g_per_kg,per-timestep/per-level spatial mean,actual_vs_uniform_q,6,enc_s0_skip,mountain_near,4.801424980163574,12.359526634216309,4.83413028717041,7.558101654052734,0.03270530700683594,0.004327185383819098,26.97747747747748,89.24892185705099,41.97747747747748,84.24892185705099
ganges_plain_2020110100_top03_2020,ganges_plain,top03_2020,precip_large_zwd,q,q,q850_box_mean_g_per_kg,per-timestep/per-level spatial mean,actual_vs_uniform_q,6,enc_s0_skip,upstream,4.801424980163574,12.359526634216309,6.6345133781433105,7.558101654052734,1.8330883979797363,0.24253291128954516,26.97747747747748,89.24892185705099,41.97747747747748,84.24892185705099
ganges_plain_2020110100_top03_2020,ganges_plain,top03_2020,precip_large_zwd,q,q,q850_box_mean_g_per_kg,per-timestep/per-level spatial mean,actual_vs_uniform_q,6,enc_s0_skip,hotspot_gaussian,4.801424980163574,12.359526634216309,9.201315879821777,7.558101654052734,4.399890899658203,0.5821423289932777,26.97747747747748,89.24892185705099,41.97747747747748,84.24892185705099
ganges_plain_2020110100_top03_2020,ganges_plain,top03_2020,precip_large_zwd,q,q,q850_box_mean_g_per_kg,per-timestep/per-level spatial mean,actual_vs_uniform_q,6,enc_s0_skip,low_near_gaussian,4.801424980163574,12.359526634216309,4.863450050354004,7.558101654052734,0.06202507019042969,0.008206435032158,26.97747747747748,89.24892185705099,41.97747747747748,84.24892185705099
ganges_plain_2020110100_top03_2020,ganges_plain,top03_2020,precip_large_zwd,q,q,q850_box_mean_g_per_kg,per-timestep/per-level spatial mean,actual_vs_uniform_q,6,enc_s0_skip,remote_control,4.801424980163574,12.359526634216309,4.80156135559082,7.558101654052734,0.00013637542724609375,1.8043608499624742e-05,26.97747747747748,89.24892185705099,41.97747747747748,84.24892185705099
ganges_plain_2020110100_top03_2020,ganges_plain,top03_2020,precip_large_zwd,q,q,q850_box_mean_g_per_kg,per-timestep/per-level spatial mean,actual_vs_uniform_q,6,enc_s1_skip,whole,4.801424980163574,12.359526634216309,4.801424980163574,7.558101654052734,0.0,0.0,26.97747747747748,89.24892185705099,41.97747747747748,84.24892185705099
ganges_plain_2020110100_top03_2020,ganges_plain,top03_2020,precip_large_zwd,q,q,q850_box_mean_g_per_kg,per-timestep/per-level spatial mean,actual_vs_uniform_q,6,enc_s1_skip,target_box,4.801424980163574,12.359526634216309,4.801424980163574,7.558101654052734,0.0,0.0,26.97747747747748,89.24892185705099,41.97747747747748,84.24892185705099
ganges_plain_2020110100_top03_2020,ganges_plain,top03_2020,precip_large_zwd,q,q,q850_box_mean_g_per_kg,per-timestep/per-level spatial mean,actual_vs_uniform_q,6,enc_s1_skip,mountain_near,4.801424980163574,12.359526634216309,4.801424980163574,7.558101654052734,0.0,0.0,26.97747747747748,89.24892185705099,41.97747747747748,84.24892185705099
ganges_plain_2020110100_top03_2020,ganges_plain,top03_2020,precip_large_zwd,q,q,q850_box_mean_g_per_kg,per-timestep/per-level spatial mean,actual_vs_uniform_q,6,enc_s1_skip,upstream,4.801424980163574,12.359526634216309,4.801424980163574,7.558101654052734,0.0,0.0,26.97747747747748,89.24892185705099,41.97747747747748,84.24892185705099
ganges_plain_2020110100_top03_2020,ganges_plain,top03_2020,precip_large_zwd,q,q,q850_box_mean_g_per_kg,per-timestep/per-level spatial mean,actual_vs_uniform_q,6,enc_s1_skip,hotspot_gaussian,4.801424980163574,12.359526634216309,4.801424980163574,7.558101654052734,0.0,0.0,26.97747747747748,89.24892185705099,41.97747747747748,84.24892185705099
ganges_plain_2020110100_top03_2020,ganges_plain,top03_2020,precip_large_zwd,q,q,q850_box_mean_g_per_kg,per-timestep/per-level spatial mean,actual_vs_uniform_q,6,enc_s1_skip,low_near_gaussian,4.801424980163574,12.359526634216309,4.801424980163574,7.558101654052734,0.0,0.0,26.97747747747748,89.24892185705099,41.97747747747748,84.24892185705099
ganges_plain_2020110100_top03_2020,ganges_plain,top03_2020,precip_large_zwd,q,q,q850_box_mean_g_per_kg,per-timestep/per-level spatial mean,actual_vs_uniform_q,6,enc_s1_skip,remote_control,4.801424980163574,12.359526634216309,4.801424980163574,7.558101654052734,0.0,0.0,26.97747747747748,89.24892185705099,41.97747747747748,84.24892185705099
ganges_plain_2020110100_top03_2020,ganges_plain,top03_2020,precip_large_zwd,q,q,q850_box_mean_g_per_kg,per-timestep/per-level spatial mean,actual_vs_uniform_q,6,enc_s2_bottleneck,whole,4.801424980163574,12.359526634216309,7.836048603057861,7.558101654052734,3.034623622894287,0.40150606088594876,26.97747747747748,89.24892185705099,41.97747747747748,84.24892185705099
ganges_plain_2020110100_top03_2020,ganges_plain,top03_2020,precip_large_zwd,q,q,q850_box_mean_g_per_kg,per-timestep/per-level spatial mean,actual_vs_uniform_q,6,enc_s2_bottleneck,target_box,4.801424980163574,12.359526634216309,5.704721450805664,7.558101654052734,0.9032964706420898,0.11951367049393054,26.97747747747748,89.24892185705099,41.97747747747748,84.24892185705099
ganges_plain_2020110100_top03_2020,ganges_plain,top03_2020,precip_large_zwd,q,q,q850_box_mean_g_per_kg,per-timestep/per-level spatial mean,actual_vs_uniform_q,6,enc_s2_bottleneck,mountain_near,4.801424980163574,12.359526634216309,4.898099422454834,7.558101654052734,0.09667444229125977,0.012790836471407063,26.97747747747748,89.24892185705099,41.97747747747748,84.24892185705099
ganges_plain_2020110100_top03_2020,ganges_plain,top03_2020,precip_large_zwd,q,q,q850_box_mean_g_per_kg,per-timestep/per-level spatial mean,actual_vs_uniform_q,6,enc_s2_bottleneck,upstream,4.801424980163574,12.359526634216309,5.7258734703063965,7.558101654052734,0.9244484901428223,0.12231225940803842,26.97747747747748,89.24892185705099,41.97747747747748,84.24892185705099
ganges_plain_2020110100_top03_2020,ganges_plain,top03_2020,precip_large_zwd,q,q,q850_box_mean_g_per_kg,per-timestep/per-level spatial mean,actual_vs_uniform_q,6,enc_s2_bottleneck,hotspot_gaussian,4.801424980163574,12.359526634216309,7.36670446395874,7.558101654052734,2.565279483795166,0.33940790971230667,26.97747747747748,89.24892185705099,41.97747747747748,84.24892185705099
ganges_plain_2020110100_top03_2020,ganges_plain,top03_2020,precip_large_zwd,q,q,q850_box_mean_g_per_kg,per-timestep/per-level spatial mean,actual_vs_uniform_q,6,enc_s2_bottleneck,low_near_gaussian,4.801424980163574,12.359526634216309,4.823207855224609,7.558101654052734,0.021782875061035156,0.0028820563758036977,26.97747747747748,89.24892185705099,41.97747747747748,84.24892185705099
ganges_plain_2020110100_top03_2020,ganges_plain,top03_2020,precip_large_zwd,q,q,q850_box_mean_g_per_kg,per-timestep/per-level spatial mean,actual_vs_uniform_q,6,enc_s2_bottleneck,remote_control,4.801424980163574,12.359526634216309,4.801814556121826,7.558101654052734,0.0003895759582519531,5.154415435032663e-05,26.97747747747748,89.24892185705099,41.97747747747748,84.24892185705099
ganges_plain_2020110100_top03_2020,ganges_plain,top03_2020,precip_large_zwd,q,q,q850_box_mean_g_per_kg,per-timestep/per-level spatial mean,actual_vs_uniform_q,6,dec_s0_pre_skip,whole,4.801424980163574,12.359526634216309,7.836048603057861,7.558101654052734,3.034623622894287,0.40150606088594876,26.97747747747748,89.24892185705099,41.97747747747748,84.24892185705099
ganges_plain_2020110100_top03_2020,ganges_plain,top03_2020,precip_large_zwd,q,q,q850_box_mean_g_per_kg,per-timestep/per-level spatial mean,actual_vs_uniform_q,6,dec_s0_pre_skip,target_box,4.801424980163574,12.359526634216309,5.704721450805664,7.558101654052734,0.9032964706420898,0.11951367049393054,26.97747747747748,89.24892185705099,41.97747747747748,84.24892185705099
ganges_plain_2020110100_top03_2020,ganges_plain,top03_2020,precip_large_zwd,q,q,q850_box_mean_g_per_kg,per-timestep/per-level spatial mean,actual_vs_uniform_q,6,dec_s0_pre_skip,mountain_near,4.801424980163574,12.359526634216309,4.898099422454834,7.558101654052734,0.09667444229125977,0.012790836471407063,26.97747747747748,89.24892185705099,41.97747747747748,84.24892185705099
ganges_plain_2020110100_top03_2020,ganges_plain,top03_2020,precip_large_zwd,q,q,q850_box_mean_g_per_kg,per-timestep/per-level spatial mean,actual_vs_uniform_q,6,dec_s0_pre_skip,upstream,4.801424980163574,12.359526634216309,5.7258734703063965,7.558101654052734,0.9244484901428223,0.12231225940803842,26.97747747747748,89.24892185705099,41.97747747747748,84.24892185705099
ganges_plain_2020110100_top03_2020,ganges_plain,top03_2020,precip_large_zwd,q,q,q850_box_mean_g_per_kg,per-timestep/per-level spatial mean,actual_vs_uniform_q,6,dec_s0_pre_skip,hotspot_gaussian,4.801424980163574,12.359526634216309,7.36670446395874,7.558101654052734,2.565279483795166,0.33940790971230667,26.97747747747748,89.24892185705099,41.97747747747748,84.24892185705099
ganges_plain_2020110100_top03_2020,ganges_plain,top03_2020,precip_large_zwd,q,q,q850_box_mean_g_per_kg,per-timestep/per-level spatial mean,actual_vs_uniform_q,6,dec_s0_pre_skip,low_near_gaussian,4.801424980163574,12.359526634216309,4.823207855224609,7.558101654052734,0.021782875061035156,0.0028820563758036977,26.97747747747748,89.24892185705099,41.97747747747748,84.24892185705099
ganges_plain_2020110100_top03_2020,ganges_plain,top03_2020,precip_large_zwd,q,q,q850_box_mean_g_per_kg,per-timestep/per-level spatial mean,actual_vs_uniform_q,6,dec_s0_pre_skip,remote_control,4.801424980163574,12.359526634216309,4.801814556121826,7.558101654052734,0.0003895759582519531,5.154415435032663e-05,26.97747747747748,89.24892185705099,41.97747747747748,84.24892185705099
ganges_plain_2020110100_top03_2020,ganges_plain,top03_2020,precip_large_zwd,q,q,q850_box_mean_g_per_kg,per-timestep/per-level spatial mean,actual_vs_uniform_q,6,dec_s1_pre_skip,whole,4.801424980163574,12.359526634216309,7.837169647216797,7.558101654052734,3.0357446670532227,0.40165438439497886,26.97747747747748,89.24892185705099,41.97747747747748,84.24892185705099
ganges_plain_2020110100_top03_2020,ganges_plain,top03_2020,precip_large_zwd,q,q,q850_box_mean_g_per_kg,per-timestep/per-level spatial mean,actual_vs_uniform_q,6,dec_s1_pre_skip,target_box,4.801424980163574,12.359526634216309,5.825589656829834,7.558101654052734,1.0241646766662598,0.13550554405643536,26.97747747747748,89.24892185705099,41.97747747747748,84.24892185705099
ganges_plain_2020110100_top03_2020,ganges_plain,top03_2020,precip_large_zwd,q,q,q850_box_mean_g_per_kg,per-timestep/per-level spatial mean,actual_vs_uniform_q,6,dec_s1_pre_skip,mountain_near,4.801424980163574,12.359526634216309,4.8837080001831055,7.558101654052734,0.08228302001953125,0.010886731058374986,26.97747747747748,89.24892185705099,41.97747747747748,84.24892185705099
ganges_plain_2020110100_top03_2020,ganges_plain,top03_2020,precip_large_zwd,q,q,q850_box_mean_g_per_kg,per-timestep/per-level spatial mean,actual_vs_uniform_q,6,dec_s1_pre_skip,upstream,4.801424980163574,12.359526634216309,5.765767574310303,7.558101654052734,0.9643425941467285,0.12759058270004053,26.97747747747748,89.24892185705099,41.97747747747748,84.24892185705099
ganges_plain_2020110100_top03_2020,ganges_plain,top03_2020,precip_large_zwd,q,q,q850_box_mean_g_per_kg,per-timestep/per-level spatial mean,actual_vs_uniform_q,6,dec_s1_pre_skip,hotspot_gaussian,4.801424980163574,12.359526634216309,7.509202003479004,7.558101654052734,2.7077770233154297,0.358261524818668,26.97747747747748,89.24892185705099,41.97747747747748,84.24892185705099
ganges_plain_2020110100_top03_2020,ganges_plain,top03_2020,precip_large_zwd,q,q,q850_box_mean_g_per_kg,per-timestep/per-level spatial mean,actual_vs_uniform_q,6,dec_s1_pre_skip,low_near_gaussian,4.801424980163574,12.359526634216309,4.82447624206543,7.558101654052734,0.02305126190185547,0.0030498745527582495,26.97747747747748,89.24892185705099,41.97747747747748,84.24892185705099
ganges_plain_2020110100_top03_2020,ganges_plain,top03_2020,precip_large_zwd,q,q,q850_box_mean_g_per_kg,per-timestep/per-level spatial mean,actual_vs_uniform_q,6,dec_s1_pre_skip,remote_control,4.801424980163574,12.359526634216309,4.800948143005371,7.558101654052734,-0.000476837158203125,-6.308954020847812e-05,26.97747747747748,89.24892185705099,41.97747747747748,84.24892185705099
ganges_plain_2020110100_top03_2020,ganges_plain,top03_2020,precip_large_zwd,q,q,q850_box_mean_g_per_kg,per-timestep/per-level spatial mean,actual_vs_uniform_q,6,dec_s1_post_skip,whole,4.801424980163574,12.359526634216309,10.330375671386719,7.558101654052734,5.5289506912231445,0.7315263731943142,26.97747747747748,89.24892185705099,41.97747747747748,84.24892185705099
ganges_plain_2020110100_top03_2020,ganges_plain,top03_2020,precip_large_zwd,q,q,q850_box_mean_g_per_kg,per-timestep/per-level spatial mean,actual_vs_uniform_q,6,dec_s1_post_skip,target_box,4.801424980163574,12.359526634216309,9.140249252319336,7.558101654052734,4.338824272155762,0.5740627039369387,26.97747747747748,89.24892185705099,41.97747747747748,84.24892185705099
ganges_plain_2020110100_top03_2020,ganges_plain,top03_2020,precip_large_zwd,q,q,q850_box_mean_g_per_kg,per-timestep/per-level spatial mean,actual_vs_uniform_q,6,dec_s1_post_skip,mountain_near,4.801424980163574,12.359526634216309,4.827899932861328,7.558101654052734,0.026474952697753906,0.0035028574514551223,26.97747747747748,89.24892185705099,41.97747747747748,84.24892185705099
ganges_plain_2020110100_top03_2020,ganges_plain,top03_2020,precip_large_zwd,q,q,q850_box_mean_g_per_kg,per-timestep/per-level spatial mean,actual_vs_uniform_q,6,dec_s1_post_skip,upstream,4.801424980163574,12.359526634216309,6.907373905181885,7.558101654052734,2.1059489250183105,0.2786346388830426,26.97747747747748,89.24892185705099,41.97747747747748,84.24892185705099
ganges_plain_2020110100_top03_2020,ganges_plain,top03_2020,precip_large_zwd,q,q,q850_box_mean_g_per_kg,per-timestep/per-level spatial mean,actual_vs_uniform_q,6,dec_s1_post_skip,hotspot_gaussian,4.801424980163574,12.359526634216309,9.840270042419434,7.558101654052734,5.038845062255859,0.666681303439995,26.97747747747748,89.24892185705099,41.97747747747748,84.24892185705099
ganges_plain_2020110100_top03_2020,ganges_plain,top03_2020,precip_large_zwd,q,q,q850_box_mean_g_per_kg,per-timestep/per-level spatial mean,actual_vs_uniform_q,6,dec_s1_post_skip,low_near_gaussian,4.801424980163574,12.359526634216309,4.865536689758301,7.558101654052734,0.06411170959472656,0.0084825148601103,26.97747747747748,89.24892185705099,41.97747747747748,84.24892185705099
ganges_plain_2020110100_top03_2020,ganges_plain,top03_2020,precip_large_zwd,q,q,q850_box_mean_g_per_kg,per-timestep/per-level spatial mean,actual_vs_uniform_q,6,dec_s1_post_skip,remote_control,4.801424980163574,12.359526634216309,4.801389217376709,7.558101654052734,-3.5762786865234375e-05,-4.73171551563586e-06,26.97747747747748,89.24892185705099,41.97747747747748,84.24892185705099
ganges_plain_2020110100_top03_2020,ganges_plain,top03_2020,precip_large_zwd,q,q,q850_box_mean_g_per_kg,per-timestep/per-level spatial mean,actual_vs_uniform_q,6,dec_s2_pre_concat,whole,4.801424980163574,12.359526634216309,10.330375671386719,7.558101654052734,5.5289506912231445,0.7315263731943142,26.97747747747748,89.24892185705099,41.97747747747748,84.24892185705099
ganges_plain_2020110100_top03_2020,ganges_plain,top03_2020,precip_large_zwd,q,q,q850_box_mean_g_per_kg,per-timestep/per-level spatial mean,actual_vs_uniform_q,6,dec_s2_pre_concat,target_box,4.801424980163574,12.359526634216309,9.140249252319336,7.558101654052734,4.338824272155762,0.5740627039369387,26.97747747747748,89.24892185705099,41.97747747747748,84.24892185705099
ganges_plain_2020110100_top03_2020,ganges_plain,top03_2020,precip_large_zwd,q,q,q850_box_mean_g_per_kg,per-timestep/per-level spatial mean,actual_vs_uniform_q,6,dec_s2_pre_concat,mountain_near,4.801424980163574,12.359526634216309,4.827899932861328,7.558101654052734,0.026474952697753906,0.0035028574514551223,26.97747747747748,89.24892185705099,41.97747747747748,84.24892185705099
ganges_plain_2020110100_top03_2020,ganges_plain,top03_2020,precip_large_zwd,q,q,q850_box_mean_g_per_kg,per-timestep/per-level spatial mean,actual_vs_uniform_q,6,dec_s2_pre_concat,upstream,4.801424980163574,12.359526634216309,6.907373905181885,7.558101654052734,2.1059489250183105,0.2786346388830426,26.97747747747748,89.24892185705099,41.97747747747748,84.24892185705099
ganges_plain_2020110100_top03_2020,ganges_plain,top03_2020,precip_large_zwd,q,q,q850_box_mean_g_per_kg,per-timestep/per-level spatial mean,actual_vs_uniform_q,6,dec_s2_pre_concat,hotspot_gaussian,4.801424980163574,12.359526634216309,9.840270042419434,7.558101654052734,5.038845062255859,0.666681303439995,26.97747747747748,89.24892185705099,41.97747747747748,84.24892185705099
ganges_plain_2020110100_top03_2020,ganges_plain,top03_2020,precip_large_zwd,q,q,q850_box_mean_g_per_kg,per-timestep/per-level spatial mean,actual_vs_uniform_q,6,dec_s2_pre_concat,low_near_gaussian,4.801424980163574,12.359526634216309,4.865536689758301,7.558101654052734,0.06411170959472656,0.0084825148601103,26.97747747747748,89.24892185705099,41.97747747747748,84.24892185705099
ganges_plain_2020110100_top03_2020,ganges_plain,top03_2020,precip_large_zwd,q,q,q850_box_mean_g_per_kg,per-timestep/per-level spatial mean,actual_vs_uniform_q,6,dec_s2_pre_concat,remote_control,4.801424980163574,12.359526634216309,4.801389217376709,7.558101654052734,-3.5762786865234375e-05,-4.73171551563586e-06,26.97747747747748,89.24892185705099,41.97747747747748,84.24892185705099
ganges_plain_2020110100_top03_2020,ganges_plain,top03_2020,precip_large_zwd,q,q,q850_box_mean_g_per_kg,per-timestep/per-level spatial mean,actual_vs_uniform_q,6,dec_s2_post_concat,whole,4.801424980163574,12.359526634216309,12.359557151794434,7.558101654052734,7.558132171630859,1.0000040377305734,26.97747747747748,89.24892185705099,41.97747747747748,84.24892185705099
ganges_plain_2020110100_top03_2020,ganges_plain,top03_2020,precip_large_zwd,q,q,q850_box_mean_g_per_kg,per-timestep/per-level spatial mean,actual_vs_uniform_q,6,dec_s2_post_concat,target_box,4.801424980163574,12.359526634216309,10.76422119140625,7.558101654052734,5.962796211242676,0.788927760457596,26.97747747747748,89.24892185705099,41.97747747747748,84.24892185705099
ganges_plain_2020110100_top03_2020,ganges_plain,top03_2020,precip_large_zwd,q,q,q850_box_mean_g_per_kg,per-timestep/per-level spatial mean,actual_vs_uniform_q,6,dec_s2_post_concat,mountain_near,4.801424980163574,12.359526634216309,4.841875076293945,7.558101654052734,0.040450096130371094,0.005351885695885199,26.97747747747748,89.24892185705099,41.97747747747748,84.24892185705099
ganges_plain_2020110100_top03_2020,ganges_plain,top03_2020,precip_large_zwd,q,q,q850_box_mean_g_per_kg,per-timestep/per-level spatial mean,actual_vs_uniform_q,6,dec_s2_post_concat,upstream,4.801424980163574,12.359526634216309,7.699194431304932,7.558101654052734,2.8977694511413574,0.3833991104879547,26.97747747747748,89.24892185705099,41.97747747747748,84.24892185705099
ganges_plain_2020110100_top03_2020,ganges_plain,top03_2020,precip_large_zwd,q,q,q850_box_mean_g_per_kg,per-timestep/per-level spatial mean,actual_vs_uniform_q,6,dec_s2_post_concat,hotspot_gaussian,4.801424980163574,12.359526634216309,11.696019172668457,7.558101654052734,6.894594192504883,0.9122124189488677,26.97747747747748,89.24892185705099,41.97747747747748,84.24892185705099
ganges_plain_2020110100_top03_2020,ganges_plain,top03_2020,precip_large_zwd,q,q,q850_box_mean_g_per_kg,per-timestep/per-level spatial mean,actual_vs_uniform_q,6,dec_s2_post_concat,low_near_gaussian,4.801424980163574,12.359526634216309,4.8950514793396,7.558101654052734,0.09362649917602539,0.012387568130394471,26.97747747747748,89.24892185705099,41.97747747747748,84.24892185705099
ganges_plain_2020110100_top03_2020,ganges_plain,top03_2020,precip_large_zwd,q,q,q850_box_mean_g_per_kg,per-timestep/per-level spatial mean,actual_vs_uniform_q,6,dec_s2_post_concat,remote_control,4.801424980163574,12.359526634216309,4.801409721374512,7.558101654052734,-1.52587890625e-05,-2.0188652866712998e-06,26.97747747747748,89.24892185705099,41.97747747747748,84.24892185705099
ganges_plain_2020110100_top03_2020,ganges_plain,top03_2020,precip_large_zwd,q,q,q850_box_mean_g_per_kg,per-timestep/per-level spatial mean,actual_vs_uniform_q,12,enc_s0_skip,whole,6.706664085388184,12.335880279541016,10.957777976989746,5.629216194152832,4.2511138916015625,0.7551875332159512,26.97747747747748,89.24892185705099,41.97747747747748,84.24892185705099
ganges_plain_2020110100_top03_2020,ganges_plain,top03_2020,precip_large_zwd,q,q,q850_box_mean_g_per_kg,per-timestep/per-level spatial mean,actual_vs_uniform_q,12,enc_s0_skip,target_box,6.706664085388184,12.335880279541016,10.046342849731445,5.629216194152832,3.3396787643432617,0.5932759817987175,26.97747747747748,89.24892185705099,41.97747747747748,84.24892185705099
ganges_plain_2020110100_top03_2020,ganges_plain,top03_2020,precip_large_zwd,q,q,q850_box_mean_g_per_kg,per-timestep/per-level spatial mean,actual_vs_uniform_q,12,enc_s0_skip,mountain_near,6.706664085388184,12.335880279541016,6.7164998054504395,5.629216194152832,0.00983572006225586,0.0017472628023191574,26.97747747747748,89.24892185705099,41.97747747747748,84.24892185705099
ganges_plain_2020110100_top03_2020,ganges_plain,top03_2020,precip_large_zwd,q,q,q850_box_mean_g_per_kg,per-timestep/per-level spatial mean,actual_vs_uniform_q,12,enc_s0_skip,upstream,6.706664085388184,12.335880279541016,8.269454956054688,5.629216194152832,1.562790870666504,0.27762139821344983,26.97747747747748,89.24892185705099,41.97747747747748,84.24892185705099
ganges_plain_2020110100_top03_2020,ganges_plain,top03_2020,precip_large_zwd,q,q,q850_box_mean_g_per_kg,per-timestep/per-level spatial mean,actual_vs_uniform_q,12,enc_s0_skip,hotspot_gaussian,6.706664085388184,12.335880279541016,11.020121574401855,5.629216194152832,4.313457489013672,0.766262538200991,26.97747747747748,89.24892185705099,41.97747747747748,84.24892185705099
ganges_plain_2020110100_top03_2020,ganges_plain,top03_2020,precip_large_zwd,q,q,q850_box_mean_g_per_kg,per-timestep/per-level spatial mean,actual_vs_uniform_q,12,enc_s0_skip,low_near_gaussian,6.706664085388184,12.335880279541016,6.763579845428467,5.629216194152832,0.0569157600402832,0.010110778850420174,26.97747747747748,89.24892185705099,41.97747747747748,84.24892185705099
ganges_plain_2020110100_top03_2020,ganges_plain,top03_2020,precip_large_zwd,q,q,q850_box_mean_g_per_kg,per-timestep/per-level spatial mean,actual_vs_uniform_q,12,enc_s0_skip,remote_control,6.706664085388184,12.335880279541016,6.695786476135254,5.629216194152832,-0.010877609252929688,-0.0019323488169149473,26.97747747747748,89.24892185705099,41.97747747747748,84.24892185705099
ganges_plain_2020110100_top03_2020,ganges_plain,top03_2020,precip_large_zwd,q,q,q850_box_mean_g_per_kg,per-timestep/per-level spatial mean,actual_vs_uniform_q,12,enc_s1_skip,whole,6.706664085388184,12.335880279541016,6.706664085388184,5.629216194152832,0.0,0.0,26.97747747747748,89.24892185705099,41.97747747747748,84.24892185705099
ganges_plain_2020110100_top03_2020,ganges_plain,top03_2020,precip_large_zwd,q,q,q850_box_mean_g_per_kg,per-timestep/per-level spatial mean,actual_vs_uniform_q,12,enc_s1_skip,target_box,6.706664085388184,12.335880279541016,6.706664085388184,5.629216194152832,0.0,0.0,26.97747747747748,89.24892185705099,41.97747747747748,84.24892185705099
ganges_plain_2020110100_top03_2020,ganges_plain,top03_2020,precip_large_zwd,q,q,q850_box_mean_g_per_kg,per-timestep/per-level spatial mean,actual_vs_uniform_q,12,enc_s1_skip,mountain_near,6.706664085388184,12.335880279541016,6.706664085388184,5.629216194152832,0.0,0.0,26.97747747747748,89.24892185705099,41.97747747747748,84.24892185705099
ganges_plain_2020110100_top03_2020,ganges_plain,top03_2020,precip_large_zwd,q,q,q850_box_mean_g_per_kg,per-timestep/per-level spatial mean,actual_vs_uniform_q,12,enc_s1_skip,upstream,6.706664085388184,12.335880279541016,6.706664085388184,5.629216194152832,0.0,0.0,26.97747747747748,89.24892185705099,41.97747747747748,84.24892185705099
ganges_plain_2020110100_top03_2020,ganges_plain,top03_2020,precip_large_zwd,q,q,q850_box_mean_g_per_kg,per-timestep/per-level spatial mean,actual_vs_uniform_q,12,enc_s1_skip,hotspot_gaussian,6.706664085388184,12.335880279541016,6.706664085388184,5.629216194152832,0.0,0.0,26.97747747747748,89.24892185705099,41.97747747747748,84.24892185705099
ganges_plain_2020110100_top03_2020,ganges_plain,top03_2020,precip_large_zwd,q,q,q850_box_mean_g_per_kg,per-timestep/per-level spatial mean,actual_vs_uniform_q,12,enc_s1_skip,low_near_gaussian,6.706664085388184,12.335880279541016,6.706664085388184,5.629216194152832,0.0,0.0,26.97747747747748,89.24892185705099,41.97747747747748,84.24892185705099
ganges_plain_2020110100_top03_2020,ganges_plain,top03_2020,precip_large_zwd,q,q,q850_box_mean_g_per_kg,per-timestep/per-level spatial mean,actual_vs_uniform_q,12,enc_s1_skip,remote_control,6.706664085388184,12.335880279541016,6.706664085388184,5.629216194152832,0.0,0.0,26.97747747747748,89.24892185705099,41.97747747747748,84.24892185705099
ganges_plain_2020110100_top03_2020,ganges_plain,top03_2020,precip_large_zwd,q,q,q850_box_mean_g_per_kg,per-timestep/per-level spatial mean,actual_vs_uniform_q,12,enc_s2_bottleneck,whole,6.706664085388184,12.335880279541016,9.323282241821289,5.629216194152832,2.6166181564331055,0.464828151235519,26.97747747747748,89.24892185705099,41.97747747747748,84.24892185705099
ganges_plain_2020110100_top03_2020,ganges_plain,top03_2020,precip_large_zwd,q,q,q850_box_mean_g_per_kg,per-timestep/per-level spatial mean,actual_vs_uniform_q,12,enc_s2_bottleneck,target_box,6.706664085388184,12.335880279541016,7.757794380187988,5.629216194152832,1.0511302947998047,0.18672764707307432,26.97747747747748,89.24892185705099,41.97747747747748,84.24892185705099
ganges_plain_2020110100_top03_2020,ganges_plain,top03_2020,precip_large_zwd,q,q,q850_box_mean_g_per_kg,per-timestep/per-level spatial mean,actual_vs_uniform_q,12,enc_s2_bottleneck,mountain_near,6.706664085388184,12.335880279541016,7.004053592681885,5.629216194152832,0.29738950729370117,0.0528296475098265,26.97747747747748,89.24892185705099,41.97747747747748,84.24892185705099
ganges_plain_2020110100_top03_2020,ganges_plain,top03_2020,precip_large_zwd,q,q,q850_box_mean_g_per_kg,per-timestep/per-level spatial mean,actual_vs_uniform_q,12,enc_s2_bottleneck,upstream,6.706664085388184,12.335880279541016,8.174237251281738,5.629216194152832,1.4675731658935547,0.2607064847532325,26.97747747747748,89.24892185705099,41.97747747747748,84.24892185705099
ganges_plain_2020110100_top03_2020,ganges_plain,top03_2020,precip_large_zwd,q,q,q850_box_mean_g_per_kg,per-timestep/per-level spatial mean,actual_vs_uniform_q,12,enc_s2_bottleneck,hotspot_gaussian,6.706664085388184,12.335880279541016,9.14589786529541,5.629216194152832,2.4392337799072266,0.43331677018212633,26.97747747747748,89.24892185705099,41.97747747747748,84.24892185705099
ganges_plain_2020110100_top03_2020,ganges_plain,top03_2020,precip_large_zwd,q,q,q850_box_mean_g_per_kg,per-timestep/per-level spatial mean,actual_vs_uniform_q,12,enc_s2_bottleneck,low_near_gaussian,6.706664085388184,12.335880279541016,6.735594272613525,5.629216194152832,0.028930187225341797,0.005139292261574907,26.97747747747748,89.24892185705099,41.97747747747748,84.24892185705099
ganges_plain_2020110100_top03_2020,ganges_plain,top03_2020,precip_large_zwd,q,q,q850_box_mean_g_per_kg,per-timestep/per-level spatial mean,actual_vs_uniform_q,12,enc_s2_bottleneck,remote_control,6.706664085388184,12.335880279541016,6.69863748550415,5.629216194152832,-0.008026599884033203,-0.0014258823266320054,26.97747747747748,89.24892185705099,41.97747747747748,84.24892185705099
ganges_plain_2020110100_top03_2020,ganges_plain,top03_2020,precip_large_zwd,q,q,q850_box_mean_g_per_kg,per-timestep/per-level spatial mean,actual_vs_uniform_q,12,dec_s0_pre_skip,whole,6.706664085388184,12.335880279541016,9.323282241821289,5.629216194152832,2.6166181564331055,0.464828151235519,26.97747747747748,89.24892185705099,41.97747747747748,84.24892185705099
ganges_plain_2020110100_top03_2020,ganges_plain,top03_2020,precip_large_zwd,q,q,q850_box_mean_g_per_kg,per-timestep/per-level spatial mean,actual_vs_uniform_q,12,dec_s0_pre_skip,target_box,6.706664085388184,12.335880279541016,7.757794380187988,5.629216194152832,1.0511302947998047,0.18672764707307432,26.97747747747748,89.24892185705099,41.97747747747748,84.24892185705099
ganges_plain_2020110100_top03_2020,ganges_plain,top03_2020,precip_large_zwd,q,q,q850_box_mean_g_per_kg,per-timestep/per-level spatial mean,actual_vs_uniform_q,12,dec_s0_pre_skip,mountain_near,6.706664085388184,12.335880279541016,7.004053592681885,5.629216194152832,0.29738950729370117,0.0528296475098265,26.97747747747748,89.24892185705099,41.97747747747748,84.24892185705099
ganges_plain_2020110100_top03_2020,ganges_plain,top03_2020,precip_large_zwd,q,q,q850_box_mean_g_per_kg,per-timestep/per-level spatial mean,actual_vs_uniform_q,12,dec_s0_pre_skip,upstream,6.706664085388184,12.335880279541016,8.174237251281738,5.629216194152832,1.4675731658935547,0.2607064847532325,26.97747747747748,89.24892185705099,41.97747747747748,84.24892185705099
ganges_plain_2020110100_top03_2020,ganges_plain,top03_2020,precip_large_zwd,q,q,q850_box_mean_g_per_kg,per-timestep/per-level spatial mean,actual_vs_uniform_q,12,dec_s0_pre_skip,hotspot_gaussian,6.706664085388184,12.335880279541016,9.14589786529541,5.629216194152832,2.4392337799072266,0.43331677018212633,26.97747747747748,89.24892185705099,41.97747747747748,84.24892185705099
ganges_plain_2020110100_top03_2020,ganges_plain,top03_2020,precip_large_zwd,q,q,q850_box_mean_g_per_kg,per-timestep/per-level spatial mean,actual_vs_uniform_q,12,dec_s0_pre_skip,low_near_gaussian,6.706664085388184,12.335880279541016,6.735594272613525,5.629216194152832,0.028930187225341797,0.005139292261574907,26.97747747747748,89.24892185705099,41.97747747747748,84.24892185705099
ganges_plain_2020110100_top03_2020,ganges_plain,top03_2020,precip_large_zwd,q,q,q850_box_mean_g_per_kg,per-timestep/per-level spatial mean,actual_vs_uniform_q,12,dec_s0_pre_skip,remote_control,6.706664085388184,12.335880279541016,6.69863748550415,5.629216194152832,-0.008026599884033203,-0.0014258823266320054,26.97747747747748,89.24892185705099,41.97747747747748,84.24892185705099
ganges_plain_2020110100_top03_2020,ganges_plain,top03_2020,precip_large_zwd,q,q,q850_box_mean_g_per_kg,per-timestep/per-level spatial mean,actual_vs_uniform_q,12,dec_s1_pre_skip,whole,6.706664085388184,12.335880279541016,9.330729484558105,5.629216194152832,2.624065399169922,0.4661511138789776,26.97747747747748,89.24892185705099,41.97747747747748,84.24892185705099
ganges_plain_2020110100_top03_2020,ganges_plain,top03_2020,precip_large_zwd,q,q,q850_box_mean_g_per_kg,per-timestep/per-level spatial mean,actual_vs_uniform_q,12,dec_s1_pre_skip,target_box,6.706664085388184,12.335880279541016,7.804745674133301,5.629216194152832,1.0980815887451172,0.19506829208047013,26.97747747747748,89.24892185705099,41.97747747747748,84.24892185705099
ganges_plain_2020110100_top03_2020,ganges_plain,top03_2020,precip_large_zwd,q,q,q850_box_mean_g_per_kg,per-timestep/per-level spatial mean,actual_vs_uniform_q,12,dec_s1_pre_skip,mountain_near,6.706664085388184,12.335880279541016,6.920234680175781,5.629216194152832,0.21357059478759766,0.03793966822760108,26.97747747747748,89.24892185705099,41.97747747747748,84.24892185705099
ganges_plain_2020110100_top03_2020,ganges_plain,top03_2020,precip_large_zwd,q,q,q850_box_mean_g_per_kg,per-timestep/per-level spatial mean,actual_vs_uniform_q,12,dec_s1_pre_skip,upstream,6.706664085388184,12.335880279541016,7.816738605499268,5.629216194152832,1.110074520111084,0.19719877187593868,26.97747747747748,89.24892185705099,41.97747747747748,84.24892185705099
ganges_plain_2020110100_top03_2020,ganges_plain,top03_2020,precip_large_zwd,q,q,q850_box_mean_g_per_kg,per-timestep/per-level spatial mean,actual_vs_uniform_q,12,dec_s1_pre_skip,hotspot_gaussian,6.706664085388184,12.335880279541016,9.344478607177734,5.629216194152832,2.637814521789551,0.4685935716111767,26.97747747747748,89.24892185705099,41.97747747747748,84.24892185705099
ganges_plain_2020110100_top03_2020,ganges_plain,top03_2020,precip_large_zwd,q,q,q850_box_mean_g_per_kg,per-timestep/per-level spatial mean,actual_vs_uniform_q,12,dec_s1_pre_skip,low_near_gaussian,6.706664085388184,12.335880279541016,6.7278642654418945,5.629216194152832,0.021200180053710938,0.0037660980361230298,26.97747747747748,89.24892185705099,41.97747747747748,84.24892185705099
ganges_plain_2020110100_top03_2020,ganges_plain,top03_2020,precip_large_zwd,q,q,q850_box_mean_g_per_kg,per-timestep/per-level spatial mean,actual_vs_uniform_q,12,dec_s1_pre_skip,remote_control,6.706664085388184,12.335880279541016,6.69454288482666,5.629216194152832,-0.012121200561523438,-0.0021532661286155514,26.97747747747748,89.24892185705099,41.97747747747748,84.24892185705099
ganges_plain_2020110100_top03_2020,ganges_plain,top03_2020,precip_large_zwd,q,q,q850_box_mean_g_per_kg,per-timestep/per-level spatial mean,actual_vs_uniform_q,12,dec_s1_post_skip,whole,6.706664085388184,12.335880279541016,10.886834144592285,5.629216194152832,4.180170059204102,0.7425847427118041,26.97747747747748,89.24892185705099,41.97747747747748,84.24892185705099
ganges_plain_2020110100_top03_2020,ganges_plain,top03_2020,precip_large_zwd,q,q,q850_box_mean_g_per_kg,per-timestep/per-level spatial mean,actual_vs_uniform_q,12,dec_s1_post_skip,target_box,6.706664085388184,12.335880279541016,9.44672679901123,5.629216194152832,2.740062713623047,0.48675741330901434,26.97747747747748,89.24892185705099,41.97747747747748,84.24892185705099
ganges_plain_2020110100_top03_2020,ganges_plain,top03_2020,precip_large_zwd,q,q,q850_box_mean_g_per_kg,per-timestep/per-level spatial mean,actual_vs_uniform_q,12,dec_s1_post_skip,mountain_near,6.706664085388184,12.335880279541016,6.788297653198242,5.629216194152832,0.0816335678100586,0.014501764543144184,26.97747747747748,89.24892185705099,41.97747747747748,84.24892185705099
ganges_plain_2020110100_top03_2020,ganges_plain,top03_2020,precip_large_zwd,q,q,q850_box_mean_g_per_kg,per-timestep/per-level spatial mean,actual_vs_uniform_q,12,dec_s1_post_skip,upstream,6.706664085388184,12.335880279541016,8.085997581481934,5.629216194152832,1.37933349609375,0.24503118169923702,26.97747747747748,89.24892185705099,41.97747747747748,84.24892185705099
ganges_plain_2020110100_top03_2020,ganges_plain,top03_2020,precip_large_zwd,q,q,q850_box_mean_g_per_kg,per-timestep/per-level spatial mean,actual_vs_uniform_q,12,dec_s1_post_skip,hotspot_gaussian,6.706664085388184,12.335880279541016,10.593714714050293,5.629216194152832,3.8870506286621094,0.6905136513853667,26.97747747747748,89.24892185705099,41.97747747747748,84.24892185705099
ganges_plain_2020110100_top03_2020,ganges_plain,top03_2020,precip_large_zwd,q,q,q850_box_mean_g_per_kg,per-timestep/per-level spatial mean,actual_vs_uniform_q,12,dec_s1_post_skip,low_near_gaussian,6.706664085388184,12.335880279541016,6.765186309814453,5.629216194152832,0.05852222442626953,0.010396158613886177,26.97747747747748,89.24892185705099,41.97747747747748,84.24892185705099
ganges_plain_2020110100_top03_2020,ganges_plain,top03_2020,precip_large_zwd,q,q,q850_box_mean_g_per_kg,per-timestep/per-level spatial mean,actual_vs_uniform_q,12,dec_s1_post_skip,remote_control,6.706664085388184,12.335880279541016,6.6942949295043945,5.629216194152832,-0.012369155883789062,-0.0021973140588626046,26.97747747747748,89.24892185705099,41.97747747747748,84.24892185705099
ganges_plain_2020110100_top03_2020,ganges_plain,top03_2020,precip_large_zwd,q,q,q850_box_mean_g_per_kg,per-timestep/per-level spatial mean,actual_vs_uniform_q,12,dec_s2_pre_concat,whole,6.706664085388184,12.335880279541016,10.886834144592285,5.629216194152832,4.180170059204102,0.7425847427118041,26.97747747747748,89.24892185705099,41.97747747747748,84.24892185705099
ganges_plain_2020110100_top03_2020,ganges_plain,top03_2020,precip_large_zwd,q,q,q850_box_mean_g_per_kg,per-timestep/per-level spatial mean,actual_vs_uniform_q,12,dec_s2_pre_concat,target_box,6.706664085388184,12.335880279541016,9.44672679901123,5.629216194152832,2.740062713623047,0.48675741330901434,26.97747747747748,89.24892185705099,41.97747747747748,84.24892185705099
ganges_plain_2020110100_top03_2020,ganges_plain,top03_2020,precip_large_zwd,q,q,q850_box_mean_g_per_kg,per-timestep/per-level spatial mean,actual_vs_uniform_q,12,dec_s2_pre_concat,mountain_near,6.706664085388184,12.335880279541016,6.788297653198242,5.629216194152832,0.0816335678100586,0.014501764543144184,26.97747747747748,89.24892185705099,41.97747747747748,84.24892185705099
ganges_plain_2020110100_top03_2020,ganges_plain,top03_2020,precip_large_zwd,q,q,q850_box_mean_g_per_kg,per-timestep/per-level spatial mean,actual_vs_uniform_q,12,dec_s2_pre_concat,upstream,6.706664085388184,12.335880279541016,8.085997581481934,5.629216194152832,1.37933349609375,0.24503118169923702,26.97747747747748,89.24892185705099,41.97747747747748,84.24892185705099
ganges_plain_2020110100_top03_2020,ganges_plain,top03_2020,precip_large_zwd,q,q,q850_box_mean_g_per_kg,per-timestep/per-level spatial mean,actual_vs_uniform_q,12,dec_s2_pre_concat,hotspot_gaussian,6.706664085388184,12.335880279541016,10.593714714050293,5.629216194152832,3.8870506286621094,0.6905136513853667,26.97747747747748,89.24892185705099,41.97747747747748,84.24892185705099
ganges_plain_2020110100_top03_2020,ganges_plain,top03_2020,precip_large_zwd,q,q,q850_box_mean_g_per_kg,per-timestep/per-level spatial mean,actual_vs_uniform_q,12,dec_s2_pre_concat,low_near_gaussian,6.706664085388184,12.335880279541016,6.765186309814453,5.629216194152832,0.05852222442626953,0.010396158613886177,26.97747747747748,89.24892185705099,41.97747747747748,84.24892185705099
ganges_plain_2020110100_top03_2020,ganges_plain,top03_2020,precip_large_zwd,q,q,q850_box_mean_g_per_kg,per-timestep/per-level spatial mean,actual_vs_uniform_q,12,dec_s2_pre_concat,remote_control,6.706664085388184,12.335880279541016,6.6942949295043945,5.629216194152832,-0.012369155883789062,-0.0021973140588626046,26.97747747747748,89.24892185705099,41.97747747747748,84.24892185705099
ganges_plain_2020110100_top03_2020,ganges_plain,top03_2020,precip_large_zwd,q,q,q850_box_mean_g_per_kg,per-timestep/per-level spatial mean,actual_vs_uniform_q,12,dec_s2_post_concat,whole,6.706664085388184,12.335880279541016,12.017838478088379,5.629216194152832,5.311174392700195,0.9435015834383849,26.97747747747748,89.24892185705099,41.97747747747748,84.24892185705099
ganges_plain_2020110100_top03_2020,ganges_plain,top03_2020,precip_large_zwd,q,q,q850_box_mean_g_per_kg,per-timestep/per-level spatial mean,actual_vs_uniform_q,12,dec_s2_post_concat,target_box,6.706664085388184,12.335880279541016,10.143342018127441,5.629216194152832,3.436677932739258,0.6105073626962484,26.97747747747748,89.24892185705099,41.97747747747748,84.24892185705099
ganges_plain_2020110100_top03_2020,ganges_plain,top03_2020,precip_large_zwd,q,q,q850_box_mean_g_per_kg,per-timestep/per-level spatial mean,actual_vs_uniform_q,12,dec_s2_post_concat,mountain_near,6.706664085388184,12.335880279541016,6.791753768920898,5.629216194152832,0.08508968353271484,0.01511572492474157,26.97747747747748,89.24892185705099,41.97747747747748,84.24892185705099
ganges_plain_2020110100_top03_2020,ganges_plain,top03_2020,precip_large_zwd,q,q,q850_box_mean_g_per_kg,per-timestep/per-level spatial mean,actual_vs_uniform_q,12,dec_s2_post_concat,upstream,6.706664085388184,12.335880279541016,8.29436206817627,5.629216194152832,1.587697982788086,0.2820460128067663,26.97747747747748,89.24892185705099,41.97747747747748,84.24892185705099
ganges_plain_2020110100_top03_2020,ganges_plain,top03_2020,precip_large_zwd,q,q,q850_box_mean_g_per_kg,per-timestep/per-level spatial mean,actual_vs_uniform_q,12,dec_s2_post_concat,hotspot_gaussian,6.706664085388184,12.335880279541016,11.701801300048828,5.629216194152832,4.9951372146606445,0.8873592774513054,26.97747747747748,89.24892185705099,41.97747747747748,84.24892185705099
ganges_plain_2020110100_top03_2020,ganges_plain,top03_2020,precip_large_zwd,q,q,q850_box_mean_g_per_kg,per-timestep/per-level spatial mean,actual_vs_uniform_q,12,dec_s2_post_concat,low_near_gaussian,6.706664085388184,12.335880279541016,6.791488170623779,5.629216194152832,0.0848240852355957,0.015068542814842323,26.97747747747748,89.24892185705099,41.97747747747748,84.24892185705099
ganges_plain_2020110100_top03_2020,ganges_plain,top03_2020,precip_large_zwd,q,q,q850_box_mean_g_per_kg,per-timestep/per-level spatial mean,actual_vs_uniform_q,12,dec_s2_post_concat,remote_control,6.706664085388184,12.335880279541016,6.693686008453369,5.629216194152832,-0.012978076934814453,-0.0023054856106423864,26.97747747747748,89.24892185705099,41.97747747747748,84.24892185705099
ganges_plain_2020110100_top03_2020,ganges_plain,top03_2020,precip_large_zwd,q,q,q850_box_mean_g_per_kg,per-timestep/per-level spatial mean,actual_vs_uniform_q,24,enc_s0_skip,whole,7.040287494659424,12.09317398071289,11.376056671142578,5.052886486053467,4.335769176483154,0.8580776925130543,26.97747747747748,89.24892185705099,41.97747747747748,84.24892185705099
ganges_plain_2020110100_top03_2020,ganges_plain,top03_2020,precip_large_zwd,q,q,q850_box_mean_g_per_kg,per-timestep/per-level spatial mean,actual_vs_uniform_q,24,enc_s0_skip,target_box,7.040287494659424,12.09317398071289,8.29006576538086,5.052886486053467,1.2497782707214355,0.2473394710470864,26.97747747747748,89.24892185705099,41.97747747747748,84.24892185705099
ganges_plain_2020110100_top03_2020,ganges_plain,top03_2020,precip_large_zwd,q,q,q850_box_mean_g_per_kg,per-timestep/per-level spatial mean,actual_vs_uniform_q,24,enc_s0_skip,mountain_near,7.040287494659424,12.09317398071289,7.132559776306152,5.052886486053467,0.09227228164672852,0.018261301119946068,26.97747747747748,89.24892185705099,41.97747747747748,84.24892185705099
ganges_plain_2020110100_top03_2020,ganges_plain,top03_2020,precip_large_zwd,q,q,q850_box_mean_g_per_kg,per-timestep/per-level spatial mean,actual_vs_uniform_q,24,enc_s0_skip,upstream,7.040287494659424,12.09317398071289,7.816946029663086,5.052886486053467,0.7766585350036621,0.15370591386672286,26.97747747747748,89.24892185705099,41.97747747747748,84.24892185705099
ganges_plain_2020110100_top03_2020,ganges_plain,top03_2020,precip_large_zwd,q,q,q850_box_mean_g_per_kg,per-timestep/per-level spatial mean,actual_vs_uniform_q,24,enc_s0_skip,hotspot_gaussian,7.040287494659424,12.09317398071289,10.314216613769531,5.052886486053467,3.2739291191101074,0.6479324497287875,26.97747747747748,89.24892185705099,41.97747747747748,84.24892185705099
ganges_plain_2020110100_top03_2020,ganges_plain,top03_2020,precip_large_zwd,q,q,q850_box_mean_g_per_kg,per-timestep/per-level spatial mean,actual_vs_uniform_q,24,enc_s0_skip,low_near_gaussian,7.040287494659424,12.09317398071289,7.070937156677246,5.052886486053467,0.030649662017822266,0.006065772920570998,26.97747747747748,89.24892185705099,41.97747747747748,84.24892185705099
ganges_plain_2020110100_top03_2020,ganges_plain,top03_2020,precip_large_zwd,q,q,q850_box_mean_g_per_kg,per-timestep/per-level spatial mean,actual_vs_uniform_q,24,enc_s0_skip,remote_control,7.040287494659424,12.09317398071289,7.046339511871338,5.052886486053467,0.0060520172119140625,0.0011977346470415096,26.97747747747748,89.24892185705099,41.97747747747748,84.24892185705099
ganges_plain_2020110100_top03_2020,ganges_plain,top03_2020,precip_large_zwd,q,q,q850_box_mean_g_per_kg,per-timestep/per-level spatial mean,actual_vs_uniform_q,24,enc_s1_skip,whole,7.040287494659424,12.09317398071289,7.040287494659424,5.052886486053467,0.0,0.0,26.97747747747748,89.24892185705099,41.97747747747748,84.24892185705099
ganges_plain_2020110100_top03_2020,ganges_plain,top03_2020,precip_large_zwd,q,q,q850_box_mean_g_per_kg,per-timestep/per-level spatial mean,actual_vs_uniform_q,24,enc_s1_skip,target_box,7.040287494659424,12.09317398071289,7.040287494659424,5.052886486053467,0.0,0.0,26.97747747747748,89.24892185705099,41.97747747747748,84.24892185705099
ganges_plain_2020110100_top03_2020,ganges_plain,top03_2020,precip_large_zwd,q,q,q850_box_mean_g_per_kg,per-timestep/per-level spatial mean,actual_vs_uniform_q,24,enc_s1_skip,mountain_near,7.040287494659424,12.09317398071289,7.040287494659424,5.052886486053467,0.0,0.0,26.97747747747748,89.24892185705099,41.97747747747748,84.24892185705099
ganges_plain_2020110100_top03_2020,ganges_plain,top03_2020,precip_large_zwd,q,q,q850_box_mean_g_per_kg,per-timestep/per-level spatial mean,actual_vs_uniform_q,24,enc_s1_skip,upstream,7.040287494659424,12.09317398071289,7.040287494659424,5.052886486053467,0.0,0.0,26.97747747747748,89.24892185705099,41.97747747747748,84.24892185705099
ganges_plain_2020110100_top03_2020,ganges_plain,top03_2020,precip_large_zwd,q,q,q850_box_mean_g_per_kg,per-timestep/per-level spatial mean,actual_vs_uniform_q,24,enc_s1_skip,hotspot_gaussian,7.040287494659424,12.09317398071289,7.040287494659424,5.052886486053467,0.0,0.0,26.97747747747748,89.24892185705099,41.97747747747748,84.24892185705099
ganges_plain_2020110100_top03_2020,ganges_plain,top03_2020,precip_large_zwd,q,q,q850_box_mean_g_per_kg,per-timestep/per-level spatial mean,actual_vs_uniform_q,24,enc_s1_skip,low_near_gaussian,7.040287494659424,12.09317398071289,7.040287494659424,5.052886486053467,0.0,0.0,26.97747747747748,89.24892185705099,41.97747747747748,84.24892185705099
ganges_plain_2020110100_top03_2020,ganges_plain,top03_2020,precip_large_zwd,q,q,q850_box_mean_g_per_kg,per-timestep/per-level spatial mean,actual_vs_uniform_q,24,enc_s1_skip,remote_control,7.040287494659424,12.09317398071289,7.040287494659424,5.052886486053467,0.0,0.0,26.97747747747748,89.24892185705099,41.97747747747748,84.24892185705099
ganges_plain_2020110100_top03_2020,ganges_plain,top03_2020,precip_large_zwd,q,q,q850_box_mean_g_per_kg,per-timestep/per-level spatial mean,actual_vs_uniform_q,24,enc_s2_bottleneck,whole,7.040287494659424,12.09317398071289,9.909375190734863,5.052886486053467,2.8690876960754395,0.5678116268779129,26.97747747747748,89.24892185705099,41.97747747747748,84.24892185705099
ganges_plain_2020110100_top03_2020,ganges_plain,top03_2020,precip_large_zwd,q,q,q850_box_mean_g_per_kg,per-timestep/per-level spatial mean,actual_vs_uniform_q,24,enc_s2_bottleneck,target_box,7.040287494659424,12.09317398071289,7.343092918395996,5.052886486053467,0.30280542373657227,0.05992721676458578,26.97747747747748,89.24892185705099,41.97747747747748,84.24892185705099
ganges_plain_2020110100_top03_2020,ganges_plain,top03_2020,precip_large_zwd,q,q,q850_box_mean_g_per_kg,per-timestep/per-level spatial mean,actual_vs_uniform_q,24,enc_s2_bottleneck,mountain_near,7.040287494659424,12.09317398071289,7.350280284881592,5.052886486053467,0.30999279022216797,0.06134964461952249,26.97747747747748,89.24892185705099,41.97747747747748,84.24892185705099
ganges_plain_2020110100_top03_2020,ganges_plain,top03_2020,precip_large_zwd,q,q,q850_box_mean_g_per_kg,per-timestep/per-level spatial mean,actual_vs_uniform_q,24,enc_s2_bottleneck,upstream,7.040287494659424,12.09317398071289,8.031441688537598,5.052886486053467,0.9911541938781738,0.1961560380613874,26.97747747747748,89.24892185705099,41.97747747747748,84.24892185705099
ganges_plain_2020110100_top03_2020,ganges_plain,top03_2020,precip_large_zwd,q,q,q850_box_mean_g_per_kg,per-timestep/per-level spatial mean,actual_vs_uniform_q,24,enc_s2_bottleneck,hotspot_gaussian,7.040287494659424,12.09317398071289,8.46849250793457,5.052886486053467,1.4282050132751465,0.2826513156820666,26.97747747747748,89.24892185705099,41.97747747747748,84.24892185705099
ganges_plain_2020110100_top03_2020,ganges_plain,top03_2020,precip_large_zwd,q,q,q850_box_mean_g_per_kg,per-timestep/per-level spatial mean,actual_vs_uniform_q,24,enc_s2_bottleneck,low_near_gaussian,7.040287494659424,12.09317398071289,7.0605950355529785,5.052886486053467,0.020307540893554688,0.004018998041932226,26.97747747747748,89.24892185705099,41.97747747747748,84.24892185705099
ganges_plain_2020110100_top03_2020,ganges_plain,top03_2020,precip_large_zwd,q,q,q850_box_mean_g_per_kg,per-timestep/per-level spatial mean,actual_vs_uniform_q,24,enc_s2_bottleneck,remote_control,7.040287494659424,12.09317398071289,7.038878917694092,5.052886486053467,-0.0014085769653320312,-0.0002787667938355357,26.97747747747748,89.24892185705099,41.97747747747748,84.24892185705099
ganges_plain_2020110100_top03_2020,ganges_plain,top03_2020,precip_large_zwd,q,q,q850_box_mean_g_per_kg,per-timestep/per-level spatial mean,actual_vs_uniform_q,24,dec_s0_pre_skip,whole,7.040287494659424,12.09317398071289,9.909375190734863,5.052886486053467,2.8690876960754395,0.5678116268779129,26.97747747747748,89.24892185705099,41.97747747747748,84.24892185705099
ganges_plain_2020110100_top03_2020,ganges_plain,top03_2020,precip_large_zwd,q,q,q850_box_mean_g_per_kg,per-timestep/per-level spatial mean,actual_vs_uniform_q,24,dec_s0_pre_skip,target_box,7.040287494659424,12.09317398071289,7.343092918395996,5.052886486053467,0.30280542373657227,0.05992721676458578,26.97747747747748,89.24892185705099,41.97747747747748,84.24892185705099
ganges_plain_2020110100_top03_2020,ganges_plain,top03_2020,precip_large_zwd,q,q,q850_box_mean_g_per_kg,per-timestep/per-level spatial mean,actual_vs_uniform_q,24,dec_s0_pre_skip,mountain_near,7.040287494659424,12.09317398071289,7.350280284881592,5.052886486053467,0.30999279022216797,0.06134964461952249,26.97747747747748,89.24892185705099,41.97747747747748,84.24892185705099
ganges_plain_2020110100_top03_2020,ganges_plain,top03_2020,precip_large_zwd,q,q,q850_box_mean_g_per_kg,per-timestep/per-level spatial mean,actual_vs_uniform_q,24,dec_s0_pre_skip,upstream,7.040287494659424,12.09317398071289,8.031441688537598,5.052886486053467,0.9911541938781738,0.1961560380613874,26.97747747747748,89.24892185705099,41.97747747747748,84.24892185705099
ganges_plain_2020110100_top03_2020,ganges_plain,top03_2020,precip_large_zwd,q,q,q850_box_mean_g_per_kg,per-timestep/per-level spatial mean,actual_vs_uniform_q,24,dec_s0_pre_skip,hotspot_gaussian,7.040287494659424,12.09317398071289,8.46849250793457,5.052886486053467,1.4282050132751465,0.2826513156820666,26.97747747747748,89.24892185705099,41.97747747747748,84.24892185705099
ganges_plain_2020110100_top03_2020,ganges_plain,top03_2020,precip_large_zwd,q,q,q850_box_mean_g_per_kg,per-timestep/per-level spatial mean,actual_vs_uniform_q,24,dec_s0_pre_skip,low_near_gaussian,7.040287494659424,12.09317398071289,7.0605950355529785,5.052886486053467,0.020307540893554688,0.004018998041932226,26.97747747747748,89.24892185705099,41.97747747747748,84.24892185705099
ganges_plain_2020110100_top03_2020,ganges_plain,top03_2020,precip_large_zwd,q,q,q850_box_mean_g_per_kg,per-timestep/per-level spatial mean,actual_vs_uniform_q,24,dec_s0_pre_skip,remote_control,7.040287494659424,12.09317398071289,7.038878917694092,5.052886486053467,-0.0014085769653320312,-0.0002787667938355357,26.97747747747748,89.24892185705099,41.97747747747748,84.24892185705099
ganges_plain_2020110100_top03_2020,ganges_plain,top03_2020,precip_large_zwd,q,q,q850_box_mean_g_per_kg,per-timestep/per-level spatial mean,actual_vs_uniform_q,24,dec_s1_pre_skip,whole,7.040287494659424,12.09317398071289,9.910581588745117,5.052886486053467,2.8702940940856934,0.5680503811055377,26.97747747747748,89.24892185705099,41.97747747747748,84.24892185705099
ganges_plain_2020110100_top03_2020,ganges_plain,top03_2020,precip_large_zwd,q,q,q850_box_mean_g_per_kg,per-timestep/per-level spatial mean,actual_vs_uniform_q,24,dec_s1_pre_skip,target_box,7.040287494659424,12.09317398071289,7.315406799316406,5.052886486053467,0.2751193046569824,0.054447948794484606,26.97747747747748,89.24892185705099,41.97747747747748,84.24892185705099
ganges_plain_2020110100_top03_2020,ganges_plain,top03_2020,precip_large_zwd,q,q,q850_box_mean_g_per_kg,per-timestep/per-level spatial mean,actual_vs_uniform_q,24,dec_s1_pre_skip,mountain_near,7.040287494659424,12.09317398071289,7.356041431427002,5.052886486053467,0.3157539367675781,0.06248981401800622,26.97747747747748,89.24892185705099,41.97747747747748,84.24892185705099
ganges_plain_2020110100_top03_2020,ganges_plain,top03_2020,precip_large_zwd,q,q,q850_box_mean_g_per_kg,per-timestep/per-level spatial mean,actual_vs_uniform_q,24,dec_s1_pre_skip,upstream,7.040287494659424,12.09317398071289,7.786834239959717,5.052886486053467,0.746546745300293,0.14774658947135377,26.97747747747748,89.24892185705099,41.97747747747748,84.24892185705099
ganges_plain_2020110100_top03_2020,ganges_plain,top03_2020,precip_large_zwd,q,q,q850_box_mean_g_per_kg,per-timestep/per-level spatial mean,actual_vs_uniform_q,24,dec_s1_pre_skip,hotspot_gaussian,7.040287494659424,12.09317398071289,8.734291076660156,5.052886486053467,1.6940035820007324,0.3352546285526841,26.97747747747748,89.24892185705099,41.97747747747748,84.24892185705099
ganges_plain_2020110100_top03_2020,ganges_plain,top03_2020,precip_large_zwd,q,q,q850_box_mean_g_per_kg,per-timestep/per-level spatial mean,actual_vs_uniform_q,24,dec_s1_pre_skip,low_near_gaussian,7.040287494659424,12.09317398071289,7.047922611236572,5.052886486053467,0.0076351165771484375,0.0015110405900117122,26.97747747747748,89.24892185705099,41.97747747747748,84.24892185705099
ganges_plain_2020110100_top03_2020,ganges_plain,top03_2020,precip_large_zwd,q,q,q850_box_mean_g_per_kg,per-timestep/per-level spatial mean,actual_vs_uniform_q,24,dec_s1_pre_skip,remote_control,7.040287494659424,12.09317398071289,7.036733150482178,5.052886486053467,-0.0035543441772460938,-0.0007034284635240634,26.97747747747748,89.24892185705099,41.97747747747748,84.24892185705099
ganges_plain_2020110100_top03_2020,ganges_plain,top03_2020,precip_large_zwd,q,q,q850_box_mean_g_per_kg,per-timestep/per-level spatial mean,actual_vs_uniform_q,24,dec_s1_post_skip,whole,7.040287494659424,12.09317398071289,11.639083862304688,5.052886486053467,4.598796367645264,0.9101325312449542,26.97747747747748,89.24892185705099,41.97747747747748,84.24892185705099
ganges_plain_2020110100_top03_2020,ganges_plain,top03_2020,precip_large_zwd,q,q,q850_box_mean_g_per_kg,per-timestep/per-level spatial mean,actual_vs_uniform_q,24,dec_s1_post_skip,target_box,7.040287494659424,12.09317398071289,7.711233139038086,5.052886486053467,0.6709456443786621,0.13278462641710778,26.97747747747748,89.24892185705099,41.97747747747748,84.24892185705099
ganges_plain_2020110100_top03_2020,ganges_plain,top03_2020,precip_large_zwd,q,q,q850_box_mean_g_per_kg,per-timestep/per-level spatial mean,actual_vs_uniform_q,24,dec_s1_post_skip,mountain_near,7.040287494659424,12.09317398071289,7.270752429962158,5.052886486053467,0.23046493530273438,0.045610550709746484,26.97747747747748,89.24892185705099,41.97747747747748,84.24892185705099
ganges_plain_2020110100_top03_2020,ganges_plain,top03_2020,precip_large_zwd,q,q,q850_box_mean_g_per_kg,per-timestep/per-level spatial mean,actual_vs_uniform_q,24,dec_s1_post_skip,upstream,7.040287494659424,12.09317398071289,7.934544086456299,5.052886486053467,0.894256591796875,0.17697935512011273,26.97747747747748,89.24892185705099,41.97747747747748,84.24892185705099
ganges_plain_2020110100_top03_2020,ganges_plain,top03_2020,precip_large_zwd,q,q,q850_box_mean_g_per_kg,per-timestep/per-level spatial mean,actual_vs_uniform_q,24,dec_s1_post_skip,hotspot_gaussian,7.040287494659424,12.09317398071289,10.214093208312988,5.052886486053467,3.1738057136535645,0.628117358744081,26.97747747747748,89.24892185705099,41.97747747747748,84.24892185705099
ganges_plain_2020110100_top03_2020,ganges_plain,top03_2020,precip_large_zwd,q,q,q850_box_mean_g_per_kg,per-timestep/per-level spatial mean,actual_vs_uniform_q,24,dec_s1_post_skip,low_near_gaussian,7.040287494659424,12.09317398071289,7.066835880279541,5.052886486053467,0.026548385620117188,0.005254102915906326,26.97747747747748,89.24892185705099,41.97747747747748,84.24892185705099
ganges_plain_2020110100_top03_2020,ganges_plain,top03_2020,precip_large_zwd,q,q,q850_box_mean_g_per_kg,per-timestep/per-level spatial mean,actual_vs_uniform_q,24,dec_s1_post_skip,remote_control,7.040287494659424,12.09317398071289,7.051843643188477,5.052886486053467,0.011556148529052734,0.0022870390144225485,26.97747747747748,89.24892185705099,41.97747747747748,84.24892185705099
ganges_plain_2020110100_top03_2020,ganges_plain,top03_2020,precip_large_zwd,q,q,q850_box_mean_g_per_kg,per-timestep/per-level spatial mean,actual_vs_uniform_q,24,dec_s2_pre_concat,whole,7.040287494659424,12.09317398071289,11.639083862304688,5.052886486053467,4.598796367645264,0.9101325312449542,26.97747747747748,89.24892185705099,41.97747747747748,84.24892185705099
ganges_plain_2020110100_top03_2020,ganges_plain,top03_2020,precip_large_zwd,q,q,q850_box_mean_g_per_kg,per-timestep/per-level spatial mean,actual_vs_uniform_q,24,dec_s2_pre_concat,target_box,7.040287494659424,12.09317398071289,7.711233139038086,5.052886486053467,0.6709456443786621,0.13278462641710778,26.97747747747748,89.24892185705099,41.97747747747748,84.24892185705099
ganges_plain_2020110100_top03_2020,ganges_plain,top03_2020,precip_large_zwd,q,q,q850_box_mean_g_per_kg,per-timestep/per-level spatial mean,actual_vs_uniform_q,24,dec_s2_pre_concat,mountain_near,7.040287494659424,12.09317398071289,7.270752429962158,5.052886486053467,0.23046493530273438,0.045610550709746484,26.97747747747748,89.24892185705099,41.97747747747748,84.24892185705099
ganges_plain_2020110100_top03_2020,ganges_plain,top03_2020,precip_large_zwd,q,q,q850_box_mean_g_per_kg,per-timestep/per-level spatial mean,actual_vs_uniform_q,24,dec_s2_pre_concat,upstream,7.040287494659424,12.09317398071289,7.934544086456299,5.052886486053467,0.894256591796875,0.17697935512011273,26.97747747747748,89.24892185705099,41.97747747747748,84.24892185705099
ganges_plain_2020110100_top03_2020,ganges_plain,top03_2020,precip_large_zwd,q,q,q850_box_mean_g_per_kg,per-timestep/per-level spatial mean,actual_vs_uniform_q,24,dec_s2_pre_concat,hotspot_gaussian,7.040287494659424,12.09317398071289,10.214093208312988,5.052886486053467,3.1738057136535645,0.628117358744081,26.97747747747748,89.24892185705099,41.97747747747748,84.24892185705099
ganges_plain_2020110100_top03_2020,ganges_plain,top03_2020,precip_large_zwd,q,q,q850_box_mean_g_per_kg,per-timestep/per-level spatial mean,actual_vs_uniform_q,24,dec_s2_pre_concat,low_near_gaussian,7.040287494659424,12.09317398071289,7.066835880279541,5.052886486053467,0.026548385620117188,0.005254102915906326,26.97747747747748,89.24892185705099,41.97747747747748,84.24892185705099
ganges_plain_2020110100_top03_2020,ganges_plain,top03_2020,precip_large_zwd,q,q,q850_box_mean_g_per_kg,per-timestep/per-level spatial mean,actual_vs_uniform_q,24,dec_s2_pre_concat,remote_control,7.040287494659424,12.09317398071289,7.051843643188477,5.052886486053467,0.011556148529052734,0.0022870390144225485,26.97747747747748,89.24892185705099,41.97747747747748,84.24892185705099
ganges_plain_2020110100_top03_2020,ganges_plain,top03_2020,precip_large_zwd,q,q,q850_box_mean_g_per_kg,per-timestep/per-level spatial mean,actual_vs_uniform_q,24,dec_s2_post_concat,whole,7.040287494659424,12.09317398071289,12.021890640258789,5.052886486053467,4.981603145599365,0.9858925505944273,26.97747747747748,89.24892185705099,41.97747747747748,84.24892185705099
ganges_plain_2020110100_top03_2020,ganges_plain,top03_2020,precip_large_zwd,q,q,q850_box_mean_g_per_kg,per-timestep/per-level spatial mean,actual_vs_uniform_q,24,dec_s2_post_concat,target_box,7.040287494659424,12.09317398071289,8.149799346923828,5.052886486053467,1.1095118522644043,0.219579809545847,26.97747747747748,89.24892185705099,41.97747747747748,84.24892185705099
ganges_plain_2020110100_top03_2020,ganges_plain,top03_2020,precip_large_zwd,q,q,q850_box_mean_g_per_kg,per-timestep/per-level spatial mean,actual_vs_uniform_q,24,dec_s2_post_concat,mountain_near,7.040287494659424,12.09317398071289,7.280200481414795,5.052886486053467,0.2399129867553711,0.04748038322601504,26.97747747747748,89.24892185705099,41.97747747747748,84.24892185705099
ganges_plain_2020110100_top03_2020,ganges_plain,top03_2020,precip_large_zwd,q,q,q850_box_mean_g_per_kg,per-timestep/per-level spatial mean,actual_vs_uniform_q,24,dec_s2_post_concat,upstream,7.040287494659424,12.09317398071289,7.780176639556885,5.052886486053467,0.7398891448974609,0.14642900586420018,26.97747747747748,89.24892185705099,41.97747747747748,84.24892185705099
ganges_plain_2020110100_top03_2020,ganges_plain,top03_2020,precip_large_zwd,q,q,q850_box_mean_g_per_kg,per-timestep/per-level spatial mean,actual_vs_uniform_q,24,dec_s2_post_concat,hotspot_gaussian,7.040287494659424,12.09317398071289,11.458724975585938,5.052886486053467,4.418437480926514,0.8744383023687344,26.97747747747748,89.24892185705099,41.97747747747748,84.24892185705099
ganges_plain_2020110100_top03_2020,ganges_plain,top03_2020,precip_large_zwd,q,q,q850_box_mean_g_per_kg,per-timestep/per-level spatial mean,actual_vs_uniform_q,24,dec_s2_post_concat,low_near_gaussian,7.040287494659424,12.09317398071289,7.088353157043457,5.052886486053467,0.0480656623840332,0.00951251577028295,26.97747747747748,89.24892185705099,41.97747747747748,84.24892185705099
ganges_plain_2020110100_top03_2020,ganges_plain,top03_2020,precip_large_zwd,q,q,q850_box_mean_g_per_kg,per-timestep/per-level spatial mean,actual_vs_uniform_q,24,dec_s2_post_concat,remote_control,7.040287494659424,12.09317398071289,7.06962776184082,5.052886486053467,0.029340267181396484,0.005806634932801065,26.97747747747748,89.24892185705099,41.97747747747748,84.24892185705099
