case_id,target,role,model_key,variable,input_name,target_metric,baseline,contrast,lead_h,patch_site,patch_region,score_base,score_source,score_patched,delta_source_minus_base,delta_patched_minus_base,recovery,hotspot_lat,hotspot_lon,low_near_lat,low_near_lon
cascades_sierra_2020042300_top04_2020,cascades_sierra,top04_2020,precip_large_zwd,q,q,q850_box_mean_g_per_kg,per-timestep/per-level spatial mean,actual_vs_uniform_q,6,enc_s0_skip,whole,4.791000843048096,6.6551594734191895,5.387825965881348,1.8641586303710938,0.596825122833252,0.32015790561474017,44.47747747747748,239.69295654039695,29.47747747747748,254.69295654039695
cascades_sierra_2020042300_top04_2020,cascades_sierra,top04_2020,precip_large_zwd,q,q,q850_box_mean_g_per_kg,per-timestep/per-level spatial mean,actual_vs_uniform_q,6,enc_s0_skip,target_box,4.791000843048096,6.6551594734191895,5.342628002166748,1.8641586303710938,0.5516271591186523,0.2959121343706899,44.47747747747748,239.69295654039695,29.47747747747748,254.69295654039695
cascades_sierra_2020042300_top04_2020,cascades_sierra,top04_2020,precip_large_zwd,q,q,q850_box_mean_g_per_kg,per-timestep/per-level spatial mean,actual_vs_uniform_q,6,enc_s0_skip,mountain_near,4.791000843048096,6.6551594734191895,5.366152286529541,1.8641586303710938,0.5751514434814453,0.308531384674571,44.47747747747748,239.69295654039695,29.47747747747748,254.69295654039695
cascades_sierra_2020042300_top04_2020,cascades_sierra,top04_2020,precip_large_zwd,q,q,q850_box_mean_g_per_kg,per-timestep/per-level spatial mean,actual_vs_uniform_q,6,enc_s0_skip,upstream,4.791000843048096,6.6551594734191895,5.046952724456787,1.8641586303710938,0.2559518814086914,0.13730155644412068,44.47747747747748,239.69295654039695,29.47747747747748,254.69295654039695
cascades_sierra_2020042300_top04_2020,cascades_sierra,top04_2020,precip_large_zwd,q,q,q850_box_mean_g_per_kg,per-timestep/per-level spatial mean,actual_vs_uniform_q,6,enc_s0_skip,hotspot_gaussian,4.791000843048096,6.6551594734191895,5.3372344970703125,1.8641586303710938,0.5462336540222168,0.2930188692758831,44.47747747747748,239.69295654039695,29.47747747747748,254.69295654039695
cascades_sierra_2020042300_top04_2020,cascades_sierra,top04_2020,precip_large_zwd,q,q,q850_box_mean_g_per_kg,per-timestep/per-level spatial mean,actual_vs_uniform_q,6,enc_s0_skip,low_near_gaussian,4.791000843048096,6.6551594734191895,4.79710578918457,1.8641586303710938,0.006104946136474609,0.0032749069939714904,44.47747747747748,239.69295654039695,29.47747747747748,254.69295654039695
cascades_sierra_2020042300_top04_2020,cascades_sierra,top04_2020,precip_large_zwd,q,q,q850_box_mean_g_per_kg,per-timestep/per-level spatial mean,actual_vs_uniform_q,6,enc_s0_skip,remote_control,4.791000843048096,6.6551594734191895,4.791049957275391,1.8641586303710938,4.9114227294921875e-05,2.6346592234559362e-05,44.47747747747748,239.69295654039695,29.47747747747748,254.69295654039695
cascades_sierra_2020042300_top04_2020,cascades_sierra,top04_2020,precip_large_zwd,q,q,q850_box_mean_g_per_kg,per-timestep/per-level spatial mean,actual_vs_uniform_q,6,enc_s1_skip,whole,4.791000843048096,6.6551594734191895,4.791000843048096,1.8641586303710938,0.0,0.0,44.47747747747748,239.69295654039695,29.47747747747748,254.69295654039695
cascades_sierra_2020042300_top04_2020,cascades_sierra,top04_2020,precip_large_zwd,q,q,q850_box_mean_g_per_kg,per-timestep/per-level spatial mean,actual_vs_uniform_q,6,enc_s1_skip,target_box,4.791000843048096,6.6551594734191895,4.791000843048096,1.8641586303710938,0.0,0.0,44.47747747747748,239.69295654039695,29.47747747747748,254.69295654039695
cascades_sierra_2020042300_top04_2020,cascades_sierra,top04_2020,precip_large_zwd,q,q,q850_box_mean_g_per_kg,per-timestep/per-level spatial mean,actual_vs_uniform_q,6,enc_s1_skip,mountain_near,4.791000843048096,6.6551594734191895,4.791000843048096,1.8641586303710938,0.0,0.0,44.47747747747748,239.69295654039695,29.47747747747748,254.69295654039695
cascades_sierra_2020042300_top04_2020,cascades_sierra,top04_2020,precip_large_zwd,q,q,q850_box_mean_g_per_kg,per-timestep/per-level spatial mean,actual_vs_uniform_q,6,enc_s1_skip,upstream,4.791000843048096,6.6551594734191895,4.791000843048096,1.8641586303710938,0.0,0.0,44.47747747747748,239.69295654039695,29.47747747747748,254.69295654039695
cascades_sierra_2020042300_top04_2020,cascades_sierra,top04_2020,precip_large_zwd,q,q,q850_box_mean_g_per_kg,per-timestep/per-level spatial mean,actual_vs_uniform_q,6,enc_s1_skip,hotspot_gaussian,4.791000843048096,6.6551594734191895,4.791000843048096,1.8641586303710938,0.0,0.0,44.47747747747748,239.69295654039695,29.47747747747748,254.69295654039695
cascades_sierra_2020042300_top04_2020,cascades_sierra,top04_2020,precip_large_zwd,q,q,q850_box_mean_g_per_kg,per-timestep/per-level spatial mean,actual_vs_uniform_q,6,enc_s1_skip,low_near_gaussian,4.791000843048096,6.6551594734191895,4.791000843048096,1.8641586303710938,0.0,0.0,44.47747747747748,239.69295654039695,29.47747747747748,254.69295654039695
cascades_sierra_2020042300_top04_2020,cascades_sierra,top04_2020,precip_large_zwd,q,q,q850_box_mean_g_per_kg,per-timestep/per-level spatial mean,actual_vs_uniform_q,6,enc_s1_skip,remote_control,4.791000843048096,6.6551594734191895,4.791000843048096,1.8641586303710938,0.0,0.0,44.47747747747748,239.69295654039695,29.47747747747748,254.69295654039695
cascades_sierra_2020042300_top04_2020,cascades_sierra,top04_2020,precip_large_zwd,q,q,q850_box_mean_g_per_kg,per-timestep/per-level spatial mean,actual_vs_uniform_q,6,enc_s2_bottleneck,whole,4.791000843048096,6.6551594734191895,6.090201377868652,1.8641586303710938,1.2992005348205566,0.6969366842788094,44.47747747747748,239.69295654039695,29.47747747747748,254.69295654039695
cascades_sierra_2020042300_top04_2020,cascades_sierra,top04_2020,precip_large_zwd,q,q,q850_box_mean_g_per_kg,per-timestep/per-level spatial mean,actual_vs_uniform_q,6,enc_s2_bottleneck,target_box,4.791000843048096,6.6551594734191895,5.130833148956299,1.8641586303710938,0.3398323059082031,0.18229795489054143,44.47747747747748,239.69295654039695,29.47747747747748,254.69295654039695
cascades_sierra_2020042300_top04_2020,cascades_sierra,top04_2020,precip_large_zwd,q,q,q850_box_mean_g_per_kg,per-timestep/per-level spatial mean,actual_vs_uniform_q,6,enc_s2_bottleneck,mountain_near,4.791000843048096,6.6551594734191895,5.574771404266357,1.8641586303710938,0.7837705612182617,0.4204419883849897,44.47747747747748,239.69295654039695,29.47747747747748,254.69295654039695
cascades_sierra_2020042300_top04_2020,cascades_sierra,top04_2020,precip_large_zwd,q,q,q850_box_mean_g_per_kg,per-timestep/per-level spatial mean,actual_vs_uniform_q,6,enc_s2_bottleneck,upstream,4.791000843048096,6.6551594734191895,5.48637056350708,1.8641586303710938,0.6953697204589844,0.37302068028435903,44.47747747747748,239.69295654039695,29.47747747747748,254.69295654039695
cascades_sierra_2020042300_top04_2020,cascades_sierra,top04_2020,precip_large_zwd,q,q,q850_box_mean_g_per_kg,per-timestep/per-level spatial mean,actual_vs_uniform_q,6,enc_s2_bottleneck,hotspot_gaussian,4.791000843048096,6.6551594734191895,5.8048272132873535,1.8641586303710938,1.0138263702392578,0.5438519843332419,44.47747747747748,239.69295654039695,29.47747747747748,254.69295654039695
cascades_sierra_2020042300_top04_2020,cascades_sierra,top04_2020,precip_large_zwd,q,q,q850_box_mean_g_per_kg,per-timestep/per-level spatial mean,actual_vs_uniform_q,6,enc_s2_bottleneck,low_near_gaussian,4.791000843048096,6.6551594734191895,4.802036762237549,1.8641586303710938,0.011035919189453125,0.005920053695889727,44.47747747747748,239.69295654039695,29.47747747747748,254.69295654039695
cascades_sierra_2020042300_top04_2020,cascades_sierra,top04_2020,precip_large_zwd,q,q,q850_box_mean_g_per_kg,per-timestep/per-level spatial mean,actual_vs_uniform_q,6,enc_s2_bottleneck,remote_control,4.791000843048096,6.6551594734191895,4.792489528656006,1.8641586303710938,0.0014886856079101562,0.0007985831160805274,44.47747747747748,239.69295654039695,29.47747747747748,254.69295654039695
cascades_sierra_2020042300_top04_2020,cascades_sierra,top04_2020,precip_large_zwd,q,q,q850_box_mean_g_per_kg,per-timestep/per-level spatial mean,actual_vs_uniform_q,6,dec_s0_pre_skip,whole,4.791000843048096,6.6551594734191895,6.090201377868652,1.8641586303710938,1.2992005348205566,0.6969366842788094,44.47747747747748,239.69295654039695,29.47747747747748,254.69295654039695
cascades_sierra_2020042300_top04_2020,cascades_sierra,top04_2020,precip_large_zwd,q,q,q850_box_mean_g_per_kg,per-timestep/per-level spatial mean,actual_vs_uniform_q,6,dec_s0_pre_skip,target_box,4.791000843048096,6.6551594734191895,5.130833148956299,1.8641586303710938,0.3398323059082031,0.18229795489054143,44.47747747747748,239.69295654039695,29.47747747747748,254.69295654039695
cascades_sierra_2020042300_top04_2020,cascades_sierra,top04_2020,precip_large_zwd,q,q,q850_box_mean_g_per_kg,per-timestep/per-level spatial mean,actual_vs_uniform_q,6,dec_s0_pre_skip,mountain_near,4.791000843048096,6.6551594734191895,5.574771404266357,1.8641586303710938,0.7837705612182617,0.4204419883849897,44.47747747747748,239.69295654039695,29.47747747747748,254.69295654039695
cascades_sierra_2020042300_top04_2020,cascades_sierra,top04_2020,precip_large_zwd,q,q,q850_box_mean_g_per_kg,per-timestep/per-level spatial mean,actual_vs_uniform_q,6,dec_s0_pre_skip,upstream,4.791000843048096,6.6551594734191895,5.48637056350708,1.8641586303710938,0.6953697204589844,0.37302068028435903,44.47747747747748,239.69295654039695,29.47747747747748,254.69295654039695
cascades_sierra_2020042300_top04_2020,cascades_sierra,top04_2020,precip_large_zwd,q,q,q850_box_mean_g_per_kg,per-timestep/per-level spatial mean,actual_vs_uniform_q,6,dec_s0_pre_skip,hotspot_gaussian,4.791000843048096,6.6551594734191895,5.8048272132873535,1.8641586303710938,1.0138263702392578,0.5438519843332419,44.47747747747748,239.69295654039695,29.47747747747748,254.69295654039695
cascades_sierra_2020042300_top04_2020,cascades_sierra,top04_2020,precip_large_zwd,q,q,q850_box_mean_g_per_kg,per-timestep/per-level spatial mean,actual_vs_uniform_q,6,dec_s0_pre_skip,low_near_gaussian,4.791000843048096,6.6551594734191895,4.802036762237549,1.8641586303710938,0.011035919189453125,0.005920053695889727,44.47747747747748,239.69295654039695,29.47747747747748,254.69295654039695
cascades_sierra_2020042300_top04_2020,cascades_sierra,top04_2020,precip_large_zwd,q,q,q850_box_mean_g_per_kg,per-timestep/per-level spatial mean,actual_vs_uniform_q,6,dec_s0_pre_skip,remote_control,4.791000843048096,6.6551594734191895,4.792489528656006,1.8641586303710938,0.0014886856079101562,0.0007985831160805274,44.47747747747748,239.69295654039695,29.47747747747748,254.69295654039695
cascades_sierra_2020042300_top04_2020,cascades_sierra,top04_2020,precip_large_zwd,q,q,q850_box_mean_g_per_kg,per-timestep/per-level spatial mean,actual_vs_uniform_q,6,dec_s1_pre_skip,whole,4.791000843048096,6.6551594734191895,6.0903639793396,1.8641586303710938,1.299363136291504,0.6970239094045568,44.47747747747748,239.69295654039695,29.47747747747748,254.69295654039695
cascades_sierra_2020042300_top04_2020,cascades_sierra,top04_2020,precip_large_zwd,q,q,q850_box_mean_g_per_kg,per-timestep/per-level spatial mean,actual_vs_uniform_q,6,dec_s1_pre_skip,target_box,4.791000843048096,6.6551594734191895,5.800102233886719,1.8641586303710938,1.009101390838623,0.5413173398434142,44.47747747747748,239.69295654039695,29.47747747747748,254.69295654039695
cascades_sierra_2020042300_top04_2020,cascades_sierra,top04_2020,precip_large_zwd,q,q,q850_box_mean_g_per_kg,per-timestep/per-level spatial mean,actual_vs_uniform_q,6,dec_s1_pre_skip,mountain_near,4.791000843048096,6.6551594734191895,6.0048065185546875,1.8641586303710938,1.2138056755065918,0.6511278899397968,44.47747747747748,239.69295654039695,29.47747747747748,254.69295654039695
cascades_sierra_2020042300_top04_2020,cascades_sierra,top04_2020,precip_large_zwd,q,q,q850_box_mean_g_per_kg,per-timestep/per-level spatial mean,actual_vs_uniform_q,6,dec_s1_pre_skip,upstream,4.791000843048096,6.6551594734191895,5.439712047576904,1.8641586303710938,0.6487112045288086,0.34799141766152764,44.47747747747748,239.69295654039695,29.47747747747748,254.69295654039695
cascades_sierra_2020042300_top04_2020,cascades_sierra,top04_2020,precip_large_zwd,q,q,q850_box_mean_g_per_kg,per-timestep/per-level spatial mean,actual_vs_uniform_q,6,dec_s1_pre_skip,hotspot_gaussian,4.791000843048096,6.6551594734191895,5.9543046951293945,1.8641586303710938,1.1633038520812988,0.6240369425265717,44.47747747747748,239.69295654039695,29.47747747747748,254.69295654039695
cascades_sierra_2020042300_top04_2020,cascades_sierra,top04_2020,precip_large_zwd,q,q,q850_box_mean_g_per_kg,per-timestep/per-level spatial mean,actual_vs_uniform_q,6,dec_s1_pre_skip,low_near_gaussian,4.791000843048096,6.6551594734191895,4.810779571533203,1.8641586303710938,0.019778728485107422,0.01061000290579891,44.47747747747748,239.69295654039695,29.47747747747748,254.69295654039695
cascades_sierra_2020042300_top04_2020,cascades_sierra,top04_2020,precip_large_zwd,q,q,q850_box_mean_g_per_kg,per-timestep/per-level spatial mean,actual_vs_uniform_q,6,dec_s1_pre_skip,remote_control,4.791000843048096,6.6551594734191895,4.790890216827393,1.8641586303710938,-0.000110626220703125,-5.934378056716284e-05,44.47747747747748,239.69295654039695,29.47747747747748,254.69295654039695
cascades_sierra_2020042300_top04_2020,cascades_sierra,top04_2020,precip_large_zwd,q,q,q850_box_mean_g_per_kg,per-timestep/per-level spatial mean,actual_vs_uniform_q,6,dec_s1_post_skip,whole,4.791000843048096,6.6551594734191895,6.310181617736816,1.8641586303710938,1.5191807746887207,0.8149417919366126,44.47747747747748,239.69295654039695,29.47747747747748,254.69295654039695
cascades_sierra_2020042300_top04_2020,cascades_sierra,top04_2020,precip_large_zwd,q,q,q850_box_mean_g_per_kg,per-timestep/per-level spatial mean,actual_vs_uniform_q,6,dec_s1_post_skip,target_box,4.791000843048096,6.6551594734191895,6.1868767738342285,1.8641586303710938,1.3958759307861328,0.7487967536905693,44.47747747747748,239.69295654039695,29.47747747747748,254.69295654039695
cascades_sierra_2020042300_top04_2020,cascades_sierra,top04_2020,precip_large_zwd,q,q,q850_box_mean_g_per_kg,per-timestep/per-level spatial mean,actual_vs_uniform_q,6,dec_s1_post_skip,mountain_near,4.791000843048096,6.6551594734191895,6.271683692932129,1.8641586303710938,1.4806828498840332,0.7942901562992399,44.47747747747748,239.69295654039695,29.47747747747748,254.69295654039695
cascades_sierra_2020042300_top04_2020,cascades_sierra,top04_2020,precip_large_zwd,q,q,q850_box_mean_g_per_kg,per-timestep/per-level spatial mean,actual_vs_uniform_q,6,dec_s1_post_skip,upstream,4.791000843048096,6.6551594734191895,5.309938907623291,1.8641586303710938,0.5189380645751953,0.2783765587974085,44.47747747747748,239.69295654039695,29.47747747747748,254.69295654039695
cascades_sierra_2020042300_top04_2020,cascades_sierra,top04_2020,precip_large_zwd,q,q,q850_box_mean_g_per_kg,per-timestep/per-level spatial mean,actual_vs_uniform_q,6,dec_s1_post_skip,hotspot_gaussian,4.791000843048096,6.6551594734191895,6.153420925140381,1.8641586303710938,1.3624200820922852,0.7308498643278396,44.47747747747748,239.69295654039695,29.47747747747748,254.69295654039695
cascades_sierra_2020042300_top04_2020,cascades_sierra,top04_2020,precip_large_zwd,q,q,q850_box_mean_g_per_kg,per-timestep/per-level spatial mean,actual_vs_uniform_q,6,dec_s1_post_skip,low_near_gaussian,4.791000843048096,6.6551594734191895,4.810819625854492,1.8641586303710938,0.019818782806396484,0.010631489447038745,44.47747747747748,239.69295654039695,29.47747747747748,254.69295654039695
cascades_sierra_2020042300_top04_2020,cascades_sierra,top04_2020,precip_large_zwd,q,q,q850_box_mean_g_per_kg,per-timestep/per-level spatial mean,actual_vs_uniform_q,6,dec_s1_post_skip,remote_control,4.791000843048096,6.6551594734191895,4.791064262390137,1.8641586303710938,6.341934204101562e-05,3.4020356963071796e-05,44.47747747747748,239.69295654039695,29.47747747747748,254.69295654039695
cascades_sierra_2020042300_top04_2020,cascades_sierra,top04_2020,precip_large_zwd,q,q,q850_box_mean_g_per_kg,per-timestep/per-level spatial mean,actual_vs_uniform_q,6,dec_s2_pre_concat,whole,4.791000843048096,6.6551594734191895,6.310181617736816,1.8641586303710938,1.5191807746887207,0.8149417919366126,44.47747747747748,239.69295654039695,29.47747747747748,254.69295654039695
cascades_sierra_2020042300_top04_2020,cascades_sierra,top04_2020,precip_large_zwd,q,q,q850_box_mean_g_per_kg,per-timestep/per-level spatial mean,actual_vs_uniform_q,6,dec_s2_pre_concat,target_box,4.791000843048096,6.6551594734191895,6.1868767738342285,1.8641586303710938,1.3958759307861328,0.7487967536905693,44.47747747747748,239.69295654039695,29.47747747747748,254.69295654039695
cascades_sierra_2020042300_top04_2020,cascades_sierra,top04_2020,precip_large_zwd,q,q,q850_box_mean_g_per_kg,per-timestep/per-level spatial mean,actual_vs_uniform_q,6,dec_s2_pre_concat,mountain_near,4.791000843048096,6.6551594734191895,6.271683692932129,1.8641586303710938,1.4806828498840332,0.7942901562992399,44.47747747747748,239.69295654039695,29.47747747747748,254.69295654039695
cascades_sierra_2020042300_top04_2020,cascades_sierra,top04_2020,precip_large_zwd,q,q,q850_box_mean_g_per_kg,per-timestep/per-level spatial mean,actual_vs_uniform_q,6,dec_s2_pre_concat,upstream,4.791000843048096,6.6551594734191895,5.309938907623291,1.8641586303710938,0.5189380645751953,0.2783765587974085,44.47747747747748,239.69295654039695,29.47747747747748,254.69295654039695
cascades_sierra_2020042300_top04_2020,cascades_sierra,top04_2020,precip_large_zwd,q,q,q850_box_mean_g_per_kg,per-timestep/per-level spatial mean,actual_vs_uniform_q,6,dec_s2_pre_concat,hotspot_gaussian,4.791000843048096,6.6551594734191895,6.153420925140381,1.8641586303710938,1.3624200820922852,0.7308498643278396,44.47747747747748,239.69295654039695,29.47747747747748,254.69295654039695
cascades_sierra_2020042300_top04_2020,cascades_sierra,top04_2020,precip_large_zwd,q,q,q850_box_mean_g_per_kg,per-timestep/per-level spatial mean,actual_vs_uniform_q,6,dec_s2_pre_concat,low_near_gaussian,4.791000843048096,6.6551594734191895,4.810819625854492,1.8641586303710938,0.019818782806396484,0.010631489447038745,44.47747747747748,239.69295654039695,29.47747747747748,254.69295654039695
cascades_sierra_2020042300_top04_2020,cascades_sierra,top04_2020,precip_large_zwd,q,q,q850_box_mean_g_per_kg,per-timestep/per-level spatial mean,actual_vs_uniform_q,6,dec_s2_pre_concat,remote_control,4.791000843048096,6.6551594734191895,4.791064262390137,1.8641586303710938,6.341934204101562e-05,3.4020356963071796e-05,44.47747747747748,239.69295654039695,29.47747747747748,254.69295654039695
cascades_sierra_2020042300_top04_2020,cascades_sierra,top04_2020,precip_large_zwd,q,q,q850_box_mean_g_per_kg,per-timestep/per-level spatial mean,actual_vs_uniform_q,6,dec_s2_post_concat,whole,4.791000843048096,6.6551594734191895,6.655173301696777,1.8641586303710938,1.8641724586486816,1.0000074179725709,44.47747747747748,239.69295654039695,29.47747747747748,254.69295654039695
cascades_sierra_2020042300_top04_2020,cascades_sierra,top04_2020,precip_large_zwd,q,q,q850_box_mean_g_per_kg,per-timestep/per-level spatial mean,actual_vs_uniform_q,6,dec_s2_post_concat,target_box,4.791000843048096,6.6551594734191895,6.523322582244873,1.8641586303710938,1.7323217391967773,0.9292780726777141,44.47747747747748,239.69295654039695,29.47747747747748,254.69295654039695
cascades_sierra_2020042300_top04_2020,cascades_sierra,top04_2020,precip_large_zwd,q,q,q850_box_mean_g_per_kg,per-timestep/per-level spatial mean,actual_vs_uniform_q,6,dec_s2_post_concat,mountain_near,4.791000843048096,6.6551594734191895,6.609252452850342,1.8641586303710938,1.818251609802246,0.9753738658175731,44.47747747747748,239.69295654039695,29.47747747747748,254.69295654039695
cascades_sierra_2020042300_top04_2020,cascades_sierra,top04_2020,precip_large_zwd,q,q,q850_box_mean_g_per_kg,per-timestep/per-level spatial mean,actual_vs_uniform_q,6,dec_s2_post_concat,upstream,4.791000843048096,6.6551594734191895,5.412680625915527,1.8641586303710938,0.6216797828674316,0.33349081603837294,44.47747747747748,239.69295654039695,29.47747747747748,254.69295654039695
cascades_sierra_2020042300_top04_2020,cascades_sierra,top04_2020,precip_large_zwd,q,q,q850_box_mean_g_per_kg,per-timestep/per-level spatial mean,actual_vs_uniform_q,6,dec_s2_post_concat,hotspot_gaussian,4.791000843048096,6.6551594734191895,6.455445766448975,1.8641586303710938,1.664444923400879,0.8928665706252379,44.47747747747748,239.69295654039695,29.47747747747748,254.69295654039695
cascades_sierra_2020042300_top04_2020,cascades_sierra,top04_2020,precip_large_zwd,q,q,q850_box_mean_g_per_kg,per-timestep/per-level spatial mean,actual_vs_uniform_q,6,dec_s2_post_concat,low_near_gaussian,4.791000843048096,6.6551594734191895,4.814725399017334,1.8641586303710938,0.02372455596923828,0.012726683010080257,44.47747747747748,239.69295654039695,29.47747747747748,254.69295654039695
cascades_sierra_2020042300_top04_2020,cascades_sierra,top04_2020,precip_large_zwd,q,q,q850_box_mean_g_per_kg,per-timestep/per-level spatial mean,actual_vs_uniform_q,6,dec_s2_post_concat,remote_control,4.791000843048096,6.6551594734191895,4.7910637855529785,1.8641586303710938,6.29425048828125e-05,3.3764564805454716e-05,44.47747747747748,239.69295654039695,29.47747747747748,254.69295654039695
cascades_sierra_2020042300_top04_2020,cascades_sierra,top04_2020,precip_large_zwd,q,q,q850_box_mean_g_per_kg,per-timestep/per-level spatial mean,actual_vs_uniform_q,12,enc_s0_skip,whole,4.768820762634277,5.8054423332214355,5.385315418243408,1.0366215705871582,0.6164946556091309,0.5947152491337209,44.47747747747748,239.69295654039695,29.47747747747748,254.69295654039695
cascades_sierra_2020042300_top04_2020,cascades_sierra,top04_2020,precip_large_zwd,q,q,q850_box_mean_g_per_kg,per-timestep/per-level spatial mean,actual_vs_uniform_q,12,enc_s0_skip,target_box,4.768820762634277,5.8054423332214355,5.073841571807861,1.0366215705871582,0.305020809173584,0.2942450917752132,44.47747747747748,239.69295654039695,29.47747747747748,254.69295654039695
cascades_sierra_2020042300_top04_2020,cascades_sierra,top04_2020,precip_large_zwd,q,q,q850_box_mean_g_per_kg,per-timestep/per-level spatial mean,actual_vs_uniform_q,12,enc_s0_skip,mountain_near,4.768820762634277,5.8054423332214355,5.219901084899902,1.0366215705871582,0.451080322265625,0.4351446420414793,44.47747747747748,239.69295654039695,29.47747747747748,254.69295654039695
cascades_sierra_2020042300_top04_2020,cascades_sierra,top04_2020,precip_large_zwd,q,q,q850_box_mean_g_per_kg,per-timestep/per-level spatial mean,actual_vs_uniform_q,12,enc_s0_skip,upstream,4.768820762634277,5.8054423332214355,5.200009822845459,1.0366215705871582,0.43118906021118164,0.4159560947269789,44.47747747747748,239.69295654039695,29.47747747747748,254.69295654039695
cascades_sierra_2020042300_top04_2020,cascades_sierra,top04_2020,precip_large_zwd,q,q,q850_box_mean_g_per_kg,per-timestep/per-level spatial mean,actual_vs_uniform_q,12,enc_s0_skip,hotspot_gaussian,4.768820762634277,5.8054423332214355,5.280854225158691,1.0366215705871582,0.5120334625244141,0.4939444413011689,44.47747747747748,239.69295654039695,29.47747747747748,254.69295654039695
cascades_sierra_2020042300_top04_2020,cascades_sierra,top04_2020,precip_large_zwd,q,q,q850_box_mean_g_per_kg,per-timestep/per-level spatial mean,actual_vs_uniform_q,12,enc_s0_skip,low_near_gaussian,4.768820762634277,5.8054423332214355,4.772671699523926,1.0366215705871582,0.0038509368896484375,0.003714891720290181,44.47747747747748,239.69295654039695,29.47747747747748,254.69295654039695
cascades_sierra_2020042300_top04_2020,cascades_sierra,top04_2020,precip_large_zwd,q,q,q850_box_mean_g_per_kg,per-timestep/per-level spatial mean,actual_vs_uniform_q,12,enc_s0_skip,remote_control,4.768820762634277,5.8054423332214355,4.770368576049805,1.0366215705871582,0.0015478134155273438,0.0014931325562236165,44.47747747747748,239.69295654039695,29.47747747747748,254.69295654039695
cascades_sierra_2020042300_top04_2020,cascades_sierra,top04_2020,precip_large_zwd,q,q,q850_box_mean_g_per_kg,per-timestep/per-level spatial mean,actual_vs_uniform_q,12,enc_s1_skip,whole,4.768820762634277,5.8054423332214355,4.768820762634277,1.0366215705871582,0.0,0.0,44.47747747747748,239.69295654039695,29.47747747747748,254.69295654039695
cascades_sierra_2020042300_top04_2020,cascades_sierra,top04_2020,precip_large_zwd,q,q,q850_box_mean_g_per_kg,per-timestep/per-level spatial mean,actual_vs_uniform_q,12,enc_s1_skip,target_box,4.768820762634277,5.8054423332214355,4.768820762634277,1.0366215705871582,0.0,0.0,44.47747747747748,239.69295654039695,29.47747747747748,254.69295654039695
cascades_sierra_2020042300_top04_2020,cascades_sierra,top04_2020,precip_large_zwd,q,q,q850_box_mean_g_per_kg,per-timestep/per-level spatial mean,actual_vs_uniform_q,12,enc_s1_skip,mountain_near,4.768820762634277,5.8054423332214355,4.768820762634277,1.0366215705871582,0.0,0.0,44.47747747747748,239.69295654039695,29.47747747747748,254.69295654039695
cascades_sierra_2020042300_top04_2020,cascades_sierra,top04_2020,precip_large_zwd,q,q,q850_box_mean_g_per_kg,per-timestep/per-level spatial mean,actual_vs_uniform_q,12,enc_s1_skip,upstream,4.768820762634277,5.8054423332214355,4.768820762634277,1.0366215705871582,0.0,0.0,44.47747747747748,239.69295654039695,29.47747747747748,254.69295654039695
cascades_sierra_2020042300_top04_2020,cascades_sierra,top04_2020,precip_large_zwd,q,q,q850_box_mean_g_per_kg,per-timestep/per-level spatial mean,actual_vs_uniform_q,12,enc_s1_skip,hotspot_gaussian,4.768820762634277,5.8054423332214355,4.768820762634277,1.0366215705871582,0.0,0.0,44.47747747747748,239.69295654039695,29.47747747747748,254.69295654039695
cascades_sierra_2020042300_top04_2020,cascades_sierra,top04_2020,precip_large_zwd,q,q,q850_box_mean_g_per_kg,per-timestep/per-level spatial mean,actual_vs_uniform_q,12,enc_s1_skip,low_near_gaussian,4.768820762634277,5.8054423332214355,4.768820762634277,1.0366215705871582,0.0,0.0,44.47747747747748,239.69295654039695,29.47747747747748,254.69295654039695
cascades_sierra_2020042300_top04_2020,cascades_sierra,top04_2020,precip_large_zwd,q,q,q850_box_mean_g_per_kg,per-timestep/per-level spatial mean,actual_vs_uniform_q,12,enc_s1_skip,remote_control,4.768820762634277,5.8054423332214355,4.768820762634277,1.0366215705871582,0.0,0.0,44.47747747747748,239.69295654039695,29.47747747747748,254.69295654039695
cascades_sierra_2020042300_top04_2020,cascades_sierra,top04_2020,precip_large_zwd,q,q,q850_box_mean_g_per_kg,per-timestep/per-level spatial mean,actual_vs_uniform_q,12,enc_s2_bottleneck,whole,4.768820762634277,5.8054423332214355,5.404364109039307,1.0366215705871582,0.6355433464050293,0.6130909913875783,44.47747747747748,239.69295654039695,29.47747747747748,254.69295654039695
cascades_sierra_2020042300_top04_2020,cascades_sierra,top04_2020,precip_large_zwd,q,q,q850_box_mean_g_per_kg,per-timestep/per-level spatial mean,actual_vs_uniform_q,12,enc_s2_bottleneck,target_box,4.768820762634277,5.8054423332214355,4.962967395782471,1.0366215705871582,0.19414663314819336,0.1872878576491764,44.47747747747748,239.69295654039695,29.47747747747748,254.69295654039695
cascades_sierra_2020042300_top04_2020,cascades_sierra,top04_2020,precip_large_zwd,q,q,q850_box_mean_g_per_kg,per-timestep/per-level spatial mean,actual_vs_uniform_q,12,enc_s2_bottleneck,mountain_near,4.768820762634277,5.8054423332214355,5.179047107696533,1.0366215705871582,0.41022634506225586,0.395733946410065,44.47747747747748,239.69295654039695,29.47747747747748,254.69295654039695
cascades_sierra_2020042300_top04_2020,cascades_sierra,top04_2020,precip_large_zwd,q,q,q850_box_mean_g_per_kg,per-timestep/per-level spatial mean,actual_vs_uniform_q,12,enc_s2_bottleneck,upstream,4.768820762634277,5.8054423332214355,5.145380020141602,1.0366215705871582,0.3765592575073242,0.3632562433502472,44.47747747747748,239.69295654039695,29.47747747747748,254.69295654039695
cascades_sierra_2020042300_top04_2020,cascades_sierra,top04_2020,precip_large_zwd,q,q,q850_box_mean_g_per_kg,per-timestep/per-level spatial mean,actual_vs_uniform_q,12,enc_s2_bottleneck,hotspot_gaussian,4.768820762634277,5.8054423332214355,5.231263637542725,1.0366215705871582,0.46244287490844727,0.446105780575753,44.47747747747748,239.69295654039695,29.47747747747748,254.69295654039695
cascades_sierra_2020042300_top04_2020,cascades_sierra,top04_2020,precip_large_zwd,q,q,q850_box_mean_g_per_kg,per-timestep/per-level spatial mean,actual_vs_uniform_q,12,enc_s2_bottleneck,low_near_gaussian,4.768820762634277,5.8054423332214355,4.771365642547607,1.0366215705871582,0.002544879913330078,0.0024549748775617502,44.47747747747748,239.69295654039695,29.47747747747748,254.69295654039695
cascades_sierra_2020042300_top04_2020,cascades_sierra,top04_2020,precip_large_zwd,q,q,q850_box_mean_g_per_kg,per-timestep/per-level spatial mean,actual_vs_uniform_q,12,enc_s2_bottleneck,remote_control,4.768820762634277,5.8054423332214355,4.772829055786133,1.0366215705871582,0.004008293151855469,0.003866688930257462,44.47747747747748,239.69295654039695,29.47747747747748,254.69295654039695
cascades_sierra_2020042300_top04_2020,cascades_sierra,top04_2020,precip_large_zwd,q,q,q850_box_mean_g_per_kg,per-timestep/per-level spatial mean,actual_vs_uniform_q,12,dec_s0_pre_skip,whole,4.768820762634277,5.8054423332214355,5.404364109039307,1.0366215705871582,0.6355433464050293,0.6130909913875783,44.47747747747748,239.69295654039695,29.47747747747748,254.69295654039695
cascades_sierra_2020042300_top04_2020,cascades_sierra,top04_2020,precip_large_zwd,q,q,q850_box_mean_g_per_kg,per-timestep/per-level spatial mean,actual_vs_uniform_q,12,dec_s0_pre_skip,target_box,4.768820762634277,5.8054423332214355,4.962967395782471,1.0366215705871582,0.19414663314819336,0.1872878576491764,44.47747747747748,239.69295654039695,29.47747747747748,254.69295654039695
cascades_sierra_2020042300_top04_2020,cascades_sierra,top04_2020,precip_large_zwd,q,q,q850_box_mean_g_per_kg,per-timestep/per-level spatial mean,actual_vs_uniform_q,12,dec_s0_pre_skip,mountain_near,4.768820762634277,5.8054423332214355,5.179047107696533,1.0366215705871582,0.41022634506225586,0.395733946410065,44.47747747747748,239.69295654039695,29.47747747747748,254.69295654039695
cascades_sierra_2020042300_top04_2020,cascades_sierra,top04_2020,precip_large_zwd,q,q,q850_box_mean_g_per_kg,per-timestep/per-level spatial mean,actual_vs_uniform_q,12,dec_s0_pre_skip,upstream,4.768820762634277,5.8054423332214355,5.145380020141602,1.0366215705871582,0.3765592575073242,0.3632562433502472,44.47747747747748,239.69295654039695,29.47747747747748,254.69295654039695
cascades_sierra_2020042300_top04_2020,cascades_sierra,top04_2020,precip_large_zwd,q,q,q850_box_mean_g_per_kg,per-timestep/per-level spatial mean,actual_vs_uniform_q,12,dec_s0_pre_skip,hotspot_gaussian,4.768820762634277,5.8054423332214355,5.231263637542725,1.0366215705871582,0.46244287490844727,0.446105780575753,44.47747747747748,239.69295654039695,29.47747747747748,254.69295654039695
cascades_sierra_2020042300_top04_2020,cascades_sierra,top04_2020,precip_large_zwd,q,q,q850_box_mean_g_per_kg,per-timestep/per-level spatial mean,actual_vs_uniform_q,12,dec_s0_pre_skip,low_near_gaussian,4.768820762634277,5.8054423332214355,4.771365642547607,1.0366215705871582,0.002544879913330078,0.0024549748775617502,44.47747747747748,239.69295654039695,29.47747747747748,254.69295654039695
cascades_sierra_2020042300_top04_2020,cascades_sierra,top04_2020,precip_large_zwd,q,q,q850_box_mean_g_per_kg,per-timestep/per-level spatial mean,actual_vs_uniform_q,12,dec_s0_pre_skip,remote_control,4.768820762634277,5.8054423332214355,4.772829055786133,1.0366215705871582,0.004008293151855469,0.003866688930257462,44.47747747747748,239.69295654039695,29.47747747747748,254.69295654039695
cascades_sierra_2020042300_top04_2020,cascades_sierra,top04_2020,precip_large_zwd,q,q,q850_box_mean_g_per_kg,per-timestep/per-level spatial mean,actual_vs_uniform_q,12,dec_s1_pre_skip,whole,4.768820762634277,5.8054423332214355,5.405088424682617,1.0366215705871582,0.6362676620483398,0.6137897185449731,44.47747747747748,239.69295654039695,29.47747747747748,254.69295654039695
cascades_sierra_2020042300_top04_2020,cascades_sierra,top04_2020,precip_large_zwd,q,q,q850_box_mean_g_per_kg,per-timestep/per-level spatial mean,actual_vs_uniform_q,12,dec_s1_pre_skip,target_box,4.768820762634277,5.8054423332214355,5.237563133239746,1.0366215705871582,0.46874237060546875,0.4521827288814432,44.47747747747748,239.69295654039695,29.47747747747748,254.69295654039695
cascades_sierra_2020042300_top04_2020,cascades_sierra,top04_2020,precip_large_zwd,q,q,q850_box_mean_g_per_kg,per-timestep/per-level spatial mean,actual_vs_uniform_q,12,dec_s1_pre_skip,mountain_near,4.768820762634277,5.8054423332214355,5.406554698944092,1.0366215705871582,0.6377339363098145,0.615204192546941,44.47747747747748,239.69295654039695,29.47747747747748,254.69295654039695
cascades_sierra_2020042300_top04_2020,cascades_sierra,top04_2020,precip_large_zwd,q,q,q850_box_mean_g_per_kg,per-timestep/per-level spatial mean,actual_vs_uniform_q,12,dec_s1_pre_skip,upstream,4.768820762634277,5.8054423332214355,5.195122718811035,1.0366215705871582,0.4263019561767578,0.41124164137863145,44.47747747747748,239.69295654039695,29.47747747747748,254.69295654039695
cascades_sierra_2020042300_top04_2020,cascades_sierra,top04_2020,precip_large_zwd,q,q,q850_box_mean_g_per_kg,per-timestep/per-level spatial mean,actual_vs_uniform_q,12,dec_s1_pre_skip,hotspot_gaussian,4.768820762634277,5.8054423332214355,5.34180212020874,1.0366215705871582,0.5729813575744629,0.5527391806538596,44.47747747747748,239.69295654039695,29.47747747747748,254.69295654039695
cascades_sierra_2020042300_top04_2020,cascades_sierra,top04_2020,precip_large_zwd,q,q,q850_box_mean_g_per_kg,per-timestep/per-level spatial mean,actual_vs_uniform_q,12,dec_s1_pre_skip,low_near_gaussian,4.768820762634277,5.8054423332214355,4.7776899337768555,1.0366215705871582,0.008869171142578125,0.008555842743610372,44.47747747747748,239.69295654039695,29.47747747747748,254.69295654039695
cascades_sierra_2020042300_top04_2020,cascades_sierra,top04_2020,precip_large_zwd,q,q,q850_box_mean_g_per_kg,per-timestep/per-level spatial mean,actual_vs_uniform_q,12,dec_s1_pre_skip,remote_control,4.768820762634277,5.8054423332214355,4.768961429595947,1.0366215705871582,0.00014066696166992188,0.00013569750587984192,44.47747747747748,239.69295654039695,29.47747747747748,254.69295654039695
cascades_sierra_2020042300_top04_2020,cascades_sierra,top04_2020,precip_large_zwd,q,q,q850_box_mean_g_per_kg,per-timestep/per-level spatial mean,actual_vs_uniform_q,12,dec_s1_post_skip,whole,4.768820762634277,5.8054423332214355,5.596711158752441,1.0366215705871582,0.8278903961181641,0.7986428409445835,44.47747747747748,239.69295654039695,29.47747747747748,254.69295654039695
cascades_sierra_2020042300_top04_2020,cascades_sierra,top04_2020,precip_large_zwd,q,q,q850_box_mean_g_per_kg,per-timestep/per-level spatial mean,actual_vs_uniform_q,12,dec_s1_post_skip,target_box,4.768820762634277,5.8054423332214355,5.4288177490234375,1.0366215705871582,0.6599969863891602,0.6366807378080391,44.47747747747748,239.69295654039695,29.47747747747748,254.69295654039695
cascades_sierra_2020042300_top04_2020,cascades_sierra,top04_2020,precip_large_zwd,q,q,q850_box_mean_g_per_kg,per-timestep/per-level spatial mean,actual_vs_uniform_q,12,dec_s1_post_skip,mountain_near,4.768820762634277,5.8054423332214355,5.5400309562683105,1.0366215705871582,0.7712101936340332,0.7439650259228235,44.47747747747748,239.69295654039695,29.47747747747748,254.69295654039695
cascades_sierra_2020042300_top04_2020,cascades_sierra,top04_2020,precip_large_zwd,q,q,q850_box_mean_g_per_kg,per-timestep/per-level spatial mean,actual_vs_uniform_q,12,dec_s1_post_skip,upstream,4.768820762634277,5.8054423332214355,5.295056343078613,1.0366215705871582,0.5262355804443359,0.507644829488034,44.47747747747748,239.69295654039695,29.47747747747748,254.69295654039695
cascades_sierra_2020042300_top04_2020,cascades_sierra,top04_2020,precip_large_zwd,q,q,q850_box_mean_g_per_kg,per-timestep/per-level spatial mean,actual_vs_uniform_q,12,dec_s1_post_skip,hotspot_gaussian,4.768820762634277,5.8054423332214355,5.522826194763184,1.0366215705871582,0.7540054321289062,0.7273680709748555,44.47747747747748,239.69295654039695,29.47747747747748,254.69295654039695
cascades_sierra_2020042300_top04_2020,cascades_sierra,top04_2020,precip_large_zwd,q,q,q850_box_mean_g_per_kg,per-timestep/per-level spatial mean,actual_vs_uniform_q,12,dec_s1_post_skip,low_near_gaussian,4.768820762634277,5.8054423332214355,4.776998519897461,1.0366215705871582,0.008177757263183594,0.007888855002845047,44.47747747747748,239.69295654039695,29.47747747747748,254.69295654039695
cascades_sierra_2020042300_top04_2020,cascades_sierra,top04_2020,precip_large_zwd,q,q,q850_box_mean_g_per_kg,per-timestep/per-level spatial mean,actual_vs_uniform_q,12,dec_s1_post_skip,remote_control,4.768820762634277,5.8054423332214355,4.770816326141357,1.0366215705871582,0.001995563507080078,0.0019250646173123338,44.47747747747748,239.69295654039695,29.47747747747748,254.69295654039695
cascades_sierra_2020042300_top04_2020,cascades_sierra,top04_2020,precip_large_zwd,q,q,q850_box_mean_g_per_kg,per-timestep/per-level spatial mean,actual_vs_uniform_q,12,dec_s2_pre_concat,whole,4.768820762634277,5.8054423332214355,5.596711158752441,1.0366215705871582,0.8278903961181641,0.7986428409445835,44.47747747747748,239.69295654039695,29.47747747747748,254.69295654039695
cascades_sierra_2020042300_top04_2020,cascades_sierra,top04_2020,precip_large_zwd,q,q,q850_box_mean_g_per_kg,per-timestep/per-level spatial mean,actual_vs_uniform_q,12,dec_s2_pre_concat,target_box,4.768820762634277,5.8054423332214355,5.4288177490234375,1.0366215705871582,0.6599969863891602,0.6366807378080391,44.47747747747748,239.69295654039695,29.47747747747748,254.69295654039695
cascades_sierra_2020042300_top04_2020,cascades_sierra,top04_2020,precip_large_zwd,q,q,q850_box_mean_g_per_kg,per-timestep/per-level spatial mean,actual_vs_uniform_q,12,dec_s2_pre_concat,mountain_near,4.768820762634277,5.8054423332214355,5.5400309562683105,1.0366215705871582,0.7712101936340332,0.7439650259228235,44.47747747747748,239.69295654039695,29.47747747747748,254.69295654039695
cascades_sierra_2020042300_top04_2020,cascades_sierra,top04_2020,precip_large_zwd,q,q,q850_box_mean_g_per_kg,per-timestep/per-level spatial mean,actual_vs_uniform_q,12,dec_s2_pre_concat,upstream,4.768820762634277,5.8054423332214355,5.295056343078613,1.0366215705871582,0.5262355804443359,0.507644829488034,44.47747747747748,239.69295654039695,29.47747747747748,254.69295654039695
cascades_sierra_2020042300_top04_2020,cascades_sierra,top04_2020,precip_large_zwd,q,q,q850_box_mean_g_per_kg,per-timestep/per-level spatial mean,actual_vs_uniform_q,12,dec_s2_pre_concat,hotspot_gaussian,4.768820762634277,5.8054423332214355,5.522826194763184,1.0366215705871582,0.7540054321289062,0.7273680709748555,44.47747747747748,239.69295654039695,29.47747747747748,254.69295654039695
cascades_sierra_2020042300_top04_2020,cascades_sierra,top04_2020,precip_large_zwd,q,q,q850_box_mean_g_per_kg,per-timestep/per-level spatial mean,actual_vs_uniform_q,12,dec_s2_pre_concat,low_near_gaussian,4.768820762634277,5.8054423332214355,4.776998519897461,1.0366215705871582,0.008177757263183594,0.007888855002845047,44.47747747747748,239.69295654039695,29.47747747747748,254.69295654039695
cascades_sierra_2020042300_top04_2020,cascades_sierra,top04_2020,precip_large_zwd,q,q,q850_box_mean_g_per_kg,per-timestep/per-level spatial mean,actual_vs_uniform_q,12,dec_s2_pre_concat,remote_control,4.768820762634277,5.8054423332214355,4.770816326141357,1.0366215705871582,0.001995563507080078,0.0019250646173123338,44.47747747747748,239.69295654039695,29.47747747747748,254.69295654039695
cascades_sierra_2020042300_top04_2020,cascades_sierra,top04_2020,precip_large_zwd,q,q,q850_box_mean_g_per_kg,per-timestep/per-level spatial mean,actual_vs_uniform_q,12,dec_s2_post_concat,whole,4.768820762634277,5.8054423332214355,5.828016757965088,1.0366215705871582,1.0591959953308105,1.0217769197402151,44.47747747747748,239.69295654039695,29.47747747747748,254.69295654039695
cascades_sierra_2020042300_top04_2020,cascades_sierra,top04_2020,precip_large_zwd,q,q,q850_box_mean_g_per_kg,per-timestep/per-level spatial mean,actual_vs_uniform_q,12,dec_s2_post_concat,target_box,4.768820762634277,5.8054423332214355,5.558873653411865,1.0366215705871582,0.7900528907775879,0.7621420518290873,44.47747747747748,239.69295654039695,29.47747747747748,254.69295654039695
cascades_sierra_2020042300_top04_2020,cascades_sierra,top04_2020,precip_large_zwd,q,q,q850_box_mean_g_per_kg,per-timestep/per-level spatial mean,actual_vs_uniform_q,12,dec_s2_post_concat,mountain_near,4.768820762634277,5.8054423332214355,5.711989879608154,1.0366215705871582,0.943169116973877,0.909849016975068,44.47747747747748,239.69295654039695,29.47747747747748,254.69295654039695
cascades_sierra_2020042300_top04_2020,cascades_sierra,top04_2020,precip_large_zwd,q,q,q850_box_mean_g_per_kg,per-timestep/per-level spatial mean,actual_vs_uniform_q,12,dec_s2_post_concat,upstream,4.768820762634277,5.8054423332214355,5.441396236419678,1.0366215705871582,0.6725754737854004,0.6488148547829691,44.47747747747748,239.69295654039695,29.47747747747748,254.69295654039695
cascades_sierra_2020042300_top04_2020,cascades_sierra,top04_2020,precip_large_zwd,q,q,q850_box_mean_g_per_kg,per-timestep/per-level spatial mean,actual_vs_uniform_q,12,dec_s2_post_concat,hotspot_gaussian,4.768820762634277,5.8054423332214355,5.710806369781494,1.0366215705871582,0.9419856071472168,0.9087073179594959,44.47747747747748,239.69295654039695,29.47747747747748,254.69295654039695
cascades_sierra_2020042300_top04_2020,cascades_sierra,top04_2020,precip_large_zwd,q,q,q850_box_mean_g_per_kg,per-timestep/per-level spatial mean,actual_vs_uniform_q,12,dec_s2_post_concat,low_near_gaussian,4.768820762634277,5.8054423332214355,4.777519226074219,1.0366215705871582,0.008698463439941406,0.008391165770373141,44.47747747747748,239.69295654039695,29.47747747747748,254.69295654039695
cascades_sierra_2020042300_top04_2020,cascades_sierra,top04_2020,precip_large_zwd,q,q,q850_box_mean_g_per_kg,per-timestep/per-level spatial mean,actual_vs_uniform_q,12,dec_s2_post_concat,remote_control,4.768820762634277,5.8054423332214355,4.771416187286377,1.0366215705871582,0.0025954246520996094,0.0025037339813694225,44.47747747747748,239.69295654039695,29.47747747747748,254.69295654039695
cascades_sierra_2020042300_top04_2020,cascades_sierra,top04_2020,precip_large_zwd,q,q,q850_box_mean_g_per_kg,per-timestep/per-level spatial mean,actual_vs_uniform_q,24,enc_s0_skip,whole,3.2035675048828125,3.0966851711273193,3.12886118888855,-0.10688233375549316,-0.0747063159942627,0.6989585029567452,44.47747747747748,239.69295654039695,29.47747747747748,254.69295654039695
cascades_sierra_2020042300_top04_2020,cascades_sierra,top04_2020,precip_large_zwd,q,q,q850_box_mean_g_per_kg,per-timestep/per-level spatial mean,actual_vs_uniform_q,24,enc_s0_skip,target_box,3.2035675048828125,3.0966851711273193,3.2353646755218506,-0.10688233375549316,0.031797170639038086,-0.29749697187355706,44.47747747747748,239.69295654039695,29.47747747747748,254.69295654039695
cascades_sierra_2020042300_top04_2020,cascades_sierra,top04_2020,precip_large_zwd,q,q,q850_box_mean_g_per_kg,per-timestep/per-level spatial mean,actual_vs_uniform_q,24,enc_s0_skip,mountain_near,3.2035675048828125,3.0966851711273193,3.2326772212982178,-0.10688233375549316,0.029109716415405273,-0.27235292674276207,44.47747747747748,239.69295654039695,29.47747747747748,254.69295654039695
cascades_sierra_2020042300_top04_2020,cascades_sierra,top04_2020,precip_large_zwd,q,q,q850_box_mean_g_per_kg,per-timestep/per-level spatial mean,actual_vs_uniform_q,24,enc_s0_skip,upstream,3.2035675048828125,3.0966851711273193,3.1091625690460205,-0.10688233375549316,-0.09440493583679199,0.8832604277967508,44.47747747747748,239.69295654039695,29.47747747747748,254.69295654039695
cascades_sierra_2020042300_top04_2020,cascades_sierra,top04_2020,precip_large_zwd,q,q,q850_box_mean_g_per_kg,per-timestep/per-level spatial mean,actual_vs_uniform_q,24,enc_s0_skip,hotspot_gaussian,3.2035675048828125,3.0966851711273193,3.183209180831909,-0.10688233375549316,-0.02035832405090332,0.190474172256339,44.47747747747748,239.69295654039695,29.47747747747748,254.69295654039695
cascades_sierra_2020042300_top04_2020,cascades_sierra,top04_2020,precip_large_zwd,q,q,q850_box_mean_g_per_kg,per-timestep/per-level spatial mean,actual_vs_uniform_q,24,enc_s0_skip,low_near_gaussian,3.2035675048828125,3.0966851711273193,3.2191269397735596,-0.10688233375549316,0.01555943489074707,-0.145575366330803,44.47747747747748,239.69295654039695,29.47747747747748,254.69295654039695
cascades_sierra_2020042300_top04_2020,cascades_sierra,top04_2020,precip_large_zwd,q,q,q850_box_mean_g_per_kg,per-timestep/per-level spatial mean,actual_vs_uniform_q,24,enc_s0_skip,remote_control,3.2035675048828125,3.0966851711273193,3.2069995403289795,-0.10688233375549316,0.003432035446166992,-0.03211040894763962,44.47747747747748,239.69295654039695,29.47747747747748,254.69295654039695
cascades_sierra_2020042300_top04_2020,cascades_sierra,top04_2020,precip_large_zwd,q,q,q850_box_mean_g_per_kg,per-timestep/per-level spatial mean,actual_vs_uniform_q,24,enc_s1_skip,whole,3.2035675048828125,3.0966851711273193,3.2035675048828125,-0.10688233375549316,0.0,-0.0,44.47747747747748,239.69295654039695,29.47747747747748,254.69295654039695
cascades_sierra_2020042300_top04_2020,cascades_sierra,top04_2020,precip_large_zwd,q,q,q850_box_mean_g_per_kg,per-timestep/per-level spatial mean,actual_vs_uniform_q,24,enc_s1_skip,target_box,3.2035675048828125,3.0966851711273193,3.2035675048828125,-0.10688233375549316,0.0,-0.0,44.47747747747748,239.69295654039695,29.47747747747748,254.69295654039695
cascades_sierra_2020042300_top04_2020,cascades_sierra,top04_2020,precip_large_zwd,q,q,q850_box_mean_g_per_kg,per-timestep/per-level spatial mean,actual_vs_uniform_q,24,enc_s1_skip,mountain_near,3.2035675048828125,3.0966851711273193,3.2035675048828125,-0.10688233375549316,0.0,-0.0,44.47747747747748,239.69295654039695,29.47747747747748,254.69295654039695
cascades_sierra_2020042300_top04_2020,cascades_sierra,top04_2020,precip_large_zwd,q,q,q850_box_mean_g_per_kg,per-timestep/per-level spatial mean,actual_vs_uniform_q,24,enc_s1_skip,upstream,3.2035675048828125,3.0966851711273193,3.2035675048828125,-0.10688233375549316,0.0,-0.0,44.47747747747748,239.69295654039695,29.47747747747748,254.69295654039695
cascades_sierra_2020042300_top04_2020,cascades_sierra,top04_2020,precip_large_zwd,q,q,q850_box_mean_g_per_kg,per-timestep/per-level spatial mean,actual_vs_uniform_q,24,enc_s1_skip,hotspot_gaussian,3.2035675048828125,3.0966851711273193,3.2035675048828125,-0.10688233375549316,0.0,-0.0,44.47747747747748,239.69295654039695,29.47747747747748,254.69295654039695
cascades_sierra_2020042300_top04_2020,cascades_sierra,top04_2020,precip_large_zwd,q,q,q850_box_mean_g_per_kg,per-timestep/per-level spatial mean,actual_vs_uniform_q,24,enc_s1_skip,low_near_gaussian,3.2035675048828125,3.0966851711273193,3.2035675048828125,-0.10688233375549316,0.0,-0.0,44.47747747747748,239.69295654039695,29.47747747747748,254.69295654039695
cascades_sierra_2020042300_top04_2020,cascades_sierra,top04_2020,precip_large_zwd,q,q,q850_box_mean_g_per_kg,per-timestep/per-level spatial mean,actual_vs_uniform_q,24,enc_s1_skip,remote_control,3.2035675048828125,3.0966851711273193,3.2035675048828125,-0.10688233375549316,0.0,-0.0,44.47747747747748,239.69295654039695,29.47747747747748,254.69295654039695
cascades_sierra_2020042300_top04_2020,cascades_sierra,top04_2020,precip_large_zwd,q,q,q850_box_mean_g_per_kg,per-timestep/per-level spatial mean,actual_vs_uniform_q,24,enc_s2_bottleneck,whole,3.2035675048828125,3.0966851711273193,3.0568337440490723,-0.10688233375549316,-0.14673376083374023,1.372853264688365,44.47747747747748,239.69295654039695,29.47747747747748,254.69295654039695
cascades_sierra_2020042300_top04_2020,cascades_sierra,top04_2020,precip_large_zwd,q,q,q850_box_mean_g_per_kg,per-timestep/per-level spatial mean,actual_vs_uniform_q,24,enc_s2_bottleneck,target_box,3.2035675048828125,3.0966851711273193,3.21163272857666,-0.10688233375549316,0.008065223693847656,-0.07545890336094152,44.47747747747748,239.69295654039695,29.47747747747748,254.69295654039695
cascades_sierra_2020042300_top04_2020,cascades_sierra,top04_2020,precip_large_zwd,q,q,q850_box_mean_g_per_kg,per-timestep/per-level spatial mean,actual_vs_uniform_q,24,enc_s2_bottleneck,mountain_near,3.2035675048828125,3.0966851711273193,3.1791064739227295,-0.10688233375549316,-0.024461030960083008,0.22885943916644547,44.47747747747748,239.69295654039695,29.47747747747748,254.69295654039695
cascades_sierra_2020042300_top04_2020,cascades_sierra,top04_2020,precip_large_zwd,q,q,q850_box_mean_g_per_kg,per-timestep/per-level spatial mean,actual_vs_uniform_q,24,enc_s2_bottleneck,upstream,3.2035675048828125,3.0966851711273193,3.0547096729278564,-0.10688233375549316,-0.14885783195495605,1.3927262506775642,44.47747747747748,239.69295654039695,29.47747747747748,254.69295654039695
cascades_sierra_2020042300_top04_2020,cascades_sierra,top04_2020,precip_large_zwd,q,q,q850_box_mean_g_per_kg,per-timestep/per-level spatial mean,actual_vs_uniform_q,24,enc_s2_bottleneck,hotspot_gaussian,3.2035675048828125,3.0966851711273193,3.0731890201568604,-0.10688233375549316,-0.13037848472595215,1.2198319417707457,44.47747747747748,239.69295654039695,29.47747747747748,254.69295654039695
cascades_sierra_2020042300_top04_2020,cascades_sierra,top04_2020,precip_large_zwd,q,q,q850_box_mean_g_per_kg,per-timestep/per-level spatial mean,actual_vs_uniform_q,24,enc_s2_bottleneck,low_near_gaussian,3.2035675048828125,3.0966851711273193,3.218358278274536,-0.10688233375549316,0.014790773391723633,-0.138383705445274,44.47747747747748,239.69295654039695,29.47747747747748,254.69295654039695
cascades_sierra_2020042300_top04_2020,cascades_sierra,top04_2020,precip_large_zwd,q,q,q850_box_mean_g_per_kg,per-timestep/per-level spatial mean,actual_vs_uniform_q,24,enc_s2_bottleneck,remote_control,3.2035675048828125,3.0966851711273193,3.209348201751709,-0.10688233375549316,0.005780696868896484,-0.05408468046852868,44.47747747747748,239.69295654039695,29.47747747747748,254.69295654039695
cascades_sierra_2020042300_top04_2020,cascades_sierra,top04_2020,precip_large_zwd,q,q,q850_box_mean_g_per_kg,per-timestep/per-level spatial mean,actual_vs_uniform_q,24,dec_s0_pre_skip,whole,3.2035675048828125,3.0966851711273193,3.0568337440490723,-0.10688233375549316,-0.14673376083374023,1.372853264688365,44.47747747747748,239.69295654039695,29.47747747747748,254.69295654039695
cascades_sierra_2020042300_top04_2020,cascades_sierra,top04_2020,precip_large_zwd,q,q,q850_box_mean_g_per_kg,per-timestep/per-level spatial mean,actual_vs_uniform_q,24,dec_s0_pre_skip,target_box,3.2035675048828125,3.0966851711273193,3.21163272857666,-0.10688233375549316,0.008065223693847656,-0.07545890336094152,44.47747747747748,239.69295654039695,29.47747747747748,254.69295654039695
cascades_sierra_2020042300_top04_2020,cascades_sierra,top04_2020,precip_large_zwd,q,q,q850_box_mean_g_per_kg,per-timestep/per-level spatial mean,actual_vs_uniform_q,24,dec_s0_pre_skip,mountain_near,3.2035675048828125,3.0966851711273193,3.1791064739227295,-0.10688233375549316,-0.024461030960083008,0.22885943916644547,44.47747747747748,239.69295654039695,29.47747747747748,254.69295654039695
cascades_sierra_2020042300_top04_2020,cascades_sierra,top04_2020,precip_large_zwd,q,q,q850_box_mean_g_per_kg,per-timestep/per-level spatial mean,actual_vs_uniform_q,24,dec_s0_pre_skip,upstream,3.2035675048828125,3.0966851711273193,3.0547096729278564,-0.10688233375549316,-0.14885783195495605,1.3927262506775642,44.47747747747748,239.69295654039695,29.47747747747748,254.69295654039695
cascades_sierra_2020042300_top04_2020,cascades_sierra,top04_2020,precip_large_zwd,q,q,q850_box_mean_g_per_kg,per-timestep/per-level spatial mean,actual_vs_uniform_q,24,dec_s0_pre_skip,hotspot_gaussian,3.2035675048828125,3.0966851711273193,3.0731890201568604,-0.10688233375549316,-0.13037848472595215,1.2198319417707457,44.47747747747748,239.69295654039695,29.47747747747748,254.69295654039695
cascades_sierra_2020042300_top04_2020,cascades_sierra,top04_2020,precip_large_zwd,q,q,q850_box_mean_g_per_kg,per-timestep/per-level spatial mean,actual_vs_uniform_q,24,dec_s0_pre_skip,low_near_gaussian,3.2035675048828125,3.0966851711273193,3.218358278274536,-0.10688233375549316,0.014790773391723633,-0.138383705445274,44.47747747747748,239.69295654039695,29.47747747747748,254.69295654039695
cascades_sierra_2020042300_top04_2020,cascades_sierra,top04_2020,precip_large_zwd,q,q,q850_box_mean_g_per_kg,per-timestep/per-level spatial mean,actual_vs_uniform_q,24,dec_s0_pre_skip,remote_control,3.2035675048828125,3.0966851711273193,3.209348201751709,-0.10688233375549316,0.005780696868896484,-0.05408468046852868,44.47747747747748,239.69295654039695,29.47747747747748,254.69295654039695
cascades_sierra_2020042300_top04_2020,cascades_sierra,top04_2020,precip_large_zwd,q,q,q850_box_mean_g_per_kg,per-timestep/per-level spatial mean,actual_vs_uniform_q,24,dec_s1_pre_skip,whole,3.2035675048828125,3.0966851711273193,3.053119659423828,-0.10688233375549316,-0.15044784545898438,1.4076025492028723,44.47747747747748,239.69295654039695,29.47747747747748,254.69295654039695
cascades_sierra_2020042300_top04_2020,cascades_sierra,top04_2020,precip_large_zwd,q,q,q850_box_mean_g_per_kg,per-timestep/per-level spatial mean,actual_vs_uniform_q,24,dec_s1_pre_skip,target_box,3.2035675048828125,3.0966851711273193,3.2089781761169434,-0.10688233375549316,0.005410671234130859,-0.05062268986854697,44.47747747747748,239.69295654039695,29.47747747747748,254.69295654039695
cascades_sierra_2020042300_top04_2020,cascades_sierra,top04_2020,precip_large_zwd,q,q,q850_box_mean_g_per_kg,per-timestep/per-level spatial mean,actual_vs_uniform_q,24,dec_s1_pre_skip,mountain_near,3.2035675048828125,3.0966851711273193,3.210627794265747,-0.10688233375549316,0.00706028938293457,-0.06605665440544996,44.47747747747748,239.69295654039695,29.47747747747748,254.69295654039695
cascades_sierra_2020042300_top04_2020,cascades_sierra,top04_2020,precip_large_zwd,q,q,q850_box_mean_g_per_kg,per-timestep/per-level spatial mean,actual_vs_uniform_q,24,dec_s1_pre_skip,upstream,3.2035675048828125,3.0966851711273193,3.1022043228149414,-0.10688233375549316,-0.1013631820678711,0.9483623579903502,44.47747747747748,239.69295654039695,29.47747747747748,254.69295654039695
cascades_sierra_2020042300_top04_2020,cascades_sierra,top04_2020,precip_large_zwd,q,q,q850_box_mean_g_per_kg,per-timestep/per-level spatial mean,actual_vs_uniform_q,24,dec_s1_pre_skip,hotspot_gaussian,3.2035675048828125,3.0966851711273193,3.0868289470672607,-0.10688233375549316,-0.11673855781555176,1.0922156516773478,44.47747747747748,239.69295654039695,29.47747747747748,254.69295654039695
cascades_sierra_2020042300_top04_2020,cascades_sierra,top04_2020,precip_large_zwd,q,q,q850_box_mean_g_per_kg,per-timestep/per-level spatial mean,actual_vs_uniform_q,24,dec_s1_pre_skip,low_near_gaussian,3.2035675048828125,3.0966851711273193,3.2220349311828613,-0.10688233375549316,0.018467426300048828,-0.17278277570449949,44.47747747747748,239.69295654039695,29.47747747747748,254.69295654039695
cascades_sierra_2020042300_top04_2020,cascades_sierra,top04_2020,precip_large_zwd,q,q,q850_box_mean_g_per_kg,per-timestep/per-level spatial mean,actual_vs_uniform_q,24,dec_s1_pre_skip,remote_control,3.2035675048828125,3.0966851711273193,3.205657482147217,-0.10688233375549316,0.002089977264404297,-0.01955400103056679,44.47747747747748,239.69295654039695,29.47747747747748,254.69295654039695
cascades_sierra_2020042300_top04_2020,cascades_sierra,top04_2020,precip_large_zwd,q,q,q850_box_mean_g_per_kg,per-timestep/per-level spatial mean,actual_vs_uniform_q,24,dec_s1_post_skip,whole,3.2035675048828125,3.0966851711273193,3.0589029788970947,-0.10688233375549316,-0.14466452598571777,1.3534933314298334,44.47747747747748,239.69295654039695,29.47747747747748,254.69295654039695
cascades_sierra_2020042300_top04_2020,cascades_sierra,top04_2020,precip_large_zwd,q,q,q850_box_mean_g_per_kg,per-timestep/per-level spatial mean,actual_vs_uniform_q,24,dec_s1_post_skip,target_box,3.2035675048828125,3.0966851711273193,3.222135066986084,-0.10688233375549316,0.018567562103271484,-0.17371965460397906,44.47747747747748,239.69295654039695,29.47747747747748,254.69295654039695
cascades_sierra_2020042300_top04_2020,cascades_sierra,top04_2020,precip_large_zwd,q,q,q850_box_mean_g_per_kg,per-timestep/per-level spatial mean,actual_vs_uniform_q,24,dec_s1_post_skip,mountain_near,3.2035675048828125,3.0966851711273193,3.2042970657348633,-0.10688233375549316,0.0007295608520507812,-0.006825831981922699,44.47747747747748,239.69295654039695,29.47747747747748,254.69295654039695
cascades_sierra_2020042300_top04_2020,cascades_sierra,top04_2020,precip_large_zwd,q,q,q850_box_mean_g_per_kg,per-timestep/per-level spatial mean,actual_vs_uniform_q,24,dec_s1_post_skip,upstream,3.2035675048828125,3.0966851711273193,3.125054121017456,-0.10688233375549316,-0.07851338386535645,0.7345777464493405,44.47747747747748,239.69295654039695,29.47747747747748,254.69295654039695
cascades_sierra_2020042300_top04_2020,cascades_sierra,top04_2020,precip_large_zwd,q,q,q850_box_mean_g_per_kg,per-timestep/per-level spatial mean,actual_vs_uniform_q,24,dec_s1_post_skip,hotspot_gaussian,3.2035675048828125,3.0966851711273193,3.0361990928649902,-0.10688233375549316,-0.16736841201782227,1.5659127765744585,44.47747747747748,239.69295654039695,29.47747747747748,254.69295654039695
cascades_sierra_2020042300_top04_2020,cascades_sierra,top04_2020,precip_large_zwd,q,q,q850_box_mean_g_per_kg,per-timestep/per-level spatial mean,actual_vs_uniform_q,24,dec_s1_post_skip,low_near_gaussian,3.2035675048828125,3.0966851711273193,3.2295005321502686,-0.10688233375549316,0.025933027267456055,-0.24263155898879538,44.47747747747748,239.69295654039695,29.47747747747748,254.69295654039695
cascades_sierra_2020042300_top04_2020,cascades_sierra,top04_2020,precip_large_zwd,q,q,q850_box_mean_g_per_kg,per-timestep/per-level spatial mean,actual_vs_uniform_q,24,dec_s1_post_skip,remote_control,3.2035675048828125,3.0966851711273193,3.210650682449341,-0.10688233375549316,0.00708317756652832,-0.06627079815390244,44.47747747747748,239.69295654039695,29.47747747747748,254.69295654039695
cascades_sierra_2020042300_top04_2020,cascades_sierra,top04_2020,precip_large_zwd,q,q,q850_box_mean_g_per_kg,per-timestep/per-level spatial mean,actual_vs_uniform_q,24,dec_s2_pre_concat,whole,3.2035675048828125,3.0966851711273193,3.0589029788970947,-0.10688233375549316,-0.14466452598571777,1.3534933314298334,44.47747747747748,239.69295654039695,29.47747747747748,254.69295654039695
cascades_sierra_2020042300_top04_2020,cascades_sierra,top04_2020,precip_large_zwd,q,q,q850_box_mean_g_per_kg,per-timestep/per-level spatial mean,actual_vs_uniform_q,24,dec_s2_pre_concat,target_box,3.2035675048828125,3.0966851711273193,3.222135066986084,-0.10688233375549316,0.018567562103271484,-0.17371965460397906,44.47747747747748,239.69295654039695,29.47747747747748,254.69295654039695
cascades_sierra_2020042300_top04_2020,cascades_sierra,top04_2020,precip_large_zwd,q,q,q850_box_mean_g_per_kg,per-timestep/per-level spatial mean,actual_vs_uniform_q,24,dec_s2_pre_concat,mountain_near,3.2035675048828125,3.0966851711273193,3.2042970657348633,-0.10688233375549316,0.0007295608520507812,-0.006825831981922699,44.47747747747748,239.69295654039695,29.47747747747748,254.69295654039695
cascades_sierra_2020042300_top04_2020,cascades_sierra,top04_2020,precip_large_zwd,q,q,q850_box_mean_g_per_kg,per-timestep/per-level spatial mean,actual_vs_uniform_q,24,dec_s2_pre_concat,upstream,3.2035675048828125,3.0966851711273193,3.125054121017456,-0.10688233375549316,-0.07851338386535645,0.7345777464493405,44.47747747747748,239.69295654039695,29.47747747747748,254.69295654039695
cascades_sierra_2020042300_top04_2020,cascades_sierra,top04_2020,precip_large_zwd,q,q,q850_box_mean_g_per_kg,per-timestep/per-level spatial mean,actual_vs_uniform_q,24,dec_s2_pre_concat,hotspot_gaussian,3.2035675048828125,3.0966851711273193,3.0361990928649902,-0.10688233375549316,-0.16736841201782227,1.5659127765744585,44.47747747747748,239.69295654039695,29.47747747747748,254.69295654039695
cascades_sierra_2020042300_top04_2020,cascades_sierra,top04_2020,precip_large_zwd,q,q,q850_box_mean_g_per_kg,per-timestep/per-level spatial mean,actual_vs_uniform_q,24,dec_s2_pre_concat,low_near_gaussian,3.2035675048828125,3.0966851711273193,3.2295005321502686,-0.10688233375549316,0.025933027267456055,-0.24263155898879538,44.47747747747748,239.69295654039695,29.47747747747748,254.69295654039695
cascades_sierra_2020042300_top04_2020,cascades_sierra,top04_2020,precip_large_zwd,q,q,q850_box_mean_g_per_kg,per-timestep/per-level spatial mean,actual_vs_uniform_q,24,dec_s2_pre_concat,remote_control,3.2035675048828125,3.0966851711273193,3.210650682449341,-0.10688233375549316,0.00708317756652832,-0.06627079815390244,44.47747747747748,239.69295654039695,29.47747747747748,254.69295654039695
cascades_sierra_2020042300_top04_2020,cascades_sierra,top04_2020,precip_large_zwd,q,q,q850_box_mean_g_per_kg,per-timestep/per-level spatial mean,actual_vs_uniform_q,24,dec_s2_post_concat,whole,3.2035675048828125,3.0966851711273193,3.12243914604187,-0.10688233375549316,-0.08112835884094238,0.759043669710036,44.47747747747748,239.69295654039695,29.47747747747748,254.69295654039695
cascades_sierra_2020042300_top04_2020,cascades_sierra,top04_2020,precip_large_zwd,q,q,q850_box_mean_g_per_kg,per-timestep/per-level spatial mean,actual_vs_uniform_q,24,dec_s2_post_concat,target_box,3.2035675048828125,3.0966851711273193,3.239396333694458,-0.10688233375549316,0.03582882881164551,-0.3352175008978423,44.47747747747748,239.69295654039695,29.47747747747748,254.69295654039695
cascades_sierra_2020042300_top04_2020,cascades_sierra,top04_2020,precip_large_zwd,q,q,q850_box_mean_g_per_kg,per-timestep/per-level spatial mean,actual_vs_uniform_q,24,dec_s2_post_concat,mountain_near,3.2035675048828125,3.0966851711273193,3.2215335369110107,-0.10688233375549316,0.017966032028198242,-0.1680916892149624,44.47747747747748,239.69295654039695,29.47747747747748,254.69295654039695
cascades_sierra_2020042300_top04_2020,cascades_sierra,top04_2020,precip_large_zwd,q,q,q850_box_mean_g_per_kg,per-timestep/per-level spatial mean,actual_vs_uniform_q,24,dec_s2_post_concat,upstream,3.2035675048828125,3.0966851711273193,3.138444423675537,-0.10688233375549316,-0.06512308120727539,0.6092969616125025,44.47747747747748,239.69295654039695,29.47747747747748,254.69295654039695
cascades_sierra_2020042300_top04_2020,cascades_sierra,top04_2020,precip_large_zwd,q,q,q850_box_mean_g_per_kg,per-timestep/per-level spatial mean,actual_vs_uniform_q,24,dec_s2_post_concat,hotspot_gaussian,3.2035675048828125,3.0966851711273193,3.0070016384124756,-0.10688233375549316,-0.19656586647033691,1.8390865876862883,44.47747747747748,239.69295654039695,29.47747747747748,254.69295654039695
cascades_sierra_2020042300_top04_2020,cascades_sierra,top04_2020,precip_large_zwd,q,q,q850_box_mean_g_per_kg,per-timestep/per-level spatial mean,actual_vs_uniform_q,24,dec_s2_post_concat,low_near_gaussian,3.2035675048828125,3.0966851711273193,3.23311448097229,-0.10688233375549316,0.02954697608947754,-0.2764439646038229,44.47747747747748,239.69295654039695,29.47747747747748,254.69295654039695
cascades_sierra_2020042300_top04_2020,cascades_sierra,top04_2020,precip_large_zwd,q,q,q850_box_mean_g_per_kg,per-timestep/per-level spatial mean,actual_vs_uniform_q,24,dec_s2_post_concat,remote_control,3.2035675048828125,3.0966851711273193,3.2158985137939453,-0.10688233375549316,0.012331008911132812,-0.11536994447877189,44.47747747747748,239.69295654039695,29.47747747747748,254.69295654039695
netherlands_2020110200_strong_2020,netherlands,strong_2020,precip_large_zwd,q,q,q850_box_mean_g_per_kg,per-timestep/per-level spatial mean,actual_vs_uniform_q,6,enc_s0_skip,whole,4.175494194030762,8.09398365020752,5.892508029937744,3.918489456176758,1.7170138359069824,0.43818258415891226,49.97747747747748,358.50271099764456,64.97747747747748,28.502710997644563
netherlands_2020110200_strong_2020,netherlands,strong_2020,precip_large_zwd,q,q,q850_box_mean_g_per_kg,per-timestep/per-level spatial mean,actual_vs_uniform_q,6,enc_s0_skip,target_box,4.175494194030762,8.09398365020752,5.399693965911865,3.918489456176758,1.2241997718811035,0.31241624752910435,49.97747747747748,358.50271099764456,64.97747747747748,28.502710997644563
netherlands_2020110200_strong_2020,netherlands,strong_2020,precip_large_zwd,q,q,q850_box_mean_g_per_kg,per-timestep/per-level spatial mean,actual_vs_uniform_q,6,enc_s0_skip,mountain_near,4.175494194030762,8.09398365020752,4.175635814666748,3.918489456176758,0.00014162063598632812,3.61416401830787e-05,49.97747747747748,358.50271099764456,64.97747747747748,28.502710997644563
netherlands_2020110200_strong_2020,netherlands,strong_2020,precip_large_zwd,q,q,q850_box_mean_g_per_kg,per-timestep/per-level spatial mean,actual_vs_uniform_q,6,enc_s0_skip,upstream,4.175494194030762,8.09398365020752,4.693638801574707,3.918489456176758,0.5181446075439453,0.13223070097258735,49.97747747747748,358.50271099764456,64.97747747747748,28.502710997644563
netherlands_2020110200_strong_2020,netherlands,strong_2020,precip_large_zwd,q,q,q850_box_mean_g_per_kg,per-timestep/per-level spatial mean,actual_vs_uniform_q,6,enc_s0_skip,hotspot_gaussian,4.175494194030762,8.09398365020752,5.339390277862549,3.918489456176758,1.163896083831787,0.29702672339646724,49.97747747747748,358.50271099764456,64.97747747747748,28.502710997644563
netherlands_2020110200_strong_2020,netherlands,strong_2020,precip_large_zwd,q,q,q850_box_mean_g_per_kg,per-timestep/per-level spatial mean,actual_vs_uniform_q,6,enc_s0_skip,low_near_gaussian,4.175494194030762,8.09398365020752,4.227654457092285,3.918489456176758,0.05216026306152344,0.013311318977598024,49.97747747747748,358.50271099764456,64.97747747747748,28.502710997644563
netherlands_2020110200_strong_2020,netherlands,strong_2020,precip_large_zwd,q,q,q850_box_mean_g_per_kg,per-timestep/per-level spatial mean,actual_vs_uniform_q,6,enc_s0_skip,remote_control,4.175494194030762,8.09398365020752,4.175506114959717,3.918489456176758,1.1920928955078125e-05,3.0422256046362543e-06,49.97747747747748,358.50271099764456,64.97747747747748,28.502710997644563
netherlands_2020110200_strong_2020,netherlands,strong_2020,precip_large_zwd,q,q,q850_box_mean_g_per_kg,per-timestep/per-level spatial mean,actual_vs_uniform_q,6,enc_s1_skip,whole,4.175494194030762,8.09398365020752,4.175494194030762,3.918489456176758,0.0,0.0,49.97747747747748,358.50271099764456,64.97747747747748,28.502710997644563
netherlands_2020110200_strong_2020,netherlands,strong_2020,precip_large_zwd,q,q,q850_box_mean_g_per_kg,per-timestep/per-level spatial mean,actual_vs_uniform_q,6,enc_s1_skip,target_box,4.175494194030762,8.09398365020752,4.175494194030762,3.918489456176758,0.0,0.0,49.97747747747748,358.50271099764456,64.97747747747748,28.502710997644563
netherlands_2020110200_strong_2020,netherlands,strong_2020,precip_large_zwd,q,q,q850_box_mean_g_per_kg,per-timestep/per-level spatial mean,actual_vs_uniform_q,6,enc_s1_skip,mountain_near,4.175494194030762,8.09398365020752,4.175494194030762,3.918489456176758,0.0,0.0,49.97747747747748,358.50271099764456,64.97747747747748,28.502710997644563
netherlands_2020110200_strong_2020,netherlands,strong_2020,precip_large_zwd,q,q,q850_box_mean_g_per_kg,per-timestep/per-level spatial mean,actual_vs_uniform_q,6,enc_s1_skip,upstream,4.175494194030762,8.09398365020752,4.175494194030762,3.918489456176758,0.0,0.0,49.97747747747748,358.50271099764456,64.97747747747748,28.502710997644563
netherlands_2020110200_strong_2020,netherlands,strong_2020,precip_large_zwd,q,q,q850_box_mean_g_per_kg,per-timestep/per-level spatial mean,actual_vs_uniform_q,6,enc_s1_skip,hotspot_gaussian,4.175494194030762,8.09398365020752,4.175494194030762,3.918489456176758,0.0,0.0,49.97747747747748,358.50271099764456,64.97747747747748,28.502710997644563
netherlands_2020110200_strong_2020,netherlands,strong_2020,precip_large_zwd,q,q,q850_box_mean_g_per_kg,per-timestep/per-level spatial mean,actual_vs_uniform_q,6,enc_s1_skip,low_near_gaussian,4.175494194030762,8.09398365020752,4.175494194030762,3.918489456176758,0.0,0.0,49.97747747747748,358.50271099764456,64.97747747747748,28.502710997644563
netherlands_2020110200_strong_2020,netherlands,strong_2020,precip_large_zwd,q,q,q850_box_mean_g_per_kg,per-timestep/per-level spatial mean,actual_vs_uniform_q,6,enc_s1_skip,remote_control,4.175494194030762,8.09398365020752,4.175494194030762,3.918489456176758,0.0,0.0,49.97747747747748,358.50271099764456,64.97747747747748,28.502710997644563
netherlands_2020110200_strong_2020,netherlands,strong_2020,precip_large_zwd,q,q,q850_box_mean_g_per_kg,per-timestep/per-level spatial mean,actual_vs_uniform_q,6,enc_s2_bottleneck,whole,4.175494194030762,8.09398365020752,6.528909206390381,3.918489456176758,2.353415012359619,0.6005924065075396,49.97747747747748,358.50271099764456,64.97747747747748,28.502710997644563
netherlands_2020110200_strong_2020,netherlands,strong_2020,precip_large_zwd,q,q,q850_box_mean_g_per_kg,per-timestep/per-level spatial mean,actual_vs_uniform_q,6,enc_s2_bottleneck,target_box,4.175494194030762,8.09398365020752,4.185884952545166,3.918489456176758,0.010390758514404297,0.002651725526025145,49.97747747747748,358.50271099764456,64.97747747747748,28.502710997644563
netherlands_2020110200_strong_2020,netherlands,strong_2020,precip_large_zwd,q,q,q850_box_mean_g_per_kg,per-timestep/per-level spatial mean,actual_vs_uniform_q,6,enc_s2_bottleneck,mountain_near,4.175494194030762,8.09398365020752,4.178030014038086,3.918489456176758,0.0025358200073242188,0.000647142230618224,49.97747747747748,358.50271099764456,64.97747747747748,28.502710997644563
netherlands_2020110200_strong_2020,netherlands,strong_2020,precip_large_zwd,q,q,q850_box_mean_g_per_kg,per-timestep/per-level spatial mean,actual_vs_uniform_q,6,enc_s2_bottleneck,upstream,4.175494194030762,8.09398365020752,6.331699848175049,3.918489456176758,2.156205654144287,0.5502645032629695,49.97747747747748,358.50271099764456,64.97747747747748,28.502710997644563
netherlands_2020110200_strong_2020,netherlands,strong_2020,precip_large_zwd,q,q,q850_box_mean_g_per_kg,per-timestep/per-level spatial mean,actual_vs_uniform_q,6,enc_s2_bottleneck,hotspot_gaussian,4.175494194030762,8.09398365020752,6.218415260314941,3.918489456176758,2.0429210662841797,0.5213542333421112,49.97747747747748,358.50271099764456,64.97747747747748,28.502710997644563
netherlands_2020110200_strong_2020,netherlands,strong_2020,precip_large_zwd,q,q,q850_box_mean_g_per_kg,per-timestep/per-level spatial mean,actual_vs_uniform_q,6,enc_s2_bottleneck,low_near_gaussian,4.175494194030762,8.09398365020752,4.215371131896973,3.918489456176758,0.03987693786621094,0.010176609714580828,49.97747747747748,358.50271099764456,64.97747747747748,28.502710997644563
netherlands_2020110200_strong_2020,netherlands,strong_2020,precip_large_zwd,q,q,q850_box_mean_g_per_kg,per-timestep/per-level spatial mean,actual_vs_uniform_q,6,enc_s2_bottleneck,remote_control,4.175494194030762,8.09398365020752,4.180953025817871,3.918489456176758,0.005458831787109375,0.0013930959488750337,49.97747747747748,358.50271099764456,64.97747747747748,28.502710997644563
netherlands_2020110200_strong_2020,netherlands,strong_2020,precip_large_zwd,q,q,q850_box_mean_g_per_kg,per-timestep/per-level spatial mean,actual_vs_uniform_q,6,dec_s0_pre_skip,whole,4.175494194030762,8.09398365020752,6.528909206390381,3.918489456176758,2.353415012359619,0.6005924065075396,49.97747747747748,358.50271099764456,64.97747747747748,28.502710997644563
netherlands_2020110200_strong_2020,netherlands,strong_2020,precip_large_zwd,q,q,q850_box_mean_g_per_kg,per-timestep/per-level spatial mean,actual_vs_uniform_q,6,dec_s0_pre_skip,target_box,4.175494194030762,8.09398365020752,4.185884952545166,3.918489456176758,0.010390758514404297,0.002651725526025145,49.97747747747748,358.50271099764456,64.97747747747748,28.502710997644563
netherlands_2020110200_strong_2020,netherlands,strong_2020,precip_large_zwd,q,q,q850_box_mean_g_per_kg,per-timestep/per-level spatial mean,actual_vs_uniform_q,6,dec_s0_pre_skip,mountain_near,4.175494194030762,8.09398365020752,4.178030014038086,3.918489456176758,0.0025358200073242188,0.000647142230618224,49.97747747747748,358.50271099764456,64.97747747747748,28.502710997644563
netherlands_2020110200_strong_2020,netherlands,strong_2020,precip_large_zwd,q,q,q850_box_mean_g_per_kg,per-timestep/per-level spatial mean,actual_vs_uniform_q,6,dec_s0_pre_skip,upstream,4.175494194030762,8.09398365020752,6.331699848175049,3.918489456176758,2.156205654144287,0.5502645032629695,49.97747747747748,358.50271099764456,64.97747747747748,28.502710997644563
netherlands_2020110200_strong_2020,netherlands,strong_2020,precip_large_zwd,q,q,q850_box_mean_g_per_kg,per-timestep/per-level spatial mean,actual_vs_uniform_q,6,dec_s0_pre_skip,hotspot_gaussian,4.175494194030762,8.09398365020752,6.218415260314941,3.918489456176758,2.0429210662841797,0.5213542333421112,49.97747747747748,358.50271099764456,64.97747747747748,28.502710997644563
netherlands_2020110200_strong_2020,netherlands,strong_2020,precip_large_zwd,q,q,q850_box_mean_g_per_kg,per-timestep/per-level spatial mean,actual_vs_uniform_q,6,dec_s0_pre_skip,low_near_gaussian,4.175494194030762,8.09398365020752,4.215371131896973,3.918489456176758,0.03987693786621094,0.010176609714580828,49.97747747747748,358.50271099764456,64.97747747747748,28.502710997644563
netherlands_2020110200_strong_2020,netherlands,strong_2020,precip_large_zwd,q,q,q850_box_mean_g_per_kg,per-timestep/per-level spatial mean,actual_vs_uniform_q,6,dec_s0_pre_skip,remote_control,4.175494194030762,8.09398365020752,4.180953025817871,3.918489456176758,0.005458831787109375,0.0013930959488750337,49.97747747747748,358.50271099764456,64.97747747747748,28.502710997644563
netherlands_2020110200_strong_2020,netherlands,strong_2020,precip_large_zwd,q,q,q850_box_mean_g_per_kg,per-timestep/per-level spatial mean,actual_vs_uniform_q,6,dec_s1_pre_skip,whole,4.175494194030762,8.09398365020752,6.529079914093018,3.918489456176758,2.353585720062256,0.600635971178198,49.97747747747748,358.50271099764456,64.97747747747748,28.502710997644563
netherlands_2020110200_strong_2020,netherlands,strong_2020,precip_large_zwd,q,q,q850_box_mean_g_per_kg,per-timestep/per-level spatial mean,actual_vs_uniform_q,6,dec_s1_pre_skip,target_box,4.175494194030762,8.09398365020752,4.406240940093994,3.918489456176758,0.23074674606323242,0.05888665738260538,49.97747747747748,358.50271099764456,64.97747747747748,28.502710997644563
netherlands_2020110200_strong_2020,netherlands,strong_2020,precip_large_zwd,q,q,q850_box_mean_g_per_kg,per-timestep/per-level spatial mean,actual_vs_uniform_q,6,dec_s1_pre_skip,mountain_near,4.175494194030762,8.09398365020752,4.179104804992676,3.918489456176758,0.0036106109619140625,0.0009214292911322288,49.97747747747748,358.50271099764456,64.97747747747748,28.502710997644563
netherlands_2020110200_strong_2020,netherlands,strong_2020,precip_large_zwd,q,q,q850_box_mean_g_per_kg,per-timestep/per-level spatial mean,actual_vs_uniform_q,6,dec_s1_pre_skip,upstream,4.175494194030762,8.09398365020752,5.987029075622559,3.918489456176758,1.8115348815917969,0.4623043909780731,49.97747747747748,358.50271099764456,64.97747747747748,28.502710997644563
netherlands_2020110200_strong_2020,netherlands,strong_2020,precip_large_zwd,q,q,q850_box_mean_g_per_kg,per-timestep/per-level spatial mean,actual_vs_uniform_q,6,dec_s1_pre_skip,hotspot_gaussian,4.175494194030762,8.09398365020752,6.276884078979492,3.918489456176758,2.1013898849487305,0.5362754981096827,49.97747747747748,358.50271099764456,64.97747747747748,28.502710997644563
netherlands_2020110200_strong_2020,netherlands,strong_2020,precip_large_zwd,q,q,q850_box_mean_g_per_kg,per-timestep/per-level spatial mean,actual_vs_uniform_q,6,dec_s1_pre_skip,low_near_gaussian,4.175494194030762,8.09398365020752,4.220584392547607,3.918489456176758,0.0450901985168457,0.011507035816000355,49.97747747747748,358.50271099764456,64.97747747747748,28.502710997644563
netherlands_2020110200_strong_2020,netherlands,strong_2020,precip_large_zwd,q,q,q850_box_mean_g_per_kg,per-timestep/per-level spatial mean,actual_vs_uniform_q,6,dec_s1_pre_skip,remote_control,4.175494194030762,8.09398365020752,4.17584228515625,3.918489456176758,0.00034809112548828125,8.883298765537863e-05,49.97747747747748,358.50271099764456,64.97747747747748,28.502710997644563
netherlands_2020110200_strong_2020,netherlands,strong_2020,precip_large_zwd,q,q,q850_box_mean_g_per_kg,per-timestep/per-level spatial mean,actual_vs_uniform_q,6,dec_s1_post_skip,whole,4.175494194030762,8.09398365020752,7.192072868347168,3.918489456176758,3.0165786743164062,0.7698320253385754,49.97747747747748,358.50271099764456,64.97747747747748,28.502710997644563
netherlands_2020110200_strong_2020,netherlands,strong_2020,precip_large_zwd,q,q,q850_box_mean_g_per_kg,per-timestep/per-level spatial mean,actual_vs_uniform_q,6,dec_s1_post_skip,target_box,4.175494194030762,8.09398365020752,6.421224117279053,3.918489456176758,2.245729923248291,0.573111130797691,49.97747747747748,358.50271099764456,64.97747747747748,28.502710997644563
netherlands_2020110200_strong_2020,netherlands,strong_2020,precip_large_zwd,q,q,q850_box_mean_g_per_kg,per-timestep/per-level spatial mean,actual_vs_uniform_q,6,dec_s1_post_skip,mountain_near,4.175494194030762,8.09398365020752,4.175520420074463,3.918489456176758,2.6226043701171875e-05,6.69289633019976e-06,49.97747747747748,358.50271099764456,64.97747747747748,28.502710997644563
netherlands_2020110200_strong_2020,netherlands,strong_2020,precip_large_zwd,q,q,q850_box_mean_g_per_kg,per-timestep/per-level spatial mean,actual_vs_uniform_q,6,dec_s1_post_skip,upstream,4.175494194030762,8.09398365020752,5.222702980041504,3.918489456176758,1.0472087860107422,0.2672480805990215,49.97747747747748,358.50271099764456,64.97747747747748,28.502710997644563
netherlands_2020110200_strong_2020,netherlands,strong_2020,precip_large_zwd,q,q,q850_box_mean_g_per_kg,per-timestep/per-level spatial mean,actual_vs_uniform_q,6,dec_s1_post_skip,hotspot_gaussian,4.175494194030762,8.09398365020752,6.331265926361084,3.918489456176758,2.1557717323303223,0.5501537662509607,49.97747747747748,358.50271099764456,64.97747747747748,28.502710997644563
netherlands_2020110200_strong_2020,netherlands,strong_2020,precip_large_zwd,q,q,q850_box_mean_g_per_kg,per-timestep/per-level spatial mean,actual_vs_uniform_q,6,dec_s1_post_skip,low_near_gaussian,4.175494194030762,8.09398365020752,4.27070426940918,3.918489456176758,0.09521007537841797,0.024297647459108836,49.97747747747748,358.50271099764456,64.97747747747748,28.502710997644563
netherlands_2020110200_strong_2020,netherlands,strong_2020,precip_large_zwd,q,q,q850_box_mean_g_per_kg,per-timestep/per-level spatial mean,actual_vs_uniform_q,6,dec_s1_post_skip,remote_control,4.175494194030762,8.09398365020752,4.175863265991211,3.918489456176758,0.00036907196044921875,9.418730471953843e-05,49.97747747747748,358.50271099764456,64.97747747747748,28.502710997644563
netherlands_2020110200_strong_2020,netherlands,strong_2020,precip_large_zwd,q,q,q850_box_mean_g_per_kg,per-timestep/per-level spatial mean,actual_vs_uniform_q,6,dec_s2_pre_concat,whole,4.175494194030762,8.09398365020752,7.192072868347168,3.918489456176758,3.0165786743164062,0.7698320253385754,49.97747747747748,358.50271099764456,64.97747747747748,28.502710997644563
netherlands_2020110200_strong_2020,netherlands,strong_2020,precip_large_zwd,q,q,q850_box_mean_g_per_kg,per-timestep/per-level spatial mean,actual_vs_uniform_q,6,dec_s2_pre_concat,target_box,4.175494194030762,8.09398365020752,6.421224117279053,3.918489456176758,2.245729923248291,0.573111130797691,49.97747747747748,358.50271099764456,64.97747747747748,28.502710997644563
netherlands_2020110200_strong_2020,netherlands,strong_2020,precip_large_zwd,q,q,q850_box_mean_g_per_kg,per-timestep/per-level spatial mean,actual_vs_uniform_q,6,dec_s2_pre_concat,mountain_near,4.175494194030762,8.09398365020752,4.175520420074463,3.918489456176758,2.6226043701171875e-05,6.69289633019976e-06,49.97747747747748,358.50271099764456,64.97747747747748,28.502710997644563
netherlands_2020110200_strong_2020,netherlands,strong_2020,precip_large_zwd,q,q,q850_box_mean_g_per_kg,per-timestep/per-level spatial mean,actual_vs_uniform_q,6,dec_s2_pre_concat,upstream,4.175494194030762,8.09398365020752,5.222702980041504,3.918489456176758,1.0472087860107422,0.2672480805990215,49.97747747747748,358.50271099764456,64.97747747747748,28.502710997644563
netherlands_2020110200_strong_2020,netherlands,strong_2020,precip_large_zwd,q,q,q850_box_mean_g_per_kg,per-timestep/per-level spatial mean,actual_vs_uniform_q,6,dec_s2_pre_concat,hotspot_gaussian,4.175494194030762,8.09398365020752,6.331265926361084,3.918489456176758,2.1557717323303223,0.5501537662509607,49.97747747747748,358.50271099764456,64.97747747747748,28.502710997644563
netherlands_2020110200_strong_2020,netherlands,strong_2020,precip_large_zwd,q,q,q850_box_mean_g_per_kg,per-timestep/per-level spatial mean,actual_vs_uniform_q,6,dec_s2_pre_concat,low_near_gaussian,4.175494194030762,8.09398365020752,4.27070426940918,3.918489456176758,0.09521007537841797,0.024297647459108836,49.97747747747748,358.50271099764456,64.97747747747748,28.502710997644563
netherlands_2020110200_strong_2020,netherlands,strong_2020,precip_large_zwd,q,q,q850_box_mean_g_per_kg,per-timestep/per-level spatial mean,actual_vs_uniform_q,6,dec_s2_pre_concat,remote_control,4.175494194030762,8.09398365020752,4.175863265991211,3.918489456176758,0.00036907196044921875,9.418730471953843e-05,49.97747747747748,358.50271099764456,64.97747747747748,28.502710997644563
netherlands_2020110200_strong_2020,netherlands,strong_2020,precip_large_zwd,q,q,q850_box_mean_g_per_kg,per-timestep/per-level spatial mean,actual_vs_uniform_q,6,dec_s2_post_concat,whole,4.175494194030762,8.09398365020752,8.09378719329834,3.918489456176758,3.918292999267578,0.9999498641220356,49.97747747747748,358.50271099764456,64.97747747747748,28.502710997644563
netherlands_2020110200_strong_2020,netherlands,strong_2020,precip_large_zwd,q,q,q850_box_mean_g_per_kg,per-timestep/per-level spatial mean,actual_vs_uniform_q,6,dec_s2_post_concat,target_box,4.175494194030762,8.09398365020752,7.16450309753418,3.918489456176758,2.989008903503418,0.762796209338221,49.97747747747748,358.50271099764456,64.97747747747748,28.502710997644563
netherlands_2020110200_strong_2020,netherlands,strong_2020,precip_large_zwd,q,q,q850_box_mean_g_per_kg,per-timestep/per-level spatial mean,actual_vs_uniform_q,6,dec_s2_post_concat,mountain_near,4.175494194030762,8.09398365020752,4.175501346588135,3.918489456176758,7.152557373046875e-06,1.8253353627817526e-06,49.97747747747748,358.50271099764456,64.97747747747748,28.502710997644563
netherlands_2020110200_strong_2020,netherlands,strong_2020,precip_large_zwd,q,q,q850_box_mean_g_per_kg,per-timestep/per-level spatial mean,actual_vs_uniform_q,6,dec_s2_post_concat,upstream,4.175494194030762,8.09398365020752,5.402360916137695,3.918489456176758,1.2268667221069336,0.31309685424137357,49.97747747747748,358.50271099764456,64.97747747747748,28.502710997644563
netherlands_2020110200_strong_2020,netherlands,strong_2020,precip_large_zwd,q,q,q850_box_mean_g_per_kg,per-timestep/per-level spatial mean,actual_vs_uniform_q,6,dec_s2_post_concat,hotspot_gaussian,4.175494194030762,8.09398365020752,6.904757022857666,3.918489456176758,2.7292628288269043,0.6965089122607533,49.97747747747748,358.50271099764456,64.97747747747748,28.502710997644563
netherlands_2020110200_strong_2020,netherlands,strong_2020,precip_large_zwd,q,q,q850_box_mean_g_per_kg,per-timestep/per-level spatial mean,actual_vs_uniform_q,6,dec_s2_post_concat,low_near_gaussian,4.175494194030762,8.09398365020752,4.301489353179932,3.918489456176758,0.12599515914916992,0.03215401254954569,49.97747747747748,358.50271099764456,64.97747747747748,28.502710997644563
netherlands_2020110200_strong_2020,netherlands,strong_2020,precip_large_zwd,q,q,q850_box_mean_g_per_kg,per-timestep/per-level spatial mean,actual_vs_uniform_q,6,dec_s2_post_concat,remote_control,4.175494194030762,8.09398365020752,4.175501346588135,3.918489456176758,7.152557373046875e-06,1.8253353627817526e-06,49.97747747747748,358.50271099764456,64.97747747747748,28.502710997644563
netherlands_2020110200_strong_2020,netherlands,strong_2020,precip_large_zwd,q,q,q850_box_mean_g_per_kg,per-timestep/per-level spatial mean,actual_vs_uniform_q,12,enc_s0_skip,whole,5.372267723083496,7.68149471282959,6.507912635803223,2.3092269897460938,1.1356449127197266,0.49178574378458745,49.97747747747748,358.50271099764456,64.97747747747748,28.502710997644563
netherlands_2020110200_strong_2020,netherlands,strong_2020,precip_large_zwd,q,q,q850_box_mean_g_per_kg,per-timestep/per-level spatial mean,actual_vs_uniform_q,12,enc_s0_skip,target_box,5.372267723083496,7.68149471282959,5.503459930419922,2.3092269897460938,0.13119220733642578,0.0568121747749236,49.97747747747748,358.50271099764456,64.97747747747748,28.502710997644563
netherlands_2020110200_strong_2020,netherlands,strong_2020,precip_large_zwd,q,q,q850_box_mean_g_per_kg,per-timestep/per-level spatial mean,actual_vs_uniform_q,12,enc_s0_skip,mountain_near,5.372267723083496,7.68149471282959,5.37287712097168,2.3092269897460938,0.0006093978881835938,0.00026389691913768893,49.97747747747748,358.50271099764456,64.97747747747748,28.502710997644563
netherlands_2020110200_strong_2020,netherlands,strong_2020,precip_large_zwd,q,q,q850_box_mean_g_per_kg,per-timestep/per-level spatial mean,actual_vs_uniform_q,12,enc_s0_skip,upstream,5.372267723083496,7.68149471282959,6.3962578773498535,2.3092269897460938,1.0239901542663574,0.44343417031469395,49.97747747747748,358.50271099764456,64.97747747747748,28.502710997644563
netherlands_2020110200_strong_2020,netherlands,strong_2020,precip_large_zwd,q,q,q850_box_mean_g_per_kg,per-timestep/per-level spatial mean,actual_vs_uniform_q,12,enc_s0_skip,hotspot_gaussian,5.372267723083496,7.68149471282959,6.380833148956299,2.3092269897460938,1.0085654258728027,0.4367545634756752,49.97747747747748,358.50271099764456,64.97747747747748,28.502710997644563
netherlands_2020110200_strong_2020,netherlands,strong_2020,precip_large_zwd,q,q,q850_box_mean_g_per_kg,per-timestep/per-level spatial mean,actual_vs_uniform_q,12,enc_s0_skip,low_near_gaussian,5.372267723083496,7.68149471282959,5.396054744720459,2.3092269897460938,0.02378702163696289,0.010300859007185926,49.97747747747748,358.50271099764456,64.97747747747748,28.502710997644563
netherlands_2020110200_strong_2020,netherlands,strong_2020,precip_large_zwd,q,q,q850_box_mean_g_per_kg,per-timestep/per-level spatial mean,actual_vs_uniform_q,12,enc_s0_skip,remote_control,5.372267723083496,7.68149471282959,5.3778276443481445,2.3092269897460938,0.0055599212646484375,0.0024076980259354094,49.97747747747748,358.50271099764456,64.97747747747748,28.502710997644563
netherlands_2020110200_strong_2020,netherlands,strong_2020,precip_large_zwd,q,q,q850_box_mean_g_per_kg,per-timestep/per-level spatial mean,actual_vs_uniform_q,12,enc_s1_skip,whole,5.372267723083496,7.68149471282959,5.372267723083496,2.3092269897460938,0.0,0.0,49.97747747747748,358.50271099764456,64.97747747747748,28.502710997644563
netherlands_2020110200_strong_2020,netherlands,strong_2020,precip_large_zwd,q,q,q850_box_mean_g_per_kg,per-timestep/per-level spatial mean,actual_vs_uniform_q,12,enc_s1_skip,target_box,5.372267723083496,7.68149471282959,5.372267723083496,2.3092269897460938,0.0,0.0,49.97747747747748,358.50271099764456,64.97747747747748,28.502710997644563
netherlands_2020110200_strong_2020,netherlands,strong_2020,precip_large_zwd,q,q,q850_box_mean_g_per_kg,per-timestep/per-level spatial mean,actual_vs_uniform_q,12,enc_s1_skip,mountain_near,5.372267723083496,7.68149471282959,5.372267723083496,2.3092269897460938,0.0,0.0,49.97747747747748,358.50271099764456,64.97747747747748,28.502710997644563
netherlands_2020110200_strong_2020,netherlands,strong_2020,precip_large_zwd,q,q,q850_box_mean_g_per_kg,per-timestep/per-level spatial mean,actual_vs_uniform_q,12,enc_s1_skip,upstream,5.372267723083496,7.68149471282959,5.372267723083496,2.3092269897460938,0.0,0.0,49.97747747747748,358.50271099764456,64.97747747747748,28.502710997644563
netherlands_2020110200_strong_2020,netherlands,strong_2020,precip_large_zwd,q,q,q850_box_mean_g_per_kg,per-timestep/per-level spatial mean,actual_vs_uniform_q,12,enc_s1_skip,hotspot_gaussian,5.372267723083496,7.68149471282959,5.372267723083496,2.3092269897460938,0.0,0.0,49.97747747747748,358.50271099764456,64.97747747747748,28.502710997644563
netherlands_2020110200_strong_2020,netherlands,strong_2020,precip_large_zwd,q,q,q850_box_mean_g_per_kg,per-timestep/per-level spatial mean,actual_vs_uniform_q,12,enc_s1_skip,low_near_gaussian,5.372267723083496,7.68149471282959,5.372267723083496,2.3092269897460938,0.0,0.0,49.97747747747748,358.50271099764456,64.97747747747748,28.502710997644563
netherlands_2020110200_strong_2020,netherlands,strong_2020,precip_large_zwd,q,q,q850_box_mean_g_per_kg,per-timestep/per-level spatial mean,actual_vs_uniform_q,12,enc_s1_skip,remote_control,5.372267723083496,7.68149471282959,5.372267723083496,2.3092269897460938,0.0,0.0,49.97747747747748,358.50271099764456,64.97747747747748,28.502710997644563
netherlands_2020110200_strong_2020,netherlands,strong_2020,precip_large_zwd,q,q,q850_box_mean_g_per_kg,per-timestep/per-level spatial mean,actual_vs_uniform_q,12,enc_s2_bottleneck,whole,5.372267723083496,7.68149471282959,6.9361748695373535,2.3092269897460938,1.5639071464538574,0.6772427108284463,49.97747747747748,358.50271099764456,64.97747747747748,28.502710997644563
netherlands_2020110200_strong_2020,netherlands,strong_2020,precip_large_zwd,q,q,q850_box_mean_g_per_kg,per-timestep/per-level spatial mean,actual_vs_uniform_q,12,enc_s2_bottleneck,target_box,5.372267723083496,7.68149471282959,5.382656097412109,2.3092269897460938,0.010388374328613281,0.004498637152060792,49.97747747747748,358.50271099764456,64.97747747747748,28.502710997644563
netherlands_2020110200_strong_2020,netherlands,strong_2020,precip_large_zwd,q,q,q850_box_mean_g_per_kg,per-timestep/per-level spatial mean,actual_vs_uniform_q,12,enc_s2_bottleneck,mountain_near,5.372267723083496,7.68149471282959,5.401223659515381,2.3092269897460938,0.028955936431884766,0.01253923350128025,49.97747747747748,358.50271099764456,64.97747747747748,28.502710997644563
netherlands_2020110200_strong_2020,netherlands,strong_2020,precip_large_zwd,q,q,q850_box_mean_g_per_kg,per-timestep/per-level spatial mean,actual_vs_uniform_q,12,enc_s2_bottleneck,upstream,5.372267723083496,7.68149471282959,6.882745265960693,2.3092269897460938,1.5104775428771973,0.6541052696786983,49.97747747747748,358.50271099764456,64.97747747747748,28.502710997644563
netherlands_2020110200_strong_2020,netherlands,strong_2020,precip_large_zwd,q,q,q850_box_mean_g_per_kg,per-timestep/per-level spatial mean,actual_vs_uniform_q,12,enc_s2_bottleneck,hotspot_gaussian,5.372267723083496,7.68149471282959,6.72287130355835,2.3092269897460938,1.3506035804748535,0.5848725943668952,49.97747747747748,358.50271099764456,64.97747747747748,28.502710997644563
netherlands_2020110200_strong_2020,netherlands,strong_2020,precip_large_zwd,q,q,q850_box_mean_g_per_kg,per-timestep/per-level spatial mean,actual_vs_uniform_q,12,enc_s2_bottleneck,low_near_gaussian,5.372267723083496,7.68149471282959,5.4174299240112305,2.3092269897460938,0.045162200927734375,0.019557280911869167,49.97747747747748,358.50271099764456,64.97747747747748,28.502710997644563
netherlands_2020110200_strong_2020,netherlands,strong_2020,precip_large_zwd,q,q,q850_box_mean_g_per_kg,per-timestep/per-level spatial mean,actual_vs_uniform_q,12,enc_s2_bottleneck,remote_control,5.372267723083496,7.68149471282959,5.380718231201172,2.3092269897460938,0.008450508117675781,0.0036594532088874204,49.97747747747748,358.50271099764456,64.97747747747748,28.502710997644563
netherlands_2020110200_strong_2020,netherlands,strong_2020,precip_large_zwd,q,q,q850_box_mean_g_per_kg,per-timestep/per-level spatial mean,actual_vs_uniform_q,12,dec_s0_pre_skip,whole,5.372267723083496,7.68149471282959,6.9361748695373535,2.3092269897460938,1.5639071464538574,0.6772427108284463,49.97747747747748,358.50271099764456,64.97747747747748,28.502710997644563
netherlands_2020110200_strong_2020,netherlands,strong_2020,precip_large_zwd,q,q,q850_box_mean_g_per_kg,per-timestep/per-level spatial mean,actual_vs_uniform_q,12,dec_s0_pre_skip,target_box,5.372267723083496,7.68149471282959,5.382656097412109,2.3092269897460938,0.010388374328613281,0.004498637152060792,49.97747747747748,358.50271099764456,64.97747747747748,28.502710997644563
netherlands_2020110200_strong_2020,netherlands,strong_2020,precip_large_zwd,q,q,q850_box_mean_g_per_kg,per-timestep/per-level spatial mean,actual_vs_uniform_q,12,dec_s0_pre_skip,mountain_near,5.372267723083496,7.68149471282959,5.401223659515381,2.3092269897460938,0.028955936431884766,0.01253923350128025,49.97747747747748,358.50271099764456,64.97747747747748,28.502710997644563
netherlands_2020110200_strong_2020,netherlands,strong_2020,precip_large_zwd,q,q,q850_box_mean_g_per_kg,per-timestep/per-level spatial mean,actual_vs_uniform_q,12,dec_s0_pre_skip,upstream,5.372267723083496,7.68149471282959,6.882745265960693,2.3092269897460938,1.5104775428771973,0.6541052696786983,49.97747747747748,358.50271099764456,64.97747747747748,28.502710997644563
netherlands_2020110200_strong_2020,netherlands,strong_2020,precip_large_zwd,q,q,q850_box_mean_g_per_kg,per-timestep/per-level spatial mean,actual_vs_uniform_q,12,dec_s0_pre_skip,hotspot_gaussian,5.372267723083496,7.68149471282959,6.72287130355835,2.3092269897460938,1.3506035804748535,0.5848725943668952,49.97747747747748,358.50271099764456,64.97747747747748,28.502710997644563
netherlands_2020110200_strong_2020,netherlands,strong_2020,precip_large_zwd,q,q,q850_box_mean_g_per_kg,per-timestep/per-level spatial mean,actual_vs_uniform_q,12,dec_s0_pre_skip,low_near_gaussian,5.372267723083496,7.68149471282959,5.4174299240112305,2.3092269897460938,0.045162200927734375,0.019557280911869167,49.97747747747748,358.50271099764456,64.97747747747748,28.502710997644563
netherlands_2020110200_strong_2020,netherlands,strong_2020,precip_large_zwd,q,q,q850_box_mean_g_per_kg,per-timestep/per-level spatial mean,actual_vs_uniform_q,12,dec_s0_pre_skip,remote_control,5.372267723083496,7.68149471282959,5.380718231201172,2.3092269897460938,0.008450508117675781,0.0036594532088874204,49.97747747747748,358.50271099764456,64.97747747747748,28.502710997644563
netherlands_2020110200_strong_2020,netherlands,strong_2020,precip_large_zwd,q,q,q850_box_mean_g_per_kg,per-timestep/per-level spatial mean,actual_vs_uniform_q,12,dec_s1_pre_skip,whole,5.372267723083496,7.68149471282959,6.935663223266602,2.3092269897460938,1.5633955001831055,0.6770211447922689,49.97747747747748,358.50271099764456,64.97747747747748,28.502710997644563
netherlands_2020110200_strong_2020,netherlands,strong_2020,precip_large_zwd,q,q,q850_box_mean_g_per_kg,per-timestep/per-level spatial mean,actual_vs_uniform_q,12,dec_s1_pre_skip,target_box,5.372267723083496,7.68149471282959,5.403073310852051,2.3092269897460938,0.030805587768554688,0.013340216403733377,49.97747747747748,358.50271099764456,64.97747747747748,28.502710997644563
netherlands_2020110200_strong_2020,netherlands,strong_2020,precip_large_zwd,q,q,q850_box_mean_g_per_kg,per-timestep/per-level spatial mean,actual_vs_uniform_q,12,dec_s1_pre_skip,mountain_near,5.372267723083496,7.68149471282959,5.376286506652832,2.3092269897460938,0.0040187835693359375,0.001740315519947138,49.97747747747748,358.50271099764456,64.97747747747748,28.502710997644563
netherlands_2020110200_strong_2020,netherlands,strong_2020,precip_large_zwd,q,q,q850_box_mean_g_per_kg,per-timestep/per-level spatial mean,actual_vs_uniform_q,12,dec_s1_pre_skip,upstream,5.372267723083496,7.68149471282959,6.923009872436523,2.3092269897460938,1.5507421493530273,0.6715416701082019,49.97747747747748,358.50271099764456,64.97747747747748,28.502710997644563
netherlands_2020110200_strong_2020,netherlands,strong_2020,precip_large_zwd,q,q,q850_box_mean_g_per_kg,per-timestep/per-level spatial mean,actual_vs_uniform_q,12,dec_s1_pre_skip,hotspot_gaussian,5.372267723083496,7.68149471282959,6.890780448913574,2.3092269897460938,1.5185127258300781,0.6575848682580325,49.97747747747748,358.50271099764456,64.97747747747748,28.502710997644563
netherlands_2020110200_strong_2020,netherlands,strong_2020,precip_large_zwd,q,q,q850_box_mean_g_per_kg,per-timestep/per-level spatial mean,actual_vs_uniform_q,12,dec_s1_pre_skip,low_near_gaussian,5.372267723083496,7.68149471282959,5.386483192443848,2.3092269897460938,0.014215469360351562,0.006155942842983398,49.97747747747748,358.50271099764456,64.97747747747748,28.502710997644563
netherlands_2020110200_strong_2020,netherlands,strong_2020,precip_large_zwd,q,q,q850_box_mean_g_per_kg,per-timestep/per-level spatial mean,actual_vs_uniform_q,12,dec_s1_pre_skip,remote_control,5.372267723083496,7.68149471282959,5.37089204788208,2.3092269897460938,-0.0013756752014160156,-0.0005957297431238126,49.97747747747748,358.50271099764456,64.97747747747748,28.502710997644563
netherlands_2020110200_strong_2020,netherlands,strong_2020,precip_large_zwd,q,q,q850_box_mean_g_per_kg,per-timestep/per-level spatial mean,actual_vs_uniform_q,12,dec_s1_post_skip,whole,5.372267723083496,7.68149471282959,7.288549900054932,2.3092269897460938,1.9162821769714355,0.8298370777236309,49.97747747747748,358.50271099764456,64.97747747747748,28.502710997644563
netherlands_2020110200_strong_2020,netherlands,strong_2020,precip_large_zwd,q,q,q850_box_mean_g_per_kg,per-timestep/per-level spatial mean,actual_vs_uniform_q,12,dec_s1_post_skip,target_box,5.372267723083496,7.68149471282959,5.626702308654785,2.3092269897460938,0.25443458557128906,0.11018171305856116,49.97747747747748,358.50271099764456,64.97747747747748,28.502710997644563
netherlands_2020110200_strong_2020,netherlands,strong_2020,precip_large_zwd,q,q,q850_box_mean_g_per_kg,per-timestep/per-level spatial mean,actual_vs_uniform_q,12,dec_s1_post_skip,mountain_near,5.372267723083496,7.68149471282959,5.374935150146484,2.3092269897460938,0.0026674270629882812,0.0011551168745353928,49.97747747747748,358.50271099764456,64.97747747747748,28.502710997644563
netherlands_2020110200_strong_2020,netherlands,strong_2020,precip_large_zwd,q,q,q850_box_mean_g_per_kg,per-timestep/per-level spatial mean,actual_vs_uniform_q,12,dec_s1_post_skip,upstream,5.372267723083496,7.68149471282959,7.2462849617004395,2.3092269897460938,1.8740172386169434,0.8115344428842818,49.97747747747748,358.50271099764456,64.97747747747748,28.502710997644563
netherlands_2020110200_strong_2020,netherlands,strong_2020,precip_large_zwd,q,q,q850_box_mean_g_per_kg,per-timestep/per-level spatial mean,actual_vs_uniform_q,12,dec_s1_post_skip,hotspot_gaussian,5.372267723083496,7.68149471282959,7.199605464935303,2.3092269897460938,1.8273377418518066,0.7913201040720245,49.97747747747748,358.50271099764456,64.97747747747748,28.502710997644563
netherlands_2020110200_strong_2020,netherlands,strong_2020,precip_large_zwd,q,q,q850_box_mean_g_per_kg,per-timestep/per-level spatial mean,actual_vs_uniform_q,12,dec_s1_post_skip,low_near_gaussian,5.372267723083496,7.68149471282959,5.3976287841796875,2.3092269897460938,0.025361061096191406,0.010982489468902288,49.97747747747748,358.50271099764456,64.97747747747748,28.502710997644563
netherlands_2020110200_strong_2020,netherlands,strong_2020,precip_large_zwd,q,q,q850_box_mean_g_per_kg,per-timestep/per-level spatial mean,actual_vs_uniform_q,12,dec_s1_post_skip,remote_control,5.372267723083496,7.68149471282959,5.369709491729736,2.3092269897460938,-0.0025582313537597656,-0.0011078301808870902,49.97747747747748,358.50271099764456,64.97747747747748,28.502710997644563
netherlands_2020110200_strong_2020,netherlands,strong_2020,precip_large_zwd,q,q,q850_box_mean_g_per_kg,per-timestep/per-level spatial mean,actual_vs_uniform_q,12,dec_s2_pre_concat,whole,5.372267723083496,7.68149471282959,7.288549900054932,2.3092269897460938,1.9162821769714355,0.8298370777236309,49.97747747747748,358.50271099764456,64.97747747747748,28.502710997644563
netherlands_2020110200_strong_2020,netherlands,strong_2020,precip_large_zwd,q,q,q850_box_mean_g_per_kg,per-timestep/per-level spatial mean,actual_vs_uniform_q,12,dec_s2_pre_concat,target_box,5.372267723083496,7.68149471282959,5.626702308654785,2.3092269897460938,0.25443458557128906,0.11018171305856116,49.97747747747748,358.50271099764456,64.97747747747748,28.502710997644563
netherlands_2020110200_strong_2020,netherlands,strong_2020,precip_large_zwd,q,q,q850_box_mean_g_per_kg,per-timestep/per-level spatial mean,actual_vs_uniform_q,12,dec_s2_pre_concat,mountain_near,5.372267723083496,7.68149471282959,5.374935150146484,2.3092269897460938,0.0026674270629882812,0.0011551168745353928,49.97747747747748,358.50271099764456,64.97747747747748,28.502710997644563
netherlands_2020110200_strong_2020,netherlands,strong_2020,precip_large_zwd,q,q,q850_box_mean_g_per_kg,per-timestep/per-level spatial mean,actual_vs_uniform_q,12,dec_s2_pre_concat,upstream,5.372267723083496,7.68149471282959,7.2462849617004395,2.3092269897460938,1.8740172386169434,0.8115344428842818,49.97747747747748,358.50271099764456,64.97747747747748,28.502710997644563
netherlands_2020110200_strong_2020,netherlands,strong_2020,precip_large_zwd,q,q,q850_box_mean_g_per_kg,per-timestep/per-level spatial mean,actual_vs_uniform_q,12,dec_s2_pre_concat,hotspot_gaussian,5.372267723083496,7.68149471282959,7.199605464935303,2.3092269897460938,1.8273377418518066,0.7913201040720245,49.97747747747748,358.50271099764456,64.97747747747748,28.502710997644563
netherlands_2020110200_strong_2020,netherlands,strong_2020,precip_large_zwd,q,q,q850_box_mean_g_per_kg,per-timestep/per-level spatial mean,actual_vs_uniform_q,12,dec_s2_pre_concat,low_near_gaussian,5.372267723083496,7.68149471282959,5.3976287841796875,2.3092269897460938,0.025361061096191406,0.010982489468902288,49.97747747747748,358.50271099764456,64.97747747747748,28.502710997644563
netherlands_2020110200_strong_2020,netherlands,strong_2020,precip_large_zwd,q,q,q850_box_mean_g_per_kg,per-timestep/per-level spatial mean,actual_vs_uniform_q,12,dec_s2_pre_concat,remote_control,5.372267723083496,7.68149471282959,5.369709491729736,2.3092269897460938,-0.0025582313537597656,-0.0011078301808870902,49.97747747747748,358.50271099764456,64.97747747747748,28.502710997644563
netherlands_2020110200_strong_2020,netherlands,strong_2020,precip_large_zwd,q,q,q850_box_mean_g_per_kg,per-timestep/per-level spatial mean,actual_vs_uniform_q,12,dec_s2_post_concat,whole,5.372267723083496,7.68149471282959,7.74044132232666,2.3092269897460938,2.368173599243164,1.0255265548856034,49.97747747747748,358.50271099764456,64.97747747747748,28.502710997644563
netherlands_2020110200_strong_2020,netherlands,strong_2020,precip_large_zwd,q,q,q850_box_mean_g_per_kg,per-timestep/per-level spatial mean,actual_vs_uniform_q,12,dec_s2_post_concat,target_box,5.372267723083496,7.68149471282959,5.705414295196533,2.3092269897460938,0.3331465721130371,0.14426757247873132,49.97747747747748,358.50271099764456,64.97747747747748,28.502710997644563
netherlands_2020110200_strong_2020,netherlands,strong_2020,precip_large_zwd,q,q,q850_box_mean_g_per_kg,per-timestep/per-level spatial mean,actual_vs_uniform_q,12,dec_s2_post_concat,mountain_near,5.372267723083496,7.68149471282959,5.3792572021484375,2.3092269897460938,0.006989479064941406,0.0030267613777153713,49.97747747747748,358.50271099764456,64.97747747747748,28.502710997644563
netherlands_2020110200_strong_2020,netherlands,strong_2020,precip_large_zwd,q,q,q850_box_mean_g_per_kg,per-timestep/per-level spatial mean,actual_vs_uniform_q,12,dec_s2_post_concat,upstream,5.372267723083496,7.68149471282959,7.669585227966309,2.3092269897460938,2.2973175048828125,0.994842653010655,49.97747747747748,358.50271099764456,64.97747747747748,28.502710997644563
netherlands_2020110200_strong_2020,netherlands,strong_2020,precip_large_zwd,q,q,q850_box_mean_g_per_kg,per-timestep/per-level spatial mean,actual_vs_uniform_q,12,dec_s2_post_concat,hotspot_gaussian,5.372267723083496,7.68149471282959,7.573472023010254,2.3092269897460938,2.201204299926758,0.9532212769472206,49.97747747747748,358.50271099764456,64.97747747747748,28.502710997644563
netherlands_2020110200_strong_2020,netherlands,strong_2020,precip_large_zwd,q,q,q850_box_mean_g_per_kg,per-timestep/per-level spatial mean,actual_vs_uniform_q,12,dec_s2_post_concat,low_near_gaussian,5.372267723083496,7.68149471282959,5.410703182220459,2.3092269897460938,0.03843545913696289,0.016644296687866524,49.97747747747748,358.50271099764456,64.97747747747748,28.502710997644563
netherlands_2020110200_strong_2020,netherlands,strong_2020,precip_large_zwd,q,q,q850_box_mean_g_per_kg,per-timestep/per-level spatial mean,actual_vs_uniform_q,12,dec_s2_post_concat,remote_control,5.372267723083496,7.68149471282959,5.371373176574707,2.3092269897460938,-0.0008945465087890625,-0.0003873792021144792,49.97747747747748,358.50271099764456,64.97747747747748,28.502710997644563
netherlands_2020110200_strong_2020,netherlands,strong_2020,precip_large_zwd,q,q,q850_box_mean_g_per_kg,per-timestep/per-level spatial mean,actual_vs_uniform_q,24,enc_s0_skip,whole,2.8542258739471436,2.5265369415283203,2.809159517288208,-0.32768893241882324,-0.04506635665893555,0.1375278570633435,49.97747747747748,358.50271099764456,64.97747747747748,28.502710997644563
netherlands_2020110200_strong_2020,netherlands,strong_2020,precip_large_zwd,q,q,q850_box_mean_g_per_kg,per-timestep/per-level spatial mean,actual_vs_uniform_q,24,enc_s0_skip,target_box,2.8542258739471436,2.5265369415283203,2.853745460510254,-0.32768893241882324,-0.00048041343688964844,0.0014660654949298871,49.97747747747748,358.50271099764456,64.97747747747748,28.502710997644563
netherlands_2020110200_strong_2020,netherlands,strong_2020,precip_large_zwd,q,q,q850_box_mean_g_per_kg,per-timestep/per-level spatial mean,actual_vs_uniform_q,24,enc_s0_skip,mountain_near,2.8542258739471436,2.5265369415283203,2.8542802333831787,-0.32768893241882324,5.435943603515625e-05,-0.00016588731158511874,49.97747747747748,358.50271099764456,64.97747747747748,28.502710997644563
netherlands_2020110200_strong_2020,netherlands,strong_2020,precip_large_zwd,q,q,q850_box_mean_g_per_kg,per-timestep/per-level spatial mean,actual_vs_uniform_q,24,enc_s0_skip,upstream,2.8542258739471436,2.5265369415283203,2.740882396697998,-0.32768893241882324,-0.11334347724914551,0.34588741344574864,49.97747747747748,358.50271099764456,64.97747747747748,28.502710997644563
netherlands_2020110200_strong_2020,netherlands,strong_2020,precip_large_zwd,q,q,q850_box_mean_g_per_kg,per-timestep/per-level spatial mean,actual_vs_uniform_q,24,enc_s0_skip,hotspot_gaussian,2.8542258739471436,2.5265369415283203,2.7874128818511963,-0.32768893241882324,-0.06681299209594727,0.20389151260852703,49.97747747747748,358.50271099764456,64.97747747747748,28.502710997644563
netherlands_2020110200_strong_2020,netherlands,strong_2020,precip_large_zwd,q,q,q850_box_mean_g_per_kg,per-timestep/per-level spatial mean,actual_vs_uniform_q,24,enc_s0_skip,low_near_gaussian,2.8542258739471436,2.5265369415283203,2.8544211387634277,-0.32768893241882324,0.0001952648162841797,-0.0005958846850360187,49.97747747747748,358.50271099764456,64.97747747747748,28.502710997644563
netherlands_2020110200_strong_2020,netherlands,strong_2020,precip_large_zwd,q,q,q850_box_mean_g_per_kg,per-timestep/per-level spatial mean,actual_vs_uniform_q,24,enc_s0_skip,remote_control,2.8542258739471436,2.5265369415283203,2.8559136390686035,-0.32768893241882324,0.001687765121459961,-0.005150509994346735,49.97747747747748,358.50271099764456,64.97747747747748,28.502710997644563
netherlands_2020110200_strong_2020,netherlands,strong_2020,precip_large_zwd,q,q,q850_box_mean_g_per_kg,per-timestep/per-level spatial mean,actual_vs_uniform_q,24,enc_s1_skip,whole,2.8542258739471436,2.5265369415283203,2.8542258739471436,-0.32768893241882324,0.0,-0.0,49.97747747747748,358.50271099764456,64.97747747747748,28.502710997644563
netherlands_2020110200_strong_2020,netherlands,strong_2020,precip_large_zwd,q,q,q850_box_mean_g_per_kg,per-timestep/per-level spatial mean,actual_vs_uniform_q,24,enc_s1_skip,target_box,2.8542258739471436,2.5265369415283203,2.8542258739471436,-0.32768893241882324,0.0,-0.0,49.97747747747748,358.50271099764456,64.97747747747748,28.502710997644563
netherlands_2020110200_strong_2020,netherlands,strong_2020,precip_large_zwd,q,q,q850_box_mean_g_per_kg,per-timestep/per-level spatial mean,actual_vs_uniform_q,24,enc_s1_skip,mountain_near,2.8542258739471436,2.5265369415283203,2.8542258739471436,-0.32768893241882324,0.0,-0.0,49.97747747747748,358.50271099764456,64.97747747747748,28.502710997644563
netherlands_2020110200_strong_2020,netherlands,strong_2020,precip_large_zwd,q,q,q850_box_mean_g_per_kg,per-timestep/per-level spatial mean,actual_vs_uniform_q,24,enc_s1_skip,upstream,2.8542258739471436,2.5265369415283203,2.8542258739471436,-0.32768893241882324,0.0,-0.0,49.97747747747748,358.50271099764456,64.97747747747748,28.502710997644563
netherlands_2020110200_strong_2020,netherlands,strong_2020,precip_large_zwd,q,q,q850_box_mean_g_per_kg,per-timestep/per-level spatial mean,actual_vs_uniform_q,24,enc_s1_skip,hotspot_gaussian,2.8542258739471436,2.5265369415283203,2.8542258739471436,-0.32768893241882324,0.0,-0.0,49.97747747747748,358.50271099764456,64.97747747747748,28.502710997644563
netherlands_2020110200_strong_2020,netherlands,strong_2020,precip_large_zwd,q,q,q850_box_mean_g_per_kg,per-timestep/per-level spatial mean,actual_vs_uniform_q,24,enc_s1_skip,low_near_gaussian,2.8542258739471436,2.5265369415283203,2.8542258739471436,-0.32768893241882324,0.0,-0.0,49.97747747747748,358.50271099764456,64.97747747747748,28.502710997644563
netherlands_2020110200_strong_2020,netherlands,strong_2020,precip_large_zwd,q,q,q850_box_mean_g_per_kg,per-timestep/per-level spatial mean,actual_vs_uniform_q,24,enc_s1_skip,remote_control,2.8542258739471436,2.5265369415283203,2.8542258739471436,-0.32768893241882324,0.0,-0.0,49.97747747747748,358.50271099764456,64.97747747747748,28.502710997644563
netherlands_2020110200_strong_2020,netherlands,strong_2020,precip_large_zwd,q,q,q850_box_mean_g_per_kg,per-timestep/per-level spatial mean,actual_vs_uniform_q,24,enc_s2_bottleneck,whole,2.8542258739471436,2.5265369415283203,2.493065595626831,-0.32768893241882324,-0.3611602783203125,1.102143656956681,49.97747747747748,358.50271099764456,64.97747747747748,28.502710997644563
netherlands_2020110200_strong_2020,netherlands,strong_2020,precip_large_zwd,q,q,q850_box_mean_g_per_kg,per-timestep/per-level spatial mean,actual_vs_uniform_q,24,enc_s2_bottleneck,target_box,2.8542258739471436,2.5265369415283203,2.853963851928711,-0.32768893241882324,-0.0002620220184326172,0.0007996059448773926,49.97747747747748,358.50271099764456,64.97747747747748,28.502710997644563
netherlands_2020110200_strong_2020,netherlands,strong_2020,precip_large_zwd,q,q,q850_box_mean_g_per_kg,per-timestep/per-level spatial mean,actual_vs_uniform_q,24,enc_s2_bottleneck,mountain_near,2.8542258739471436,2.5265369415283203,2.8436405658721924,-0.32768893241882324,-0.010585308074951172,0.03230291605156185,49.97747747747748,358.50271099764456,64.97747747747748,28.502710997644563
netherlands_2020110200_strong_2020,netherlands,strong_2020,precip_large_zwd,q,q,q850_box_mean_g_per_kg,per-timestep/per-level spatial mean,actual_vs_uniform_q,24,enc_s2_bottleneck,upstream,2.8542258739471436,2.5265369415283203,2.4692916870117188,-0.32768893241882324,-0.3849341869354248,1.17469389061769,49.97747747747748,358.50271099764456,64.97747747747748,28.502710997644563
netherlands_2020110200_strong_2020,netherlands,strong_2020,precip_large_zwd,q,q,q850_box_mean_g_per_kg,per-timestep/per-level spatial mean,actual_vs_uniform_q,24,enc_s2_bottleneck,hotspot_gaussian,2.8542258739471436,2.5265369415283203,2.740119457244873,-0.32768893241882324,-0.11410641670227051,0.3482156564153644,49.97747747747748,358.50271099764456,64.97747747747748,28.502710997644563
netherlands_2020110200_strong_2020,netherlands,strong_2020,precip_large_zwd,q,q,q850_box_mean_g_per_kg,per-timestep/per-level spatial mean,actual_vs_uniform_q,24,enc_s2_bottleneck,low_near_gaussian,2.8542258739471436,2.5265369415283203,2.8525516986846924,-0.32768893241882324,-0.0016741752624511719,0.005109038166450456,49.97747747747748,358.50271099764456,64.97747747747748,28.502710997644563
netherlands_2020110200_strong_2020,netherlands,strong_2020,precip_large_zwd,q,q,q850_box_mean_g_per_kg,per-timestep/per-level spatial mean,actual_vs_uniform_q,24,enc_s2_bottleneck,remote_control,2.8542258739471436,2.5265369415283203,2.851207733154297,-0.32768893241882324,-0.0030181407928466797,0.009210383672614115,49.97747747747748,358.50271099764456,64.97747747747748,28.502710997644563
netherlands_2020110200_strong_2020,netherlands,strong_2020,precip_large_zwd,q,q,q850_box_mean_g_per_kg,per-timestep/per-level spatial mean,actual_vs_uniform_q,24,dec_s0_pre_skip,whole,2.8542258739471436,2.5265369415283203,2.493065595626831,-0.32768893241882324,-0.3611602783203125,1.102143656956681,49.97747747747748,358.50271099764456,64.97747747747748,28.502710997644563
netherlands_2020110200_strong_2020,netherlands,strong_2020,precip_large_zwd,q,q,q850_box_mean_g_per_kg,per-timestep/per-level spatial mean,actual_vs_uniform_q,24,dec_s0_pre_skip,target_box,2.8542258739471436,2.5265369415283203,2.853963851928711,-0.32768893241882324,-0.0002620220184326172,0.0007996059448773926,49.97747747747748,358.50271099764456,64.97747747747748,28.502710997644563
netherlands_2020110200_strong_2020,netherlands,strong_2020,precip_large_zwd,q,q,q850_box_mean_g_per_kg,per-timestep/per-level spatial mean,actual_vs_uniform_q,24,dec_s0_pre_skip,mountain_near,2.8542258739471436,2.5265369415283203,2.8436405658721924,-0.32768893241882324,-0.010585308074951172,0.03230291605156185,49.97747747747748,358.50271099764456,64.97747747747748,28.502710997644563
netherlands_2020110200_strong_2020,netherlands,strong_2020,precip_large_zwd,q,q,q850_box_mean_g_per_kg,per-timestep/per-level spatial mean,actual_vs_uniform_q,24,dec_s0_pre_skip,upstream,2.8542258739471436,2.5265369415283203,2.4692916870117188,-0.32768893241882324,-0.3849341869354248,1.17469389061769,49.97747747747748,358.50271099764456,64.97747747747748,28.502710997644563
netherlands_2020110200_strong_2020,netherlands,strong_2020,precip_large_zwd,q,q,q850_box_mean_g_per_kg,per-timestep/per-level spatial mean,actual_vs_uniform_q,24,dec_s0_pre_skip,hotspot_gaussian,2.8542258739471436,2.5265369415283203,2.740119457244873,-0.32768893241882324,-0.11410641670227051,0.3482156564153644,49.97747747747748,358.50271099764456,64.97747747747748,28.502710997644563
netherlands_2020110200_strong_2020,netherlands,strong_2020,precip_large_zwd,q,q,q850_box_mean_g_per_kg,per-timestep/per-level spatial mean,actual_vs_uniform_q,24,dec_s0_pre_skip,low_near_gaussian,2.8542258739471436,2.5265369415283203,2.8525516986846924,-0.32768893241882324,-0.0016741752624511719,0.005109038166450456,49.97747747747748,358.50271099764456,64.97747747747748,28.502710997644563
netherlands_2020110200_strong_2020,netherlands,strong_2020,precip_large_zwd,q,q,q850_box_mean_g_per_kg,per-timestep/per-level spatial mean,actual_vs_uniform_q,24,dec_s0_pre_skip,remote_control,2.8542258739471436,2.5265369415283203,2.851207733154297,-0.32768893241882324,-0.0030181407928466797,0.009210383672614115,49.97747747747748,358.50271099764456,64.97747747747748,28.502710997644563
netherlands_2020110200_strong_2020,netherlands,strong_2020,precip_large_zwd,q,q,q850_box_mean_g_per_kg,per-timestep/per-level spatial mean,actual_vs_uniform_q,24,dec_s1_pre_skip,whole,2.8542258739471436,2.5265369415283203,2.490509271621704,-0.32768893241882324,-0.36371660232543945,1.1099447260567494,49.97747747747748,358.50271099764456,64.97747747747748,28.502710997644563
netherlands_2020110200_strong_2020,netherlands,strong_2020,precip_large_zwd,q,q,q850_box_mean_g_per_kg,per-timestep/per-level spatial mean,actual_vs_uniform_q,24,dec_s1_pre_skip,target_box,2.8542258739471436,2.5265369415283203,2.8546524047851562,-0.32768893241882324,0.0004265308380126953,-0.0013016333352007781,49.97747747747748,358.50271099764456,64.97747747747748,28.502710997644563
netherlands_2020110200_strong_2020,netherlands,strong_2020,precip_large_zwd,q,q,q850_box_mean_g_per_kg,per-timestep/per-level spatial mean,actual_vs_uniform_q,24,dec_s1_pre_skip,mountain_near,2.8542258739471436,2.5265369415283203,2.847490072250366,-0.32768893241882324,-0.006735801696777344,0.020555475117994625,49.97747747747748,358.50271099764456,64.97747747747748,28.502710997644563
netherlands_2020110200_strong_2020,netherlands,strong_2020,precip_large_zwd,q,q,q850_box_mean_g_per_kg,per-timestep/per-level spatial mean,actual_vs_uniform_q,24,dec_s1_pre_skip,upstream,2.8542258739471436,2.5265369415283203,2.4965717792510986,-0.32768893241882324,-0.3576540946960449,1.0914439253594408,49.97747747747748,358.50271099764456,64.97747747747748,28.502710997644563
netherlands_2020110200_strong_2020,netherlands,strong_2020,precip_large_zwd,q,q,q850_box_mean_g_per_kg,per-timestep/per-level spatial mean,actual_vs_uniform_q,24,dec_s1_pre_skip,hotspot_gaussian,2.8542258739471436,2.5265369415283203,2.7210652828216553,-0.32768893241882324,-0.13316059112548828,0.4063627970055885,49.97747747747748,358.50271099764456,64.97747747747748,28.502710997644563
netherlands_2020110200_strong_2020,netherlands,strong_2020,precip_large_zwd,q,q,q850_box_mean_g_per_kg,per-timestep/per-level spatial mean,actual_vs_uniform_q,24,dec_s1_pre_skip,low_near_gaussian,2.8542258739471436,2.5265369415283203,2.8521945476531982,-0.32768893241882324,-0.0020313262939453125,0.006198946906601806,49.97747747747748,358.50271099764456,64.97747747747748,28.502710997644563
netherlands_2020110200_strong_2020,netherlands,strong_2020,precip_large_zwd,q,q,q850_box_mean_g_per_kg,per-timestep/per-level spatial mean,actual_vs_uniform_q,24,dec_s1_pre_skip,remote_control,2.8542258739471436,2.5265369415283203,2.853581666946411,-0.32768893241882324,-0.0006442070007324219,0.001965910157469258,49.97747747747748,358.50271099764456,64.97747747747748,28.502710997644563
netherlands_2020110200_strong_2020,netherlands,strong_2020,precip_large_zwd,q,q,q850_box_mean_g_per_kg,per-timestep/per-level spatial mean,actual_vs_uniform_q,24,dec_s1_post_skip,whole,2.8542258739471436,2.5265369415283203,2.526845693588257,-0.32768893241882324,-0.3273801803588867,0.9990577891732336,49.97747747747748,358.50271099764456,64.97747747747748,28.502710997644563
netherlands_2020110200_strong_2020,netherlands,strong_2020,precip_large_zwd,q,q,q850_box_mean_g_per_kg,per-timestep/per-level spatial mean,actual_vs_uniform_q,24,dec_s1_post_skip,target_box,2.8542258739471436,2.5265369415283203,2.8555240631103516,-0.32768893241882324,0.0012981891632080078,-0.003961650927986718,49.97747747747748,358.50271099764456,64.97747747747748,28.502710997644563
netherlands_2020110200_strong_2020,netherlands,strong_2020,precip_large_zwd,q,q,q850_box_mean_g_per_kg,per-timestep/per-level spatial mean,actual_vs_uniform_q,24,dec_s1_post_skip,mountain_near,2.8542258739471436,2.5265369415283203,2.846940517425537,-0.32768893241882324,-0.007285356521606445,0.022232537632045937,49.97747747747748,358.50271099764456,64.97747747747748,28.502710997644563
netherlands_2020110200_strong_2020,netherlands,strong_2020,precip_large_zwd,q,q,q850_box_mean_g_per_kg,per-timestep/per-level spatial mean,actual_vs_uniform_q,24,dec_s1_post_skip,upstream,2.8542258739471436,2.5265369415283203,2.4808194637298584,-0.32768893241882324,-0.37340641021728516,1.1395148669227249,49.97747747747748,358.50271099764456,64.97747747747748,28.502710997644563
netherlands_2020110200_strong_2020,netherlands,strong_2020,precip_large_zwd,q,q,q850_box_mean_g_per_kg,per-timestep/per-level spatial mean,actual_vs_uniform_q,24,dec_s1_post_skip,hotspot_gaussian,2.8542258739471436,2.5265369415283203,2.6733310222625732,-0.32768893241882324,-0.1808948516845703,0.5520322287033069,49.97747747747748,358.50271099764456,64.97747747747748,28.502710997644563
netherlands_2020110200_strong_2020,netherlands,strong_2020,precip_large_zwd,q,q,q850_box_mean_g_per_kg,per-timestep/per-level spatial mean,actual_vs_uniform_q,24,dec_s1_post_skip,low_near_gaussian,2.8542258739471436,2.5265369415283203,2.853222370147705,-0.32768893241882324,-0.0010035037994384766,0.0030623670809726525,49.97747747747748,358.50271099764456,64.97747747747748,28.502710997644563
netherlands_2020110200_strong_2020,netherlands,strong_2020,precip_large_zwd,q,q,q850_box_mean_g_per_kg,per-timestep/per-level spatial mean,actual_vs_uniform_q,24,dec_s1_post_skip,remote_control,2.8542258739471436,2.5265369415283203,2.859717845916748,-0.32768893241882324,0.005491971969604492,-0.016759711501593028,49.97747747747748,358.50271099764456,64.97747747747748,28.502710997644563
netherlands_2020110200_strong_2020,netherlands,strong_2020,precip_large_zwd,q,q,q850_box_mean_g_per_kg,per-timestep/per-level spatial mean,actual_vs_uniform_q,24,dec_s2_pre_concat,whole,2.8542258739471436,2.5265369415283203,2.526845693588257,-0.32768893241882324,-0.3273801803588867,0.9990577891732336,49.97747747747748,358.50271099764456,64.97747747747748,28.502710997644563
netherlands_2020110200_strong_2020,netherlands,strong_2020,precip_large_zwd,q,q,q850_box_mean_g_per_kg,per-timestep/per-level spatial mean,actual_vs_uniform_q,24,dec_s2_pre_concat,target_box,2.8542258739471436,2.5265369415283203,2.8555240631103516,-0.32768893241882324,0.0012981891632080078,-0.003961650927986718,49.97747747747748,358.50271099764456,64.97747747747748,28.502710997644563
netherlands_2020110200_strong_2020,netherlands,strong_2020,precip_large_zwd,q,q,q850_box_mean_g_per_kg,per-timestep/per-level spatial mean,actual_vs_uniform_q,24,dec_s2_pre_concat,mountain_near,2.8542258739471436,2.5265369415283203,2.846940517425537,-0.32768893241882324,-0.007285356521606445,0.022232537632045937,49.97747747747748,358.50271099764456,64.97747747747748,28.502710997644563
netherlands_2020110200_strong_2020,netherlands,strong_2020,precip_large_zwd,q,q,q850_box_mean_g_per_kg,per-timestep/per-level spatial mean,actual_vs_uniform_q,24,dec_s2_pre_concat,upstream,2.8542258739471436,2.5265369415283203,2.4808194637298584,-0.32768893241882324,-0.37340641021728516,1.1395148669227249,49.97747747747748,358.50271099764456,64.97747747747748,28.502710997644563
netherlands_2020110200_strong_2020,netherlands,strong_2020,precip_large_zwd,q,q,q850_box_mean_g_per_kg,per-timestep/per-level spatial mean,actual_vs_uniform_q,24,dec_s2_pre_concat,hotspot_gaussian,2.8542258739471436,2.5265369415283203,2.6733310222625732,-0.32768893241882324,-0.1808948516845703,0.5520322287033069,49.97747747747748,358.50271099764456,64.97747747747748,28.502710997644563
netherlands_2020110200_strong_2020,netherlands,strong_2020,precip_large_zwd,q,q,q850_box_mean_g_per_kg,per-timestep/per-level spatial mean,actual_vs_uniform_q,24,dec_s2_pre_concat,low_near_gaussian,2.8542258739471436,2.5265369415283203,2.853222370147705,-0.32768893241882324,-0.0010035037994384766,0.0030623670809726525,49.97747747747748,358.50271099764456,64.97747747747748,28.502710997644563
netherlands_2020110200_strong_2020,netherlands,strong_2020,precip_large_zwd,q,q,q850_box_mean_g_per_kg,per-timestep/per-level spatial mean,actual_vs_uniform_q,24,dec_s2_pre_concat,remote_control,2.8542258739471436,2.5265369415283203,2.859717845916748,-0.32768893241882324,0.005491971969604492,-0.016759711501593028,49.97747747747748,358.50271099764456,64.97747747747748,28.502710997644563
netherlands_2020110200_strong_2020,netherlands,strong_2020,precip_large_zwd,q,q,q850_box_mean_g_per_kg,per-timestep/per-level spatial mean,actual_vs_uniform_q,24,dec_s2_post_concat,whole,2.8542258739471436,2.5265369415283203,2.5916905403137207,-0.32768893241882324,-0.26253533363342285,0.8011724158503871,49.97747747747748,358.50271099764456,64.97747747747748,28.502710997644563
netherlands_2020110200_strong_2020,netherlands,strong_2020,precip_large_zwd,q,q,q850_box_mean_g_per_kg,per-timestep/per-level spatial mean,actual_vs_uniform_q,24,dec_s2_post_concat,target_box,2.8542258739471436,2.5265369415283203,2.864557981491089,-0.32768893241882324,0.010332107543945312,-0.03153023041602064,49.97747747747748,358.50271099764456,64.97747747747748,28.502710997644563
netherlands_2020110200_strong_2020,netherlands,strong_2020,precip_large_zwd,q,q,q850_box_mean_g_per_kg,per-timestep/per-level spatial mean,actual_vs_uniform_q,24,dec_s2_post_concat,mountain_near,2.8542258739471436,2.5265369415283203,2.8551368713378906,-0.32768893241882324,0.0009109973907470703,-0.002780067620906749,49.97747747747748,358.50271099764456,64.97747747747748,28.502710997644563
netherlands_2020110200_strong_2020,netherlands,strong_2020,precip_large_zwd,q,q,q850_box_mean_g_per_kg,per-timestep/per-level spatial mean,actual_vs_uniform_q,24,dec_s2_post_concat,upstream,2.8542258739471436,2.5265369415283203,2.4686241149902344,-0.32768893241882324,-0.3856017589569092,1.1767311032161039,49.97747747747748,358.50271099764456,64.97747747747748,28.502710997644563
netherlands_2020110200_strong_2020,netherlands,strong_2020,precip_large_zwd,q,q,q850_box_mean_g_per_kg,per-timestep/per-level spatial mean,actual_vs_uniform_q,24,dec_s2_post_concat,hotspot_gaussian,2.8542258739471436,2.5265369415283203,2.6486268043518066,-0.32768893241882324,-0.20559906959533691,0.6274214636353913,49.97747747747748,358.50271099764456,64.97747747747748,28.502710997644563
netherlands_2020110200_strong_2020,netherlands,strong_2020,precip_large_zwd,q,q,q850_box_mean_g_per_kg,per-timestep/per-level spatial mean,actual_vs_uniform_q,24,dec_s2_post_concat,low_near_gaussian,2.8542258739471436,2.5265369415283203,2.8512351512908936,-0.32768893241882324,-0.00299072265625,0.009126712440893551,49.97747747747748,358.50271099764456,64.97747747747748,28.502710997644563
netherlands_2020110200_strong_2020,netherlands,strong_2020,precip_large_zwd,q,q,q850_box_mean_g_per_kg,per-timestep/per-level spatial mean,actual_vs_uniform_q,24,dec_s2_post_concat,remote_control,2.8542258739471436,2.5265369415283203,2.864711046218872,-0.32768893241882324,0.010485172271728516,-0.03199733416179979,49.97747747747748,358.50271099764456,64.97747747747748,28.502710997644563
