target,case_id,init_time,lead_h,qhat_sp,qhat_sp_meanmatched,qhat_sp_regional,qhat_tcwv,true,total,pattern,offset,total_tcwv,total_regional,case_key,stratum,tcwv,tcwv_pct,precip,precip_pct,resid_rms,resid_mean,resid_std,terrain,rain
alps_east,alps_east_2020022412_extreme,2020-02-24T12:00:00,6,4.462613582611084,4.453601837158203,4.459420680999756,4.453347682952881,4.435727119445801,-0.026886463165283203,-0.017874717712402344,-0.00901174545288086,-0.017620563507080078,-0.023693561553955078,alps_east|2020-02-24T12:00:00,extreme,15.027361869812012,97.34513274336284,,,11.673539638519289,-8.607169151306152,7.8685126304626465,mountain,unavailable
alps_east,alps_east_2020022412_extreme,2020-02-24T12:00:00,12,3.629340410232544,3.622918128967285,3.6229441165924072,3.627514123916626,3.603468894958496,-0.02587151527404785,-0.019449234008789062,-0.006422281265258789,-0.024045228958129883,-0.019475221633911133,alps_east|2020-02-24T12:00:00,extreme,15.027361869812012,97.34513274336284,,,11.673539638519289,-8.607169151306152,7.8685126304626465,mountain,unavailable
alps_east,alps_east_2020022412_extreme,2020-02-24T12:00:00,24,3.793975830078125,3.78385066986084,3.782986879348755,3.789203405380249,3.7739880084991455,-0.019987821578979492,-0.009862661361694336,-0.010125160217285156,-0.015215396881103516,-0.008998870849609375,alps_east|2020-02-24T12:00:00,extreme,15.027361869812012,97.34513274336284,,,11.673539638519289,-8.607169151306152,7.8685126304626465,mountain,unavailable
alps_east,alps_east_2020102900_typical,2020-10-29T00:00:00,6,4.569789409637451,4.565456390380859,4.564085483551025,4.570464134216309,4.558607578277588,-0.011181831359863281,-0.006848812103271484,-0.004333019256591797,-0.011856555938720703,-0.0054779052734375,alps_east|2020-10-29T00:00:00,typical,15.034673690795898,55.24193548387096,,,9.997965812683104,-8.003317832946777,5.986130714416504,mountain,unavailable
alps_east,alps_east_2020102900_typical,2020-10-29T00:00:00,12,4.821338176727295,4.814640045166016,4.813969135284424,4.818797588348389,4.812081813812256,-0.009256362915039062,-0.0025582313537597656,-0.006698131561279297,-0.0067157745361328125,-0.0018873214721679688,alps_east|2020-10-29T00:00:00,typical,15.034673690795898,55.24193548387096,,,9.997965812683104,-8.003317832946777,5.986130714416504,mountain,unavailable
alps_east,alps_east_2020102900_typical,2020-10-29T00:00:00,24,5.006729602813721,4.996849060058594,4.99860143661499,5.006678104400635,4.999207973480225,-0.007521629333496094,0.0023589134216308594,-0.009880542755126953,-0.007470130920410156,0.000606536865234375,alps_east|2020-10-29T00:00:00,typical,15.034673690795898,55.24193548387096,,,9.997965812683104,-8.003317832946777,5.986130714416504,mountain,unavailable
alps_east,alps_east_2021010712_low,2021-01-07T12:00:00,6,2.128371238708496,2.1260557174682617,2.125417470932007,2.1266472339630127,2.121066093444824,-0.007305145263671875,-0.0049896240234375,-0.002315521240234375,-0.0055811405181884766,-0.004351377487182617,alps_east|2021-01-07T12:00:00,low,4.931312561035156,18.951612903225808,,,9.403468132019045,-8.184073448181152,4.630286455154419,mountain,unavailable
alps_east,alps_east_2021010712_low,2021-01-07T12:00:00,12,2.036118507385254,2.035162210464477,2.034370183944702,2.036074638366699,2.0280628204345703,-0.008055686950683594,-0.0070993900299067825,-0.0009562969207768113,-0.008011817932128906,-0.006307363510131836,alps_east|2021-01-07T12:00:00,low,4.931312561035156,18.951612903225808,,,9.403468132019045,-8.184073448181152,4.630286455154419,mountain,unavailable
alps_east,alps_east_2021010712_low,2021-01-07T12:00:00,24,2.046414852142334,2.043928384780884,2.0435259342193604,2.0445311069488525,2.0396296977996826,-0.006785154342651367,-0.004298686981201172,-0.0024864673614501953,-0.004901409149169922,-0.0038962364196777344,alps_east|2021-01-07T12:00:00,low,4.931312561035156,18.951612903225808,,,9.403468132019045,-8.184073448181152,4.630286455154419,mountain,unavailable
alps_east,alps_east_2021080312_typical,2021-08-03T12:00:00,6,7.528139114379883,7.518739223480225,7.519217967987059,7.515966892242432,7.520143032073975,-0.007996082305908203,0.00140380859375,-0.009399890899658203,0.004176139831542969,0.0009250640869158389,alps_east|2021-08-03T12:00:00,typical,20.719457626342773,43.54838709677419,,,13.924697399139404,-8.549226760864258,10.821969032287598,mountain,unavailable
alps_east,alps_east_2021080312_typical,2021-08-03T12:00:00,12,6.64047908782959,6.629889965057373,6.630298137664795,6.631237506866455,6.627151012420654,-0.013328075408935547,-0.00273895263671875,-0.010589122772216797,-0.004086494445800781,-0.003147125244140625,alps_east|2021-08-03T12:00:00,typical,20.719457626342773,43.54838709677419,,,13.924697399139404,-8.549226760864258,10.821969032287598,mountain,unavailable
alps_east,alps_east_2021080312_typical,2021-08-03T12:00:00,24,7.766750335693359,7.75403356552124,7.75577974319458,7.75737714767456,7.751253604888916,-0.01549673080444336,-0.0027799606323242188,-0.01271677017211914,-0.006123542785643643,-0.0045261383056640625,alps_east|2021-08-03T12:00:00,typical,20.719457626342773,43.54838709677419,,,13.924697399139404,-8.549226760864258,10.821969032287598,mountain,unavailable
alps_east,alps_east_2022022712_low,2022-02-27T12:00:00,6,1.810905933380127,1.8036596775054927,1.8023042678833008,1.808491945266724,1.7996795177459717,-0.011226415634155273,-0.00398015975952104,-0.007246255874634233,-0.008812427520752397,-0.0026247501373291016,alps_east|2022-02-27T12:00:00,low,3.7091572284698486,11.061946902654867,,,11.40076780319214,-10.686842441558838,3.9655237197875977,mountain,unavailable
alps_east,alps_east_2022022712_low,2022-02-27T12:00:00,12,1.58497416973114,1.5768811702728271,1.5768184661865234,1.5816935300827026,1.5658806562423706,-0.01909351348876931,-0.011000514030456543,-0.008092999458312766,-0.01581287384033203,-0.010937809944152832,alps_east|2022-02-27T12:00:00,low,3.7091572284698486,11.061946902654867,,,11.40076780319214,-10.686842441558838,3.9655237197875977,mountain,unavailable
alps_east,alps_east_2022022712_low,2022-02-27T12:00:00,24,1.251500129699707,1.243008732795715,1.2400366067886353,1.2467806339263916,1.22463858127594,-0.02686154842376709,-0.01837015151977517,-0.008491396903991921,-0.02214205265045166,-0.015398025512695312,alps_east|2022-02-27T12:00:00,low,3.7091572284698486,11.061946902654867,,,11.40076780319214,-10.686842441558838,3.9655237197875977,mountain,unavailable
alps_east,alps_east_2022032912_humid,2022-03-29T12:00:00,6,3.3840854167938232,3.382497787475586,3.3838112354278564,3.382089138031006,3.3740339279174805,-0.010051488876342773,-0.008463859558105469,-0.0015876293182373047,-0.00805521011352539,-0.009777307510375977,alps_east|2022-03-29T12:00:00,humid,9.044692039489746,70.96774193548387,,,10.19364595413208,-8.640579223632812,5.408400297164917,mountain,unavailable
alps_east,alps_east_2022032912_humid,2022-03-29T12:00:00,12,3.7691996097564697,3.7617626190185542,3.762695074081421,3.764783620834351,3.747406721115112,-0.021792888641357866,-0.014355897903442383,-0.007436990737915483,-0.01737689971923917,-0.015288352966309038,alps_east|2022-03-29T12:00:00,humid,9.044692039489746,70.96774193548387,,,10.19364595413208,-8.640579223632812,5.408400297164917,mountain,unavailable
alps_east,alps_east_2022032912_humid,2022-03-29T12:00:00,24,4.419732570648193,4.414067268371582,4.416104793548584,4.417169570922852,4.411089897155762,-0.00864267349243164,-0.0029773712158203125,-0.005665302276611328,-0.006079673767089844,-0.005014896392822266,alps_east|2022-03-29T12:00:00,humid,9.044692039489746,70.96774193548387,,,10.19364595413208,-8.640579223632812,5.408400297164917,mountain,unavailable
alps_east,alps_east_2022072312_extreme,2022-07-23T12:00:00,6,10.835412979125977,10.821072578430176,10.822898864746094,10.818011283874512,10.799722671508787,-0.035690307617189276,-0.021349906921388495,-0.014340400695800781,-0.018288612365724433,-0.023176193237306464,alps_east|2022-07-23T12:00:00,extreme,29.26132583618164,97.17741935483872,,,21.19939517974853,-16.43228769302368,13.244403839111328,mountain,unavailable
alps_east,alps_east_2022072312_extreme,2022-07-23T12:00:00,12,9.220321655273438,9.204830169677734,9.200093269348145,9.20338249206543,9.170307159423828,-0.050014495849609375,-0.03452301025390625,-0.015491485595703125,-0.03307533264160156,-0.029786109924316406,alps_east|2022-07-23T12:00:00,extreme,29.26132583618164,97.17741935483872,,,21.19939517974853,-16.43228769302368,13.244403839111328,mountain,unavailable
alps_east,alps_east_2022072312_extreme,2022-07-23T12:00:00,24,8.437400817871094,8.421243667602539,8.421075820922852,8.4273099899292,8.402358055114746,-0.035042762756347656,-0.01888561248779297,-0.016157150268554688,-0.024951934814453125,-0.01871776580810547,alps_east|2022-07-23T12:00:00,extreme,29.26132583618164,97.17741935483872,,,21.19939517974853,-16.43228769302368,13.244403839111328,mountain,unavailable
alps_east,alps_east_2022110212_humid,2022-11-02T12:00:00,6,5.330176830291748,5.318461418151856,5.321700572967529,5.321746826171875,5.290730953216553,-0.03944587707519531,-0.027730464935303623,-0.01171541213989169,-0.031015872955322266,-0.030969619750976562,alps_east|2022-11-02T12:00:00,humid,13.456473350524902,87.5,,,15.466313362121582,-12.955069065093994,8.438865184783936,mountain,unavailable
alps_east,alps_east_2022110212_humid,2022-11-02T12:00:00,12,5.107547760009766,5.0974626541137695,5.096760272979736,5.0956878662109375,5.04826021194458,-0.05928754806518555,-0.04920244216918945,-0.010085105895996094,-0.04742765426635742,-0.04850006103515625,alps_east|2022-11-02T12:00:00,humid,13.456473350524902,87.5,,,15.466313362121582,-12.955069065093994,8.438865184783936,mountain,unavailable
alps_east,alps_east_2022110212_humid,2022-11-02T12:00:00,24,4.750465393066406,4.7383131980896,4.7435383796691895,4.74545431137085,4.719348430633545,-0.031116962432861328,-0.018964767456054688,-0.01215219497680664,-0.026105880737304688,-0.02418994903564453,alps_east|2022-11-02T12:00:00,humid,13.456473350524902,87.5,,,15.466313362121582,-12.955069065093994,8.438865184783936,mountain,unavailable
alps_east,alps_east_2023033000_extreme,2023-03-30T00:00:00,6,5.155946731567383,5.148431301116943,5.152926921844482,5.1490583419799805,5.146724224090576,-0.00922250747680664,-0.0017070770263671875,-0.007515430450439453,-0.002334117889404297,-0.00620269775390625,alps_east|2023-03-30T00:00:00,extreme,15.59087085723877,98.38709677419357,,,10.537323951721191,-7.212992191314697,7.580453395843506,mountain,unavailable
alps_east,alps_east_2023033000_extreme,2023-03-30T00:00:00,12,5.267393112182617,5.259039402008057,5.260597229003906,5.260875701904297,5.245413780212402,-0.021979331970214844,-0.013625621795654297,-0.008353710174560547,-0.015461921691894531,-0.015183448791503906,alps_east|2023-03-30T00:00:00,extreme,15.59087085723877,98.38709677419357,,,10.537323951721191,-7.212992191314697,7.580453395843506,mountain,unavailable
alps_east,alps_east_2023033000_extreme,2023-03-30T00:00:00,24,4.41643762588501,4.410351276397705,4.414952278137207,4.413867950439453,4.411343097686768,-0.0050945281982421875,0.0009918212890625,-0.0060863494873046875,-0.002524852752685547,-0.003609180450439453,alps_east|2023-03-30T00:00:00,extreme,15.59087085723877,98.38709677419357,,,10.537323951721191,-7.212992191314697,7.580453395843506,mountain,unavailable
alps_east,alps_east_2023100200_humid,2023-10-02T00:00:00,6,5.123590469360352,5.107035636901856,5.111379146575928,5.113887786865234,5.079742908477783,-0.04384756088256836,-0.027292728424073154,-0.016554832458495206,-0.03414487838745117,-0.03163623809814453,alps_east|2023-10-02T00:00:00,humid,16.760225296020508,72.58064516129032,,,11.968408107757568,-7.749023914337158,8.493168115615845,mountain,unavailable
alps_east,alps_east_2023100200_humid,2023-10-02T00:00:00,12,4.764934539794922,4.744204044342041,4.747653484344482,4.75577449798584,4.714670181274414,-0.05026435852050781,-0.029533863067626953,-0.02073049545288086,-0.04110431671142578,-0.03298330307006836,alps_east|2023-10-02T00:00:00,humid,16.760225296020508,72.58064516129032,,,11.968408107757568,-7.749023914337158,8.493168115615845,mountain,unavailable
alps_east,alps_east_2023100200_humid,2023-10-02T00:00:00,24,5.064283847808838,5.038382530212402,5.050646781921387,5.047754764556885,4.995865345001221,-0.06841850280761719,-0.04251718521118164,-0.025901317596435547,-0.05188941955566406,-0.054781436920166016,alps_east|2023-10-02T00:00:00,humid,16.760225296020508,72.58064516129032,,,11.968408107757568,-7.749023914337158,8.493168115615845,mountain,unavailable
alps_east,alps_east_2023101100_typical,2023-10-11T00:00:00,6,5.27988862991333,5.2626142501831055,5.26823091506958,5.259565353393555,5.234407424926758,-0.045481204986572266,-0.028206825256347656,-0.01727437973022461,-0.025157928466796875,-0.033823490142822266,alps_east|2023-10-11T00:00:00,typical,15.117197036743164,56.451612903225815,,,16.818761825561523,-13.825038433074951,9.557501316070557,mountain,unavailable
alps_east,alps_east_2023101100_typical,2023-10-11T00:00:00,12,4.925351619720459,4.902822971343994,4.905858516693115,4.893371105194092,4.862198352813721,-0.06315326690673828,-0.04062461853027344,-0.022528648376464844,-0.031172752380371094,-0.04366016387939453,alps_east|2023-10-11T00:00:00,typical,15.117197036743164,56.451612903225815,,,16.818761825561523,-13.825038433074951,9.557501316070557,mountain,unavailable
alps_east,alps_east_2023101100_typical,2023-10-11T00:00:00,24,5.5755295753479,5.554784774780273,5.560325145721436,5.549694538116455,5.522586345672607,-0.05294322967529297,-0.032198429107666016,-0.020744800567626953,-0.027108192443847656,-0.03773880004882901,alps_east|2023-10-11T00:00:00,typical,15.117197036743164,56.451612903225815,,,16.818761825561523,-13.825038433074951,9.557501316070557,mountain,unavailable
alps_east,alps_east_2023120412_low,2023-12-04T12:00:00,6,1.4564471244812012,1.453557372093201,1.45232093334198,1.4518628120422363,1.449694037437439,-0.006753087043762207,-0.003863334655761941,-0.0028897523880002662,-0.0021687746047973633,-0.0026268959045410156,alps_east|2023-12-04T12:00:00,low,5.369279384613037,14.919354838709678,,,7.43885064125061,-6.770688533782959,3.0713077783584595,mountain,unavailable
alps_east,alps_east_2023120412_low,2023-12-04T12:00:00,12,2.231361150741577,2.228113889694214,2.2283051013946533,2.227538824081421,2.223561286926269,-0.007799863815308061,-0.00455260276794478,-0.0032472610473632812,-0.003977537155151811,-0.004743814468384233,alps_east|2023-12-04T12:00:00,low,5.369279384613037,14.919354838709678,,,7.43885064125061,-6.770688533782959,3.0713077783584595,mountain,unavailable
alps_east,alps_east_2023120412_low,2023-12-04T12:00:00,24,3.0024197101593018,2.996863842010498,2.995199203491211,2.9972448348999023,2.9920098781585693,-0.010409832000732422,-0.004853963851928711,-0.005555868148803711,-0.005234956741333008,-0.0031893253326416016,alps_east|2023-12-04T12:00:00,low,5.369279384613037,14.919354838709678,,,7.43885064125061,-6.770688533782959,3.0713077783584595,mountain,unavailable
amazon_interior,amazon_interior_2020031712_typical,2020-03-17T12:00:00,6,13.162875175476074,13.14641284942627,13.149945259094238,13.13935375213623,13.152665138244627,-0.010210037231447089,0.006252288818357599,-0.016462326049804688,0.013311386108396661,0.0027198791503888486,amazon_interior|2020-03-17T12:00:00,typical,57.549835205078125,57.25806451612904,,,4.825681924819946,0.2672716379165649,4.571585893630981,flat,unavailable
amazon_interior,amazon_interior_2020031712_typical,2020-03-17T12:00:00,12,13.333518028259276,13.309768676757812,13.31724452972412,13.29872989654541,13.322994232177734,-0.010523796081541192,0.013225555419921875,-0.023749351501463067,0.02426433563232422,0.005749702453615058,amazon_interior|2020-03-17T12:00:00,typical,57.549835205078125,57.25806451612904,,,4.825681924819946,0.2672716379165649,4.571585893630981,flat,unavailable
amazon_interior,amazon_interior_2020031712_typical,2020-03-17T12:00:00,24,12.859174728393556,12.841930389404297,12.842289924621582,12.824332237243652,12.864517211914062,0.005342483520506036,0.022586822509765625,-0.01724433898925959,0.040184974670410156,0.02222728729248047,amazon_interior|2020-03-17T12:00:00,typical,57.549835205078125,57.25806451612904,,,4.825681924819946,0.2672716379165649,4.571585893630981,flat,unavailable
amazon_interior,amazon_interior_2020070412_humid,2020-07-04T12:00:00,6,12.434565544128418,12.424293518066406,12.437546730041504,12.418453216552734,12.44279956817627,0.008234024047851562,0.01850605010986328,-0.010272026062011719,0.024346351623535156,0.005252838134765625,amazon_interior|2020-07-04T12:00:00,humid,48.99096298217773,80.24193548387096,,,5.315899848937988,1.97606360912323,4.921586513519287,flat,unavailable
amazon_interior,amazon_interior_2020070412_humid,2020-07-04T12:00:00,12,12.171014785766602,12.159345626831056,12.17196273803711,12.15231227874756,12.184229850769045,0.013215065002443183,0.02488422393798828,-0.011669158935545099,0.031917572021484375,0.01226711273193537,amazon_interior|2020-07-04T12:00:00,humid,48.99096298217773,80.24193548387096,,,5.315899848937988,1.97606360912323,4.921586513519287,flat,unavailable
amazon_interior,amazon_interior_2020070412_humid,2020-07-04T12:00:00,24,12.103092193603516,12.084712982177734,12.08693504333496,12.057209968566896,12.129776000976562,0.026683807373046875,0.045063018798828125,-0.01837921142578125,0.07256603240966619,0.04284095764160334,amazon_interior|2020-07-04T12:00:00,humid,48.99096298217773,80.24193548387096,,,5.315899848937988,1.97606360912323,4.921586513519287,flat,unavailable
amazon_interior,amazon_interior_2020072700_typical,2020-07-27T00:00:00,6,10.653194427490234,10.643306732177734,10.65425968170166,10.629142761230469,10.685769081115724,0.03257465362549006,0.04246234893799006,-0.0098876953125,0.05662631988525568,0.031509399414064276,amazon_interior|2020-07-27T00:00:00,typical,44.42395782470703,45.96774193548387,,,8.348131656646729,5.52205228805542,5.98946475982666,flat,unavailable
amazon_interior,amazon_interior_2020072700_typical,2020-07-27T00:00:00,12,10.1392822265625,10.12366008758545,10.138656616210938,10.115827560424805,10.190552711486816,0.051270484924316406,0.06689262390136719,-0.015622138977050781,0.07472515106201172,0.051896095275878906,amazon_interior|2020-07-27T00:00:00,typical,44.42395782470703,45.96774193548387,,,8.348131656646729,5.52205228805542,5.98946475982666,flat,unavailable
amazon_interior,amazon_interior_2020072700_typical,2020-07-27T00:00:00,24,11.629748344421388,11.619986534118652,11.629887580871582,11.61357307434082,11.680737495422363,0.050989151000974786,0.06075096130371094,-0.009761810302736151,0.06716442108154297,0.05084991455078125,amazon_interior|2020-07-27T00:00:00,typical,44.42395782470703,45.96774193548387,,,8.348131656646729,5.52205228805542,5.98946475982666,flat,unavailable
amazon_interior,amazon_interior_2020102700_extreme,2020-10-27T00:00:00,6,13.38896942138672,13.35213565826416,13.37177276611328,13.340736389160156,13.346821784973145,-0.042147636413575995,-0.005313873291015625,-0.03683376312256037,0.006085395812988281,-0.024950981140134942,amazon_interior|2020-10-27T00:00:00,extreme,58.53703308105469,98.38709677419357,,,15.55939769744873,-13.97577142715454,6.832609415054321,flat,unavailable
amazon_interior,amazon_interior_2020102700_extreme,2020-10-27T00:00:00,12,12.381525993347168,12.345827102661133,12.3643217086792,12.324003219604492,12.329849243164062,-0.05167675018310547,-0.015977859497070312,-0.035698890686035156,0.0058460235595703125,-0.03447246551513672,amazon_interior|2020-10-27T00:00:00,extreme,58.53703308105469,98.38709677419357,,,15.55939769744873,-13.97577142715454,6.832609415054321,flat,unavailable
amazon_interior,amazon_interior_2020102700_extreme,2020-10-27T00:00:00,24,13.036582946777344,13.007022857666016,13.016613006591797,12.982882499694824,13.009442329406738,-0.02714061737060547,0.0024194717407226562,-0.029560089111328125,0.026559829711914062,-0.007170677185058594,amazon_interior|2020-10-27T00:00:00,extreme,58.53703308105469,98.38709677419357,,,15.55939769744873,-13.97577142715454,6.832609415054321,flat,unavailable
amazon_interior,amazon_interior_2021042712_low,2021-04-27T12:00:00,6,12.5549955368042,12.53513526916504,12.545705795288086,12.541888236999512,12.561600685119627,0.006605148315427911,0.02646541595458629,-0.01986026763915838,0.01971244812011541,0.015894889831541192,amazon_interior|2021-04-27T12:00:00,low,55.18325424194336,23.33333333333333,,,5.5314695835113525,-0.8201634138822556,5.350286483764648,flat,unavailable
amazon_interior,amazon_interior_2021042712_low,2021-04-27T12:00:00,12,12.699835777282717,12.674912452697754,12.690264701843262,12.683716773986816,12.716005325317385,0.01616954803466797,0.04109287261963068,-0.024923324584962714,0.03228855133056818,0.02574062347412287,amazon_interior|2021-04-27T12:00:00,low,55.18325424194336,23.33333333333333,,,5.5314695835113525,-0.8201634138822556,5.350286483764648,flat,unavailable
amazon_interior,amazon_interior_2021042712_low,2021-04-27T12:00:00,24,13.132902145385742,13.084312438964844,13.108447074890137,13.084755897521973,13.148802757263184,0.015900611877441406,0.06449031829833984,-0.04858970642089844,0.06404685974121094,0.040355682373046875,amazon_interior|2021-04-27T12:00:00,low,55.18325424194336,23.33333333333333,,,5.5314695835113525,-0.8201634138822556,5.350286483764648,flat,unavailable
amazon_interior,amazon_interior_2022032512_humid,2022-03-25T12:00:00,6,13.251137733459473,13.236708641052246,13.239197731018066,13.23634910583496,13.248933792114258,-0.0022039413452148438,0.012225151062011719,-0.014429092407226562,0.012584686279298651,0.009736061096191406,amazon_interior|2022-03-25T12:00:00,humid,58.47481155395508,70.56451612903226,,,3.679165124893189,-1.0004336833953855,3.3312734365463257,flat,unavailable
amazon_interior,amazon_interior_2022032512_humid,2022-03-25T12:00:00,12,13.111122131347656,13.09272289276123,13.099483489990234,13.090036392211914,13.116947174072266,0.005825042724609375,0.024224281311035156,-0.01839923858642578,0.026910781860351562,0.01746368408203125,amazon_interior|2022-03-25T12:00:00,humid,58.47481155395508,70.56451612903226,,,3.679165124893189,-1.0004336833953855,3.3312734365463257,flat,unavailable
amazon_interior,amazon_interior_2022032512_humid,2022-03-25T12:00:00,24,13.133792877197266,13.11924171447754,13.11903953552246,13.118675231933594,13.14345645904541,0.009663581848144531,0.024214744567869317,-0.014551162719724786,0.024781227111816406,0.024416923522950995,amazon_interior|2022-03-25T12:00:00,humid,58.47481155395508,70.56451612903226,,,3.679165124893189,-1.0004336833953855,3.3312734365463257,flat,unavailable
amazon_interior,amazon_interior_2022052300_low,2022-05-23T00:00:00,6,11.879708290100098,11.861689567565918,11.874131202697754,11.86783218383789,11.8911771774292,0.011468887329101562,0.02948760986328125,-0.018018722534179688,0.023344993591308594,0.017045974731445312,amazon_interior|2022-05-23T00:00:00,low,50.13628768920898,15.32258064516129,,,6.25287938117981,4.691305994987488,4.090964913368225,flat,unavailable
amazon_interior,amazon_interior_2022052300_low,2022-05-23T00:00:00,12,10.878161430358888,10.84893798828125,10.866232872009276,10.847768783569336,10.895946502685549,0.017785072326660156,0.04700851440429865,-0.029223442077638495,0.048177719116212714,0.029713630676273084,amazon_interior|2022-05-23T00:00:00,low,50.13628768920898,15.32258064516129,,,6.25287938117981,4.691305994987488,4.090964913368225,flat,unavailable
amazon_interior,amazon_interior_2022052300_low,2022-05-23T00:00:00,24,11.785189628601074,11.75518035888672,11.771111488342283,11.735957145690918,11.794769287109377,0.009579658508302558,0.03958892822265625,-0.030009269714353692,0.05881214141845881,0.023657798767093396,amazon_interior|2022-05-23T00:00:00,low,50.13628768920898,15.32258064516129,,,6.25287938117981,4.691305994987488,4.090964913368225,flat,unavailable
amazon_interior,amazon_interior_2022090900_extreme,2022-09-09T00:00:00,6,12.153493881225586,12.140467643737791,12.158008575439451,12.132241249084473,12.169459342956545,0.015965461730958808,0.028991699218753553,-0.013026237487794745,0.03721809387207209,0.011450767517093396,amazon_interior|2022-09-09T00:00:00,extreme,53.22399139404297,95.41666666666669,,,7.224508047103882,-2.5854976288974285,6.453990936279297,flat,unavailable
amazon_interior,amazon_interior_2022090900_extreme,2022-09-09T00:00:00,12,11.161713600158691,11.143468856811523,11.167723655700684,11.125823974609377,11.165215492248535,0.00350189208984375,0.02174663543701172,-0.01824474334716797,0.03939151763915838,-0.0025081634521484375,amazon_interior|2022-09-09T00:00:00,extreme,53.22399139404297,95.41666666666669,,,7.224508047103882,-2.5854976288974285,6.453990936279297,flat,unavailable
amazon_interior,amazon_interior_2022090900_extreme,2022-09-09T00:00:00,24,12.069103240966797,12.054157257080078,12.07381534576416,12.011407852172852,12.059691429138184,-0.009411811828613281,0.005534172058105469,-0.01494598388671875,0.04828357696533203,-0.014123916625976562,amazon_interior|2022-09-09T00:00:00,extreme,53.22399139404297,95.41666666666669,,,7.224508047103882,-2.5854976288974285,6.453990936279297,flat,unavailable
amazon_interior,amazon_interior_2022102000_extreme,2022-10-20T00:00:00,6,12.371737480163574,12.33986473083496,12.354061126708984,12.340152740478516,12.342856407165527,-0.028881072998046875,0.0029916763305681826,-0.03187274932861506,0.0027036666870117188,-0.011204719543457031,amazon_interior|2022-10-20T00:00:00,extreme,58.44741439819336,97.58064516129032,,,8.333189725875854,-6.096935510635376,5.533334970474243,flat,unavailable
amazon_interior,amazon_interior_2022102000_extreme,2022-10-20T00:00:00,12,11.55091381072998,11.511972427368164,11.530454635620115,11.50801944732666,11.51899528503418,-0.03191852569580078,0.007022857666015625,-0.038941383361816406,0.010975837707519531,-0.011459350585935724,amazon_interior|2022-10-20T00:00:00,extreme,58.44741439819336,97.58064516129032,,,8.333189725875854,-6.096935510635376,5.533334970474243,flat,unavailable
amazon_interior,amazon_interior_2022102000_extreme,2022-10-20T00:00:00,24,12.907363891601562,12.861034393310549,12.882793426513672,12.843375205993652,12.865676879882812,-0.04168701171875,0.004642486572263849,-0.04632949829101385,0.022301673889160156,-0.017116546630859375,amazon_interior|2022-10-20T00:00:00,extreme,58.44741439819336,97.58064516129032,,,8.333189725875854,-6.096935510635376,5.533334970474243,flat,unavailable
amazon_interior,amazon_interior_2022112512_typical,2022-11-25T12:00:00,6,12.346769332885742,12.336498260498049,12.345954895019531,12.33450698852539,12.352876663208008,0.006107330322265625,0.01637840270995916,-0.010271072387693536,0.018369674682617188,0.0069217681884765625,amazon_interior|2022-11-25T12:00:00,typical,55.36768341064453,57.08333333333333,,,5.289731502532959,-1.463090717792511,4.48123836517334,flat,unavailable
amazon_interior,amazon_interior_2022112512_typical,2022-11-25T12:00:00,12,12.017081260681152,12.001506805419922,12.011568069458008,11.99611759185791,12.032415390014648,0.015334129333496094,0.030908584594726562,-0.015574455261230469,0.03629779815673828,0.020847320556640625,amazon_interior|2022-11-25T12:00:00,typical,55.36768341064453,57.08333333333333,,,5.289731502532959,-1.463090717792511,4.48123836517334,flat,unavailable
amazon_interior,amazon_interior_2022112512_typical,2022-11-25T12:00:00,24,11.83408260345459,11.815873146057127,11.825958251953123,11.811311721801758,11.8491792678833,0.015096664428710938,0.03330612182617365,-0.018209457397462714,0.03786754608154297,0.023221015930177558,amazon_interior|2022-11-25T12:00:00,typical,55.36768341064453,57.08333333333333,,,5.289731502532959,-1.463090717792511,4.48123836517334,flat,unavailable
amazon_interior,amazon_interior_2023021600_humid,2023-02-16T00:00:00,6,13.108047485351562,13.080744743347168,13.082890510559082,13.078072547912598,13.087020874023438,-0.021026611328125,0.006276130676269531,-0.02730274200439453,0.008948326110839844,0.004130363464355469,amazon_interior|2023-02-16T00:00:00,humid,59.57848358154297,84.070796460177,,,7.358797550201416,-5.672916412353516,4.292789578437805,flat,unavailable
amazon_interior,amazon_interior_2023021600_humid,2023-02-16T00:00:00,12,12.988842964172363,12.95614242553711,12.960467338562012,12.9480562210083,12.956062316894531,-0.03278064727783203,-8.0108642578125e-05,-0.032700538635253906,0.008006095886230469,-0.004405021667480469,amazon_interior|2023-02-16T00:00:00,humid,59.57848358154297,84.070796460177,,,7.358797550201416,-5.672916412353516,4.292789578437805,flat,unavailable
amazon_interior,amazon_interior_2023021600_humid,2023-02-16T00:00:00,24,13.189887046813965,13.15105152130127,13.15790557861328,13.144105911254885,13.154388427734377,-0.03549861907958807,0.003336906433107245,-0.03883552551269531,0.010282516479492188,-0.0035171508789026973,amazon_interior|2023-02-16T00:00:00,humid,59.57848358154297,84.070796460177,,,7.358797550201416,-5.672916412353516,4.292789578437805,flat,unavailable
amazon_interior,amazon_interior_2023062212_low,2023-06-22T12:00:00,6,11.738285064697266,11.73422908782959,11.74514865875244,11.737010955810549,11.760334014892578,0.0220489501953125,0.02610492706298828,-0.004055976867675781,0.023323059082029474,0.015185356140138495,amazon_interior|2023-06-22T12:00:00,low,45.78249740600586,23.33333333333333,,,8.503963470458984,5.872706890106201,5.931231021881104,flat,unavailable
amazon_interior,amazon_interior_2023062212_low,2023-06-22T12:00:00,12,11.960220336914062,11.945643424987791,11.95792007446289,11.939338684082031,11.974404335021973,0.014183998107910156,0.028760910034181464,-0.014576911926271308,0.035065650939941406,0.01648426055908203,amazon_interior|2023-06-22T12:00:00,low,45.78249740600586,23.33333333333333,,,8.503963470458984,5.872706890106201,5.931231021881104,flat,unavailable
amazon_interior,amazon_interior_2023062212_low,2023-06-22T12:00:00,24,11.674237251281738,11.657854080200195,11.675538063049316,11.623388290405272,11.682092666625977,0.007855415344238281,0.02423858642578125,-0.01638317108154297,0.0587043762207049,0.006554603576660156,amazon_interior|2023-06-22T12:00:00,low,45.78249740600586,23.33333333333333,,,8.503963470458984,5.872706890106201,5.931231021881104,flat,unavailable
andes,andes_2020050900_typical,2020-05-09T00:00:00,6,2.83302903175354,2.8026294708251958,2.819913864135742,2.8243181705474854,2.7192702293396,-0.11375880241393999,-0.0833592414855957,-0.030399560928344282,-0.1050479412078853,-0.10064363479614213,andes|2020-05-09T00:00:00,typical,8.042593002319336,50.403225806451616,6.055515200387163e-07,42.33870967741936,39.043996810913086,-34.91779136657715,17.45595073699951,mountain,non-raining
andes,andes_2020050900_typical,2020-05-09T00:00:00,12,2.561118602752685,2.517214059829712,2.540912389755249,2.559813976287842,2.4292681217193604,-0.13185048103332475,-0.08794593811035156,-0.04390454292297319,-0.13054585456848145,-0.11164426803588867,andes|2020-05-09T00:00:00,typical,8.042593002319336,50.403225806451616,6.055515200387163e-07,42.33870967741936,39.043996810913086,-34.91779136657715,17.45595073699951,mountain,non-raining
andes,andes_2020050900_typical,2020-05-09T00:00:00,24,3.3562746047973637,3.2893707752227783,3.3188788890838623,3.3637828826904297,3.1930360794067383,-0.16323852539062544,-0.09633469581604004,-0.0669038295745854,-0.1707468032836914,-0.12584280967712402,andes|2020-05-09T00:00:00,typical,8.042593002319336,50.403225806451616,6.055515200387163e-07,42.33870967741936,39.043996810913086,-34.91779136657715,17.45595073699951,mountain,non-raining
andes,andes_2020053000_extreme,2020-05-30T00:00:00,6,4.70329475402832,4.6661882400512695,4.681375503540039,4.700491905212402,4.572088718414307,-0.13120603561401367,-0.09409952163696289,-0.03710651397705078,-0.1284031867980957,-0.10928678512573242,andes|2020-05-30T00:00:00,extreme,12.718911170959473,96.37096774193547,6.187198596308008e-05,89.11290322580645,46.07191467285156,-42.23158836364746,18.400309562683105,mountain,moderate
andes,andes_2020053000_extreme,2020-05-30T00:00:00,12,4.283067226409912,4.228797435760498,4.250269889831543,4.282053470611572,4.093296527862549,-0.18977069854736328,-0.13550090789794922,-0.05426979064941406,-0.18875694274902344,-0.15697336196899414,andes|2020-05-30T00:00:00,extreme,12.718911170959473,96.37096774193547,6.187198596308008e-05,89.11290322580645,46.07191467285156,-42.23158836364746,18.400309562683105,mountain,moderate
andes,andes_2020053000_extreme,2020-05-30T00:00:00,24,4.696194171905518,4.630806922912598,4.653955459594727,4.6854987144470215,4.473742961883545,-0.22245121002197266,-0.15706396102905273,-0.06538724899291992,-0.21175575256347656,-0.18021249771118164,andes|2020-05-30T00:00:00,extreme,12.718911170959473,96.37096774193547,6.187198596308008e-05,89.11290322580645,46.07191467285156,-42.23158836364746,18.400309562683105,mountain,moderate
andes,andes_2020091700_humid,2020-09-17T00:00:00,6,2.787754535675049,2.764967441558838,2.776967287063598,2.778604745864868,2.665690422058105,-0.1220641136169438,-0.09927701950073287,-0.022787094116210938,-0.11291432380676314,-0.11127686500549316,andes|2020-09-17T00:00:00,humid,9.540278434753418,83.75,1.0009837403401889e-08,8.75,44.90822792053223,-40.7677116394043,18.80627155303955,mountain,non-raining
andes,andes_2020091700_humid,2020-09-17T00:00:00,12,2.4785892963409424,2.4485254287719727,2.4639296531677246,2.469818592071533,2.3196561336517334,-0.15893316268920898,-0.12886929512023926,-0.030063867568969727,-0.1501624584197998,-0.1442735195159912,andes|2020-09-17T00:00:00,humid,9.540278434753418,83.75,1.0009837403401889e-08,8.75,44.90822792053223,-40.7677116394043,18.80627155303955,mountain,non-raining
andes,andes_2020091700_humid,2020-09-17T00:00:00,24,2.846942186355591,2.809742927551269,2.8287839889526367,2.8368961811065674,2.666440963745117,-0.18050122261047363,-0.1433019638061519,-0.03719925880432173,-0.1704552173614502,-0.16234302520751953,andes|2020-09-17T00:00:00,humid,9.540278434753418,83.75,1.0009837403401889e-08,8.75,44.90822792053223,-40.7677116394043,18.80627155303955,mountain,non-raining
andes,andes_2020100800_low,2020-10-08T00:00:00,6,2.27333664894104,2.2608368396759038,2.265993595123291,2.2731916904449463,2.208694696426392,-0.064641952514648,-0.05214214324951172,-0.012499809265136275,-0.06449699401855424,-0.05729889869689897,andes|2020-10-08T00:00:00,low,5.412717819213867,13.306451612903224,7.925838872324675e-06,63.70967741935484,30.65488052368164,-28.35143756866455,11.6560378074646,mountain,moderate
andes,andes_2020100800_low,2020-10-08T00:00:00,12,2.0326430797576904,2.0154566764831543,2.0225934982299805,2.03305983543396,1.948122501373291,-0.08452057838439941,-0.06733417510986328,-0.017186403274536133,-0.08493733406066895,-0.07447099685668945,andes|2020-10-08T00:00:00,low,5.412717819213867,13.306451612903224,7.925838872324675e-06,63.70967741935484,30.65488052368164,-28.35143756866455,11.6560378074646,mountain,moderate
andes,andes_2020100800_low,2020-10-08T00:00:00,24,2.5192112922668457,2.4963128566741943,2.5084962844848637,2.5294079780578613,2.4322688579559326,-0.08694243431091309,-0.06404399871826172,-0.022898435592651367,-0.09713912010192871,-0.07622742652893111,andes|2020-10-08T00:00:00,low,5.412717819213867,13.306451612903224,7.925838872324675e-06,63.70967741935484,30.65488052368164,-28.35143756866455,11.6560378074646,mountain,moderate
andes,andes_2020112200_low,2020-11-22T00:00:00,6,3.524707555770874,3.4968299865722656,3.506364107131958,3.518185377120972,3.4174482822418213,-0.10725927352905273,-0.07938170433044434,-0.0278775691986084,-0.10073709487915083,-0.08891582489013672,andes|2020-11-22T00:00:00,low,7.898769855499268,22.5,3.1092924928088905e-06,50.0,36.87210655212402,-34.178226470947266,13.830030918121338,mountain,non-raining
andes,andes_2020112200_low,2020-11-22T00:00:00,12,3.561694860458374,3.521427631378174,3.53434157371521,3.5534236431121826,3.405446767807007,-0.1562480926513672,-0.11598086357116699,-0.040267229080200195,-0.14797687530517578,-0.12889480590820312,andes|2020-11-22T00:00:00,low,7.898769855499268,22.5,3.1092924928088905e-06,50.0,36.87210655212402,-34.178226470947266,13.830030918121338,mountain,non-raining
andes,andes_2020112200_low,2020-11-22T00:00:00,24,4.682112693786621,4.625200748443604,4.651928901672363,4.669637203216553,4.517201900482178,-0.16491079330444336,-0.10799884796142667,-0.05691194534301669,-0.152435302734375,-0.13472700119018555,andes|2020-11-22T00:00:00,low,7.898769855499268,22.5,3.1092924928088905e-06,50.0,36.87210655212402,-34.178226470947266,13.830030918121338,mountain,non-raining
andes,andes_2021081512_humid,2021-08-15T12:00:00,6,2.333978176116944,2.308427333831787,2.3185067176818848,2.332967519760132,2.25232458114624,-0.08165359497070401,-0.05610275268554732,-0.025550842285156694,-0.08064293861389205,-0.06618213653564498,andes|2021-08-15T12:00:00,humid,7.775291442871094,70.16129032258065,5.5609129049116746e-05,79.43548387096774,33.32363986968994,-31.148829460144043,11.819697380065918,mountain,moderate
andes,andes_2021081512_humid,2021-08-15T12:00:00,12,2.6241862773895264,2.5848701000213623,2.596946954727173,2.6198599338531494,2.5039546489715576,-0.12023162841796875,-0.08091545104980469,-0.03931617736816406,-0.1159052848815918,-0.09299230575561523,andes|2021-08-15T12:00:00,humid,7.775291442871094,70.16129032258065,5.5609129049116746e-05,79.43548387096774,33.32363986968994,-31.148829460144043,11.819697380065918,mountain,moderate
andes,andes_2021081512_humid,2021-08-15T12:00:00,24,3.38925838470459,3.330634832382202,3.356951713562012,3.394444227218628,3.2574052810668945,-0.1318531036376953,-0.07322955131530762,-0.058623552322387695,-0.1370389461517334,-0.09954643249511763,andes|2021-08-15T12:00:00,humid,7.775291442871094,70.16129032258065,5.5609129049116746e-05,79.43548387096774,33.32363986968994,-31.148829460144043,11.819697380065918,mountain,moderate
andes,andes_2021102012_typical,2021-10-20T12:00:00,6,3.442660331726074,3.4196927547454834,3.424203634262085,3.4409122467041016,3.351043224334717,-0.09161710739135742,-0.0686495304107666,-0.02296757698059082,-0.08986902236938477,-0.07316040992736816,andes|2021-10-20T12:00:00,typical,7.050009250640869,46.774193548387096,4.277790594642283e-06,58.06451612903226,41.01337814331055,-36.53478240966797,18.60856914520264,mountain,non-raining
andes,andes_2021102012_typical,2021-10-20T12:00:00,12,3.555969715118408,3.5185985565185547,3.526310920715332,3.553837537765503,3.416013240814209,-0.13995647430419922,-0.1025853157043457,-0.037371158599853516,-0.13782429695129395,-0.11029767990112305,andes|2021-10-20T12:00:00,typical,7.050009250640869,46.774193548387096,4.277790594642283e-06,58.06451612903226,41.01337814331055,-36.53478240966797,18.60856914520264,mountain,non-raining
andes,andes_2021102012_typical,2021-10-20T12:00:00,24,3.182971954345703,3.1281514167785645,3.142317771911621,3.181525707244873,3.0013649463653564,-0.18160700798034668,-0.126786470413208,-0.05482053756713867,-0.1801607608795166,-0.14095282554626465,andes|2021-10-20T12:00:00,typical,7.050009250640869,46.774193548387096,4.277790594642283e-06,58.06451612903226,41.01337814331055,-36.53478240966797,18.60856914520264,mountain,non-raining
andes,andes_2022031100_low,2022-03-11T00:00:00,6,4.605118751525879,4.568844795227051,4.584092140197754,4.596334934234619,4.460637092590332,-0.14448165893554688,-0.10820770263671875,-0.036273956298828125,-0.1356978416442871,-0.12345504760742188,andes|2022-03-11T00:00:00,low,10.221603393554688,27.82258064516129,5.5226591939572245e-06,51.20967741935484,43.65036964416504,-40.03301429748535,17.398629188537598,mountain,non-raining
andes,andes_2022031100_low,2022-03-11T00:00:00,12,4.591203689575195,4.534968852996826,4.56034517288208,4.578536033630371,4.398209095001221,-0.1929945945739746,-0.13675975799560547,-0.05623483657836914,-0.1803269386291504,-0.16213607788085938,andes|2022-03-11T00:00:00,low,10.221603393554688,27.82258064516129,5.5226591939572245e-06,51.20967741935484,43.65036964416504,-40.03301429748535,17.398629188537598,mountain,non-raining
andes,andes_2022031100_low,2022-03-11T00:00:00,24,5.456618785858154,5.388341903686523,5.413642406463623,5.43869161605835,5.24102258682251,-0.21559619903564453,-0.14731931686401367,-0.06827688217163086,-0.19766902923583984,-0.17261981964111328,andes|2022-03-11T00:00:00,low,10.221603393554688,27.82258064516129,5.5226591939572245e-06,51.20967741935484,43.65036964416504,-40.03301429748535,17.398629188537598,mountain,non-raining
andes,andes_2022112412_extreme,2022-11-24T12:00:00,6,6.047779560089111,6.007413387298584,6.022867202758789,6.034379482269287,5.891379356384277,-0.15640020370483398,-0.11603403091430664,-0.040366172790527344,-0.14300012588500977,-0.13148784637451172,andes|2022-11-24T12:00:00,extreme,15.732393264770508,97.91666666666666,2.683316552065662e-06,47.083333333333336,50.43129920959473,-46.52874183654785,19.45096969604492,mountain,non-raining
andes,andes_2022112412_extreme,2022-11-24T12:00:00,12,6.655608654022217,6.603953838348389,6.625163555145264,6.640369415283203,6.45388126373291,-0.20172739028930664,-0.15007257461547852,-0.051654815673828125,-0.18648815155029297,-0.17128229141235352,andes|2022-11-24T12:00:00,extreme,15.732393264770508,97.91666666666666,2.683316552065662e-06,47.083333333333336,50.43129920959473,-46.52874183654785,19.45096969604492,mountain,non-raining
andes,andes_2022112412_extreme,2022-11-24T12:00:00,24,6.4267897605896,6.342558860778809,6.380316734313965,6.404103755950928,6.1434407234191895,-0.28334903717041016,-0.19911813735961914,-0.08423089981079102,-0.2606630325317383,-0.2368760108947754,andes|2022-11-24T12:00:00,extreme,15.732393264770508,97.91666666666666,2.683316552065662e-06,47.083333333333336,50.43129920959473,-46.52874183654785,19.45096969604492,mountain,non-raining
andes,andes_2022120512_typical,2022-12-05T12:00:00,6,4.897010803222656,4.862679481506348,4.878866672515869,4.885827541351318,4.736852169036865,-0.16015863418579102,-0.12582731246948242,-0.034331321716308594,-0.14897537231445312,-0.1420145034790039,andes|2022-12-05T12:00:00,typical,11.06105899810791,58.06451612903226,1.6464082364109345e-06,30.64516129032258,53.16705894470215,-47.64578056335449,23.588233947753903,mountain,non-raining
andes,andes_2022120512_typical,2022-12-05T12:00:00,12,4.874673366546631,4.825387001037598,4.840842723846436,4.862825870513916,4.677927970886231,-0.1967453956603995,-0.1474590301513663,-0.0492863655090332,-0.18489789962768466,-0.16291475296020508,andes|2022-12-05T12:00:00,typical,11.06105899810791,58.06451612903226,1.6464082364109345e-06,30.64516129032258,53.16705894470215,-47.64578056335449,23.588233947753903,mountain,non-raining
andes,andes_2022120512_typical,2022-12-05T12:00:00,24,4.540314197540283,4.465700626373291,4.483120441436768,4.524172782897949,4.258473873138428,-0.28184032440185547,-0.20722675323486328,-0.07461357116699219,-0.2656989097595215,-0.22464656829833984,andes|2022-12-05T12:00:00,typical,11.06105899810791,58.06451612903226,1.6464082364109345e-06,30.64516129032258,53.16705894470215,-47.64578056335449,23.588233947753903,mountain,non-raining
andes,andes_2023081100_humid,2023-08-11T00:00:00,6,2.622700452804565,2.59646987915039,2.605254411697388,2.6251220703125,2.5234243869781494,-0.09927606582641557,-0.07304549217224077,-0.026230573654174805,-0.10169768333435059,-0.08183002471923873,andes|2023-08-11T00:00:00,humid,8.198204040527344,79.43548387096774,3.413337981328368e-05,75.40322580645162,41.35142517089844,-36.97318840026856,18.506796836853027,mountain,moderate
andes,andes_2023081100_humid,2023-08-11T00:00:00,12,1.9087369441986084,1.8741432428359983,1.886435866355896,1.906996846199036,1.8043062686920168,-0.10443067550659157,-0.06983697414398149,-0.034593701362610085,-0.10269057750701927,-0.08212959766387917,andes|2023-08-11T00:00:00,humid,8.198204040527344,79.43548387096774,3.413337981328368e-05,75.40322580645162,41.35142517089844,-36.97318840026856,18.506796836853027,mountain,moderate
andes,andes_2023081100_humid,2023-08-11T00:00:00,24,2.47607970237732,2.433892011642456,2.4477834701538086,2.46700382232666,2.3614537715911865,-0.11462593078613326,-0.07243824005126953,-0.042187690734863725,-0.10555005073547363,-0.08632969856262207,andes|2023-08-11T00:00:00,humid,8.198204040527344,79.43548387096774,3.413337981328368e-05,75.40322580645162,41.35142517089844,-36.97318840026856,18.506796836853027,mountain,moderate
andes,andes_2023091000_extreme,2023-09-10T00:00:00,6,3.858583688735962,3.82745099067688,3.8427329063415527,3.85713529586792,3.7381937503814697,-0.12038993835449219,-0.08925724029541016,-0.03113269805908203,-0.1189415454864502,-0.10453915596008301,andes|2023-09-10T00:00:00,extreme,12.376973152160645,97.5,0.0003542340127751,97.91666666666666,44.64072608947754,-41.9100399017334,15.346274375915527,mountain,heavy
andes,andes_2023091000_extreme,2023-09-10T00:00:00,12,4.278511047363281,4.234037399291992,4.2535176277160645,4.281094551086426,4.11660099029541,-0.1619100570678711,-0.11743640899658203,-0.04447364807128906,-0.16449356079101562,-0.1369166374206543,andes|2023-09-10T00:00:00,extreme,12.376973152160645,97.5,0.0003542340127751,97.91666666666666,44.64072608947754,-41.9100399017334,15.346274375915527,mountain,heavy
andes,andes_2023091000_extreme,2023-09-10T00:00:00,24,4.78169584274292,4.732890129089356,4.752070426940918,4.7829132080078125,4.623924732208252,-0.15777111053466797,-0.1089653968811044,-0.048805713653563565,-0.15898847579956055,-0.12814569473266602,andes|2023-09-10T00:00:00,extreme,12.376973152160645,97.5,0.0003542340127751,97.91666666666666,44.64072608947754,-41.9100399017334,15.346274375915527,mountain,heavy
aquitaine_basin,aquitaine_basin_2020021000_extreme,2020-02-10T00:00:00,6,4.88934850692749,4.884500026702881,4.885127067565918,4.8916730880737305,4.877721309661865,-0.011627197265625,-0.006778717041015625,-0.004848480224609375,-0.013951778411865234,-0.007405757904052734,aquitaine_basin|2020-02-10T00:00:00,extreme,22.09613800048828,97.34513274336284,,,3.7596160173416138,-0.806781514082104,3.5925244092941284,flat,unavailable
aquitaine_basin,aquitaine_basin_2020021000_extreme,2020-02-10T00:00:00,12,4.8134846687316895,4.810569763183594,4.813321590423584,4.823907375335693,4.806103706359863,-0.007380962371826172,-0.004466056823730469,-0.002914905548095703,-0.017803668975830078,-0.007217884063720703,aquitaine_basin|2020-02-10T00:00:00,extreme,22.09613800048828,97.34513274336284,,,3.7596160173416138,-0.806781514082104,3.5925244092941284,flat,unavailable
aquitaine_basin,aquitaine_basin_2020021000_extreme,2020-02-10T00:00:00,24,3.796313762664795,3.785134077072144,3.790477991104126,3.8066885471344,3.790544033050537,-0.0057697296142578125,0.005409955978393111,-0.011179685592650923,-0.01614451408386275,6.604194641113281e-05,aquitaine_basin|2020-02-10T00:00:00,extreme,22.09613800048828,97.34513274336284,,,3.7596160173416138,-0.806781514082104,3.5925244092941284,flat,unavailable
aquitaine_basin,aquitaine_basin_2020120300_typical,2020-12-03T00:00:00,6,4.456717014312744,4.452462673187256,4.453920841217041,4.4590349197387695,4.455240726470947,-0.001476287841796875,0.0027780532836914062,-0.004254341125488281,-0.0037941932678222656,0.00131988525390625,aquitaine_basin|2020-12-03T00:00:00,typical,12.150351524353027,45.16129032258064,,,6.58162260055542,-5.908592224121094,2.89649760723114,flat,unavailable
aquitaine_basin,aquitaine_basin_2020120300_typical,2020-12-03T00:00:00,12,4.658987045288086,4.654285907745361,4.653058052062988,4.661818981170654,4.655169486999512,-0.0038175582885742188,0.0008835792541503906,-0.004701137542724609,-0.006649494171142578,0.0021114349365234375,aquitaine_basin|2020-12-03T00:00:00,typical,12.150351524353027,45.16129032258064,,,6.58162260055542,-5.908592224121094,2.89649760723114,flat,unavailable
aquitaine_basin,aquitaine_basin_2020120300_typical,2020-12-03T00:00:00,24,4.0681657791137695,4.0627264976501465,4.063437461853027,4.063808441162109,4.057218551635742,-0.010947227478027344,-0.005507946014404297,-0.005439281463623047,-0.0065898895263671875,-0.006218910217285156,aquitaine_basin|2020-12-03T00:00:00,typical,12.150351524353027,45.16129032258064,,,6.58162260055542,-5.908592224121094,2.89649760723114,flat,unavailable
aquitaine_basin,aquitaine_basin_2020122612_low,2020-12-26T12:00:00,6,1.76335346698761,1.7563124895095823,1.7628884315490725,1.7611957788467407,1.7470571994781494,-0.01629626750946067,-0.009255290031432883,-0.007040977478027788,-0.014138579368591309,-0.015831232070923074,aquitaine_basin|2020-12-26T12:00:00,low,8.678487777709961,18.548387096774192,,,8.349145650863647,-7.573635816574097,3.4535703659057617,flat,unavailable
aquitaine_basin,aquitaine_basin_2020122612_low,2020-12-26T12:00:00,12,3.1106886863708496,3.0991079807281494,3.107145071029663,3.110774278640747,3.0933496952056885,-0.017338991165161133,-0.0057582855224609375,-0.011580705642700195,-0.017424583435058594,-0.01379537582397461,aquitaine_basin|2020-12-26T12:00:00,low,8.678487777709961,18.548387096774192,,,8.349145650863647,-7.573635816574097,3.4535703659057617,flat,unavailable
aquitaine_basin,aquitaine_basin_2020122612_low,2020-12-26T12:00:00,24,3.616785049438477,3.608959436416626,3.611534595489502,3.623563289642334,3.6121671199798575,-0.004617929458619496,0.0032076835632315337,-0.00782561302185103,-0.011396169662476474,0.0006325244903555571,aquitaine_basin|2020-12-26T12:00:00,low,8.678487777709961,18.548387096774192,,,8.349145650863647,-7.573635816574097,3.4535703659057617,flat,unavailable
aquitaine_basin,aquitaine_basin_2021072700_typical,2021-07-27T00:00:00,6,7.643744945526123,7.626360893249512,7.627947330474853,7.621792316436768,7.595672607421875,-0.04807233810424805,-0.03068828582763672,-0.017384052276611328,-0.026119709014892578,-0.03227472305297763,aquitaine_basin|2021-07-27T00:00:00,typical,26.43854713439941,58.87096774193549,,,8.681213855743408,-7.356797456741333,4.567846179008484,flat,unavailable
aquitaine_basin,aquitaine_basin_2021072700_typical,2021-07-27T00:00:00,12,7.618457317352295,7.596971035003662,7.597273826599121,7.607893943786621,7.566365718841553,-0.05209159851074219,-0.030605316162109375,-0.021486282348632812,-0.04152822494506836,-0.03090810775756836,aquitaine_basin|2021-07-27T00:00:00,typical,26.43854713439941,58.87096774193549,,,8.681213855743408,-7.356797456741333,4.567846179008484,flat,unavailable
aquitaine_basin,aquitaine_basin_2021072700_typical,2021-07-27T00:00:00,24,7.661069393157959,7.637991905212402,7.633858680725098,7.650697708129883,7.615969181060791,-0.04510021209716797,-0.022022724151611328,-0.02307748794555664,-0.0347285270690918,-0.01788949966430664,aquitaine_basin|2021-07-27T00:00:00,typical,26.43854713439941,58.87096774193549,,,8.681213855743408,-7.356797456741333,4.567846179008484,flat,unavailable
aquitaine_basin,aquitaine_basin_2022021712_extreme,2022-02-17T12:00:00,6,6.123497486114502,6.118010997772217,6.125546455383301,6.133151531219482,6.118167877197266,-0.005329608917236328,0.00015687942504882812,-0.005486488342285156,-0.014983654022216797,-0.007378578186035156,aquitaine_basin|2022-02-17T12:00:00,extreme,20.200218200683597,95.57522123893806,,,8.618773460388184,-7.500883102416992,4.198631405830383,flat,unavailable
aquitaine_basin,aquitaine_basin_2022021712_extreme,2022-02-17T12:00:00,12,5.2482991218566895,5.23827600479126,5.252060413360596,5.265274524688721,5.231167316436768,-0.017131805419921875,-0.0071086883544921875,-0.010023117065429688,-0.034107208251953125,-0.020893096923828125,aquitaine_basin|2022-02-17T12:00:00,extreme,20.200218200683597,95.57522123893806,,,8.618773460388184,-7.500883102416992,4.198631405830383,flat,unavailable
aquitaine_basin,aquitaine_basin_2022021712_extreme,2022-02-17T12:00:00,24,5.284172058105469,5.275999546051025,5.291038036346436,5.2899556159973145,5.263896942138672,-0.020275115966796875,-0.012102603912353516,-0.00817251205444336,-0.026058673858642578,-0.02714109420776456,aquitaine_basin|2022-02-17T12:00:00,extreme,20.200218200683597,95.57522123893806,,,8.618773460388184,-7.500883102416992,4.198631405830383,flat,unavailable
aquitaine_basin,aquitaine_basin_2022033100_humid,2022-03-31T00:00:00,6,4.134428024291992,4.128905296325684,4.128341197967529,4.130123138427734,4.1329851150512695,-0.0014429092407226562,0.0040798187255859375,-0.005522727966308594,0.0028619766235351562,0.004643917083740234,aquitaine_basin|2022-03-31T00:00:00,humid,15.133781433105469,70.16129032258065,,,3.050138115882873,1.4106040447950363,2.57370924949646,flat,unavailable
aquitaine_basin,aquitaine_basin_2022033100_humid,2022-03-31T00:00:00,12,3.309600591659546,3.308196783065796,3.302985668182373,3.3127429485321045,3.313452959060669,0.003852367401123047,0.005256175994873047,-0.00140380859375,0.0007100105285644531,0.010467290878295898,aquitaine_basin|2022-03-31T00:00:00,humid,15.133781433105469,70.16129032258065,,,3.050138115882873,1.4106040447950363,2.57370924949646,flat,unavailable
aquitaine_basin,aquitaine_basin_2022033100_humid,2022-03-31T00:00:00,24,2.37923526763916,2.377707004547119,2.372746229171753,2.378253221511841,2.371542453765869,-0.007692813873291016,-0.00616455078125,-0.0015282630920410156,-0.00671076774597168,-0.001203775405883789,aquitaine_basin|2022-03-31T00:00:00,humid,15.133781433105469,70.16129032258065,,,3.050138115882873,1.4106040447950363,2.57370924949646,flat,unavailable
aquitaine_basin,aquitaine_basin_2022040112_low,2022-04-01T12:00:00,6,2.3346216678619385,2.3317058086395264,2.3305389881134038,2.333790063858032,2.3309662342071533,-0.0036554336547851562,-0.0007395744323730469,-0.0029158592224121094,-0.002823829650878462,0.0004272460937495559,aquitaine_basin|2022-04-01T12:00:00,low,6.515956878662109,11.666666666666666,,,4.274630069732666,-3.8884605169296265,1.762220323085785,flat,unavailable
aquitaine_basin,aquitaine_basin_2022040112_low,2022-04-01T12:00:00,12,2.1837172508239746,2.1823999881744385,2.1803741455078125,2.182534456253052,2.1823086738586426,-0.0014085769653320312,-9.131431579589844e-05,-0.0013172626495361328,-0.00022578239440962378,0.0019345283508300781,aquitaine_basin|2022-04-01T12:00:00,low,6.515956878662109,11.666666666666666,,,4.274630069732666,-3.8884605169296265,1.762220323085785,flat,unavailable
aquitaine_basin,aquitaine_basin_2022040112_low,2022-04-01T12:00:00,24,2.087374210357666,2.0832056999206543,2.084676742553711,2.0852322578430176,2.0869712829589844,-0.0004029273986816406,0.003765583038330078,-0.004168510437011719,0.0017390251159667969,0.0022945404052734375,aquitaine_basin|2022-04-01T12:00:00,low,6.515956878662109,11.666666666666666,,,4.274630069732666,-3.8884605169296265,1.762220323085785,flat,unavailable
aquitaine_basin,aquitaine_basin_2022102700_humid,2022-10-27T00:00:00,6,5.316576480865479,5.304637432098389,5.307447910308838,5.308247089385986,5.2955851554870605,-0.020991325378418857,-0.009052276611328125,-0.011939048767090732,-0.012661933898925781,-0.011862754821777344,aquitaine_basin|2022-10-27T00:00:00,humid,25.585248947143555,83.06451612903226,,,4.433670401573181,-2.158093005418777,3.6919199228286734,flat,unavailable
aquitaine_basin,aquitaine_basin_2022102700_humid,2022-10-27T00:00:00,12,4.795960903167725,4.775279998779297,4.784499168395996,4.780736923217773,4.771932125091553,-0.024028778076171875,-0.0033478736877441406,-0.020680904388427734,-0.008804798126220703,-0.01256704330444336,aquitaine_basin|2022-10-27T00:00:00,humid,25.585248947143555,83.06451612903226,,,4.433670401573181,-2.158093005418777,3.6919199228286734,flat,unavailable
aquitaine_basin,aquitaine_basin_2022102700_humid,2022-10-27T00:00:00,24,4.304131507873535,4.287883281707764,4.2926435470581055,4.303723812103272,4.284505844116211,-0.01962566375732422,-0.0033774375915527344,-0.016248226165771484,-0.019217967987061435,-0.008137702941894531,aquitaine_basin|2022-10-27T00:00:00,humid,25.585248947143555,83.06451612903226,,,4.433670401573181,-2.158093005418777,3.6919199228286734,flat,unavailable
aquitaine_basin,aquitaine_basin_2022123100_extreme,2022-12-31T00:00:00,6,5.3935322761535645,5.383270263671875,5.382649421691895,5.389895439147949,5.383177280426025,-0.010354995727539062,-9.298324584960938e-05,-0.010262012481689453,-0.006718158721923828,0.0005278587341299712,aquitaine_basin|2022-12-31T00:00:00,extreme,23.29581451416016,95.56451612903226,,,6.670250177383423,-5.712992429733276,3.4429502487182617,flat,unavailable
aquitaine_basin,aquitaine_basin_2022123100_extreme,2022-12-31T00:00:00,12,3.778284072875977,3.7705252170562735,3.767316102981568,3.771706104278565,3.761646270751953,-0.01663780212402388,-0.008878946304320401,-0.007758855819703481,-0.010059833526611772,-0.005669832229614702,aquitaine_basin|2022-12-31T00:00:00,extreme,23.29581451416016,95.56451612903226,,,6.670250177383423,-5.712992429733276,3.4429502487182617,flat,unavailable
aquitaine_basin,aquitaine_basin_2022123100_extreme,2022-12-31T00:00:00,24,3.5964529514312744,3.580875396728516,3.580106735229492,3.60213565826416,3.5721209049224854,-0.024332046508789062,-0.008754491806030718,-0.015577554702758345,-0.030014753341674805,-0.007985830307006836,aquitaine_basin|2022-12-31T00:00:00,extreme,23.29581451416016,95.56451612903226,,,6.670250177383423,-5.712992429733276,3.4429502487182617,flat,unavailable
aquitaine_basin,aquitaine_basin_2023093012_humid,2023-09-30T12:00:00,6,5.859673500061035,5.856284141540527,5.859114646911621,5.872660636901856,5.864391803741455,0.004718303680419922,0.008107662200927734,-0.0033893585205078125,-0.008268833160401279,0.005277156829833984,aquitaine_basin|2023-09-30T12:00:00,humid,28.131738662719727,74.58333333333333,,,8.294605016708374,-1.7863346934318542,7.600504636764526,flat,unavailable
aquitaine_basin,aquitaine_basin_2023093012_humid,2023-09-30T12:00:00,12,5.437259674072266,5.427192211151123,5.426069736480713,5.442391395568848,5.4275736808776855,-0.009685993194580078,0.0003814697265625,-0.010067462921142578,-0.01481771469116211,0.0015039443969726562,aquitaine_basin|2023-09-30T12:00:00,humid,28.131738662719727,74.58333333333333,,,8.294605016708374,-1.7863346934318542,7.600504636764526,flat,unavailable
aquitaine_basin,aquitaine_basin_2023093012_humid,2023-09-30T12:00:00,24,4.658820152282715,4.637979507446289,4.643224716186523,4.642418384552002,4.626544952392578,-0.03227519989013672,-0.011434555053710938,-0.02084064483642578,-0.015873432159423828,-0.016679763793945312,aquitaine_basin|2023-09-30T12:00:00,humid,28.131738662719727,74.58333333333333,,,8.294605016708374,-1.7863346934318542,7.600504636764526,flat,unavailable
aquitaine_basin,aquitaine_basin_2023102100_typical,2023-10-21T00:00:00,6,4.5976738929748535,4.5982441902160645,4.594301700592041,4.595076560974121,4.603992462158203,0.006318569183349609,0.005748271942138672,0.0005702972412109375,0.008915901184082031,0.00969076156616211,aquitaine_basin|2023-10-21T00:00:00,typical,17.626998901367188,41.12903225806452,,,6.743210077285767,5.776962995529175,3.460798978805542,flat,unavailable
aquitaine_basin,aquitaine_basin_2023102100_typical,2023-10-21T00:00:00,12,5.009222030639648,5.006457805633545,5.003452301025391,5.000681400299072,5.0045976638793945,-0.004624366760253906,-0.0018601417541503906,-0.0027642250061035156,0.003916263580322266,0.0011453628540039062,aquitaine_basin|2023-10-21T00:00:00,typical,17.626998901367188,41.12903225806452,,,6.743210077285767,5.776962995529175,3.460798978805542,flat,unavailable
aquitaine_basin,aquitaine_basin_2023102100_typical,2023-10-21T00:00:00,24,4.444075107574463,4.442001819610596,4.440217018127441,4.440600872039795,4.443171977996826,-0.0009031295776367188,0.0011701583862304688,-0.0020732879638671875,0.00257110595703125,0.0029549598693847656,aquitaine_basin|2023-10-21T00:00:00,typical,17.626998901367188,41.12903225806452,,,6.743210077285767,5.776962995529175,3.460798978805542,flat,unavailable
aquitaine_basin,aquitaine_basin_2023121712_low,2023-12-17T12:00:00,6,1.6700491905212402,1.6647709608078003,1.6603866815567017,1.6742480993270874,1.6612496376037598,-0.008799552917480469,-0.0035213232040405273,-0.005278229713439941,-0.012998461723327637,0.0008629560470581055,aquitaine_basin|2023-12-17T12:00:00,low,7.934762954711914,14.516129032258066,,,4.248187780380249,-3.358015775680542,2.537640690803528,flat,unavailable
aquitaine_basin,aquitaine_basin_2023121712_low,2023-12-17T12:00:00,12,1.6965504884719849,1.6887422800064087,1.6837036609649658,1.7055968046188354,1.682569146156311,-0.013981342315673828,-0.006173133850097656,-0.007808208465576172,-0.023027658462524414,-0.0011345148086547852,aquitaine_basin|2023-12-17T12:00:00,low,7.934762954711914,14.516129032258066,,,4.248187780380249,-3.358015775680542,2.537640690803528,flat,unavailable
aquitaine_basin,aquitaine_basin_2023121712_low,2023-12-17T12:00:00,24,1.893749475479126,1.882444739341736,1.877240300178528,1.908307433128357,1.872153759002685,-0.021595716476440874,-0.010290980339050959,-0.011304736137389915,-0.03615367412567183,-0.005086541175842951,aquitaine_basin|2023-12-17T12:00:00,low,7.934762954711914,14.516129032258066,,,4.248187780380249,-3.358015775680542,2.537640690803528,flat,unavailable
atlas,atlas_2020041600_typical,2020-04-16T00:00:00,6,5.230542182922363,5.215510368347168,5.213706016540527,5.229220867156982,5.204866886138916,-0.025675296783447266,-0.010643482208251953,-0.015031814575195312,-0.024353981018066406,-0.008839130401611328,atlas|2020-04-16T00:00:00,typical,13.287692070007324,59.16666666666666,,,13.377024173736572,-9.734783172607422,9.126617908477783,mountain,unavailable
atlas,atlas_2020041600_typical,2020-04-16T00:00:00,12,5.310427665710449,5.283484935760498,5.283407211303711,5.304834365844727,5.271832942962647,-0.038594722747801846,-0.011651992797850674,-0.026942729949951172,-0.03300142288207919,-0.011574268341063565,atlas|2020-04-16T00:00:00,typical,13.287692070007324,59.16666666666666,,,13.377024173736572,-9.734783172607422,9.126617908477783,mountain,unavailable
atlas,atlas_2020041600_typical,2020-04-16T00:00:00,24,5.816056251525879,5.783276081085205,5.783738136291504,5.810220241546631,5.767189979553223,-0.04886627197265625,-0.016086101531982422,-0.03278017044067383,-0.0430302619934082,-0.01654815673828125,atlas|2020-04-16T00:00:00,typical,13.287692070007324,59.16666666666666,,,13.377024173736572,-9.734783172607422,9.126617908477783,mountain,unavailable
atlas,atlas_2020090912_low,2020-09-09T12:00:00,6,4.326440811157227,4.314051628112793,4.317894458770752,4.323244094848633,4.2869977951049805,-0.039443016052246094,-0.0270538330078125,-0.012389183044433594,-0.036246299743652344,-0.030896663665771484,atlas|2020-09-09T12:00:00,low,15.419054985046388,16.666666666666664,,,17.671058654785156,-12.898173809051514,12.056145668029783,mountain,unavailable
atlas,atlas_2020090912_low,2020-09-09T12:00:00,12,5.001523494720459,4.9793620109558105,4.982561111450195,4.994915962219238,4.937473297119141,-0.06405019760131836,-0.04188871383666992,-0.022161483764648438,-0.057442665100097656,-0.04508781433105469,atlas|2020-09-09T12:00:00,low,15.419054985046388,16.666666666666664,,,17.671058654785156,-12.898173809051514,12.056145668029783,mountain,unavailable
atlas,atlas_2020090912_low,2020-09-09T12:00:00,24,4.612040042877197,4.571083068847656,4.578361988067627,4.605929374694824,4.531297206878662,-0.08074283599853516,-0.03978586196899414,-0.040956974029541016,-0.07463216781616211,-0.047064781188964844,atlas|2020-09-09T12:00:00,low,15.419054985046388,16.666666666666664,,,17.671058654785156,-12.898173809051514,12.056145668029783,mountain,unavailable
atlas,atlas_2020091200_typical,2020-09-12T00:00:00,6,6.2778000831604,6.261895179748535,6.262801170349121,6.267177104949951,6.231913566589356,-0.045886516571044034,-0.0299816131591788,-0.015904903411865234,-0.035263538360594815,-0.030887603759764737,atlas|2020-09-12T00:00:00,typical,19.569419860839844,55.41666666666667,,,15.415167808532717,-10.3179669380188,11.452783107757568,mountain,unavailable
atlas,atlas_2020091200_typical,2020-09-12T00:00:00,12,5.89958381652832,5.876193046569824,5.882747650146484,5.886683464050293,5.842499256134033,-0.05708456039428711,-0.033693790435791016,-0.023390769958496094,-0.044184207916259766,-0.04024839401245117,atlas|2020-09-12T00:00:00,typical,19.569419860839844,55.41666666666667,,,15.415167808532717,-10.3179669380188,11.452783107757568,mountain,unavailable
atlas,atlas_2020091200_typical,2020-09-12T00:00:00,24,7.710277080535889,7.6842827796936035,7.692812442779541,7.694835662841797,7.64776086807251,-0.0625162124633789,-0.03652191162109375,-0.025994300842285156,-0.04707479476928711,-0.04505157470703125,atlas|2020-09-12T00:00:00,typical,19.569419860839844,55.41666666666667,,,15.415167808532717,-10.3179669380188,11.452783107757568,mountain,unavailable
atlas,atlas_2020110312_typical,2020-11-03T12:00:00,6,4.488557815551758,4.474181652069092,4.47429084777832,4.48842716217041,4.456252098083496,-0.03230571746826172,-0.017929553985595703,-0.014376163482666016,-0.03217506408691406,-0.01803874969482422,atlas|2020-11-03T12:00:00,typical,11.03667163848877,43.333333333333336,,,14.837415218353271,-11.578701972961426,9.275099277496338,mountain,unavailable
atlas,atlas_2020110312_typical,2020-11-03T12:00:00,12,4.841897010803223,4.816866874694824,4.816122531890869,4.838658809661865,4.792812347412109,-0.04908466339111328,-0.024054527282714844,-0.025030136108398438,-0.04584646224975586,-0.023310184478759766,atlas|2020-11-03T12:00:00,typical,11.03667163848877,43.333333333333336,,,14.837415218353271,-11.578701972961426,9.275099277496338,mountain,unavailable
atlas,atlas_2020110312_typical,2020-11-03T12:00:00,24,5.009228706359863,4.974575519561768,4.970310688018799,5.018448829650879,4.972067356109619,-0.03716135025024414,-0.0025081634521484375,-0.0346531867980957,-0.046381473541259766,0.0017566680908203125,atlas|2020-11-03T12:00:00,typical,11.03667163848877,43.333333333333336,,,14.837415218353271,-11.578701972961426,9.275099277496338,mountain,unavailable
atlas,atlas_2021122000_humid,2021-12-20T00:00:00,6,4.922939777374268,4.909171104431152,4.909743309020996,4.9227471351623535,4.900473117828369,-0.022466659545898438,-0.008697986602783203,-0.013768672943115234,-0.022274017333984375,-0.009270191192626953,atlas|2021-12-20T00:00:00,humid,13.82032871246338,83.87096774193549,,,11.831521034240724,-6.819509983062744,9.649147033691406,mountain,unavailable
atlas,atlas_2021122000_humid,2021-12-20T00:00:00,12,4.937841892242432,4.916666030883789,4.916909217834473,4.9333109855651855,4.899316310882568,-0.03852558135986328,-0.017349720001220703,-0.021175861358642578,-0.03399467468261719,-0.017592906951904297,atlas|2021-12-20T00:00:00,humid,13.82032871246338,83.87096774193549,,,11.831521034240724,-6.819509983062744,9.649147033691406,mountain,unavailable
atlas,atlas_2021122000_humid,2021-12-20T00:00:00,24,5.258431911468506,5.233564376831055,5.23466682434082,5.254445552825928,5.21148157119751,-0.046950340270996094,-0.022082805633544922,-0.024867534637451172,-0.04296398162841797,-0.023185253143310547,atlas|2021-12-20T00:00:00,humid,13.82032871246338,83.87096774193549,,,11.831521034240724,-6.819509983062744,9.649147033691406,mountain,unavailable
atlas,atlas_2022080712_low,2022-08-07T12:00:00,6,4.695672512054443,4.685157299041748,4.692940711975098,4.682932376861572,4.67039680480957,-0.025275707244873047,-0.014760494232177734,-0.010515213012695312,-0.012535572052001953,-0.022543907165527344,atlas|2022-08-07T12:00:00,low,15.542804718017578,17.338709677419356,,,13.843533515930176,-3.775507569313049,13.257969856262209,mountain,unavailable
atlas,atlas_2022080712_low,2022-08-07T12:00:00,12,5.5788421630859375,5.562676429748535,5.5785346031188965,5.566560745239258,5.535078525543213,-0.04376363754272461,-0.027597904205322266,-0.016165733337402344,-0.03148221969604492,-0.043456077575683594,atlas|2022-08-07T12:00:00,low,15.542804718017578,17.338709677419356,,,13.843533515930176,-3.775507569313049,13.257969856262209,mountain,unavailable
atlas,atlas_2022080712_low,2022-08-07T12:00:00,24,5.9516215324401855,5.929152965545654,5.949843406677246,5.952556133270264,5.917606353759766,-0.03401517868041992,-0.011546611785888672,-0.02246856689453125,-0.03494977951049805,-0.03223705291748047,atlas|2022-08-07T12:00:00,low,15.542804718017578,17.338709677419356,,,13.843533515930176,-3.775507569313049,13.257969856262209,mountain,unavailable
atlas,atlas_2022110912_humid,2022-11-09T12:00:00,6,4.56899881362915,4.559523105621338,4.564644813537598,4.567981719970703,4.5426459312438965,-0.026352882385253906,-0.016877174377441406,-0.0094757080078125,-0.02533578872680664,-0.021998882293701172,atlas|2022-11-09T12:00:00,humid,15.050762176513672,84.16666666666667,,,15.395498275756836,-12.68494701385498,8.715357303619385,mountain,unavailable
atlas,atlas_2022110912_humid,2022-11-09T12:00:00,12,4.759617328643799,4.743414402008057,4.753067493438721,4.760519027709961,4.722587585449219,-0.03702974319458008,-0.02082681655883789,-0.016202926635742188,-0.03793144226074219,-0.030479907989501953,atlas|2022-11-09T12:00:00,humid,15.050762176513672,84.16666666666667,,,15.395498275756836,-12.68494701385498,8.715357303619385,mountain,unavailable
atlas,atlas_2022110912_humid,2022-11-09T12:00:00,24,4.478170871734619,4.454871654510498,4.468995571136475,4.48372745513916,4.4403977394104,-0.03777313232421875,-0.014473915100097656,-0.023299217224121094,-0.043329715728759766,-0.02859783172607422,atlas|2022-11-09T12:00:00,humid,15.050762176513672,84.16666666666667,,,15.395498275756836,-12.68494701385498,8.715357303619385,mountain,unavailable
atlas,atlas_2023021612_extreme,2023-02-16T12:00:00,6,5.2657976150512695,5.25590705871582,5.261812686920166,5.265772342681885,5.250088214874268,-0.015709400177001953,-0.005818843841552734,-0.009890556335449219,-0.015684127807617188,-0.011724472045898438,atlas|2023-02-16T12:00:00,extreme,16.056182861328125,96.90265486725664,,,13.358920097351074,-9.245495319366457,9.624659061431885,mountain,unavailable
atlas,atlas_2023021612_extreme,2023-02-16T12:00:00,12,4.825002193450928,4.813477993011475,4.8161468505859375,4.821311473846436,4.809627056121826,-0.015375137329101562,-0.0038509368896484375,-0.011524200439453125,-0.011684417724610263,-0.006519794464111328,atlas|2023-02-16T12:00:00,extreme,16.056182861328125,96.90265486725664,,,13.358920097351074,-9.245495319366457,9.624659061431885,mountain,unavailable
atlas,atlas_2023021612_extreme,2023-02-16T12:00:00,24,4.781625747680664,4.772791862487793,4.772964000701904,4.777278423309326,4.771008491516113,-0.010617256164550781,-0.0017833709716796875,-0.008833885192871094,-0.006269931793212891,-0.0019555091857910156,atlas|2023-02-16T12:00:00,extreme,16.056182861328125,96.90265486725664,,,13.358920097351074,-9.245495319366457,9.624659061431885,mountain,unavailable
atlas,atlas_2023062100_extreme,2023-06-21T00:00:00,6,9.084843635559082,9.07498550415039,9.076944351196287,9.083953857421877,9.069550514221191,-0.015293121337890625,-0.005434989929199219,-0.009858131408691406,-0.01440334320068537,-0.00739383697509588,atlas|2023-06-21T00:00:00,extreme,25.57708549499512,97.08333333333331,,,19.010642051696777,-9.657927989959717,16.27607297897339,mountain,unavailable
atlas,atlas_2023062100_extreme,2023-06-21T00:00:00,12,8.42671012878418,8.409806251525879,8.407413482666016,8.419321060180664,8.410271644592285,-0.01643848419189453,0.00046539306640625,-0.01690387725830078,-0.009049415588378906,0.0028581619262695312,atlas|2023-06-21T00:00:00,extreme,25.57708549499512,97.08333333333331,,,19.010642051696777,-9.657927989959717,16.27607297897339,mountain,unavailable
atlas,atlas_2023062100_extreme,2023-06-21T00:00:00,24,9.24860382080078,9.223511695861816,9.216778755187988,9.244731903076172,9.223760604858398,-0.024843215942381036,0.00024890899658203125,-0.025092124938963067,-0.020971298217773438,0.006981849670410156,atlas|2023-06-21T00:00:00,extreme,25.57708549499512,97.08333333333331,,,19.010642051696777,-9.657927989959717,16.27607297897339,mountain,unavailable
atlas,atlas_2023080100_low,2023-08-01T00:00:00,6,5.070132255554199,5.046889781951904,5.063244342803955,5.048359394073486,5.037525653839111,-0.03260660171508789,-0.009364128112792969,-0.023242473602294922,-0.010833740234375,-0.02571868896484375,atlas|2023-08-01T00:00:00,low,16.74945068359375,27.82258064516129,,,14.05812406539917,-7.341112852096558,11.9887957572937,mountain,unavailable
atlas,atlas_2023080100_low,2023-08-01T00:00:00,12,4.442275047302246,4.41579008102417,4.434596538543701,4.427656173706055,4.394567966461182,-0.04770708084106445,-0.02122211456298828,-0.026484966278076172,-0.03308820724487305,-0.04002857208251953,atlas|2023-08-01T00:00:00,low,16.74945068359375,27.82258064516129,,,14.05812406539917,-7.341112852096558,11.9887957572937,mountain,unavailable
atlas,atlas_2023080100_low,2023-08-01T00:00:00,24,5.269954204559326,5.235847473144531,5.259073734283447,5.264317512512207,5.189241409301758,-0.08071279525756836,-0.04660606384277344,-0.03410673141479492,-0.07507610321044922,-0.06983232498168945,atlas|2023-08-01T00:00:00,low,16.74945068359375,27.82258064516129,,,14.05812406539917,-7.341112852096558,11.9887957572937,mountain,unavailable
atlas,atlas_2023091100_humid,2023-09-11T00:00:00,6,8.946605682373047,8.931877136230469,8.933099746704102,8.947468757629395,8.910968780517578,-0.03563690185546875,-0.020908355712890625,-0.014728546142578125,-0.036499977111816406,-0.022130966186523438,atlas|2023-09-11T00:00:00,humid,24.602190017700195,87.91666666666667,,,19.213479042053223,-10.93062162399292,15.789363861083984,mountain,unavailable
atlas,atlas_2023091100_humid,2023-09-11T00:00:00,12,8.124212265014648,8.103748321533203,8.104145050048828,8.128396034240723,8.075506210327148,-0.0487060546875,-0.028242111206054688,-0.020463943481445312,-0.05288982391357422,-0.028638839721679688,atlas|2023-09-11T00:00:00,humid,24.602190017700195,87.91666666666667,,,19.213479042053223,-10.93062162399292,15.789363861083984,mountain,unavailable
atlas,atlas_2023091100_humid,2023-09-11T00:00:00,24,8.695369720458984,8.674514770507812,8.67636489868164,8.709280967712402,8.6360445022583,-0.059325218200683594,-0.03847026824951172,-0.020854949951171875,-0.07323646545410156,-0.040320396423339844,atlas|2023-09-11T00:00:00,humid,24.602190017700195,87.91666666666667,,,19.213479042053223,-10.93062162399292,15.789363861083984,mountain,unavailable
atlas,atlas_2023110100_extreme,2023-11-01T00:00:00,6,6.992023468017578,6.974483013153076,6.981234073638916,6.989156723022461,6.953773498535156,-0.038249969482421875,-0.020709514617919922,-0.017540454864501953,-0.03538322448730469,-0.027460575103759766,atlas|2023-11-01T00:00:00,extreme,20.103271484375,98.33333333333331,,,17.30961799621582,-12.831614971160889,11.61550235748291,mountain,unavailable
atlas,atlas_2023110100_extreme,2023-11-01T00:00:00,12,6.575387477874756,6.551274299621582,6.560274124145508,6.572108745574951,6.516482830047607,-0.05890464782714844,-0.03479146957397461,-0.024113178253173828,-0.05562591552734375,-0.04379129409790039,atlas|2023-11-01T00:00:00,extreme,20.103271484375,98.33333333333331,,,17.30961799621582,-12.831614971160889,11.61550235748291,mountain,unavailable
atlas,atlas_2023110100_extreme,2023-11-01T00:00:00,24,6.843695640563965,6.811887741088867,6.828638553619385,6.844266414642334,6.771713733673096,-0.07198190689086914,-0.040174007415771484,-0.031807899475097656,-0.07255268096923828,-0.05692481994628906,atlas|2023-11-01T00:00:00,extreme,20.103271484375,98.33333333333331,,,17.30961799621582,-12.831614971160889,11.61550235748291,mountain,unavailable
cascades_sierra,cascades_sierra_2020021700_typical,2020-02-17T00:00:00,6,2.8183376789093018,2.813425064086914,2.8160226345062256,2.8191304206848145,2.7997164726257324,-0.018621206283569336,-0.01370859146118164,-0.004912614822387695,-0.01941394805908203,-0.016306161880493164,cascades_sierra|2020-02-17T00:00:00,typical,5.487164497375488,56.63716814159292,6.89485432303627e-06,63.71681415929204,8.192806482315063,-7.440619468688965,3.427539825439453,mountain,moderate
cascades_sierra,cascades_sierra_2020021700_typical,2020-02-17T00:00:00,12,2.4563565254211426,2.4492862224578857,2.452561140060425,2.455292224884033,2.427921295166016,-0.02843523025512651,-0.021364927291869673,-0.007070302963256836,-0.027370929718017134,-0.024639844894408736,cascades_sierra|2020-02-17T00:00:00,typical,5.487164497375488,56.63716814159292,6.89485432303627e-06,63.71681415929204,8.192806482315063,-7.440619468688965,3.427539825439453,mountain,moderate
cascades_sierra,cascades_sierra_2020021700_typical,2020-02-17T00:00:00,24,1.6648225784301758,1.659936785697937,1.6623921394348145,1.6649740934371948,1.6547328233718872,-0.010089755058288574,-0.005203962326049805,-0.0048857927322387695,-0.010241270065307617,-0.007659316062927246,cascades_sierra|2020-02-17T00:00:00,typical,5.487164497375488,56.63716814159292,6.89485432303627e-06,63.71681415929204,8.192806482315063,-7.440619468688965,3.427539825439453,mountain,moderate
cascades_sierra,cascades_sierra_2020051512_typical,2020-05-15T12:00:00,6,3.947198867797852,3.935854434967041,3.9374959468841553,3.940127372741699,3.926908493041992,-0.02029037475585982,-0.008945941925048828,-0.011344432830810991,-0.013218879699707031,-0.010587453842163086,cascades_sierra|2020-05-15T12:00:00,typical,9.258902549743652,43.95161290322581,5.9299559325154405e-06,47.983870967741936,9.766873359680176,-8.56534481048584,4.614611864089966,mountain,non-raining
cascades_sierra,cascades_sierra_2020051512_typical,2020-05-15T12:00:00,12,3.3612537384033203,3.345841884613037,3.347943067550659,3.3504176139831543,3.3281733989715576,-0.033080339431762695,-0.017668485641479492,-0.015411853790283203,-0.02224421501159668,-0.019769668579101562,cascades_sierra|2020-05-15T12:00:00,typical,9.258902549743652,43.95161290322581,5.9299559325154405e-06,47.983870967741936,9.766873359680176,-8.56534481048584,4.614611864089966,mountain,non-raining
cascades_sierra,cascades_sierra_2020051512_typical,2020-05-15T12:00:00,24,4.244073867797852,4.221857070922852,4.225062847137451,4.229928493499756,4.198953628540039,-0.0451202392578125,-0.0229034423828125,-0.022216796875,-0.030974864959716797,-0.02610921859741211,cascades_sierra|2020-05-15T12:00:00,typical,9.258902549743652,43.95161290322581,5.9299559325154405e-06,47.983870967741936,9.766873359680176,-8.56534481048584,4.614611864089966,mountain,non-raining
cascades_sierra,cascades_sierra_2020081612_humid,2020-08-16T12:00:00,6,6.313266277313232,6.294074535369873,6.300044536590576,6.297720909118652,6.286661148071289,-0.02660512924194336,-0.007413387298583984,-0.019191741943359375,-0.011059761047363281,-0.01338338851928711,cascades_sierra|2020-08-16T12:00:00,humid,19.4320068359375,86.29032258064517,1.562494418294591e-07,47.17741935483871,8.733107566833496,-7.160921812057495,4.996618747711182,mountain,non-raining
cascades_sierra,cascades_sierra_2020081612_humid,2020-08-16T12:00:00,12,7.41480016708374,7.363511562347412,7.381795883178711,7.372748851776123,7.343549728393555,-0.07125043869018555,-0.019961833953857422,-0.051288604736328125,-0.02919912338256836,-0.03824615478515625,cascades_sierra|2020-08-16T12:00:00,humid,19.4320068359375,86.29032258064517,1.562494418294591e-07,47.17741935483871,8.733107566833496,-7.160921812057495,4.996618747711182,mountain,non-raining
cascades_sierra,cascades_sierra_2020081612_humid,2020-08-16T12:00:00,24,8.74367618560791,8.687047004699707,8.701088905334473,8.689338684082031,8.657502174377441,-0.08617401123046875,-0.029544830322265625,-0.056629180908203125,-0.031836509704589844,-0.04358673095703125,cascades_sierra|2020-08-16T12:00:00,humid,19.4320068359375,86.29032258064517,1.562494418294591e-07,47.17741935483871,8.733107566833496,-7.160921812057495,4.996618747711182,mountain,non-raining
cascades_sierra,cascades_sierra_2021022700_low,2021-02-27T00:00:00,6,2.242112398147583,2.237266778945923,2.239671230316162,2.240516662597656,2.235025405883789,-0.007086992263793945,-0.002241373062133789,-0.004845619201660156,-0.005491256713866743,-0.004645824432373047,cascades_sierra|2021-02-27T00:00:00,low,4.095950126647949,26.99115044247788,6.321087857941166e-05,81.41592920353983,5.146158695220947,-4.408803820610046,2.6392500400543213,mountain,moderate
cascades_sierra,cascades_sierra_2021022700_low,2021-02-27T00:00:00,12,2.298030376434326,2.2930943965911865,2.294369697570801,2.2983827590942383,2.2904036045074463,-0.007626771926879883,-0.0026907920837402344,-0.0049359798431396484,-0.007979154586791992,-0.003966093063354492,cascades_sierra|2021-02-27T00:00:00,low,4.095950126647949,26.99115044247788,6.321087857941166e-05,81.41592920353983,5.146158695220947,-4.408803820610046,2.6392500400543213,mountain,moderate
cascades_sierra,cascades_sierra_2021022700_low,2021-02-27T00:00:00,24,1.709803819656372,1.7032504081726074,1.7061612606048584,1.706205129623413,1.7029998302459717,-0.006803989410400391,-0.0002505779266357422,-0.0065534114837646484,-0.0032052993774414062,-0.0031614303588867188,cascades_sierra|2021-02-27T00:00:00,low,4.095950126647949,26.99115044247788,6.321087857941166e-05,81.41592920353983,5.146158695220947,-4.408803820610046,2.6392500400543213,mountain,moderate
cascades_sierra,cascades_sierra_2021080112_extreme,2021-08-01T12:00:00,6,8.820477485656738,8.782711029052734,8.794812202453613,8.781015396118164,8.714869499206543,-0.10560798645019531,-0.0678415298461914,-0.037766456604003906,-0.0661458969116211,-0.07994270324707031,cascades_sierra|2021-08-01T12:00:00,extreme,23.03164291381836,95.96774193548389,5.455769496620633e-06,67.33870967741935,18.71575355529785,-17.14238452911377,7.509559631347656,mountain,moderate
cascades_sierra,cascades_sierra_2021080112_extreme,2021-08-01T12:00:00,12,6.218596935272217,6.169871807098389,6.185491561889648,6.161795616149902,6.090508460998535,-0.12808847427368164,-0.07936334609985352,-0.048725128173828125,-0.07128715515136719,-0.09498310089111328,cascades_sierra|2021-08-01T12:00:00,extreme,23.03164291381836,95.96774193548389,5.455769496620633e-06,67.33870967741935,18.71575355529785,-17.14238452911377,7.509559631347656,mountain,moderate
cascades_sierra,cascades_sierra_2021080112_extreme,2021-08-01T12:00:00,24,7.945067405700684,7.870396614074707,7.890813827514648,7.868049621582031,7.785546779632568,-0.15952062606811523,-0.08484983444213867,-0.07467079162597656,-0.08250284194946289,-0.10526704788208008,cascades_sierra|2021-08-01T12:00:00,extreme,23.03164291381836,95.96774193548389,5.455769496620633e-06,67.33870967741935,18.71575355529785,-17.14238452911377,7.509559631347656,mountain,moderate
cascades_sierra,cascades_sierra_2021123000_low,2021-12-30T00:00:00,6,2.436652898788452,2.4360291957855225,2.4374771118164062,2.4364945888519287,2.4308555126190186,-0.005797386169433594,-0.005173683166503906,-0.0006237030029296875,-0.005639076232910156,-0.006621599197387695,cascades_sierra|2021-12-30T00:00:00,low,4.577859401702881,20.161290322580644,4.172391345491633e-05,61.693548387096776,3.4371702671051025,-1.88523268699646,2.8608731031417847,mountain,moderate
cascades_sierra,cascades_sierra_2021123000_low,2021-12-30T00:00:00,12,2.43017840385437,2.4301300048828125,2.4316797256469727,2.431324005126953,2.4197206497192383,-0.010457754135131836,-0.010409355163574219,-4.839897155761719e-05,-0.011603355407714844,-0.011959075927734375,cascades_sierra|2021-12-30T00:00:00,low,4.577859401702881,20.161290322580644,4.172391345491633e-05,61.693548387096776,3.4371702671051025,-1.88523268699646,2.8608731031417847,mountain,moderate
cascades_sierra,cascades_sierra_2021123000_low,2021-12-30T00:00:00,24,2.953543901443481,2.9495086669921875,2.9534449577331543,2.951164960861206,2.94629454612732,-0.007249355316161221,-0.00321412086486772,-0.004035234451293501,-0.004870414733886275,-0.007150411605834517,cascades_sierra|2021-12-30T00:00:00,low,4.577859401702881,20.161290322580644,4.172391345491633e-05,61.693548387096776,3.4371702671051025,-1.88523268699646,2.8608731031417847,mountain,moderate
cascades_sierra,cascades_sierra_2022032900_extreme,2022-03-29T00:00:00,6,5.119973659515381,5.112882137298584,5.114217758178711,5.116509437561035,5.1103363037109375,-0.00963735580444336,-0.0025458335876464844,-0.007091522216796875,-0.006173133850097656,-0.0038814544677734375,cascades_sierra|2022-03-29T00:00:00,extreme,10.656744003295898,95.56451612903226,0.0002892416378017,89.11290322580645,4.186133861541748,-2.4054675102233887,3.3881431818008423,mountain,moderate
cascades_sierra,cascades_sierra_2022032900_extreme,2022-03-29T00:00:00,12,5.098822116851807,5.089212417602539,5.0901360511779785,5.093213081359863,5.084604263305664,-0.014217853546142578,-0.004608154296875,-0.009609699249267578,-0.008608818054199219,-0.005531787872314453,cascades_sierra|2022-03-29T00:00:00,extreme,10.656744003295898,95.56451612903226,0.0002892416378017,89.11290322580645,4.186133861541748,-2.4054675102233887,3.3881431818008423,mountain,moderate
cascades_sierra,cascades_sierra_2022032900_extreme,2022-03-29T00:00:00,24,3.652292251586914,3.6451783180236816,3.646796464920044,3.6483616828918457,3.647053003311157,-0.00523924827575728,0.0018746852874751418,-0.007113933563232422,-0.0013086795806889207,0.00025653839111283716,cascades_sierra|2022-03-29T00:00:00,extreme,10.656744003295898,95.56451612903226,0.0002892416378017,89.11290322580645,4.186133861541748,-2.4054675102233887,3.3881431818008423,mountain,moderate
cascades_sierra,cascades_sierra_2022052612_humid,2022-05-26T12:00:00,6,4.5116801261901855,4.496699333190918,4.498960494995117,4.488415718078613,4.464181423187256,-0.04749870300292969,-0.03251791000366211,-0.014980792999267578,-0.024234294891357422,-0.03477907180786133,cascades_sierra|2022-05-26T12:00:00,humid,11.50894546508789,76.20967741935483,0.0,9.879032258064516,10.686209201812744,-9.560046195983888,4.774916887283325,mountain,non-raining
cascades_sierra,cascades_sierra_2022052612_humid,2022-05-26T12:00:00,12,3.9101579189300537,3.88911247253418,3.8954906463623047,3.8747854232788086,3.857581377029419,-0.052576541900634766,-0.031531095504761186,-0.02104544639587358,-0.01720404624938965,-0.03790926933288574,cascades_sierra|2022-05-26T12:00:00,humid,11.50894546508789,76.20967741935483,0.0,9.879032258064516,10.686209201812744,-9.560046195983888,4.774916887283325,mountain,non-raining
cascades_sierra,cascades_sierra_2022052612_humid,2022-05-26T12:00:00,24,5.521118640899658,5.495805263519287,5.509173393249512,5.4892683029174805,5.46636962890625,-0.0547490119934082,-0.02943563461303711,-0.025313377380371094,-0.02289867401123047,-0.04280376434326172,cascades_sierra|2022-05-26T12:00:00,humid,11.50894546508789,76.20967741935483,0.0,9.879032258064516,10.686209201812744,-9.560046195983888,4.774916887283325,mountain,non-raining
cascades_sierra,cascades_sierra_2022101000_typical,2022-10-10T00:00:00,6,3.624469041824341,3.6163809299468994,3.615097999572754,3.623495578765869,3.61418080329895,-0.010288238525390625,-0.0022001266479492188,-0.008088111877441406,-0.009314775466918945,-0.0009171962738037109,cascades_sierra|2022-10-10T00:00:00,typical,9.042074203491213,53.2258064516129,2.3077018340700303e-05,79.83870967741935,9.172286987304688,-8.540532350540161,3.3141828775405884,mountain,moderate
cascades_sierra,cascades_sierra_2022101000_typical,2022-10-10T00:00:00,12,3.9626011848449703,3.943593263626098,3.942336320877075,3.956328630447388,3.9350879192352295,-0.027513265609740767,-0.008505344390868697,-0.01900792121887207,-0.021240711212158647,-0.007248401641845703,cascades_sierra|2022-10-10T00:00:00,typical,9.042074203491213,53.2258064516129,2.3077018340700303e-05,79.83870967741935,9.172286987304688,-8.540532350540161,3.3141828775405884,mountain,moderate
cascades_sierra,cascades_sierra_2022101000_typical,2022-10-10T00:00:00,24,2.83549427986145,2.818679094314575,2.818792819976806,2.830077171325684,2.8041751384735107,-0.03131914138793945,-0.014503955841064453,-0.016815185546875,-0.025902032852173296,-0.014617681503295454,cascades_sierra|2022-10-10T00:00:00,typical,9.042074203491213,53.2258064516129,2.3077018340700303e-05,79.83870967741935,9.172286987304688,-8.540532350540161,3.3141828775405884,mountain,moderate
cascades_sierra,cascades_sierra_2023030900_low,2023-03-09T00:00:00,6,2.096161365509033,2.09342622756958,2.0930263996124268,2.094048023223877,2.089081048965454,-0.0070803165435791016,-0.0043451786041259766,-0.002735137939453125,-0.0049669742584228516,-0.003945350646972656,cascades_sierra|2023-03-09T00:00:00,low,3.732546806335449,12.096774193548388,5.20077628607396e-05,63.30645161290322,3.884497284889221,-3.0744733810424805,2.372701406478882,mountain,moderate
cascades_sierra,cascades_sierra_2023030900_low,2023-03-09T00:00:00,12,2.2708866596221924,2.2652781009674072,2.2654783725738525,2.266836643218994,2.2589826583862305,-0.011904001235961914,-0.006295442581176758,-0.005608558654785156,-0.007853984832763672,-0.00649571418762207,cascades_sierra|2023-03-09T00:00:00,low,3.732546806335449,12.096774193548388,5.20077628607396e-05,63.30645161290322,3.884497284889221,-3.0744733810424805,2.372701406478882,mountain,moderate
cascades_sierra,cascades_sierra_2023030900_low,2023-03-09T00:00:00,24,3.265066623687744,3.263653039932251,3.264164924621582,3.2689409255981445,3.255397319793701,-0.009669303894042969,-0.008255720138549805,-0.001413583755493164,-0.01354360580444336,-0.00876760482788086,cascades_sierra|2023-03-09T00:00:00,low,3.732546806335449,12.096774193548388,5.20077628607396e-05,63.30645161290322,3.884497284889221,-3.0744733810424805,2.372701406478882,mountain,moderate
cascades_sierra,cascades_sierra_2023042300_humid,2023-04-23T00:00:00,6,4.7555832862854,4.74444055557251,4.747880935668945,4.753973484039307,4.733523845672607,-0.02205944061279297,-0.010916709899902344,-0.011142730712890625,-0.02044963836669922,-0.01435708999633789,cascades_sierra|2023-04-23T00:00:00,humid,9.483930587768556,84.16666666666667,6.062646662030602e-06,57.08333333333333,9.108829021453856,-8.501020908355713,3.2539583444595337,mountain,non-raining
cascades_sierra,cascades_sierra_2023042300_humid,2023-04-23T00:00:00,12,4.898119449615479,4.881252765655518,4.886800289154053,4.895014762878418,4.862517356872559,-0.03560209274292081,-0.018735408782958984,-0.016866683959961826,-0.032497406005859375,-0.02428293228149414,cascades_sierra|2023-04-23T00:00:00,humid,9.483930587768556,84.16666666666667,6.062646662030602e-06,57.08333333333333,9.108829021453856,-8.501020908355713,3.2539583444595337,mountain,non-raining
cascades_sierra,cascades_sierra_2023042300_humid,2023-04-23T00:00:00,24,4.309855937957764,4.294275760650635,4.3039093017578125,4.310457706451416,4.292205810546875,-0.017650127410888672,-0.0020699501037597656,-0.015580177307128906,-0.018251895904541016,-0.0117034912109375,cascades_sierra|2023-04-23T00:00:00,humid,9.483930587768556,84.16666666666667,6.062646662030602e-06,57.08333333333333,9.108829021453856,-8.501020908355713,3.2539583444595337,mountain,non-raining
cascades_sierra,cascades_sierra_2023061312_extreme,2023-06-13T12:00:00,6,7.936365127563477,7.916361808776855,7.910959243774414,7.892738819122314,7.863734722137451,-0.07263040542602539,-0.05262708663940341,-0.020003318786621982,-0.029004096984862393,-0.04722452163696289,cascades_sierra|2023-06-13T12:00:00,extreme,19.24723243713379,97.91666666666666,1.6457229321531486e-06,52.083333333333336,9.641374111175535,-7.908486366271973,5.511227607727051,mountain,non-raining
cascades_sierra,cascades_sierra_2023061312_extreme,2023-06-13T12:00:00,12,6.7543110847473145,6.725353240966797,6.718191623687744,6.700303077697754,6.674537181854248,-0.0797739028930664,-0.05081605911254883,-0.028957843780517578,-0.02576589584350586,-0.043654441833496094,cascades_sierra|2023-06-13T12:00:00,extreme,19.24723243713379,97.91666666666666,1.6457229321531486e-06,52.083333333333336,9.641374111175535,-7.908486366271973,5.511227607727051,mountain,non-raining
cascades_sierra,cascades_sierra_2023061312_extreme,2023-06-13T12:00:00,24,7.212395668029785,7.189935207366943,7.184730052947998,7.200587272644043,7.181929588317871,-0.030466079711914062,-0.008005619049072266,-0.022460460662841797,-0.018657684326171875,-0.002800464630126953,cascades_sierra|2023-06-13T12:00:00,extreme,19.24723243713379,97.91666666666666,1.6457229321531486e-06,52.083333333333336,9.641374111175535,-7.908486366271973,5.511227607727051,mountain,non-raining
caspian_lowland,caspian_lowland_2020053100_humid,2020-05-31T00:00:00,6,4.817863941192627,4.800479888916016,4.796576499938965,4.8324384689331055,4.826735496520996,0.00887155532836914,0.02625560760498047,-0.017384052276611328,-0.005702972412109375,0.03015899658203125,caspian_lowland|2020-05-31T00:00:00,humid,23.30719566345215,72.58064516129032,,,8.9542236328125,7.094300031661987,5.438248634338379,flat,unavailable
caspian_lowland,caspian_lowland_2020053100_humid,2020-05-31T00:00:00,12,5.620776653289795,5.601592540740967,5.59496021270752,5.6388092041015625,5.636037826538086,0.015261173248291016,0.03444528579711914,-0.019184112548828125,-0.0027713775634765625,0.04107761383056552,caspian_lowland|2020-05-31T00:00:00,humid,23.30719566345215,72.58064516129032,,,8.9542236328125,7.094300031661987,5.438248634338379,flat,unavailable
caspian_lowland,caspian_lowland_2020053100_humid,2020-05-31T00:00:00,24,5.792535305023193,5.776447296142578,5.772834777832031,5.806853294372559,5.778818130493164,-0.013717174530029297,0.0023708343505859375,-0.016088008880615234,-0.02803516387939453,0.0059833526611328125,caspian_lowland|2020-05-31T00:00:00,humid,23.30719566345215,72.58064516129032,,,8.9542236328125,7.094300031661987,5.438248634338379,flat,unavailable
caspian_lowland,caspian_lowland_2020080300_extreme,2020-08-03T00:00:00,6,7.030243873596191,7.01828145980835,7.01459264755249,7.025986671447754,7.023886203765869,-0.006357669830322266,0.005604743957519531,-0.011962413787841797,-0.0021004676818847656,0.009293556213378906,caspian_lowland|2020-08-03T00:00:00,extreme,35.38681411743164,98.79032258064515,,,5.028717994689941,1.4297809600830078,4.001975297927856,flat,unavailable
caspian_lowland,caspian_lowland_2020080300_extreme,2020-08-03T00:00:00,12,7.020827293395996,7.007971286773682,7.002810478210449,7.014265060424805,7.003048896789551,-0.017778396606445312,-0.004922389984130859,-0.012856006622314453,-0.011216163635253906,0.0002384185791015625,caspian_lowland|2020-08-03T00:00:00,extreme,35.38681411743164,98.79032258064515,,,5.028717994689941,1.4297809600830078,4.001975297927856,flat,unavailable
caspian_lowland,caspian_lowland_2020080300_extreme,2020-08-03T00:00:00,24,6.3408708572387695,6.323784351348877,6.31748628616333,6.33256196975708,6.323794841766357,-0.01707601547241211,1.049041748046875e-05,-0.017086505889892578,-0.008767127990722656,0.006308555603027344,caspian_lowland|2020-08-03T00:00:00,extreme,35.38681411743164,98.79032258064515,,,5.028717994689941,1.4297809600830078,4.001975297927856,flat,unavailable
caspian_lowland,caspian_lowland_2020080912_low,2020-08-09T12:00:00,6,5.260923385620117,5.254293441772461,5.245450973510742,5.2625274658203125,5.259969711303711,-0.00095367431640625,0.00567626953125,-0.00662994384765625,-0.0025577545166015625,0.01451873779296875,caspian_lowland|2020-08-09T12:00:00,low,18.014856338500977,14.919354838709678,,,4.161706566810608,1.024079300230369,3.9550994634628296,flat,unavailable
caspian_lowland,caspian_lowland_2020080912_low,2020-08-09T12:00:00,12,5.050107002258301,5.042575836181641,5.028702259063721,5.061764717102051,5.053367137908936,0.003260135650635654,0.01079130172729581,-0.007531166076660156,-0.008397579193114346,0.024664878845215732,caspian_lowland|2020-08-09T12:00:00,low,18.014856338500977,14.919354838709678,,,4.161706566810608,1.024079300230369,3.9550994634628296,flat,unavailable
caspian_lowland,caspian_lowland_2020080912_low,2020-08-09T12:00:00,24,5.031693458557129,5.019517421722412,5.003029823303223,5.051653861999512,5.029360294342041,-0.0023331642150878906,0.009842872619628906,-0.012176036834716797,-0.022293567657470703,0.02633047103881836,caspian_lowland|2020-08-09T12:00:00,low,18.014856338500977,14.919354838709678,,,4.161706566810608,1.024079300230369,3.9550994634628296,flat,unavailable
caspian_lowland,caspian_lowland_2020100212_low,2020-10-02T12:00:00,6,1.4954975843429563,1.4821319580078125,1.4784269332885742,1.5011887550354004,1.4843673706054688,-0.011130213737487571,0.00223541259765625,-0.013365626335143821,-0.01682138442993164,0.005940437316894531,caspian_lowland|2020-10-02T12:00:00,low,9.582645416259766,17.338709677419356,,,6.528264999389648,-4.116144895553589,4.854361176490784,flat,unavailable
caspian_lowland,caspian_lowland_2020100212_low,2020-10-02T12:00:00,12,2.119746208190918,2.09306263923645,2.091357946395874,2.1224160194396973,2.093954086303711,-0.02579212188720703,0.0008914470672607422,-0.026683568954467773,-0.028461933135986328,0.002596139907836914,caspian_lowland|2020-10-02T12:00:00,low,9.582645416259766,17.338709677419356,,,6.528264999389648,-4.116144895553589,4.854361176490784,flat,unavailable
caspian_lowland,caspian_lowland_2020100212_low,2020-10-02T12:00:00,24,1.9941357374191284,1.9637455940246584,1.9597196578979488,1.992618441581726,1.9648749828338623,-0.029260754585266113,0.0011293888092038795,-0.030390143394469993,-0.02774345874786377,0.00515532493591353,caspian_lowland|2020-10-02T12:00:00,low,9.582645416259766,17.338709677419356,,,6.528264999389648,-4.116144895553589,4.854361176490784,flat,unavailable
caspian_lowland,caspian_lowland_2020121612_humid,2020-12-16T12:00:00,6,3.514622688293457,3.505183219909668,3.508596658706665,3.5191891193389893,3.5197699069976807,0.005147218704223633,0.014586687088012695,-0.009439468383789062,0.0005807876586914062,0.011173248291015625,caspian_lowland|2020-12-16T12:00:00,humid,15.320534706115724,88.70967741935483,,,7.9782631397247314,6.314692258834839,4.85977840423584,flat,unavailable
caspian_lowland,caspian_lowland_2020121612_humid,2020-12-16T12:00:00,12,3.736215114593506,3.722395658493042,3.7284886837005615,3.7478139400482178,3.749891996383667,0.013676881790161133,0.027496337890625,-0.013819456100463867,0.0020780563354492188,0.02140331268310547,caspian_lowland|2020-12-16T12:00:00,humid,15.320534706115724,88.70967741935483,,,7.9782631397247314,6.314692258834839,4.85977840423584,flat,unavailable
caspian_lowland,caspian_lowland_2020121612_humid,2020-12-16T12:00:00,24,3.5117053985595703,3.4964494705200195,3.501544713973999,3.5252015590667725,3.5316786766052246,0.019973278045654297,0.03522920608520508,-0.015255928039550781,0.0064771175384521484,0.030133962631225586,caspian_lowland|2020-12-16T12:00:00,humid,15.320534706115724,88.70967741935483,,,7.9782631397247314,6.314692258834839,4.85977840423584,flat,unavailable
caspian_lowland,caspian_lowland_2021042700_extreme,2021-04-27T00:00:00,6,3.9554810523986816,3.944744348526001,3.9394237995147705,3.957246780395508,3.952655076980591,-0.0028259754180908203,0.007910728454589844,-0.010736703872680664,-0.004591703414916992,0.013231277465820312,caspian_lowland|2021-04-27T00:00:00,extreme,26.35602378845215,98.75,,,5.374373197555542,4.716977834701538,2.446399986743927,flat,unavailable
caspian_lowland,caspian_lowland_2021042700_extreme,2021-04-27T00:00:00,12,2.2372775077819824,2.217869758605957,2.2160098552703857,2.238319158554077,2.227287530899048,-0.00998997688293457,0.00941777229309082,-0.01940774917602539,-0.011031627655029297,0.01127767562866211,caspian_lowland|2021-04-27T00:00:00,extreme,26.35602378845215,98.75,,,5.374373197555542,4.716977834701538,2.446399986743927,flat,unavailable
caspian_lowland,caspian_lowland_2021042700_extreme,2021-04-27T00:00:00,24,2.454745054244995,2.431699275970459,2.4274141788482666,2.4589648246765137,2.4259111881256104,-0.028833866119384766,-0.005788087844848633,-0.023045778274536133,-0.03305363655090332,-0.00150299072265625,caspian_lowland|2021-04-27T00:00:00,extreme,26.35602378845215,98.75,,,5.374373197555542,4.716977834701538,2.446399986743927,flat,unavailable
caspian_lowland,caspian_lowland_2021052612_extreme,2021-05-26T12:00:00,6,6.733555316925049,6.723555564880371,6.721364498138428,6.727650165557861,6.7367048263549805,0.0031495094299316406,0.013149261474609375,-0.009999752044677734,0.00905466079711914,0.015340328216552734,caspian_lowland|2021-05-26T12:00:00,extreme,30.39912796020508,95.16129032258064,,,4.3214805126190186,-0.9244609102606772,4.100434899330139,flat,unavailable
caspian_lowland,caspian_lowland_2021052612_extreme,2021-05-26T12:00:00,12,6.684502124786377,6.661072254180908,6.658189296722412,6.671247005462647,6.685528755187988,0.0010266304016113281,0.024456501007080078,-0.02342987060546875,0.014281749725340909,0.027339458465576172,caspian_lowland|2021-05-26T12:00:00,extreme,30.39912796020508,95.16129032258064,,,4.3214805126190186,-0.9244609102606772,4.100434899330139,flat,unavailable
caspian_lowland,caspian_lowland_2021052612_extreme,2021-05-26T12:00:00,24,6.267046451568604,6.239363193511963,6.236907482147217,6.255318641662598,6.259578704833984,-0.007467746734620029,0.020215511322021484,-0.027683258056641513,0.004260063171386719,0.022671222686767578,caspian_lowland|2021-05-26T12:00:00,extreme,30.39912796020508,95.16129032258064,,,4.3214805126190186,-0.9244609102606772,4.100434899330139,flat,unavailable
caspian_lowland,caspian_lowland_2021061012_humid,2021-06-10T12:00:00,6,6.513467788696289,6.500570774078369,6.500865936279297,6.520946502685547,6.52352237701416,0.010054588317871094,0.022951602935791016,-0.012897014617919922,0.0025758743286132812,0.02265644073486328,caspian_lowland|2021-06-10T12:00:00,humid,31.762784957885746,88.33333333333333,,,4.2968844175338745,1.177712880074978,3.957773923873901,flat,unavailable
caspian_lowland,caspian_lowland_2021061012_humid,2021-06-10T12:00:00,12,6.428398132324219,6.410025596618652,6.410869121551514,6.4411940574646,6.442319393157959,0.013921260833740234,0.03229379653930664,-0.018372535705566406,0.001125335693359375,0.03145027160644531,caspian_lowland|2021-06-10T12:00:00,humid,31.762784957885746,88.33333333333333,,,4.2968844175338745,1.177712880074978,3.957773923873901,flat,unavailable
caspian_lowland,caspian_lowland_2021061012_humid,2021-06-10T12:00:00,24,7.29984712600708,7.284056663513184,7.285820960998535,7.306158065795898,7.31310224533081,0.01325511932372958,0.029045581817626065,-0.015790462493896484,0.006944179534911221,0.027281284332274502,caspian_lowland|2021-06-10T12:00:00,humid,31.762784957885746,88.33333333333333,,,4.2968844175338745,1.177712880074978,3.957773923873901,flat,unavailable
caspian_lowland,caspian_lowland_2021070200_typical,2021-07-02T00:00:00,6,6.659822463989258,6.640164375305176,6.633235454559326,6.668712615966797,6.649654865264893,-0.010167598724365234,0.009490489959716797,-0.01965808868408203,-0.019057750701904297,0.016419410705566406,caspian_lowland|2021-07-02T00:00:00,typical,25.70673370361328,43.14516129032258,,,4.298105597496033,-0.8692121803760529,4.203607439994812,flat,unavailable
caspian_lowland,caspian_lowland_2021070200_typical,2021-07-02T00:00:00,12,6.693413734436035,6.667201042175293,6.6609368324279785,6.702793121337891,6.675323009490967,-0.01809072494506836,0.008121967315673828,-0.026212692260742188,-0.027470111846923828,0.014386177062988281,caspian_lowland|2021-07-02T00:00:00,typical,25.70673370361328,43.14516129032258,,,4.298105597496033,-0.8692121803760529,4.203607439994812,flat,unavailable
caspian_lowland,caspian_lowland_2021070200_typical,2021-07-02T00:00:00,24,6.710964202880859,6.677548408508301,6.665675163269043,6.712428092956543,6.692022800445557,-0.018941402435302734,0.01447439193725586,-0.033415794372558594,-0.020405292510986328,0.026347637176513672,caspian_lowland|2021-07-02T00:00:00,typical,25.70673370361328,43.14516129032258,,,4.298105597496033,-0.8692121803760529,4.203607439994812,flat,unavailable
caspian_lowland,caspian_lowland_2021111200_low,2021-11-12T00:00:00,6,0.55208820104599,0.5449982285499573,0.5452582240104675,0.5589315295219421,0.5515148639678955,-0.0005733370780944824,0.006516635417938232,-0.007089972496032715,-0.007416665554046631,0.0062566399574279785,caspian_lowland|2021-11-12T00:00:00,low,6.975689888000488,12.916666666666668,,,1.911387920379639,0.4132077768445015,1.848869860172272,flat,unavailable
caspian_lowland,caspian_lowland_2021111200_low,2021-11-12T00:00:00,12,0.4530752897262573,0.4415408670902252,0.4417345523834228,0.4614785313606262,0.4518029689788818,-0.0012723207473755438,0.01026210188865656,-0.011534422636032104,-0.00967556238174444,0.010068416595458984,caspian_lowland|2021-11-12T00:00:00,low,6.975689888000488,12.916666666666668,,,1.911387920379639,0.4132077768445015,1.848869860172272,flat,unavailable
caspian_lowland,caspian_lowland_2021111200_low,2021-11-12T00:00:00,24,1.2245932817459106,1.2133132219314575,1.2133604288101196,1.2400857210159302,1.2287787199020386,0.00418543815612793,0.015465497970581055,-0.011280059814453125,-0.011307001113891602,0.015418291091918945,caspian_lowland|2021-11-12T00:00:00,low,6.975689888000488,12.916666666666668,,,1.911387920379639,0.4132077768445015,1.848869860172272,flat,unavailable
caspian_lowland,caspian_lowland_2022040612_typical,2022-04-06T12:00:00,6,2.997150182723999,2.985991239547729,2.9797167778015137,2.9946680068969727,2.9945523738861084,-0.002597808837890625,0.00856113433837935,-0.011158943176269975,-0.00011563301086425781,0.014835596084594727,caspian_lowland|2022-04-06T12:00:00,typical,15.479135513305664,60.0,,,6.973796367645264,2.1053563952445984,6.628328084945679,flat,unavailable
caspian_lowland,caspian_lowland_2022040612_typical,2022-04-06T12:00:00,12,2.6519699096679688,2.6360650062561035,2.6330575942993164,2.647690296173096,2.6476967334747314,-0.004273176193237305,0.01163172721862793,-0.015904903411865234,6.437301635298098e-06,0.014639139175415039,caspian_lowland|2022-04-06T12:00:00,typical,15.479135513305664,60.0,,,6.973796367645264,2.1053563952445984,6.628328084945679,flat,unavailable
caspian_lowland,caspian_lowland_2022040612_typical,2022-04-06T12:00:00,24,2.405690193176269,2.3866097927093506,2.381486415863037,2.40533709526062,2.4007511138916016,-0.004939079284667525,0.014141321182250977,-0.0190804004669185,-0.004585981369018555,0.019264698028564453,caspian_lowland|2022-04-06T12:00:00,typical,15.479135513305664,60.0,,,6.973796367645264,2.1053563952445984,6.628328084945679,flat,unavailable
caspian_lowland,caspian_lowland_2022052212_typical,2022-05-22T12:00:00,6,4.972868919372559,4.96732234954834,4.967265605926514,4.962588787078857,4.971701145172119,-0.0011677742004394531,0.004378795623779297,-0.00554656982421875,0.009112358093261719,0.004435539245605469,caspian_lowland|2022-05-22T12:00:00,typical,19.97972869873047,48.79032258064516,,,4.599693179130554,0.1705626547336578,4.4117008447647095,flat,unavailable
caspian_lowland,caspian_lowland_2022052212_typical,2022-05-22T12:00:00,12,4.381455421447754,4.367823600769043,4.365067958831787,4.361435413360596,4.3675713539123535,-0.01388406753540039,-0.0002522468566894531,-0.013631820678710938,0.0061359405517578125,0.0025033950805664062,caspian_lowland|2022-05-22T12:00:00,typical,19.97972869873047,48.79032258064516,,,4.599693179130554,0.1705626547336578,4.4117008447647095,flat,unavailable
caspian_lowland,caspian_lowland_2022052212_typical,2022-05-22T12:00:00,24,5.341903209686279,5.327212333679199,5.325311660766602,5.321159839630127,5.3304123878479,-0.011490821838378906,0.003200054168701172,-0.014690876007080078,0.009252548217773438,0.005100727081298828,caspian_lowland|2022-05-22T12:00:00,typical,19.97972869873047,48.79032258064516,,,4.599693179130554,0.1705626547336578,4.4117008447647095,flat,unavailable
caucasus,caucasus_2020031312_extreme,2020-03-13T12:00:00,6,4.927966117858887,4.91344165802002,4.914608955383301,4.921598434448242,4.913300514221191,-0.014665603637695312,-0.00014114379882901318,-0.0145244598388663,-0.008297920227050781,-0.001308441162109375,caucasus|2020-03-13T12:00:00,extreme,13.73214626312256,95.16129032258064,,,18.10677719116211,-11.170626640319824,14.20970630645752,mountain,unavailable
caucasus,caucasus_2020031312_extreme,2020-03-13T12:00:00,12,4.766132354736328,4.744454860687256,4.745882987976074,4.757025718688965,4.748255252838135,-0.01787710189819336,0.0038003921508789062,-0.021677494049072266,-0.008770465850830078,0.002372264862060547,caucasus|2020-03-13T12:00:00,extreme,13.73214626312256,95.16129032258064,,,18.10677719116211,-11.170626640319824,14.20970630645752,mountain,unavailable
caucasus,caucasus_2020031312_extreme,2020-03-13T12:00:00,24,5.6737446784973145,5.655955314636231,5.655856132507324,5.666961193084717,5.648688316345215,-0.02505636215209961,-0.007266998291016513,-0.017789363861083096,-0.018272876739501953,-0.007167816162109375,caucasus|2020-03-13T12:00:00,extreme,13.73214626312256,95.16129032258064,,,18.10677719116211,-11.170626640319824,14.20970630645752,mountain,unavailable
caucasus,caucasus_2020051412_low,2020-05-14T12:00:00,6,6.015901565551758,5.996500015258789,5.995159149169922,6.013936996459961,5.999961853027344,-0.015939712524414062,0.0034618377685546875,-0.01940155029296875,-0.013975143432617188,0.004802703857421875,caucasus|2020-05-14T12:00:00,low,11.151910781860352,18.548387096774192,,,21.34405899047852,-11.763518810272217,17.771886825561523,mountain,unavailable
caucasus,caucasus_2020051412_low,2020-05-14T12:00:00,12,5.890426635742188,5.861074924468994,5.858093738555908,5.885749340057373,5.864460468292236,-0.02596616744995206,0.0033855438232421875,-0.029351711273194248,-0.02128887176513672,0.006366729736328125,caucasus|2020-05-14T12:00:00,low,11.151910781860352,18.548387096774192,,,21.34405899047852,-11.763518810272217,17.771886825561523,mountain,unavailable
caucasus,caucasus_2020051412_low,2020-05-14T12:00:00,24,5.861314296722412,5.822381973266602,5.821155548095703,5.856294631958008,5.8168253898620605,-0.04448890686035156,-0.005556583404541016,-0.03893232345581055,-0.039469242095947266,-0.004330158233642578,caucasus|2020-05-14T12:00:00,low,11.151910781860352,18.548387096774192,,,21.34405899047852,-11.763518810272217,17.771886825561523,mountain,unavailable
caucasus,caucasus_2021021300_humid,2021-02-13T00:00:00,6,3.145785331726074,3.1379261016845703,3.136829137802124,3.144458532333374,3.138444185256958,-0.007341146469116211,0.0005180835723876953,-0.007859230041503906,-0.006014347076416016,0.0016150474548339844,caucasus|2021-02-13T00:00:00,humid,8.592330932617188,82.30088495575221,,,14.168333530426024,-7.781504154205322,11.827467918395996,mountain,unavailable
caucasus,caucasus_2021021300_humid,2021-02-13T00:00:00,12,2.9865975379943848,2.9779341220855717,2.9775266647338867,2.987260580062866,2.977931499481201,-0.008666038513183594,-2.6226043705612767e-06,-0.008663415908813032,-0.009329080581665039,0.0004048347473144531,caucasus|2021-02-13T00:00:00,humid,8.592330932617188,82.30088495575221,,,14.168333530426024,-7.781504154205322,11.827467918395996,mountain,unavailable
caucasus,caucasus_2021021300_humid,2021-02-13T00:00:00,24,2.607133626937866,2.598315715789795,2.597102165222168,2.6081089973449707,2.59329605102539,-0.01383757591247603,-0.005019664764404741,-0.008817911148071289,-0.014812946319580522,-0.003806114196777788,caucasus|2021-02-13T00:00:00,humid,8.592330932617188,82.30088495575221,,,14.168333530426024,-7.781504154205322,11.827467918395996,mountain,unavailable
caucasus,caucasus_2021071100_typical,2021-07-11T00:00:00,6,7.881774425506592,7.861714839935303,7.854006290435791,7.864487171173096,7.85253381729126,-0.02924060821533203,-0.009181022644042969,-0.020059585571289062,-0.011953353881835938,-0.00147247314453125,caucasus|2021-07-11T00:00:00,typical,21.818531036376957,41.12903225806452,,,25.252968788146973,-10.641439437866213,22.900744438171387,mountain,unavailable
caucasus,caucasus_2021071100_typical,2021-07-11T00:00:00,12,8.964509963989258,8.930350303649902,8.92367935180664,8.934576034545898,8.896470069885254,-0.0680398941040039,-0.03388023376464844,-0.03415966033935547,-0.03810596466064453,-0.02720928192138672,caucasus|2021-07-11T00:00:00,typical,21.818531036376957,41.12903225806452,,,25.252968788146973,-10.641439437866213,22.900744438171387,mountain,unavailable
caucasus,caucasus_2021071100_typical,2021-07-11T00:00:00,24,8.607599258422852,8.56544017791748,8.563714981079102,8.583285331726074,8.540719985961914,-0.0668792724609375,-0.024720191955566406,-0.042159080505371094,-0.042565345764160156,-0.0229949951171875,caucasus|2021-07-11T00:00:00,typical,21.818531036376957,41.12903225806452,,,25.252968788146973,-10.641439437866213,22.900744438171387,mountain,unavailable
caucasus,caucasus_2021122712_typical,2021-12-27T12:00:00,6,2.3565919399261475,2.350960731506348,2.35066819190979,2.354588270187378,2.3507080078125,-0.005883932113647461,-0.00025272369384810034,-0.005631208419799361,-0.0038802623748779297,3.981590270996094e-05,caucasus|2021-12-27T12:00:00,typical,7.079448223114014,47.983870967741936,,,10.169456481933594,-6.059147119522095,8.15622067451477,mountain,unavailable
caucasus,caucasus_2021122712_typical,2021-12-27T12:00:00,12,2.3678653240203857,2.359952449798584,2.3592097759246826,2.3660824298858643,2.358416795730591,-0.009448528289794922,-0.001535654067993164,-0.007912874221801758,-0.0076656341552734375,-0.0007929801940917969,caucasus|2021-12-27T12:00:00,typical,7.079448223114014,47.983870967741936,,,10.169456481933594,-6.059147119522095,8.15622067451477,mountain,unavailable
caucasus,caucasus_2021122712_typical,2021-12-27T12:00:00,24,2.553800582885742,2.5456674098968506,2.5421395301818848,2.5517587661743164,2.539665699005127,-0.014134883880615234,-0.006001710891723633,-0.008133172988891602,-0.012093067169189453,-0.0024738311767578125,caucasus|2021-12-27T12:00:00,typical,7.079448223114014,47.983870967741936,,,10.169456481933594,-6.059147119522095,8.15622067451477,mountain,unavailable
caucasus,caucasus_2022032700_low,2022-03-27T00:00:00,6,2.137474536895752,2.130427837371826,2.129284381866455,2.1381754875183105,2.128460168838501,-0.009014368057250977,-0.0019676685333251953,-0.007046699523925781,-0.00971531867980957,-0.0008242130279541016,caucasus|2022-03-27T00:00:00,low,5.710938453674316,24.596774193548388,,,12.389896392822266,-8.343549251556396,9.159403324127195,mountain,unavailable
caucasus,caucasus_2022032700_low,2022-03-27T00:00:00,12,2.0932888984680176,2.086005926132202,2.083364725112915,2.096290349960327,2.0803747177124023,-0.012914180755615234,-0.005631208419799805,-0.00728297233581543,-0.015915632247924805,-0.0029900074005126953,caucasus|2022-03-27T00:00:00,low,5.710938453674316,24.596774193548388,,,12.389896392822266,-8.343549251556396,9.159403324127195,mountain,unavailable
caucasus,caucasus_2022032700_low,2022-03-27T00:00:00,24,2.460344791412353,2.452188014984131,2.4505746364593506,2.4621315002441406,2.4466307163238525,-0.013714075088500532,-0.00555729866027832,-0.008156776428222212,-0.015500783920288086,-0.003943920135498047,caucasus|2022-03-27T00:00:00,low,5.710938453674316,24.596774193548388,,,12.389896392822266,-8.343549251556396,9.159403324127195,mountain,unavailable
caucasus,caucasus_2022082312_typical,2022-08-23T12:00:00,6,7.025297164916992,7.005143642425537,7.002932071685791,7.008303165435791,6.993177890777588,-0.0321192741394043,-0.011965751647949219,-0.020153522491455078,-0.015125274658203125,-0.009754180908203125,caucasus|2022-08-23T12:00:00,typical,20.89375686645508,42.74193548387097,,,25.24110984802246,-14.083143711090088,20.91848564147949,mountain,unavailable
caucasus,caucasus_2022082312_typical,2022-08-23T12:00:00,12,6.717628479003906,6.688683032989502,6.678512096405029,6.700641632080078,6.680906295776367,-0.03672218322753906,-0.007776737213134766,-0.028945446014404297,-0.019735336303710938,0.0023941993713378906,caucasus|2022-08-23T12:00:00,typical,20.89375686645508,42.74193548387097,,,25.24110984802246,-14.083143711090088,20.91848564147949,mountain,unavailable
caucasus,caucasus_2022082312_typical,2022-08-23T12:00:00,24,6.70506477355957,6.657896995544434,6.649411201477051,6.691799163818359,6.670100212097168,-0.034964561462402344,0.012203216552734375,-0.04716777801513672,-0.021698951721191406,0.020689010620117188,caucasus|2022-08-23T12:00:00,typical,20.89375686645508,42.74193548387097,,,25.24110984802246,-14.083143711090088,20.91848564147949,mountain,unavailable
caucasus,caucasus_2022100700_humid,2022-10-07T00:00:00,6,7.775459289550781,7.755489826202393,7.753083229064941,7.767849445343018,7.751614093780518,-0.023845195770263672,-0.003875732421875,-0.019969463348388672,-0.0162353515625,-0.0014691352844238281,caucasus|2022-10-07T00:00:00,humid,17.20355224609375,82.66129032258065,,,26.60166645050049,-13.782801151275637,22.74063777923584,mountain,unavailable
caucasus,caucasus_2022100700_humid,2022-10-07T00:00:00,12,7.91712760925293,7.889691829681396,7.878941535949707,7.905122756958008,7.872067451477051,-0.045060157775878906,-0.017624378204344815,-0.02743577957153409,-0.03305530548095703,-0.00687408447265625,caucasus|2022-10-07T00:00:00,humid,17.20355224609375,82.66129032258065,,,26.60166645050049,-13.782801151275637,22.74063777923584,mountain,unavailable
caucasus,caucasus_2022100700_humid,2022-10-07T00:00:00,24,7.58752965927124,7.548842430114746,7.541711330413818,7.572343349456787,7.528104305267334,-0.05942535400390625,-0.02073812484741211,-0.03868722915649414,-0.044239044189453125,-0.013607025146484375,caucasus|2022-10-07T00:00:00,humid,17.20355224609375,82.66129032258065,,,26.60166645050049,-13.782801151275637,22.74063777923584,mountain,unavailable
caucasus,caucasus_2022122300_low,2022-12-23T00:00:00,6,2.093536376953125,2.088289499282837,2.0850014686584477,2.0935840606689453,2.0817911624908447,-0.011745214462280273,-0.0064983367919921875,-0.005246877670288086,-0.011792898178100586,-0.003210306167602983,caucasus|2022-12-23T00:00:00,low,5.642417907714844,25.40322580645161,,,11.142414569854736,-7.710880279541016,8.043346643447876,mountain,unavailable
caucasus,caucasus_2022122300_low,2022-12-23T00:00:00,12,2.3975229263305664,2.3889076709747314,2.385310173034668,2.398049116134644,2.3830461502075195,-0.014476776123046875,-0.005861520767211914,-0.008615255355834961,-0.015002965927124468,-0.0022640228271484375,caucasus|2022-12-23T00:00:00,low,5.642417907714844,25.40322580645161,,,11.142414569854736,-7.710880279541016,8.043346643447876,mountain,unavailable
caucasus,caucasus_2022122300_low,2022-12-23T00:00:00,24,2.158912420272827,2.149308681488037,2.142695426940918,2.160010814666748,2.1377058029174805,-0.02120661735534668,-0.01160287857055664,-0.009603738784790039,-0.022305011749267578,-0.0049896240234375,caucasus|2022-12-23T00:00:00,low,5.642417907714844,25.40322580645161,,,11.142414569854736,-7.710880279541016,8.043346643447876,mountain,unavailable
caucasus,caucasus_2023031612_extreme,2023-03-16T12:00:00,6,5.59517240524292,5.584815502166748,5.583133697509766,5.585939407348633,5.581247806549072,-0.013924598693847656,-0.0035676956176757812,-0.010356903076171875,-0.004691600799560547,-0.0018858909606933594,caucasus|2023-03-16T12:00:00,extreme,14.21180820465088,97.58064516129032,,,17.079669952392578,-7.353246450424194,15.415599346160889,mountain,unavailable
caucasus,caucasus_2023031612_extreme,2023-03-16T12:00:00,12,5.536923885345459,5.519916534423828,5.519177913665772,5.524326324462891,5.5137038230896,-0.023220062255859375,-0.006212711334228516,-0.01700735092163086,-0.010622501373291016,-0.005474090576172763,caucasus|2023-03-16T12:00:00,extreme,14.21180820465088,97.58064516129032,,,17.079669952392578,-7.353246450424194,15.415599346160889,mountain,unavailable
caucasus,caucasus_2023031612_extreme,2023-03-16T12:00:00,24,5.834095478057861,5.821615219116211,5.819577217102051,5.8257317543029785,5.814575672149658,-0.019519805908203125,-0.007039546966552734,-0.01248025894165039,-0.011156082153320312,-0.005001544952392578,caucasus|2023-03-16T12:00:00,extreme,14.21180820465088,97.58064516129032,,,17.079669952392578,-7.353246450424194,15.415599346160889,mountain,unavailable
caucasus,caucasus_2023041912_humid,2023-04-19T12:00:00,6,5.692715167999268,5.676450729370117,5.672886848449707,5.683659553527832,5.670604705810547,-0.022110462188720703,-0.0058460235595703125,-0.01626443862915039,-0.013054847717285156,-0.0022821426391601562,caucasus|2023-04-19T12:00:00,humid,13.812161445617676,76.66666666666667,,,19.14504814147949,-9.766667366027832,16.465012073516846,mountain,unavailable
caucasus,caucasus_2023041912_humid,2023-04-19T12:00:00,12,5.238046646118164,5.216349124908447,5.208630561828613,5.225351810455322,5.2051920890808105,-0.032854557037353516,-0.011157035827636719,-0.021697521209716797,-0.02015972137451172,-0.0034384727478027344,caucasus|2023-04-19T12:00:00,humid,13.812161445617676,76.66666666666667,,,19.14504814147949,-9.766667366027832,16.465012073516846,mountain,unavailable
caucasus,caucasus_2023041912_humid,2023-04-19T12:00:00,24,6.43704891204834,6.416003704071045,6.409626007080078,6.42355489730835,6.401315689086914,-0.03573322296142578,-0.01468801498413086,-0.021045207977294922,-0.022239208221435547,-0.008310317993164062,caucasus|2023-04-19T12:00:00,humid,13.812161445617676,76.66666666666667,,,19.14504814147949,-9.766667366027832,16.465012073516846,mountain,unavailable
caucasus,caucasus_2023090712_extreme,2023-09-07T12:00:00,6,10.320627212524414,10.303699493408203,10.303488731384276,10.314813613891602,10.29446029663086,-0.026166915893554688,-0.00923919677734375,-0.016927719116210938,-0.020353317260742188,-0.009028434753416192,caucasus|2023-09-07T12:00:00,extreme,25.851686477661133,97.5,,,34.39155197143555,-15.871991157531738,30.472668647766117,mountain,unavailable
caucasus,caucasus_2023090712_extreme,2023-09-07T12:00:00,12,9.829754829406738,9.80702781677246,9.807299613952637,9.82485008239746,9.796250343322754,-0.033504486083984375,-0.010777473449705255,-0.02272701263427912,-0.028599739074705255,-0.011049270629882812,caucasus|2023-09-07T12:00:00,extreme,25.851686477661133,97.5,,,34.39155197143555,-15.871991157531738,30.472668647766117,mountain,unavailable
caucasus,caucasus_2023090712_extreme,2023-09-07T12:00:00,24,9.278037071228027,9.253691673278809,9.246099472045898,9.280851364135742,9.249030113220217,-0.029006958007810724,-0.004661560058591974,-0.02434539794921875,-0.03182125091552557,0.0029306411743181826,caucasus|2023-09-07T12:00:00,extreme,25.851686477661133,97.5,,,34.39155197143555,-15.871991157531738,30.472668647766117,mountain,unavailable
ganges_plain,ganges_plain_2020022500_extreme,2020-02-25T00:00:00,6,8.256429672241211,8.22321891784668,8.237396240234375,8.25492000579834,8.195280075073242,-0.06114959716796875,-0.0279388427734375,-0.03321075439453125,-0.059639930725097656,-0.04211616516113281,ganges_plain|2020-02-25T00:00:00,extreme,31.68075180053711,98.6725663716814,0.0002696877054404,96.46017699115043,23.96676540374756,-21.79293918609619,9.900475978851318,flat,heavy
ganges_plain,ganges_plain_2020022500_extreme,2020-02-25T00:00:00,12,8.031013488769531,7.982468128204346,8.006757736206055,8.027100563049316,7.959531784057617,-0.07148170471191406,-0.022936344146728516,-0.04854536056518555,-0.06756877899169922,-0.0472259521484375,ganges_plain|2020-02-25T00:00:00,extreme,31.68075180053711,98.6725663716814,0.0002696877054404,96.46017699115043,23.96676540374756,-21.79293918609619,9.900475978851318,flat,heavy
ganges_plain,ganges_plain_2020022500_extreme,2020-02-25T00:00:00,24,7.88322639465332,7.836114406585693,7.857490539550781,7.875035285949707,7.807407379150391,-0.07581901550292969,-0.028707027435302734,-0.04711198806762695,-0.0676279067993164,-0.050083160400390625,ganges_plain|2020-02-25T00:00:00,extreme,31.68075180053711,98.6725663716814,0.0002696877054404,96.46017699115043,23.96676540374756,-21.79293918609619,9.900475978851318,flat,heavy
ganges_plain,ganges_plain_2020111700_typical,2020-11-17T00:00:00,6,5.51231861114502,5.483832836151123,5.494679927825928,5.503200531005859,5.419698715209961,-0.09261989593505948,-0.06413412094116211,-0.028485774993897373,-0.08350181579589844,-0.0749812126159668,ganges_plain|2020-11-17T00:00:00,typical,22.78176689147949,57.08333333333333,4.879016302083984e-08,72.5,28.431126594543457,-25.51859951019287,12.53444004058838,flat,moderate
ganges_plain,ganges_plain_2020111700_typical,2020-11-17T00:00:00,12,4.70559549331665,4.660144329071045,4.675663471221924,4.702180862426758,4.55275821685791,-0.15283727645874023,-0.10738611221313477,-0.04545116424560547,-0.14942264556884766,-0.12290525436401367,ganges_plain|2020-11-17T00:00:00,typical,22.78176689147949,57.08333333333333,4.879016302083984e-08,72.5,28.431126594543457,-25.51859951019287,12.53444004058838,flat,moderate
ganges_plain,ganges_plain_2020111700_typical,2020-11-17T00:00:00,24,6.325037479400635,6.265000343322754,6.278114795684815,6.289031505584717,6.104506492614746,-0.22053098678588867,-0.1604938507080078,-0.06003713607788086,-0.1845250129699707,-0.17360830307006925,ganges_plain|2020-11-17T00:00:00,typical,22.78176689147949,57.08333333333333,4.879016302083984e-08,72.5,28.431126594543457,-25.51859951019287,12.53444004058838,flat,moderate
ganges_plain,ganges_plain_2021031600_low,2021-03-16T00:00:00,6,6.219517230987549,6.181858062744141,6.198331832885742,6.21963357925415,6.158094882965088,-0.06142234802246094,-0.023763179779052734,-0.0376591682434082,-0.0615386962890625,-0.0402369499206543,ganges_plain|2021-03-16T00:00:00,low,18.27853202819824,16.93548387096774,1.862644705141747e-09,46.37096774193548,25.065784454345703,-22.56153106689453,10.823829174041748,flat,non-raining
ganges_plain,ganges_plain_2021031600_low,2021-03-16T00:00:00,12,7.361698150634766,7.318221092224121,7.3404717445373535,7.340818405151367,7.268716812133789,-0.09298133850097656,-0.04950428009033203,-0.04347705841064453,-0.07210159301757812,-0.07175493240356445,ganges_plain|2021-03-16T00:00:00,low,18.27853202819824,16.93548387096774,1.862644705141747e-09,46.37096774193548,25.065784454345703,-22.56153106689453,10.823829174041748,flat,non-raining
ganges_plain,ganges_plain_2021031600_low,2021-03-16T00:00:00,24,6.350454330444336,6.286407947540283,6.315753936767578,6.315040111541748,6.169901371002197,-0.18055295944213867,-0.11650657653808594,-0.06404638290405273,-0.14513874053955078,-0.14585256576538086,ganges_plain|2021-03-16T00:00:00,low,18.27853202819824,16.93548387096774,1.862644705141747e-09,46.37096774193548,25.065784454345703,-22.56153106689453,10.823829174041748,flat,non-raining
ganges_plain,ganges_plain_2021090100_typical,2021-09-01T00:00:00,6,14.156753540039062,14.133268356323242,14.128955841064451,14.143444061279297,14.052827835083008,-0.10392570495605469,-0.08044052124023438,-0.023485183715820312,-0.09061622619628906,-0.07612800598144354,ganges_plain|2021-09-01T00:00:00,typical,64.51535034179688,55.41666666666667,0.0001297797571169,35.41666666666667,36.45343399047852,-30.96602153778076,19.22782802581787,flat,non-raining
ganges_plain,ganges_plain_2021090100_typical,2021-09-01T00:00:00,12,14.26214599609375,14.235641479492188,14.229843139648438,14.239436149597168,14.177369117736816,-0.0847768783569336,-0.058272361755371094,-0.0265045166015625,-0.06206703186035156,-0.052474021911621094,ganges_plain|2021-09-01T00:00:00,typical,64.51535034179688,55.41666666666667,0.0001297797571169,35.41666666666667,36.45343399047852,-30.96602153778076,19.22782802581787,flat,non-raining
ganges_plain,ganges_plain_2021090100_typical,2021-09-01T00:00:00,24,14.213175773620604,14.18179416656494,14.174991607666016,14.184428215026855,14.107389450073242,-0.1057863235473615,-0.07440471649169744,-0.03138160705566406,-0.07703876495361328,-0.06760215759277344,ganges_plain|2021-09-01T00:00:00,typical,64.51535034179688,55.41666666666667,0.0001297797571169,35.41666666666667,36.45343399047852,-30.96602153778076,19.22782802581787,flat,non-raining
ganges_plain,ganges_plain_2021102012_humid,2021-10-20T12:00:00,6,13.114736557006836,13.09341526031494,13.09454345703125,13.08116340637207,13.005523681640623,-0.10921287536621271,-0.0878915786743164,-0.021321296691896308,-0.07563972473144709,-0.08901977539062678,ganges_plain|2021-10-20T12:00:00,humid,61.68046951293945,85.48387096774194,0.0004220144182909,87.5,39.03833961486816,-32.83103942871094,20.81008529663086,flat,moderate
ganges_plain,ganges_plain_2021102012_humid,2021-10-20T12:00:00,12,9.53790283203125,9.504430770874023,9.505454063415527,9.510624885559082,9.363451957702637,-0.17445087432861328,-0.14097881317138672,-0.03347206115722656,-0.1471729278564453,-0.14200210571289062,ganges_plain|2021-10-20T12:00:00,humid,61.68046951293945,85.48387096774194,0.0004220144182909,87.5,39.03833961486816,-32.83103942871094,20.81008529663086,flat,moderate
ganges_plain,ganges_plain_2021102012_humid,2021-10-20T12:00:00,24,7.396454811096191,7.324124813079834,7.329321384429932,7.265198707580566,7.083861827850342,-0.3125929832458496,-0.2402629852294922,-0.07232999801635742,-0.1813368797302246,-0.24545955657958984,ganges_plain|2021-10-20T12:00:00,humid,61.68046951293945,85.48387096774194,0.0004220144182909,87.5,39.03833961486816,-32.83103942871094,20.81008529663086,flat,moderate
ganges_plain,ganges_plain_2021111300_extreme,2021-11-13T00:00:00,6,10.81148624420166,10.7850341796875,10.794339179992676,10.795245170593262,10.720027923583984,-0.09145832061767578,-0.06500625610351562,-0.026452064514160156,-0.07521724700927734,-0.0743112564086914,ganges_plain|2021-11-13T00:00:00,extreme,39.281005859375,96.25,1.516404722678999e-06,87.91666666666667,28.075013160705566,-24.11203670501709,14.37757921218872,flat,moderate
ganges_plain,ganges_plain_2021111300_extreme,2021-11-13T00:00:00,12,10.77476406097412,10.737432479858398,10.75123119354248,10.766966819763184,10.609795570373535,-0.16496849060058416,-0.12763690948486328,-0.03733158111572088,-0.15717124938964844,-0.1414356231689453,ganges_plain|2021-11-13T00:00:00,extreme,39.281005859375,96.25,1.516404722678999e-06,87.91666666666667,28.075013160705566,-24.11203670501709,14.37757921218872,flat,moderate
ganges_plain,ganges_plain_2021111300_extreme,2021-11-13T00:00:00,24,10.438467979431152,10.38938808441162,10.409937858581545,10.44668674468994,10.284749984741213,-0.15371799468993963,-0.1046380996704066,-0.049079895019533026,-0.16193675994872692,-0.12518787384033203,ganges_plain|2021-11-13T00:00:00,extreme,39.281005859375,96.25,1.516404722678999e-06,87.91666666666667,28.075013160705566,-24.11203670501709,14.37757921218872,flat,moderate
ganges_plain,ganges_plain_2022061712_humid,2022-06-17T12:00:00,6,14.58189868927002,14.547542572021484,14.552329063415527,14.542863845825195,14.424911499023438,-0.15698719024658203,-0.12263107299804688,-0.034356117248535156,-0.11795234680175781,-0.12741756439208984,ganges_plain|2022-06-17T12:00:00,humid,67.56069946289062,72.5,0.0019318897975608,98.33333333333331,44.66098594665527,-36.85732555389404,24.69745922088623,flat,heavy
ganges_plain,ganges_plain_2022061712_humid,2022-06-17T12:00:00,12,14.09537124633789,14.05482578277588,14.058860778808594,14.044268608093262,13.929529190063477,-0.16584205627441406,-0.12529659271240412,-0.04054546356200994,-0.11473941802978516,-0.1293315887451172,ganges_plain|2022-06-17T12:00:00,humid,67.56069946289062,72.5,0.0019318897975608,98.33333333333331,44.66098594665527,-36.85732555389404,24.69745922088623,flat,heavy
ganges_plain,ganges_plain_2022061712_humid,2022-06-17T12:00:00,24,14.845503807067873,14.794208526611328,14.801608085632324,14.797840118408203,14.744441032409668,-0.1010627746582049,-0.049767494201660156,-0.051295280456544745,-0.053399085998535156,-0.05716705322265625,ganges_plain|2022-06-17T12:00:00,humid,67.56069946289062,72.5,0.0019318897975608,98.33333333333331,44.66098594665527,-36.85732555389404,24.69745922088623,flat,heavy
ganges_plain,ganges_plain_2022072600_low,2022-07-26T00:00:00,6,13.151508331298828,13.128762245178224,13.118536949157717,13.134201049804688,13.073469161987305,-0.07803916931152344,-0.055293083190919745,-0.022746086120603692,-0.06073188781738281,-0.04506778717041193,ganges_plain|2022-07-26T00:00:00,low,65.5167007446289,26.20967741935484,0.0005321440985426,73.38709677419355,33.9730806350708,-28.22763538360596,18.83757781982422,flat,moderate
ganges_plain,ganges_plain_2022072600_low,2022-07-26T00:00:00,12,13.459518432617188,13.429683685302734,13.418071746826172,13.441210746765137,13.390541076660156,-0.06897735595703125,-0.039142608642578125,-0.029834747314453125,-0.05066967010498047,-0.027530670166015625,ganges_plain|2022-07-26T00:00:00,low,65.5167007446289,26.20967741935484,0.0005321440985426,73.38709677419355,33.9730806350708,-28.22763538360596,18.83757781982422,flat,moderate
ganges_plain,ganges_plain_2022072600_low,2022-07-26T00:00:00,24,13.266518592834473,13.238314628601074,13.228711128234863,13.239388465881348,13.191750526428224,-0.07476806640624822,-0.046564102172849786,-0.028203964233398438,-0.047637939453123224,-0.03696060180663885,ganges_plain|2022-07-26T00:00:00,low,65.5167007446289,26.20967741935484,0.0005321440985426,73.38709677419355,33.9730806350708,-28.22763538360596,18.83757781982422,flat,moderate
ganges_plain,ganges_plain_2022100312_extreme,2022-10-03T12:00:00,6,13.817046165466309,13.779012680053713,13.783677101135254,13.794107437133787,13.734176635742188,-0.0828695297241211,-0.044836044311525214,-0.03803348541259588,-0.059930801391599786,-0.049500465393066406,ganges_plain|2022-10-03T12:00:00,extreme,68.57502746582031,97.17741935483872,0.0009189924458041,95.16129032258064,45.723289489746094,-39.65764617919922,22.517318725585938,flat,heavy
ganges_plain,ganges_plain_2022100312_extreme,2022-10-03T12:00:00,12,13.559734344482422,13.51124095916748,13.515254020690918,13.528538703918455,13.507562637329102,-0.05217170715332031,-0.0036783218383789062,-0.048493385314941406,-0.020976066589353692,-0.007691383361816406,ganges_plain|2022-10-03T12:00:00,extreme,68.57502746582031,97.17741935483872,0.0009189924458041,95.16129032258064,45.723289489746094,-39.65764617919922,22.517318725585938,flat,heavy
ganges_plain,ganges_plain_2022100312_extreme,2022-10-03T12:00:00,24,13.026951789855955,12.976675987243652,12.988865852355955,12.996918678283691,12.977450370788574,-0.049501419067381036,0.000774383544921875,-0.05027580261230291,-0.019468307495117188,-0.011415481567381036,ganges_plain|2022-10-03T12:00:00,extreme,68.57502746582031,97.17741935483872,0.0009189924458041,95.16129032258064,45.723289489746094,-39.65764617919922,22.517318725585938,flat,heavy
ganges_plain,ganges_plain_2023101000_typical,2023-10-10T00:00:00,6,12.529314041137695,12.502283096313477,12.51557159423828,12.52200412750244,12.428857803344728,-0.10045623779296697,-0.07342529296874822,-0.02703094482421875,-0.09314632415771129,-0.08671379089355113,ganges_plain|2023-10-10T00:00:00,typical,42.93686294555664,46.774193548387096,1.435668582416838e-05,52.41935483870967,32.239291191101074,-29.506247520446777,12.92684841156006,flat,non-raining
ganges_plain,ganges_plain_2023101000_typical,2023-10-10T00:00:00,12,12.005926132202148,11.97060489654541,11.98794937133789,11.982828140258787,11.874895095825195,-0.13103103637695312,-0.09570980072021484,-0.03532123565673828,-0.10793304443359197,-0.11305427551269531,ganges_plain|2023-10-10T00:00:00,typical,42.93686294555664,46.774193548387096,1.435668582416838e-05,52.41935483870967,32.239291191101074,-29.506247520446777,12.92684841156006,flat,non-raining
ganges_plain,ganges_plain_2023101000_typical,2023-10-10T00:00:00,24,12.066367149353027,12.011366844177246,12.00176239013672,12.040409088134766,11.83909797668457,-0.22726917266845703,-0.17226886749267578,-0.05500030517578125,-0.2013111114501953,-0.1626644134521502,ganges_plain|2023-10-10T00:00:00,typical,42.93686294555664,46.774193548387096,1.435668582416838e-05,52.41935483870967,32.239291191101074,-29.506247520446777,12.92684841156006,flat,non-raining
ganges_plain,ganges_plain_2023110500_humid,2023-11-05T00:00:00,6,8.293153762817383,8.261832237243652,8.2730131149292,8.276293754577637,8.215616226196289,-0.07753753662109375,-0.04621601104736328,-0.03132152557373047,-0.060677528381347656,-0.057396888732910156,ganges_plain|2023-11-05T00:00:00,humid,31.645729064941406,87.91666666666667,-3.725289410283494e-09,0.8333333333333334,30.365450859069824,-28.20975971221924,11.23557472229004,flat,non-raining
ganges_plain,ganges_plain_2023110500_humid,2023-11-05T00:00:00,12,7.789567947387695,7.762073993682861,7.764265537261963,7.765664577484131,7.680262088775635,-0.10930585861206055,-0.08181190490722656,-0.027493953704833984,-0.0854024887084961,-0.08400344848632812,ganges_plain|2023-11-05T00:00:00,humid,31.645729064941406,87.91666666666667,-3.725289410283494e-09,0.8333333333333334,30.365450859069824,-28.20975971221924,11.23557472229004,flat,non-raining
ganges_plain,ganges_plain_2023110500_humid,2023-11-05T00:00:00,24,6.298035621643066,6.233905792236328,6.247729301452637,6.23276424407959,5.976223468780518,-0.32181215286254883,-0.25768232345581055,-0.06412982940673828,-0.25654077529907227,-0.27150583267211914,ganges_plain|2023-11-05T00:00:00,humid,31.645729064941406,87.91666666666667,-3.725289410283494e-09,0.8333333333333334,30.365450859069824,-28.20975971221924,11.23557472229004,flat,non-raining
ganges_plain,ganges_plain_2023121312_low,2023-12-13T12:00:00,6,3.4725136756896973,3.4366354942321777,3.452575206756592,3.418813467025757,3.31667160987854,-0.15584206581115723,-0.1199638843536377,-0.03587818145751953,-0.1021418571472168,-0.13590359687805176,ganges_plain|2023-12-13T12:00:00,low,14.360788345336914,19.758064516129032,7.642532864338136e-07,79.03225806451613,25.037324905395508,-23.31142807006836,9.126606464385986,flat,moderate
ganges_plain,ganges_plain_2023121312_low,2023-12-13T12:00:00,12,2.459317684173584,2.4107677936553955,2.4248151779174805,2.401993751525879,2.273500919342041,-0.18581676483154297,-0.1372668743133545,-0.04854989051818848,-0.1284928321838379,-0.15131425857543945,ganges_plain|2023-12-13T12:00:00,low,14.360788345336914,19.758064516129032,7.642532864338136e-07,79.03225806451613,25.037324905395508,-23.31142807006836,9.126606464385986,flat,moderate
ganges_plain,ganges_plain_2023121312_low,2023-12-13T12:00:00,24,2.492713689804077,2.432844400405884,2.4467151165008545,2.449795961380005,2.2924230098724365,-0.20029067993164062,-0.14042139053344727,-0.05986928939819336,-0.15737295150756836,-0.15429210662841797,ganges_plain|2023-12-13T12:00:00,low,14.360788345336914,19.758064516129032,7.642532864338136e-07,79.03225806451613,25.037324905395508,-23.31142807006836,9.126606464385986,flat,moderate
great_plains,great_plains_2020030912_extreme,2020-03-09T12:00:00,6,6.669966220855713,6.660315036773682,6.658724308013916,6.665037631988525,6.661868572235107,-0.008097648620605469,0.0015535354614257812,-0.00965118408203125,-0.0031690597534179688,0.0031442642211914062,great_plains|2020-03-09T12:00:00,extreme,27.98307037353516,98.79032258064515,,,5.231605291366577,-4.640408754348755,2.357064962387085,flat,unavailable
great_plains,great_plains_2020030912_extreme,2020-03-09T12:00:00,12,4.826912879943848,4.80756139755249,4.807745933532715,4.822960376739502,4.819782257080078,-0.007130622863769531,0.01222085952758789,-0.019351482391357422,-0.003178119659423828,0.012036323547363281,great_plains|2020-03-09T12:00:00,extreme,27.98307037353516,98.79032258064515,,,5.231605291366577,-4.640408754348755,2.357064962387085,flat,unavailable
great_plains,great_plains_2020030912_extreme,2020-03-09T12:00:00,24,2.483952283859253,2.4620492458343506,2.468663215637207,2.4806101322174072,2.469411849975586,-0.014540433883666992,0.0073626041412353516,-0.021903038024902344,-0.011198282241821289,0.0007486343383789062,great_plains|2020-03-09T12:00:00,extreme,27.98307037353516,98.79032258064515,,,5.231605291366577,-4.640408754348755,2.357064962387085,flat,unavailable
great_plains,great_plains_2020041712_typical,2020-04-17T12:00:00,6,2.503169059753418,2.4988839626312256,2.500938892364502,2.504090547561645,2.5006632804870605,-0.002505779266357422,0.001779317855834961,-0.004285097122192383,-0.003427267074584517,-0.00027561187744140625,great_plains|2020-04-17T12:00:00,typical,13.07493019104004,52.083333333333336,,,4.506815075874329,-3.961905241012573,2.0203315019607544,flat,unavailable
great_plains,great_plains_2020041712_typical,2020-04-17T12:00:00,12,2.464441299438477,2.4495291709899902,2.4531071186065674,2.461090564727783,2.4503960609436035,-0.014045238494873491,0.0008668899536132812,-0.014912128448486772,-0.010694503784179688,-0.002711057662963867,great_plains|2020-04-17T12:00:00,typical,13.07493019104004,52.083333333333336,,,4.506815075874329,-3.961905241012573,2.0203315019607544,flat,unavailable
great_plains,great_plains_2020041712_typical,2020-04-17T12:00:00,24,2.155368566513061,2.130401134490967,2.132873296737671,2.142826557159424,2.1260786056518555,-0.02928996086120561,-0.004322528839111328,-0.024967432022094282,-0.01674795150756836,-0.00679469108581543,great_plains|2020-04-17T12:00:00,typical,13.07493019104004,52.083333333333336,,,4.506815075874329,-3.961905241012573,2.0203315019607544,flat,unavailable
great_plains,great_plains_2020090900_humid,2020-09-09T00:00:00,6,9.82774829864502,9.818495750427246,9.818737030029297,9.828783988952637,9.830769538879396,0.0030212402343767764,0.012273788452150214,-0.009252548217773438,0.001985549926759589,0.012032508850099433,great_plains|2020-09-09T00:00:00,humid,31.98240852355957,78.75,,,7.50387167930603,-2.953470657579601,6.26500391960144,flat,unavailable
great_plains,great_plains_2020090900_humid,2020-09-09T00:00:00,12,10.138345718383787,10.122523307800291,10.130260467529297,10.13542938232422,10.12759494781494,-0.010750770568847656,0.0050716400146484375,-0.015822410583496094,-0.007834434509280896,-0.002665519714357245,great_plains|2020-09-09T00:00:00,humid,31.98240852355957,78.75,,,7.50387167930603,-2.953470657579601,6.26500391960144,flat,unavailable
great_plains,great_plains_2020090900_humid,2020-09-09T00:00:00,24,10.617937088012695,10.589059829711914,10.609504699707031,10.582335472106934,10.590787887573242,-0.027149200439453125,0.001728057861328125,-0.02887725830078125,0.008452415466308594,-0.018716812133789062,great_plains|2020-09-09T00:00:00,humid,31.98240852355957,78.75,,,7.50387167930603,-2.953470657579601,6.26500391960144,flat,unavailable
great_plains,great_plains_2020112612_low,2020-11-26T12:00:00,6,3.151556491851806,3.1447274684906006,3.142646312713623,3.152468681335449,3.144742727279663,-0.006813764572143111,1.52587890625e-05,-0.006829023361205611,-0.007725954055786133,0.002096414566040039,great_plains|2020-11-26T12:00:00,low,7.32115364074707,24.58333333333333,,,5.346268653869629,-5.043659687042236,1.740623116493225,flat,unavailable
great_plains,great_plains_2020112612_low,2020-11-26T12:00:00,12,3.8070068359375,3.794034004211426,3.7892696857452393,3.808383464813232,3.7937493324279785,-0.013257503509521484,-0.0002846717834472656,-0.012972831726074219,-0.014634132385253462,0.004479646682739258,great_plains|2020-11-26T12:00:00,low,7.32115364074707,24.58333333333333,,,5.346268653869629,-5.043659687042236,1.740623116493225,flat,unavailable
great_plains,great_plains_2020112612_low,2020-11-26T12:00:00,24,2.571034669876098,2.558578491210937,2.555315494537353,2.5707478523254395,2.555882453918457,-0.015152215957641157,-0.0026960372924800247,-0.012456178665161133,-0.014865398406982422,0.0005669593811039597,great_plains|2020-11-26T12:00:00,low,7.32115364074707,24.58333333333333,,,5.346268653869629,-5.043659687042236,1.740623116493225,flat,unavailable
great_plains,great_plains_2020123012_low,2020-12-30T12:00:00,6,0.7672122120857239,0.7659292817115784,0.7660827040672302,0.7660134434700012,0.7601071000099182,-0.007105112075805664,-0.005822181701660156,-0.0012829303741455078,-0.005906343460083008,-0.005975604057312012,great_plains|2020-12-30T12:00:00,low,6.269253253936768,20.967741935483872,,,7.258879423141479,-6.620756387710571,2.6092981696128845,flat,unavailable
great_plains,great_plains_2020123012_low,2020-12-30T12:00:00,12,0.8171441555023193,0.8155900835990906,0.8140912652015686,0.8162341117858887,0.8062254786491394,-0.010918676853179932,-0.009364604949951172,-0.0015540719032287598,-0.010008633136749268,-0.0078657865524292,great_plains|2020-12-30T12:00:00,low,6.269253253936768,20.967741935483872,,,7.258879423141479,-6.620756387710571,2.6092981696128845,flat,unavailable
great_plains,great_plains_2020123012_low,2020-12-30T12:00:00,24,0.8981831669807434,0.8868944644927979,0.8890991806983948,0.8955473303794861,0.8794957995414734,-0.01868736743927002,-0.007398664951324463,-0.011288702487945557,-0.016051530838012695,-0.009603381156921387,great_plains|2020-12-30T12:00:00,low,6.269253253936768,20.967741935483872,,,7.258879423141479,-6.620756387710571,2.6092981696128845,flat,unavailable
great_plains,great_plains_2021071400_typical,2021-07-14T00:00:00,6,10.41140365600586,10.383706092834473,10.391682624816896,10.388933181762695,10.38916301727295,-0.022240638732910156,0.0054569244384765625,-0.02769756317138672,0.00022983551025390625,-0.002519607543947089,great_plains|2021-07-14T00:00:00,typical,36.47850036621094,51.20967741935484,,,13.0382342338562,-11.319990634918211,6.457786321640015,flat,unavailable
great_plains,great_plains_2021071400_typical,2021-07-14T00:00:00,12,8.756174087524414,8.734037399291992,8.723164558410645,8.751724243164062,8.763588905334473,0.007414817810058594,0.02955150604248047,-0.022136688232421875,0.011864662170410156,0.040424346923828125,great_plains|2021-07-14T00:00:00,typical,36.47850036621094,51.20967741935484,,,13.0382342338562,-11.319990634918211,6.457786321640015,flat,unavailable
great_plains,great_plains_2021071400_typical,2021-07-14T00:00:00,24,11.352888107299805,11.324408531188965,11.343497276306152,11.349776268005373,11.321779251098633,-0.031108856201171875,-0.0026292800903320312,-0.028479576110839844,-0.027997016906740058,-0.02171802520751953,great_plains|2021-07-14T00:00:00,typical,36.47850036621094,51.20967741935484,,,13.0382342338562,-11.319990634918211,6.457786321640015,flat,unavailable
great_plains,great_plains_2021081212_humid,2021-08-12T12:00:00,6,11.77934741973877,11.75713348388672,11.768352508544922,11.74701976776123,11.74885368347168,-0.030493736267089844,-0.008279800415040839,-0.022213935852049005,0.0018339157104492188,-0.019498825073242188,great_plains|2021-08-12T12:00:00,humid,41.02215576171875,83.87096774193549,,,7.85274076461792,-6.075669407844544,4.744835495948792,flat,unavailable
great_plains,great_plains_2021081212_humid,2021-08-12T12:00:00,12,14.118330955505373,14.095327377319336,14.096863746643066,14.094876289367676,14.070409774780272,-0.04792118072510121,-0.024917602539064276,-0.023003578186036933,-0.02446651458740412,-0.026453971862794745,great_plains|2021-08-12T12:00:00,humid,41.02215576171875,83.87096774193549,,,7.85274076461792,-6.075669407844544,4.744835495948792,flat,unavailable
great_plains,great_plains_2021081212_humid,2021-08-12T12:00:00,24,12.424606323242188,12.400838851928713,12.409833908081056,12.382686614990234,12.38617992401123,-0.03842639923095703,-0.014658927917482245,-0.023767471313474786,0.0034933090209960938,-0.023653984069825995,great_plains|2021-08-12T12:00:00,humid,41.02215576171875,83.87096774193549,,,7.85274076461792,-6.075669407844544,4.744835495948792,flat,unavailable
great_plains,great_plains_2022060400_low,2022-06-04T00:00:00,6,4.005515575408936,3.9934065341949454,4.004716396331787,3.951425313949585,3.973379611968994,-0.032135963439942294,-0.02002692222595126,-0.012109041213991034,0.02195429801940918,-0.03133678436279297,great_plains|2022-06-04T00:00:00,low,21.47709083557129,12.916666666666668,,,7.808006048202515,-6.894065618515015,3.6628142595291138,flat,unavailable
great_plains,great_plains_2022060400_low,2022-06-04T00:00:00,12,5.839903354644775,5.830286979675293,5.839882373809815,5.793797969818115,5.807297706604004,-0.032605648040771484,-0.022989273071289062,-0.009616374969482422,0.013499736785888672,-0.032584667205811435,great_plains|2022-06-04T00:00:00,low,21.47709083557129,12.916666666666668,,,7.808006048202515,-6.894065618515015,3.6628142595291138,flat,unavailable
great_plains,great_plains_2022060400_low,2022-06-04T00:00:00,24,11.173131942749023,11.15841293334961,11.163654327392578,11.157733917236328,11.168516159057615,-0.004615783691408026,0.010103225708006036,-0.014719009399414062,0.010782241821287286,0.004861831665037286,great_plains|2022-06-04T00:00:00,low,21.47709083557129,12.916666666666668,,,7.808006048202515,-6.894065618515015,3.6628142595291138,flat,unavailable
great_plains,great_plains_2022062312_extreme,2022-06-23T12:00:00,6,10.741518020629885,10.724843978881836,10.739407539367676,10.733393669128418,10.72831916809082,-0.013198852539064276,0.003475189208984375,-0.01667404174804865,-0.005074501037597656,-0.011088371276855469,great_plains|2022-06-23T12:00:00,extreme,45.708763122558594,97.08333333333331,,,15.01641845703125,-12.997032642364502,7.497097969055176,flat,unavailable
great_plains,great_plains_2022062312_extreme,2022-06-23T12:00:00,12,11.998655319213867,11.974111557006836,11.999058723449709,11.99724006652832,12.003899574279783,0.005244255065916192,0.029788017272947442,-0.02454376220703125,0.006659507751463067,0.004840850830074572,great_plains|2022-06-23T12:00:00,extreme,45.708763122558594,97.08333333333331,,,15.01641845703125,-12.997032642364502,7.497097969055176,flat,unavailable
great_plains,great_plains_2022062312_extreme,2022-06-23T12:00:00,24,10.272323608398438,10.216915130615234,10.234759330749512,10.221190452575684,10.183099746704102,-0.08922386169433594,-0.03381538391113281,-0.055408477783203125,-0.03809070587158203,-0.051659584045410156,great_plains|2022-06-23T12:00:00,extreme,45.708763122558594,97.08333333333331,,,15.01641845703125,-12.997032642364502,7.497097969055176,flat,unavailable
great_plains,great_plains_2022091000_typical,2022-09-10T00:00:00,6,9.12169361114502,9.111804008483888,9.11402416229248,9.131190299987791,9.132554054260254,0.010860443115234375,0.02075004577636541,-0.009889602661131036,0.0013637542724627139,0.018529891967773438,great_plains|2022-09-10T00:00:00,typical,26.266202926635746,55.41666666666667,,,14.33085036277771,-8.7481889128685,7.771523714065552,flat,unavailable
great_plains,great_plains_2022091000_typical,2022-09-10T00:00:00,12,9.745556831359863,9.73652172088623,9.736600875854492,9.747593879699709,9.7543363571167,0.008779525756835938,0.01781463623046875,-0.009035110473632812,0.006742477416990411,0.01773548126220703,great_plains|2022-09-10T00:00:00,typical,26.266202926635746,55.41666666666667,,,14.33085036277771,-8.7481889128685,7.771523714065552,flat,unavailable
great_plains,great_plains_2022091000_typical,2022-09-10T00:00:00,24,7.92214298248291,7.902628898620605,7.904751300811768,7.907224655151367,7.914507865905762,-0.0076351165771484375,0.011878967285157138,-0.019514083862305576,0.007283210754394531,0.00975656509399414,great_plains|2022-09-10T00:00:00,typical,26.266202926635746,55.41666666666667,,,14.33085036277771,-8.7481889128685,7.771523714065552,flat,unavailable
great_plains,great_plains_2023080212_humid,2023-08-02T12:00:00,6,10.67426300048828,10.644177436828612,10.666559219360352,10.649383544921877,10.660818099975586,-0.013444900512693536,0.016640663146974433,-0.03008556365966797,0.011434555053709161,-0.005741119384765625,great_plains|2023-08-02T12:00:00,humid,43.02192687988281,87.5,,,7.925164461135864,-5.7353675365448,5.448843717575073,flat,unavailable
great_plains,great_plains_2023080212_humid,2023-08-02T12:00:00,12,14.021103858947754,13.99147605895996,14.020236015319824,14.017333984375,13.99441146850586,-0.02669239044189453,0.002935409545900214,-0.029627799987794745,-0.022922515869140625,-0.025824546813964844,great_plains|2023-08-02T12:00:00,humid,43.02192687988281,87.5,,,7.925164461135864,-5.7353675365448,5.448843717575073,flat,unavailable
great_plains,great_plains_2023080212_humid,2023-08-02T12:00:00,24,12.445528030395508,12.423018455505373,12.436543464660645,12.42566967010498,12.44374656677246,-0.0017814636230486514,0.02072811126708629,-0.022509574890134942,0.018076896667478692,0.00720310211181463,great_plains|2023-08-02T12:00:00,humid,43.02192687988281,87.5,,,7.925164461135864,-5.7353675365448,5.448843717575073,flat,unavailable
great_plains,great_plains_2023092212_extreme,2023-09-22T12:00:00,6,12.932421684265137,12.924211502075195,12.93040657043457,12.915569305419922,12.909290313720703,-0.023131370544433594,-0.014921188354492188,-0.008210182189941406,-0.00627899169921875,-0.021116256713867188,great_plains|2023-09-22T12:00:00,extreme,40.537139892578125,96.66666666666669,,,15.288213729858398,-13.059348583221436,7.938114404678345,flat,unavailable
great_plains,great_plains_2023092212_extreme,2023-09-22T12:00:00,12,13.45966625213623,13.433773040771484,13.444761276245115,13.429367065429688,13.433990478515623,-0.025675773620607245,0.00021743774413884864,-0.025893211364746094,0.004623413085935724,-0.010770797729492188,great_plains|2023-09-22T12:00:00,extreme,40.537139892578125,96.66666666666669,,,15.288213729858398,-13.059348583221436,7.938114404678345,flat,unavailable
great_plains,great_plains_2023092212_extreme,2023-09-22T12:00:00,24,12.38758945465088,12.333992958068848,12.3316068649292,12.324219703674316,12.343737602233888,-0.04385185241699219,0.009744644165040839,-0.053596496582033026,0.01951789855957209,0.012130737304689276,great_plains|2023-09-22T12:00:00,extreme,40.537139892578125,96.66666666666669,,,15.288213729858398,-13.059348583221436,7.938114404678345,flat,unavailable
himalayas,himalayas_2020042512_humid,2020-04-25T12:00:00,6,6.517544269561768,6.49164342880249,6.495921611785889,6.509054660797119,6.47830867767334,-0.039235591888427734,-0.01333475112915039,-0.025900840759277344,-0.030745983123779297,-0.017612934112548828,himalayas|2020-04-25T12:00:00,humid,15.666426658630373,84.58333333333333,4.519604772212915e-05,61.25000000000001,24.86403465270996,-13.10902214050293,21.108498573303223,mountain,moderate
himalayas,himalayas_2020042512_humid,2020-04-25T12:00:00,12,5.840087413787842,5.807302951812744,5.814773082733154,5.82926607131958,5.791356563568115,-0.04873085021972656,-0.015946388244628906,-0.032784461975097656,-0.037909507751464844,-0.023416519165039062,himalayas|2020-04-25T12:00:00,humid,15.666426658630373,84.58333333333333,4.519604772212915e-05,61.25000000000001,24.86403465270996,-13.10902214050293,21.108498573303223,mountain,moderate
himalayas,himalayas_2020042512_humid,2020-04-25T12:00:00,24,6.96419095993042,6.936282157897949,6.941239833831787,6.953216075897217,6.927077293395996,-0.03711366653442383,-0.009204864501953125,-0.027908802032470703,-0.026138782501220703,-0.014162540435791016,himalayas|2020-04-25T12:00:00,humid,15.666426658630373,84.58333333333333,4.519604772212915e-05,61.25000000000001,24.86403465270996,-13.10902214050293,21.108498573303223,mountain,moderate
himalayas,himalayas_2020070912_extreme,2020-07-09T12:00:00,6,12.56430721282959,12.514639854431152,12.515596389770508,12.545453071594238,12.466553688049316,-0.09775352478027344,-0.04808616638183594,-0.0496673583984375,-0.07889938354492188,-0.049042701721191406,himalayas|2020-07-09T12:00:00,extreme,35.914546966552734,97.98387096774194,0.000525613722857,70.96774193548387,44.25640869140625,-16.314494132995605,41.1382999420166,mountain,moderate
himalayas,himalayas_2020070912_extreme,2020-07-09T12:00:00,12,12.513312339782717,12.449880599975586,12.46372413635254,12.493559837341309,12.430753707885742,-0.08255863189697443,-0.01912689208984375,-0.06343173980713068,-0.0628061294555664,-0.03297042846679865,himalayas|2020-07-09T12:00:00,extreme,35.914546966552734,97.98387096774194,0.000525613722857,70.96774193548387,44.25640869140625,-16.314494132995605,41.1382999420166,mountain,moderate
himalayas,himalayas_2020070912_extreme,2020-07-09T12:00:00,24,12.81609058380127,12.75594997406006,12.765527725219728,12.792181968688965,12.724867820739746,-0.09122276306152344,-0.031082153320314276,-0.06014060974120916,-0.06731414794921875,-0.040659904479982245,himalayas|2020-07-09T12:00:00,extreme,35.914546966552734,97.98387096774194,0.000525613722857,70.96774193548387,44.25640869140625,-16.314494132995605,41.1382999420166,mountain,moderate
himalayas,himalayas_2020073012_humid,2020-07-30T12:00:00,6,11.894474029541016,11.85068130493164,11.858763694763184,11.878210067749023,11.853565216064451,-0.040908813476564276,0.0028839111328107236,-0.043792724609375,-0.02464485168457209,-0.005198478698732245,himalayas|2020-07-30T12:00:00,humid,33.900146484375,81.85483870967742,0.0003380390407983,51.20967741935484,32.71285629272461,-9.581369876861572,31.203575134277344,mountain,non-raining
himalayas,himalayas_2020073012_humid,2020-07-30T12:00:00,12,11.558880805969238,11.502447128295898,11.514026641845703,11.539363861083984,11.529955863952637,-0.028924942016601562,0.02750873565673828,-0.056433677673339844,-0.009407997131347656,0.015929222106933594,himalayas|2020-07-30T12:00:00,humid,33.900146484375,81.85483870967742,0.0003380390407983,51.20967741935484,32.71285629272461,-9.581369876861572,31.203575134277344,mountain,non-raining
himalayas,himalayas_2020073012_humid,2020-07-30T12:00:00,24,12.238492012023926,12.187180519104004,12.199333190917969,12.215211868286133,12.153531074523926,-0.0849609375,-0.033649444580078125,-0.051311492919921875,-0.06168079376220703,-0.04580211639404297,himalayas|2020-07-30T12:00:00,humid,33.900146484375,81.85483870967742,0.0003380390407983,51.20967741935484,32.71285629272461,-9.581369876861572,31.203575134277344,mountain,non-raining
himalayas,himalayas_2020082812_low,2020-08-28T12:00:00,6,11.088947296142578,11.055710792541504,11.059159278869627,11.070440292358398,11.072154998779297,-0.01679229736328125,0.01644420623779297,-0.03323650360107422,0.0017147064208984375,0.012995719909669745,himalayas|2020-08-28T12:00:00,low,28.841981887817383,18.548387096774192,0.0001228946057381,18.951612903225808,25.375727653503414,4.4842071533203125,24.93316078186035,mountain,non-raining
himalayas,himalayas_2020082812_low,2020-08-28T12:00:00,12,10.717836380004885,10.670323371887209,10.673514366149902,10.69481372833252,10.699973106384276,-0.01786327362060902,0.02964973449706676,-0.04751300811767578,0.005159378051756036,0.026458740234373224,himalayas|2020-08-28T12:00:00,low,28.841981887817383,18.548387096774192,0.0001228946057381,18.951612903225808,25.375727653503414,4.4842071533203125,24.93316078186035,mountain,non-raining
himalayas,himalayas_2020082812_low,2020-08-28T12:00:00,24,10.891775131225586,10.853211402893066,10.854741096496582,10.872265815734863,10.856067657470703,-0.03570747375488281,0.0028562545776367188,-0.03856372833251953,-0.016198158264160156,0.0013265609741210938,himalayas|2020-08-28T12:00:00,low,28.841981887817383,18.548387096774192,0.0001228946057381,18.951612903225808,25.375727653503414,4.4842071533203125,24.93316078186035,mountain,non-raining
himalayas,himalayas_2020112700_low,2020-11-27T00:00:00,6,3.73705792427063,3.7030301094055176,3.715652942657471,3.732955455780029,3.672428369522095,-0.06462955474853471,-0.030601739883422407,-0.034027814865112305,-0.06052708625793368,-0.04322457313537598,himalayas|2020-11-27T00:00:00,low,8.231840133666992,30.0,1.1961689779127482e-05,65.83333333333333,25.13382148742676,-18.0654821395874,17.473523139953613,mountain,moderate
himalayas,himalayas_2020112700_low,2020-11-27T00:00:00,12,3.969935655593872,3.927497148513794,3.945226669311523,3.966388702392578,3.884652853012085,-0.08528280258178711,-0.042844295501708984,-0.042438507080078125,-0.08173584938049316,-0.06057381629943803,himalayas|2020-11-27T00:00:00,low,8.231840133666992,30.0,1.1961689779127482e-05,65.83333333333333,25.13382148742676,-18.0654821395874,17.473523139953613,mountain,moderate
himalayas,himalayas_2020112700_low,2020-11-27T00:00:00,24,2.3605642318725586,2.3134031295776367,2.3363351821899414,2.3535714149475098,2.2813637256622314,-0.07920050621032715,-0.03203940391540527,-0.047161102294921875,-0.07220768928527832,-0.05497145652770996,himalayas|2020-11-27T00:00:00,low,8.231840133666992,30.0,1.1961689779127482e-05,65.83333333333333,25.13382148742676,-18.0654821395874,17.473523139953613,mountain,moderate
himalayas,himalayas_2021011900_humid,2021-01-19T00:00:00,6,4.34030294418335,4.310168266296387,4.320825099945068,4.340743064880371,4.292876243591309,-0.047426700592041016,-0.017292022705078125,-0.03013467788696289,-0.0478668212890625,-0.027948856353759766,himalayas|2021-01-19T00:00:00,humid,8.947467803955078,84.67741935483872,5.158283966011368e-05,81.45161290322581,27.03332901000977,-18.051688194274902,20.122933387756348,mountain,moderate
himalayas,himalayas_2021011900_humid,2021-01-19T00:00:00,12,4.701220512390137,4.6667070388793945,4.6782002449035645,4.699473857879639,4.6377854347229,-0.06343507766723633,-0.02892160415649414,-0.03451347351074219,-0.06168842315673828,-0.04041481018066406,himalayas|2021-01-19T00:00:00,humid,8.947467803955078,84.67741935483872,5.158283966011368e-05,81.45161290322581,27.03332901000977,-18.051688194274902,20.122933387756348,mountain,moderate
himalayas,himalayas_2021011900_humid,2021-01-19T00:00:00,24,4.045706272125244,4.009737491607666,4.022021293640137,4.050403594970703,3.990068912506104,-0.05563735961914018,-0.019668579101562056,-0.035968780517578125,-0.060334682464599165,-0.03195238113403276,himalayas|2021-01-19T00:00:00,humid,8.947467803955078,84.67741935483872,5.158283966011368e-05,81.45161290322581,27.03332901000977,-18.051688194274902,20.122933387756348,mountain,moderate
himalayas,himalayas_2021022712_extreme,2021-02-27T12:00:00,6,5.730364799499512,5.691080570220947,5.702764511108398,5.717367172241211,5.688529968261719,-0.04183483123779297,-0.0025506019592285156,-0.03928422927856445,-0.028837203979492188,-0.014234542846679688,himalayas|2021-02-27T12:00:00,extreme,11.208135604858398,96.46017699115043,0.000143259356264,94.69026548672566,25.868335723876957,-11.604302883148192,23.032410621643063,mountain,heavy
himalayas,himalayas_2021022712_extreme,2021-02-27T12:00:00,12,5.155274391174316,5.100506782531738,5.117894172668457,5.139564514160156,5.0772881507873535,-0.07798624038696289,-0.023218631744384766,-0.054767608642578125,-0.062276363372802734,-0.040606021881103516,himalayas|2021-02-27T12:00:00,extreme,11.208135604858398,96.46017699115043,0.000143259356264,94.69026548672566,25.868335723876957,-11.604302883148192,23.032410621643063,mountain,heavy
himalayas,himalayas_2021022712_extreme,2021-02-27T12:00:00,24,5.316284656524658,5.275740623474121,5.289651393890381,5.303846836090088,5.251095294952393,-0.06518936157226562,-0.024645328521728516,-0.04054403305053711,-0.05275154113769531,-0.03855609893798828,himalayas|2021-02-27T12:00:00,extreme,11.208135604858398,96.46017699115043,0.000143259356264,94.69026548672566,25.868335723876957,-11.604302883148192,23.032410621643063,mountain,heavy
himalayas,himalayas_2021051812_extreme,2021-05-18T12:00:00,6,8.473838806152344,8.429765701293945,8.434589385986328,8.446720123291016,8.459481239318848,-0.014357566833496094,0.029715538024902344,-0.04407310485839844,0.012761116027832031,0.02489185333251953,himalayas|2021-05-18T12:00:00,extreme,25.64596366882324,96.37096774193547,0.000235516752582,78.2258064516129,14.455453395843506,-1.930101990699768,14.070269107818604,mountain,moderate
himalayas,himalayas_2021051812_extreme,2021-05-18T12:00:00,12,8.271206855773926,8.210458755493164,8.221601486206055,8.237530708312988,8.242730140686035,-0.028476715087890625,0.032271385192871094,-0.06074810028076172,0.005199432373046875,0.02112865447998047,himalayas|2021-05-18T12:00:00,extreme,25.64596366882324,96.37096774193547,0.000235516752582,78.2258064516129,14.455453395843506,-1.930101990699768,14.070269107818604,mountain,moderate
himalayas,himalayas_2021051812_extreme,2021-05-18T12:00:00,24,9.248470306396484,9.211721420288086,9.21760368347168,9.22830867767334,9.216485023498535,-0.03198528289794922,0.004763603210449219,-0.03674888610839844,-0.011823654174804688,-0.0011186599731445312,himalayas|2021-05-18T12:00:00,extreme,25.64596366882324,96.37096774193547,0.000235516752582,78.2258064516129,14.455453395843506,-1.930101990699768,14.070269107818604,mountain,moderate
himalayas,himalayas_2021080112_typical,2021-08-01T12:00:00,6,12.19919490814209,12.151954650878906,12.16258430480957,12.178092002868652,12.157759666442873,-0.041435241699216974,0.00580501556396662,-0.047240257263183594,-0.020332336425779474,-0.004824638366697442,himalayas|2021-08-01T12:00:00,typical,31.810148239135746,45.564516129032256,0.0004424379148986,69.75806451612904,29.847211837768555,3.4684125185012817,29.63861083984375,mountain,moderate
himalayas,himalayas_2021080112_typical,2021-08-01T12:00:00,12,11.71834945678711,11.653592109680176,11.671867370605469,11.694499969482422,11.68600368499756,-0.032345771789549005,0.03241157531738459,-0.0647573471069336,-0.008496284484861505,0.01413631439209162,himalayas|2021-08-01T12:00:00,typical,31.810148239135746,45.564516129032256,0.0004424379148986,69.75806451612904,29.847211837768555,3.4684125185012817,29.63861083984375,mountain,moderate
himalayas,himalayas_2021080112_typical,2021-08-01T12:00:00,24,12.060189247131348,12.012364387512209,12.021966934204102,12.037386894226074,12.01731014251709,-0.04287910461425781,0.004945755004881036,-0.04782485961913885,-0.020076751708984375,-0.004656791687011719,himalayas|2021-08-01T12:00:00,typical,31.810148239135746,45.564516129032256,0.0004424379148986,69.75806451612904,29.847211837768555,3.4684125185012817,29.63861083984375,mountain,moderate
himalayas,himalayas_2022021500_low,2022-02-15T00:00:00,6,3.1659722328186035,3.146571397781372,3.152315855026245,3.16563081741333,3.137110710144043,-0.028861522674560547,-0.009460687637329102,-0.019400835037231445,-0.02852010726928711,-0.015205144882202148,himalayas|2022-02-15T00:00:00,low,5.9698805809021,15.929203539823009,1.9230283214710653e-05,50.88495575221239,23.438157081604004,-15.113460063934326,17.910221099853516,mountain,non-raining
himalayas,himalayas_2022021500_low,2022-02-15T00:00:00,12,3.8507447242736816,3.827339172363281,3.832435131072998,3.8545520305633545,3.819154500961304,-0.031590223312377486,-0.008184671401976651,-0.023405551910400835,-0.03539752960205034,-0.013280630111693892,himalayas|2022-02-15T00:00:00,low,5.9698805809021,15.929203539823009,1.9230283214710653e-05,50.88495575221239,23.438157081604004,-15.113460063934326,17.910221099853516,mountain,non-raining
himalayas,himalayas_2022021500_low,2022-02-15T00:00:00,24,2.893817186355591,2.86629056930542,2.8734731674194336,2.8874311447143555,2.833204507827759,-0.06061267852783203,-0.03308606147766113,-0.0275266170501709,-0.05422663688659668,-0.040268659591674805,himalayas|2022-02-15T00:00:00,low,5.9698805809021,15.929203539823009,1.9230283214710653e-05,50.88495575221239,23.438157081604004,-15.113460063934326,17.910221099853516,mountain,non-raining
himalayas,himalayas_2022050112_typical,2022-05-01T12:00:00,6,8.018915176391602,7.985673904418945,7.990264415740967,8.004670143127441,7.96721887588501,-0.0516963005065918,-0.018455028533935547,-0.03324127197265625,-0.03745126724243164,-0.02304553985595703,himalayas|2022-05-01T12:00:00,typical,17.754709243774414,45.564516129032256,0.0002592515374999,81.04838709677419,28.60590076446533,-10.19738268852234,26.71661949157715,mountain,moderate
himalayas,himalayas_2022050112_typical,2022-05-01T12:00:00,12,7.442449569702148,7.401648044586182,7.407373428344727,7.431913375854492,7.395405292510986,-0.04704427719116211,-0.0062427520751953125,-0.0408015251159668,-0.03650808334350586,-0.011968135833740234,himalayas|2022-05-01T12:00:00,typical,17.754709243774414,45.564516129032256,0.0002592515374999,81.04838709677419,28.60590076446533,-10.19738268852234,26.71661949157715,mountain,moderate
himalayas,himalayas_2022050112_typical,2022-05-01T12:00:00,24,8.243058204650879,8.205170631408691,8.214327812194824,8.2295503616333,8.208197593688965,-0.03486061096191406,0.0030269622802734375,-0.0378875732421875,-0.021352767944335938,-0.006130218505859375,himalayas|2022-05-01T12:00:00,typical,17.754709243774414,45.564516129032256,0.0002592515374999,81.04838709677419,28.60590076446533,-10.19738268852234,26.71661949157715,mountain,moderate
himalayas,himalayas_2022062300_typical,2022-06-23T00:00:00,6,10.72301959991455,10.67747688293457,10.684552192687988,10.709040641784668,10.717690467834473,-0.005329132080078125,0.040213584899902344,-0.04554271697998047,0.008649826049804688,0.033138275146484375,himalayas|2022-06-23T00:00:00,typical,28.99187660217285,59.583333333333336,8.544138836441562e-05,24.166666666666668,23.05720996856689,-0.5977553129196167,22.868741989135746,mountain,non-raining
himalayas,himalayas_2022062300_typical,2022-06-23T00:00:00,12,11.272501945495604,11.22759246826172,11.237529754638672,11.255294799804688,11.24979305267334,-0.02270889282226385,0.022200584411619317,-0.044909477233883166,-0.005501747131347656,0.012263298034667969,himalayas|2022-06-23T00:00:00,typical,28.99187660217285,59.583333333333336,8.544138836441562e-05,24.166666666666668,23.05720996856689,-0.5977553129196167,22.868741989135746,mountain,non-raining
himalayas,himalayas_2022062300_typical,2022-06-23T00:00:00,24,11.238764762878418,11.195380210876465,11.200178146362305,11.214189529418944,11.1923189163208,-0.04644584655761719,-0.0030612945556640625,-0.043384552001953125,-0.021870613098142755,-0.007859230041503906,himalayas|2022-06-23T00:00:00,typical,28.99187660217285,59.583333333333336,8.544138836441562e-05,24.166666666666668,23.05720996856689,-0.5977553129196167,22.868741989135746,mountain,non-raining
japan,japan_2020080112_low,2020-08-01T12:00:00,6,11.392014503479004,11.40123462677002,11.397247314453123,11.38341999053955,11.410321235656738,0.018306732177734375,0.00908660888671875,0.009220123291015625,0.0269012451171875,0.013073921203615058,japan|2020-08-01T12:00:00,low,39.36107635498047,21.774193548387096,6.07762485742569e-05,50.403225806451616,17.406497955322266,10.795429229736328,13.648386001586914,flat,non-raining
japan,japan_2020080112_low,2020-08-01T12:00:00,12,10.733177185058594,10.752482414245604,10.742725372314451,10.721089363098145,10.77325439453125,0.04007720947265625,0.020771980285646308,0.019305229187009942,0.05216503143310547,0.03052902221679865,japan|2020-08-01T12:00:00,low,39.36107635498047,21.774193548387096,6.07762485742569e-05,50.403225806451616,17.406497955322266,10.795429229736328,13.648386001586914,flat,non-raining
japan,japan_2020080112_low,2020-08-01T12:00:00,24,12.253741264343262,12.264225959777832,12.259408950805664,12.254158020019531,12.276887893676758,0.023146629333496094,0.012661933898925781,0.010484695434570312,0.022729873657226562,0.01747894287109375,japan|2020-08-01T12:00:00,low,39.36107635498047,21.774193548387096,6.07762485742569e-05,50.403225806451616,17.406497955322266,10.795429229736328,13.648386001586914,flat,non-raining
japan,japan_2020102700_low,2020-10-27T00:00:00,6,5.286186695098877,5.292315006256104,5.285472393035889,5.287615776062012,5.278589248657227,-0.007597446441650391,-0.013725757598877841,0.006128311157227451,-0.009026527404785156,-0.006883144378662109,japan|2020-10-27T00:00:00,low,13.157445907592772,20.967741935483872,6.30716749583371e-06,29.03225806451613,9.612906455993652,-4.916951656341553,8.208309650421143,flat,non-raining
japan,japan_2020102700_low,2020-10-27T00:00:00,12,5.245089530944824,5.248677730560303,5.238765716552734,5.237639904022217,5.227966785430908,-0.017122745513916016,-0.02071094512939453,0.0035881996154785156,-0.009673118591308594,-0.010798931121826172,japan|2020-10-27T00:00:00,low,13.157445907592772,20.967741935483872,6.30716749583371e-06,29.03225806451613,9.612906455993652,-4.916951656341553,8.208309650421143,flat,non-raining
japan,japan_2020102700_low,2020-10-27T00:00:00,24,4.413765907287598,4.414038181304932,4.405074596405029,4.410200595855713,4.3947296142578125,-0.019036293029785156,-0.01930856704711914,0.0002722740173339844,-0.01547098159790039,-0.010344982147216797,japan|2020-10-27T00:00:00,low,13.157445907592772,20.967741935483872,6.30716749583371e-06,29.03225806451613,9.612906455993652,-4.916951656341553,8.208309650421143,flat,non-raining
japan,japan_2021022700_low,2021-02-27T00:00:00,6,1.7853882312774658,1.7884492874145508,1.7825639247894287,1.7844468355178833,1.773900270462036,-0.01148796081542991,-0.01454901695251487,0.003061056137084961,-0.01054656505584739,-0.0086636543273928,japan|2021-02-27T00:00:00,low,4.085369110107422,13.274336283185844,8.668554983159993e-06,40.70796460176992,11.146281242370604,-9.769917011260986,5.356995582580566,flat,non-raining
japan,japan_2021022700_low,2021-02-27T00:00:00,12,1.5869609117507937,1.588651418685913,1.5813069343566897,1.5827010869979858,1.5703679323196411,-0.016592979431152566,-0.018283486366271973,0.0016905069351194069,-0.012333154678344727,-0.010939002037048562,japan|2021-02-27T00:00:00,low,4.085369110107422,13.274336283185844,8.668554983159993e-06,40.70796460176992,11.146281242370604,-9.769917011260986,5.356995582580566,flat,non-raining
japan,japan_2021022700_low,2021-02-27T00:00:00,24,0.6246337890625,0.6250556707382202,0.6180160641670227,0.623363733291626,0.6089841723442078,-0.015649616718292236,-0.01607149839401245,0.00042188167572021484,-0.014379560947418213,-0.009031891822814941,japan|2021-02-27T00:00:00,low,4.085369110107422,13.274336283185844,8.668554983159993e-06,40.70796460176992,11.146281242370604,-9.769917011260986,5.356995582580566,flat,non-raining
japan,japan_2021031500_typical,2021-03-15T00:00:00,6,2.879241704940796,2.8792684078216557,2.878203630447388,2.878552198410034,2.870858907699585,-0.008382797241210938,-0.008409500122070757,2.670288085981909e-05,-0.007693290710449219,-0.0073447227478031785,japan|2021-03-15T00:00:00,typical,9.102846145629885,41.12903225806452,4.361870651337085e-06,32.25806451612903,7.593585968017578,-4.849782109260559,5.783360719680786,flat,non-raining
japan,japan_2021031500_typical,2021-03-15T00:00:00,12,2.165665864944458,2.1629652976989746,2.165583610534668,2.1655733585357666,2.1517059803009038,-0.013959884643554243,-0.011259317398070845,-0.0027005672454833984,-0.013867378234862837,-0.013877630233764204,japan|2021-03-15T00:00:00,typical,9.102846145629885,41.12903225806452,4.361870651337085e-06,32.25806451612903,7.593585968017578,-4.849782109260559,5.783360719680786,flat,non-raining
japan,japan_2021031500_typical,2021-03-15T00:00:00,24,2.097283124923706,2.100332260131836,2.0948050022125244,2.092318534851074,2.069276571273804,-0.0280065536499019,-0.031055688858031782,0.003049135208129883,-0.023041963577270064,-0.02552843093872026,japan|2021-03-15T00:00:00,typical,9.102846145629885,41.12903225806452,4.361870651337085e-06,32.25806451612903,7.593585968017578,-4.849782109260559,5.783360719680786,flat,non-raining
japan,japan_2021080812_humid,2021-08-08T12:00:00,6,14.459558486938477,14.465014457702637,14.460840225219728,14.429987907409668,14.459811210632324,0.00025272369384765625,-0.0052032470703125,0.005455970764160156,0.02982330322265625,-0.00102901458740412,japan|2021-08-08T12:00:00,humid,52.72243118286133,89.51612903225806,2.1228674086160023e-05,27.016129032258064,22.471803665161133,2.664995551109314,22.27124691009521,flat,non-raining
japan,japan_2021080812_humid,2021-08-08T12:00:00,12,14.524140357971191,14.535789489746094,14.53870964050293,14.488056182861328,14.541370391845703,0.01723003387451172,0.005580902099609375,0.011649131774902344,0.053314208984375,0.0026607513427734375,japan|2021-08-08T12:00:00,humid,52.72243118286133,89.51612903225806,2.1228674086160023e-05,27.016129032258064,22.471803665161133,2.664995551109314,22.27124691009521,flat,non-raining
japan,japan_2021080812_humid,2021-08-08T12:00:00,24,13.162976264953612,13.148566246032717,13.15590476989746,13.11587905883789,13.138373374938965,-0.02460289001464666,-0.010192871093751776,-0.014410018920894885,0.02249431610107422,-0.017531394958494317,japan|2021-08-08T12:00:00,humid,52.72243118286133,89.51612903225806,2.1228674086160023e-05,27.016129032258064,22.471803665161133,2.664995551109314,22.27124691009521,flat,non-raining
japan,japan_2021091800_extreme,2021-09-18T00:00:00,6,14.079668045043944,14.084465980529783,14.100662231445312,14.068441390991213,14.085338592529297,0.005670547485353339,0.0008726119995134951,0.004797935485839844,0.01689720153808416,-0.015323638916015625,japan|2021-09-18T00:00:00,extreme,52.6580924987793,95.83333333333334,0.0023563387803733,98.75,16.44077444076538,3.686330914497376,15.96856451034546,flat,heavy
japan,japan_2021091800_extreme,2021-09-18T00:00:00,12,13.706454277038574,13.718449592590332,13.740030288696287,13.693811416625977,13.707932472229004,0.0014781951904296875,-0.010517120361328125,0.011995315551757812,0.014121055603027344,-0.03209781646728338,japan|2021-09-18T00:00:00,extreme,52.6580924987793,95.83333333333334,0.0023563387803733,98.75,16.44077444076538,3.686330914497376,15.96856451034546,flat,heavy
japan,japan_2021091800_extreme,2021-09-18T00:00:00,24,9.436880111694336,9.456061363220217,9.455913543701172,9.455342292785645,9.427218437194824,-0.009661674499511719,-0.0288429260253924,0.019181251525880683,-0.028123855590820312,-0.028695106506347656,japan|2021-09-18T00:00:00,extreme,52.6580924987793,95.83333333333334,0.0023563387803733,98.75,16.44077444076538,3.686330914497376,15.96856451034546,flat,heavy
japan,japan_2022020312_typical,2022-02-03T12:00:00,6,1.8542165756225584,1.8566714525222776,1.855757713317871,1.8540682792663572,1.8475029468536377,-0.006713628768920676,-0.009168505668639915,0.0024548768997192383,-0.0065653324127195045,-0.008254766464233398,japan|2022-02-03T12:00:00,typical,5.60111141204834,43.36283185840708,1.000303109321976e-05,42.47787610619469,8.06199836730957,-4.754371404647827,6.384335279464722,flat,non-raining
japan,japan_2022020312_typical,2022-02-03T12:00:00,12,1.958249568939209,1.9600114822387693,1.960612773895264,1.959352970123291,1.9512529373168943,-0.006996631622314675,-0.008758544921875,0.0017619132995603248,-0.008100032806396706,-0.009359836578369585,japan|2022-02-03T12:00:00,typical,5.60111141204834,43.36283185840708,1.000303109321976e-05,42.47787610619469,8.06199836730957,-4.754371404647827,6.384335279464722,flat,non-raining
japan,japan_2022020312_typical,2022-02-03T12:00:00,24,2.0041654109954834,2.006105661392212,2.005594253540039,2.0031185150146484,1.9987707138061523,-0.005394697189331055,-0.00733494758605957,0.0019402503967285156,-0.004347801208496094,-0.006823539733886719,japan|2022-02-03T12:00:00,typical,5.60111141204834,43.36283185840708,1.000303109321976e-05,42.47787610619469,8.06199836730957,-4.754371404647827,6.384335279464722,flat,non-raining
japan,japan_2022021300_humid,2022-02-13T00:00:00,6,3.723186016082764,3.723541021347046,3.7227962017059326,3.723796844482422,3.72219443321228,-0.0009915828704842866,-0.001346588134766069,0.0003550052642817825,-0.0016024112701420457,-0.0006017684936527878,japan|2022-02-13T00:00:00,humid,10.697006225585938,84.070796460177,0.0002331644063815,90.2654867256637,8.065560817718506,-4.449985384941101,6.662922143936157,flat,heavy
japan,japan_2022021300_humid,2022-02-13T00:00:00,12,3.852962493896485,3.8544511795043945,3.851224660873413,3.854657888412476,3.8520467281341553,-0.0009157657623295457,-0.002404451370239258,0.0014886856079097122,-0.0026111602783207566,0.0008220672607421875,japan|2022-02-13T00:00:00,humid,10.697006225585938,84.070796460177,0.0002331644063815,90.2654867256637,8.065560817718506,-4.449985384941101,6.662922143936157,flat,heavy
japan,japan_2022021300_humid,2022-02-13T00:00:00,24,1.7763463258743286,1.774285078048706,1.7725300788879397,1.7795593738555908,1.77111554145813,-0.005230784416198508,-0.00316953659057595,-0.0020612478256225586,-0.008443832397460715,-0.0014145374298095703,japan|2022-02-13T00:00:00,humid,10.697006225585938,84.070796460177,0.0002331644063815,90.2654867256637,8.065560817718506,-4.449985384941101,6.662922143936157,flat,heavy
japan,japan_2023032300_extreme,2023-03-23T00:00:00,6,9.212307929992676,9.218393325805664,9.22010898590088,9.212957382202148,9.225335121154783,0.013027191162107599,0.006941795349119317,0.006085395812988281,0.012377738952634942,0.005226135253902697,japan|2023-03-23T00:00:00,extreme,28.03301239013672,95.96774193548389,0.0004403496859595,89.11290322580645,11.081335544586182,-1.6367327123880386,10.882646083831789,flat,moderate
japan,japan_2023032300_extreme,2023-03-23T00:00:00,12,9.778361320495604,9.784809112548828,9.79338550567627,9.774213790893556,9.794550895690918,0.016189575195314276,0.009741783142089844,0.006447792053224433,0.020337104797361505,0.0011653900146484375,japan|2023-03-23T00:00:00,extreme,28.03301239013672,95.96774193548389,0.0004403496859595,89.11290322580645,11.081335544586182,-1.6367327123880386,10.882646083831789,flat,moderate
japan,japan_2023032300_extreme,2023-03-23T00:00:00,24,7.800139904022217,7.805434226989746,7.810110092163086,7.788742065429687,7.809667110443115,0.009527206420898438,0.004232883453369141,0.005294322967529297,0.020925045013428623,-0.0004429817199707031,japan|2023-03-23T00:00:00,extreme,28.03301239013672,95.96774193548389,0.0004403496859595,89.11290322580645,11.081335544586182,-1.6367327123880386,10.882646083831789,flat,moderate
japan,japan_2023032700_typical,2023-03-27T00:00:00,6,3.912906169891357,3.918114185333252,3.91276741027832,3.9130215644836426,3.9084725379943848,-0.004433631896972212,-0.009641647338867188,0.005208015441894975,-0.0045490264892578125,-0.004294872283935103,japan|2023-03-27T00:00:00,typical,9.226407051086426,41.53225806451613,1.9738943592528813e-05,50.80645161290322,9.04671859741211,-3.3849306106567383,8.365465641021729,flat,non-raining
japan,japan_2023032700_typical,2023-03-27T00:00:00,12,4.308143138885498,4.314023971557617,4.309518814086914,4.309441566467285,4.299506664276123,-0.008636474609375,-0.01451730728149414,0.005880832672119141,-0.00993490219116211,-0.010012149810791016,japan|2023-03-27T00:00:00,typical,9.226407051086426,41.53225806451613,1.9738943592528813e-05,50.80645161290322,9.04671859741211,-3.3849306106567383,8.365465641021729,flat,non-raining
japan,japan_2023032700_typical,2023-03-27T00:00:00,24,3.362388849258423,3.368211269378662,3.3622069358825684,3.370105504989624,3.345221996307373,-0.017166852951049805,-0.022989273071289062,0.005822420120239258,-0.024883508682250977,-0.016984939575195312,japan|2023-03-27T00:00:00,typical,9.226407051086426,41.53225806451613,1.9738943592528813e-05,50.80645161290322,9.04671859741211,-3.3849306106567383,8.365465641021729,flat,non-raining
japan,japan_2023100100_extreme,2023-10-01T00:00:00,6,10.96780014038086,10.98302173614502,10.980204582214355,10.965975761413574,10.985493659973145,0.017693519592285156,0.002471923828125,0.015221595764160156,0.019517898559570312,0.0052890777587890625,japan|2023-10-01T00:00:00,extreme,42.90059280395508,97.98387096774194,0.0002622071187943,81.85483870967742,17.66004753112793,8.942800045013428,15.205205917358398,flat,moderate
japan,japan_2023100100_extreme,2023-10-01T00:00:00,12,8.797239303588867,8.818890571594238,8.808050155639648,8.810701370239258,8.836573600769043,0.03933429718017578,0.017683029174804688,0.021651268005371094,0.025872230529785156,0.02852344512939453,japan|2023-10-01T00:00:00,extreme,42.90059280395508,97.98387096774194,0.0002622071187943,81.85483870967742,17.66004753112793,8.942800045013428,15.205205917358398,flat,moderate
japan,japan_2023100100_extreme,2023-10-01T00:00:00,24,6.504733085632324,6.523929595947266,6.520678997039795,6.51242208480835,6.50314998626709,-0.001583099365234375,-0.02077960968017578,0.019196510314941406,-0.009272098541259766,-0.017529010772705078,japan|2023-10-01T00:00:00,extreme,42.90059280395508,97.98387096774194,0.0002622071187943,81.85483870967742,17.66004753112793,8.942800045013428,15.205205917358398,flat,moderate
japan,japan_2023100412_humid,2023-10-04T12:00:00,6,8.877396583557129,8.880010604858398,8.883874893188477,8.860797882080078,8.86953353881836,-0.007863044738769531,-0.010477066040039062,0.0026140213012695312,0.00873565673828125,-0.014341354370117188,japan|2023-10-04T12:00:00,humid,33.24641799926758,85.88709677419355,0.0005057626985944,89.11290322580645,13.49355125427246,-2.449043869972229,12.802175521850586,flat,moderate
japan,japan_2023100412_humid,2023-10-04T12:00:00,12,6.508618354797363,6.5115227699279785,6.5170745849609375,6.483884334564209,6.495121479034424,-0.013496875762939453,-0.016401290893554688,0.0029044151306152344,0.011237144470214844,-0.021953105926513672,japan|2023-10-04T12:00:00,humid,33.24641799926758,85.88709677419355,0.0005057626985944,89.11290322580645,13.49355125427246,-2.449043869972229,12.802175521850586,flat,moderate
japan,japan_2023100412_humid,2023-10-04T12:00:00,24,4.505467414855957,4.510525703430176,4.505814075469971,4.502380847930908,4.501362323760986,-0.004105091094970703,-0.009163379669189453,0.00505828857421875,-0.001018524169921875,-0.004451751708984375,japan|2023-10-04T12:00:00,humid,33.24641799926758,85.88709677419355,0.0005057626985944,89.11290322580645,13.49355125427246,-2.449043869972229,12.802175521850586,flat,moderate
netherlands,netherlands_2020020100_extreme,2020-02-01T00:00:00,6,4.139435768127441,4.138308048248291,4.137258529663086,4.12984561920166,4.140610218048096,0.0011744499206542969,0.0023021697998046875,-0.0011277198791503906,0.010764598846435547,0.0033516883850097656,netherlands|2020-02-01T00:00:00,extreme,20.82281875610352,96.46017699115043,0.0002760841452982,86.28318584070797,4.8714447021484375,-3.0118018984794617,2.385837435722351,flat,moderate
netherlands,netherlands_2020020100_extreme,2020-02-01T00:00:00,12,2.5384631156921387,2.5317866802215576,2.5356252193450928,2.5198917388916016,2.5326874256134038,-0.0057756900787349075,0.0009007453918461472,-0.006676435470581055,0.012795686721802202,-0.002937793731689009,netherlands|2020-02-01T00:00:00,extreme,20.82281875610352,96.46017699115043,0.0002760841452982,86.28318584070797,4.8714447021484375,-3.0118018984794617,2.385837435722351,flat,moderate
netherlands,netherlands_2020020100_extreme,2020-02-01T00:00:00,24,3.79748010635376,3.796102285385132,3.794798612594605,3.7955801486968994,3.8021531105041504,0.004673004150390181,0.006050825119018555,-0.0013778209686283738,0.0065729618072509766,0.007354497909545454,netherlands|2020-02-01T00:00:00,extreme,20.82281875610352,96.46017699115043,0.0002760841452982,86.28318584070797,4.8714447021484375,-3.0118018984794617,2.385837435722351,flat,moderate
netherlands,netherlands_2020050412_low,2020-05-04T12:00:00,6,2.9563755989074707,2.950064420700073,2.955606460571289,2.9643750190734863,2.9605965614318848,0.0042209625244140625,0.010532140731811968,-0.006311178207397905,-0.0037784576416015625,0.004990100860595703,netherlands|2020-05-04T12:00:00,low,12.251439094543455,22.983870967741936,7.4724403020809405e-06,49.596774193548384,3.745364189147949,-1.0304661393165588,3.510885238647461,flat,non-raining
netherlands,netherlands_2020050412_low,2020-05-04T12:00:00,12,2.2207698822021484,2.2095913887023926,2.217888832092285,2.2353057861328125,2.227121353149414,0.006351470947265625,0.017529964447021484,-0.01117849349975586,-0.008184432983398438,0.009232521057128906,netherlands|2020-05-04T12:00:00,low,12.251439094543455,22.983870967741936,7.4724403020809405e-06,49.596774193548384,3.745364189147949,-1.0304661393165588,3.510885238647461,flat,non-raining
netherlands,netherlands_2020050412_low,2020-05-04T12:00:00,24,1.200278639793396,1.1911486387252808,1.205813765525818,1.2306420803070068,1.211525797843933,0.01124715805053711,0.020377159118652344,-0.009130001068115234,-0.01911628246307373,0.005712032318115012,netherlands|2020-05-04T12:00:00,low,12.251439094543455,22.983870967741936,7.4724403020809405e-06,49.596774193548384,3.745364189147949,-1.0304661393165588,3.510885238647461,flat,non-raining
netherlands,netherlands_2020121200_humid,2020-12-12T00:00:00,6,4.3516621589660645,4.3525004386901855,4.34991455078125,4.348716735839844,4.355453014373779,0.0037908554077148438,0.00295257568359375,0.0008382797241210938,0.006736278533935547,0.005538463592529297,netherlands|2020-12-12T00:00:00,humid,16.043912887573242,75.0,9.510394738754258e-05,66.12903225806451,3.675582647323608,3.1009395718574524,1.81475830078125,flat,moderate
netherlands,netherlands_2020121200_humid,2020-12-12T00:00:00,12,4.249089241027832,4.248824596405029,4.2459259033203125,4.24551248550415,4.252911567687988,0.00382232666015625,0.004086971282958984,-0.0002646446228027344,0.007399082183837891,0.006985664367675781,netherlands|2020-12-12T00:00:00,humid,16.043912887573242,75.0,9.510394738754258e-05,66.12903225806451,3.675582647323608,3.1009395718574524,1.81475830078125,flat,moderate
netherlands,netherlands_2020121200_humid,2020-12-12T00:00:00,24,4.049224376678467,4.045074462890625,4.0472283363342285,4.044765949249268,4.049760341644287,0.0005359649658203125,0.004685878753662109,-0.004149913787841797,0.004994392395019531,0.0025320053100585938,netherlands|2020-12-12T00:00:00,humid,16.043912887573242,75.0,9.510394738754258e-05,66.12903225806451,3.675582647323608,3.1009395718574524,1.81475830078125,flat,moderate
netherlands,netherlands_2021070912_typical,2021-07-09T12:00:00,6,5.491313934326172,5.475841999053955,5.4810638427734375,5.51072883605957,5.504751682281494,0.013437747955322266,0.028909683227539062,-0.015471935272216797,-0.005977153778076172,0.02368783950805664,netherlands|2021-07-09T12:00:00,typical,22.82082176208496,41.12903225806452,6.805514567531645e-05,64.51612903225806,3.462715983390808,1.1427076049149036,3.137965559959412,flat,moderate
netherlands,netherlands_2021070912_typical,2021-07-09T12:00:00,12,5.900460720062256,5.880137920379639,5.882474899291992,5.927659034729004,5.907783508300781,0.007322788238525391,0.027645587921142578,-0.020322799682617188,-0.019875526428222656,0.025308609008789062,netherlands|2021-07-09T12:00:00,typical,22.82082176208496,41.12903225806452,6.805514567531645e-05,64.51612903225806,3.462715983390808,1.1427076049149036,3.137965559959412,flat,moderate
netherlands,netherlands_2021070912_typical,2021-07-09T12:00:00,24,6.113873481750488,6.100087642669678,6.101092338562012,6.1493916511535645,6.121993541717529,0.008120059967041016,0.021905899047851562,-0.013785839080810547,-0.027398109436035156,0.020901203155517578,netherlands|2021-07-09T12:00:00,typical,22.82082176208496,41.12903225806452,6.805514567531645e-05,64.51612903225806,3.462715983390808,1.1427076049149036,3.137965559959412,flat,moderate
netherlands,netherlands_2021122712_typical,2021-12-27T12:00:00,6,4.76750373840332,4.769796371459961,4.7703962326049805,4.764740943908691,4.773102760314941,0.005599021911621094,0.0033063888549804688,0.002292633056640625,0.00836181640625,0.0027065277099609375,netherlands|2021-12-27T12:00:00,typical,12.648755073547363,49.596774193548384,4.315490059525473e-06,19.35483870967742,2.7330247163772583,1.5784572288393974,2.1197038292884827,flat,non-raining
netherlands,netherlands_2021122712_typical,2021-12-27T12:00:00,12,4.40062427520752,4.399482727050781,4.400121212005615,4.3972487449646,4.411338806152344,0.01071453094482333,0.0118560791015625,-0.0011415481567391694,0.01409006118774414,0.011217594146728516,netherlands|2021-12-27T12:00:00,typical,12.648755073547363,49.596774193548384,4.315490059525473e-06,19.35483870967742,2.7330247163772583,1.5784572288393974,2.1197038292884827,flat,non-raining
netherlands,netherlands_2021122712_typical,2021-12-27T12:00:00,24,5.211500644683838,5.217782020568848,5.218418121337891,5.206868648529053,5.230998516082764,0.01949787139892578,0.013216495513916016,0.006281375885009766,0.024129867553710938,0.012580394744873047,netherlands|2021-12-27T12:00:00,typical,12.648755073547363,49.596774193548384,4.315490059525473e-06,19.35483870967742,2.7330247163772583,1.5784572288393974,2.1197038292884827,flat,non-raining
netherlands,netherlands_2022030700_low,2022-03-07T00:00:00,6,0.7717658877372742,0.7640157341957092,0.766710638999939,0.7752876281738281,0.7617695331573486,-0.009996354579925537,-0.0022462010383605957,-0.007750153541564941,-0.013518095016479492,-0.004941105842590332,netherlands|2022-03-07T00:00:00,low,5.594933032989502,10.887096774193548,4.917987439512217e-07,33.87096774193548,5.318514466285706,-5.169497728347778,1.210188329219818,flat,non-raining
netherlands,netherlands_2022030700_low,2022-03-07T00:00:00,12,0.653302788734436,0.6476002335548401,0.6465471386909485,0.6552354693412781,0.6422198414802551,-0.011082947254180908,-0.005380392074584961,-0.005702555179595947,-0.01301562786102295,-0.004327297210693359,netherlands|2022-03-07T00:00:00,low,5.594933032989502,10.887096774193548,4.917987439512217e-07,33.87096774193548,5.318514466285706,-5.169497728347778,1.210188329219818,flat,non-raining
netherlands,netherlands_2022030700_low,2022-03-07T00:00:00,24,1.3050462007522583,1.2909345626831057,1.2924096584320068,1.3029234409332275,1.287827968597412,-0.01721823215484619,-0.0031065940856935814,-0.01411163806915261,-0.01509547233581543,-0.0045816898345947266,netherlands|2022-03-07T00:00:00,low,5.594933032989502,10.887096774193548,4.917987439512217e-07,33.87096774193548,5.318514466285706,-5.169497728347778,1.210188329219818,flat,non-raining
netherlands,netherlands_2022081512_humid,2022-08-15T12:00:00,6,7.9934000968933105,7.992441654205322,7.987517833709717,7.987350940704346,8.002117156982422,0.008717060089111328,0.00967550277709961,-0.0009584426879882812,0.014766216278076172,0.014599323272705078,netherlands|2022-08-15T12:00:00,humid,34.21210861206055,88.30645161290323,0.0004309121286496,92.74193548387096,5.209265947341919,-0.4824582934379577,4.955940246582031,flat,heavy
netherlands,netherlands_2022081512_humid,2022-08-15T12:00:00,12,7.892413139343262,7.885845184326172,7.876156806945801,7.87607479095459,7.896982192993164,0.004569053649902344,0.011137008666992188,-0.006567955017089844,0.02090740203857422,0.02082538604736328,netherlands|2022-08-15T12:00:00,humid,34.21210861206055,88.30645161290323,0.0004309121286496,92.74193548387096,5.209265947341919,-0.4824582934379577,4.955940246582031,flat,heavy
netherlands,netherlands_2022081512_humid,2022-08-15T12:00:00,24,6.294500827789307,6.287546157836914,6.272953987121582,6.285507678985596,6.305295944213867,0.010795116424560547,0.017749786376953125,-0.006954669952392578,0.019788265228271484,0.032341957092285156,netherlands|2022-08-15T12:00:00,humid,34.21210861206055,88.30645161290323,0.0004309121286496,92.74193548387096,5.209265947341919,-0.4824582934379577,4.955940246582031,flat,heavy
netherlands,netherlands_2022102512_typical,2022-10-25T12:00:00,6,4.667462348937988,4.6668620109558105,4.664431095123291,4.6799397468566895,4.6751017570495605,0.007639408111572266,0.00823974609375,-0.0006003379821777344,-0.004837989807128906,0.010670661926269531,netherlands|2022-10-25T12:00:00,typical,18.296226501464844,47.17741935483871,2.302333086845465e-05,45.16129032258064,3.926412224769592,3.199240565299988,2.087510645389557,flat,non-raining
netherlands,netherlands_2022102512_typical,2022-10-25T12:00:00,12,4.881649017333984,4.873344421386719,4.872061252593994,4.876618385314941,4.874345779418945,-0.0073032379150390625,0.0010013580322265625,-0.008304595947265625,-0.0022726058959960938,0.002284526824951172,netherlands|2022-10-25T12:00:00,typical,18.296226501464844,47.17741935483871,2.302333086845465e-05,45.16129032258064,3.926412224769592,3.199240565299988,2.087510645389557,flat,non-raining
netherlands,netherlands_2022102512_typical,2022-10-25T12:00:00,24,5.898877143859863,5.897762298583984,5.899074077606201,5.887701988220215,5.90537691116333,0.006499767303466797,0.007614612579345703,-0.0011148452758789062,0.017674922943115234,0.006302833557128906,netherlands|2022-10-25T12:00:00,typical,18.296226501464844,47.17741935483871,2.302333086845465e-05,45.16129032258064,3.926412224769592,3.199240565299988,2.087510645389557,flat,non-raining
netherlands,netherlands_2023012000_low,2023-01-20T00:00:00,6,2.0239808559417725,2.020953416824341,2.0198001861572266,2.0244083404541016,2.0215413570404053,-0.0024394989013671875,0.0005879402160644531,-0.0030274391174316406,-0.002866983413696289,0.001741170883178711,netherlands|2023-01-20T00:00:00,low,7.04559326171875,11.693548387096774,1.3676555681740863e-05,38.70967741935484,1.764642298221588,-0.8042609766125679,1.4901999831199646,flat,non-raining
netherlands,netherlands_2023012000_low,2023-01-20T00:00:00,12,2.221632957458496,2.21853256225586,2.218502759933472,2.221866607666016,2.2209255695343018,-0.0007073879241943359,0.0023930072784419387,-0.0031003952026362747,-0.0009410381317143113,0.002422809600829634,netherlands|2023-01-20T00:00:00,low,7.04559326171875,11.693548387096774,1.3676555681740863e-05,38.70967741935484,1.764642298221588,-0.8042609766125679,1.4901999831199646,flat,non-raining
netherlands,netherlands_2023012000_low,2023-01-20T00:00:00,24,1.6570202112197876,1.652443289756775,1.651214599609375,1.655385136604309,1.650164246559143,-0.006855964660644531,-0.002279043197631836,-0.004576921463012695,-0.005220890045166016,-0.0010503530502319336,netherlands|2023-01-20T00:00:00,low,7.04559326171875,11.693548387096774,1.3676555681740863e-05,38.70967741935484,1.764642298221588,-0.8042609766125679,1.4901999831199646,flat,non-raining
netherlands,netherlands_2023021700_extreme,2023-02-17T00:00:00,6,6.471658706665039,6.466119766235352,6.464003562927246,6.472634315490723,6.469910621643066,-0.0017480850219726562,0.0037908554077148438,-0.0055389404296875,-0.00272369384765625,0.0059070587158203125,netherlands|2023-02-17T00:00:00,extreme,22.17924118041992,98.6725663716814,3.289408050477505e-05,57.07964601769911,3.604066491127014,1.069494903087616,3.064471125602722,flat,non-raining
netherlands,netherlands_2023021700_extreme,2023-02-17T00:00:00,12,5.235522747039795,5.22601318359375,5.227036476135254,5.226259708404541,5.227356910705566,-0.008165836334228516,0.0013437271118164062,-0.009509563446044922,0.0010972023010253906,0.0003204345703125,netherlands|2023-02-17T00:00:00,extreme,22.17924118041992,98.6725663716814,3.289408050477505e-05,57.07964601769911,3.604066491127014,1.069494903087616,3.064471125602722,flat,non-raining
netherlands,netherlands_2023021700_extreme,2023-02-17T00:00:00,24,3.129997968673706,3.1247313022613525,3.116851806640625,3.131566286087036,3.117882013320923,-0.012115955352783203,-0.0068492889404296875,-0.005266666412353516,-0.013684272766113281,0.0010302066802978516,netherlands|2023-02-17T00:00:00,extreme,22.17924118041992,98.6725663716814,3.289408050477505e-05,57.07964601769911,3.604066491127014,1.069494903087616,3.064471125602722,flat,non-raining
netherlands,netherlands_2023021812_humid,2023-02-18T12:00:00,6,4.379061222076416,4.376079559326172,4.378234386444092,4.378375053405762,4.374419689178467,-0.004641532897949219,-0.0016598701477050781,-0.0029816627502441406,-0.003955364227294922,-0.003814697265625,netherlands|2023-02-18T12:00:00,humid,15.49099349975586,75.22123893805309,8.53510427987203e-05,72.56637168141593,3.771413564682007,-1.3580729365348816,3.429988741874695,flat,moderate
netherlands,netherlands_2023021812_humid,2023-02-18T12:00:00,12,4.309947490692139,4.30915117263794,4.311146259307861,4.3109965324401855,4.304643630981445,-0.005303859710693359,-0.004507541656495029,-0.0007963180541983306,-0.006352901458740234,-0.006502628326416016,netherlands|2023-02-18T12:00:00,humid,15.49099349975586,75.22123893805309,8.53510427987203e-05,72.56637168141593,3.771413564682007,-1.3580729365348816,3.429988741874695,flat,moderate
netherlands,netherlands_2023021812_humid,2023-02-18T12:00:00,24,3.0771195888519287,3.07224702835083,3.073402643203736,3.076725721359253,3.073192596435547,-0.003926992416381836,0.0009455680847167969,-0.004872560501098633,-0.0035331249237060547,-0.00021004676818892065,netherlands|2023-02-18T12:00:00,humid,15.49099349975586,75.22123893805309,8.53510427987203e-05,72.56637168141593,3.771413564682007,-1.3580729365348816,3.429988741874695,flat,moderate
netherlands,netherlands_2023100212_extreme,2023-10-02T12:00:00,6,6.871994018554688,6.862431049346924,6.857537746429443,6.890640735626221,6.876688480377197,0.0046944618225088774,0.014257431030273438,-0.00956296920776456,-0.013952255249023438,0.019150733947753906,netherlands|2023-10-02T12:00:00,extreme,32.54979705810547,95.96774193548389,2.1370437934820075e-06,18.951612903225808,5.613174915313721,-0.0690134763717651,4.491745710372925,flat,non-raining
netherlands,netherlands_2023100212_extreme,2023-10-02T12:00:00,12,6.55417537689209,6.536117076873779,6.529486179351807,6.5594916343688965,6.550777912139893,-0.0033974647521972656,0.014660835266113281,-0.018058300018310547,-0.008713722229003906,0.021291732788085938,netherlands|2023-10-02T12:00:00,extreme,32.54979705810547,95.96774193548389,2.1370437934820075e-06,18.951612903225808,5.613174915313721,-0.0690134763717651,4.491745710372925,flat,non-raining
netherlands,netherlands_2023100212_extreme,2023-10-02T12:00:00,24,5.699887275695801,5.697455406188965,5.697885513305664,5.706112861633301,5.701082706451416,0.0011954307556152344,0.003627300262451172,-0.0024318695068359375,-0.005030155181884766,0.003197193145751953,netherlands|2023-10-02T12:00:00,extreme,32.54979705810547,95.96774193548389,2.1370437934820075e-06,18.951612903225808,5.613174915313721,-0.0690134763717651,4.491745710372925,flat,non-raining
new_zealand_alps,new_zealand_alps_2020040200_humid,2020-04-02T00:00:00,6,5.396299839019775,5.396669864654541,5.396419048309326,5.404924392700195,5.379871368408203,-0.016428470611572266,-0.01679849624633789,0.000370025634765625,-0.025053024291992188,-0.016547679901123047,new_zealand_alps|2020-04-02T00:00:00,humid,16.515344619750977,75.0,,,9.9344162940979,-6.561974287033081,7.442780256271362,mountain,unavailable
new_zealand_alps,new_zealand_alps_2020040200_humid,2020-04-02T00:00:00,12,5.220361709594727,5.218639850616455,5.219435214996338,5.236166954040527,5.195823192596436,-0.024538516998290127,-0.022816658020018643,-0.0017218589782714844,-0.04034376144409091,-0.023612022399901456,new_zealand_alps|2020-04-02T00:00:00,humid,16.515344619750977,75.0,,,9.9344162940979,-6.561974287033081,7.442780256271362,mountain,unavailable
new_zealand_alps,new_zealand_alps_2020040200_humid,2020-04-02T00:00:00,24,4.950299263000488,4.951752185821533,4.951515197753906,4.978282928466797,4.915901184082031,-0.03439807891845703,-0.03585100173950195,0.0014529228210449219,-0.062381744384765625,-0.035614013671875,new_zealand_alps|2020-04-02T00:00:00,humid,16.515344619750977,75.0,,,9.9344162940979,-6.561974287033081,7.442780256271362,mountain,unavailable
new_zealand_alps,new_zealand_alps_2020122312_humid,2020-12-23T12:00:00,6,6.871907711029053,6.874901294708252,6.87357234954834,6.862263202667236,6.876956462860107,0.0050487518310546875,0.0020551681518554688,0.0029935836791992188,0.014693260192871094,0.003384113311767578,new_zealand_alps|2020-12-23T12:00:00,humid,24.805620193481445,86.69354838709677,,,8.91112232208252,0.5161935091018677,8.711181402206421,mountain,unavailable
new_zealand_alps,new_zealand_alps_2020122312_humid,2020-12-23T12:00:00,12,6.301938533782959,6.301870346069336,6.30216646194458,6.2909746170043945,6.302770137786865,0.00083160400390625,0.0008997917175292969,-6.818771362304688e-05,0.011795520782470703,0.0006036758422851562,new_zealand_alps|2020-12-23T12:00:00,humid,24.805620193481445,86.69354838709677,,,8.91112232208252,0.5161935091018677,8.711181402206421,mountain,unavailable
new_zealand_alps,new_zealand_alps_2020122312_humid,2020-12-23T12:00:00,24,4.2972846031188965,4.297738552093506,4.2956953048706055,4.289308547973633,4.2969584465026855,-0.0003261566162109375,-0.0007801055908203125,0.000453948974609375,0.007649898529052734,0.0012631416320800781,new_zealand_alps|2020-12-23T12:00:00,humid,24.805620193481445,86.69354838709677,,,8.91112232208252,0.5161935091018677,8.711181402206421,mountain,unavailable
new_zealand_alps,new_zealand_alps_2021031800_low,2021-03-18T00:00:00,6,4.956131458282471,4.9449849128723145,4.946540355682373,4.962051868438721,4.932301998138428,-0.02382946014404297,-0.012682914733886719,-0.01114654541015625,-0.02974987030029297,-0.014238357543945312,new_zealand_alps|2021-03-18T00:00:00,low,11.944576263427734,15.32258064516129,,,12.503652095794678,-8.763418912887573,8.914753675460815,mountain,unavailable
new_zealand_alps,new_zealand_alps_2021031800_low,2021-03-18T00:00:00,12,4.906038761138916,4.897956371307373,4.8985676765441895,4.90627384185791,4.850776672363281,-0.055262088775634766,-0.0471796989440918,-0.008082389831542969,-0.055497169494628906,-0.0477910041809082,new_zealand_alps|2021-03-18T00:00:00,low,11.944576263427734,15.32258064516129,,,12.503652095794678,-8.763418912887573,8.914753675460815,mountain,unavailable
new_zealand_alps,new_zealand_alps_2021031800_low,2021-03-18T00:00:00,24,4.385368347167969,4.367621421813965,4.374888896942139,4.385560989379883,4.312650680541992,-0.07271766662597656,-0.054970741271972656,-0.017746925354003906,-0.07291030883789062,-0.062238216400146484,new_zealand_alps|2021-03-18T00:00:00,low,11.944576263427734,15.32258064516129,,,12.503652095794678,-8.763418912887573,8.914753675460815,mountain,unavailable
new_zealand_alps,new_zealand_alps_2021042412_low,2021-04-24T12:00:00,6,3.7232882976531982,3.725034236907959,3.722182512283325,3.7193899154663086,3.71970796585083,-0.003580331802368164,-0.005326271057128906,0.0017459392547607422,0.0003180503845214844,-0.002474546432495117,new_zealand_alps|2021-04-24T12:00:00,low,9.595209121704102,15.0,,,7.201743125915527,-3.647626399993897,6.2007737159729,mountain,unavailable
new_zealand_alps,new_zealand_alps_2021042412_low,2021-04-24T12:00:00,12,4.249207496643066,4.2510504722595215,4.251093864440918,4.249275207519531,4.247537136077881,-0.0016703605651855469,-0.003513336181640625,0.0018429756164550781,-0.0017380714416503906,-0.0035567283630371094,new_zealand_alps|2021-04-24T12:00:00,low,9.595209121704102,15.0,,,7.201743125915527,-3.647626399993897,6.2007737159729,mountain,unavailable
new_zealand_alps,new_zealand_alps_2021042412_low,2021-04-24T12:00:00,24,2.6700868606567383,2.671124219894409,2.668527603149414,2.6707100868225098,2.670859098434448,0.0007722377777095168,-0.0002651214599613816,0.0010373592376708984,0.00014901161193803247,0.0023314952850337356,new_zealand_alps|2021-04-24T12:00:00,low,9.595209121704102,15.0,,,7.201743125915527,-3.647626399993897,6.2007737159729,mountain,unavailable
new_zealand_alps,new_zealand_alps_2021061700_typical,2021-06-17T00:00:00,6,3.4857213497161865,3.4852287769317627,3.4847540855407715,3.4860329627990723,3.4799301624298096,-0.005791187286376953,-0.005298614501953125,-0.0004925727844238281,-0.006102800369262695,-0.004823923110961914,new_zealand_alps|2021-06-17T00:00:00,typical,10.858006477355955,46.25,,,7.243799448013306,-4.467257738113403,5.696700096130371,mountain,unavailable
new_zealand_alps,new_zealand_alps_2021061700_typical,2021-06-17T00:00:00,12,3.192049503326416,3.1892459392547607,3.1903791427612305,3.190471887588501,3.180089235305786,-0.011960268020629883,-0.00915670394897461,-0.0028035640716552734,-0.010382652282714844,-0.010289907455444336,new_zealand_alps|2021-06-17T00:00:00,typical,10.858006477355955,46.25,,,7.243799448013306,-4.467257738113403,5.696700096130371,mountain,unavailable
new_zealand_alps,new_zealand_alps_2021061700_typical,2021-06-17T00:00:00,24,2.8498611450195312,2.8484785556793213,2.848138332366944,2.849289894104004,2.842622756958008,-0.0072383880615234375,-0.0058557987213134766,-0.001382589340209961,-0.006667137145996094,-0.005515575408935991,new_zealand_alps|2021-06-17T00:00:00,typical,10.858006477355955,46.25,,,7.243799448013306,-4.467257738113403,5.696700096130371,mountain,unavailable
new_zealand_alps,new_zealand_alps_2021092812_typical,2021-09-28T12:00:00,6,3.732535600662232,3.731471061706543,3.732677459716797,3.7350263595581055,3.7273125648498535,-0.005223035812378374,-0.004158496856689453,-0.0010645389556889207,-0.007713794708251953,-0.005364894866943359,new_zealand_alps|2021-09-28T12:00:00,typical,9.85313320159912,47.91666666666667,,,8.94566822052002,-6.578760623931885,6.061053037643433,mountain,unavailable
new_zealand_alps,new_zealand_alps_2021092812_typical,2021-09-28T12:00:00,12,4.154922008514404,4.153130054473877,4.154711246490479,4.159239768981934,4.152411937713623,-0.00251007080078125,-0.0007181167602539062,-0.0017919540405273438,-0.006827831268310547,-0.002299308776856357,new_zealand_alps|2021-09-28T12:00:00,typical,9.85313320159912,47.91666666666667,,,8.94566822052002,-6.578760623931885,6.061053037643433,mountain,unavailable
new_zealand_alps,new_zealand_alps_2021092812_typical,2021-09-28T12:00:00,24,3.6241276264190674,3.6227855682373047,3.626423358917236,3.625714302062988,3.619321346282959,-0.0048062801361083984,-0.003464221954345703,-0.0013420581817626953,-0.006392955780028853,-0.0071020126342769,new_zealand_alps|2021-09-28T12:00:00,typical,9.85313320159912,47.91666666666667,,,8.94566822052002,-6.578760623931885,6.061053037643433,mountain,unavailable
new_zealand_alps,new_zealand_alps_2022051812_humid,2022-05-18T12:00:00,6,5.240650653839111,5.244711399078369,5.244024753570557,5.241354942321777,5.246079444885254,0.005428791046142578,0.0013680458068847656,0.0040607452392578125,0.0047245025634765625,0.0020546913146972656,new_zealand_alps|2022-05-18T12:00:00,humid,16.008403778076172,71.7741935483871,,,8.054989337921143,-2.663861989974976,7.588554859161377,mountain,unavailable
new_zealand_alps,new_zealand_alps_2022051812_humid,2022-05-18T12:00:00,12,4.185415267944336,4.187530517578125,4.188019275665283,4.180447101593018,4.185315132141113,-0.00010013580322265625,-0.0022153854370117188,0.0021152496337890625,0.004868030548095703,-0.002704143524169922,new_zealand_alps|2022-05-18T12:00:00,humid,16.008403778076172,71.7741935483871,,,8.054989337921143,-2.663861989974976,7.588554859161377,mountain,unavailable
new_zealand_alps,new_zealand_alps_2022051812_humid,2022-05-18T12:00:00,24,3.569397449493408,3.5734028816223145,3.569761037826538,3.569049596786499,3.5710549354553223,0.0016574859619140625,-0.0023479461669921875,0.00400543212890625,0.002005338668823242,0.0012938976287841797,new_zealand_alps|2022-05-18T12:00:00,humid,16.008403778076172,71.7741935483871,,,8.054989337921143,-2.663861989974976,7.588554859161377,mountain,unavailable
new_zealand_alps,new_zealand_alps_2022080512_extreme,2022-08-05T12:00:00,6,5.254983425140381,5.257268905639648,5.2598419189453125,5.254094123840332,5.257537364959717,0.0025539398193359375,0.0002684593200683594,0.002285480499267578,0.0034432411193847656,-0.002304553985595703,new_zealand_alps|2022-08-05T12:00:00,extreme,21.20111083984375,98.38709677419357,,,7.1939239501953125,-3.4327008724212646,6.249650239944458,mountain,unavailable
new_zealand_alps,new_zealand_alps_2022080512_extreme,2022-08-05T12:00:00,12,5.037383556365967,5.037534713745117,5.04189395904541,5.031191349029541,5.033183097839356,-0.00420045852661044,-0.004351615905760831,0.00015115737915039062,0.0019917488098153413,-0.0087108612060538,new_zealand_alps|2022-08-05T12:00:00,extreme,21.20111083984375,98.38709677419357,,,7.1939239501953125,-3.4327008724212646,6.249650239944458,mountain,unavailable
new_zealand_alps,new_zealand_alps_2022080512_extreme,2022-08-05T12:00:00,24,3.8649144172668457,3.866680145263672,3.8692803382873535,3.8535001277923584,3.860220432281494,-0.0046939849853515625,-0.006459712982177734,0.0017657279968261719,0.006720304489135742,-0.009059906005859375,new_zealand_alps|2022-08-05T12:00:00,extreme,21.20111083984375,98.38709677419357,,,7.1939239501953125,-3.4327008724212646,6.249650239944458,mountain,unavailable
new_zealand_alps,new_zealand_alps_2023032400_typical,2023-03-24T00:00:00,6,5.110105514526367,5.100974559783936,5.105823516845703,5.099144458770752,5.087975978851318,-0.022129535675048828,-0.012998580932618076,-0.009130954742430752,-0.011168479919433594,-0.017847537994384766,new_zealand_alps|2023-03-24T00:00:00,typical,14.79340362548828,43.14516129032258,,,12.18112325668335,-9.72423505783081,7.3151421546936035,mountain,unavailable
new_zealand_alps,new_zealand_alps_2023032400_typical,2023-03-24T00:00:00,12,5.212061405181885,5.197229862213135,5.206460952758789,5.19318437576294,5.173015117645264,-0.039046287536621094,-0.024214744567871094,-0.01483154296875,-0.02016925811767667,-0.03344583511352539,new_zealand_alps|2023-03-24T00:00:00,typical,14.79340362548828,43.14516129032258,,,12.18112325668335,-9.72423505783081,7.3151421546936035,mountain,unavailable
new_zealand_alps,new_zealand_alps_2023032400_typical,2023-03-24T00:00:00,24,7.111164569854736,7.101367473602295,7.108654499053955,7.098445415496826,7.080595016479492,-0.03056955337524414,-0.020772457122802734,-0.009797096252441406,-0.017850399017333984,-0.02805948257446289,new_zealand_alps|2023-03-24T00:00:00,typical,14.79340362548828,43.14516129032258,,,12.18112325668335,-9.72423505783081,7.3151421546936035,mountain,unavailable
new_zealand_alps,new_zealand_alps_2023091212_low,2023-09-12T12:00:00,6,3.0617754459381104,3.060337781906128,3.063127279281616,3.062410354614258,3.0561017990112305,-0.005673646926879883,-0.004235982894897461,-0.0014376640319824219,-0.006308555603027344,-0.007025480270385742,new_zealand_alps|2023-09-12T12:00:00,low,7.632527828216553,25.416666666666664,,,7.291029453277588,-4.562917232513428,5.67852258682251,mountain,unavailable
new_zealand_alps,new_zealand_alps_2023091212_low,2023-09-12T12:00:00,12,3.321864366531372,3.3167290687561035,3.3211348056793213,3.320574998855591,3.3119142055511475,-0.00995016098022461,-0.004814863204956055,-0.005135297775268555,-0.00866079330444336,-0.009220600128173828,new_zealand_alps|2023-09-12T12:00:00,low,7.632527828216553,25.416666666666664,,,7.291029453277588,-4.562917232513428,5.67852258682251,mountain,unavailable
new_zealand_alps,new_zealand_alps_2023091212_low,2023-09-12T12:00:00,24,3.1085376739501958,3.107436180114746,3.111950635910034,3.112546682357788,3.10305404663086,-0.0054836273193359375,-0.004382133483886275,-0.0011014938354496628,-0.009492635726928267,-0.00889658927917436,new_zealand_alps|2023-09-12T12:00:00,low,7.632527828216553,25.416666666666664,,,7.291029453277588,-4.562917232513428,5.67852258682251,mountain,unavailable
new_zealand_alps,new_zealand_alps_2023102512_extreme,2023-10-25T12:00:00,6,6.028018474578857,6.038599491119385,6.0306925773620605,6.0289177894592285,6.028828144073486,0.0008096694946289062,-0.009771347045898438,0.010581016540527344,-8.96453857421875e-05,-0.0018644332885742188,new_zealand_alps|2023-10-25T12:00:00,extreme,22.74798583984375,95.16129032258064,,,8.887882232666016,-5.4997498989105225,6.911811590194702,mountain,unavailable
new_zealand_alps,new_zealand_alps_2023102512_extreme,2023-10-25T12:00:00,12,4.004743099212647,4.01185941696167,4.006865978240967,4.004990100860596,4.003673553466797,-0.0010695457458504976,-0.008185863494873047,0.007116317749022549,-0.0013165473937988281,-0.003192424774169922,new_zealand_alps|2023-10-25T12:00:00,extreme,22.74798583984375,95.16129032258064,,,8.887882232666016,-5.4997498989105225,6.911811590194702,mountain,unavailable
new_zealand_alps,new_zealand_alps_2023102512_extreme,2023-10-25T12:00:00,24,2.744272232055664,2.747438430786133,2.745796203613281,2.7458598613739014,2.7468254566192627,0.002553224563598633,-0.0006129741668701172,0.00316619873046875,0.0009655952453613281,0.0010292530059818894,new_zealand_alps|2023-10-25T12:00:00,extreme,22.74798583984375,95.16129032258064,,,8.887882232666016,-5.4997498989105225,6.911811590194702,mountain,unavailable
new_zealand_alps,new_zealand_alps_2023122300_extreme,2023-12-23T00:00:00,6,8.219810485839844,8.221076965332031,8.222723960876465,8.211883544921875,8.208927154541016,-0.010883331298828125,-0.012149810791015625,0.0012664794921875,-0.002956390380859375,-0.013796806335449219,new_zealand_alps|2023-12-23T00:00:00,extreme,28.518224716186523,97.58064516129032,,,9.891992092132568,-4.900457262992859,8.551994800567627,mountain,unavailable
new_zealand_alps,new_zealand_alps_2023122300_extreme,2023-12-23T00:00:00,12,8.452717781066895,8.45550537109375,8.457545280456543,8.447294235229492,8.446487426757812,-0.006230354309082031,-0.0090179443359375,0.0027875900268554688,-0.0008068084716796875,-0.011057853698730469,new_zealand_alps|2023-12-23T00:00:00,extreme,28.518224716186523,97.58064516129032,,,9.891992092132568,-4.900457262992859,8.551994800567627,mountain,unavailable
new_zealand_alps,new_zealand_alps_2023122300_extreme,2023-12-23T00:00:00,24,8.854241371154785,8.862974166870117,8.86214828491211,8.85547161102295,8.860989570617676,0.006748199462890625,-0.0019845962524414062,0.008732795715332031,0.0055179595947265625,-0.0011587142944335938,new_zealand_alps|2023-12-23T00:00:00,extreme,28.518224716186523,97.58064516129032,,,9.891992092132568,-4.900457262992859,8.551994800567627,mountain,unavailable
pampas,pampas_2020042100_humid,2020-04-21T00:00:00,6,7.574630737304687,7.569324970245361,7.567604541778564,7.586981773376465,7.583731174468994,0.009100437164307529,0.014406204223632812,-0.005305767059325284,-0.003250598907470703,0.016126632690430576,pampas|2020-04-21T00:00:00,humid,22.64604949951172,72.08333333333333,-1.8626450382086542e-09,3.958333333333333,5.457397699356079,1.2355380803346634,5.2211997509002686,flat,non-raining
pampas,pampas_2020042100_humid,2020-04-21T00:00:00,12,7.803855895996094,7.787143707275391,7.79451847076416,7.804483413696289,7.800186157226562,-0.003669738769532138,0.013042449951170987,-0.016712188720703125,-0.004297256469727451,0.005667686462401456,pampas|2020-04-21T00:00:00,humid,22.64604949951172,72.08333333333333,-1.8626450382086542e-09,3.958333333333333,5.457397699356079,1.2355380803346634,5.2211997509002686,flat,non-raining
pampas,pampas_2020042100_humid,2020-04-21T00:00:00,24,5.95724630355835,5.937633991241455,5.940004348754883,5.944379806518555,5.9601593017578125,0.0029129981994628906,0.022525310516357422,-0.01961231231689453,0.015779495239257812,0.020154953002929688,pampas|2020-04-21T00:00:00,humid,22.64604949951172,72.08333333333333,-1.8626450382086542e-09,3.958333333333333,5.457397699356079,1.2355380803346634,5.2211997509002686,flat,non-raining
pampas,pampas_2021012612_humid,2021-01-26T12:00:00,6,10.645411491394045,10.62783145904541,10.63656520843506,10.627605438232422,10.62534999847412,-0.020061492919925428,-0.002481460571290839,-0.01758003234863459,-0.0022554397583025576,-0.011215209960941053,pampas|2021-01-26T12:00:00,humid,37.001163482666016,83.87096774193549,4.109153087483719e-05,78.2258064516129,9.460949897766112,-5.527593612670898,7.675020933151245,flat,moderate
pampas,pampas_2021012612_humid,2021-01-26T12:00:00,12,9.96229648590088,9.940103530883787,9.953775405883787,9.94387912750244,9.945796966552734,-0.016499519348146308,0.005693435668947089,-0.022192955017093396,0.001917839050294745,-0.007978439331052911,pampas|2021-01-26T12:00:00,humid,37.001163482666016,83.87096774193549,4.109153087483719e-05,78.2258064516129,9.460949897766112,-5.527593612670898,7.675020933151245,flat,moderate
pampas,pampas_2021012612_humid,2021-01-26T12:00:00,24,7.855251312255859,7.807556629180908,7.832517147064209,7.842611312866211,7.838541507720947,-0.01670980453491211,0.030984878540039062,-0.04769468307495117,-0.004069805145263672,0.006024360656738281,pampas|2021-01-26T12:00:00,humid,37.001163482666016,83.87096774193549,4.109153087483719e-05,78.2258064516129,9.460949897766112,-5.527593612670898,7.675020933151245,flat,moderate
pampas,pampas_2021032112_low,2021-03-21T12:00:00,6,4.526088237762451,4.511117458343506,4.516833782196045,4.556559085845947,4.542959213256836,0.016870975494384766,0.03184175491333008,-0.014970779418945312,-0.013599872589111328,0.026125431060791016,pampas|2021-03-21T12:00:00,low,20.255327224731445,26.61290322580645,4.204021479381481e-06,54.43548387096774,6.436155796051025,0.2717582583427429,6.349524736404419,flat,non-raining
pampas,pampas_2021032112_low,2021-03-21T12:00:00,12,3.3049652576446533,3.270206451416016,3.2806406021118164,3.3580124378204346,3.338629961013794,0.033664703369140625,0.06842350959777788,-0.03475880622863725,-0.019382476806640625,0.05798935890197754,pampas|2021-03-21T12:00:00,low,20.255327224731445,26.61290322580645,4.204021479381481e-06,54.43548387096774,6.436155796051025,0.2717582583427429,6.349524736404419,flat,non-raining
pampas,pampas_2021032112_low,2021-03-21T12:00:00,24,2.863518476486206,2.811975717544556,2.8253543376922607,2.913503646850586,2.896740198135376,0.03322172164916992,0.08476448059081987,-0.05154275894164995,-0.01676344871520996,0.07138586044311523,pampas|2021-03-21T12:00:00,low,20.255327224731445,26.61290322580645,4.204021479381481e-06,54.43548387096774,6.436155796051025,0.2717582583427429,6.349524736404419,flat,non-raining
pampas,pampas_2021041212_low,2021-04-12T12:00:00,6,2.7755231857299805,2.757101058959961,2.761904716491699,2.779400110244751,2.7728617191314697,-0.002661466598510742,0.01576066017150879,-0.01842212677001953,-0.00653839111328125,0.010957002639770508,pampas|2021-04-12T12:00:00,low,11.691375732421877,12.083333333333334,0.0,17.5,5.013625741004944,2.774655282497406,4.126890897750855,flat,non-raining
pampas,pampas_2021041212_low,2021-04-12T12:00:00,12,2.43954873085022,2.4036412239074707,2.4184064865112305,2.437717199325561,2.432347297668457,-0.007201433181763139,0.028706073760986328,-0.03590750694274947,-0.005369901657104048,0.013940811157226562,pampas|2021-04-12T12:00:00,low,11.691375732421877,12.083333333333334,0.0,17.5,5.013625741004944,2.774655282497406,4.126890897750855,flat,non-raining
pampas,pampas_2021041212_low,2021-04-12T12:00:00,24,1.98929762840271,1.9385910034179688,1.9551447629928589,1.9717143774032595,1.960161566734314,-0.029136061668395996,0.021570563316345215,-0.05070662498474121,-0.011552810668945535,0.005016803741455078,pampas|2021-04-12T12:00:00,low,11.691375732421877,12.083333333333334,0.0,17.5,5.013625741004944,2.774655282497406,4.126890897750855,flat,non-raining
pampas,pampas_2021080612_typical,2021-08-06T12:00:00,6,2.065666913986206,2.044823408126831,2.0533313751220703,2.077636241912842,2.062509298324585,-0.0031576156616210938,0.017685890197753906,-0.020843505859375,-0.015126943588256836,0.009177923202514648,pampas|2021-08-06T12:00:00,typical,13.243301391601562,54.83870967741935,1.1890657347635173e-08,51.20967741935484,5.180379867553711,-2.1897507905960083,4.694291830062866,flat,non-raining
pampas,pampas_2021080612_typical,2021-08-06T12:00:00,12,2.803820848464966,2.7653305530548096,2.770849227905273,2.8006961345672607,2.780618906021118,-0.023201942443847656,0.015288352966308594,-0.03849029541015625,-0.020077228546142578,0.00976967811584517,pampas|2021-08-06T12:00:00,typical,13.243301391601562,54.83870967741935,1.1890657347635173e-08,51.20967741935484,5.180379867553711,-2.1897507905960083,4.694291830062866,flat,non-raining
pampas,pampas_2021080612_typical,2021-08-06T12:00:00,24,3.705444812774658,3.6522276401519775,3.6478097438812256,3.7131288051605225,3.679738759994507,-0.025706052780151367,0.027511119842529297,-0.053217172622680664,-0.033390045166015625,0.03192901611328125,pampas|2021-08-06T12:00:00,typical,13.243301391601562,54.83870967741935,1.1890657347635173e-08,51.20967741935484,5.180379867553711,-2.1897507905960083,4.694291830062866,flat,non-raining
pampas,pampas_2021090812_extreme,2021-09-08T12:00:00,6,7.44056510925293,7.432734966278076,7.436477184295654,7.438432216644287,7.443037986755371,0.0024728775024414062,0.010303020477294922,-0.007830142974853516,0.004605770111083984,0.006560802459716797,pampas|2021-09-08T12:00:00,extreme,32.00251388549805,97.08333333333331,0.0015754275955259,98.75,4.230090975761414,2.2796651124954224,3.5050289630889893,flat,heavy
pampas,pampas_2021090812_extreme,2021-09-08T12:00:00,12,6.811128616333008,6.799522399902344,6.8062052726745605,6.803089618682861,6.807963371276856,-0.0031652450561514556,0.008440971374512607,-0.011606216430664062,0.004873752593995029,0.00175809860229581,pampas|2021-09-08T12:00:00,extreme,32.00251388549805,97.08333333333331,0.0015754275955259,98.75,4.230090975761414,2.2796651124954224,3.5050289630889893,flat,heavy
pampas,pampas_2021090812_extreme,2021-09-08T12:00:00,24,6.396308898925781,6.38746452331543,6.394838333129883,6.394168853759766,6.397119998931885,0.0008111000061035156,0.009655475616455078,-0.008844375610351562,0.0029511451721191406,0.002281665802001953,pampas|2021-09-08T12:00:00,extreme,32.00251388549805,97.08333333333331,0.0015754275955259,98.75,4.230090975761414,2.2796651124954224,3.5050289630889893,flat,heavy
pampas,pampas_2021101800_typical,2021-10-18T00:00:00,6,4.265068054199219,4.2543044090271,4.257212162017822,4.264294147491455,4.260390281677246,-0.004677772521972656,0.006085872650146484,-0.01076364517211914,-0.0039038658142089844,0.003178119659423828,pampas|2021-10-18T00:00:00,typical,15.449824333190918,50.403225806451616,2.225276875833515e-05,75.80645161290323,4.286885619163513,1.7423997521400452,3.7837167978286734,flat,moderate
pampas,pampas_2021101800_typical,2021-10-18T00:00:00,12,4.079069137573242,4.0641303062438965,4.0687127113342285,4.075780868530273,4.074643611907959,-0.004425525665283203,0.0105133056640625,-0.014938831329345703,-0.0011372566223144531,0.005930900573730469,pampas|2021-10-18T00:00:00,typical,15.449824333190918,50.403225806451616,2.225276875833515e-05,75.80645161290323,4.286885619163513,1.7423997521400452,3.7837167978286734,flat,moderate
pampas,pampas_2021101800_typical,2021-10-18T00:00:00,24,3.383967399597168,3.374754905700684,3.382720947265625,3.385730504989624,3.3843910694122314,0.00042366981506347656,0.009636163711547407,-0.009212493896483931,-0.0013394355773925781,0.0016701221466064453,pampas|2021-10-18T00:00:00,typical,15.449824333190918,50.403225806451616,2.225276875833515e-05,75.80645161290323,4.286885619163513,1.7423997521400452,3.7837167978286734,flat,moderate
pampas,pampas_2022070912_humid,2022-07-09T12:00:00,6,9.128499031066896,9.116683959960938,9.122438430786133,9.122471809387209,9.140759468078612,0.012260437011715197,0.024075508117674005,-0.011815071105958808,0.018287658691402697,0.018321037292478692,pampas|2022-07-09T12:00:00,humid,27.220680236816406,86.69354838709677,2.0579387637553737e-05,75.80645161290323,7.397089958190918,4.124242901802063,6.062907934188843,flat,moderate
pampas,pampas_2022070912_humid,2022-07-09T12:00:00,12,8.873444557189941,8.861332893371582,8.869064331054688,8.863701820373535,8.882767677307129,0.0093231201171875,0.021434783935546875,-0.012111663818359375,0.01906585693359375,0.013703346252441406,pampas|2022-07-09T12:00:00,humid,27.220680236816406,86.69354838709677,2.0579387637553737e-05,75.80645161290323,7.397089958190918,4.124242901802063,6.062907934188843,flat,moderate
pampas,pampas_2022070912_humid,2022-07-09T12:00:00,24,9.42214584350586,9.414448738098145,9.429987907409668,9.413350105285645,9.413337707519531,-0.008808135986328125,-0.0011110305786132812,-0.007697105407714844,-1.239776611328125e-05,-0.01665019989013672,pampas|2022-07-09T12:00:00,humid,27.220680236816406,86.69354838709677,2.0579387637553737e-05,75.80645161290323,7.397089958190918,4.124242901802063,6.062907934188843,flat,moderate
pampas,pampas_2022072600_extreme,2022-07-26T00:00:00,6,7.773273944854736,7.760440349578857,7.769500732421875,7.77495527267456,7.766827583312988,-0.006446361541748047,0.006387233734130859,-0.012833595275878906,-0.008127689361571377,-0.0026731491088867188,pampas|2022-07-26T00:00:00,extreme,33.64690399169922,95.96774193548389,7.20335592632182e-05,83.46774193548387,5.39923620223999,1.886173397302628,4.97017765045166,flat,moderate
pampas,pampas_2022072600_extreme,2022-07-26T00:00:00,12,8.521200180053711,8.504509925842285,8.519550323486328,8.519039154052734,8.50674819946289,-0.014451980590820312,0.0022382736206054688,-0.01669025421142578,-0.01229095458984375,-0.0128021240234375,pampas|2022-07-26T00:00:00,extreme,33.64690399169922,95.96774193548389,7.20335592632182e-05,83.46774193548387,5.39923620223999,1.886173397302628,4.97017765045166,flat,moderate
pampas,pampas_2022072600_extreme,2022-07-26T00:00:00,24,8.201066017150879,8.173836708068848,8.192140579223633,8.172375679016113,8.173294067382812,-0.027771949768066406,-0.0005426406860351562,-0.02722930908203125,0.0009183883666992188,-0.018846511840820312,pampas|2022-07-26T00:00:00,extreme,33.64690399169922,95.96774193548389,7.20335592632182e-05,83.46774193548387,5.39923620223999,1.886173397302628,4.97017765045166,flat,moderate
pampas,pampas_2023030212_typical,2023-03-02T12:00:00,6,8.9729642868042,8.962976455688477,8.962181091308594,8.967889785766602,8.98371696472168,0.010752677917480469,0.020740509033203125,-0.009987831115722656,0.015827178955078125,0.021535873413085938,pampas|2023-03-02T12:00:00,typical,30.03427124023437,58.06451612903226,6.091190840606941e-08,35.483870967741936,3.5272529125213623,0.4631140828132629,3.49650776386261,flat,non-raining
pampas,pampas_2023030212_typical,2023-03-02T12:00:00,12,8.539993286132812,8.526002883911133,8.523289680480957,8.530024528503418,8.55585765838623,0.01586437225341797,0.029854774475097656,-0.013990402221679688,0.0258331298828125,0.03256797790527344,pampas|2023-03-02T12:00:00,typical,30.03427124023437,58.06451612903226,6.091190840606941e-08,35.483870967741936,3.5272529125213623,0.4631140828132629,3.49650776386261,flat,non-raining
pampas,pampas_2023030212_typical,2023-03-02T12:00:00,24,8.6575927734375,8.635139465332031,8.638406753540039,8.62983512878418,8.655364036560059,-0.0022287368774414062,0.020224571228027344,-0.02245330810546875,0.025528907775878906,0.01695728302001953,pampas|2023-03-02T12:00:00,typical,30.03427124023437,58.06451612903226,6.091190840606941e-08,35.483870967741936,3.5272529125213623,0.4631140828132629,3.49650776386261,flat,non-raining
pampas,pampas_2023072312_low,2023-07-23T12:00:00,6,1.4134724140167236,1.3990635871887207,1.399083971977234,1.4093934297561646,1.3984849452972412,-0.014987468719482422,-0.0005786418914794922,-0.01440882682800293,-0.01090848445892334,-0.0005990266799928978,pampas|2023-07-23T12:00:00,low,9.614838600158691,27.41935483870968,0.0,18.75,7.48824405670166,-5.351892173290253,4.06655490398407,flat,non-raining
pampas,pampas_2023072312_low,2023-07-23T12:00:00,12,0.6873401403427124,0.6734180450439453,0.6728433966636658,0.684895932674408,0.6681129932403564,-0.019227147102355957,-0.005305051803588867,-0.01392209529876709,-0.016782939434051514,-0.004730403423309326,pampas|2023-07-23T12:00:00,low,9.614838600158691,27.41935483870968,0.0,18.75,7.48824405670166,-5.351892173290253,4.06655490398407,flat,non-raining
pampas,pampas_2023072312_low,2023-07-23T12:00:00,24,1.0604857206344604,1.042272448539734,1.0413190126419067,1.0617382526397705,1.0358797311782837,-0.024605989456176758,-0.006392717361450417,-0.01821327209472634,-0.025858521461486816,-0.005439281463623047,pampas|2023-07-23T12:00:00,low,9.614838600158691,27.41935483870968,0.0,18.75,7.48824405670166,-5.351892173290253,4.06655490398407,flat,non-raining
pampas,pampas_2023121500_extreme,2023-12-15T00:00:00,6,11.976919174194336,11.960134506225586,11.96280002593994,11.958962440490724,11.967838287353516,-0.009080886840820312,0.0077037811279296875,-0.01678466796875,0.008875846862791192,0.005038261413575995,pampas|2023-12-15T00:00:00,extreme,42.8006477355957,95.56451612903226,3.99964555981569e-05,83.06451612903226,15.260011672973633,-11.571014881134031,9.159063339233398,flat,moderate
pampas,pampas_2023121500_extreme,2023-12-15T00:00:00,12,11.479825019836426,11.464962005615234,11.462385177612305,11.460403442382812,11.47336196899414,-0.006463050842285156,0.00839996337890625,-0.014863014221191406,0.012958526611328125,0.010976791381835938,pampas|2023-12-15T00:00:00,extreme,42.8006477355957,95.56451612903226,3.99964555981569e-05,83.06451612903226,15.260011672973633,-11.571014881134031,9.159063339233398,flat,moderate
pampas,pampas_2023121500_extreme,2023-12-15T00:00:00,24,12.536381721496582,12.525373458862305,12.51721477508545,12.526208877563477,12.538451194763184,0.0020694732666015625,0.013077735900878906,-0.011008262634277344,0.012242317199707031,0.021236419677734375,pampas|2023-12-15T00:00:00,extreme,42.8006477355957,95.56451612903226,3.99964555981569e-05,83.06451612903226,15.260011672973633,-11.571014881134031,9.159063339233398,flat,moderate
pyrenees,pyrenees_2020020812_typical,2020-02-08T12:00:00,6,4.358694553375244,4.354737281799316,4.355528831481934,4.355423450469971,4.33578634262085,-0.02290821075439453,-0.018950939178466797,-0.003957271575927734,-0.019637107849121094,-0.019742488861083984,pyrenees|2020-02-08T12:00:00,typical,9.60293197631836,52.21238938053098,,,13.471784591674805,-9.222930908203123,9.77745532989502,mountain,unavailable
pyrenees,pyrenees_2020020812_typical,2020-02-08T12:00:00,12,4.303571224212647,4.297266960144043,4.297729015350342,4.300436019897461,4.274674415588379,-0.028896808624268466,-0.022592544555664062,-0.006304264068604404,-0.02576160430908203,-0.02305459976196289,pyrenees|2020-02-08T12:00:00,typical,9.60293197631836,52.21238938053098,,,13.471784591674805,-9.222930908203123,9.77745532989502,mountain,unavailable
pyrenees,pyrenees_2020020812_typical,2020-02-08T12:00:00,24,3.790731191635132,3.78296160697937,3.781486034393311,3.7829842567443848,3.756817817687988,-0.033913373947144,-0.02614378929138228,-0.007769584655761719,-0.02616643905639693,-0.024668216705323154,pyrenees|2020-02-08T12:00:00,typical,9.60293197631836,52.21238938053098,,,13.471784591674805,-9.222930908203123,9.77745532989502,mountain,unavailable
pyrenees,pyrenees_2020050712_typical,2020-05-07T12:00:00,6,7.304113388061523,7.292936325073242,7.295401096343994,7.304399490356445,7.2769951820373535,-0.027118206024169922,-0.015941143035888672,-0.01117706298828125,-0.027404308319091797,-0.018405914306640625,pyrenees|2020-05-07T12:00:00,typical,16.450157165527344,43.14516129032258,,,17.461807250976562,-6.654622316360474,16.140626430511475,mountain,unavailable
pyrenees,pyrenees_2020050712_typical,2020-05-07T12:00:00,12,6.417877197265625,6.402982234954834,6.409607410430908,6.408548831939697,6.403954982757568,-0.01392221450805664,0.000972747802734375,-0.014894962310791016,-0.004593849182128906,-0.005652427673339844,pyrenees|2020-05-07T12:00:00,typical,16.450157165527344,43.14516129032258,,,17.461807250976562,-6.654622316360474,16.140626430511475,mountain,unavailable
pyrenees,pyrenees_2020050712_typical,2020-05-07T12:00:00,24,5.639496803283691,5.61554765701294,5.628514289855957,5.641176223754883,5.605283260345459,-0.03421354293823242,-0.010264396667481357,-0.023949146270751065,-0.03589296340942383,-0.023231029510498047,pyrenees|2020-05-07T12:00:00,typical,16.450157165527344,43.14516129032258,,,17.461807250976562,-6.654622316360474,16.140626430511475,mountain,unavailable
pyrenees,pyrenees_2020080212_humid,2020-08-02T12:00:00,6,8.835000038146973,8.824850082397461,8.827451705932617,8.816804885864258,8.829745292663574,-0.0052547454833984375,0.004895210266113281,-0.010149955749511719,0.012940406799316406,0.0022935867309570312,pyrenees|2020-08-02T12:00:00,humid,27.69810104370117,73.79032258064517,,,23.567943572998047,-9.22599744796753,21.685924530029297,mountain,unavailable
pyrenees,pyrenees_2020080212_humid,2020-08-02T12:00:00,12,8.392581939697266,8.37336540222168,8.379162788391113,8.367857933044434,8.36635971069336,-0.02622222900390625,-0.0070056915283203125,-0.019216537475585938,-0.0014982223510742188,-0.012803077697753906,pyrenees|2020-08-02T12:00:00,humid,27.69810104370117,73.79032258064517,,,23.567943572998047,-9.22599744796753,21.685924530029297,mountain,unavailable
pyrenees,pyrenees_2020080212_humid,2020-08-02T12:00:00,24,6.678691387176514,6.6651763916015625,6.6647138595581055,6.665298461914063,6.647566795349121,-0.031124591827392578,-0.017609596252441406,-0.013514995574951172,-0.017731666564942294,-0.017147064208984375,pyrenees|2020-08-02T12:00:00,humid,27.69810104370117,73.79032258064517,,,23.567943572998047,-9.22599744796753,21.685924530029297,mountain,unavailable
pyrenees,pyrenees_2021012900_extreme,2021-01-29T00:00:00,6,5.947858333587647,5.944309234619141,5.945369720458984,5.947465896606445,5.933988571166992,-0.013869762420655185,-0.010320663452148438,-0.0035490989685067476,-0.013477325439453125,-0.011381149291992188,pyrenees|2021-01-29T00:00:00,extreme,16.273162841796875,95.16129032258064,,,17.426222801208496,-8.394272089004517,15.261912822723389,mountain,unavailable
pyrenees,pyrenees_2021012900_extreme,2021-01-29T00:00:00,12,5.363480091094971,5.357904434204102,5.352619647979736,5.36610221862793,5.346181392669678,-0.01729869842529297,-0.011723041534423828,-0.005575656890869141,-0.019920825958251953,-0.006438255310058594,pyrenees|2021-01-29T00:00:00,extreme,16.273162841796875,95.16129032258064,,,17.426222801208496,-8.394272089004517,15.261912822723389,mountain,unavailable
pyrenees,pyrenees_2021012900_extreme,2021-01-29T00:00:00,24,5.37119197845459,5.363246917724609,5.361174583435059,5.378551006317139,5.350459098815918,-0.020732879638671875,-0.012787818908691406,-0.007945060729980469,-0.028091907501220703,-0.010715484619140625,pyrenees|2021-01-29T00:00:00,extreme,16.273162841796875,95.16129032258064,,,17.426222801208496,-8.394272089004517,15.261912822723389,mountain,unavailable
pyrenees,pyrenees_2021032512_low,2021-03-25T12:00:00,6,4.353174686431885,4.340510368347168,4.34437370300293,4.35453987121582,4.334280967712402,-0.018893718719482422,-0.006229400634765625,-0.012664318084716797,-0.02025890350341797,-0.010092735290527344,pyrenees|2021-03-25T12:00:00,low,9.492870330810549,29.435483870967744,,,14.599434852600098,-9.299689292907717,11.236029148101808,mountain,unavailable
pyrenees,pyrenees_2021032512_low,2021-03-25T12:00:00,12,3.995995044708252,3.976522922515869,3.9804530143737793,3.992185354232788,3.960127592086792,-0.03586745262145996,-0.01639533042907715,-0.019472122192382812,-0.032057762145996094,-0.020325422286987305,pyrenees|2021-03-25T12:00:00,low,9.492870330810549,29.435483870967744,,,14.599434852600098,-9.299689292907717,11.236029148101808,mountain,unavailable
pyrenees,pyrenees_2021032512_low,2021-03-25T12:00:00,24,3.765934944152832,3.745098114013672,3.7514147758483887,3.765724658966065,3.7252354621887207,-0.04069948196411133,-0.019862651824951172,-0.020836830139160156,-0.040489196777344194,-0.02617931365966797,pyrenees|2021-03-25T12:00:00,low,9.492870330810549,29.435483870967744,,,14.599434852600098,-9.299689292907717,11.236029148101808,mountain,unavailable
pyrenees,pyrenees_2021111812_low,2021-11-18T12:00:00,6,3.567270040512085,3.563829183578491,3.562079668045044,3.5660717487335205,3.54819655418396,-0.019073486328125,-0.01563262939453125,-0.00344085693359375,-0.017875194549560547,-0.013883113861083984,pyrenees|2021-11-18T12:00:00,low,10.217581748962402,26.25,,,14.842681884765623,-8.567960262298584,12.117160320281982,mountain,unavailable
pyrenees,pyrenees_2021111812_low,2021-11-18T12:00:00,12,3.404812812805176,3.396152973175049,3.3953800201416016,3.403162002563477,3.3741395473480225,-0.03067326545715332,-0.022013425827026367,-0.008659839630126953,-0.029022455215454546,-0.0212404727935791,pyrenees|2021-11-18T12:00:00,low,10.217581748962402,26.25,,,14.842681884765623,-8.567960262298584,12.117160320281982,mountain,unavailable
pyrenees,pyrenees_2021111812_low,2021-11-18T12:00:00,24,3.276803493499756,3.2638463973999023,3.264237880706787,3.286760807037353,3.255462884902954,-0.021340608596801758,-0.008383512496948242,-0.012957096099853516,-0.03129792213439897,-0.008774995803833008,pyrenees|2021-11-18T12:00:00,low,10.217581748962402,26.25,,,14.842681884765623,-8.567960262298584,12.117160320281982,mountain,unavailable
pyrenees,pyrenees_2022031500_extreme,2022-03-15T00:00:00,6,4.48391580581665,4.471408843994141,4.47356653213501,4.47794771194458,4.474418640136719,-0.00949716567993164,0.003009796142578125,-0.012506961822509766,-0.003529071807861328,0.0008521080017089844,pyrenees|2022-03-15T00:00:00,extreme,17.66120147705078,95.16129032258064,,,13.703577995300291,-5.307115197181702,12.509918212890623,mountain,unavailable
pyrenees,pyrenees_2022031500_extreme,2022-03-15T00:00:00,12,4.301309585571289,4.280156135559082,4.286197662353516,4.30320930480957,4.285729885101318,-0.015579700469970703,0.005573749542236328,-0.02115345001220703,-0.017479419708251953,-0.0004677772521972656,pyrenees|2022-03-15T00:00:00,extreme,17.66120147705078,95.16129032258064,,,13.703577995300291,-5.307115197181702,12.509918212890623,mountain,unavailable
pyrenees,pyrenees_2022031500_extreme,2022-03-15T00:00:00,24,3.085820198059082,3.061901807785034,3.0650923252105717,3.0927557945251465,3.0724918842315674,-0.013328313827514648,0.010590076446533203,-0.02391839027404785,-0.0202639102935791,0.00739955902099565,pyrenees|2022-03-15T00:00:00,extreme,17.66120147705078,95.16129032258064,,,13.703577995300291,-5.307115197181702,12.509918212890623,mountain,unavailable
pyrenees,pyrenees_2022063000_humid,2022-06-30T00:00:00,6,7.897659301757812,7.883898735046387,7.885359287261963,7.8956170082092285,7.892603874206543,-0.005055427551268643,0.00870513916015625,-0.013760566711424893,-0.003013134002685547,0.007244586944580078,pyrenees|2022-06-30T00:00:00,humid,24.87689781188965,74.16666666666667,,,20.295687675476078,-4.4894936084747314,19.788697242736816,mountain,unavailable
pyrenees,pyrenees_2022063000_humid,2022-06-30T00:00:00,12,8.106938362121582,8.090361595153809,8.086420059204102,8.103589057922363,8.088005065917969,-0.01893329620361328,-0.0023565292358398438,-0.016576766967773438,-0.015583992004394531,0.0015850067138671875,pyrenees|2022-06-30T00:00:00,humid,24.87689781188965,74.16666666666667,,,20.295687675476078,-4.4894936084747314,19.788697242736816,mountain,unavailable
pyrenees,pyrenees_2022063000_humid,2022-06-30T00:00:00,24,6.8866801261901855,6.872195720672607,6.865819931030273,6.879359722137451,6.87019157409668,-0.01648855209350586,-0.0020041465759277344,-0.014484405517578125,-0.009168148040771484,0.00437164306640625,pyrenees|2022-06-30T00:00:00,humid,24.87689781188965,74.16666666666667,,,20.295687675476078,-4.4894936084747314,19.788697242736816,mountain,unavailable
pyrenees,pyrenees_2022082312_typical,2022-08-23T12:00:00,6,10.119301795959473,10.107386589050291,10.105648040771484,10.090364456176758,10.079754829406738,-0.039546966552734375,-0.02763175964355291,-0.011915206909181464,-0.010609626770019531,-0.025893211364746094,pyrenees|2022-08-23T12:00:00,typical,25.48929023742676,56.85483870967742,,,27.07781982421875,-13.109629154205322,23.691899299621586,mountain,unavailable
pyrenees,pyrenees_2022082312_typical,2022-08-23T12:00:00,12,9.85232925415039,9.83520793914795,9.835326194763184,9.802898406982422,9.805718421936035,-0.04661083221435547,-0.029489517211914062,-0.017121315002441406,0.0028200149536132812,-0.029607772827148438,pyrenees|2022-08-23T12:00:00,typical,25.48929023742676,56.85483870967742,,,27.07781982421875,-13.109629154205322,23.691899299621586,mountain,unavailable
pyrenees,pyrenees_2022082312_typical,2022-08-23T12:00:00,24,9.438555717468262,9.41379165649414,9.413673400878906,9.407087326049805,9.378007888793944,-0.06054782867431818,-0.03578376770019709,-0.024764060974121094,-0.02907943725586115,-0.035665512084962714,pyrenees|2022-08-23T12:00:00,typical,25.48929023742676,56.85483870967742,,,27.07781982421875,-13.109629154205322,23.691899299621586,mountain,unavailable
pyrenees,pyrenees_2023030712_humid,2023-03-07T12:00:00,6,5.084465503692627,5.080389976501465,5.081777095794678,5.081885814666748,5.080479145050049,-0.003986358642578125,8.916854858398438e-05,-0.004075527191162109,-0.0014066696166992188,-0.0012979507446289062,pyrenees|2023-03-07T12:00:00,humid,15.557015419006348,86.69354838709677,,,11.225047588348389,-2.0205217003822327,10.508878707885742,mountain,unavailable
pyrenees,pyrenees_2023030712_humid,2023-03-07T12:00:00,12,4.575596809387207,4.574747562408447,4.573966503143311,4.568104267120361,4.562634468078613,-0.01296234130859375,-0.012113094329833984,-0.0008492469787597656,-0.005469799041748047,-0.011332035064698154,pyrenees|2023-03-07T12:00:00,humid,15.557015419006348,86.69354838709677,,,11.225047588348389,-2.0205217003822327,10.508878707885742,mountain,unavailable
pyrenees,pyrenees_2023030712_humid,2023-03-07T12:00:00,24,5.56691837310791,5.572036743164063,5.572687149047852,5.563266754150391,5.558923244476318,-0.007995128631591797,-0.013113498687745029,0.005118370056153232,-0.004343509674072266,-0.013763904571533203,pyrenees|2023-03-07T12:00:00,humid,15.557015419006348,86.69354838709677,,,11.225047588348389,-2.0205217003822327,10.508878707885742,mountain,unavailable
pyrenees,pyrenees_2023051312_low,2023-05-13T12:00:00,6,5.067478656768799,5.062742233276367,5.064648151397705,5.065500259399414,5.06243371963501,-0.0050449371337890625,-0.0003085136413574219,-0.004736423492431641,-0.003066539764404297,-0.0022144317626953125,pyrenees|2023-05-13T12:00:00,low,14.91062355041504,28.225806451612907,,,14.73078203201294,-5.115806579589844,13.806861400604248,mountain,unavailable
pyrenees,pyrenees_2023051312_low,2023-05-13T12:00:00,12,5.157688617706299,5.150032997131348,5.15257740020752,5.15478515625,5.149079322814941,-0.008609294891357422,-0.00095367431640625,-0.007655620574951172,-0.005705833435058594,-0.003498077392579013,pyrenees|2023-05-13T12:00:00,low,14.91062355041504,28.225806451612907,,,14.73078203201294,-5.115806579589844,13.806861400604248,mountain,unavailable
pyrenees,pyrenees_2023051312_low,2023-05-13T12:00:00,24,5.148629188537598,5.139381408691406,5.139005184173584,5.137294769287109,5.1319355964660645,-0.016693592071533203,-0.007445812225341797,-0.009247779846191406,-0.005359172821044922,-0.007069587707519531,pyrenees|2023-05-13T12:00:00,low,14.91062355041504,28.225806451612907,,,14.73078203201294,-5.115806579589844,13.806861400604248,mountain,unavailable
pyrenees,pyrenees_2023062200_extreme,2023-06-22T00:00:00,6,9.379424095153809,9.36736011505127,9.361849784851074,9.374987602233888,9.367511749267578,-0.011912345886230469,0.00015163421630859375,-0.012063980102539062,-0.00747585296631037,0.005661964416503906,pyrenees|2023-06-22T00:00:00,extreme,29.633930206298828,95.41666666666669,,,28.922164916992188,-12.580463409423828,25.895079612731934,mountain,unavailable
pyrenees,pyrenees_2023062200_extreme,2023-06-22T00:00:00,12,8.916975021362305,8.899331092834473,8.897062301635742,8.909347534179688,8.91542911529541,-0.0015459060668945312,0.0160980224609375,-0.01764392852783203,0.006081581115722656,0.01836681365966797,pyrenees|2023-06-22T00:00:00,extreme,29.633930206298828,95.41666666666669,,,28.922164916992188,-12.580463409423828,25.895079612731934,mountain,unavailable
pyrenees,pyrenees_2023062200_extreme,2023-06-22T00:00:00,24,8.464722633361816,8.434617042541504,8.440414428710938,8.457694053649902,8.43773078918457,-0.026991844177246094,0.0031137466430664062,-0.0301055908203125,-0.01996326446533203,-0.0026836395263671875,pyrenees|2023-06-22T00:00:00,extreme,29.633930206298828,95.41666666666669,,,28.922164916992188,-12.580463409423828,25.895079612731934,mountain,unavailable
rockies,rockies_2020041812_typical,2020-04-18T12:00:00,6,2.711767673492432,2.688248634338379,2.6990537643432617,2.7015275955200195,2.690532922744751,-0.021234750747681108,0.0022842884063720703,-0.02351903915405318,-0.010994672775268555,-0.008520841598510742,rockies|2020-04-18T12:00:00,typical,5.875777244567871,41.66666666666667,,,6.269449710845947,-4.493829250335693,4.36040186882019,mountain,unavailable
rockies,rockies_2020041812_typical,2020-04-18T12:00:00,12,3.4969003200531006,3.4683241844177246,3.4793975353240967,3.482817411422729,3.4773478507995605,-0.01955246925354004,0.009023666381835938,-0.028576135635375977,-0.005469560623168501,-0.002049684524536133,rockies|2020-04-18T12:00:00,typical,5.875777244567871,41.66666666666667,,,6.269449710845947,-4.493829250335693,4.36040186882019,mountain,unavailable
rockies,rockies_2020041812_typical,2020-04-18T12:00:00,24,3.7305691242218018,3.703465700149536,3.7096588611602783,3.7185351848602295,3.704939365386963,-0.025629758834838867,0.0014736652374267578,-0.027103424072265625,-0.013595819473266602,-0.00471949577331543,rockies|2020-04-18T12:00:00,typical,5.875777244567871,41.66666666666667,,,6.269449710845947,-4.493829250335693,4.36040186882019,mountain,unavailable
rockies,rockies_2020052800_extreme,2020-05-28T00:00:00,6,7.7641096115112305,7.741760730743408,7.744876384735107,7.747915267944336,7.752638816833496,-0.011470794677734375,0.01087808609008789,-0.022348880767822266,0.004723548889160156,0.007762432098388672,rockies|2020-05-28T00:00:00,extreme,17.87114715576172,97.17741935483872,,,7.776647567749023,-1.1503766924142838,7.633140087127685,mountain,unavailable
rockies,rockies_2020052800_extreme,2020-05-28T00:00:00,12,7.252185344696045,7.227593898773193,7.22918176651001,7.23251485824585,7.237750053405762,-0.014435291290283203,0.01015615463256836,-0.024591445922851562,0.005235195159912109,0.008568286895751953,rockies|2020-05-28T00:00:00,extreme,17.87114715576172,97.17741935483872,,,7.776647567749023,-1.1503766924142838,7.633140087127685,mountain,unavailable
rockies,rockies_2020052800_extreme,2020-05-28T00:00:00,24,6.681963443756104,6.651023387908936,6.648055553436279,6.645775318145752,6.649541854858398,-0.032421588897705966,-0.0014815330505379976,-0.03094005584716797,0.0037665367126464844,0.0014863014221191406,rockies|2020-05-28T00:00:00,extreme,17.87114715576172,97.17741935483872,,,7.776647567749023,-1.1503766924142838,7.633140087127685,mountain,unavailable
rockies,rockies_2020092512_low,2020-09-25T12:00:00,6,4.130472183227539,4.098628520965576,4.108850002288818,4.117820262908936,4.110715389251709,-0.019756793975830078,0.012086868286132812,-0.03184366226196289,-0.007104873657227451,0.001865386962890625,rockies|2020-09-25T12:00:00,low,9.271373748779297,17.083333333333332,,,8.527698040008545,-6.185501575469971,5.867604970932007,mountain,unavailable
rockies,rockies_2020092512_low,2020-09-25T12:00:00,12,3.969994783401489,3.924692869186402,3.939159154891968,3.943913221359253,3.930208683013916,-0.0397861003875728,0.005515813827514204,-0.045301914215087,-0.013704538345336914,-0.008950471878052202,rockies|2020-09-25T12:00:00,low,9.271373748779297,17.083333333333332,,,8.527698040008545,-6.185501575469971,5.867604970932007,mountain,unavailable
rockies,rockies_2020092512_low,2020-09-25T12:00:00,24,4.153416633605957,4.098630905151367,4.115384101867676,4.123125553131104,4.115234851837158,-0.03818178176879883,0.016603946685791016,-0.054785728454589844,-0.0078907012939462,-0.00014925003051757812,rockies|2020-09-25T12:00:00,low,9.271373748779297,17.083333333333332,,,8.527698040008545,-6.185501575469971,5.867604970932007,mountain,unavailable
rockies,rockies_2020102812_low,2020-10-28T12:00:00,6,3.49448037147522,3.482822895050049,3.4846413135528564,3.4990148544311523,3.488406181335449,-0.006074190139770952,0.005583286285400391,-0.011657476425171343,-0.010608673095703125,0.0037648677825927734,rockies|2020-10-28T12:00:00,low,6.600897312164307,23.387096774193548,,,5.601987361907959,-4.508883714675903,3.2822182178497314,mountain,unavailable
rockies,rockies_2020102812_low,2020-10-28T12:00:00,12,4.00953483581543,4.0027360916137695,4.000961780548096,4.018558502197266,4.006951808929443,-0.002583026885986328,0.004215717315673828,-0.006798744201660156,-0.011606693267822266,0.005990028381347656,rockies|2020-10-28T12:00:00,low,6.600897312164307,23.387096774193548,,,5.601987361907959,-4.508883714675903,3.2822182178497314,mountain,unavailable
rockies,rockies_2020102812_low,2020-10-28T12:00:00,24,3.167781114578247,3.1561293601989746,3.157474994659424,3.170315742492676,3.163640022277832,-0.004141092300415039,0.007510662078857422,-0.011651754379272461,-0.00667572021484375,0.006165027618408203,rockies|2020-10-28T12:00:00,low,6.600897312164307,23.387096774193548,,,5.601987361907959,-4.508883714675903,3.2822182178497314,mountain,unavailable
rockies,rockies_2020121900_humid,2020-12-19T00:00:00,6,2.3099730014801025,2.298779964447021,2.3032896518707275,2.3067104816436768,2.302647829055786,-0.007325172424316406,0.0038678646087650925,-0.011193037033081499,-0.004062652587890625,-0.0006418228149414062,rockies|2020-12-19T00:00:00,humid,5.998367786407471,72.17741935483872,,,4.709568023681641,-3.231674313545227,3.4221062660217285,mountain,unavailable
rockies,rockies_2020121900_humid,2020-12-19T00:00:00,12,2.11355209350586,2.096161365509033,2.1057276725769043,2.10697865486145,2.100919485092163,-0.012632608413696733,0.004758119583129883,-0.017390727996826616,-0.006059169769287109,-0.004808187484741211,rockies|2020-12-19T00:00:00,humid,5.998367786407471,72.17741935483872,,,4.709568023681641,-3.231674313545227,3.4221062660217285,mountain,unavailable
rockies,rockies_2020121900_humid,2020-12-19T00:00:00,24,2.170642852783203,2.1572513580322266,2.163457155227661,2.165834665298462,2.1595706939697266,-0.011072158813476562,0.0023193359375,-0.013391494750976562,-0.0062639713287353516,-0.0038864612579345703,rockies|2020-12-19T00:00:00,humid,5.998367786407471,72.17741935483872,,,4.709568023681641,-3.231674313545227,3.4221062660217285,mountain,unavailable
rockies,rockies_2021082000_humid,2021-08-20T00:00:00,6,10.949666976928713,10.92160987854004,10.931822776794434,10.93489933013916,10.940093040466309,-0.00957393646240412,0.018483161926267755,-0.028057098388671875,0.0051937103271484375,0.008270263671875,rockies|2021-08-20T00:00:00,humid,21.98429679870605,77.82258064516128,,,11.54119873046875,2.247788190841675,11.320013999938965,mountain,unavailable
rockies,rockies_2021082000_humid,2021-08-20T00:00:00,12,8.728139877319336,8.686559677124023,8.7061128616333,8.699956893920898,8.719963073730469,-0.008176803588867188,0.03340339660644531,-0.0415802001953125,0.020006179809570312,0.013850212097167969,rockies|2021-08-20T00:00:00,humid,21.98429679870605,77.82258064516128,,,11.54119873046875,2.247788190841675,11.320013999938965,mountain,unavailable
rockies,rockies_2021082000_humid,2021-08-20T00:00:00,24,4.891762733459473,4.854043483734131,4.872719764709473,4.872278213500977,4.888947010040283,-0.002815723419189453,0.034903526306152344,-0.0377192497253418,0.01666879653930664,0.016227245330810547,rockies|2021-08-20T00:00:00,humid,21.98429679870605,77.82258064516128,,,11.54119873046875,2.247788190841675,11.320013999938965,mountain,unavailable
rockies,rockies_2021082900_typical,2021-08-29T00:00:00,6,9.470132827758787,9.439946174621582,9.454258918762209,9.45896339416504,9.4747314453125,0.004598617553712714,0.03478527069091797,-0.030186653137205255,0.01576805114745916,0.020472526550291192,rockies|2021-08-29T00:00:00,typical,16.84921646118164,43.95161290322581,,,6.934684038162232,0.2916900962591171,6.913505792617798,mountain,unavailable
rockies,rockies_2021082900_typical,2021-08-29T00:00:00,12,9.70811367034912,9.666358947753906,9.68636989593506,9.694668769836426,9.68012809753418,-0.02798557281493963,0.013769149780273438,-0.04175472259521307,-0.014540672302246094,-0.006241798400880683,rockies|2021-08-29T00:00:00,typical,16.84921646118164,43.95161290322581,,,6.934684038162232,0.2916900962591171,6.913505792617798,mountain,unavailable
rockies,rockies_2021082900_typical,2021-08-29T00:00:00,24,8.997119903564453,8.957209587097168,8.964887619018555,8.97093677520752,8.986542701721191,-0.010577201843261719,0.029333114624023438,-0.039910316467285156,0.015605926513671875,0.02165508270263672,rockies|2021-08-29T00:00:00,typical,16.84921646118164,43.95161290322581,,,6.934684038162232,0.2916900962591171,6.913505792617798,mountain,unavailable
rockies,rockies_2022030712_low,2022-03-07T12:00:00,6,1.4606720209121704,1.4529277086257937,1.4544644355773926,1.4591515064239502,1.456061840057373,-0.004610180854797363,0.003134131431579368,-0.007744312286376731,-0.0030896663665771484,0.0015974044799804688,rockies|2022-03-07T12:00:00,low,3.3923115730285645,12.903225806451612,,,3.1798455715179443,-2.807497620582581,1.4930457472801208,mountain,unavailable
rockies,rockies_2022030712_low,2022-03-07T12:00:00,12,1.652350664138794,1.638702154159546,1.6433416604995728,1.6496526002883911,1.6457701921463013,-0.006580471992492676,0.007068037986755371,-0.013648509979248047,-0.0038824081420898438,0.0024285316467285156,rockies|2022-03-07T12:00:00,low,3.3923115730285645,12.903225806451612,,,3.1798455715179443,-2.807497620582581,1.4930457472801208,mountain,unavailable
rockies,rockies_2022030712_low,2022-03-07T12:00:00,24,1.4296473264694214,1.4177730083465576,1.4202033281326294,1.429251790046692,1.4217383861541748,-0.007908940315246582,0.0039653778076171875,-0.01187431812286377,-0.00751340389251709,0.0015350580215454102,rockies|2022-03-07T12:00:00,low,3.3923115730285645,12.903225806451612,,,3.1798455715179443,-2.807497620582581,1.4930457472801208,mountain,unavailable
rockies,rockies_2022072512_extreme,2022-07-25T12:00:00,6,10.48114776611328,10.44606590270996,10.460366249084473,10.43764877319336,10.423416137695312,-0.057731628417966974,-0.02264976501464666,-0.03508186340332031,-0.014232635498046875,-0.036950111389160156,rockies|2022-07-25T12:00:00,extreme,28.289262771606445,96.37096774193547,,,17.741761684417725,-10.755286931991575,13.848486423492432,mountain,unavailable
rockies,rockies_2022072512_extreme,2022-07-25T12:00:00,12,10.188865661621094,10.115313529968262,10.14791488647461,10.102583885192873,10.08553695678711,-0.10332870483398438,-0.029776573181152344,-0.07355213165283203,-0.017046928405763495,-0.0623779296875,rockies|2022-07-25T12:00:00,extreme,28.289262771606445,96.37096774193547,,,17.741761684417725,-10.755286931991575,13.848486423492432,mountain,unavailable
rockies,rockies_2022072512_extreme,2022-07-25T12:00:00,24,11.59290599822998,11.546677589416504,11.566686630249023,11.53986930847168,11.539874076843262,-0.05303192138671875,-0.0068035125732421875,-0.04622840881347656,4.76837158203125e-06,-0.02681255340576172,rockies|2022-07-25T12:00:00,extreme,28.289262771606445,96.37096774193547,,,17.741761684417725,-10.755286931991575,13.848486423492432,mountain,unavailable
rockies,rockies_2022110100_typical,2022-11-01T00:00:00,6,2.8602726459503174,2.847131490707397,2.8504695892333984,2.8552820682525635,2.853689670562744,-0.006582975387573242,0.006558179855347124,-0.013141155242920366,-0.001592397689819336,0.003220081329345703,rockies|2022-11-01T00:00:00,typical,6.329041004180908,59.583333333333336,,,4.796246767044067,-3.0031365156173706,3.705849528312683,mountain,unavailable
rockies,rockies_2022110100_typical,2022-11-01T00:00:00,12,2.785170793533325,2.767241954803467,2.7719619274139404,2.7775020599365234,2.777320384979248,-0.007850408554077148,0.01007843017578125,-0.0179288387298584,-0.00018167495727539062,0.005358457565307617,rockies|2022-11-01T00:00:00,typical,6.329041004180908,59.583333333333336,,,4.796246767044067,-3.0031365156173706,3.705849528312683,mountain,unavailable
rockies,rockies_2022110100_typical,2022-11-01T00:00:00,24,2.8337416648864746,2.808467388153076,2.8212783336639404,2.827547073364258,2.823017835617065,-0.010723829269409624,0.014550447463988814,-0.025274276733398438,-0.004529237747192827,0.001739501953124556,rockies|2022-11-01T00:00:00,typical,6.329041004180908,59.583333333333336,,,4.796246767044067,-3.0031365156173706,3.705849528312683,mountain,unavailable
rockies,rockies_2023081900_humid,2023-08-19T00:00:00,6,10.46967315673828,10.437663078308104,10.450247764587402,10.43875789642334,10.447895050048828,-0.02177810668945135,0.010231971740724433,-0.03201007843017578,0.009137153625488281,-0.0023527145385742188,rockies|2023-08-19T00:00:00,humid,23.22313499450684,84.67741935483872,,,10.770602703094482,1.8185396790504456,10.601357460021973,mountain,unavailable
rockies,rockies_2023081900_humid,2023-08-19T00:00:00,12,9.492414474487305,9.449877738952637,9.464239120483398,9.444729804992676,9.482877731323242,-0.0095367431640625,0.03299999237060547,-0.04253673553466797,0.038147926330566406,0.01863861083984375,rockies|2023-08-19T00:00:00,humid,23.22313499450684,84.67741935483872,,,10.770602703094482,1.8185396790504456,10.601357460021973,mountain,unavailable
rockies,rockies_2023081900_humid,2023-08-19T00:00:00,24,7.180205821990967,7.128276824951172,7.151712894439697,7.102080345153809,7.190322399139404,0.0101165771484375,0.06204557418823242,-0.05192899703979492,0.0882420539855957,0.03860950469970703,rockies|2023-08-19T00:00:00,humid,23.22313499450684,84.67741935483872,,,10.770602703094482,1.8185396790504456,10.601357460021973,mountain,unavailable
rockies,rockies_2023090312_extreme,2023-09-03T12:00:00,6,7.944406986236572,7.91334342956543,7.92418909072876,7.908728122711182,7.936411380767822,-0.00799560546875,0.023067951202392578,-0.031063556671142578,0.027683258056640625,0.0122222900390625,rockies|2023-09-03T12:00:00,extreme,20.21331214904785,95.0,,,11.87237310409546,-0.0949451923370361,11.81199836730957,mountain,unavailable
rockies,rockies_2023090312_extreme,2023-09-03T12:00:00,12,7.863009452819824,7.8069233894348145,7.828537464141846,7.8297834396362305,7.907882213592529,0.04487276077270508,0.10095882415771484,-0.056086063385009766,0.07809877395629883,0.0793447494506836,rockies|2023-09-03T12:00:00,extreme,20.21331214904785,95.0,,,11.87237310409546,-0.0949451923370361,11.81199836730957,mountain,unavailable
rockies,rockies_2023090312_extreme,2023-09-03T12:00:00,24,8.201543807983398,8.146780014038086,8.162676811218262,8.165961265563965,8.223477363586426,0.021933555603027344,0.07669734954833984,-0.0547637939453125,0.05751609802246094,0.06080055236816406,rockies|2023-09-03T12:00:00,extreme,20.21331214904785,95.0,,,11.87237310409546,-0.0949451923370361,11.81199836730957,mountain,unavailable
ticino,ticino_2020050600_typical,2020-05-06T00:00:00,6,5.742936611175537,5.731679916381836,5.731297492980957,5.73661994934082,5.735673427581787,-0.00726318359375,0.003993511199951172,-0.011256694793701172,-0.0009465217590332031,0.004375934600830078,ticino|2020-05-06T00:00:00,typical,14.046900749206545,55.24193548387096,0.0001515147159807,60.88709677419355,17.556267738342285,3.5918201208114624,17.17386531829834,mountain,moderate
ticino,ticino_2020050600_typical,2020-05-06T00:00:00,12,5.5666913986206055,5.5484795570373535,5.548625946044922,5.554810523986816,5.548699378967285,-0.017992019653320312,0.00021982192993164062,-0.018211841583251953,-0.00611114501953125,7.343292236328125e-05,ticino|2020-05-06T00:00:00,typical,14.046900749206545,55.24193548387096,0.0001515147159807,60.88709677419355,17.556267738342285,3.5918201208114624,17.17386531829834,mountain,moderate
ticino,ticino_2020050600_typical,2020-05-06T00:00:00,24,5.037914276123047,5.022857666015625,5.018713474273682,5.030048370361328,5.029317378997803,-0.00859689712524414,0.006459712982177734,-0.015056610107421875,-0.0007309913635253906,0.010603904724121094,ticino|2020-05-06T00:00:00,typical,14.046900749206545,55.24193548387096,0.0001515147159807,60.88709677419355,17.556267738342285,3.5918201208114624,17.17386531829834,mountain,moderate
ticino,ticino_2020070812_low,2020-07-08T12:00:00,6,7.884819984436035,7.876925945281982,7.886654853820801,7.87179708480835,7.875327110290527,-0.009492874145507812,-0.0015988349914550781,-0.007894039154052734,0.0035300254821777344,-0.011327743530273438,ticino|2020-07-08T12:00:00,low,16.086549758911133,17.338709677419356,1.3748090168519411e-06,14.516129032258066,20.384922981262207,0.3322213888168335,20.29829406738281,mountain,non-raining
ticino,ticino_2020070812_low,2020-07-08T12:00:00,12,7.579003810882568,7.565846443176269,7.581475734710693,7.562366485595703,7.554367065429687,-0.024636745452881748,-0.011479377746582031,-0.013157367706299716,-0.007999420166016513,-0.027108669281006748,ticino|2020-07-08T12:00:00,low,16.086549758911133,17.338709677419356,1.3748090168519411e-06,14.516129032258066,20.384922981262207,0.3322213888168335,20.29829406738281,mountain,non-raining
ticino,ticino_2020070812_low,2020-07-08T12:00:00,24,7.102586269378662,7.078359603881836,7.089568138122559,7.082929611206055,7.077059268951416,-0.025527000427246094,-0.0013003349304199219,-0.024226665496826172,-0.005870342254638672,-0.012508869171142578,ticino|2020-07-08T12:00:00,low,16.086549758911133,17.338709677419356,1.3748090168519411e-06,14.516129032258066,20.384922981262207,0.3322213888168335,20.29829406738281,mountain,non-raining
ticino,ticino_2020100100_typical,2020-10-01T00:00:00,6,5.625771999359131,5.619192600250244,5.619909286499023,5.619014263153076,5.619235515594482,-0.0065364837646484375,4.291534423828125e-05,-0.006579399108886719,0.00022125244140625,-0.0006737709045410156,ticino|2020-10-01T00:00:00,typical,12.76759147644043,42.33870967741936,9.848095032793935e-07,25.40322580645161,17.777080535888672,2.8085097074508667,17.443370819091797,mountain,non-raining
ticino,ticino_2020100100_typical,2020-10-01T00:00:00,12,6.342607021331787,6.331067562103272,6.329480171203613,6.325980186462402,6.324377059936523,-0.018229961395263672,-0.006690502166748935,-0.011539459228514737,-0.0016031265258789062,-0.005103111267089844,ticino|2020-10-01T00:00:00,typical,12.76759147644043,42.33870967741936,9.848095032793935e-07,25.40322580645161,17.777080535888672,2.8085097074508667,17.443370819091797,mountain,non-raining
ticino,ticino_2020100100_typical,2020-10-01T00:00:00,24,6.90644645690918,6.902146816253662,6.898030757904053,6.895689487457275,6.890344142913818,-0.016102313995361328,-0.01180267333984375,-0.004299640655517578,-0.005345344543457031,-0.007686614990234375,ticino|2020-10-01T00:00:00,typical,12.76759147644043,42.33870967741936,9.848095032793935e-07,25.40322580645161,17.777080535888672,2.8085097074508667,17.443370819091797,mountain,non-raining
ticino,ticino_2020120200_typical,2020-12-02T00:00:00,6,2.5826103687286377,2.579131603240967,2.576874017715454,2.581843852996826,2.575209856033325,-0.0074005126953125,-0.0039217472076416016,-0.0034787654876708984,-0.0066339969635009766,-0.0016641616821289062,ticino|2020-12-02T00:00:00,typical,7.176372528076172,43.14516129032258,4.529562284005806e-05,58.46774193548387,11.343918323516846,-1.148149490356445,11.278132438659668,mountain,non-raining
ticino,ticino_2020120200_typical,2020-12-02T00:00:00,12,2.8512349128723145,2.8459584712982178,2.843857765197754,2.8496220111846924,2.8376379013061523,-0.01359701156616211,-0.00832056999206543,-0.00527644157409668,-0.011984109878540039,-0.0062198638916015625,ticino|2020-12-02T00:00:00,typical,7.176372528076172,43.14516129032258,4.529562284005806e-05,58.46774193548387,11.343918323516846,-1.148149490356445,11.278132438659668,mountain,non-raining
ticino,ticino_2020120200_typical,2020-12-02T00:00:00,24,2.7977871894836426,2.794755697250366,2.793653964996338,2.7955586910247803,2.785995483398437,-0.011791706085205522,-0.008760213851929155,-0.003031492233276367,-0.009563207626343218,-0.007658481597900835,ticino|2020-12-02T00:00:00,typical,7.176372528076172,43.14516129032258,4.529562284005806e-05,58.46774193548387,11.343918323516846,-1.148149490356445,11.278132438659668,mountain,non-raining
ticino,ticino_2021101912_humid,2021-10-19T12:00:00,6,4.123172283172607,4.1103363037109375,4.112022876739502,4.104055881500244,4.101472854614258,-0.02169942855834961,-0.008863449096679688,-0.012835979461669922,-0.002583026885986328,-0.01055002212524414,ticino|2021-10-19T12:00:00,humid,16.629465103149414,79.83870967741935,1.3288062291394452e-05,42.33870967741936,12.853591442108154,-5.62832236289978,11.174336433410645,mountain,non-raining
ticino,ticino_2021101912_humid,2021-10-19T12:00:00,12,4.308085441589356,4.289615154266357,4.295979976654053,4.284321308135986,4.288120746612549,-0.01996469497680753,-0.0014944076538085938,-0.018470287322998935,0.0037994384765625,-0.007859230041503906,ticino|2021-10-19T12:00:00,humid,16.629465103149414,79.83870967741935,1.3288062291394452e-05,42.33870967741936,12.853591442108154,-5.62832236289978,11.174336433410645,mountain,non-raining
ticino,ticino_2021101912_humid,2021-10-19T12:00:00,24,5.371354103088379,5.351850986480713,5.360873222351074,5.354465007781982,5.353543281555176,-0.017810821533203125,0.0016922950744628906,-0.019503116607666016,-0.0009217262268066406,-0.0073299407958984375,ticino|2021-10-19T12:00:00,humid,16.629465103149414,79.83870967741935,1.3288062291394452e-05,42.33870967741936,12.853591442108154,-5.62832236289978,11.174336433410645,mountain,non-raining
ticino,ticino_2022062512_low,2022-06-25T12:00:00,6,7.585943698883057,7.583383083343506,7.583475589752197,7.578632354736328,7.574488639831543,-0.011455059051513672,-0.00889444351196289,-0.0025606155395507812,-0.004143714904785156,-0.008986949920654297,ticino|2022-06-25T12:00:00,low,14.82813835144043,21.25,8.992781658889726e-06,21.666666666666668,17.204256057739258,1.2649516463279724,17.155264854431152,mountain,non-raining
ticino,ticino_2022062512_low,2022-06-25T12:00:00,12,7.700308799743652,7.687226295471191,7.687342643737793,7.685588836669922,7.685199737548828,-0.015109062194824219,-0.0020265579223632812,-0.013082504272460938,-0.00038909912109375,-0.0021429061889648438,ticino|2022-06-25T12:00:00,low,14.82813835144043,21.25,8.992781658889726e-06,21.666666666666668,17.204256057739258,1.2649516463279724,17.155264854431152,mountain,non-raining
ticino,ticino_2022062512_low,2022-06-25T12:00:00,24,8.312115669250488,8.283713340759277,8.285844802856445,8.293075561523438,8.275018692016602,-0.03709697723388672,-0.008694648742675781,-0.028402328491210938,-0.018056869506835938,-0.01082611083984375,ticino|2022-06-25T12:00:00,low,14.82813835144043,21.25,8.992781658889726e-06,21.666666666666668,17.204256057739258,1.2649516463279724,17.155264854431152,mountain,non-raining
ticino,ticino_2022110212_humid,2022-11-02T12:00:00,6,5.772645473480225,5.765551090240479,5.768002510070801,5.767116546630859,5.755289077758789,-0.017356395721435547,-0.010262012481690341,-0.007094383239745206,-0.011827468872070312,-0.012713432312011719,ticino|2022-11-02T12:00:00,humid,12.64476203918457,85.41666666666666,1.819433964556083e-05,50.83333333333333,14.513745307922363,-3.3515437841415405,14.10265064239502,mountain,non-raining
ticino,ticino_2022110212_humid,2022-11-02T12:00:00,12,5.435418605804443,5.423803806304932,5.424997329711914,5.4255571365356445,5.405694484710693,-0.02972412109375,-0.01810932159423828,-0.011614799499511719,-0.019862651824951172,-0.019302845001220703,ticino|2022-11-02T12:00:00,humid,12.64476203918457,85.41666666666666,1.819433964556083e-05,50.83333333333333,14.513745307922363,-3.3515437841415405,14.10265064239502,mountain,non-raining
ticino,ticino_2022110212_humid,2022-11-02T12:00:00,24,5.464264869689941,5.454106330871582,5.458971977233887,5.4579362869262695,5.441678524017334,-0.022586345672607422,-0.012427806854248047,-0.010158538818359375,-0.016257762908935547,-0.017293453216552734,ticino|2022-11-02T12:00:00,humid,12.64476203918457,85.41666666666666,1.819433964556083e-05,50.83333333333333,14.513745307922363,-3.3515437841415405,14.10265064239502,mountain,non-raining
ticino,ticino_2023043012_extreme,2023-04-30T12:00:00,6,6.191384315490723,6.1837239265441895,6.185760021209717,6.184741973876953,6.173572063446045,-0.017812252044677734,-0.010151863098144531,-0.007660388946533203,-0.011169910430908203,-0.012187957763671875,ticino|2023-04-30T12:00:00,extreme,15.24953269958496,96.66666666666669,0.0004180734395049,90.41666666666669,16.503326416015625,2.2408043146133423,16.3247652053833,mountain,heavy
ticino,ticino_2023043012_extreme,2023-04-30T12:00:00,12,5.682385444641113,5.674190521240234,5.676573753356934,5.6781325340271,5.661631107330322,-0.020754337310791016,-0.01255941390991211,-0.008194923400878906,-0.016501426696777344,-0.014942646026611328,ticino|2023-04-30T12:00:00,extreme,15.24953269958496,96.66666666666669,0.0004180734395049,90.41666666666669,16.503326416015625,2.2408043146133423,16.3247652053833,mountain,heavy
ticino,ticino_2023043012_extreme,2023-04-30T12:00:00,24,5.172996044158936,5.168612003326416,5.168231964111328,5.165702819824219,5.162668704986572,-0.01032733917236417,-0.00594329833984375,-0.004384040832520419,-0.0030341148376464844,-0.005563259124755859,ticino|2023-04-30T12:00:00,extreme,15.24953269958496,96.66666666666669,0.0004180734395049,90.41666666666669,16.503326416015625,2.2408043146133423,16.3247652053833,mountain,heavy
ticino,ticino_2023050412_low,2023-05-04T12:00:00,6,6.033515453338623,6.025125980377197,6.02385139465332,6.032253265380859,6.007790565490723,-0.02572488784790039,-0.01733541488647461,-0.008389472961425781,-0.02446269989013672,-0.016060829162597656,ticino|2023-05-04T12:00:00,low,10.641096115112305,20.56451612903226,7.922213626443408e-06,13.709677419354838,14.89336347579956,-1.2908695340156555,14.80452013015747,mountain,non-raining
ticino,ticino_2023050412_low,2023-05-04T12:00:00,12,5.762243747711182,5.749544620513916,5.747710227966309,5.755386829376221,5.7278242111206055,-0.03441953659057617,-0.021720409393310547,-0.012699127197265625,-0.027562618255615234,-0.019886016845703125,ticino|2023-05-04T12:00:00,low,10.641096115112305,20.56451612903226,7.922213626443408e-06,13.709677419354838,14.89336347579956,-1.2908695340156555,14.80452013015747,mountain,non-raining
ticino,ticino_2023050412_low,2023-05-04T12:00:00,24,5.810065269470215,5.791807651519775,5.792797565460205,5.800510406494141,5.771448612213135,-0.03861665725708008,-0.020359039306640625,-0.018257617950439453,-0.02906179428100586,-0.021348953247070312,ticino|2023-05-04T12:00:00,low,10.641096115112305,20.56451612903226,7.922213626443408e-06,13.709677419354838,14.89336347579956,-1.2908695340156555,14.80452013015747,mountain,non-raining
ticino,ticino_2023081400_extreme,2023-08-14T00:00:00,6,10.089245796203612,10.071605682373049,10.070411682128906,10.083184242248535,10.0706787109375,-0.018567085266111505,-0.0009269714355486514,-0.017640113830562854,-0.012505531311035156,0.00026702880859375,ticino|2023-08-14T00:00:00,extreme,29.791637420654297,98.79032258064515,9.15412456379272e-05,59.67741935483871,26.126192092895508,-2.641972780227661,25.990209579467773,mountain,non-raining
ticino,ticino_2023081400_extreme,2023-08-14T00:00:00,12,10.256321907043455,10.2373685836792,10.231196403503418,10.251093864440918,10.248380661010742,-0.007941246032713067,0.011012077331542969,-0.018953323364256036,-0.0027132034301757812,0.01718425750732422,ticino|2023-08-14T00:00:00,extreme,29.791637420654297,98.79032258064515,9.15412456379272e-05,59.67741935483871,26.126192092895508,-2.641972780227661,25.990209579467773,mountain,non-raining
ticino,ticino_2023081400_extreme,2023-08-14T00:00:00,24,10.292948722839355,10.27605152130127,10.26571559906006,10.283672332763672,10.264715194702148,-0.02823352813720703,-0.011336326599121094,-0.016897201538085938,-0.018957138061523438,-0.0010004043579119326,ticino|2023-08-14T00:00:00,extreme,29.791637420654297,98.79032258064515,9.15412456379272e-05,59.67741935483871,26.126192092895508,-2.641972780227661,25.990209579467773,mountain,non-raining
ticino,ticino_2023091512_humid,2023-09-15T12:00:00,6,8.50131607055664,8.492707252502441,8.493321418762207,8.493006706237793,8.491415977478027,-0.009900093078613281,-0.0012912750244140625,-0.008608818054199219,-0.001590728759765625,-0.0019054412841796875,ticino|2023-09-15T12:00:00,humid,21.48245429992676,85.41666666666666,0.0002056836819974,76.25,21.213845252990723,3.025624126195908,20.8712739944458,mountain,moderate
ticino,ticino_2023091512_humid,2023-09-15T12:00:00,12,8.028903007507324,8.015188217163086,8.01483154296875,8.015691757202148,8.016641616821289,-0.012261390686035156,0.001453399658203125,-0.013714790344238281,0.000949859619140625,0.0018100738525390625,ticino|2023-09-15T12:00:00,humid,21.48245429992676,85.41666666666666,0.0002056836819974,76.25,21.213845252990723,3.025624126195908,20.8712739944458,mountain,moderate
ticino,ticino_2023091512_humid,2023-09-15T12:00:00,24,8.323744773864746,8.303715705871582,8.307238578796387,8.30335807800293,8.295973777770996,-0.02777099609375,-0.0077419281005859375,-0.020029067993164062,-0.007384300231933594,-0.011264801025390625,ticino|2023-09-15T12:00:00,humid,21.48245429992676,85.41666666666666,0.0002056836819974,76.25,21.213845252990723,3.025624126195908,20.8712739944458,mountain,moderate
ticino,ticino_2023111312_extreme,2023-11-13T12:00:00,6,5.081945896148682,5.079705238342285,5.079405307769775,5.077006816864014,5.073064804077148,-0.008881092071533203,-0.006640434265136719,-0.0022406578063964844,-0.003942012786865234,-0.006340503692626953,ticino|2023-11-13T12:00:00,extreme,15.568936347961426,95.0,2.040186336671468e-05,52.5,13.35561227798462,1.6790642738342283,13.249195098876951,mountain,non-raining
ticino,ticino_2023111312_extreme,2023-11-13T12:00:00,12,5.123091697692871,5.117152690887451,5.121110439300537,5.117795944213867,5.106985569000244,-0.016106128692626953,-0.010167121887207031,-0.005939006805419922,-0.010810375213623047,-0.014124870300292969,ticino|2023-11-13T12:00:00,extreme,15.568936347961426,95.0,2.040186336671468e-05,52.5,13.35561227798462,1.6790642738342283,13.249195098876951,mountain,non-raining
ticino,ticino_2023111312_extreme,2023-11-13T12:00:00,24,5.98181676864624,5.972856998443604,5.978938579559326,5.9712748527526855,5.9653730392456055,-0.016443729400634766,-0.007483959197998935,-0.00895977020263583,-0.005901813507080078,-0.013565540313720703,ticino|2023-11-13T12:00:00,extreme,15.568936347961426,95.0,2.040186336671468e-05,52.5,13.35561227798462,1.6790642738342283,13.249195098876951,mountain,non-raining
valais,valais_2020042512_humid,2020-04-25T12:00:00,6,5.6320414543151855,5.6230645179748535,5.628716945648193,5.621584892272949,5.604544639587402,-0.027496814727783203,-0.018519878387451172,-0.008976936340332031,-0.017040252685546875,-0.024172306060791016,valais|2020-04-25T12:00:00,humid,11.821131706237791,84.16666666666667,,,15.043332576751707,-8.051354169845581,12.69605827331543,mountain,unavailable
valais,valais_2020042512_humid,2020-04-25T12:00:00,12,5.32158088684082,5.308480262756348,5.316243648529053,5.3084797859191895,5.298385143280029,-0.023195743560791016,-0.01009511947631836,-0.013100624084472656,-0.010094642639160156,-0.017858505249023438,valais|2020-04-25T12:00:00,humid,11.821131706237791,84.16666666666667,,,15.043332576751707,-8.051354169845581,12.69605827331543,mountain,unavailable
valais,valais_2020042512_humid,2020-04-25T12:00:00,24,5.941583633422852,5.934825897216797,5.938405990600586,5.932480812072754,5.928593158721924,-0.012990474700927734,-0.006232738494873047,-0.0067577362060546875,-0.003887653350830078,-0.00981283187866211,valais|2020-04-25T12:00:00,humid,11.821131706237791,84.16666666666667,,,15.043332576751707,-8.051354169845581,12.69605827331543,mountain,unavailable
valais,valais_2020051000_extreme,2020-05-10T00:00:00,6,6.321190357208252,6.311707496643066,6.309922695159912,6.30804967880249,6.314821243286133,-0.006369113922119141,0.0031137466430664062,-0.009482860565185547,0.006771564483642578,0.004898548126220703,valais|2020-05-10T00:00:00,extreme,19.388484954833984,98.38709677419357,,,18.325581550598145,-6.536994934082031,17.118824005126953,mountain,unavailable
valais,valais_2020051000_extreme,2020-05-10T00:00:00,12,6.388428688049316,6.375801086425781,6.369346618652344,6.367242336273193,6.369588851928711,-0.01883983612060547,-0.0062122344970703125,-0.012627601623535156,0.002346515655517578,0.0002422332763671875,valais|2020-05-10T00:00:00,extreme,19.388484954833984,98.38709677419357,,,18.325581550598145,-6.536994934082031,17.118824005126953,mountain,unavailable
valais,valais_2020051000_extreme,2020-05-10T00:00:00,24,6.4969024658203125,6.490067005157471,6.490840435028076,6.484381198883057,6.495492935180664,-0.0014095306396484375,0.005425930023193359,-0.006835460662841797,0.011111736297607422,0.004652500152587891,valais|2020-05-10T00:00:00,extreme,19.388484954833984,98.38709677419357,,,18.325581550598145,-6.536994934082031,17.118824005126953,mountain,unavailable
valais,valais_2020090200_low,2020-09-02T00:00:00,6,5.907999515533447,5.893032550811768,5.8944478034973145,5.89981746673584,5.8819427490234375,-0.026056766510009766,-0.011089801788330078,-0.014966964721679688,-0.017874717712402344,-0.012505054473876953,valais|2020-09-02T00:00:00,low,12.020362854003906,20.416666666666668,,,19.375285148620605,-11.429457187652588,15.644451141357422,mountain,unavailable
valais,valais_2020090200_low,2020-09-02T00:00:00,12,5.961925506591797,5.947808742523193,5.945550918579102,5.957149982452393,5.924435615539551,-0.037489891052246094,-0.023373126983642578,-0.014116764068603516,-0.0327143669128418,-0.02111530303955078,valais|2020-09-02T00:00:00,low,12.020362854003906,20.416666666666668,,,19.375285148620605,-11.429457187652588,15.644451141357422,mountain,unavailable
valais,valais_2020090200_low,2020-09-02T00:00:00,24,6.12194299697876,6.108109474182129,6.107234001159668,6.114870071411133,6.104718208312988,-0.017224788665771484,-0.003391265869140625,-0.01383352279663086,-0.010151863098144531,-0.0025157928466796875,valais|2020-09-02T00:00:00,low,12.020362854003906,20.416666666666668,,,19.375285148620605,-11.429457187652588,15.644451141357422,mountain,unavailable
valais,valais_2020091212_humid,2020-09-12T12:00:00,6,9.452282905578612,9.44264030456543,9.451703071594238,9.450569152832031,9.426137924194336,-0.026144981384275567,-0.01650238037109375,-0.009642601013181817,-0.024431228637695312,-0.025565147399902344,valais|2020-09-12T12:00:00,humid,18.900789260864254,75.41666666666667,,,25.62272453308105,-13.157917976379396,21.95909881591797,mountain,unavailable
valais,valais_2020091212_humid,2020-09-12T12:00:00,12,8.570598602294922,8.5518159866333,8.561224937438965,8.554838180541992,8.49920654296875,-0.07139205932617188,-0.05260944366455078,-0.018782615661621094,-0.05563163757324219,-0.062018394470214844,valais|2020-09-12T12:00:00,humid,18.900789260864254,75.41666666666667,,,25.62272453308105,-13.157917976379396,21.95909881591797,mountain,unavailable
valais,valais_2020091212_humid,2020-09-12T12:00:00,24,7.612897872924805,7.595918655395508,7.608901023864746,7.596071720123291,7.519469261169434,-0.0934286117553711,-0.07644939422607422,-0.016979217529296875,-0.07660245895385742,-0.0894317626953125,valais|2020-09-12T12:00:00,humid,18.900789260864254,75.41666666666667,,,25.62272453308105,-13.157917976379396,21.95909881591797,mountain,unavailable
valais,valais_2020121012_low,2020-12-10T12:00:00,6,2.1744167804718018,2.176520824432373,2.1716339588165283,2.1744775772094727,2.168966054916382,-0.005450725555419922,-0.007554769515991211,0.002104043960571289,-0.00551152229309082,-0.0026679039001464844,valais|2020-12-10T12:00:00,low,5.002617835998535,22.58064516129032,,,11.778639793395996,-7.619246006011963,8.980979442596436,mountain,unavailable
valais,valais_2020121012_low,2020-12-10T12:00:00,12,1.868926763534546,1.8687328100204468,1.8623167276382449,1.8637707233428955,1.8587013483047483,-0.010225415229797585,-0.010031461715698464,-0.0001939535140991211,-0.005069375038147195,-0.003615379333496538,valais|2020-12-10T12:00:00,low,5.002617835998535,22.58064516129032,,,11.778639793395996,-7.619246006011963,8.980979442596436,mountain,unavailable
valais,valais_2020121012_low,2020-12-10T12:00:00,24,2.5794568061828613,2.578474521636963,2.5773396492004395,2.572894811630249,2.575546979904175,-0.0039098262786865234,-0.002927541732788086,-0.0009822845458984375,0.0026521682739257812,-0.0017926692962646484,valais|2020-12-10T12:00:00,low,5.002617835998535,22.58064516129032,,,11.778639793395996,-7.619246006011963,8.980979442596436,mountain,unavailable
valais,valais_2021021900_humid,2021-02-19T00:00:00,6,3.042536735534668,3.0301902294158936,3.034956932067871,3.035141468048096,3.019625186920166,-0.022911548614501953,-0.010565042495727539,-0.012346506118774414,-0.015516281127930132,-0.015331745147705078,valais|2021-02-19T00:00:00,humid,9.726483345031738,83.1858407079646,,,14.092069149017334,-9.826660871505736,9.960927963256836,mountain,unavailable
valais,valais_2021021900_humid,2021-02-19T00:00:00,12,3.2458529472351074,3.2298507690429688,3.237605094909668,3.242584228515625,3.2220535278320312,-0.023799419403076172,-0.0077972412109375,-0.016002178192138672,-0.02053070068359375,-0.015551567077636719,valais|2021-02-19T00:00:00,humid,9.726483345031738,83.1858407079646,,,14.092069149017334,-9.826660871505736,9.960927963256836,mountain,unavailable
valais,valais_2021021900_humid,2021-02-19T00:00:00,24,2.9833900928497314,2.967290163040161,2.973441362380981,2.9859540462493896,2.9613425731658936,-0.02204751968383789,-0.005947589874267578,-0.016099929809570312,-0.024611473083496094,-0.012098789215087447,valais|2021-02-19T00:00:00,humid,9.726483345031738,83.1858407079646,,,14.092069149017334,-9.826660871505736,9.960927963256836,mountain,unavailable
valais,valais_2021050100_typical,2021-05-01T00:00:00,6,4.922892093658447,4.9146647453308105,4.91268253326416,4.916281700134277,4.914608955383301,-0.008283138275146484,-5.5789947509765625e-05,-0.008227348327636719,-0.0016727447509765625,0.001926422119140625,valais|2021-05-01T00:00:00,typical,12.93921947479248,58.06451612903226,,,16.10439109802246,-7.061123609542847,14.472723484039308,mountain,unavailable
valais,valais_2021050100_typical,2021-05-01T00:00:00,12,5.0693559646606445,5.061119079589844,5.059563159942627,5.062736988067627,5.0575714111328125,-0.011784553527832031,-0.00354766845703125,-0.008236885070800781,-0.005165576934814453,-0.001991748809814453,valais|2021-05-01T00:00:00,typical,12.93921947479248,58.06451612903226,,,16.10439109802246,-7.061123609542847,14.472723484039308,mountain,unavailable
valais,valais_2021050100_typical,2021-05-01T00:00:00,24,4.119626045227051,4.111023902893066,4.1103291511535645,4.112804889678955,4.11549186706543,-0.004134178161621094,0.004467964172363281,-0.008602142333984375,0.0026869773864746094,0.005162715911865234,valais|2021-05-01T00:00:00,typical,12.93921947479248,58.06451612903226,,,16.10439109802246,-7.061123609542847,14.472723484039308,mountain,unavailable
valais,valais_2021051012_extreme,2021-05-10T12:00:00,6,6.487722396850586,6.484318256378174,6.484778881072998,6.478552341461182,6.47984504699707,-0.007877349853515625,-0.004473209381103516,-0.0034041404724121094,0.0012927055358886719,-0.004933834075927734,valais|2021-05-10T12:00:00,extreme,18.814355850219727,96.7741935483871,,,18.61297416687012,-8.388426303863525,16.60731077194214,mountain,unavailable
valais,valais_2021051012_extreme,2021-05-10T12:00:00,12,6.00799560546875,6.000866889953613,6.003964424133301,5.99569845199585,5.99768590927124,-0.010309696197509766,-0.003180980682373047,-0.007128715515136719,0.001987457275390625,-0.006278514862060547,valais|2021-05-10T12:00:00,extreme,18.814355850219727,96.7741935483871,,,18.61297416687012,-8.388426303863525,16.60731077194214,mountain,unavailable
valais,valais_2021051012_extreme,2021-05-10T12:00:00,24,5.818032264709473,5.817285537719727,5.81347131729126,5.811266899108887,5.810306549072266,-0.007725715637207031,-0.0069789886474609375,-0.0007467269897460938,-0.0009603500366210938,-0.0031647682189941406,valais|2021-05-10T12:00:00,extreme,18.814355850219727,96.7741935483871,,,18.61297416687012,-8.388426303863525,16.60731077194214,mountain,unavailable
valais,valais_2021062012_extreme,2021-06-20T12:00:00,6,10.319283485412598,10.312006950378418,10.302523612976074,10.300578117370604,10.281242370605469,-0.038041114807128906,-0.03076457977294922,-0.0072765350341796875,-0.019335746765134942,-0.02128124237060547,valais|2021-06-20T12:00:00,extreme,24.712135314941406,95.83333333333334,,,27.96510410308838,-15.487059116363524,23.26879119873047,mountain,unavailable
valais,valais_2021062012_extreme,2021-06-20T12:00:00,12,9.031131744384766,9.020848274230955,9.0165433883667,9.016982078552246,9.003189086914062,-0.027942657470703125,-0.017659187316892755,-0.01028347015381037,-0.013792991638183594,-0.013354301452636719,valais|2021-06-20T12:00:00,extreme,24.712135314941406,95.83333333333334,,,27.96510410308838,-15.487059116363524,23.26879119873047,mountain,unavailable
valais,valais_2021062012_extreme,2021-06-20T12:00:00,24,9.104629516601562,9.092589378356934,9.08441925048828,9.085527420043944,9.082114219665527,-0.022515296936035156,-0.01047515869140625,-0.012040138244628906,-0.0034132003784161924,-0.00230503082275213,valais|2021-06-20T12:00:00,extreme,24.712135314941406,95.83333333333334,,,27.96510410308838,-15.487059116363524,23.26879119873047,mountain,unavailable
valais,valais_2021121400_low,2021-12-14T00:00:00,6,2.185321569442749,2.174867391586304,2.1740665435791016,2.1755940914154053,2.148752927780152,-0.03656864166259721,-0.026114463806152344,-0.010454177856444868,-0.026841163635253462,-0.02531361579894975,valais|2021-12-14T00:00:00,low,4.587827205657959,18.14516129032258,,,17.966941833496094,-13.804253101348875,11.486817836761476,mountain,unavailable
valais,valais_2021121400_low,2021-12-14T00:00:00,12,2.0653791427612305,2.055319309234619,2.0489978790283203,2.056703567504883,2.0226144790649414,-0.04276466369628906,-0.032704830169677734,-0.010059833526611328,-0.034089088439941406,-0.026383399963378906,valais|2021-12-14T00:00:00,low,4.587827205657959,18.14516129032258,,,17.966941833496094,-13.804253101348875,11.486817836761476,mountain,unavailable
valais,valais_2021121400_low,2021-12-14T00:00:00,24,2.549489498138428,2.535709381103516,2.536069393157959,2.541019916534424,2.5080952644348145,-0.041394233703613725,-0.027614116668701616,-0.01378011703491211,-0.032924652099609375,-0.02797412872314453,valais|2021-12-14T00:00:00,low,4.587827205657959,18.14516129032258,,,17.966941833496094,-13.804253101348875,11.486817836761476,mountain,unavailable
valais,valais_2022031112_typical,2022-03-11T12:00:00,6,2.437910556793213,2.432278633117676,2.433424711227417,2.436969757080078,2.424208641052246,-0.013701915740966797,-0.008069992065429688,-0.005631923675537109,-0.012761116027832031,-0.009216070175170898,valais|2022-03-11T12:00:00,typical,6.413374423980713,49.596774193548384,,,13.501967430114746,-10.940141201019289,7.890192031860352,mountain,unavailable
valais,valais_2022031112_typical,2022-03-11T12:00:00,12,2.4925153255462646,2.488509178161621,2.4897284507751465,2.493449449539185,2.479285478591919,-0.013229846954345703,-0.009223699569702148,-0.004006147384643555,-0.014163970947266069,-0.010442972183227539,valais|2022-03-11T12:00:00,typical,6.413374423980713,49.596774193548384,,,13.501967430114746,-10.940141201019289,7.890192031860352,mountain,unavailable
valais,valais_2022031112_typical,2022-03-11T12:00:00,24,2.686892032623291,2.686332941055298,2.684852123260498,2.687220811843872,2.674729108810425,-0.012162923812866211,-0.011603832244873047,-0.0005590915679931641,-0.012491703033447266,-0.010123014450073242,valais|2022-03-11T12:00:00,typical,6.413374423980713,49.596774193548384,,,13.501967430114746,-10.940141201019289,7.890192031860352,mountain,unavailable
valais,valais_2022061712_typical,2022-06-17T12:00:00,6,6.924206733703613,6.900053977966309,6.911015510559082,6.897584438323975,6.878582954406738,-0.045623779296875,-0.021471023559570312,-0.024152755737304688,-0.019001483917236328,-0.03243255615234375,valais|2022-06-17T12:00:00,typical,17.562314987182617,60.0,,,21.5436429977417,-12.324024677276611,17.587621688842773,mountain,unavailable
valais,valais_2022061712_typical,2022-06-17T12:00:00,12,6.189040184020996,6.150912284851074,6.162887573242188,6.141641616821289,6.127400875091553,-0.06163930892944336,-0.023511409759521484,-0.038127899169921875,-0.014240741729736328,-0.035486698150635654,valais|2022-06-17T12:00:00,typical,17.562314987182617,60.0,,,21.5436429977417,-12.324024677276611,17.587621688842773,mountain,unavailable
valais,valais_2022061712_typical,2022-06-17T12:00:00,24,6.7439446449279785,6.701991558074951,6.716216564178467,6.697927474975586,6.673516273498535,-0.07042837142944336,-0.028475284576416016,-0.041953086853027344,-0.02441120147705078,-0.04270029067993164,valais|2022-06-17T12:00:00,typical,17.562314987182617,60.0,,,21.5436429977417,-12.324024677276611,17.587621688842773,mountain,unavailable
