case_id,target,role,model_key,variable,input_name,target_metric,baseline,contrast,lead_h,patch_site,patch_region,score_base,score_source,score_patched,delta_source_minus_base,delta_patched_minus_base,recovery,hotspot_lat,hotspot_lon,low_near_lat,low_near_lon
new_zealand_alps_2020030300_secondary,new_zealand_alps,secondary,precip_large_zwd,q,q,q850_box_mean_g_per_kg,per-timestep/per-level spatial mean,actual_vs_uniform_q,6,enc_s0_skip,whole,5.727259635925293,7.7655253410339355,7.841266632080078,2.0382657051086426,2.114006996154785,1.03715967494145,-46.52252252252252,163.69000921133608,-31.52252252252252,178.69000921133608
new_zealand_alps_2020030300_secondary,new_zealand_alps,secondary,precip_large_zwd,q,q,q850_box_mean_g_per_kg,per-timestep/per-level spatial mean,actual_vs_uniform_q,6,enc_s0_skip,target_box,5.727259635925293,7.7655253410339355,7.4266791343688965,2.0382657051086426,1.6994194984436035,0.8337575882203355,-46.52252252252252,163.69000921133608,-31.52252252252252,178.69000921133608
new_zealand_alps_2020030300_secondary,new_zealand_alps,secondary,precip_large_zwd,q,q,q850_box_mean_g_per_kg,per-timestep/per-level spatial mean,actual_vs_uniform_q,6,enc_s0_skip,mountain_near,5.727259635925293,7.7655253410339355,6.688532829284668,2.0382657051086426,0.961273193359375,0.4716132891556146,-46.52252252252252,163.69000921133608,-31.52252252252252,178.69000921133608
new_zealand_alps_2020030300_secondary,new_zealand_alps,secondary,precip_large_zwd,q,q,q850_box_mean_g_per_kg,per-timestep/per-level spatial mean,actual_vs_uniform_q,6,enc_s0_skip,upstream,5.727259635925293,7.7655253410339355,6.475824356079102,2.0382657051086426,0.7485647201538086,0.36725571071407936,-46.52252252252252,163.69000921133608,-31.52252252252252,178.69000921133608
new_zealand_alps_2020030300_secondary,new_zealand_alps,secondary,precip_large_zwd,q,q,q850_box_mean_g_per_kg,per-timestep/per-level spatial mean,actual_vs_uniform_q,6,enc_s0_skip,hotspot_gaussian,5.727259635925293,7.7655253410339355,7.173708915710449,2.0382657051086426,1.4464492797851562,0.7096470671904174,-46.52252252252252,163.69000921133608,-31.52252252252252,178.69000921133608
new_zealand_alps_2020030300_secondary,new_zealand_alps,secondary,precip_large_zwd,q,q,q850_box_mean_g_per_kg,per-timestep/per-level spatial mean,actual_vs_uniform_q,6,enc_s0_skip,low_near_gaussian,5.727259635925293,7.7655253410339355,5.862142086029053,2.0382657051086426,0.13488245010375977,0.06617510649651555,-46.52252252252252,163.69000921133608,-31.52252252252252,178.69000921133608
new_zealand_alps_2020030300_secondary,new_zealand_alps,secondary,precip_large_zwd,q,q,q850_box_mean_g_per_kg,per-timestep/per-level spatial mean,actual_vs_uniform_q,6,enc_s0_skip,remote_control,5.727259635925293,7.7655253410339355,5.72700309753418,2.0382657051086426,-0.00025653839111328125,-0.0001258611134310418,-46.52252252252252,163.69000921133608,-31.52252252252252,178.69000921133608
new_zealand_alps_2020030300_secondary,new_zealand_alps,secondary,precip_large_zwd,q,q,q850_box_mean_g_per_kg,per-timestep/per-level spatial mean,actual_vs_uniform_q,6,enc_s1_skip,whole,5.727259635925293,7.7655253410339355,5.727259635925293,2.0382657051086426,0.0,0.0,-46.52252252252252,163.69000921133608,-31.52252252252252,178.69000921133608
new_zealand_alps_2020030300_secondary,new_zealand_alps,secondary,precip_large_zwd,q,q,q850_box_mean_g_per_kg,per-timestep/per-level spatial mean,actual_vs_uniform_q,6,enc_s1_skip,target_box,5.727259635925293,7.7655253410339355,5.727259635925293,2.0382657051086426,0.0,0.0,-46.52252252252252,163.69000921133608,-31.52252252252252,178.69000921133608
new_zealand_alps_2020030300_secondary,new_zealand_alps,secondary,precip_large_zwd,q,q,q850_box_mean_g_per_kg,per-timestep/per-level spatial mean,actual_vs_uniform_q,6,enc_s1_skip,mountain_near,5.727259635925293,7.7655253410339355,5.727259635925293,2.0382657051086426,0.0,0.0,-46.52252252252252,163.69000921133608,-31.52252252252252,178.69000921133608
new_zealand_alps_2020030300_secondary,new_zealand_alps,secondary,precip_large_zwd,q,q,q850_box_mean_g_per_kg,per-timestep/per-level spatial mean,actual_vs_uniform_q,6,enc_s1_skip,upstream,5.727259635925293,7.7655253410339355,5.727259635925293,2.0382657051086426,0.0,0.0,-46.52252252252252,163.69000921133608,-31.52252252252252,178.69000921133608
new_zealand_alps_2020030300_secondary,new_zealand_alps,secondary,precip_large_zwd,q,q,q850_box_mean_g_per_kg,per-timestep/per-level spatial mean,actual_vs_uniform_q,6,enc_s1_skip,hotspot_gaussian,5.727259635925293,7.7655253410339355,5.727259635925293,2.0382657051086426,0.0,0.0,-46.52252252252252,163.69000921133608,-31.52252252252252,178.69000921133608
new_zealand_alps_2020030300_secondary,new_zealand_alps,secondary,precip_large_zwd,q,q,q850_box_mean_g_per_kg,per-timestep/per-level spatial mean,actual_vs_uniform_q,6,enc_s1_skip,low_near_gaussian,5.727259635925293,7.7655253410339355,5.727259635925293,2.0382657051086426,0.0,0.0,-46.52252252252252,163.69000921133608,-31.52252252252252,178.69000921133608
new_zealand_alps_2020030300_secondary,new_zealand_alps,secondary,precip_large_zwd,q,q,q850_box_mean_g_per_kg,per-timestep/per-level spatial mean,actual_vs_uniform_q,6,enc_s1_skip,remote_control,5.727259635925293,7.7655253410339355,5.727259635925293,2.0382657051086426,0.0,0.0,-46.52252252252252,163.69000921133608,-31.52252252252252,178.69000921133608
new_zealand_alps_2020030300_secondary,new_zealand_alps,secondary,precip_large_zwd,q,q,q850_box_mean_g_per_kg,per-timestep/per-level spatial mean,actual_vs_uniform_q,6,enc_s2_bottleneck,whole,5.727259635925293,7.7655253410339355,5.690345764160156,2.0382657051086426,-0.03691387176513672,-0.01811043166384883,-46.52252252252252,163.69000921133608,-31.52252252252252,178.69000921133608
new_zealand_alps_2020030300_secondary,new_zealand_alps,secondary,precip_large_zwd,q,q,q850_box_mean_g_per_kg,per-timestep/per-level spatial mean,actual_vs_uniform_q,6,enc_s2_bottleneck,target_box,5.727259635925293,7.7655253410339355,5.762322902679443,2.0382657051086426,0.03506326675415039,0.017202500471979177,-46.52252252252252,163.69000921133608,-31.52252252252252,178.69000921133608
new_zealand_alps_2020030300_secondary,new_zealand_alps,secondary,precip_large_zwd,q,q,q850_box_mean_g_per_kg,per-timestep/per-level spatial mean,actual_vs_uniform_q,6,enc_s2_bottleneck,mountain_near,5.727259635925293,7.7655253410339355,5.835558891296387,2.0382657051086426,0.10829925537109375,0.05313304104546136,-46.52252252252252,163.69000921133608,-31.52252252252252,178.69000921133608
new_zealand_alps_2020030300_secondary,new_zealand_alps,secondary,precip_large_zwd,q,q,q850_box_mean_g_per_kg,per-timestep/per-level spatial mean,actual_vs_uniform_q,6,enc_s2_bottleneck,upstream,5.727259635925293,7.7655253410339355,5.847435474395752,2.0382657051086426,0.12017583847045898,0.05895984913510255,-46.52252252252252,163.69000921133608,-31.52252252252252,178.69000921133608
new_zealand_alps_2020030300_secondary,new_zealand_alps,secondary,precip_large_zwd,q,q,q850_box_mean_g_per_kg,per-timestep/per-level spatial mean,actual_vs_uniform_q,6,enc_s2_bottleneck,hotspot_gaussian,5.727259635925293,7.7655253410339355,5.7604498863220215,2.0382657051086426,0.033190250396728516,0.016283573978378558,-46.52252252252252,163.69000921133608,-31.52252252252252,178.69000921133608
new_zealand_alps_2020030300_secondary,new_zealand_alps,secondary,precip_large_zwd,q,q,q850_box_mean_g_per_kg,per-timestep/per-level spatial mean,actual_vs_uniform_q,6,enc_s2_bottleneck,low_near_gaussian,5.727259635925293,7.7655253410339355,5.813023567199707,2.0382657051086426,0.08576393127441406,0.04207691424109141,-46.52252252252252,163.69000921133608,-31.52252252252252,178.69000921133608
new_zealand_alps_2020030300_secondary,new_zealand_alps,secondary,precip_large_zwd,q,q,q850_box_mean_g_per_kg,per-timestep/per-level spatial mean,actual_vs_uniform_q,6,enc_s2_bottleneck,remote_control,5.727259635925293,7.7655253410339355,5.728000640869141,2.0382657051086426,0.0007410049438476562,0.00036354678489189396,-46.52252252252252,163.69000921133608,-31.52252252252252,178.69000921133608
new_zealand_alps_2020030300_secondary,new_zealand_alps,secondary,precip_large_zwd,q,q,q850_box_mean_g_per_kg,per-timestep/per-level spatial mean,actual_vs_uniform_q,6,dec_s0_pre_skip,whole,5.727259635925293,7.7655253410339355,5.690345764160156,2.0382657051086426,-0.03691387176513672,-0.01811043166384883,-46.52252252252252,163.69000921133608,-31.52252252252252,178.69000921133608
new_zealand_alps_2020030300_secondary,new_zealand_alps,secondary,precip_large_zwd,q,q,q850_box_mean_g_per_kg,per-timestep/per-level spatial mean,actual_vs_uniform_q,6,dec_s0_pre_skip,target_box,5.727259635925293,7.7655253410339355,5.762322902679443,2.0382657051086426,0.03506326675415039,0.017202500471979177,-46.52252252252252,163.69000921133608,-31.52252252252252,178.69000921133608
new_zealand_alps_2020030300_secondary,new_zealand_alps,secondary,precip_large_zwd,q,q,q850_box_mean_g_per_kg,per-timestep/per-level spatial mean,actual_vs_uniform_q,6,dec_s0_pre_skip,mountain_near,5.727259635925293,7.7655253410339355,5.835558891296387,2.0382657051086426,0.10829925537109375,0.05313304104546136,-46.52252252252252,163.69000921133608,-31.52252252252252,178.69000921133608
new_zealand_alps_2020030300_secondary,new_zealand_alps,secondary,precip_large_zwd,q,q,q850_box_mean_g_per_kg,per-timestep/per-level spatial mean,actual_vs_uniform_q,6,dec_s0_pre_skip,upstream,5.727259635925293,7.7655253410339355,5.847435474395752,2.0382657051086426,0.12017583847045898,0.05895984913510255,-46.52252252252252,163.69000921133608,-31.52252252252252,178.69000921133608
new_zealand_alps_2020030300_secondary,new_zealand_alps,secondary,precip_large_zwd,q,q,q850_box_mean_g_per_kg,per-timestep/per-level spatial mean,actual_vs_uniform_q,6,dec_s0_pre_skip,hotspot_gaussian,5.727259635925293,7.7655253410339355,5.7604498863220215,2.0382657051086426,0.033190250396728516,0.016283573978378558,-46.52252252252252,163.69000921133608,-31.52252252252252,178.69000921133608
new_zealand_alps_2020030300_secondary,new_zealand_alps,secondary,precip_large_zwd,q,q,q850_box_mean_g_per_kg,per-timestep/per-level spatial mean,actual_vs_uniform_q,6,dec_s0_pre_skip,low_near_gaussian,5.727259635925293,7.7655253410339355,5.813023567199707,2.0382657051086426,0.08576393127441406,0.04207691424109141,-46.52252252252252,163.69000921133608,-31.52252252252252,178.69000921133608
new_zealand_alps_2020030300_secondary,new_zealand_alps,secondary,precip_large_zwd,q,q,q850_box_mean_g_per_kg,per-timestep/per-level spatial mean,actual_vs_uniform_q,6,dec_s0_pre_skip,remote_control,5.727259635925293,7.7655253410339355,5.728000640869141,2.0382657051086426,0.0007410049438476562,0.00036354678489189396,-46.52252252252252,163.69000921133608,-31.52252252252252,178.69000921133608
new_zealand_alps_2020030300_secondary,new_zealand_alps,secondary,precip_large_zwd,q,q,q850_box_mean_g_per_kg,per-timestep/per-level spatial mean,actual_vs_uniform_q,6,dec_s1_pre_skip,whole,5.727259635925293,7.7655253410339355,5.691618919372559,2.0382657051086426,-0.035640716552734375,-0.01748580494849403,-46.52252252252252,163.69000921133608,-31.52252252252252,178.69000921133608
new_zealand_alps_2020030300_secondary,new_zealand_alps,secondary,precip_large_zwd,q,q,q850_box_mean_g_per_kg,per-timestep/per-level spatial mean,actual_vs_uniform_q,6,dec_s1_pre_skip,target_box,5.727259635925293,7.7655253410339355,5.782519817352295,2.0382657051086426,0.05526018142700195,0.02711137281488848,-46.52252252252252,163.69000921133608,-31.52252252252252,178.69000921133608
new_zealand_alps_2020030300_secondary,new_zealand_alps,secondary,precip_large_zwd,q,q,q850_box_mean_g_per_kg,per-timestep/per-level spatial mean,actual_vs_uniform_q,6,dec_s1_pre_skip,mountain_near,5.727259635925293,7.7655253410339355,5.801389217376709,2.0382657051086426,0.07412958145141602,0.03636894898718065,-46.52252252252252,163.69000921133608,-31.52252252252252,178.69000921133608
new_zealand_alps_2020030300_secondary,new_zealand_alps,secondary,precip_large_zwd,q,q,q850_box_mean_g_per_kg,per-timestep/per-level spatial mean,actual_vs_uniform_q,6,dec_s1_pre_skip,upstream,5.727259635925293,7.7655253410339355,5.57513427734375,2.0382657051086426,-0.15212535858154297,-0.07463470449424771,-46.52252252252252,163.69000921133608,-31.52252252252252,178.69000921133608
new_zealand_alps_2020030300_secondary,new_zealand_alps,secondary,precip_large_zwd,q,q,q850_box_mean_g_per_kg,per-timestep/per-level spatial mean,actual_vs_uniform_q,6,dec_s1_pre_skip,hotspot_gaussian,5.727259635925293,7.7655253410339355,5.793373107910156,2.0382657051086426,0.06611347198486328,0.03243614010634562,-46.52252252252252,163.69000921133608,-31.52252252252252,178.69000921133608
new_zealand_alps_2020030300_secondary,new_zealand_alps,secondary,precip_large_zwd,q,q,q850_box_mean_g_per_kg,per-timestep/per-level spatial mean,actual_vs_uniform_q,6,dec_s1_pre_skip,low_near_gaussian,5.727259635925293,7.7655253410339355,5.807060718536377,2.0382657051086426,0.07980108261108398,0.03915146215288476,-46.52252252252252,163.69000921133608,-31.52252252252252,178.69000921133608
new_zealand_alps_2020030300_secondary,new_zealand_alps,secondary,precip_large_zwd,q,q,q850_box_mean_g_per_kg,per-timestep/per-level spatial mean,actual_vs_uniform_q,6,dec_s1_pre_skip,remote_control,5.727259635925293,7.7655253410339355,5.727160930633545,2.0382657051086426,-9.870529174804688e-05,-4.8426116134248424e-05,-46.52252252252252,163.69000921133608,-31.52252252252252,178.69000921133608
new_zealand_alps_2020030300_secondary,new_zealand_alps,secondary,precip_large_zwd,q,q,q850_box_mean_g_per_kg,per-timestep/per-level spatial mean,actual_vs_uniform_q,6,dec_s1_post_skip,whole,5.727259635925293,7.7655253410339355,6.6263813972473145,2.0382657051086426,0.8991217613220215,0.44112097802974953,-46.52252252252252,163.69000921133608,-31.52252252252252,178.69000921133608
new_zealand_alps_2020030300_secondary,new_zealand_alps,secondary,precip_large_zwd,q,q,q850_box_mean_g_per_kg,per-timestep/per-level spatial mean,actual_vs_uniform_q,6,dec_s1_post_skip,target_box,5.727259635925293,7.7655253410339355,6.416057586669922,2.0382657051086426,0.6887979507446289,0.3379333464809069,-46.52252252252252,163.69000921133608,-31.52252252252252,178.69000921133608
new_zealand_alps_2020030300_secondary,new_zealand_alps,secondary,precip_large_zwd,q,q,q850_box_mean_g_per_kg,per-timestep/per-level spatial mean,actual_vs_uniform_q,6,dec_s1_post_skip,mountain_near,5.727259635925293,7.7655253410339355,6.225193500518799,2.0382657051086426,0.49793386459350586,0.2442929120308018,-46.52252252252252,163.69000921133608,-31.52252252252252,178.69000921133608
new_zealand_alps_2020030300_secondary,new_zealand_alps,secondary,precip_large_zwd,q,q,q850_box_mean_g_per_kg,per-timestep/per-level spatial mean,actual_vs_uniform_q,6,dec_s1_post_skip,upstream,5.727259635925293,7.7655253410339355,5.60885763168335,2.0382657051086426,-0.11840200424194336,-0.0580895827002262,-46.52252252252252,163.69000921133608,-31.52252252252252,178.69000921133608
new_zealand_alps_2020030300_secondary,new_zealand_alps,secondary,precip_large_zwd,q,q,q850_box_mean_g_per_kg,per-timestep/per-level spatial mean,actual_vs_uniform_q,6,dec_s1_post_skip,hotspot_gaussian,5.727259635925293,7.7655253410339355,6.323629856109619,2.0382657051086426,0.5963702201843262,0.2925870845442787,-46.52252252252252,163.69000921133608,-31.52252252252252,178.69000921133608
new_zealand_alps_2020030300_secondary,new_zealand_alps,secondary,precip_large_zwd,q,q,q850_box_mean_g_per_kg,per-timestep/per-level spatial mean,actual_vs_uniform_q,6,dec_s1_post_skip,low_near_gaussian,5.727259635925293,7.7655253410339355,5.799002170562744,2.0382657051086426,0.07174253463745117,0.035197832381537904,-46.52252252252252,163.69000921133608,-31.52252252252252,178.69000921133608
new_zealand_alps_2020030300_secondary,new_zealand_alps,secondary,precip_large_zwd,q,q,q850_box_mean_g_per_kg,per-timestep/per-level spatial mean,actual_vs_uniform_q,6,dec_s1_post_skip,remote_control,5.727259635925293,7.7655253410339355,5.726898193359375,2.0382657051086426,-0.00036144256591796875,-0.00017732848323555702,-46.52252252252252,163.69000921133608,-31.52252252252252,178.69000921133608
new_zealand_alps_2020030300_secondary,new_zealand_alps,secondary,precip_large_zwd,q,q,q850_box_mean_g_per_kg,per-timestep/per-level spatial mean,actual_vs_uniform_q,6,dec_s2_pre_concat,whole,5.727259635925293,7.7655253410339355,6.6263813972473145,2.0382657051086426,0.8991217613220215,0.44112097802974953,-46.52252252252252,163.69000921133608,-31.52252252252252,178.69000921133608
new_zealand_alps_2020030300_secondary,new_zealand_alps,secondary,precip_large_zwd,q,q,q850_box_mean_g_per_kg,per-timestep/per-level spatial mean,actual_vs_uniform_q,6,dec_s2_pre_concat,target_box,5.727259635925293,7.7655253410339355,6.416057586669922,2.0382657051086426,0.6887979507446289,0.3379333464809069,-46.52252252252252,163.69000921133608,-31.52252252252252,178.69000921133608
new_zealand_alps_2020030300_secondary,new_zealand_alps,secondary,precip_large_zwd,q,q,q850_box_mean_g_per_kg,per-timestep/per-level spatial mean,actual_vs_uniform_q,6,dec_s2_pre_concat,mountain_near,5.727259635925293,7.7655253410339355,6.225193500518799,2.0382657051086426,0.49793386459350586,0.2442929120308018,-46.52252252252252,163.69000921133608,-31.52252252252252,178.69000921133608
new_zealand_alps_2020030300_secondary,new_zealand_alps,secondary,precip_large_zwd,q,q,q850_box_mean_g_per_kg,per-timestep/per-level spatial mean,actual_vs_uniform_q,6,dec_s2_pre_concat,upstream,5.727259635925293,7.7655253410339355,5.60885763168335,2.0382657051086426,-0.11840200424194336,-0.0580895827002262,-46.52252252252252,163.69000921133608,-31.52252252252252,178.69000921133608
new_zealand_alps_2020030300_secondary,new_zealand_alps,secondary,precip_large_zwd,q,q,q850_box_mean_g_per_kg,per-timestep/per-level spatial mean,actual_vs_uniform_q,6,dec_s2_pre_concat,hotspot_gaussian,5.727259635925293,7.7655253410339355,6.323629856109619,2.0382657051086426,0.5963702201843262,0.2925870845442787,-46.52252252252252,163.69000921133608,-31.52252252252252,178.69000921133608
new_zealand_alps_2020030300_secondary,new_zealand_alps,secondary,precip_large_zwd,q,q,q850_box_mean_g_per_kg,per-timestep/per-level spatial mean,actual_vs_uniform_q,6,dec_s2_pre_concat,low_near_gaussian,5.727259635925293,7.7655253410339355,5.799002170562744,2.0382657051086426,0.07174253463745117,0.035197832381537904,-46.52252252252252,163.69000921133608,-31.52252252252252,178.69000921133608
new_zealand_alps_2020030300_secondary,new_zealand_alps,secondary,precip_large_zwd,q,q,q850_box_mean_g_per_kg,per-timestep/per-level spatial mean,actual_vs_uniform_q,6,dec_s2_pre_concat,remote_control,5.727259635925293,7.7655253410339355,5.726898193359375,2.0382657051086426,-0.00036144256591796875,-0.00017732848323555702,-46.52252252252252,163.69000921133608,-31.52252252252252,178.69000921133608
new_zealand_alps_2020030300_secondary,new_zealand_alps,secondary,precip_large_zwd,q,q,q850_box_mean_g_per_kg,per-timestep/per-level spatial mean,actual_vs_uniform_q,6,dec_s2_post_concat,whole,5.727259635925293,7.7655253410339355,7.76553201675415,2.0382657051086426,2.0382723808288574,1.0000032751962602,-46.52252252252252,163.69000921133608,-31.52252252252252,178.69000921133608
new_zealand_alps_2020030300_secondary,new_zealand_alps,secondary,precip_large_zwd,q,q,q850_box_mean_g_per_kg,per-timestep/per-level spatial mean,actual_vs_uniform_q,6,dec_s2_post_concat,target_box,5.727259635925293,7.7655253410339355,7.333526134490967,2.0382657051086426,1.6062664985656738,0.7880554996042861,-46.52252252252252,163.69000921133608,-31.52252252252252,178.69000921133608
new_zealand_alps_2020030300_secondary,new_zealand_alps,secondary,precip_large_zwd,q,q,q850_box_mean_g_per_kg,per-timestep/per-level spatial mean,actual_vs_uniform_q,6,dec_s2_post_concat,mountain_near,5.727259635925293,7.7655253410339355,6.732136249542236,2.0382657051086426,1.0048766136169434,0.4930057014148614,-46.52252252252252,163.69000921133608,-31.52252252252252,178.69000921133608
new_zealand_alps_2020030300_secondary,new_zealand_alps,secondary,precip_large_zwd,q,q,q850_box_mean_g_per_kg,per-timestep/per-level spatial mean,actual_vs_uniform_q,6,dec_s2_post_concat,upstream,5.727259635925293,7.7655253410339355,5.982052326202393,2.0382657051086426,0.2547926902770996,0.12500464960897667,-46.52252252252252,163.69000921133608,-31.52252252252252,178.69000921133608
new_zealand_alps_2020030300_secondary,new_zealand_alps,secondary,precip_large_zwd,q,q,q850_box_mean_g_per_kg,per-timestep/per-level spatial mean,actual_vs_uniform_q,6,dec_s2_post_concat,hotspot_gaussian,5.727259635925293,7.7655253410339355,7.0577287673950195,2.0382657051086426,1.3304691314697266,0.6527456789049054,-46.52252252252252,163.69000921133608,-31.52252252252252,178.69000921133608
new_zealand_alps_2020030300_secondary,new_zealand_alps,secondary,precip_large_zwd,q,q,q850_box_mean_g_per_kg,per-timestep/per-level spatial mean,actual_vs_uniform_q,6,dec_s2_post_concat,low_near_gaussian,5.727259635925293,7.7655253410339355,5.856269359588623,2.0382657051086426,0.12900972366333008,0.06329386955782278,-46.52252252252252,163.69000921133608,-31.52252252252252,178.69000921133608
new_zealand_alps_2020030300_secondary,new_zealand_alps,secondary,precip_large_zwd,q,q,q850_box_mean_g_per_kg,per-timestep/per-level spatial mean,actual_vs_uniform_q,6,dec_s2_post_concat,remote_control,5.727259635925293,7.7655253410339355,5.727245807647705,2.0382657051086426,-1.3828277587890625e-05,-6.78433511059519e-06,-46.52252252252252,163.69000921133608,-31.52252252252252,178.69000921133608
new_zealand_alps_2020030300_secondary,new_zealand_alps,secondary,precip_large_zwd,q,q,q850_box_mean_g_per_kg,per-timestep/per-level spatial mean,actual_vs_uniform_q,12,enc_s0_skip,whole,5.090644359588623,4.8546905517578125,5.861937522888184,-0.23595380783081055,0.7712931632995605,-3.268831176704774,-46.52252252252252,163.69000921133608,-31.52252252252252,178.69000921133608
new_zealand_alps_2020030300_secondary,new_zealand_alps,secondary,precip_large_zwd,q,q,q850_box_mean_g_per_kg,per-timestep/per-level spatial mean,actual_vs_uniform_q,12,enc_s0_skip,target_box,5.090644359588623,4.8546905517578125,5.708060264587402,-0.23595380783081055,0.6174159049987793,-2.616681250770465,-46.52252252252252,163.69000921133608,-31.52252252252252,178.69000921133608
new_zealand_alps_2020030300_secondary,new_zealand_alps,secondary,precip_large_zwd,q,q,q850_box_mean_g_per_kg,per-timestep/per-level spatial mean,actual_vs_uniform_q,12,enc_s0_skip,mountain_near,5.090644359588623,4.8546905517578125,5.420414447784424,-0.23595380783081055,0.3297700881958008,-1.3976044346453638,-46.52252252252252,163.69000921133608,-31.52252252252252,178.69000921133608
new_zealand_alps_2020030300_secondary,new_zealand_alps,secondary,precip_large_zwd,q,q,q850_box_mean_g_per_kg,per-timestep/per-level spatial mean,actual_vs_uniform_q,12,enc_s0_skip,upstream,5.090644359588623,4.8546905517578125,5.470512390136719,-0.23595380783081055,0.3798680305480957,-1.60992540887697,-46.52252252252252,163.69000921133608,-31.52252252252252,178.69000921133608
new_zealand_alps_2020030300_secondary,new_zealand_alps,secondary,precip_large_zwd,q,q,q850_box_mean_g_per_kg,per-timestep/per-level spatial mean,actual_vs_uniform_q,12,enc_s0_skip,hotspot_gaussian,5.090644359588623,4.8546905517578125,5.679138660430908,-0.23595380783081055,0.5884943008422852,-2.494108089428512,-46.52252252252252,163.69000921133608,-31.52252252252252,178.69000921133608
new_zealand_alps_2020030300_secondary,new_zealand_alps,secondary,precip_large_zwd,q,q,q850_box_mean_g_per_kg,per-timestep/per-level spatial mean,actual_vs_uniform_q,12,enc_s0_skip,low_near_gaussian,5.090644359588623,4.8546905517578125,5.1398138999938965,-0.23595380783081055,0.04916954040527344,-0.20838629754400997,-46.52252252252252,163.69000921133608,-31.52252252252252,178.69000921133608
new_zealand_alps_2020030300_secondary,new_zealand_alps,secondary,precip_large_zwd,q,q,q850_box_mean_g_per_kg,per-timestep/per-level spatial mean,actual_vs_uniform_q,12,enc_s0_skip,remote_control,5.090644359588623,4.8546905517578125,5.094518661499023,-0.23595380783081055,0.0038743019104003906,-0.016419747348084497,-46.52252252252252,163.69000921133608,-31.52252252252252,178.69000921133608
new_zealand_alps_2020030300_secondary,new_zealand_alps,secondary,precip_large_zwd,q,q,q850_box_mean_g_per_kg,per-timestep/per-level spatial mean,actual_vs_uniform_q,12,enc_s1_skip,whole,5.090644359588623,4.8546905517578125,5.090644359588623,-0.23595380783081055,0.0,-0.0,-46.52252252252252,163.69000921133608,-31.52252252252252,178.69000921133608
new_zealand_alps_2020030300_secondary,new_zealand_alps,secondary,precip_large_zwd,q,q,q850_box_mean_g_per_kg,per-timestep/per-level spatial mean,actual_vs_uniform_q,12,enc_s1_skip,target_box,5.090644359588623,4.8546905517578125,5.090644359588623,-0.23595380783081055,0.0,-0.0,-46.52252252252252,163.69000921133608,-31.52252252252252,178.69000921133608
new_zealand_alps_2020030300_secondary,new_zealand_alps,secondary,precip_large_zwd,q,q,q850_box_mean_g_per_kg,per-timestep/per-level spatial mean,actual_vs_uniform_q,12,enc_s1_skip,mountain_near,5.090644359588623,4.8546905517578125,5.090644359588623,-0.23595380783081055,0.0,-0.0,-46.52252252252252,163.69000921133608,-31.52252252252252,178.69000921133608
new_zealand_alps_2020030300_secondary,new_zealand_alps,secondary,precip_large_zwd,q,q,q850_box_mean_g_per_kg,per-timestep/per-level spatial mean,actual_vs_uniform_q,12,enc_s1_skip,upstream,5.090644359588623,4.8546905517578125,5.090644359588623,-0.23595380783081055,0.0,-0.0,-46.52252252252252,163.69000921133608,-31.52252252252252,178.69000921133608
new_zealand_alps_2020030300_secondary,new_zealand_alps,secondary,precip_large_zwd,q,q,q850_box_mean_g_per_kg,per-timestep/per-level spatial mean,actual_vs_uniform_q,12,enc_s1_skip,hotspot_gaussian,5.090644359588623,4.8546905517578125,5.090644359588623,-0.23595380783081055,0.0,-0.0,-46.52252252252252,163.69000921133608,-31.52252252252252,178.69000921133608
new_zealand_alps_2020030300_secondary,new_zealand_alps,secondary,precip_large_zwd,q,q,q850_box_mean_g_per_kg,per-timestep/per-level spatial mean,actual_vs_uniform_q,12,enc_s1_skip,low_near_gaussian,5.090644359588623,4.8546905517578125,5.090644359588623,-0.23595380783081055,0.0,-0.0,-46.52252252252252,163.69000921133608,-31.52252252252252,178.69000921133608
new_zealand_alps_2020030300_secondary,new_zealand_alps,secondary,precip_large_zwd,q,q,q850_box_mean_g_per_kg,per-timestep/per-level spatial mean,actual_vs_uniform_q,12,enc_s1_skip,remote_control,5.090644359588623,4.8546905517578125,5.090644359588623,-0.23595380783081055,0.0,-0.0,-46.52252252252252,163.69000921133608,-31.52252252252252,178.69000921133608
new_zealand_alps_2020030300_secondary,new_zealand_alps,secondary,precip_large_zwd,q,q,q850_box_mean_g_per_kg,per-timestep/per-level spatial mean,actual_vs_uniform_q,12,enc_s2_bottleneck,whole,5.090644359588623,4.8546905517578125,4.48885440826416,-0.23595380783081055,-0.6017899513244629,2.5504566205431756,-46.52252252252252,163.69000921133608,-31.52252252252252,178.69000921133608
new_zealand_alps_2020030300_secondary,new_zealand_alps,secondary,precip_large_zwd,q,q,q850_box_mean_g_per_kg,per-timestep/per-level spatial mean,actual_vs_uniform_q,12,enc_s2_bottleneck,target_box,5.090644359588623,4.8546905517578125,4.918630599975586,-0.23595380783081055,-0.1720137596130371,0.7290145524431574,-46.52252252252252,163.69000921133608,-31.52252252252252,178.69000921133608
new_zealand_alps_2020030300_secondary,new_zealand_alps,secondary,precip_large_zwd,q,q,q850_box_mean_g_per_kg,per-timestep/per-level spatial mean,actual_vs_uniform_q,12,enc_s2_bottleneck,mountain_near,5.090644359588623,4.8546905517578125,5.028886795043945,-0.23595380783081055,-0.061757564544677734,0.2617358249584201,-46.52252252252252,163.69000921133608,-31.52252252252252,178.69000921133608
new_zealand_alps_2020030300_secondary,new_zealand_alps,secondary,precip_large_zwd,q,q,q850_box_mean_g_per_kg,per-timestep/per-level spatial mean,actual_vs_uniform_q,12,enc_s2_bottleneck,upstream,5.090644359588623,4.8546905517578125,4.746879577636719,-0.23595380783081055,-0.3437647819519043,1.456915593404617,-46.52252252252252,163.69000921133608,-31.52252252252252,178.69000921133608
new_zealand_alps_2020030300_secondary,new_zealand_alps,secondary,precip_large_zwd,q,q,q850_box_mean_g_per_kg,per-timestep/per-level spatial mean,actual_vs_uniform_q,12,enc_s2_bottleneck,hotspot_gaussian,5.090644359588623,4.8546905517578125,4.679754257202148,-0.23595380783081055,-0.4108901023864746,1.7414005993965616,-46.52252252252252,163.69000921133608,-31.52252252252252,178.69000921133608
new_zealand_alps_2020030300_secondary,new_zealand_alps,secondary,precip_large_zwd,q,q,q850_box_mean_g_per_kg,per-timestep/per-level spatial mean,actual_vs_uniform_q,12,enc_s2_bottleneck,low_near_gaussian,5.090644359588623,4.8546905517578125,5.114569664001465,-0.23595380783081055,0.023925304412841797,-0.10139825516186335,-46.52252252252252,163.69000921133608,-31.52252252252252,178.69000921133608
new_zealand_alps_2020030300_secondary,new_zealand_alps,secondary,precip_large_zwd,q,q,q850_box_mean_g_per_kg,per-timestep/per-level spatial mean,actual_vs_uniform_q,12,enc_s2_bottleneck,remote_control,5.090644359588623,4.8546905517578125,5.0912885665893555,-0.23595380783081055,0.0006442070007324219,-0.0027302250667399575,-46.52252252252252,163.69000921133608,-31.52252252252252,178.69000921133608
new_zealand_alps_2020030300_secondary,new_zealand_alps,secondary,precip_large_zwd,q,q,q850_box_mean_g_per_kg,per-timestep/per-level spatial mean,actual_vs_uniform_q,12,dec_s0_pre_skip,whole,5.090644359588623,4.8546905517578125,4.48885440826416,-0.23595380783081055,-0.6017899513244629,2.5504566205431756,-46.52252252252252,163.69000921133608,-31.52252252252252,178.69000921133608
new_zealand_alps_2020030300_secondary,new_zealand_alps,secondary,precip_large_zwd,q,q,q850_box_mean_g_per_kg,per-timestep/per-level spatial mean,actual_vs_uniform_q,12,dec_s0_pre_skip,target_box,5.090644359588623,4.8546905517578125,4.918630599975586,-0.23595380783081055,-0.1720137596130371,0.7290145524431574,-46.52252252252252,163.69000921133608,-31.52252252252252,178.69000921133608
new_zealand_alps_2020030300_secondary,new_zealand_alps,secondary,precip_large_zwd,q,q,q850_box_mean_g_per_kg,per-timestep/per-level spatial mean,actual_vs_uniform_q,12,dec_s0_pre_skip,mountain_near,5.090644359588623,4.8546905517578125,5.028886795043945,-0.23595380783081055,-0.061757564544677734,0.2617358249584201,-46.52252252252252,163.69000921133608,-31.52252252252252,178.69000921133608
new_zealand_alps_2020030300_secondary,new_zealand_alps,secondary,precip_large_zwd,q,q,q850_box_mean_g_per_kg,per-timestep/per-level spatial mean,actual_vs_uniform_q,12,dec_s0_pre_skip,upstream,5.090644359588623,4.8546905517578125,4.746879577636719,-0.23595380783081055,-0.3437647819519043,1.456915593404617,-46.52252252252252,163.69000921133608,-31.52252252252252,178.69000921133608
new_zealand_alps_2020030300_secondary,new_zealand_alps,secondary,precip_large_zwd,q,q,q850_box_mean_g_per_kg,per-timestep/per-level spatial mean,actual_vs_uniform_q,12,dec_s0_pre_skip,hotspot_gaussian,5.090644359588623,4.8546905517578125,4.679754257202148,-0.23595380783081055,-0.4108901023864746,1.7414005993965616,-46.52252252252252,163.69000921133608,-31.52252252252252,178.69000921133608
new_zealand_alps_2020030300_secondary,new_zealand_alps,secondary,precip_large_zwd,q,q,q850_box_mean_g_per_kg,per-timestep/per-level spatial mean,actual_vs_uniform_q,12,dec_s0_pre_skip,low_near_gaussian,5.090644359588623,4.8546905517578125,5.114569664001465,-0.23595380783081055,0.023925304412841797,-0.10139825516186335,-46.52252252252252,163.69000921133608,-31.52252252252252,178.69000921133608
new_zealand_alps_2020030300_secondary,new_zealand_alps,secondary,precip_large_zwd,q,q,q850_box_mean_g_per_kg,per-timestep/per-level spatial mean,actual_vs_uniform_q,12,dec_s0_pre_skip,remote_control,5.090644359588623,4.8546905517578125,5.0912885665893555,-0.23595380783081055,0.0006442070007324219,-0.0027302250667399575,-46.52252252252252,163.69000921133608,-31.52252252252252,178.69000921133608
new_zealand_alps_2020030300_secondary,new_zealand_alps,secondary,precip_large_zwd,q,q,q850_box_mean_g_per_kg,per-timestep/per-level spatial mean,actual_vs_uniform_q,12,dec_s1_pre_skip,whole,5.090644359588623,4.8546905517578125,4.492050647735596,-0.23595380783081055,-0.5985937118530273,2.5369105815925033,-46.52252252252252,163.69000921133608,-31.52252252252252,178.69000921133608
new_zealand_alps_2020030300_secondary,new_zealand_alps,secondary,precip_large_zwd,q,q,q850_box_mean_g_per_kg,per-timestep/per-level spatial mean,actual_vs_uniform_q,12,dec_s1_pre_skip,target_box,5.090644359588623,4.8546905517578125,4.92548942565918,-0.23595380783081055,-0.16515493392944336,0.6999460421840992,-46.52252252252252,163.69000921133608,-31.52252252252252,178.69000921133608
new_zealand_alps_2020030300_secondary,new_zealand_alps,secondary,precip_large_zwd,q,q,q850_box_mean_g_per_kg,per-timestep/per-level spatial mean,actual_vs_uniform_q,12,dec_s1_pre_skip,mountain_near,5.090644359588623,4.8546905517578125,5.012578010559082,-0.23595380783081055,-0.07806634902954102,0.33085437250293537,-46.52252252252252,163.69000921133608,-31.52252252252252,178.69000921133608
new_zealand_alps_2020030300_secondary,new_zealand_alps,secondary,precip_large_zwd,q,q,q850_box_mean_g_per_kg,per-timestep/per-level spatial mean,actual_vs_uniform_q,12,dec_s1_pre_skip,upstream,5.090644359588623,4.8546905517578125,4.742831707000732,-0.23595380783081055,-0.3478126525878906,1.4740709454338956,-46.52252252252252,163.69000921133608,-31.52252252252252,178.69000921133608
new_zealand_alps_2020030300_secondary,new_zealand_alps,secondary,precip_large_zwd,q,q,q850_box_mean_g_per_kg,per-timestep/per-level spatial mean,actual_vs_uniform_q,12,dec_s1_pre_skip,hotspot_gaussian,5.090644359588623,4.8546905517578125,4.733492851257324,-0.23595380783081055,-0.35715150833129883,1.513650114887709,-46.52252252252252,163.69000921133608,-31.52252252252252,178.69000921133608
new_zealand_alps_2020030300_secondary,new_zealand_alps,secondary,precip_large_zwd,q,q,q850_box_mean_g_per_kg,per-timestep/per-level spatial mean,actual_vs_uniform_q,12,dec_s1_pre_skip,low_near_gaussian,5.090644359588623,4.8546905517578125,5.10640287399292,-0.23595380783081055,0.015758514404296875,-0.06678643819809188,-46.52252252252252,163.69000921133608,-31.52252252252252,178.69000921133608
new_zealand_alps_2020030300_secondary,new_zealand_alps,secondary,precip_large_zwd,q,q,q850_box_mean_g_per_kg,per-timestep/per-level spatial mean,actual_vs_uniform_q,12,dec_s1_pre_skip,remote_control,5.090644359588623,4.8546905517578125,5.083743095397949,-0.23595380783081055,-0.006901264190673828,0.029248369645394085,-46.52252252252252,163.69000921133608,-31.52252252252252,178.69000921133608
new_zealand_alps_2020030300_secondary,new_zealand_alps,secondary,precip_large_zwd,q,q,q850_box_mean_g_per_kg,per-timestep/per-level spatial mean,actual_vs_uniform_q,12,dec_s1_post_skip,whole,5.090644359588623,4.8546905517578125,4.751857280731201,-0.23595380783081055,-0.3387870788574219,1.4358195020117979,-46.52252252252252,163.69000921133608,-31.52252252252252,178.69000921133608
new_zealand_alps_2020030300_secondary,new_zealand_alps,secondary,precip_large_zwd,q,q,q850_box_mean_g_per_kg,per-timestep/per-level spatial mean,actual_vs_uniform_q,12,dec_s1_post_skip,target_box,5.090644359588623,4.8546905517578125,4.998958110809326,-0.23595380783081055,-0.09168624877929688,0.38857711016488455,-46.52252252252252,163.69000921133608,-31.52252252252252,178.69000921133608
new_zealand_alps_2020030300_secondary,new_zealand_alps,secondary,precip_large_zwd,q,q,q850_box_mean_g_per_kg,per-timestep/per-level spatial mean,actual_vs_uniform_q,12,dec_s1_post_skip,mountain_near,5.090644359588623,4.8546905517578125,5.167006015777588,-0.23595380783081055,0.07636165618896484,-0.3236296836697782,-46.52252252252252,163.69000921133608,-31.52252252252252,178.69000921133608
new_zealand_alps_2020030300_secondary,new_zealand_alps,secondary,precip_large_zwd,q,q,q850_box_mean_g_per_kg,per-timestep/per-level spatial mean,actual_vs_uniform_q,12,dec_s1_post_skip,upstream,5.090644359588623,4.8546905517578125,4.8361592292785645,-0.23595380783081055,-0.2544851303100586,1.0785379250693672,-46.52252252252252,163.69000921133608,-31.52252252252252,178.69000921133608
new_zealand_alps_2020030300_secondary,new_zealand_alps,secondary,precip_large_zwd,q,q,q850_box_mean_g_per_kg,per-timestep/per-level spatial mean,actual_vs_uniform_q,12,dec_s1_post_skip,hotspot_gaussian,5.090644359588623,4.8546905517578125,4.935484886169434,-0.23595380783081055,-0.15515947341918945,0.6575841044720319,-46.52252252252252,163.69000921133608,-31.52252252252252,178.69000921133608
new_zealand_alps_2020030300_secondary,new_zealand_alps,secondary,precip_large_zwd,q,q,q850_box_mean_g_per_kg,per-timestep/per-level spatial mean,actual_vs_uniform_q,12,dec_s1_post_skip,low_near_gaussian,5.090644359588623,4.8546905517578125,5.08864164352417,-0.23595380783081055,-0.002002716064453125,0.008487746321471371,-46.52252252252252,163.69000921133608,-31.52252252252252,178.69000921133608
new_zealand_alps_2020030300_secondary,new_zealand_alps,secondary,precip_large_zwd,q,q,q850_box_mean_g_per_kg,per-timestep/per-level spatial mean,actual_vs_uniform_q,12,dec_s1_post_skip,remote_control,5.090644359588623,4.8546905517578125,5.08935022354126,-0.23595380783081055,-0.0012941360473632812,0.005484700837255548,-46.52252252252252,163.69000921133608,-31.52252252252252,178.69000921133608
new_zealand_alps_2020030300_secondary,new_zealand_alps,secondary,precip_large_zwd,q,q,q850_box_mean_g_per_kg,per-timestep/per-level spatial mean,actual_vs_uniform_q,12,dec_s2_pre_concat,whole,5.090644359588623,4.8546905517578125,4.751857280731201,-0.23595380783081055,-0.3387870788574219,1.4358195020117979,-46.52252252252252,163.69000921133608,-31.52252252252252,178.69000921133608
new_zealand_alps_2020030300_secondary,new_zealand_alps,secondary,precip_large_zwd,q,q,q850_box_mean_g_per_kg,per-timestep/per-level spatial mean,actual_vs_uniform_q,12,dec_s2_pre_concat,target_box,5.090644359588623,4.8546905517578125,4.998958110809326,-0.23595380783081055,-0.09168624877929688,0.38857711016488455,-46.52252252252252,163.69000921133608,-31.52252252252252,178.69000921133608
new_zealand_alps_2020030300_secondary,new_zealand_alps,secondary,precip_large_zwd,q,q,q850_box_mean_g_per_kg,per-timestep/per-level spatial mean,actual_vs_uniform_q,12,dec_s2_pre_concat,mountain_near,5.090644359588623,4.8546905517578125,5.167006015777588,-0.23595380783081055,0.07636165618896484,-0.3236296836697782,-46.52252252252252,163.69000921133608,-31.52252252252252,178.69000921133608
new_zealand_alps_2020030300_secondary,new_zealand_alps,secondary,precip_large_zwd,q,q,q850_box_mean_g_per_kg,per-timestep/per-level spatial mean,actual_vs_uniform_q,12,dec_s2_pre_concat,upstream,5.090644359588623,4.8546905517578125,4.8361592292785645,-0.23595380783081055,-0.2544851303100586,1.0785379250693672,-46.52252252252252,163.69000921133608,-31.52252252252252,178.69000921133608
new_zealand_alps_2020030300_secondary,new_zealand_alps,secondary,precip_large_zwd,q,q,q850_box_mean_g_per_kg,per-timestep/per-level spatial mean,actual_vs_uniform_q,12,dec_s2_pre_concat,hotspot_gaussian,5.090644359588623,4.8546905517578125,4.935484886169434,-0.23595380783081055,-0.15515947341918945,0.6575841044720319,-46.52252252252252,163.69000921133608,-31.52252252252252,178.69000921133608
new_zealand_alps_2020030300_secondary,new_zealand_alps,secondary,precip_large_zwd,q,q,q850_box_mean_g_per_kg,per-timestep/per-level spatial mean,actual_vs_uniform_q,12,dec_s2_pre_concat,low_near_gaussian,5.090644359588623,4.8546905517578125,5.08864164352417,-0.23595380783081055,-0.002002716064453125,0.008487746321471371,-46.52252252252252,163.69000921133608,-31.52252252252252,178.69000921133608
new_zealand_alps_2020030300_secondary,new_zealand_alps,secondary,precip_large_zwd,q,q,q850_box_mean_g_per_kg,per-timestep/per-level spatial mean,actual_vs_uniform_q,12,dec_s2_pre_concat,remote_control,5.090644359588623,4.8546905517578125,5.08935022354126,-0.23595380783081055,-0.0012941360473632812,0.005484700837255548,-46.52252252252252,163.69000921133608,-31.52252252252252,178.69000921133608
new_zealand_alps_2020030300_secondary,new_zealand_alps,secondary,precip_large_zwd,q,q,q850_box_mean_g_per_kg,per-timestep/per-level spatial mean,actual_vs_uniform_q,12,dec_s2_post_concat,whole,5.090644359588623,4.8546905517578125,4.9805450439453125,-0.23595380783081055,-0.11009931564331055,0.46661385402288863,-46.52252252252252,163.69000921133608,-31.52252252252252,178.69000921133608
new_zealand_alps_2020030300_secondary,new_zealand_alps,secondary,precip_large_zwd,q,q,q850_box_mean_g_per_kg,per-timestep/per-level spatial mean,actual_vs_uniform_q,12,dec_s2_post_concat,target_box,5.090644359588623,4.8546905517578125,5.248171329498291,-0.23595380783081055,0.15752696990966797,-0.6676178331591998,-46.52252252252252,163.69000921133608,-31.52252252252252,178.69000921133608
new_zealand_alps_2020030300_secondary,new_zealand_alps,secondary,precip_large_zwd,q,q,q850_box_mean_g_per_kg,per-timestep/per-level spatial mean,actual_vs_uniform_q,12,dec_s2_post_concat,mountain_near,5.090644359588623,4.8546905517578125,5.318612098693848,-0.23595380783081055,0.2279677391052246,-0.9661541010971423,-46.52252252252252,163.69000921133608,-31.52252252252252,178.69000921133608
new_zealand_alps_2020030300_secondary,new_zealand_alps,secondary,precip_large_zwd,q,q,q850_box_mean_g_per_kg,per-timestep/per-level spatial mean,actual_vs_uniform_q,12,dec_s2_post_concat,upstream,5.090644359588623,4.8546905517578125,4.954237937927246,-0.23595380783081055,-0.13640642166137695,0.578106464631359,-46.52252252252252,163.69000921133608,-31.52252252252252,178.69000921133608
new_zealand_alps_2020030300_secondary,new_zealand_alps,secondary,precip_large_zwd,q,q,q850_box_mean_g_per_kg,per-timestep/per-level spatial mean,actual_vs_uniform_q,12,dec_s2_post_concat,hotspot_gaussian,5.090644359588623,4.8546905517578125,5.17203950881958,-0.23595380783081055,0.08139514923095703,-0.3449622194244095,-46.52252252252252,163.69000921133608,-31.52252252252252,178.69000921133608
new_zealand_alps_2020030300_secondary,new_zealand_alps,secondary,precip_large_zwd,q,q,q850_box_mean_g_per_kg,per-timestep/per-level spatial mean,actual_vs_uniform_q,12,dec_s2_post_concat,low_near_gaussian,5.090644359588623,4.8546905517578125,5.108630657196045,-0.23595380783081055,0.017986297607421875,-0.07622804553473812,-46.52252252252252,163.69000921133608,-31.52252252252252,178.69000921133608
new_zealand_alps_2020030300_secondary,new_zealand_alps,secondary,precip_large_zwd,q,q,q850_box_mean_g_per_kg,per-timestep/per-level spatial mean,actual_vs_uniform_q,12,dec_s2_post_concat,remote_control,5.090644359588623,4.8546905517578125,5.094478607177734,-0.23595380783081055,0.003834247589111328,-0.01624999242165507,-46.52252252252252,163.69000921133608,-31.52252252252252,178.69000921133608
new_zealand_alps_2020030300_secondary,new_zealand_alps,secondary,precip_large_zwd,q,q,q850_box_mean_g_per_kg,per-timestep/per-level spatial mean,actual_vs_uniform_q,24,enc_s0_skip,whole,3.547757863998413,3.196725606918335,3.334717035293579,-0.3510322570800781,-0.21304082870483398,0.6068981536823116,-46.52252252252252,163.69000921133608,-31.52252252252252,178.69000921133608
new_zealand_alps_2020030300_secondary,new_zealand_alps,secondary,precip_large_zwd,q,q,q850_box_mean_g_per_kg,per-timestep/per-level spatial mean,actual_vs_uniform_q,24,enc_s0_skip,target_box,3.547757863998413,3.196725606918335,3.5398366451263428,-0.3510322570800781,-0.007921218872070312,0.022565501352952044,-46.52252252252252,163.69000921133608,-31.52252252252252,178.69000921133608
new_zealand_alps_2020030300_secondary,new_zealand_alps,secondary,precip_large_zwd,q,q,q850_box_mean_g_per_kg,per-timestep/per-level spatial mean,actual_vs_uniform_q,24,enc_s0_skip,mountain_near,3.547757863998413,3.196725606918335,3.5492100715637207,-0.3510322570800781,0.0014522075653076172,-0.004136963301855011,-46.52252252252252,163.69000921133608,-31.52252252252252,178.69000921133608
new_zealand_alps_2020030300_secondary,new_zealand_alps,secondary,precip_large_zwd,q,q,q850_box_mean_g_per_kg,per-timestep/per-level spatial mean,actual_vs_uniform_q,24,enc_s0_skip,upstream,3.547757863998413,3.196725606918335,3.4958508014678955,-0.3510322570800781,-0.05190706253051758,0.14786977972419338,-46.52252252252252,163.69000921133608,-31.52252252252252,178.69000921133608
new_zealand_alps_2020030300_secondary,new_zealand_alps,secondary,precip_large_zwd,q,q,q850_box_mean_g_per_kg,per-timestep/per-level spatial mean,actual_vs_uniform_q,24,enc_s0_skip,hotspot_gaussian,3.547757863998413,3.196725606918335,3.395312547683716,-0.3510322570800781,-0.15244531631469727,0.43427723019745496,-46.52252252252252,163.69000921133608,-31.52252252252252,178.69000921133608
new_zealand_alps_2020030300_secondary,new_zealand_alps,secondary,precip_large_zwd,q,q,q850_box_mean_g_per_kg,per-timestep/per-level spatial mean,actual_vs_uniform_q,24,enc_s0_skip,low_near_gaussian,3.547757863998413,3.196725606918335,3.53962779045105,-0.3510322570800781,-0.008130073547363281,0.02316047423957575,-46.52252252252252,163.69000921133608,-31.52252252252252,178.69000921133608
new_zealand_alps_2020030300_secondary,new_zealand_alps,secondary,precip_large_zwd,q,q,q850_box_mean_g_per_kg,per-timestep/per-level spatial mean,actual_vs_uniform_q,24,enc_s0_skip,remote_control,3.547757863998413,3.196725606918335,3.549375295639038,-0.3510322570800781,0.001617431640625,-0.00460764390736897,-46.52252252252252,163.69000921133608,-31.52252252252252,178.69000921133608
new_zealand_alps_2020030300_secondary,new_zealand_alps,secondary,precip_large_zwd,q,q,q850_box_mean_g_per_kg,per-timestep/per-level spatial mean,actual_vs_uniform_q,24,enc_s1_skip,whole,3.547757863998413,3.196725606918335,3.547757863998413,-0.3510322570800781,0.0,-0.0,-46.52252252252252,163.69000921133608,-31.52252252252252,178.69000921133608
new_zealand_alps_2020030300_secondary,new_zealand_alps,secondary,precip_large_zwd,q,q,q850_box_mean_g_per_kg,per-timestep/per-level spatial mean,actual_vs_uniform_q,24,enc_s1_skip,target_box,3.547757863998413,3.196725606918335,3.547757863998413,-0.3510322570800781,0.0,-0.0,-46.52252252252252,163.69000921133608,-31.52252252252252,178.69000921133608
new_zealand_alps_2020030300_secondary,new_zealand_alps,secondary,precip_large_zwd,q,q,q850_box_mean_g_per_kg,per-timestep/per-level spatial mean,actual_vs_uniform_q,24,enc_s1_skip,mountain_near,3.547757863998413,3.196725606918335,3.547757863998413,-0.3510322570800781,0.0,-0.0,-46.52252252252252,163.69000921133608,-31.52252252252252,178.69000921133608
new_zealand_alps_2020030300_secondary,new_zealand_alps,secondary,precip_large_zwd,q,q,q850_box_mean_g_per_kg,per-timestep/per-level spatial mean,actual_vs_uniform_q,24,enc_s1_skip,upstream,3.547757863998413,3.196725606918335,3.547757863998413,-0.3510322570800781,0.0,-0.0,-46.52252252252252,163.69000921133608,-31.52252252252252,178.69000921133608
new_zealand_alps_2020030300_secondary,new_zealand_alps,secondary,precip_large_zwd,q,q,q850_box_mean_g_per_kg,per-timestep/per-level spatial mean,actual_vs_uniform_q,24,enc_s1_skip,hotspot_gaussian,3.547757863998413,3.196725606918335,3.547757863998413,-0.3510322570800781,0.0,-0.0,-46.52252252252252,163.69000921133608,-31.52252252252252,178.69000921133608
new_zealand_alps_2020030300_secondary,new_zealand_alps,secondary,precip_large_zwd,q,q,q850_box_mean_g_per_kg,per-timestep/per-level spatial mean,actual_vs_uniform_q,24,enc_s1_skip,low_near_gaussian,3.547757863998413,3.196725606918335,3.547757863998413,-0.3510322570800781,0.0,-0.0,-46.52252252252252,163.69000921133608,-31.52252252252252,178.69000921133608
new_zealand_alps_2020030300_secondary,new_zealand_alps,secondary,precip_large_zwd,q,q,q850_box_mean_g_per_kg,per-timestep/per-level spatial mean,actual_vs_uniform_q,24,enc_s1_skip,remote_control,3.547757863998413,3.196725606918335,3.547757863998413,-0.3510322570800781,0.0,-0.0,-46.52252252252252,163.69000921133608,-31.52252252252252,178.69000921133608
new_zealand_alps_2020030300_secondary,new_zealand_alps,secondary,precip_large_zwd,q,q,q850_box_mean_g_per_kg,per-timestep/per-level spatial mean,actual_vs_uniform_q,24,enc_s2_bottleneck,whole,3.547757863998413,3.196725606918335,3.285287380218506,-0.3510322570800781,-0.2624704837799072,0.7477104410949674,-46.52252252252252,163.69000921133608,-31.52252252252252,178.69000921133608
new_zealand_alps_2020030300_secondary,new_zealand_alps,secondary,precip_large_zwd,q,q,q850_box_mean_g_per_kg,per-timestep/per-level spatial mean,actual_vs_uniform_q,24,enc_s2_bottleneck,target_box,3.547757863998413,3.196725606918335,3.497980833053589,-0.3510322570800781,-0.04977703094482422,0.14180187131198313,-46.52252252252252,163.69000921133608,-31.52252252252252,178.69000921133608
new_zealand_alps_2020030300_secondary,new_zealand_alps,secondary,precip_large_zwd,q,q,q850_box_mean_g_per_kg,per-timestep/per-level spatial mean,actual_vs_uniform_q,24,enc_s2_bottleneck,mountain_near,3.547757863998413,3.196725606918335,3.52152156829834,-0.3510322570800781,-0.026236295700073242,0.07474041251453473,-46.52252252252252,163.69000921133608,-31.52252252252252,178.69000921133608
new_zealand_alps_2020030300_secondary,new_zealand_alps,secondary,precip_large_zwd,q,q,q850_box_mean_g_per_kg,per-timestep/per-level spatial mean,actual_vs_uniform_q,24,enc_s2_bottleneck,upstream,3.547757863998413,3.196725606918335,3.445922374725342,-0.3510322570800781,-0.10183548927307129,0.2901029384596994,-46.52252252252252,163.69000921133608,-31.52252252252252,178.69000921133608
new_zealand_alps_2020030300_secondary,new_zealand_alps,secondary,precip_large_zwd,q,q,q850_box_mean_g_per_kg,per-timestep/per-level spatial mean,actual_vs_uniform_q,24,enc_s2_bottleneck,hotspot_gaussian,3.547757863998413,3.196725606918335,3.37166166305542,-0.3510322570800781,-0.17609620094299316,0.501652476065246,-46.52252252252252,163.69000921133608,-31.52252252252252,178.69000921133608
new_zealand_alps_2020030300_secondary,new_zealand_alps,secondary,precip_large_zwd,q,q,q850_box_mean_g_per_kg,per-timestep/per-level spatial mean,actual_vs_uniform_q,24,enc_s2_bottleneck,low_near_gaussian,3.547757863998413,3.196725606918335,3.5342416763305664,-0.3510322570800781,-0.01351618766784668,0.038504118625096444,-46.52252252252252,163.69000921133608,-31.52252252252252,178.69000921133608
new_zealand_alps_2020030300_secondary,new_zealand_alps,secondary,precip_large_zwd,q,q,q850_box_mean_g_per_kg,per-timestep/per-level spatial mean,actual_vs_uniform_q,24,enc_s2_bottleneck,remote_control,3.547757863998413,3.196725606918335,3.550191879272461,-0.3510322570800781,0.0024340152740478516,-0.006933879223220787,-46.52252252252252,163.69000921133608,-31.52252252252252,178.69000921133608
new_zealand_alps_2020030300_secondary,new_zealand_alps,secondary,precip_large_zwd,q,q,q850_box_mean_g_per_kg,per-timestep/per-level spatial mean,actual_vs_uniform_q,24,dec_s0_pre_skip,whole,3.547757863998413,3.196725606918335,3.285287380218506,-0.3510322570800781,-0.2624704837799072,0.7477104410949674,-46.52252252252252,163.69000921133608,-31.52252252252252,178.69000921133608
new_zealand_alps_2020030300_secondary,new_zealand_alps,secondary,precip_large_zwd,q,q,q850_box_mean_g_per_kg,per-timestep/per-level spatial mean,actual_vs_uniform_q,24,dec_s0_pre_skip,target_box,3.547757863998413,3.196725606918335,3.497980833053589,-0.3510322570800781,-0.04977703094482422,0.14180187131198313,-46.52252252252252,163.69000921133608,-31.52252252252252,178.69000921133608
new_zealand_alps_2020030300_secondary,new_zealand_alps,secondary,precip_large_zwd,q,q,q850_box_mean_g_per_kg,per-timestep/per-level spatial mean,actual_vs_uniform_q,24,dec_s0_pre_skip,mountain_near,3.547757863998413,3.196725606918335,3.52152156829834,-0.3510322570800781,-0.026236295700073242,0.07474041251453473,-46.52252252252252,163.69000921133608,-31.52252252252252,178.69000921133608
new_zealand_alps_2020030300_secondary,new_zealand_alps,secondary,precip_large_zwd,q,q,q850_box_mean_g_per_kg,per-timestep/per-level spatial mean,actual_vs_uniform_q,24,dec_s0_pre_skip,upstream,3.547757863998413,3.196725606918335,3.445922374725342,-0.3510322570800781,-0.10183548927307129,0.2901029384596994,-46.52252252252252,163.69000921133608,-31.52252252252252,178.69000921133608
new_zealand_alps_2020030300_secondary,new_zealand_alps,secondary,precip_large_zwd,q,q,q850_box_mean_g_per_kg,per-timestep/per-level spatial mean,actual_vs_uniform_q,24,dec_s0_pre_skip,hotspot_gaussian,3.547757863998413,3.196725606918335,3.37166166305542,-0.3510322570800781,-0.17609620094299316,0.501652476065246,-46.52252252252252,163.69000921133608,-31.52252252252252,178.69000921133608
new_zealand_alps_2020030300_secondary,new_zealand_alps,secondary,precip_large_zwd,q,q,q850_box_mean_g_per_kg,per-timestep/per-level spatial mean,actual_vs_uniform_q,24,dec_s0_pre_skip,low_near_gaussian,3.547757863998413,3.196725606918335,3.5342416763305664,-0.3510322570800781,-0.01351618766784668,0.038504118625096444,-46.52252252252252,163.69000921133608,-31.52252252252252,178.69000921133608
new_zealand_alps_2020030300_secondary,new_zealand_alps,secondary,precip_large_zwd,q,q,q850_box_mean_g_per_kg,per-timestep/per-level spatial mean,actual_vs_uniform_q,24,dec_s0_pre_skip,remote_control,3.547757863998413,3.196725606918335,3.550191879272461,-0.3510322570800781,0.0024340152740478516,-0.006933879223220787,-46.52252252252252,163.69000921133608,-31.52252252252252,178.69000921133608
new_zealand_alps_2020030300_secondary,new_zealand_alps,secondary,precip_large_zwd,q,q,q850_box_mean_g_per_kg,per-timestep/per-level spatial mean,actual_vs_uniform_q,24,dec_s1_pre_skip,whole,3.547757863998413,3.196725606918335,3.2882425785064697,-0.3510322570800781,-0.25951528549194336,0.7392918464263593,-46.52252252252252,163.69000921133608,-31.52252252252252,178.69000921133608
new_zealand_alps_2020030300_secondary,new_zealand_alps,secondary,precip_large_zwd,q,q,q850_box_mean_g_per_kg,per-timestep/per-level spatial mean,actual_vs_uniform_q,24,dec_s1_pre_skip,target_box,3.547757863998413,3.196725606918335,3.49145245552063,-0.3510322570800781,-0.0563054084777832,0.16039952836852459,-46.52252252252252,163.69000921133608,-31.52252252252252,178.69000921133608
new_zealand_alps_2020030300_secondary,new_zealand_alps,secondary,precip_large_zwd,q,q,q850_box_mean_g_per_kg,per-timestep/per-level spatial mean,actual_vs_uniform_q,24,dec_s1_pre_skip,mountain_near,3.547757863998413,3.196725606918335,3.510918378829956,-0.3510322570800781,-0.03683948516845703,0.10494615359537497,-46.52252252252252,163.69000921133608,-31.52252252252252,178.69000921133608
new_zealand_alps_2020030300_secondary,new_zealand_alps,secondary,precip_large_zwd,q,q,q850_box_mean_g_per_kg,per-timestep/per-level spatial mean,actual_vs_uniform_q,24,dec_s1_pre_skip,upstream,3.547757863998413,3.196725606918335,3.47015118598938,-0.3510322570800781,-0.0776066780090332,0.22108132926179894,-46.52252252252252,163.69000921133608,-31.52252252252252,178.69000921133608
new_zealand_alps_2020030300_secondary,new_zealand_alps,secondary,precip_large_zwd,q,q,q850_box_mean_g_per_kg,per-timestep/per-level spatial mean,actual_vs_uniform_q,24,dec_s1_pre_skip,hotspot_gaussian,3.547757863998413,3.196725606918335,3.3793883323669434,-0.3510322570800781,-0.16836953163146973,0.4796411960313407,-46.52252252252252,163.69000921133608,-31.52252252252252,178.69000921133608
new_zealand_alps_2020030300_secondary,new_zealand_alps,secondary,precip_large_zwd,q,q,q850_box_mean_g_per_kg,per-timestep/per-level spatial mean,actual_vs_uniform_q,24,dec_s1_pre_skip,low_near_gaussian,3.547757863998413,3.196725606918335,3.531019687652588,-0.3510322570800781,-0.016738176345825195,0.047682730029015116,-46.52252252252252,163.69000921133608,-31.52252252252252,178.69000921133608
new_zealand_alps_2020030300_secondary,new_zealand_alps,secondary,precip_large_zwd,q,q,q850_box_mean_g_per_kg,per-timestep/per-level spatial mean,actual_vs_uniform_q,24,dec_s1_pre_skip,remote_control,3.547757863998413,3.196725606918335,3.539116382598877,-0.3510322570800781,-0.008641481399536133,0.024617342780452287,-46.52252252252252,163.69000921133608,-31.52252252252252,178.69000921133608
new_zealand_alps_2020030300_secondary,new_zealand_alps,secondary,precip_large_zwd,q,q,q850_box_mean_g_per_kg,per-timestep/per-level spatial mean,actual_vs_uniform_q,24,dec_s1_post_skip,whole,3.547757863998413,3.196725606918335,3.253201484680176,-0.3510322570800781,-0.2945563793182373,0.8391148487845166,-46.52252252252252,163.69000921133608,-31.52252252252252,178.69000921133608
new_zealand_alps_2020030300_secondary,new_zealand_alps,secondary,precip_large_zwd,q,q,q850_box_mean_g_per_kg,per-timestep/per-level spatial mean,actual_vs_uniform_q,24,dec_s1_post_skip,target_box,3.547757863998413,3.196725606918335,3.4505221843719482,-0.3510322570800781,-0.09723567962646484,0.27699927190532597,-46.52252252252252,163.69000921133608,-31.52252252252252,178.69000921133608
new_zealand_alps_2020030300_secondary,new_zealand_alps,secondary,precip_large_zwd,q,q,q850_box_mean_g_per_kg,per-timestep/per-level spatial mean,actual_vs_uniform_q,24,dec_s1_post_skip,mountain_near,3.547757863998413,3.196725606918335,3.4854328632354736,-0.3510322570800781,-0.06232500076293945,0.17754778800491192,-46.52252252252252,163.69000921133608,-31.52252252252252,178.69000921133608
new_zealand_alps_2020030300_secondary,new_zealand_alps,secondary,precip_large_zwd,q,q,q850_box_mean_g_per_kg,per-timestep/per-level spatial mean,actual_vs_uniform_q,24,dec_s1_post_skip,upstream,3.547757863998413,3.196725606918335,3.477888584136963,-0.3510322570800781,-0.0698692798614502,0.1990394855522109,-46.52252252252252,163.69000921133608,-31.52252252252252,178.69000921133608
new_zealand_alps_2020030300_secondary,new_zealand_alps,secondary,precip_large_zwd,q,q,q850_box_mean_g_per_kg,per-timestep/per-level spatial mean,actual_vs_uniform_q,24,dec_s1_post_skip,hotspot_gaussian,3.547757863998413,3.196725606918335,3.3216261863708496,-0.3510322570800781,-0.22613167762756348,0.6441905923647863,-46.52252252252252,163.69000921133608,-31.52252252252252,178.69000921133608
new_zealand_alps_2020030300_secondary,new_zealand_alps,secondary,precip_large_zwd,q,q,q850_box_mean_g_per_kg,per-timestep/per-level spatial mean,actual_vs_uniform_q,24,dec_s1_post_skip,low_near_gaussian,3.547757863998413,3.196725606918335,3.529468059539795,-0.3510322570800781,-0.018289804458618164,0.052102916725530045,-46.52252252252252,163.69000921133608,-31.52252252252252,178.69000921133608
new_zealand_alps_2020030300_secondary,new_zealand_alps,secondary,precip_large_zwd,q,q,q850_box_mean_g_per_kg,per-timestep/per-level spatial mean,actual_vs_uniform_q,24,dec_s1_post_skip,remote_control,3.547757863998413,3.196725606918335,3.5441465377807617,-0.3510322570800781,-0.003611326217651367,0.0102877332348051,-46.52252252252252,163.69000921133608,-31.52252252252252,178.69000921133608
new_zealand_alps_2020030300_secondary,new_zealand_alps,secondary,precip_large_zwd,q,q,q850_box_mean_g_per_kg,per-timestep/per-level spatial mean,actual_vs_uniform_q,24,dec_s2_pre_concat,whole,3.547757863998413,3.196725606918335,3.253201484680176,-0.3510322570800781,-0.2945563793182373,0.8391148487845166,-46.52252252252252,163.69000921133608,-31.52252252252252,178.69000921133608
new_zealand_alps_2020030300_secondary,new_zealand_alps,secondary,precip_large_zwd,q,q,q850_box_mean_g_per_kg,per-timestep/per-level spatial mean,actual_vs_uniform_q,24,dec_s2_pre_concat,target_box,3.547757863998413,3.196725606918335,3.4505221843719482,-0.3510322570800781,-0.09723567962646484,0.27699927190532597,-46.52252252252252,163.69000921133608,-31.52252252252252,178.69000921133608
new_zealand_alps_2020030300_secondary,new_zealand_alps,secondary,precip_large_zwd,q,q,q850_box_mean_g_per_kg,per-timestep/per-level spatial mean,actual_vs_uniform_q,24,dec_s2_pre_concat,mountain_near,3.547757863998413,3.196725606918335,3.4854328632354736,-0.3510322570800781,-0.06232500076293945,0.17754778800491192,-46.52252252252252,163.69000921133608,-31.52252252252252,178.69000921133608
new_zealand_alps_2020030300_secondary,new_zealand_alps,secondary,precip_large_zwd,q,q,q850_box_mean_g_per_kg,per-timestep/per-level spatial mean,actual_vs_uniform_q,24,dec_s2_pre_concat,upstream,3.547757863998413,3.196725606918335,3.477888584136963,-0.3510322570800781,-0.0698692798614502,0.1990394855522109,-46.52252252252252,163.69000921133608,-31.52252252252252,178.69000921133608
new_zealand_alps_2020030300_secondary,new_zealand_alps,secondary,precip_large_zwd,q,q,q850_box_mean_g_per_kg,per-timestep/per-level spatial mean,actual_vs_uniform_q,24,dec_s2_pre_concat,hotspot_gaussian,3.547757863998413,3.196725606918335,3.3216261863708496,-0.3510322570800781,-0.22613167762756348,0.6441905923647863,-46.52252252252252,163.69000921133608,-31.52252252252252,178.69000921133608
new_zealand_alps_2020030300_secondary,new_zealand_alps,secondary,precip_large_zwd,q,q,q850_box_mean_g_per_kg,per-timestep/per-level spatial mean,actual_vs_uniform_q,24,dec_s2_pre_concat,low_near_gaussian,3.547757863998413,3.196725606918335,3.529468059539795,-0.3510322570800781,-0.018289804458618164,0.052102916725530045,-46.52252252252252,163.69000921133608,-31.52252252252252,178.69000921133608
new_zealand_alps_2020030300_secondary,new_zealand_alps,secondary,precip_large_zwd,q,q,q850_box_mean_g_per_kg,per-timestep/per-level spatial mean,actual_vs_uniform_q,24,dec_s2_pre_concat,remote_control,3.547757863998413,3.196725606918335,3.5441465377807617,-0.3510322570800781,-0.003611326217651367,0.0102877332348051,-46.52252252252252,163.69000921133608,-31.52252252252252,178.69000921133608
new_zealand_alps_2020030300_secondary,new_zealand_alps,secondary,precip_large_zwd,q,q,q850_box_mean_g_per_kg,per-timestep/per-level spatial mean,actual_vs_uniform_q,24,dec_s2_post_concat,whole,3.547757863998413,3.196725606918335,3.206061840057373,-0.3510322570800781,-0.34169602394104004,0.973403489420893,-46.52252252252252,163.69000921133608,-31.52252252252252,178.69000921133608
new_zealand_alps_2020030300_secondary,new_zealand_alps,secondary,precip_large_zwd,q,q,q850_box_mean_g_per_kg,per-timestep/per-level spatial mean,actual_vs_uniform_q,24,dec_s2_post_concat,target_box,3.547757863998413,3.196725606918335,3.4646053314208984,-0.3510322570800781,-0.08315253257751465,0.23688003281859576,-46.52252252252252,163.69000921133608,-31.52252252252252,178.69000921133608
new_zealand_alps_2020030300_secondary,new_zealand_alps,secondary,precip_large_zwd,q,q,q850_box_mean_g_per_kg,per-timestep/per-level spatial mean,actual_vs_uniform_q,24,dec_s2_post_concat,mountain_near,3.547757863998413,3.196725606918335,3.4912989139556885,-0.3510322570800781,-0.05645895004272461,0.160836928527184,-46.52252252252252,163.69000921133608,-31.52252252252252,178.69000921133608
new_zealand_alps_2020030300_secondary,new_zealand_alps,secondary,precip_large_zwd,q,q,q850_box_mean_g_per_kg,per-timestep/per-level spatial mean,actual_vs_uniform_q,24,dec_s2_post_concat,upstream,3.547757863998413,3.196725606918335,3.481611490249634,-0.3510322570800781,-0.0661463737487793,0.18843389009030548,-46.52252252252252,163.69000921133608,-31.52252252252252,178.69000921133608
new_zealand_alps_2020030300_secondary,new_zealand_alps,secondary,precip_large_zwd,q,q,q850_box_mean_g_per_kg,per-timestep/per-level spatial mean,actual_vs_uniform_q,24,dec_s2_post_concat,hotspot_gaussian,3.547757863998413,3.196725606918335,3.2627346515655518,-0.3510322570800781,-0.28502321243286133,0.8119573249584334,-46.52252252252252,163.69000921133608,-31.52252252252252,178.69000921133608
new_zealand_alps_2020030300_secondary,new_zealand_alps,secondary,precip_large_zwd,q,q,q850_box_mean_g_per_kg,per-timestep/per-level spatial mean,actual_vs_uniform_q,24,dec_s2_post_concat,low_near_gaussian,3.547757863998413,3.196725606918335,3.5218729972839355,-0.3510322570800781,-0.02588486671447754,0.07373928233772725,-46.52252252252252,163.69000921133608,-31.52252252252252,178.69000921133608
new_zealand_alps_2020030300_secondary,new_zealand_alps,secondary,precip_large_zwd,q,q,q850_box_mean_g_per_kg,per-timestep/per-level spatial mean,actual_vs_uniform_q,24,dec_s2_post_concat,remote_control,3.547757863998413,3.196725606918335,3.5502376556396484,-0.3510322570800781,0.0024797916412353516,-0.007064284239467078,-46.52252252252252,163.69000921133608,-31.52252252252252,178.69000921133608
japan_2020021612_strong,japan,strong,precip_large_zwd,q,q,q850_box_mean_g_per_kg,per-timestep/per-level spatial mean,actual_vs_uniform_q,6,enc_s0_skip,whole,4.646363735198975,6.06155252456665,6.117545127868652,1.4151887893676758,1.4711813926696777,1.0395654655567335,32.97747747747748,136.08497947810284,22.97747747747748,151.08497947810284
japan_2020021612_strong,japan,strong,precip_large_zwd,q,q,q850_box_mean_g_per_kg,per-timestep/per-level spatial mean,actual_vs_uniform_q,6,enc_s0_skip,target_box,4.646363735198975,6.06155252456665,5.721224308013916,1.4151887893676758,1.0748605728149414,0.7595174445207432,32.97747747747748,136.08497947810284,22.97747747747748,151.08497947810284
japan_2020021612_strong,japan,strong,precip_large_zwd,q,q,q850_box_mean_g_per_kg,per-timestep/per-level spatial mean,actual_vs_uniform_q,6,enc_s0_skip,mountain_near,4.646363735198975,6.06155252456665,4.967010974884033,1.4151887893676758,0.3206472396850586,0.22657559337247707,32.97747747747748,136.08497947810284,22.97747747747748,151.08497947810284
japan_2020021612_strong,japan,strong,precip_large_zwd,q,q,q850_box_mean_g_per_kg,per-timestep/per-level spatial mean,actual_vs_uniform_q,6,enc_s0_skip,upstream,4.646363735198975,6.06155252456665,5.049970626831055,1.4151887893676758,0.4036068916320801,0.2851965014592977,32.97747747747748,136.08497947810284,22.97747747747748,151.08497947810284
japan_2020021612_strong,japan,strong,precip_large_zwd,q,q,q850_box_mean_g_per_kg,per-timestep/per-level spatial mean,actual_vs_uniform_q,6,enc_s0_skip,hotspot_gaussian,4.646363735198975,6.06155252456665,5.869503974914551,1.4151887893676758,1.2231402397155762,0.8642947491564646,32.97747747747748,136.08497947810284,22.97747747747748,151.08497947810284
japan_2020021612_strong,japan,strong,precip_large_zwd,q,q,q850_box_mean_g_per_kg,per-timestep/per-level spatial mean,actual_vs_uniform_q,6,enc_s0_skip,low_near_gaussian,4.646363735198975,6.06155252456665,4.680943012237549,1.4151887893676758,0.03457927703857422,0.024434391579673746,32.97747747747748,136.08497947810284,22.97747747747748,151.08497947810284
japan_2020021612_strong,japan,strong,precip_large_zwd,q,q,q850_box_mean_g_per_kg,per-timestep/per-level spatial mean,actual_vs_uniform_q,6,enc_s0_skip,remote_control,4.646363735198975,6.06155252456665,4.646668910980225,1.4151887893676758,0.00030517578125,0.0002156431590914145,32.97747747747748,136.08497947810284,22.97747747747748,151.08497947810284
japan_2020021612_strong,japan,strong,precip_large_zwd,q,q,q850_box_mean_g_per_kg,per-timestep/per-level spatial mean,actual_vs_uniform_q,6,enc_s1_skip,whole,4.646363735198975,6.06155252456665,4.646363735198975,1.4151887893676758,0.0,0.0,32.97747747747748,136.08497947810284,22.97747747747748,151.08497947810284
japan_2020021612_strong,japan,strong,precip_large_zwd,q,q,q850_box_mean_g_per_kg,per-timestep/per-level spatial mean,actual_vs_uniform_q,6,enc_s1_skip,target_box,4.646363735198975,6.06155252456665,4.646363735198975,1.4151887893676758,0.0,0.0,32.97747747747748,136.08497947810284,22.97747747747748,151.08497947810284
japan_2020021612_strong,japan,strong,precip_large_zwd,q,q,q850_box_mean_g_per_kg,per-timestep/per-level spatial mean,actual_vs_uniform_q,6,enc_s1_skip,mountain_near,4.646363735198975,6.06155252456665,4.646363735198975,1.4151887893676758,0.0,0.0,32.97747747747748,136.08497947810284,22.97747747747748,151.08497947810284
japan_2020021612_strong,japan,strong,precip_large_zwd,q,q,q850_box_mean_g_per_kg,per-timestep/per-level spatial mean,actual_vs_uniform_q,6,enc_s1_skip,upstream,4.646363735198975,6.06155252456665,4.646363735198975,1.4151887893676758,0.0,0.0,32.97747747747748,136.08497947810284,22.97747747747748,151.08497947810284
japan_2020021612_strong,japan,strong,precip_large_zwd,q,q,q850_box_mean_g_per_kg,per-timestep/per-level spatial mean,actual_vs_uniform_q,6,enc_s1_skip,hotspot_gaussian,4.646363735198975,6.06155252456665,4.646363735198975,1.4151887893676758,0.0,0.0,32.97747747747748,136.08497947810284,22.97747747747748,151.08497947810284
japan_2020021612_strong,japan,strong,precip_large_zwd,q,q,q850_box_mean_g_per_kg,per-timestep/per-level spatial mean,actual_vs_uniform_q,6,enc_s1_skip,low_near_gaussian,4.646363735198975,6.06155252456665,4.646363735198975,1.4151887893676758,0.0,0.0,32.97747747747748,136.08497947810284,22.97747747747748,151.08497947810284
japan_2020021612_strong,japan,strong,precip_large_zwd,q,q,q850_box_mean_g_per_kg,per-timestep/per-level spatial mean,actual_vs_uniform_q,6,enc_s1_skip,remote_control,4.646363735198975,6.06155252456665,4.646363735198975,1.4151887893676758,0.0,0.0,32.97747747747748,136.08497947810284,22.97747747747748,151.08497947810284
japan_2020021612_strong,japan,strong,precip_large_zwd,q,q,q850_box_mean_g_per_kg,per-timestep/per-level spatial mean,actual_vs_uniform_q,6,enc_s2_bottleneck,whole,4.646363735198975,6.06155252456665,4.579768180847168,1.4151887893676758,-0.06659555435180664,-0.04705771756541569,32.97747747747748,136.08497947810284,22.97747747747748,151.08497947810284
japan_2020021612_strong,japan,strong,precip_large_zwd,q,q,q850_box_mean_g_per_kg,per-timestep/per-level spatial mean,actual_vs_uniform_q,6,enc_s2_bottleneck,target_box,4.646363735198975,6.06155252456665,4.625879287719727,1.4151887893676758,-0.020484447479248047,-0.014474710111575119,32.97747747747748,136.08497947810284,22.97747747747748,151.08497947810284
japan_2020021612_strong,japan,strong,precip_large_zwd,q,q,q850_box_mean_g_per_kg,per-timestep/per-level spatial mean,actual_vs_uniform_q,6,enc_s2_bottleneck,mountain_near,4.646363735198975,6.06155252456665,4.635456085205078,1.4151887893676758,-0.010907649993896484,-0.007707558225337667,32.97747747747748,136.08497947810284,22.97747747747748,151.08497947810284
japan_2020021612_strong,japan,strong,precip_large_zwd,q,q,q850_box_mean_g_per_kg,per-timestep/per-level spatial mean,actual_vs_uniform_q,6,enc_s2_bottleneck,upstream,4.646363735198975,6.06155252456665,4.7586822509765625,1.4151887893676758,0.11231851577758789,0.07936645387628687,32.97747747747748,136.08497947810284,22.97747747747748,151.08497947810284
japan_2020021612_strong,japan,strong,precip_large_zwd,q,q,q850_box_mean_g_per_kg,per-timestep/per-level spatial mean,actual_vs_uniform_q,6,enc_s2_bottleneck,hotspot_gaussian,4.646363735198975,6.06155252456665,4.617230415344238,1.4151887893676758,-0.029133319854736328,-0.020586172017200238,32.97747747747748,136.08497947810284,22.97747747747748,151.08497947810284
japan_2020021612_strong,japan,strong,precip_large_zwd,q,q,q850_box_mean_g_per_kg,per-timestep/per-level spatial mean,actual_vs_uniform_q,6,enc_s2_bottleneck,low_near_gaussian,4.646363735198975,6.06155252456665,4.645984649658203,1.4151887893676758,-0.0003790855407714844,-0.00026786923668386647,32.97747747747748,136.08497947810284,22.97747747747748,151.08497947810284
japan_2020021612_strong,japan,strong,precip_large_zwd,q,q,q850_box_mean_g_per_kg,per-timestep/per-level spatial mean,actual_vs_uniform_q,6,enc_s2_bottleneck,remote_control,4.646363735198975,6.06155252456665,4.644509792327881,1.4151887893676758,-0.00185394287109375,-0.0013100321914803431,32.97747747747748,136.08497947810284,22.97747747747748,151.08497947810284
japan_2020021612_strong,japan,strong,precip_large_zwd,q,q,q850_box_mean_g_per_kg,per-timestep/per-level spatial mean,actual_vs_uniform_q,6,dec_s0_pre_skip,whole,4.646363735198975,6.06155252456665,4.579768180847168,1.4151887893676758,-0.06659555435180664,-0.04705771756541569,32.97747747747748,136.08497947810284,22.97747747747748,151.08497947810284
japan_2020021612_strong,japan,strong,precip_large_zwd,q,q,q850_box_mean_g_per_kg,per-timestep/per-level spatial mean,actual_vs_uniform_q,6,dec_s0_pre_skip,target_box,4.646363735198975,6.06155252456665,4.625879287719727,1.4151887893676758,-0.020484447479248047,-0.014474710111575119,32.97747747747748,136.08497947810284,22.97747747747748,151.08497947810284
japan_2020021612_strong,japan,strong,precip_large_zwd,q,q,q850_box_mean_g_per_kg,per-timestep/per-level spatial mean,actual_vs_uniform_q,6,dec_s0_pre_skip,mountain_near,4.646363735198975,6.06155252456665,4.635456085205078,1.4151887893676758,-0.010907649993896484,-0.007707558225337667,32.97747747747748,136.08497947810284,22.97747747747748,151.08497947810284
japan_2020021612_strong,japan,strong,precip_large_zwd,q,q,q850_box_mean_g_per_kg,per-timestep/per-level spatial mean,actual_vs_uniform_q,6,dec_s0_pre_skip,upstream,4.646363735198975,6.06155252456665,4.7586822509765625,1.4151887893676758,0.11231851577758789,0.07936645387628687,32.97747747747748,136.08497947810284,22.97747747747748,151.08497947810284
japan_2020021612_strong,japan,strong,precip_large_zwd,q,q,q850_box_mean_g_per_kg,per-timestep/per-level spatial mean,actual_vs_uniform_q,6,dec_s0_pre_skip,hotspot_gaussian,4.646363735198975,6.06155252456665,4.617230415344238,1.4151887893676758,-0.029133319854736328,-0.020586172017200238,32.97747747747748,136.08497947810284,22.97747747747748,151.08497947810284
japan_2020021612_strong,japan,strong,precip_large_zwd,q,q,q850_box_mean_g_per_kg,per-timestep/per-level spatial mean,actual_vs_uniform_q,6,dec_s0_pre_skip,low_near_gaussian,4.646363735198975,6.06155252456665,4.645984649658203,1.4151887893676758,-0.0003790855407714844,-0.00026786923668386647,32.97747747747748,136.08497947810284,22.97747747747748,151.08497947810284
japan_2020021612_strong,japan,strong,precip_large_zwd,q,q,q850_box_mean_g_per_kg,per-timestep/per-level spatial mean,actual_vs_uniform_q,6,dec_s0_pre_skip,remote_control,4.646363735198975,6.06155252456665,4.644509792327881,1.4151887893676758,-0.00185394287109375,-0.0013100321914803431,32.97747747747748,136.08497947810284,22.97747747747748,151.08497947810284
japan_2020021612_strong,japan,strong,precip_large_zwd,q,q,q850_box_mean_g_per_kg,per-timestep/per-level spatial mean,actual_vs_uniform_q,6,dec_s1_pre_skip,whole,4.646363735198975,6.06155252456665,4.579555034637451,1.4151887893676758,-0.06680870056152344,-0.0472083308343436,32.97747747747748,136.08497947810284,22.97747747747748,151.08497947810284
japan_2020021612_strong,japan,strong,precip_large_zwd,q,q,q850_box_mean_g_per_kg,per-timestep/per-level spatial mean,actual_vs_uniform_q,6,dec_s1_pre_skip,target_box,4.646363735198975,6.06155252456665,4.5813188552856445,1.4151887893676758,-0.06504487991333008,-0.04596198076328244,32.97747747747748,136.08497947810284,22.97747747747748,151.08497947810284
japan_2020021612_strong,japan,strong,precip_large_zwd,q,q,q850_box_mean_g_per_kg,per-timestep/per-level spatial mean,actual_vs_uniform_q,6,dec_s1_pre_skip,mountain_near,4.646363735198975,6.06155252456665,4.638815879821777,1.4151887893676758,-0.007547855377197266,-0.005333461820715625,32.97747747747748,136.08497947810284,22.97747747747748,151.08497947810284
japan_2020021612_strong,japan,strong,precip_large_zwd,q,q,q850_box_mean_g_per_kg,per-timestep/per-level spatial mean,actual_vs_uniform_q,6,dec_s1_pre_skip,upstream,4.646363735198975,6.06155252456665,4.619129657745361,1.4151887893676758,-0.02723407745361328,-0.019244130294292262,32.97747747747748,136.08497947810284,22.97747747747748,151.08497947810284
japan_2020021612_strong,japan,strong,precip_large_zwd,q,q,q850_box_mean_g_per_kg,per-timestep/per-level spatial mean,actual_vs_uniform_q,6,dec_s1_pre_skip,hotspot_gaussian,4.646363735198975,6.06155252456665,4.591315746307373,1.4151887893676758,-0.05504798889160156,-0.038897982590858214,32.97747747747748,136.08497947810284,22.97747747747748,151.08497947810284
japan_2020021612_strong,japan,strong,precip_large_zwd,q,q,q850_box_mean_g_per_kg,per-timestep/per-level spatial mean,actual_vs_uniform_q,6,dec_s1_pre_skip,low_near_gaussian,4.646363735198975,6.06155252456665,4.651849269866943,1.4151887893676758,0.00548553466796875,0.003876185784668176,32.97747747747748,136.08497947810284,22.97747747747748,151.08497947810284
japan_2020021612_strong,japan,strong,precip_large_zwd,q,q,q850_box_mean_g_per_kg,per-timestep/per-level spatial mean,actual_vs_uniform_q,6,dec_s1_pre_skip,remote_control,4.646363735198975,6.06155252456665,4.6453447341918945,1.4151887893676758,-0.0010190010070800781,-0.0007200459859036763,32.97747747747748,136.08497947810284,22.97747747747748,151.08497947810284
japan_2020021612_strong,japan,strong,precip_large_zwd,q,q,q850_box_mean_g_per_kg,per-timestep/per-level spatial mean,actual_vs_uniform_q,6,dec_s1_post_skip,whole,4.646363735198975,6.06155252456665,5.244283199310303,1.4151887893676758,0.5979194641113281,0.4225015549893425,32.97747747747748,136.08497947810284,22.97747747747748,151.08497947810284
japan_2020021612_strong,japan,strong,precip_large_zwd,q,q,q850_box_mean_g_per_kg,per-timestep/per-level spatial mean,actual_vs_uniform_q,6,dec_s1_post_skip,target_box,4.646363735198975,6.06155252456665,5.067497253417969,1.4151887893676758,0.42113351821899414,0.2975811576398665,32.97747747747748,136.08497947810284,22.97747747747748,151.08497947810284
japan_2020021612_strong,japan,strong,precip_large_zwd,q,q,q850_box_mean_g_per_kg,per-timestep/per-level spatial mean,actual_vs_uniform_q,6,dec_s1_post_skip,mountain_near,4.646363735198975,6.06155252456665,4.718012809753418,1.4151887893676758,0.07164907455444336,0.05062863350299508,32.97747747747748,136.08497947810284,22.97747747747748,151.08497947810284
japan_2020021612_strong,japan,strong,precip_large_zwd,q,q,q850_box_mean_g_per_kg,per-timestep/per-level spatial mean,actual_vs_uniform_q,6,dec_s1_post_skip,upstream,4.646363735198975,6.06155252456665,4.640749454498291,1.4151887893676758,-0.005614280700683594,-0.0039671602424098664,32.97747747747748,136.08497947810284,22.97747747747748,151.08497947810284
japan_2020021612_strong,japan,strong,precip_large_zwd,q,q,q850_box_mean_g_per_kg,per-timestep/per-level spatial mean,actual_vs_uniform_q,6,dec_s1_post_skip,hotspot_gaussian,4.646363735198975,6.06155252456665,5.123982906341553,1.4151887893676758,0.4776191711425781,0.33749502167550693,32.97747747747748,136.08497947810284,22.97747747747748,151.08497947810284
japan_2020021612_strong,japan,strong,precip_large_zwd,q,q,q850_box_mean_g_per_kg,per-timestep/per-level spatial mean,actual_vs_uniform_q,6,dec_s1_post_skip,low_near_gaussian,4.646363735198975,6.06155252456665,4.664287567138672,1.4151887893676758,0.017923831939697266,0.012665329229823719,32.97747747747748,136.08497947810284,22.97747747747748,151.08497947810284
japan_2020021612_strong,japan,strong,precip_large_zwd,q,q,q850_box_mean_g_per_kg,per-timestep/per-level spatial mean,actual_vs_uniform_q,6,dec_s1_post_skip,remote_control,4.646363735198975,6.06155252456665,4.646403789520264,1.4151887893676758,4.00543212890625e-05,2.8303164630748155e-05,32.97747747747748,136.08497947810284,22.97747747747748,151.08497947810284
japan_2020021612_strong,japan,strong,precip_large_zwd,q,q,q850_box_mean_g_per_kg,per-timestep/per-level spatial mean,actual_vs_uniform_q,6,dec_s2_pre_concat,whole,4.646363735198975,6.06155252456665,5.244283199310303,1.4151887893676758,0.5979194641113281,0.4225015549893425,32.97747747747748,136.08497947810284,22.97747747747748,151.08497947810284
japan_2020021612_strong,japan,strong,precip_large_zwd,q,q,q850_box_mean_g_per_kg,per-timestep/per-level spatial mean,actual_vs_uniform_q,6,dec_s2_pre_concat,target_box,4.646363735198975,6.06155252456665,5.067497253417969,1.4151887893676758,0.42113351821899414,0.2975811576398665,32.97747747747748,136.08497947810284,22.97747747747748,151.08497947810284
japan_2020021612_strong,japan,strong,precip_large_zwd,q,q,q850_box_mean_g_per_kg,per-timestep/per-level spatial mean,actual_vs_uniform_q,6,dec_s2_pre_concat,mountain_near,4.646363735198975,6.06155252456665,4.718012809753418,1.4151887893676758,0.07164907455444336,0.05062863350299508,32.97747747747748,136.08497947810284,22.97747747747748,151.08497947810284
japan_2020021612_strong,japan,strong,precip_large_zwd,q,q,q850_box_mean_g_per_kg,per-timestep/per-level spatial mean,actual_vs_uniform_q,6,dec_s2_pre_concat,upstream,4.646363735198975,6.06155252456665,4.640749454498291,1.4151887893676758,-0.005614280700683594,-0.0039671602424098664,32.97747747747748,136.08497947810284,22.97747747747748,151.08497947810284
japan_2020021612_strong,japan,strong,precip_large_zwd,q,q,q850_box_mean_g_per_kg,per-timestep/per-level spatial mean,actual_vs_uniform_q,6,dec_s2_pre_concat,hotspot_gaussian,4.646363735198975,6.06155252456665,5.123982906341553,1.4151887893676758,0.4776191711425781,0.33749502167550693,32.97747747747748,136.08497947810284,22.97747747747748,151.08497947810284
japan_2020021612_strong,japan,strong,precip_large_zwd,q,q,q850_box_mean_g_per_kg,per-timestep/per-level spatial mean,actual_vs_uniform_q,6,dec_s2_pre_concat,low_near_gaussian,4.646363735198975,6.06155252456665,4.664287567138672,1.4151887893676758,0.017923831939697266,0.012665329229823719,32.97747747747748,136.08497947810284,22.97747747747748,151.08497947810284
japan_2020021612_strong,japan,strong,precip_large_zwd,q,q,q850_box_mean_g_per_kg,per-timestep/per-level spatial mean,actual_vs_uniform_q,6,dec_s2_pre_concat,remote_control,4.646363735198975,6.06155252456665,4.646403789520264,1.4151887893676758,4.00543212890625e-05,2.8303164630748155e-05,32.97747747747748,136.08497947810284,22.97747747747748,151.08497947810284
japan_2020021612_strong,japan,strong,precip_large_zwd,q,q,q850_box_mean_g_per_kg,per-timestep/per-level spatial mean,actual_vs_uniform_q,6,dec_s2_post_concat,whole,4.646363735198975,6.06155252456665,6.0615458488464355,1.4151887893676758,1.415182113647461,0.9999952828058949,32.97747747747748,136.08497947810284,22.97747747747748,151.08497947810284
japan_2020021612_strong,japan,strong,precip_large_zwd,q,q,q850_box_mean_g_per_kg,per-timestep/per-level spatial mean,actual_vs_uniform_q,6,dec_s2_post_concat,target_box,4.646363735198975,6.06155252456665,5.700306415557861,1.4151887893676758,1.0539426803588867,0.744736453734771,32.97747747747748,136.08497947810284,22.97747747747748,151.08497947810284
japan_2020021612_strong,japan,strong,precip_large_zwd,q,q,q850_box_mean_g_per_kg,per-timestep/per-level spatial mean,actual_vs_uniform_q,6,dec_s2_post_concat,mountain_near,4.646363735198975,6.06155252456665,4.8928046226501465,1.4151887893676758,0.24644088745117188,0.17413993758478313,32.97747747747748,136.08497947810284,22.97747747747748,151.08497947810284
japan_2020021612_strong,japan,strong,precip_large_zwd,q,q,q850_box_mean_g_per_kg,per-timestep/per-level spatial mean,actual_vs_uniform_q,6,dec_s2_post_concat,upstream,4.646363735198975,6.06155252456665,4.8712263107299805,1.4151887893676758,0.22486257553100586,0.15889228152483972,32.97747747747748,136.08497947810284,22.97747747747748,151.08497947810284
japan_2020021612_strong,japan,strong,precip_large_zwd,q,q,q850_box_mean_g_per_kg,per-timestep/per-level spatial mean,actual_vs_uniform_q,6,dec_s2_post_concat,hotspot_gaussian,4.646363735198975,6.06155252456665,5.796273231506348,1.4151887893676758,1.149909496307373,0.8125484775929911,32.97747747747748,136.08497947810284,22.97747747747748,151.08497947810284
japan_2020021612_strong,japan,strong,precip_large_zwd,q,q,q850_box_mean_g_per_kg,per-timestep/per-level spatial mean,actual_vs_uniform_q,6,dec_s2_post_concat,low_near_gaussian,4.646363735198975,6.06155252456665,4.681929588317871,1.4151887893676758,0.035565853118896484,0.02513152547992396,32.97747747747748,136.08497947810284,22.97747747747748,151.08497947810284
japan_2020021612_strong,japan,strong,precip_large_zwd,q,q,q850_box_mean_g_per_kg,per-timestep/per-level spatial mean,actual_vs_uniform_q,6,dec_s2_post_concat,remote_control,4.646363735198975,6.06155252456665,4.6465229988098145,1.4151887893676758,0.00015926361083984375,0.00011253877365083194,32.97747747747748,136.08497947810284,22.97747747747748,151.08497947810284
japan_2020021612_strong,japan,strong,precip_large_zwd,q,q,q850_box_mean_g_per_kg,per-timestep/per-level spatial mean,actual_vs_uniform_q,12,enc_s0_skip,whole,3.778162717819214,3.3734776973724365,4.072358131408691,-0.40468502044677734,0.29419541358947754,-0.7269738159931942,32.97747747747748,136.08497947810284,22.97747747747748,151.08497947810284
japan_2020021612_strong,japan,strong,precip_large_zwd,q,q,q850_box_mean_g_per_kg,per-timestep/per-level spatial mean,actual_vs_uniform_q,12,enc_s0_skip,target_box,3.778162717819214,3.3734776973724365,3.9081485271453857,-0.40468502044677734,0.12998580932617188,-0.321202423511169,32.97747747747748,136.08497947810284,22.97747747747748,151.08497947810284
japan_2020021612_strong,japan,strong,precip_large_zwd,q,q,q850_box_mean_g_per_kg,per-timestep/per-level spatial mean,actual_vs_uniform_q,12,enc_s0_skip,mountain_near,3.778162717819214,3.3734776973724365,3.838843584060669,-0.40468502044677734,0.06068086624145508,-0.14994591639310653,32.97747747747748,136.08497947810284,22.97747747747748,151.08497947810284
japan_2020021612_strong,japan,strong,precip_large_zwd,q,q,q850_box_mean_g_per_kg,per-timestep/per-level spatial mean,actual_vs_uniform_q,12,enc_s0_skip,upstream,3.778162717819214,3.3734776973724365,3.93098783493042,-0.40468502044677734,0.15282511711120605,-0.37763966885279127,32.97747747747748,136.08497947810284,22.97747747747748,151.08497947810284
japan_2020021612_strong,japan,strong,precip_large_zwd,q,q,q850_box_mean_g_per_kg,per-timestep/per-level spatial mean,actual_vs_uniform_q,12,enc_s0_skip,hotspot_gaussian,3.778162717819214,3.3734776973724365,4.015232086181641,-0.40468502044677734,0.23706936836242676,-0.5858120671249437,32.97747747747748,136.08497947810284,22.97747747747748,151.08497947810284
japan_2020021612_strong,japan,strong,precip_large_zwd,q,q,q850_box_mean_g_per_kg,per-timestep/per-level spatial mean,actual_vs_uniform_q,12,enc_s0_skip,low_near_gaussian,3.778162717819214,3.3734776973724365,3.784137725830078,-0.40468502044677734,0.005975008010864258,-0.014764589023502214,32.97747747747748,136.08497947810284,22.97747747747748,151.08497947810284
japan_2020021612_strong,japan,strong,precip_large_zwd,q,q,q850_box_mean_g_per_kg,per-timestep/per-level spatial mean,actual_vs_uniform_q,12,enc_s0_skip,remote_control,3.778162717819214,3.3734776973724365,3.7778615951538086,-0.40468502044677734,-0.00030112266540527344,0.000744091454318794,32.97747747747748,136.08497947810284,22.97747747747748,151.08497947810284
japan_2020021612_strong,japan,strong,precip_large_zwd,q,q,q850_box_mean_g_per_kg,per-timestep/per-level spatial mean,actual_vs_uniform_q,12,enc_s1_skip,whole,3.778162717819214,3.3734776973724365,3.778162717819214,-0.40468502044677734,0.0,-0.0,32.97747747747748,136.08497947810284,22.97747747747748,151.08497947810284
japan_2020021612_strong,japan,strong,precip_large_zwd,q,q,q850_box_mean_g_per_kg,per-timestep/per-level spatial mean,actual_vs_uniform_q,12,enc_s1_skip,target_box,3.778162717819214,3.3734776973724365,3.778162717819214,-0.40468502044677734,0.0,-0.0,32.97747747747748,136.08497947810284,22.97747747747748,151.08497947810284
japan_2020021612_strong,japan,strong,precip_large_zwd,q,q,q850_box_mean_g_per_kg,per-timestep/per-level spatial mean,actual_vs_uniform_q,12,enc_s1_skip,mountain_near,3.778162717819214,3.3734776973724365,3.778162717819214,-0.40468502044677734,0.0,-0.0,32.97747747747748,136.08497947810284,22.97747747747748,151.08497947810284
japan_2020021612_strong,japan,strong,precip_large_zwd,q,q,q850_box_mean_g_per_kg,per-timestep/per-level spatial mean,actual_vs_uniform_q,12,enc_s1_skip,upstream,3.778162717819214,3.3734776973724365,3.778162717819214,-0.40468502044677734,0.0,-0.0,32.97747747747748,136.08497947810284,22.97747747747748,151.08497947810284
japan_2020021612_strong,japan,strong,precip_large_zwd,q,q,q850_box_mean_g_per_kg,per-timestep/per-level spatial mean,actual_vs_uniform_q,12,enc_s1_skip,hotspot_gaussian,3.778162717819214,3.3734776973724365,3.778162717819214,-0.40468502044677734,0.0,-0.0,32.97747747747748,136.08497947810284,22.97747747747748,151.08497947810284
japan_2020021612_strong,japan,strong,precip_large_zwd,q,q,q850_box_mean_g_per_kg,per-timestep/per-level spatial mean,actual_vs_uniform_q,12,enc_s1_skip,low_near_gaussian,3.778162717819214,3.3734776973724365,3.778162717819214,-0.40468502044677734,0.0,-0.0,32.97747747747748,136.08497947810284,22.97747747747748,151.08497947810284
japan_2020021612_strong,japan,strong,precip_large_zwd,q,q,q850_box_mean_g_per_kg,per-timestep/per-level spatial mean,actual_vs_uniform_q,12,enc_s1_skip,remote_control,3.778162717819214,3.3734776973724365,3.778162717819214,-0.40468502044677734,0.0,-0.0,32.97747747747748,136.08497947810284,22.97747747747748,151.08497947810284
japan_2020021612_strong,japan,strong,precip_large_zwd,q,q,q850_box_mean_g_per_kg,per-timestep/per-level spatial mean,actual_vs_uniform_q,12,enc_s2_bottleneck,whole,3.778162717819214,3.3734776973724365,3.03914213180542,-0.40468502044677734,-0.739020586013794,1.826162444060583,32.97747747747748,136.08497947810284,22.97747747747748,151.08497947810284
japan_2020021612_strong,japan,strong,precip_large_zwd,q,q,q850_box_mean_g_per_kg,per-timestep/per-level spatial mean,actual_vs_uniform_q,12,enc_s2_bottleneck,target_box,3.778162717819214,3.3734776973724365,3.71793532371521,-0.40468502044677734,-0.060227394104003906,0.1488253606162939,32.97747747747748,136.08497947810284,22.97747747747748,151.08497947810284
japan_2020021612_strong,japan,strong,precip_large_zwd,q,q,q850_box_mean_g_per_kg,per-timestep/per-level spatial mean,actual_vs_uniform_q,12,enc_s2_bottleneck,mountain_near,3.778162717819214,3.3734776973724365,3.7507829666137695,-0.40468502044677734,-0.027379751205444336,0.06765694261481867,32.97747747747748,136.08497947810284,22.97747747747748,151.08497947810284
japan_2020021612_strong,japan,strong,precip_large_zwd,q,q,q850_box_mean_g_per_kg,per-timestep/per-level spatial mean,actual_vs_uniform_q,12,enc_s2_bottleneck,upstream,3.778162717819214,3.3734776973724365,3.2217414379119873,-0.40468502044677734,-0.5564212799072266,1.3749490388671428,32.97747747747748,136.08497947810284,22.97747747747748,151.08497947810284
japan_2020021612_strong,japan,strong,precip_large_zwd,q,q,q850_box_mean_g_per_kg,per-timestep/per-level spatial mean,actual_vs_uniform_q,12,enc_s2_bottleneck,hotspot_gaussian,3.778162717819214,3.3734776973724365,3.1356756687164307,-0.40468502044677734,-0.6424870491027832,1.5876225129199728,32.97747747747748,136.08497947810284,22.97747747747748,151.08497947810284
japan_2020021612_strong,japan,strong,precip_large_zwd,q,q,q850_box_mean_g_per_kg,per-timestep/per-level spatial mean,actual_vs_uniform_q,12,enc_s2_bottleneck,low_near_gaussian,3.778162717819214,3.3734776973724365,3.770643711090088,-0.40468502044677734,-0.0075190067291259766,0.01857989880827538,32.97747747747748,136.08497947810284,22.97747747747748,151.08497947810284
japan_2020021612_strong,japan,strong,precip_large_zwd,q,q,q850_box_mean_g_per_kg,per-timestep/per-level spatial mean,actual_vs_uniform_q,12,enc_s2_bottleneck,remote_control,3.778162717819214,3.3734776973724365,3.778838634490967,-0.40468502044677734,0.0006759166717529297,-0.0016702290364162954,32.97747747747748,136.08497947810284,22.97747747747748,151.08497947810284
japan_2020021612_strong,japan,strong,precip_large_zwd,q,q,q850_box_mean_g_per_kg,per-timestep/per-level spatial mean,actual_vs_uniform_q,12,dec_s0_pre_skip,whole,3.778162717819214,3.3734776973724365,3.03914213180542,-0.40468502044677734,-0.739020586013794,1.826162444060583,32.97747747747748,136.08497947810284,22.97747747747748,151.08497947810284
japan_2020021612_strong,japan,strong,precip_large_zwd,q,q,q850_box_mean_g_per_kg,per-timestep/per-level spatial mean,actual_vs_uniform_q,12,dec_s0_pre_skip,target_box,3.778162717819214,3.3734776973724365,3.71793532371521,-0.40468502044677734,-0.060227394104003906,0.1488253606162939,32.97747747747748,136.08497947810284,22.97747747747748,151.08497947810284
japan_2020021612_strong,japan,strong,precip_large_zwd,q,q,q850_box_mean_g_per_kg,per-timestep/per-level spatial mean,actual_vs_uniform_q,12,dec_s0_pre_skip,mountain_near,3.778162717819214,3.3734776973724365,3.7507829666137695,-0.40468502044677734,-0.027379751205444336,0.06765694261481867,32.97747747747748,136.08497947810284,22.97747747747748,151.08497947810284
japan_2020021612_strong,japan,strong,precip_large_zwd,q,q,q850_box_mean_g_per_kg,per-timestep/per-level spatial mean,actual_vs_uniform_q,12,dec_s0_pre_skip,upstream,3.778162717819214,3.3734776973724365,3.2217414379119873,-0.40468502044677734,-0.5564212799072266,1.3749490388671428,32.97747747747748,136.08497947810284,22.97747747747748,151.08497947810284
japan_2020021612_strong,japan,strong,precip_large_zwd,q,q,q850_box_mean_g_per_kg,per-timestep/per-level spatial mean,actual_vs_uniform_q,12,dec_s0_pre_skip,hotspot_gaussian,3.778162717819214,3.3734776973724365,3.1356756687164307,-0.40468502044677734,-0.6424870491027832,1.5876225129199728,32.97747747747748,136.08497947810284,22.97747747747748,151.08497947810284
japan_2020021612_strong,japan,strong,precip_large_zwd,q,q,q850_box_mean_g_per_kg,per-timestep/per-level spatial mean,actual_vs_uniform_q,12,dec_s0_pre_skip,low_near_gaussian,3.778162717819214,3.3734776973724365,3.770643711090088,-0.40468502044677734,-0.0075190067291259766,0.01857989880827538,32.97747747747748,136.08497947810284,22.97747747747748,151.08497947810284
japan_2020021612_strong,japan,strong,precip_large_zwd,q,q,q850_box_mean_g_per_kg,per-timestep/per-level spatial mean,actual_vs_uniform_q,12,dec_s0_pre_skip,remote_control,3.778162717819214,3.3734776973724365,3.778838634490967,-0.40468502044677734,0.0006759166717529297,-0.0016702290364162954,32.97747747747748,136.08497947810284,22.97747747747748,151.08497947810284
japan_2020021612_strong,japan,strong,precip_large_zwd,q,q,q850_box_mean_g_per_kg,per-timestep/per-level spatial mean,actual_vs_uniform_q,12,dec_s1_pre_skip,whole,3.778162717819214,3.3734776973724365,3.040022134780884,-0.40468502044677734,-0.7381405830383301,1.8239879060099966,32.97747747747748,136.08497947810284,22.97747747747748,151.08497947810284
japan_2020021612_strong,japan,strong,precip_large_zwd,q,q,q850_box_mean_g_per_kg,per-timestep/per-level spatial mean,actual_vs_uniform_q,12,dec_s1_pre_skip,target_box,3.778162717819214,3.3734776973724365,3.7049193382263184,-0.40468502044677734,-0.07324337959289551,0.18098861062866597,32.97747747747748,136.08497947810284,22.97747747747748,151.08497947810284
japan_2020021612_strong,japan,strong,precip_large_zwd,q,q,q850_box_mean_g_per_kg,per-timestep/per-level spatial mean,actual_vs_uniform_q,12,dec_s1_pre_skip,mountain_near,3.778162717819214,3.3734776973724365,3.7562015056610107,-0.40468502044677734,-0.021961212158203125,0.05426742045939252,32.97747747747748,136.08497947810284,22.97747747747748,151.08497947810284
japan_2020021612_strong,japan,strong,precip_large_zwd,q,q,q850_box_mean_g_per_kg,per-timestep/per-level spatial mean,actual_vs_uniform_q,12,dec_s1_pre_skip,upstream,3.778162717819214,3.3734776973724365,3.0885021686553955,-0.40468502044677734,-0.6896605491638184,1.7041909493028047,32.97747747747748,136.08497947810284,22.97747747747748,151.08497947810284
japan_2020021612_strong,japan,strong,precip_large_zwd,q,q,q850_box_mean_g_per_kg,per-timestep/per-level spatial mean,actual_vs_uniform_q,12,dec_s1_pre_skip,hotspot_gaussian,3.778162717819214,3.3734776973724365,3.100778102874756,-0.40468502044677734,-0.677384614944458,1.6738564086128438,32.97747747747748,136.08497947810284,22.97747747747748,151.08497947810284
japan_2020021612_strong,japan,strong,precip_large_zwd,q,q,q850_box_mean_g_per_kg,per-timestep/per-level spatial mean,actual_vs_uniform_q,12,dec_s1_pre_skip,low_near_gaussian,3.778162717819214,3.3734776973724365,3.771897554397583,-0.40468502044677734,-0.006265163421630859,0.015481579759769808,32.97747747747748,136.08497947810284,22.97747747747748,151.08497947810284
japan_2020021612_strong,japan,strong,precip_large_zwd,q,q,q850_box_mean_g_per_kg,per-timestep/per-level spatial mean,actual_vs_uniform_q,12,dec_s1_pre_skip,remote_control,3.778162717819214,3.3734776973724365,3.775313138961792,-0.40468502044677734,-0.002849578857421875,0.0070414735249550485,32.97747747747748,136.08497947810284,22.97747747747748,151.08497947810284
japan_2020021612_strong,japan,strong,precip_large_zwd,q,q,q850_box_mean_g_per_kg,per-timestep/per-level spatial mean,actual_vs_uniform_q,12,dec_s1_post_skip,whole,3.778162717819214,3.3734776973724365,3.201937437057495,-0.40468502044677734,-0.5762252807617188,1.4238858659150735,32.97747747747748,136.08497947810284,22.97747747747748,151.08497947810284
japan_2020021612_strong,japan,strong,precip_large_zwd,q,q,q850_box_mean_g_per_kg,per-timestep/per-level spatial mean,actual_vs_uniform_q,12,dec_s1_post_skip,target_box,3.778162717819214,3.3734776973724365,3.7361011505126953,-0.40468502044677734,-0.042061567306518555,0.10393655604075006,32.97747747747748,136.08497947810284,22.97747747747748,151.08497947810284
japan_2020021612_strong,japan,strong,precip_large_zwd,q,q,q850_box_mean_g_per_kg,per-timestep/per-level spatial mean,actual_vs_uniform_q,12,dec_s1_post_skip,mountain_near,3.778162717819214,3.3734776973724365,3.771953582763672,-0.40468502044677734,-0.006209135055541992,0.015343130439290857,32.97747747747748,136.08497947810284,22.97747747747748,151.08497947810284
japan_2020021612_strong,japan,strong,precip_large_zwd,q,q,q850_box_mean_g_per_kg,per-timestep/per-level spatial mean,actual_vs_uniform_q,12,dec_s1_post_skip,upstream,3.778162717819214,3.3734776973724365,3.2063517570495605,-0.40468502044677734,-0.5718109607696533,1.4129778268994657,32.97747747747748,136.08497947810284,22.97747747747748,151.08497947810284
japan_2020021612_strong,japan,strong,precip_large_zwd,q,q,q850_box_mean_g_per_kg,per-timestep/per-level spatial mean,actual_vs_uniform_q,12,dec_s1_post_skip,hotspot_gaussian,3.778162717819214,3.3734776973724365,3.2174463272094727,-0.40468502044677734,-0.5607163906097412,1.385562504860455,32.97747747747748,136.08497947810284,22.97747747747748,151.08497947810284
japan_2020021612_strong,japan,strong,precip_large_zwd,q,q,q850_box_mean_g_per_kg,per-timestep/per-level spatial mean,actual_vs_uniform_q,12,dec_s1_post_skip,low_near_gaussian,3.778162717819214,3.3734776973724365,3.7703981399536133,-0.40468502044677734,-0.007764577865600586,0.019186719234204404,32.97747747747748,136.08497947810284,22.97747747747748,151.08497947810284
japan_2020021612_strong,japan,strong,precip_large_zwd,q,q,q850_box_mean_g_per_kg,per-timestep/per-level spatial mean,actual_vs_uniform_q,12,dec_s1_post_skip,remote_control,3.778162717819214,3.3734776973724365,3.7743594646453857,-0.40468502044677734,-0.003803253173828125,0.009398057703320192,32.97747747747748,136.08497947810284,22.97747747747748,151.08497947810284
japan_2020021612_strong,japan,strong,precip_large_zwd,q,q,q850_box_mean_g_per_kg,per-timestep/per-level spatial mean,actual_vs_uniform_q,12,dec_s2_pre_concat,whole,3.778162717819214,3.3734776973724365,3.201937437057495,-0.40468502044677734,-0.5762252807617188,1.4238858659150735,32.97747747747748,136.08497947810284,22.97747747747748,151.08497947810284
japan_2020021612_strong,japan,strong,precip_large_zwd,q,q,q850_box_mean_g_per_kg,per-timestep/per-level spatial mean,actual_vs_uniform_q,12,dec_s2_pre_concat,target_box,3.778162717819214,3.3734776973724365,3.7361011505126953,-0.40468502044677734,-0.042061567306518555,0.10393655604075006,32.97747747747748,136.08497947810284,22.97747747747748,151.08497947810284
japan_2020021612_strong,japan,strong,precip_large_zwd,q,q,q850_box_mean_g_per_kg,per-timestep/per-level spatial mean,actual_vs_uniform_q,12,dec_s2_pre_concat,mountain_near,3.778162717819214,3.3734776973724365,3.771953582763672,-0.40468502044677734,-0.006209135055541992,0.015343130439290857,32.97747747747748,136.08497947810284,22.97747747747748,151.08497947810284
japan_2020021612_strong,japan,strong,precip_large_zwd,q,q,q850_box_mean_g_per_kg,per-timestep/per-level spatial mean,actual_vs_uniform_q,12,dec_s2_pre_concat,upstream,3.778162717819214,3.3734776973724365,3.2063517570495605,-0.40468502044677734,-0.5718109607696533,1.4129778268994657,32.97747747747748,136.08497947810284,22.97747747747748,151.08497947810284
japan_2020021612_strong,japan,strong,precip_large_zwd,q,q,q850_box_mean_g_per_kg,per-timestep/per-level spatial mean,actual_vs_uniform_q,12,dec_s2_pre_concat,hotspot_gaussian,3.778162717819214,3.3734776973724365,3.2174463272094727,-0.40468502044677734,-0.5607163906097412,1.385562504860455,32.97747747747748,136.08497947810284,22.97747747747748,151.08497947810284
japan_2020021612_strong,japan,strong,precip_large_zwd,q,q,q850_box_mean_g_per_kg,per-timestep/per-level spatial mean,actual_vs_uniform_q,12,dec_s2_pre_concat,low_near_gaussian,3.778162717819214,3.3734776973724365,3.7703981399536133,-0.40468502044677734,-0.007764577865600586,0.019186719234204404,32.97747747747748,136.08497947810284,22.97747747747748,151.08497947810284
japan_2020021612_strong,japan,strong,precip_large_zwd,q,q,q850_box_mean_g_per_kg,per-timestep/per-level spatial mean,actual_vs_uniform_q,12,dec_s2_pre_concat,remote_control,3.778162717819214,3.3734776973724365,3.7743594646453857,-0.40468502044677734,-0.003803253173828125,0.009398057703320192,32.97747747747748,136.08497947810284,22.97747747747748,151.08497947810284
japan_2020021612_strong,japan,strong,precip_large_zwd,q,q,q850_box_mean_g_per_kg,per-timestep/per-level spatial mean,actual_vs_uniform_q,12,dec_s2_post_concat,whole,3.778162717819214,3.3734776973724365,3.4471333026885986,-0.40468502044677734,-0.33102941513061523,0.8179927558602357,32.97747747747748,136.08497947810284,22.97747747747748,151.08497947810284
japan_2020021612_strong,japan,strong,precip_large_zwd,q,q,q850_box_mean_g_per_kg,per-timestep/per-level spatial mean,actual_vs_uniform_q,12,dec_s2_post_concat,target_box,3.778162717819214,3.3734776973724365,3.803313970565796,-0.40468502044677734,0.02515125274658203,-0.062150194536023926,32.97747747747748,136.08497947810284,22.97747747747748,151.08497947810284
japan_2020021612_strong,japan,strong,precip_large_zwd,q,q,q850_box_mean_g_per_kg,per-timestep/per-level spatial mean,actual_vs_uniform_q,12,dec_s2_post_concat,mountain_near,3.778162717819214,3.3734776973724365,3.8035387992858887,-0.40468502044677734,0.025376081466674805,-0.06270575925607351,32.97747747747748,136.08497947810284,22.97747747747748,151.08497947810284
japan_2020021612_strong,japan,strong,precip_large_zwd,q,q,q850_box_mean_g_per_kg,per-timestep/per-level spatial mean,actual_vs_uniform_q,12,dec_s2_post_concat,upstream,3.778162717819214,3.3734776973724365,3.3393232822418213,-0.40468502044677734,-0.4388394355773926,1.08439752747188,32.97747747747748,136.08497947810284,22.97747747747748,151.08497947810284
japan_2020021612_strong,japan,strong,precip_large_zwd,q,q,q850_box_mean_g_per_kg,per-timestep/per-level spatial mean,actual_vs_uniform_q,12,dec_s2_post_concat,hotspot_gaussian,3.778162717819214,3.3734776973724365,3.378298759460449,-0.40468502044677734,-0.39986395835876465,0.9880868778323196,32.97747747747748,136.08497947810284,22.97747747747748,151.08497947810284
japan_2020021612_strong,japan,strong,precip_large_zwd,q,q,q850_box_mean_g_per_kg,per-timestep/per-level spatial mean,actual_vs_uniform_q,12,dec_s2_post_concat,low_near_gaussian,3.778162717819214,3.3734776973724365,3.7738490104675293,-0.40468502044677734,-0.00431370735168457,0.010659419384790134,32.97747747747748,136.08497947810284,22.97747747747748,151.08497947810284
japan_2020021612_strong,japan,strong,precip_large_zwd,q,q,q850_box_mean_g_per_kg,per-timestep/per-level spatial mean,actual_vs_uniform_q,12,dec_s2_post_concat,remote_control,3.778162717819214,3.3734776973724365,3.776623487472534,-0.40468502044677734,-0.0015392303466796875,0.0038035268638813412,32.97747747747748,136.08497947810284,22.97747747747748,151.08497947810284
japan_2020021612_strong,japan,strong,precip_large_zwd,q,q,q850_box_mean_g_per_kg,per-timestep/per-level spatial mean,actual_vs_uniform_q,24,enc_s0_skip,whole,2.210235595703125,2.1508257389068604,2.1423110961914062,-0.05940985679626465,-0.06792449951171875,1.1433203709723376,32.97747747747748,136.08497947810284,22.97747747747748,151.08497947810284
japan_2020021612_strong,japan,strong,precip_large_zwd,q,q,q850_box_mean_g_per_kg,per-timestep/per-level spatial mean,actual_vs_uniform_q,24,enc_s0_skip,target_box,2.210235595703125,2.1508257389068604,2.210327386856079,-0.05940985679626465,9.179115295410156e-05,-0.0015450492208537502,32.97747747747748,136.08497947810284,22.97747747747748,151.08497947810284
japan_2020021612_strong,japan,strong,precip_large_zwd,q,q,q850_box_mean_g_per_kg,per-timestep/per-level spatial mean,actual_vs_uniform_q,24,enc_s0_skip,mountain_near,2.210235595703125,2.1508257389068604,2.2035140991210938,-0.05940985679626465,-0.00672149658203125,0.11313773411508811,32.97747747747748,136.08497947810284,22.97747747747748,151.08497947810284
japan_2020021612_strong,japan,strong,precip_large_zwd,q,q,q850_box_mean_g_per_kg,per-timestep/per-level spatial mean,actual_vs_uniform_q,24,enc_s0_skip,upstream,2.210235595703125,2.1508257389068604,2.1855649948120117,-0.05940985679626465,-0.02467060089111328,0.4152610731871757,32.97747747747748,136.08497947810284,22.97747747747748,151.08497947810284
japan_2020021612_strong,japan,strong,precip_large_zwd,q,q,q850_box_mean_g_per_kg,per-timestep/per-level spatial mean,actual_vs_uniform_q,24,enc_s0_skip,hotspot_gaussian,2.210235595703125,2.1508257389068604,2.1426174640655518,-0.05940985679626465,-0.06761813163757324,1.1381635183780594,32.97747747747748,136.08497947810284,22.97747747747748,151.08497947810284
japan_2020021612_strong,japan,strong,precip_large_zwd,q,q,q850_box_mean_g_per_kg,per-timestep/per-level spatial mean,actual_vs_uniform_q,24,enc_s0_skip,low_near_gaussian,2.210235595703125,2.1508257389068604,2.208836793899536,-0.05940985679626465,-0.0013988018035888672,0.023544944879867406,32.97747747747748,136.08497947810284,22.97747747747748,151.08497947810284
japan_2020021612_strong,japan,strong,precip_large_zwd,q,q,q850_box_mean_g_per_kg,per-timestep/per-level spatial mean,actual_vs_uniform_q,24,enc_s0_skip,remote_control,2.210235595703125,2.1508257389068604,2.213127851486206,-0.05940985679626465,0.0028922557830810547,-0.04868309635890089,32.97747747747748,136.08497947810284,22.97747747747748,151.08497947810284
japan_2020021612_strong,japan,strong,precip_large_zwd,q,q,q850_box_mean_g_per_kg,per-timestep/per-level spatial mean,actual_vs_uniform_q,24,enc_s1_skip,whole,2.210235595703125,2.1508257389068604,2.210235595703125,-0.05940985679626465,0.0,-0.0,32.97747747747748,136.08497947810284,22.97747747747748,151.08497947810284
japan_2020021612_strong,japan,strong,precip_large_zwd,q,q,q850_box_mean_g_per_kg,per-timestep/per-level spatial mean,actual_vs_uniform_q,24,enc_s1_skip,target_box,2.210235595703125,2.1508257389068604,2.210235595703125,-0.05940985679626465,0.0,-0.0,32.97747747747748,136.08497947810284,22.97747747747748,151.08497947810284
japan_2020021612_strong,japan,strong,precip_large_zwd,q,q,q850_box_mean_g_per_kg,per-timestep/per-level spatial mean,actual_vs_uniform_q,24,enc_s1_skip,mountain_near,2.210235595703125,2.1508257389068604,2.210235595703125,-0.05940985679626465,0.0,-0.0,32.97747747747748,136.08497947810284,22.97747747747748,151.08497947810284
japan_2020021612_strong,japan,strong,precip_large_zwd,q,q,q850_box_mean_g_per_kg,per-timestep/per-level spatial mean,actual_vs_uniform_q,24,enc_s1_skip,upstream,2.210235595703125,2.1508257389068604,2.210235595703125,-0.05940985679626465,0.0,-0.0,32.97747747747748,136.08497947810284,22.97747747747748,151.08497947810284
japan_2020021612_strong,japan,strong,precip_large_zwd,q,q,q850_box_mean_g_per_kg,per-timestep/per-level spatial mean,actual_vs_uniform_q,24,enc_s1_skip,hotspot_gaussian,2.210235595703125,2.1508257389068604,2.210235595703125,-0.05940985679626465,0.0,-0.0,32.97747747747748,136.08497947810284,22.97747747747748,151.08497947810284
japan_2020021612_strong,japan,strong,precip_large_zwd,q,q,q850_box_mean_g_per_kg,per-timestep/per-level spatial mean,actual_vs_uniform_q,24,enc_s1_skip,low_near_gaussian,2.210235595703125,2.1508257389068604,2.210235595703125,-0.05940985679626465,0.0,-0.0,32.97747747747748,136.08497947810284,22.97747747747748,151.08497947810284
japan_2020021612_strong,japan,strong,precip_large_zwd,q,q,q850_box_mean_g_per_kg,per-timestep/per-level spatial mean,actual_vs_uniform_q,24,enc_s1_skip,remote_control,2.210235595703125,2.1508257389068604,2.210235595703125,-0.05940985679626465,0.0,-0.0,32.97747747747748,136.08497947810284,22.97747747747748,151.08497947810284
japan_2020021612_strong,japan,strong,precip_large_zwd,q,q,q850_box_mean_g_per_kg,per-timestep/per-level spatial mean,actual_vs_uniform_q,24,enc_s2_bottleneck,whole,2.210235595703125,2.1508257389068604,2.1729416847229004,-0.05940985679626465,-0.03729391098022461,0.6277394525308709,32.97747747747748,136.08497947810284,22.97747747747748,151.08497947810284
japan_2020021612_strong,japan,strong,precip_large_zwd,q,q,q850_box_mean_g_per_kg,per-timestep/per-level spatial mean,actual_vs_uniform_q,24,enc_s2_bottleneck,target_box,2.210235595703125,2.1508257389068604,2.2035024166107178,-0.05940985679626465,-0.0067331790924072266,0.11333437674319677,32.97747747747748,136.08497947810284,22.97747747747748,151.08497947810284
japan_2020021612_strong,japan,strong,precip_large_zwd,q,q,q850_box_mean_g_per_kg,per-timestep/per-level spatial mean,actual_vs_uniform_q,24,enc_s2_bottleneck,mountain_near,2.210235595703125,2.1508257389068604,2.2106854915618896,-0.05940985679626465,0.00044989585876464844,-0.007572747739613055,32.97747747747748,136.08497947810284,22.97747747747748,151.08497947810284
japan_2020021612_strong,japan,strong,precip_large_zwd,q,q,q850_box_mean_g_per_kg,per-timestep/per-level spatial mean,actual_vs_uniform_q,24,enc_s2_bottleneck,upstream,2.210235595703125,2.1508257389068604,2.154325485229492,-0.05940985679626465,-0.05591011047363281,0.9410914869794489,32.97747747747748,136.08497947810284,22.97747747747748,151.08497947810284
japan_2020021612_strong,japan,strong,precip_large_zwd,q,q,q850_box_mean_g_per_kg,per-timestep/per-level spatial mean,actual_vs_uniform_q,24,enc_s2_bottleneck,hotspot_gaussian,2.210235595703125,2.1508257389068604,2.1283581256866455,-0.05940985679626465,-0.08187747001647949,1.3781798918866857,32.97747747747748,136.08497947810284,22.97747747747748,151.08497947810284
japan_2020021612_strong,japan,strong,precip_large_zwd,q,q,q850_box_mean_g_per_kg,per-timestep/per-level spatial mean,actual_vs_uniform_q,24,enc_s2_bottleneck,low_near_gaussian,2.210235595703125,2.1508257389068604,2.2087132930755615,-0.05940985679626465,-0.0015223026275634766,0.02562373837701609,32.97747747747748,136.08497947810284,22.97747747747748,151.08497947810284
japan_2020021612_strong,japan,strong,precip_large_zwd,q,q,q850_box_mean_g_per_kg,per-timestep/per-level spatial mean,actual_vs_uniform_q,24,enc_s2_bottleneck,remote_control,2.210235595703125,2.1508257389068604,2.219034194946289,-0.05940985679626465,0.008798599243164062,-0.14809999076983582,32.97747747747748,136.08497947810284,22.97747747747748,151.08497947810284
japan_2020021612_strong,japan,strong,precip_large_zwd,q,q,q850_box_mean_g_per_kg,per-timestep/per-level spatial mean,actual_vs_uniform_q,24,dec_s0_pre_skip,whole,2.210235595703125,2.1508257389068604,2.1729416847229004,-0.05940985679626465,-0.03729391098022461,0.6277394525308709,32.97747747747748,136.08497947810284,22.97747747747748,151.08497947810284
japan_2020021612_strong,japan,strong,precip_large_zwd,q,q,q850_box_mean_g_per_kg,per-timestep/per-level spatial mean,actual_vs_uniform_q,24,dec_s0_pre_skip,target_box,2.210235595703125,2.1508257389068604,2.2035024166107178,-0.05940985679626465,-0.0067331790924072266,0.11333437674319677,32.97747747747748,136.08497947810284,22.97747747747748,151.08497947810284
japan_2020021612_strong,japan,strong,precip_large_zwd,q,q,q850_box_mean_g_per_kg,per-timestep/per-level spatial mean,actual_vs_uniform_q,24,dec_s0_pre_skip,mountain_near,2.210235595703125,2.1508257389068604,2.2106854915618896,-0.05940985679626465,0.00044989585876464844,-0.007572747739613055,32.97747747747748,136.08497947810284,22.97747747747748,151.08497947810284
japan_2020021612_strong,japan,strong,precip_large_zwd,q,q,q850_box_mean_g_per_kg,per-timestep/per-level spatial mean,actual_vs_uniform_q,24,dec_s0_pre_skip,upstream,2.210235595703125,2.1508257389068604,2.154325485229492,-0.05940985679626465,-0.05591011047363281,0.9410914869794489,32.97747747747748,136.08497947810284,22.97747747747748,151.08497947810284
japan_2020021612_strong,japan,strong,precip_large_zwd,q,q,q850_box_mean_g_per_kg,per-timestep/per-level spatial mean,actual_vs_uniform_q,24,dec_s0_pre_skip,hotspot_gaussian,2.210235595703125,2.1508257389068604,2.1283581256866455,-0.05940985679626465,-0.08187747001647949,1.3781798918866857,32.97747747747748,136.08497947810284,22.97747747747748,151.08497947810284
japan_2020021612_strong,japan,strong,precip_large_zwd,q,q,q850_box_mean_g_per_kg,per-timestep/per-level spatial mean,actual_vs_uniform_q,24,dec_s0_pre_skip,low_near_gaussian,2.210235595703125,2.1508257389068604,2.2087132930755615,-0.05940985679626465,-0.0015223026275634766,0.02562373837701609,32.97747747747748,136.08497947810284,22.97747747747748,151.08497947810284
japan_2020021612_strong,japan,strong,precip_large_zwd,q,q,q850_box_mean_g_per_kg,per-timestep/per-level spatial mean,actual_vs_uniform_q,24,dec_s0_pre_skip,remote_control,2.210235595703125,2.1508257389068604,2.219034194946289,-0.05940985679626465,0.008798599243164062,-0.14809999076983582,32.97747747747748,136.08497947810284,22.97747747747748,151.08497947810284
japan_2020021612_strong,japan,strong,precip_large_zwd,q,q,q850_box_mean_g_per_kg,per-timestep/per-level spatial mean,actual_vs_uniform_q,24,dec_s1_pre_skip,whole,2.210235595703125,2.1508257389068604,2.172539710998535,-0.05940985679626465,-0.037695884704589844,0.6345055641837525,32.97747747747748,136.08497947810284,22.97747747747748,151.08497947810284
japan_2020021612_strong,japan,strong,precip_large_zwd,q,q,q850_box_mean_g_per_kg,per-timestep/per-level spatial mean,actual_vs_uniform_q,24,dec_s1_pre_skip,target_box,2.210235595703125,2.1508257389068604,2.2054283618927,-0.05940985679626465,-0.004807233810424805,0.08091643490928353,32.97747747747748,136.08497947810284,22.97747747747748,151.08497947810284
japan_2020021612_strong,japan,strong,precip_large_zwd,q,q,q850_box_mean_g_per_kg,per-timestep/per-level spatial mean,actual_vs_uniform_q,24,dec_s1_pre_skip,mountain_near,2.210235595703125,2.1508257389068604,2.2078022956848145,-0.05940985679626465,-0.002433300018310547,0.04095785025463214,32.97747747747748,136.08497947810284,22.97747747747748,151.08497947810284
japan_2020021612_strong,japan,strong,precip_large_zwd,q,q,q850_box_mean_g_per_kg,per-timestep/per-level spatial mean,actual_vs_uniform_q,24,dec_s1_pre_skip,upstream,2.210235595703125,2.1508257389068604,2.1381442546844482,-0.05940985679626465,-0.07209134101867676,1.2134575793693791,32.97747747747748,136.08497947810284,22.97747747747748,151.08497947810284
japan_2020021612_strong,japan,strong,precip_large_zwd,q,q,q850_box_mean_g_per_kg,per-timestep/per-level spatial mean,actual_vs_uniform_q,24,dec_s1_pre_skip,hotspot_gaussian,2.210235595703125,2.1508257389068604,2.1199002265930176,-0.05940985679626465,-0.09033536911010742,1.5205451415224955,32.97747747747748,136.08497947810284,22.97747747747748,151.08497947810284
japan_2020021612_strong,japan,strong,precip_large_zwd,q,q,q850_box_mean_g_per_kg,per-timestep/per-level spatial mean,actual_vs_uniform_q,24,dec_s1_pre_skip,low_near_gaussian,2.210235595703125,2.1508257389068604,2.2067911624908447,-0.05940985679626465,-0.0034444332122802734,0.05797747037317955,32.97747747747748,136.08497947810284,22.97747747747748,151.08497947810284
japan_2020021612_strong,japan,strong,precip_large_zwd,q,q,q850_box_mean_g_per_kg,per-timestep/per-level spatial mean,actual_vs_uniform_q,24,dec_s1_pre_skip,remote_control,2.210235595703125,2.1508257389068604,2.218785524368286,-0.05940985679626465,0.008549928665161133,-0.14391431197152293,32.97747747747748,136.08497947810284,22.97747747747748,151.08497947810284
japan_2020021612_strong,japan,strong,precip_large_zwd,q,q,q850_box_mean_g_per_kg,per-timestep/per-level spatial mean,actual_vs_uniform_q,24,dec_s1_post_skip,whole,2.210235595703125,2.1508257389068604,2.1811158657073975,-0.05940985679626465,-0.02911972999572754,0.49014980957769994,32.97747747747748,136.08497947810284,22.97747747747748,151.08497947810284
japan_2020021612_strong,japan,strong,precip_large_zwd,q,q,q850_box_mean_g_per_kg,per-timestep/per-level spatial mean,actual_vs_uniform_q,24,dec_s1_post_skip,target_box,2.210235595703125,2.1508257389068604,2.2084155082702637,-0.05940985679626465,-0.0018200874328613281,0.030636118836357216,32.97747747747748,136.08497947810284,22.97747747747748,151.08497947810284
japan_2020021612_strong,japan,strong,precip_large_zwd,q,q,q850_box_mean_g_per_kg,per-timestep/per-level spatial mean,actual_vs_uniform_q,24,dec_s1_post_skip,mountain_near,2.210235595703125,2.1508257389068604,2.2051734924316406,-0.05940985679626465,-0.005062103271484375,0.0852064546939398,32.97747747747748,136.08497947810284,22.97747747747748,151.08497947810284
japan_2020021612_strong,japan,strong,precip_large_zwd,q,q,q850_box_mean_g_per_kg,per-timestep/per-level spatial mean,actual_vs_uniform_q,24,dec_s1_post_skip,upstream,2.210235595703125,2.1508257389068604,2.1459076404571533,-0.05940985679626465,-0.06432795524597168,1.082782533318886,32.97747747747748,136.08497947810284,22.97747747747748,151.08497947810284
japan_2020021612_strong,japan,strong,precip_large_zwd,q,q,q850_box_mean_g_per_kg,per-timestep/per-level spatial mean,actual_vs_uniform_q,24,dec_s1_post_skip,hotspot_gaussian,2.210235595703125,2.1508257389068604,2.0949504375457764,-0.05940985679626465,-0.11528515815734863,1.9405055722099822,32.97747747747748,136.08497947810284,22.97747747747748,151.08497947810284
japan_2020021612_strong,japan,strong,precip_large_zwd,q,q,q850_box_mean_g_per_kg,per-timestep/per-level spatial mean,actual_vs_uniform_q,24,dec_s1_post_skip,low_near_gaussian,2.210235595703125,2.1508257389068604,2.20837664604187,-0.05940985679626465,-0.0018589496612548828,0.03129025655843296,32.97747747747748,136.08497947810284,22.97747747747748,151.08497947810284
japan_2020021612_strong,japan,strong,precip_large_zwd,q,q,q850_box_mean_g_per_kg,per-timestep/per-level spatial mean,actual_vs_uniform_q,24,dec_s1_post_skip,remote_control,2.210235595703125,2.1508257389068604,2.22900128364563,-0.05940985679626465,0.018765687942504883,-0.31586825746539693,32.97747747747748,136.08497947810284,22.97747747747748,151.08497947810284
japan_2020021612_strong,japan,strong,precip_large_zwd,q,q,q850_box_mean_g_per_kg,per-timestep/per-level spatial mean,actual_vs_uniform_q,24,dec_s2_pre_concat,whole,2.210235595703125,2.1508257389068604,2.1811158657073975,-0.05940985679626465,-0.02911972999572754,0.49014980957769994,32.97747747747748,136.08497947810284,22.97747747747748,151.08497947810284
japan_2020021612_strong,japan,strong,precip_large_zwd,q,q,q850_box_mean_g_per_kg,per-timestep/per-level spatial mean,actual_vs_uniform_q,24,dec_s2_pre_concat,target_box,2.210235595703125,2.1508257389068604,2.2084155082702637,-0.05940985679626465,-0.0018200874328613281,0.030636118836357216,32.97747747747748,136.08497947810284,22.97747747747748,151.08497947810284
japan_2020021612_strong,japan,strong,precip_large_zwd,q,q,q850_box_mean_g_per_kg,per-timestep/per-level spatial mean,actual_vs_uniform_q,24,dec_s2_pre_concat,mountain_near,2.210235595703125,2.1508257389068604,2.2051734924316406,-0.05940985679626465,-0.005062103271484375,0.0852064546939398,32.97747747747748,136.08497947810284,22.97747747747748,151.08497947810284
japan_2020021612_strong,japan,strong,precip_large_zwd,q,q,q850_box_mean_g_per_kg,per-timestep/per-level spatial mean,actual_vs_uniform_q,24,dec_s2_pre_concat,upstream,2.210235595703125,2.1508257389068604,2.1459076404571533,-0.05940985679626465,-0.06432795524597168,1.082782533318886,32.97747747747748,136.08497947810284,22.97747747747748,151.08497947810284
japan_2020021612_strong,japan,strong,precip_large_zwd,q,q,q850_box_mean_g_per_kg,per-timestep/per-level spatial mean,actual_vs_uniform_q,24,dec_s2_pre_concat,hotspot_gaussian,2.210235595703125,2.1508257389068604,2.0949504375457764,-0.05940985679626465,-0.11528515815734863,1.9405055722099822,32.97747747747748,136.08497947810284,22.97747747747748,151.08497947810284
japan_2020021612_strong,japan,strong,precip_large_zwd,q,q,q850_box_mean_g_per_kg,per-timestep/per-level spatial mean,actual_vs_uniform_q,24,dec_s2_pre_concat,low_near_gaussian,2.210235595703125,2.1508257389068604,2.20837664604187,-0.05940985679626465,-0.0018589496612548828,0.03129025655843296,32.97747747747748,136.08497947810284,22.97747747747748,151.08497947810284
japan_2020021612_strong,japan,strong,precip_large_zwd,q,q,q850_box_mean_g_per_kg,per-timestep/per-level spatial mean,actual_vs_uniform_q,24,dec_s2_pre_concat,remote_control,2.210235595703125,2.1508257389068604,2.22900128364563,-0.05940985679626465,0.018765687942504883,-0.31586825746539693,32.97747747747748,136.08497947810284,22.97747747747748,151.08497947810284
japan_2020021612_strong,japan,strong,precip_large_zwd,q,q,q850_box_mean_g_per_kg,per-timestep/per-level spatial mean,actual_vs_uniform_q,24,dec_s2_post_concat,whole,2.210235595703125,2.1508257389068604,2.174363136291504,-0.05940985679626465,-0.035872459411621094,0.6038132617393642,32.97747747747748,136.08497947810284,22.97747747747748,151.08497947810284
japan_2020021612_strong,japan,strong,precip_large_zwd,q,q,q850_box_mean_g_per_kg,per-timestep/per-level spatial mean,actual_vs_uniform_q,24,dec_s2_post_concat,target_box,2.210235595703125,2.1508257389068604,2.208916187286377,-0.05940985679626465,-0.0013194084167480469,0.022208577631700397,32.97747747747748,136.08497947810284,22.97747747747748,151.08497947810284
japan_2020021612_strong,japan,strong,precip_large_zwd,q,q,q850_box_mean_g_per_kg,per-timestep/per-level spatial mean,actual_vs_uniform_q,24,dec_s2_post_concat,mountain_near,2.210235595703125,2.1508257389068604,2.2033965587615967,-0.05940985679626465,-0.00683903694152832,0.11511619974075278,32.97747747747748,136.08497947810284,22.97747747747748,151.08497947810284
japan_2020021612_strong,japan,strong,precip_large_zwd,q,q,q850_box_mean_g_per_kg,per-timestep/per-level spatial mean,actual_vs_uniform_q,24,dec_s2_post_concat,upstream,2.210235595703125,2.1508257389068604,2.1152071952819824,-0.05940985679626465,-0.09502840042114258,1.5995392944141453,32.97747747747748,136.08497947810284,22.97747747747748,151.08497947810284
japan_2020021612_strong,japan,strong,precip_large_zwd,q,q,q850_box_mean_g_per_kg,per-timestep/per-level spatial mean,actual_vs_uniform_q,24,dec_s2_post_concat,hotspot_gaussian,2.210235595703125,2.1508257389068604,2.0540952682495117,-0.05940985679626465,-0.15614032745361328,2.628188921395119,32.97747747747748,136.08497947810284,22.97747747747748,151.08497947810284
japan_2020021612_strong,japan,strong,precip_large_zwd,q,q,q850_box_mean_g_per_kg,per-timestep/per-level spatial mean,actual_vs_uniform_q,24,dec_s2_post_concat,low_near_gaussian,2.210235595703125,2.1508257389068604,2.206509828567505,-0.05940985679626465,-0.003725767135620117,0.06271294590722482,32.97747747747748,136.08497947810284,22.97747747747748,151.08497947810284
japan_2020021612_strong,japan,strong,precip_large_zwd,q,q,q850_box_mean_g_per_kg,per-timestep/per-level spatial mean,actual_vs_uniform_q,24,dec_s2_post_concat,remote_control,2.210235595703125,2.1508257389068604,2.2359869480133057,-0.05940985679626465,0.025751352310180664,-0.43345252284465635,32.97747747747748,136.08497947810284,22.97747747747748,151.08497947810284
