case_id,target,role,model_key,variable,input_name,target_metric,baseline,contrast,lead_h,patch_site,patch_region,score_base,score_source,score_patched,delta_source_minus_base,delta_patched_minus_base,recovery,hotspot_lat,hotspot_lon,low_near_lat,low_near_lon
andes_2020012000_top06_2020,andes,top06_2020,precip_large_zwd,q,q,q850_box_mean_g_per_kg,per-timestep/per-level spatial mean,actual_vs_uniform_q,6,enc_s0_skip,whole,4.739376544952393,9.511701583862305,7.483719825744629,4.772325038909912,2.7443432807922363,0.5750537229582953,-30.02252252252252,288.04529172445586,-50.02252252252252,288.04529172445586
andes_2020012000_top06_2020,andes,top06_2020,precip_large_zwd,q,q,q850_box_mean_g_per_kg,per-timestep/per-level spatial mean,actual_vs_uniform_q,6,enc_s0_skip,target_box,4.739376544952393,9.511701583862305,7.0391411781311035,4.772325038909912,2.299764633178711,0.48189605997667334,-30.02252252252252,288.04529172445586,-50.02252252252252,288.04529172445586
andes_2020012000_top06_2020,andes,top06_2020,precip_large_zwd,q,q,q850_box_mean_g_per_kg,per-timestep/per-level spatial mean,actual_vs_uniform_q,6,enc_s0_skip,mountain_near,4.739376544952393,9.511701583862305,6.668360233306885,4.772325038909912,1.9289836883544922,0.4042020760587397,-30.02252252252252,288.04529172445586,-50.02252252252252,288.04529172445586
andes_2020012000_top06_2020,andes,top06_2020,precip_large_zwd,q,q,q850_box_mean_g_per_kg,per-timestep/per-level spatial mean,actual_vs_uniform_q,6,enc_s0_skip,upstream,4.739376544952393,9.511701583862305,5.664107799530029,4.772325038909912,0.9247312545776367,0.19376954566968527,-30.02252252252252,288.04529172445586,-50.02252252252252,288.04529172445586
andes_2020012000_top06_2020,andes,top06_2020,precip_large_zwd,q,q,q850_box_mean_g_per_kg,per-timestep/per-level spatial mean,actual_vs_uniform_q,6,enc_s0_skip,hotspot_gaussian,4.739376544952393,9.511701583862305,7.099517822265625,4.772325038909912,2.3601412773132324,0.49454747069204924,-30.02252252252252,288.04529172445586,-50.02252252252252,288.04529172445586
andes_2020012000_top06_2020,andes,top06_2020,precip_large_zwd,q,q,q850_box_mean_g_per_kg,per-timestep/per-level spatial mean,actual_vs_uniform_q,6,enc_s0_skip,low_near_gaussian,4.739376544952393,9.511701583862305,4.780512809753418,4.772325038909912,0.04113626480102539,0.008619753362487163,-30.02252252252252,288.04529172445586,-50.02252252252252,288.04529172445586
andes_2020012000_top06_2020,andes,top06_2020,precip_large_zwd,q,q,q850_box_mean_g_per_kg,per-timestep/per-level spatial mean,actual_vs_uniform_q,6,enc_s0_skip,remote_control,4.739376544952393,9.511701583862305,4.739438056945801,4.772325038909912,6.151199340820312e-05,1.2889313470201856e-05,-30.02252252252252,288.04529172445586,-50.02252252252252,288.04529172445586
andes_2020012000_top06_2020,andes,top06_2020,precip_large_zwd,q,q,q850_box_mean_g_per_kg,per-timestep/per-level spatial mean,actual_vs_uniform_q,6,enc_s1_skip,whole,4.739376544952393,9.511701583862305,4.739376544952393,4.772325038909912,0.0,0.0,-30.02252252252252,288.04529172445586,-50.02252252252252,288.04529172445586
andes_2020012000_top06_2020,andes,top06_2020,precip_large_zwd,q,q,q850_box_mean_g_per_kg,per-timestep/per-level spatial mean,actual_vs_uniform_q,6,enc_s1_skip,target_box,4.739376544952393,9.511701583862305,4.739376544952393,4.772325038909912,0.0,0.0,-30.02252252252252,288.04529172445586,-50.02252252252252,288.04529172445586
andes_2020012000_top06_2020,andes,top06_2020,precip_large_zwd,q,q,q850_box_mean_g_per_kg,per-timestep/per-level spatial mean,actual_vs_uniform_q,6,enc_s1_skip,mountain_near,4.739376544952393,9.511701583862305,4.739376544952393,4.772325038909912,0.0,0.0,-30.02252252252252,288.04529172445586,-50.02252252252252,288.04529172445586
andes_2020012000_top06_2020,andes,top06_2020,precip_large_zwd,q,q,q850_box_mean_g_per_kg,per-timestep/per-level spatial mean,actual_vs_uniform_q,6,enc_s1_skip,upstream,4.739376544952393,9.511701583862305,4.739376544952393,4.772325038909912,0.0,0.0,-30.02252252252252,288.04529172445586,-50.02252252252252,288.04529172445586
andes_2020012000_top06_2020,andes,top06_2020,precip_large_zwd,q,q,q850_box_mean_g_per_kg,per-timestep/per-level spatial mean,actual_vs_uniform_q,6,enc_s1_skip,hotspot_gaussian,4.739376544952393,9.511701583862305,4.739376544952393,4.772325038909912,0.0,0.0,-30.02252252252252,288.04529172445586,-50.02252252252252,288.04529172445586
andes_2020012000_top06_2020,andes,top06_2020,precip_large_zwd,q,q,q850_box_mean_g_per_kg,per-timestep/per-level spatial mean,actual_vs_uniform_q,6,enc_s1_skip,low_near_gaussian,4.739376544952393,9.511701583862305,4.739376544952393,4.772325038909912,0.0,0.0,-30.02252252252252,288.04529172445586,-50.02252252252252,288.04529172445586
andes_2020012000_top06_2020,andes,top06_2020,precip_large_zwd,q,q,q850_box_mean_g_per_kg,per-timestep/per-level spatial mean,actual_vs_uniform_q,6,enc_s1_skip,remote_control,4.739376544952393,9.511701583862305,4.739376544952393,4.772325038909912,0.0,0.0,-30.02252252252252,288.04529172445586,-50.02252252252252,288.04529172445586
andes_2020012000_top06_2020,andes,top06_2020,precip_large_zwd,q,q,q850_box_mean_g_per_kg,per-timestep/per-level spatial mean,actual_vs_uniform_q,6,enc_s2_bottleneck,whole,4.739376544952393,9.511701583862305,6.641275882720947,4.772325038909912,1.9018993377685547,0.3985267814455035,-30.02252252252252,288.04529172445586,-50.02252252252252,288.04529172445586
andes_2020012000_top06_2020,andes,top06_2020,precip_large_zwd,q,q,q850_box_mean_g_per_kg,per-timestep/per-level spatial mean,actual_vs_uniform_q,6,enc_s2_bottleneck,target_box,4.739376544952393,9.511701583862305,5.651916980743408,4.772325038909912,0.9125404357910156,0.1912150635907769,-30.02252252252252,288.04529172445586,-50.02252252252252,288.04529172445586
andes_2020012000_top06_2020,andes,top06_2020,precip_large_zwd,q,q,q850_box_mean_g_per_kg,per-timestep/per-level spatial mean,actual_vs_uniform_q,6,enc_s2_bottleneck,mountain_near,4.739376544952393,9.511701583862305,5.821789741516113,4.772325038909912,1.0824131965637207,0.2268104514546989,-30.02252252252252,288.04529172445586,-50.02252252252252,288.04529172445586
andes_2020012000_top06_2020,andes,top06_2020,precip_large_zwd,q,q,q850_box_mean_g_per_kg,per-timestep/per-level spatial mean,actual_vs_uniform_q,6,enc_s2_bottleneck,upstream,4.739376544952393,9.511701583862305,5.2598676681518555,4.772325038909912,0.5204911231994629,0.1090644746440726,-30.02252252252252,288.04529172445586,-50.02252252252252,288.04529172445586
andes_2020012000_top06_2020,andes,top06_2020,precip_large_zwd,q,q,q850_box_mean_g_per_kg,per-timestep/per-level spatial mean,actual_vs_uniform_q,6,enc_s2_bottleneck,hotspot_gaussian,4.739376544952393,9.511701583862305,6.2011590003967285,4.772325038909912,1.461782455444336,0.3063040433176853,-30.02252252252252,288.04529172445586,-50.02252252252252,288.04529172445586
andes_2020012000_top06_2020,andes,top06_2020,precip_large_zwd,q,q,q850_box_mean_g_per_kg,per-timestep/per-level spatial mean,actual_vs_uniform_q,6,enc_s2_bottleneck,low_near_gaussian,4.739376544952393,9.511701583862305,4.777160167694092,4.772325038909912,0.03778362274169922,0.007917235819781819,-30.02252252252252,288.04529172445586,-50.02252252252252,288.04529172445586
andes_2020012000_top06_2020,andes,top06_2020,precip_large_zwd,q,q,q850_box_mean_g_per_kg,per-timestep/per-level spatial mean,actual_vs_uniform_q,6,enc_s2_bottleneck,remote_control,4.739376544952393,9.511701583862305,4.7370123863220215,4.772325038909912,-0.0023641586303710938,-0.0004953892727539597,-30.02252252252252,288.04529172445586,-50.02252252252252,288.04529172445586
andes_2020012000_top06_2020,andes,top06_2020,precip_large_zwd,q,q,q850_box_mean_g_per_kg,per-timestep/per-level spatial mean,actual_vs_uniform_q,6,dec_s0_pre_skip,whole,4.739376544952393,9.511701583862305,6.641275882720947,4.772325038909912,1.9018993377685547,0.3985267814455035,-30.02252252252252,288.04529172445586,-50.02252252252252,288.04529172445586
andes_2020012000_top06_2020,andes,top06_2020,precip_large_zwd,q,q,q850_box_mean_g_per_kg,per-timestep/per-level spatial mean,actual_vs_uniform_q,6,dec_s0_pre_skip,target_box,4.739376544952393,9.511701583862305,5.651916980743408,4.772325038909912,0.9125404357910156,0.1912150635907769,-30.02252252252252,288.04529172445586,-50.02252252252252,288.04529172445586
andes_2020012000_top06_2020,andes,top06_2020,precip_large_zwd,q,q,q850_box_mean_g_per_kg,per-timestep/per-level spatial mean,actual_vs_uniform_q,6,dec_s0_pre_skip,mountain_near,4.739376544952393,9.511701583862305,5.821789741516113,4.772325038909912,1.0824131965637207,0.2268104514546989,-30.02252252252252,288.04529172445586,-50.02252252252252,288.04529172445586
andes_2020012000_top06_2020,andes,top06_2020,precip_large_zwd,q,q,q850_box_mean_g_per_kg,per-timestep/per-level spatial mean,actual_vs_uniform_q,6,dec_s0_pre_skip,upstream,4.739376544952393,9.511701583862305,5.2598676681518555,4.772325038909912,0.5204911231994629,0.1090644746440726,-30.02252252252252,288.04529172445586,-50.02252252252252,288.04529172445586
andes_2020012000_top06_2020,andes,top06_2020,precip_large_zwd,q,q,q850_box_mean_g_per_kg,per-timestep/per-level spatial mean,actual_vs_uniform_q,6,dec_s0_pre_skip,hotspot_gaussian,4.739376544952393,9.511701583862305,6.2011590003967285,4.772325038909912,1.461782455444336,0.3063040433176853,-30.02252252252252,288.04529172445586,-50.02252252252252,288.04529172445586
andes_2020012000_top06_2020,andes,top06_2020,precip_large_zwd,q,q,q850_box_mean_g_per_kg,per-timestep/per-level spatial mean,actual_vs_uniform_q,6,dec_s0_pre_skip,low_near_gaussian,4.739376544952393,9.511701583862305,4.777160167694092,4.772325038909912,0.03778362274169922,0.007917235819781819,-30.02252252252252,288.04529172445586,-50.02252252252252,288.04529172445586
andes_2020012000_top06_2020,andes,top06_2020,precip_large_zwd,q,q,q850_box_mean_g_per_kg,per-timestep/per-level spatial mean,actual_vs_uniform_q,6,dec_s0_pre_skip,remote_control,4.739376544952393,9.511701583862305,4.7370123863220215,4.772325038909912,-0.0023641586303710938,-0.0004953892727539597,-30.02252252252252,288.04529172445586,-50.02252252252252,288.04529172445586
andes_2020012000_top06_2020,andes,top06_2020,precip_large_zwd,q,q,q850_box_mean_g_per_kg,per-timestep/per-level spatial mean,actual_vs_uniform_q,6,dec_s1_pre_skip,whole,4.739376544952393,9.511701583862305,6.640934467315674,4.772325038909912,1.9015579223632812,0.398455240759886,-30.02252252252252,288.04529172445586,-50.02252252252252,288.04529172445586
andes_2020012000_top06_2020,andes,top06_2020,precip_large_zwd,q,q,q850_box_mean_g_per_kg,per-timestep/per-level spatial mean,actual_vs_uniform_q,6,dec_s1_pre_skip,target_box,4.739376544952393,9.511701583862305,5.805409908294678,4.772325038909912,1.0660333633422852,0.22337819713675391,-30.02252252252252,288.04529172445586,-50.02252252252252,288.04529172445586
andes_2020012000_top06_2020,andes,top06_2020,precip_large_zwd,q,q,q850_box_mean_g_per_kg,per-timestep/per-level spatial mean,actual_vs_uniform_q,6,dec_s1_pre_skip,mountain_near,4.739376544952393,9.511701583862305,5.808613300323486,4.772325038909912,1.0692367553710938,0.22404944060879126,-30.02252252252252,288.04529172445586,-50.02252252252252,288.04529172445586
andes_2020012000_top06_2020,andes,top06_2020,precip_large_zwd,q,q,q850_box_mean_g_per_kg,per-timestep/per-level spatial mean,actual_vs_uniform_q,6,dec_s1_pre_skip,upstream,4.739376544952393,9.511701583862305,5.360212326049805,4.772325038909912,0.6208357810974121,0.13009084168316049,-30.02252252252252,288.04529172445586,-50.02252252252252,288.04529172445586
andes_2020012000_top06_2020,andes,top06_2020,precip_large_zwd,q,q,q850_box_mean_g_per_kg,per-timestep/per-level spatial mean,actual_vs_uniform_q,6,dec_s1_pre_skip,hotspot_gaussian,4.739376544952393,9.511701583862305,6.313415050506592,4.772325038909912,1.5740385055541992,0.3298263409806929,-30.02252252252252,288.04529172445586,-50.02252252252252,288.04529172445586
andes_2020012000_top06_2020,andes,top06_2020,precip_large_zwd,q,q,q850_box_mean_g_per_kg,per-timestep/per-level spatial mean,actual_vs_uniform_q,6,dec_s1_pre_skip,low_near_gaussian,4.739376544952393,9.511701583862305,4.767467021942139,4.772325038909912,0.028090476989746094,0.005886119818058848,-30.02252252252252,288.04529172445586,-50.02252252252252,288.04529172445586
andes_2020012000_top06_2020,andes,top06_2020,precip_large_zwd,q,q,q850_box_mean_g_per_kg,per-timestep/per-level spatial mean,actual_vs_uniform_q,6,dec_s1_pre_skip,remote_control,4.739376544952393,9.511701583862305,4.741513252258301,4.772325038909912,0.002136707305908203,0.00044772878806181794,-30.02252252252252,288.04529172445586,-50.02252252252252,288.04529172445586
andes_2020012000_top06_2020,andes,top06_2020,precip_large_zwd,q,q,q850_box_mean_g_per_kg,per-timestep/per-level spatial mean,actual_vs_uniform_q,6,dec_s1_post_skip,whole,4.739376544952393,9.511701583862305,8.107319831848145,4.772325038909912,3.367943286895752,0.7057237844103453,-30.02252252252252,288.04529172445586,-50.02252252252252,288.04529172445586
andes_2020012000_top06_2020,andes,top06_2020,precip_large_zwd,q,q,q850_box_mean_g_per_kg,per-timestep/per-level spatial mean,actual_vs_uniform_q,6,dec_s1_post_skip,target_box,4.739376544952393,9.511701583862305,7.66652250289917,4.772325038909912,2.9271459579467773,0.6133584644970854,-30.02252252252252,288.04529172445586,-50.02252252252252,288.04529172445586
andes_2020012000_top06_2020,andes,top06_2020,precip_large_zwd,q,q,q850_box_mean_g_per_kg,per-timestep/per-level spatial mean,actual_vs_uniform_q,6,dec_s1_post_skip,mountain_near,4.739376544952393,9.511701583862305,7.015472412109375,4.772325038909912,2.2760958671569824,0.4769364719710888,-30.02252252252252,288.04529172445586,-50.02252252252252,288.04529172445586
andes_2020012000_top06_2020,andes,top06_2020,precip_large_zwd,q,q,q850_box_mean_g_per_kg,per-timestep/per-level spatial mean,actual_vs_uniform_q,6,dec_s1_post_skip,upstream,4.739376544952393,9.511701583862305,5.871690273284912,4.772325038909912,1.1323137283325195,0.23726668219379313,-30.02252252252252,288.04529172445586,-50.02252252252252,288.04529172445586
andes_2020012000_top06_2020,andes,top06_2020,precip_large_zwd,q,q,q850_box_mean_g_per_kg,per-timestep/per-level spatial mean,actual_vs_uniform_q,6,dec_s1_post_skip,hotspot_gaussian,4.739376544952393,9.511701583862305,7.625788688659668,4.772325038909912,2.8864121437072754,0.6048230412165274,-30.02252252252252,288.04529172445586,-50.02252252252252,288.04529172445586
andes_2020012000_top06_2020,andes,top06_2020,precip_large_zwd,q,q,q850_box_mean_g_per_kg,per-timestep/per-level spatial mean,actual_vs_uniform_q,6,dec_s1_post_skip,low_near_gaussian,4.739376544952393,9.511701583862305,4.787659168243408,4.772325038909912,0.048282623291015625,0.010117211819680304,-30.02252252252252,288.04529172445586,-50.02252252252252,288.04529172445586
andes_2020012000_top06_2020,andes,top06_2020,precip_large_zwd,q,q,q850_box_mean_g_per_kg,per-timestep/per-level spatial mean,actual_vs_uniform_q,6,dec_s1_post_skip,remote_control,4.739376544952393,9.511701583862305,4.739902973175049,4.772325038909912,0.00052642822265625,0.00011030854318684379,-30.02252252252252,288.04529172445586,-50.02252252252252,288.04529172445586
andes_2020012000_top06_2020,andes,top06_2020,precip_large_zwd,q,q,q850_box_mean_g_per_kg,per-timestep/per-level spatial mean,actual_vs_uniform_q,6,dec_s2_pre_concat,whole,4.739376544952393,9.511701583862305,8.107319831848145,4.772325038909912,3.367943286895752,0.7057237844103453,-30.02252252252252,288.04529172445586,-50.02252252252252,288.04529172445586
andes_2020012000_top06_2020,andes,top06_2020,precip_large_zwd,q,q,q850_box_mean_g_per_kg,per-timestep/per-level spatial mean,actual_vs_uniform_q,6,dec_s2_pre_concat,target_box,4.739376544952393,9.511701583862305,7.66652250289917,4.772325038909912,2.9271459579467773,0.6133584644970854,-30.02252252252252,288.04529172445586,-50.02252252252252,288.04529172445586
andes_2020012000_top06_2020,andes,top06_2020,precip_large_zwd,q,q,q850_box_mean_g_per_kg,per-timestep/per-level spatial mean,actual_vs_uniform_q,6,dec_s2_pre_concat,mountain_near,4.739376544952393,9.511701583862305,7.015472412109375,4.772325038909912,2.2760958671569824,0.4769364719710888,-30.02252252252252,288.04529172445586,-50.02252252252252,288.04529172445586
andes_2020012000_top06_2020,andes,top06_2020,precip_large_zwd,q,q,q850_box_mean_g_per_kg,per-timestep/per-level spatial mean,actual_vs_uniform_q,6,dec_s2_pre_concat,upstream,4.739376544952393,9.511701583862305,5.871690273284912,4.772325038909912,1.1323137283325195,0.23726668219379313,-30.02252252252252,288.04529172445586,-50.02252252252252,288.04529172445586
andes_2020012000_top06_2020,andes,top06_2020,precip_large_zwd,q,q,q850_box_mean_g_per_kg,per-timestep/per-level spatial mean,actual_vs_uniform_q,6,dec_s2_pre_concat,hotspot_gaussian,4.739376544952393,9.511701583862305,7.625788688659668,4.772325038909912,2.8864121437072754,0.6048230412165274,-30.02252252252252,288.04529172445586,-50.02252252252252,288.04529172445586
andes_2020012000_top06_2020,andes,top06_2020,precip_large_zwd,q,q,q850_box_mean_g_per_kg,per-timestep/per-level spatial mean,actual_vs_uniform_q,6,dec_s2_pre_concat,low_near_gaussian,4.739376544952393,9.511701583862305,4.787659168243408,4.772325038909912,0.048282623291015625,0.010117211819680304,-30.02252252252252,288.04529172445586,-50.02252252252252,288.04529172445586
andes_2020012000_top06_2020,andes,top06_2020,precip_large_zwd,q,q,q850_box_mean_g_per_kg,per-timestep/per-level spatial mean,actual_vs_uniform_q,6,dec_s2_pre_concat,remote_control,4.739376544952393,9.511701583862305,4.739902973175049,4.772325038909912,0.00052642822265625,0.00011030854318684379,-30.02252252252252,288.04529172445586,-50.02252252252252,288.04529172445586
andes_2020012000_top06_2020,andes,top06_2020,precip_large_zwd,q,q,q850_box_mean_g_per_kg,per-timestep/per-level spatial mean,actual_vs_uniform_q,6,dec_s2_post_concat,whole,4.739376544952393,9.511701583862305,9.511603355407715,4.772325038909912,4.772226810455322,0.9999794170653111,-30.02252252252252,288.04529172445586,-50.02252252252252,288.04529172445586
andes_2020012000_top06_2020,andes,top06_2020,precip_large_zwd,q,q,q850_box_mean_g_per_kg,per-timestep/per-level spatial mean,actual_vs_uniform_q,6,dec_s2_post_concat,target_box,4.739376544952393,9.511701583862305,8.890789031982422,4.772325038909912,4.151412487030029,0.8698930716542914,-30.02252252252252,288.04529172445586,-50.02252252252252,288.04529172445586
andes_2020012000_top06_2020,andes,top06_2020,precip_large_zwd,q,q,q850_box_mean_g_per_kg,per-timestep/per-level spatial mean,actual_vs_uniform_q,6,dec_s2_post_concat,mountain_near,4.739376544952393,9.511701583862305,8.006966590881348,4.772325038909912,3.267590045928955,0.6846956188624012,-30.02252252252252,288.04529172445586,-50.02252252252252,288.04529172445586
andes_2020012000_top06_2020,andes,top06_2020,precip_large_zwd,q,q,q850_box_mean_g_per_kg,per-timestep/per-level spatial mean,actual_vs_uniform_q,6,dec_s2_post_concat,upstream,4.739376544952393,9.511701583862305,6.365101337432861,4.772325038909912,1.6257247924804688,0.3406567614790577,-30.02252252252252,288.04529172445586,-50.02252252252252,288.04529172445586
andes_2020012000_top06_2020,andes,top06_2020,precip_large_zwd,q,q,q850_box_mean_g_per_kg,per-timestep/per-level spatial mean,actual_vs_uniform_q,6,dec_s2_post_concat,hotspot_gaussian,4.739376544952393,9.511701583862305,8.835997581481934,4.772325038909912,4.096621036529541,0.8584119906185781,-30.02252252252252,288.04529172445586,-50.02252252252252,288.04529172445586
andes_2020012000_top06_2020,andes,top06_2020,precip_large_zwd,q,q,q850_box_mean_g_per_kg,per-timestep/per-level spatial mean,actual_vs_uniform_q,6,dec_s2_post_concat,low_near_gaussian,4.739376544952393,9.511701583862305,4.806051254272461,4.772325038909912,0.06667470932006836,0.013971116547270658,-30.02252252252252,288.04529172445586,-50.02252252252252,288.04529172445586
andes_2020012000_top06_2020,andes,top06_2020,precip_large_zwd,q,q,q850_box_mean_g_per_kg,per-timestep/per-level spatial mean,actual_vs_uniform_q,6,dec_s2_post_concat,remote_control,4.739376544952393,9.511701583862305,4.7394633293151855,4.772325038909912,8.678436279296875e-05,1.8184922880439828e-05,-30.02252252252252,288.04529172445586,-50.02252252252252,288.04529172445586
andes_2020012000_top06_2020,andes,top06_2020,precip_large_zwd,q,q,q850_box_mean_g_per_kg,per-timestep/per-level spatial mean,actual_vs_uniform_q,12,enc_s0_skip,whole,4.858088970184326,9.02610969543457,7.418755054473877,4.168020725250244,2.560666084289551,0.6143602090980032,-30.02252252252252,288.04529172445586,-50.02252252252252,288.04529172445586
andes_2020012000_top06_2020,andes,top06_2020,precip_large_zwd,q,q,q850_box_mean_g_per_kg,per-timestep/per-level spatial mean,actual_vs_uniform_q,12,enc_s0_skip,target_box,4.858088970184326,9.02610969543457,6.746856689453125,4.168020725250244,1.8887677192687988,0.45315698835816104,-30.02252252252252,288.04529172445586,-50.02252252252252,288.04529172445586
andes_2020012000_top06_2020,andes,top06_2020,precip_large_zwd,q,q,q850_box_mean_g_per_kg,per-timestep/per-level spatial mean,actual_vs_uniform_q,12,enc_s0_skip,mountain_near,4.858088970184326,9.02610969543457,6.679512023925781,4.168020725250244,1.821423053741455,0.43699951938988946,-30.02252252252252,288.04529172445586,-50.02252252252252,288.04529172445586
andes_2020012000_top06_2020,andes,top06_2020,precip_large_zwd,q,q,q850_box_mean_g_per_kg,per-timestep/per-level spatial mean,actual_vs_uniform_q,12,enc_s0_skip,upstream,4.858088970184326,9.02610969543457,5.704005718231201,4.168020725250244,0.845916748046875,0.202954064724831,-30.02252252252252,288.04529172445586,-50.02252252252252,288.04529172445586
andes_2020012000_top06_2020,andes,top06_2020,precip_large_zwd,q,q,q850_box_mean_g_per_kg,per-timestep/per-level spatial mean,actual_vs_uniform_q,12,enc_s0_skip,hotspot_gaussian,4.858088970184326,9.02610969543457,7.055981636047363,4.168020725250244,2.197892665863037,0.527322873551949,-30.02252252252252,288.04529172445586,-50.02252252252252,288.04529172445586
andes_2020012000_top06_2020,andes,top06_2020,precip_large_zwd,q,q,q850_box_mean_g_per_kg,per-timestep/per-level spatial mean,actual_vs_uniform_q,12,enc_s0_skip,low_near_gaussian,4.858088970184326,9.02610969543457,4.898741722106934,4.168020725250244,0.04065275192260742,0.009753490829911041,-30.02252252252252,288.04529172445586,-50.02252252252252,288.04529172445586
andes_2020012000_top06_2020,andes,top06_2020,precip_large_zwd,q,q,q850_box_mean_g_per_kg,per-timestep/per-level spatial mean,actual_vs_uniform_q,12,enc_s0_skip,remote_control,4.858088970184326,9.02610969543457,4.863291263580322,4.168020725250244,0.005202293395996094,0.0012481448003557499,-30.02252252252252,288.04529172445586,-50.02252252252252,288.04529172445586
andes_2020012000_top06_2020,andes,top06_2020,precip_large_zwd,q,q,q850_box_mean_g_per_kg,per-timestep/per-level spatial mean,actual_vs_uniform_q,12,enc_s1_skip,whole,4.858088970184326,9.02610969543457,4.858088970184326,4.168020725250244,0.0,0.0,-30.02252252252252,288.04529172445586,-50.02252252252252,288.04529172445586
andes_2020012000_top06_2020,andes,top06_2020,precip_large_zwd,q,q,q850_box_mean_g_per_kg,per-timestep/per-level spatial mean,actual_vs_uniform_q,12,enc_s1_skip,target_box,4.858088970184326,9.02610969543457,4.858088970184326,4.168020725250244,0.0,0.0,-30.02252252252252,288.04529172445586,-50.02252252252252,288.04529172445586
andes_2020012000_top06_2020,andes,top06_2020,precip_large_zwd,q,q,q850_box_mean_g_per_kg,per-timestep/per-level spatial mean,actual_vs_uniform_q,12,enc_s1_skip,mountain_near,4.858088970184326,9.02610969543457,4.858088970184326,4.168020725250244,0.0,0.0,-30.02252252252252,288.04529172445586,-50.02252252252252,288.04529172445586
andes_2020012000_top06_2020,andes,top06_2020,precip_large_zwd,q,q,q850_box_mean_g_per_kg,per-timestep/per-level spatial mean,actual_vs_uniform_q,12,enc_s1_skip,upstream,4.858088970184326,9.02610969543457,4.858088970184326,4.168020725250244,0.0,0.0,-30.02252252252252,288.04529172445586,-50.02252252252252,288.04529172445586
andes_2020012000_top06_2020,andes,top06_2020,precip_large_zwd,q,q,q850_box_mean_g_per_kg,per-timestep/per-level spatial mean,actual_vs_uniform_q,12,enc_s1_skip,hotspot_gaussian,4.858088970184326,9.02610969543457,4.858088970184326,4.168020725250244,0.0,0.0,-30.02252252252252,288.04529172445586,-50.02252252252252,288.04529172445586
andes_2020012000_top06_2020,andes,top06_2020,precip_large_zwd,q,q,q850_box_mean_g_per_kg,per-timestep/per-level spatial mean,actual_vs_uniform_q,12,enc_s1_skip,low_near_gaussian,4.858088970184326,9.02610969543457,4.858088970184326,4.168020725250244,0.0,0.0,-30.02252252252252,288.04529172445586,-50.02252252252252,288.04529172445586
andes_2020012000_top06_2020,andes,top06_2020,precip_large_zwd,q,q,q850_box_mean_g_per_kg,per-timestep/per-level spatial mean,actual_vs_uniform_q,12,enc_s1_skip,remote_control,4.858088970184326,9.02610969543457,4.858088970184326,4.168020725250244,0.0,0.0,-30.02252252252252,288.04529172445586,-50.02252252252252,288.04529172445586
andes_2020012000_top06_2020,andes,top06_2020,precip_large_zwd,q,q,q850_box_mean_g_per_kg,per-timestep/per-level spatial mean,actual_vs_uniform_q,12,enc_s2_bottleneck,whole,4.858088970184326,9.02610969543457,6.438014030456543,4.168020725250244,1.5799250602722168,0.37905883017828795,-30.02252252252252,288.04529172445586,-50.02252252252252,288.04529172445586
andes_2020012000_top06_2020,andes,top06_2020,precip_large_zwd,q,q,q850_box_mean_g_per_kg,per-timestep/per-level spatial mean,actual_vs_uniform_q,12,enc_s2_bottleneck,target_box,4.858088970184326,9.02610969543457,5.706655502319336,4.168020725250244,0.8485665321350098,0.2035898063064604,-30.02252252252252,288.04529172445586,-50.02252252252252,288.04529172445586
andes_2020012000_top06_2020,andes,top06_2020,precip_large_zwd,q,q,q850_box_mean_g_per_kg,per-timestep/per-level spatial mean,actual_vs_uniform_q,12,enc_s2_bottleneck,mountain_near,4.858088970184326,9.02610969543457,5.910155773162842,4.168020725250244,1.0520668029785156,0.2524140047109172,-30.02252252252252,288.04529172445586,-50.02252252252252,288.04529172445586
andes_2020012000_top06_2020,andes,top06_2020,precip_large_zwd,q,q,q850_box_mean_g_per_kg,per-timestep/per-level spatial mean,actual_vs_uniform_q,12,enc_s2_bottleneck,upstream,4.858088970184326,9.02610969543457,5.3499650955200195,4.168020725250244,0.49187612533569336,0.11801191926802657,-30.02252252252252,288.04529172445586,-50.02252252252252,288.04529172445586
andes_2020012000_top06_2020,andes,top06_2020,precip_large_zwd,q,q,q850_box_mean_g_per_kg,per-timestep/per-level spatial mean,actual_vs_uniform_q,12,enc_s2_bottleneck,hotspot_gaussian,4.858088970184326,9.02610969543457,6.1886773109436035,4.168020725250244,1.3305883407592773,0.31923745788941343,-30.02252252252252,288.04529172445586,-50.02252252252252,288.04529172445586
andes_2020012000_top06_2020,andes,top06_2020,precip_large_zwd,q,q,q850_box_mean_g_per_kg,per-timestep/per-level spatial mean,actual_vs_uniform_q,12,enc_s2_bottleneck,low_near_gaussian,4.858088970184326,9.02610969543457,4.8952484130859375,4.168020725250244,0.03715944290161133,0.008915369032715236,-30.02252252252252,288.04529172445586,-50.02252252252252,288.04529172445586
andes_2020012000_top06_2020,andes,top06_2020,precip_large_zwd,q,q,q850_box_mean_g_per_kg,per-timestep/per-level spatial mean,actual_vs_uniform_q,12,enc_s2_bottleneck,remote_control,4.858088970184326,9.02610969543457,4.85792350769043,4.168020725250244,-0.00016546249389648438,-3.9698097683175545e-05,-30.02252252252252,288.04529172445586,-50.02252252252252,288.04529172445586
andes_2020012000_top06_2020,andes,top06_2020,precip_large_zwd,q,q,q850_box_mean_g_per_kg,per-timestep/per-level spatial mean,actual_vs_uniform_q,12,dec_s0_pre_skip,whole,4.858088970184326,9.02610969543457,6.438014030456543,4.168020725250244,1.5799250602722168,0.37905883017828795,-30.02252252252252,288.04529172445586,-50.02252252252252,288.04529172445586
andes_2020012000_top06_2020,andes,top06_2020,precip_large_zwd,q,q,q850_box_mean_g_per_kg,per-timestep/per-level spatial mean,actual_vs_uniform_q,12,dec_s0_pre_skip,target_box,4.858088970184326,9.02610969543457,5.706655502319336,4.168020725250244,0.8485665321350098,0.2035898063064604,-30.02252252252252,288.04529172445586,-50.02252252252252,288.04529172445586
andes_2020012000_top06_2020,andes,top06_2020,precip_large_zwd,q,q,q850_box_mean_g_per_kg,per-timestep/per-level spatial mean,actual_vs_uniform_q,12,dec_s0_pre_skip,mountain_near,4.858088970184326,9.02610969543457,5.910155773162842,4.168020725250244,1.0520668029785156,0.2524140047109172,-30.02252252252252,288.04529172445586,-50.02252252252252,288.04529172445586
andes_2020012000_top06_2020,andes,top06_2020,precip_large_zwd,q,q,q850_box_mean_g_per_kg,per-timestep/per-level spatial mean,actual_vs_uniform_q,12,dec_s0_pre_skip,upstream,4.858088970184326,9.02610969543457,5.3499650955200195,4.168020725250244,0.49187612533569336,0.11801191926802657,-30.02252252252252,288.04529172445586,-50.02252252252252,288.04529172445586
andes_2020012000_top06_2020,andes,top06_2020,precip_large_zwd,q,q,q850_box_mean_g_per_kg,per-timestep/per-level spatial mean,actual_vs_uniform_q,12,dec_s0_pre_skip,hotspot_gaussian,4.858088970184326,9.02610969543457,6.1886773109436035,4.168020725250244,1.3305883407592773,0.31923745788941343,-30.02252252252252,288.04529172445586,-50.02252252252252,288.04529172445586
andes_2020012000_top06_2020,andes,top06_2020,precip_large_zwd,q,q,q850_box_mean_g_per_kg,per-timestep/per-level spatial mean,actual_vs_uniform_q,12,dec_s0_pre_skip,low_near_gaussian,4.858088970184326,9.02610969543457,4.8952484130859375,4.168020725250244,0.03715944290161133,0.008915369032715236,-30.02252252252252,288.04529172445586,-50.02252252252252,288.04529172445586
andes_2020012000_top06_2020,andes,top06_2020,precip_large_zwd,q,q,q850_box_mean_g_per_kg,per-timestep/per-level spatial mean,actual_vs_uniform_q,12,dec_s0_pre_skip,remote_control,4.858088970184326,9.02610969543457,4.85792350769043,4.168020725250244,-0.00016546249389648438,-3.9698097683175545e-05,-30.02252252252252,288.04529172445586,-50.02252252252252,288.04529172445586
andes_2020012000_top06_2020,andes,top06_2020,precip_large_zwd,q,q,q850_box_mean_g_per_kg,per-timestep/per-level spatial mean,actual_vs_uniform_q,12,dec_s1_pre_skip,whole,4.858088970184326,9.02610969543457,6.434983730316162,4.168020725250244,1.576894760131836,0.3783317944123612,-30.02252252252252,288.04529172445586,-50.02252252252252,288.04529172445586
andes_2020012000_top06_2020,andes,top06_2020,precip_large_zwd,q,q,q850_box_mean_g_per_kg,per-timestep/per-level spatial mean,actual_vs_uniform_q,12,dec_s1_pre_skip,target_box,4.858088970184326,9.02610969543457,5.81699275970459,4.168020725250244,0.9589037895202637,0.23006214525545382,-30.02252252252252,288.04529172445586,-50.02252252252252,288.04529172445586
andes_2020012000_top06_2020,andes,top06_2020,precip_large_zwd,q,q,q850_box_mean_g_per_kg,per-timestep/per-level spatial mean,actual_vs_uniform_q,12,dec_s1_pre_skip,mountain_near,4.858088970184326,9.02610969543457,5.92332649230957,4.168020725250244,1.0652375221252441,0.25557395040575004,-30.02252252252252,288.04529172445586,-50.02252252252252,288.04529172445586
andes_2020012000_top06_2020,andes,top06_2020,precip_large_zwd,q,q,q850_box_mean_g_per_kg,per-timestep/per-level spatial mean,actual_vs_uniform_q,12,dec_s1_pre_skip,upstream,4.858088970184326,9.02610969543457,5.44863748550415,4.168020725250244,0.5905485153198242,0.14168559953222598,-30.02252252252252,288.04529172445586,-50.02252252252252,288.04529172445586
andes_2020012000_top06_2020,andes,top06_2020,precip_large_zwd,q,q,q850_box_mean_g_per_kg,per-timestep/per-level spatial mean,actual_vs_uniform_q,12,dec_s1_pre_skip,hotspot_gaussian,4.858088970184326,9.02610969543457,6.297978401184082,4.168020725250244,1.4398894309997559,0.3454611975119932,-30.02252252252252,288.04529172445586,-50.02252252252252,288.04529172445586
andes_2020012000_top06_2020,andes,top06_2020,precip_large_zwd,q,q,q850_box_mean_g_per_kg,per-timestep/per-level spatial mean,actual_vs_uniform_q,12,dec_s1_pre_skip,low_near_gaussian,4.858088970184326,9.02610969543457,4.887374401092529,4.168020725250244,0.029285430908203125,0.0070262200787029085,-30.02252252252252,288.04529172445586,-50.02252252252252,288.04529172445586
andes_2020012000_top06_2020,andes,top06_2020,precip_large_zwd,q,q,q850_box_mean_g_per_kg,per-timestep/per-level spatial mean,actual_vs_uniform_q,12,dec_s1_pre_skip,remote_control,4.858088970184326,9.02610969543457,4.8574323654174805,4.168020725250244,-0.0006566047668457031,-0.00015753394959577155,-30.02252252252252,288.04529172445586,-50.02252252252252,288.04529172445586
andes_2020012000_top06_2020,andes,top06_2020,precip_large_zwd,q,q,q850_box_mean_g_per_kg,per-timestep/per-level spatial mean,actual_vs_uniform_q,12,dec_s1_post_skip,whole,4.858088970184326,9.02610969543457,7.776161193847656,4.168020725250244,2.91807222366333,0.7001098161497582,-30.02252252252252,288.04529172445586,-50.02252252252252,288.04529172445586
andes_2020012000_top06_2020,andes,top06_2020,precip_large_zwd,q,q,q850_box_mean_g_per_kg,per-timestep/per-level spatial mean,actual_vs_uniform_q,12,dec_s1_post_skip,target_box,4.858088970184326,9.02610969543457,7.2440338134765625,4.168020725250244,2.3859448432922363,0.5724407340006656,-30.02252252252252,288.04529172445586,-50.02252252252252,288.04529172445586
andes_2020012000_top06_2020,andes,top06_2020,precip_large_zwd,q,q,q850_box_mean_g_per_kg,per-timestep/per-level spatial mean,actual_vs_uniform_q,12,dec_s1_post_skip,mountain_near,4.858088970184326,9.02610969543457,6.983511447906494,4.168020725250244,2.125422477722168,0.5099356787854167,-30.02252252252252,288.04529172445586,-50.02252252252252,288.04529172445586
andes_2020012000_top06_2020,andes,top06_2020,precip_large_zwd,q,q,q850_box_mean_g_per_kg,per-timestep/per-level spatial mean,actual_vs_uniform_q,12,dec_s1_post_skip,upstream,4.858088970184326,9.02610969543457,5.887970924377441,4.168020725250244,1.0298819541931152,0.24709137072039922,-30.02252252252252,288.04529172445586,-50.02252252252252,288.04529172445586
andes_2020012000_top06_2020,andes,top06_2020,precip_large_zwd,q,q,q850_box_mean_g_per_kg,per-timestep/per-level spatial mean,actual_vs_uniform_q,12,dec_s1_post_skip,hotspot_gaussian,4.858088970184326,9.02610969543457,7.514166831970215,4.168020725250244,2.6560778617858887,0.6372515965899906,-30.02252252252252,288.04529172445586,-50.02252252252252,288.04529172445586
andes_2020012000_top06_2020,andes,top06_2020,precip_large_zwd,q,q,q850_box_mean_g_per_kg,per-timestep/per-level spatial mean,actual_vs_uniform_q,12,dec_s1_post_skip,low_near_gaussian,4.858088970184326,9.02610969543457,4.905940532684326,4.168020725250244,0.0478515625,0.01148064408847848,-30.02252252252252,288.04529172445586,-50.02252252252252,288.04529172445586
andes_2020012000_top06_2020,andes,top06_2020,precip_large_zwd,q,q,q850_box_mean_g_per_kg,per-timestep/per-level spatial mean,actual_vs_uniform_q,12,dec_s1_post_skip,remote_control,4.858088970184326,9.02610969543457,4.8555803298950195,4.168020725250244,-0.0025086402893066406,-0.0006018780746720073,-30.02252252252252,288.04529172445586,-50.02252252252252,288.04529172445586
andes_2020012000_top06_2020,andes,top06_2020,precip_large_zwd,q,q,q850_box_mean_g_per_kg,per-timestep/per-level spatial mean,actual_vs_uniform_q,12,dec_s2_pre_concat,whole,4.858088970184326,9.02610969543457,7.776161193847656,4.168020725250244,2.91807222366333,0.7001098161497582,-30.02252252252252,288.04529172445586,-50.02252252252252,288.04529172445586
andes_2020012000_top06_2020,andes,top06_2020,precip_large_zwd,q,q,q850_box_mean_g_per_kg,per-timestep/per-level spatial mean,actual_vs_uniform_q,12,dec_s2_pre_concat,target_box,4.858088970184326,9.02610969543457,7.2440338134765625,4.168020725250244,2.3859448432922363,0.5724407340006656,-30.02252252252252,288.04529172445586,-50.02252252252252,288.04529172445586
andes_2020012000_top06_2020,andes,top06_2020,precip_large_zwd,q,q,q850_box_mean_g_per_kg,per-timestep/per-level spatial mean,actual_vs_uniform_q,12,dec_s2_pre_concat,mountain_near,4.858088970184326,9.02610969543457,6.983511447906494,4.168020725250244,2.125422477722168,0.5099356787854167,-30.02252252252252,288.04529172445586,-50.02252252252252,288.04529172445586
andes_2020012000_top06_2020,andes,top06_2020,precip_large_zwd,q,q,q850_box_mean_g_per_kg,per-timestep/per-level spatial mean,actual_vs_uniform_q,12,dec_s2_pre_concat,upstream,4.858088970184326,9.02610969543457,5.887970924377441,4.168020725250244,1.0298819541931152,0.24709137072039922,-30.02252252252252,288.04529172445586,-50.02252252252252,288.04529172445586
andes_2020012000_top06_2020,andes,top06_2020,precip_large_zwd,q,q,q850_box_mean_g_per_kg,per-timestep/per-level spatial mean,actual_vs_uniform_q,12,dec_s2_pre_concat,hotspot_gaussian,4.858088970184326,9.02610969543457,7.514166831970215,4.168020725250244,2.6560778617858887,0.6372515965899906,-30.02252252252252,288.04529172445586,-50.02252252252252,288.04529172445586
andes_2020012000_top06_2020,andes,top06_2020,precip_large_zwd,q,q,q850_box_mean_g_per_kg,per-timestep/per-level spatial mean,actual_vs_uniform_q,12,dec_s2_pre_concat,low_near_gaussian,4.858088970184326,9.02610969543457,4.905940532684326,4.168020725250244,0.0478515625,0.01148064408847848,-30.02252252252252,288.04529172445586,-50.02252252252252,288.04529172445586
andes_2020012000_top06_2020,andes,top06_2020,precip_large_zwd,q,q,q850_box_mean_g_per_kg,per-timestep/per-level spatial mean,actual_vs_uniform_q,12,dec_s2_pre_concat,remote_control,4.858088970184326,9.02610969543457,4.8555803298950195,4.168020725250244,-0.0025086402893066406,-0.0006018780746720073,-30.02252252252252,288.04529172445586,-50.02252252252252,288.04529172445586
andes_2020012000_top06_2020,andes,top06_2020,precip_large_zwd,q,q,q850_box_mean_g_per_kg,per-timestep/per-level spatial mean,actual_vs_uniform_q,12,dec_s2_post_concat,whole,4.858088970184326,9.02610969543457,8.871240615844727,4.168020725250244,4.0131516456604,0.9628434957984655,-30.02252252252252,288.04529172445586,-50.02252252252252,288.04529172445586
andes_2020012000_top06_2020,andes,top06_2020,precip_large_zwd,q,q,q850_box_mean_g_per_kg,per-timestep/per-level spatial mean,actual_vs_uniform_q,12,dec_s2_post_concat,target_box,4.858088970184326,9.02610969543457,8.121224403381348,4.168020725250244,3.2631354331970215,0.782898082398836,-30.02252252252252,288.04529172445586,-50.02252252252252,288.04529172445586
andes_2020012000_top06_2020,andes,top06_2020,precip_large_zwd,q,q,q850_box_mean_g_per_kg,per-timestep/per-level spatial mean,actual_vs_uniform_q,12,dec_s2_post_concat,mountain_near,4.858088970184326,9.02610969543457,7.78985071182251,4.168020725250244,2.9317617416381836,0.7033942331134074,-30.02252252252252,288.04529172445586,-50.02252252252252,288.04529172445586
andes_2020012000_top06_2020,andes,top06_2020,precip_large_zwd,q,q,q850_box_mean_g_per_kg,per-timestep/per-level spatial mean,actual_vs_uniform_q,12,dec_s2_post_concat,upstream,4.858088970184326,9.02610969543457,6.279782772064209,4.168020725250244,1.4216938018798828,0.34109566520798085,-30.02252252252252,288.04529172445586,-50.02252252252252,288.04529172445586
andes_2020012000_top06_2020,andes,top06_2020,precip_large_zwd,q,q,q850_box_mean_g_per_kg,per-timestep/per-level spatial mean,actual_vs_uniform_q,12,dec_s2_post_concat,hotspot_gaussian,4.858088970184326,9.02610969543457,8.504617691040039,4.168020725250244,3.646528720855713,0.8748825788616439,-30.02252252252252,288.04529172445586,-50.02252252252252,288.04529172445586
andes_2020012000_top06_2020,andes,top06_2020,precip_large_zwd,q,q,q850_box_mean_g_per_kg,per-timestep/per-level spatial mean,actual_vs_uniform_q,12,dec_s2_post_concat,low_near_gaussian,4.858088970184326,9.02610969543457,4.921505928039551,4.168020725250244,0.06341695785522461,0.015215125364190006,-30.02252252252252,288.04529172445586,-50.02252252252252,288.04529172445586
andes_2020012000_top06_2020,andes,top06_2020,precip_large_zwd,q,q,q850_box_mean_g_per_kg,per-timestep/per-level spatial mean,actual_vs_uniform_q,12,dec_s2_post_concat,remote_control,4.858088970184326,9.02610969543457,4.851512432098389,4.168020725250244,-0.0065765380859375,-0.0015778563782315768,-30.02252252252252,288.04529172445586,-50.02252252252252,288.04529172445586
andes_2020012000_top06_2020,andes,top06_2020,precip_large_zwd,q,q,q850_box_mean_g_per_kg,per-timestep/per-level spatial mean,actual_vs_uniform_q,24,enc_s0_skip,whole,6.110093593597412,8.470154762268066,7.769374847412109,2.3600611686706543,1.6592812538146973,0.7030670542955955,-30.02252252252252,288.04529172445586,-50.02252252252252,288.04529172445586
andes_2020012000_top06_2020,andes,top06_2020,precip_large_zwd,q,q,q850_box_mean_g_per_kg,per-timestep/per-level spatial mean,actual_vs_uniform_q,24,enc_s0_skip,target_box,6.110093593597412,8.470154762268066,7.134792327880859,2.3600611686706543,1.0246987342834473,0.4341831253723931,-30.02252252252252,288.04529172445586,-50.02252252252252,288.04529172445586
andes_2020012000_top06_2020,andes,top06_2020,precip_large_zwd,q,q,q850_box_mean_g_per_kg,per-timestep/per-level spatial mean,actual_vs_uniform_q,24,enc_s0_skip,mountain_near,6.110093593597412,8.470154762268066,6.984304904937744,2.3600611686706543,0.874211311340332,0.37041892089294737,-30.02252252252252,288.04529172445586,-50.02252252252252,288.04529172445586
andes_2020012000_top06_2020,andes,top06_2020,precip_large_zwd,q,q,q850_box_mean_g_per_kg,per-timestep/per-level spatial mean,actual_vs_uniform_q,24,enc_s0_skip,upstream,6.110093593597412,8.470154762268066,6.660582542419434,2.3600611686706543,0.5504889488220215,0.23325198352045,-30.02252252252252,288.04529172445586,-50.02252252252252,288.04529172445586
andes_2020012000_top06_2020,andes,top06_2020,precip_large_zwd,q,q,q850_box_mean_g_per_kg,per-timestep/per-level spatial mean,actual_vs_uniform_q,24,enc_s0_skip,hotspot_gaussian,6.110093593597412,8.470154762268066,7.595532417297363,2.3600611686706543,1.4854388236999512,0.629406916828622,-30.02252252252252,288.04529172445586,-50.02252252252252,288.04529172445586
andes_2020012000_top06_2020,andes,top06_2020,precip_large_zwd,q,q,q850_box_mean_g_per_kg,per-timestep/per-level spatial mean,actual_vs_uniform_q,24,enc_s0_skip,low_near_gaussian,6.110093593597412,8.470154762268066,6.14727258682251,2.3600611686706543,0.037178993225097656,0.015753402377294896,-30.02252252252252,288.04529172445586,-50.02252252252252,288.04529172445586
andes_2020012000_top06_2020,andes,top06_2020,precip_large_zwd,q,q,q850_box_mean_g_per_kg,per-timestep/per-level spatial mean,actual_vs_uniform_q,24,enc_s0_skip,remote_control,6.110093593597412,8.470154762268066,6.110522747039795,2.3600611686706543,0.0004291534423828125,0.00018183996587874061,-30.02252252252252,288.04529172445586,-50.02252252252252,288.04529172445586
andes_2020012000_top06_2020,andes,top06_2020,precip_large_zwd,q,q,q850_box_mean_g_per_kg,per-timestep/per-level spatial mean,actual_vs_uniform_q,24,enc_s1_skip,whole,6.110093593597412,8.470154762268066,6.110093593597412,2.3600611686706543,0.0,0.0,-30.02252252252252,288.04529172445586,-50.02252252252252,288.04529172445586
andes_2020012000_top06_2020,andes,top06_2020,precip_large_zwd,q,q,q850_box_mean_g_per_kg,per-timestep/per-level spatial mean,actual_vs_uniform_q,24,enc_s1_skip,target_box,6.110093593597412,8.470154762268066,6.110093593597412,2.3600611686706543,0.0,0.0,-30.02252252252252,288.04529172445586,-50.02252252252252,288.04529172445586
andes_2020012000_top06_2020,andes,top06_2020,precip_large_zwd,q,q,q850_box_mean_g_per_kg,per-timestep/per-level spatial mean,actual_vs_uniform_q,24,enc_s1_skip,mountain_near,6.110093593597412,8.470154762268066,6.110093593597412,2.3600611686706543,0.0,0.0,-30.02252252252252,288.04529172445586,-50.02252252252252,288.04529172445586
andes_2020012000_top06_2020,andes,top06_2020,precip_large_zwd,q,q,q850_box_mean_g_per_kg,per-timestep/per-level spatial mean,actual_vs_uniform_q,24,enc_s1_skip,upstream,6.110093593597412,8.470154762268066,6.110093593597412,2.3600611686706543,0.0,0.0,-30.02252252252252,288.04529172445586,-50.02252252252252,288.04529172445586
andes_2020012000_top06_2020,andes,top06_2020,precip_large_zwd,q,q,q850_box_mean_g_per_kg,per-timestep/per-level spatial mean,actual_vs_uniform_q,24,enc_s1_skip,hotspot_gaussian,6.110093593597412,8.470154762268066,6.110093593597412,2.3600611686706543,0.0,0.0,-30.02252252252252,288.04529172445586,-50.02252252252252,288.04529172445586
andes_2020012000_top06_2020,andes,top06_2020,precip_large_zwd,q,q,q850_box_mean_g_per_kg,per-timestep/per-level spatial mean,actual_vs_uniform_q,24,enc_s1_skip,low_near_gaussian,6.110093593597412,8.470154762268066,6.110093593597412,2.3600611686706543,0.0,0.0,-30.02252252252252,288.04529172445586,-50.02252252252252,288.04529172445586
andes_2020012000_top06_2020,andes,top06_2020,precip_large_zwd,q,q,q850_box_mean_g_per_kg,per-timestep/per-level spatial mean,actual_vs_uniform_q,24,enc_s1_skip,remote_control,6.110093593597412,8.470154762268066,6.110093593597412,2.3600611686706543,0.0,0.0,-30.02252252252252,288.04529172445586,-50.02252252252252,288.04529172445586
andes_2020012000_top06_2020,andes,top06_2020,precip_large_zwd,q,q,q850_box_mean_g_per_kg,per-timestep/per-level spatial mean,actual_vs_uniform_q,24,enc_s2_bottleneck,whole,6.110093593597412,8.470154762268066,6.665310859680176,2.3600611686706543,0.5552172660827637,0.2352554558556207,-30.02252252252252,288.04529172445586,-50.02252252252252,288.04529172445586
andes_2020012000_top06_2020,andes,top06_2020,precip_large_zwd,q,q,q850_box_mean_g_per_kg,per-timestep/per-level spatial mean,actual_vs_uniform_q,24,enc_s2_bottleneck,target_box,6.110093593597412,8.470154762268066,6.478780269622803,2.3600611686706543,0.3686866760253906,0.15621911877523914,-30.02252252252252,288.04529172445586,-50.02252252252252,288.04529172445586
andes_2020012000_top06_2020,andes,top06_2020,precip_large_zwd,q,q,q850_box_mean_g_per_kg,per-timestep/per-level spatial mean,actual_vs_uniform_q,24,enc_s2_bottleneck,mountain_near,6.110093593597412,8.470154762268066,6.545632839202881,2.3600611686706543,0.43553924560546875,0.18454574457101627,-30.02252252252252,288.04529172445586,-50.02252252252252,288.04529172445586
andes_2020012000_top06_2020,andes,top06_2020,precip_large_zwd,q,q,q850_box_mean_g_per_kg,per-timestep/per-level spatial mean,actual_vs_uniform_q,24,enc_s2_bottleneck,upstream,6.110093593597412,8.470154762268066,6.399471282958984,2.3600611686706543,0.28937768936157227,0.12261448694762828,-30.02252252252252,288.04529172445586,-50.02252252252252,288.04529172445586
andes_2020012000_top06_2020,andes,top06_2020,precip_large_zwd,q,q,q850_box_mean_g_per_kg,per-timestep/per-level spatial mean,actual_vs_uniform_q,24,enc_s2_bottleneck,hotspot_gaussian,6.110093593597412,8.470154762268066,6.650547027587891,2.3600611686706543,0.5404534339904785,0.22899975694057895,-30.02252252252252,288.04529172445586,-50.02252252252252,288.04529172445586
andes_2020012000_top06_2020,andes,top06_2020,precip_large_zwd,q,q,q850_box_mean_g_per_kg,per-timestep/per-level spatial mean,actual_vs_uniform_q,24,enc_s2_bottleneck,low_near_gaussian,6.110093593597412,8.470154762268066,6.134782791137695,2.3600611686706543,0.024689197540283203,0.010461253237003948,-30.02252252252252,288.04529172445586,-50.02252252252252,288.04529172445586
andes_2020012000_top06_2020,andes,top06_2020,precip_large_zwd,q,q,q850_box_mean_g_per_kg,per-timestep/per-level spatial mean,actual_vs_uniform_q,24,enc_s2_bottleneck,remote_control,6.110093593597412,8.470154762268066,6.101405620574951,2.3600611686706543,-0.008687973022460938,-0.003681249087011838,-30.02252252252252,288.04529172445586,-50.02252252252252,288.04529172445586
andes_2020012000_top06_2020,andes,top06_2020,precip_large_zwd,q,q,q850_box_mean_g_per_kg,per-timestep/per-level spatial mean,actual_vs_uniform_q,24,dec_s0_pre_skip,whole,6.110093593597412,8.470154762268066,6.665310859680176,2.3600611686706543,0.5552172660827637,0.2352554558556207,-30.02252252252252,288.04529172445586,-50.02252252252252,288.04529172445586
andes_2020012000_top06_2020,andes,top06_2020,precip_large_zwd,q,q,q850_box_mean_g_per_kg,per-timestep/per-level spatial mean,actual_vs_uniform_q,24,dec_s0_pre_skip,target_box,6.110093593597412,8.470154762268066,6.478780269622803,2.3600611686706543,0.3686866760253906,0.15621911877523914,-30.02252252252252,288.04529172445586,-50.02252252252252,288.04529172445586
andes_2020012000_top06_2020,andes,top06_2020,precip_large_zwd,q,q,q850_box_mean_g_per_kg,per-timestep/per-level spatial mean,actual_vs_uniform_q,24,dec_s0_pre_skip,mountain_near,6.110093593597412,8.470154762268066,6.545632839202881,2.3600611686706543,0.43553924560546875,0.18454574457101627,-30.02252252252252,288.04529172445586,-50.02252252252252,288.04529172445586
andes_2020012000_top06_2020,andes,top06_2020,precip_large_zwd,q,q,q850_box_mean_g_per_kg,per-timestep/per-level spatial mean,actual_vs_uniform_q,24,dec_s0_pre_skip,upstream,6.110093593597412,8.470154762268066,6.399471282958984,2.3600611686706543,0.28937768936157227,0.12261448694762828,-30.02252252252252,288.04529172445586,-50.02252252252252,288.04529172445586
andes_2020012000_top06_2020,andes,top06_2020,precip_large_zwd,q,q,q850_box_mean_g_per_kg,per-timestep/per-level spatial mean,actual_vs_uniform_q,24,dec_s0_pre_skip,hotspot_gaussian,6.110093593597412,8.470154762268066,6.650547027587891,2.3600611686706543,0.5404534339904785,0.22899975694057895,-30.02252252252252,288.04529172445586,-50.02252252252252,288.04529172445586
andes_2020012000_top06_2020,andes,top06_2020,precip_large_zwd,q,q,q850_box_mean_g_per_kg,per-timestep/per-level spatial mean,actual_vs_uniform_q,24,dec_s0_pre_skip,low_near_gaussian,6.110093593597412,8.470154762268066,6.134782791137695,2.3600611686706543,0.024689197540283203,0.010461253237003948,-30.02252252252252,288.04529172445586,-50.02252252252252,288.04529172445586
andes_2020012000_top06_2020,andes,top06_2020,precip_large_zwd,q,q,q850_box_mean_g_per_kg,per-timestep/per-level spatial mean,actual_vs_uniform_q,24,dec_s0_pre_skip,remote_control,6.110093593597412,8.470154762268066,6.101405620574951,2.3600611686706543,-0.008687973022460938,-0.003681249087011838,-30.02252252252252,288.04529172445586,-50.02252252252252,288.04529172445586
andes_2020012000_top06_2020,andes,top06_2020,precip_large_zwd,q,q,q850_box_mean_g_per_kg,per-timestep/per-level spatial mean,actual_vs_uniform_q,24,dec_s1_pre_skip,whole,6.110093593597412,8.470154762268066,6.662756443023682,2.3600611686706543,0.5526628494262695,0.2341731039698291,-30.02252252252252,288.04529172445586,-50.02252252252252,288.04529172445586
andes_2020012000_top06_2020,andes,top06_2020,precip_large_zwd,q,q,q850_box_mean_g_per_kg,per-timestep/per-level spatial mean,actual_vs_uniform_q,24,dec_s1_pre_skip,target_box,6.110093593597412,8.470154762268066,6.53526496887207,2.3600611686706543,0.4251713752746582,0.18015269303979245,-30.02252252252252,288.04529172445586,-50.02252252252252,288.04529172445586
andes_2020012000_top06_2020,andes,top06_2020,precip_large_zwd,q,q,q850_box_mean_g_per_kg,per-timestep/per-level spatial mean,actual_vs_uniform_q,24,dec_s1_pre_skip,mountain_near,6.110093593597412,8.470154762268066,6.470498085021973,2.3600611686706543,0.36040449142456055,0.15270980947818596,-30.02252252252252,288.04529172445586,-50.02252252252252,288.04529172445586
andes_2020012000_top06_2020,andes,top06_2020,precip_large_zwd,q,q,q850_box_mean_g_per_kg,per-timestep/per-level spatial mean,actual_vs_uniform_q,24,dec_s1_pre_skip,upstream,6.110093593597412,8.470154762268066,6.384653568267822,2.3600611686706543,0.27455997467041016,0.11633595701464843,-30.02252252252252,288.04529172445586,-50.02252252252252,288.04529172445586
andes_2020012000_top06_2020,andes,top06_2020,precip_large_zwd,q,q,q850_box_mean_g_per_kg,per-timestep/per-level spatial mean,actual_vs_uniform_q,24,dec_s1_pre_skip,hotspot_gaussian,6.110093593597412,8.470154762268066,6.742892265319824,2.3600611686706543,0.6327986717224121,0.26812808079836636,-30.02252252252252,288.04529172445586,-50.02252252252252,288.04529172445586
andes_2020012000_top06_2020,andes,top06_2020,precip_large_zwd,q,q,q850_box_mean_g_per_kg,per-timestep/per-level spatial mean,actual_vs_uniform_q,24,dec_s1_pre_skip,low_near_gaussian,6.110093593597412,8.470154762268066,6.1336774826049805,2.3600611686706543,0.02358388900756836,0.009992914302662925,-30.02252252252252,288.04529172445586,-50.02252252252252,288.04529172445586
andes_2020012000_top06_2020,andes,top06_2020,precip_large_zwd,q,q,q850_box_mean_g_per_kg,per-timestep/per-level spatial mean,actual_vs_uniform_q,24,dec_s1_pre_skip,remote_control,6.110093593597412,8.470154762268066,6.096937656402588,2.3600611686706543,-0.013155937194824219,-0.00557440517621606,-30.02252252252252,288.04529172445586,-50.02252252252252,288.04529172445586
andes_2020012000_top06_2020,andes,top06_2020,precip_large_zwd,q,q,q850_box_mean_g_per_kg,per-timestep/per-level spatial mean,actual_vs_uniform_q,24,dec_s1_post_skip,whole,6.110093593597412,8.470154762268066,7.6528120040893555,2.3600611686706543,1.5427184104919434,0.6536772991188642,-30.02252252252252,288.04529172445586,-50.02252252252252,288.04529172445586
andes_2020012000_top06_2020,andes,top06_2020,precip_large_zwd,q,q,q850_box_mean_g_per_kg,per-timestep/per-level spatial mean,actual_vs_uniform_q,24,dec_s1_post_skip,target_box,6.110093593597412,8.470154762268066,7.255963325500488,2.3600611686706543,1.1458697319030762,0.485525437693849,-30.02252252252252,288.04529172445586,-50.02252252252252,288.04529172445586
andes_2020012000_top06_2020,andes,top06_2020,precip_large_zwd,q,q,q850_box_mean_g_per_kg,per-timestep/per-level spatial mean,actual_vs_uniform_q,24,dec_s1_post_skip,mountain_near,6.110093593597412,8.470154762268066,6.9035773277282715,2.3600611686706543,0.7934837341308594,0.336213206955904,-30.02252252252252,288.04529172445586,-50.02252252252252,288.04529172445586
andes_2020012000_top06_2020,andes,top06_2020,precip_large_zwd,q,q,q850_box_mean_g_per_kg,per-timestep/per-level spatial mean,actual_vs_uniform_q,24,dec_s1_post_skip,upstream,6.110093593597412,8.470154762268066,6.638760566711426,2.3600611686706543,0.5286669731140137,0.2240056232999226,-30.02252252252252,288.04529172445586,-50.02252252252252,288.04529172445586
andes_2020012000_top06_2020,andes,top06_2020,precip_large_zwd,q,q,q850_box_mean_g_per_kg,per-timestep/per-level spatial mean,actual_vs_uniform_q,24,dec_s1_post_skip,hotspot_gaussian,6.110093593597412,8.470154762268066,7.636270999908447,2.3600611686706543,1.5261774063110352,0.6466685807006779,-30.02252252252252,288.04529172445586,-50.02252252252252,288.04529172445586
andes_2020012000_top06_2020,andes,top06_2020,precip_large_zwd,q,q,q850_box_mean_g_per_kg,per-timestep/per-level spatial mean,actual_vs_uniform_q,24,dec_s1_post_skip,low_near_gaussian,6.110093593597412,8.470154762268066,6.147568225860596,2.3600611686706543,0.037474632263183594,0.015878669909344695,-30.02252252252252,288.04529172445586,-50.02252252252252,288.04529172445586
andes_2020012000_top06_2020,andes,top06_2020,precip_large_zwd,q,q,q850_box_mean_g_per_kg,per-timestep/per-level spatial mean,actual_vs_uniform_q,24,dec_s1_post_skip,remote_control,6.110093593597412,8.470154762268066,6.103471755981445,2.3600611686706543,-0.006621837615966797,-0.0028057906735089676,-30.02252252252252,288.04529172445586,-50.02252252252252,288.04529172445586
andes_2020012000_top06_2020,andes,top06_2020,precip_large_zwd,q,q,q850_box_mean_g_per_kg,per-timestep/per-level spatial mean,actual_vs_uniform_q,24,dec_s2_pre_concat,whole,6.110093593597412,8.470154762268066,7.6528120040893555,2.3600611686706543,1.5427184104919434,0.6536772991188642,-30.02252252252252,288.04529172445586,-50.02252252252252,288.04529172445586
andes_2020012000_top06_2020,andes,top06_2020,precip_large_zwd,q,q,q850_box_mean_g_per_kg,per-timestep/per-level spatial mean,actual_vs_uniform_q,24,dec_s2_pre_concat,target_box,6.110093593597412,8.470154762268066,7.255963325500488,2.3600611686706543,1.1458697319030762,0.485525437693849,-30.02252252252252,288.04529172445586,-50.02252252252252,288.04529172445586
andes_2020012000_top06_2020,andes,top06_2020,precip_large_zwd,q,q,q850_box_mean_g_per_kg,per-timestep/per-level spatial mean,actual_vs_uniform_q,24,dec_s2_pre_concat,mountain_near,6.110093593597412,8.470154762268066,6.9035773277282715,2.3600611686706543,0.7934837341308594,0.336213206955904,-30.02252252252252,288.04529172445586,-50.02252252252252,288.04529172445586
andes_2020012000_top06_2020,andes,top06_2020,precip_large_zwd,q,q,q850_box_mean_g_per_kg,per-timestep/per-level spatial mean,actual_vs_uniform_q,24,dec_s2_pre_concat,upstream,6.110093593597412,8.470154762268066,6.638760566711426,2.3600611686706543,0.5286669731140137,0.2240056232999226,-30.02252252252252,288.04529172445586,-50.02252252252252,288.04529172445586
andes_2020012000_top06_2020,andes,top06_2020,precip_large_zwd,q,q,q850_box_mean_g_per_kg,per-timestep/per-level spatial mean,actual_vs_uniform_q,24,dec_s2_pre_concat,hotspot_gaussian,6.110093593597412,8.470154762268066,7.636270999908447,2.3600611686706543,1.5261774063110352,0.6466685807006779,-30.02252252252252,288.04529172445586,-50.02252252252252,288.04529172445586
andes_2020012000_top06_2020,andes,top06_2020,precip_large_zwd,q,q,q850_box_mean_g_per_kg,per-timestep/per-level spatial mean,actual_vs_uniform_q,24,dec_s2_pre_concat,low_near_gaussian,6.110093593597412,8.470154762268066,6.147568225860596,2.3600611686706543,0.037474632263183594,0.015878669909344695,-30.02252252252252,288.04529172445586,-50.02252252252252,288.04529172445586
andes_2020012000_top06_2020,andes,top06_2020,precip_large_zwd,q,q,q850_box_mean_g_per_kg,per-timestep/per-level spatial mean,actual_vs_uniform_q,24,dec_s2_pre_concat,remote_control,6.110093593597412,8.470154762268066,6.103471755981445,2.3600611686706543,-0.006621837615966797,-0.0028057906735089676,-30.02252252252252,288.04529172445586,-50.02252252252252,288.04529172445586
andes_2020012000_top06_2020,andes,top06_2020,precip_large_zwd,q,q,q850_box_mean_g_per_kg,per-timestep/per-level spatial mean,actual_vs_uniform_q,24,dec_s2_post_concat,whole,6.110093593597412,8.470154762268066,8.448999404907227,2.3600611686706543,2.3389058113098145,0.9910360978598042,-30.02252252252252,288.04529172445586,-50.02252252252252,288.04529172445586
andes_2020012000_top06_2020,andes,top06_2020,precip_large_zwd,q,q,q850_box_mean_g_per_kg,per-timestep/per-level spatial mean,actual_vs_uniform_q,24,dec_s2_post_concat,target_box,6.110093593597412,8.470154762268066,7.792708396911621,2.3600611686706543,1.682614803314209,0.7129538952848291,-30.02252252252252,288.04529172445586,-50.02252252252252,288.04529172445586
andes_2020012000_top06_2020,andes,top06_2020,precip_large_zwd,q,q,q850_box_mean_g_per_kg,per-timestep/per-level spatial mean,actual_vs_uniform_q,24,dec_s2_post_concat,mountain_near,6.110093593597412,8.470154762268066,7.4438557624816895,2.3600611686706543,1.3337621688842773,0.5651388135992857,-30.02252252252252,288.04529172445586,-50.02252252252252,288.04529172445586
andes_2020012000_top06_2020,andes,top06_2020,precip_large_zwd,q,q,q850_box_mean_g_per_kg,per-timestep/per-level spatial mean,actual_vs_uniform_q,24,dec_s2_post_concat,upstream,6.110093593597412,8.470154762268066,6.943451404571533,2.3600611686706543,0.8333578109741211,0.3531085643189174,-30.02252252252252,288.04529172445586,-50.02252252252252,288.04529172445586
andes_2020012000_top06_2020,andes,top06_2020,precip_large_zwd,q,q,q850_box_mean_g_per_kg,per-timestep/per-level spatial mean,actual_vs_uniform_q,24,dec_s2_post_concat,hotspot_gaussian,6.110093593597412,8.470154762268066,8.4890775680542,2.3600611686706543,2.378983974456787,1.0080179302288133,-30.02252252252252,288.04529172445586,-50.02252252252252,288.04529172445586
andes_2020012000_top06_2020,andes,top06_2020,precip_large_zwd,q,q,q850_box_mean_g_per_kg,per-timestep/per-level spatial mean,actual_vs_uniform_q,24,dec_s2_post_concat,low_near_gaussian,6.110093593597412,8.470154762268066,6.163285732269287,2.3600611686706543,0.053192138671875,0.022538457637450306,-30.02252252252252,288.04529172445586,-50.02252252252252,288.04529172445586
andes_2020012000_top06_2020,andes,top06_2020,precip_large_zwd,q,q,q850_box_mean_g_per_kg,per-timestep/per-level spatial mean,actual_vs_uniform_q,24,dec_s2_post_concat,remote_control,6.110093593597412,8.470154762268066,6.1082892417907715,2.3600611686706543,-0.001804351806640625,-0.0007645360343168383,-30.02252252252252,288.04529172445586,-50.02252252252252,288.04529172445586
great_plains_2020031912_top06_2020,great_plains,top06_2020,precip_large_zwd,q,q,q850_box_mean_g_per_kg,per-timestep/per-level spatial mean,actual_vs_uniform_q,6,enc_s0_skip,whole,4.625101089477539,7.374532699584961,6.532356262207031,2.749431610107422,1.9072551727294922,0.6936907125523936,36.47747747747748,259.5189286960998,21.47747747747748,269.5189286960998
great_plains_2020031912_top06_2020,great_plains,top06_2020,precip_large_zwd,q,q,q850_box_mean_g_per_kg,per-timestep/per-level spatial mean,actual_vs_uniform_q,6,enc_s0_skip,target_box,4.625101089477539,7.374532699584961,6.16397762298584,2.749431610107422,1.5388765335083008,0.5597071510530047,36.47747747747748,259.5189286960998,21.47747747747748,269.5189286960998
great_plains_2020031912_top06_2020,great_plains,top06_2020,precip_large_zwd,q,q,q850_box_mean_g_per_kg,per-timestep/per-level spatial mean,actual_vs_uniform_q,6,enc_s0_skip,mountain_near,4.625101089477539,7.374532699584961,4.6335062980651855,2.749431610107422,0.008405208587646484,0.003057071344036118,36.47747747747748,259.5189286960998,21.47747747747748,269.5189286960998
great_plains_2020031912_top06_2020,great_plains,top06_2020,precip_large_zwd,q,q,q850_box_mean_g_per_kg,per-timestep/per-level spatial mean,actual_vs_uniform_q,6,enc_s0_skip,upstream,4.625101089477539,7.374532699584961,5.209747314453125,2.749431610107422,0.5846462249755859,0.21264257777000806,36.47747747747748,259.5189286960998,21.47747747747748,269.5189286960998
great_plains_2020031912_top06_2020,great_plains,top06_2020,precip_large_zwd,q,q,q850_box_mean_g_per_kg,per-timestep/per-level spatial mean,actual_vs_uniform_q,6,enc_s0_skip,hotspot_gaussian,4.625101089477539,7.374532699584961,6.109395980834961,2.749431610107422,1.4842948913574219,0.539855178030571,36.47747747747748,259.5189286960998,21.47747747747748,269.5189286960998
great_plains_2020031912_top06_2020,great_plains,top06_2020,precip_large_zwd,q,q,q850_box_mean_g_per_kg,per-timestep/per-level spatial mean,actual_vs_uniform_q,6,enc_s0_skip,low_near_gaussian,4.625101089477539,7.374532699584961,4.644848823547363,2.749431610107422,0.01974773406982422,0.007182478733869166,36.47747747747748,259.5189286960998,21.47747747747748,269.5189286960998
great_plains_2020031912_top06_2020,great_plains,top06_2020,precip_large_zwd,q,q,q850_box_mean_g_per_kg,per-timestep/per-level spatial mean,actual_vs_uniform_q,6,enc_s0_skip,remote_control,4.625101089477539,7.374532699584961,4.625194549560547,2.749431610107422,9.34600830078125e-05,3.399251054808414e-05,36.47747747747748,259.5189286960998,21.47747747747748,269.5189286960998
great_plains_2020031912_top06_2020,great_plains,top06_2020,precip_large_zwd,q,q,q850_box_mean_g_per_kg,per-timestep/per-level spatial mean,actual_vs_uniform_q,6,enc_s1_skip,whole,4.625101089477539,7.374532699584961,4.625101089477539,2.749431610107422,0.0,0.0,36.47747747747748,259.5189286960998,21.47747747747748,269.5189286960998
great_plains_2020031912_top06_2020,great_plains,top06_2020,precip_large_zwd,q,q,q850_box_mean_g_per_kg,per-timestep/per-level spatial mean,actual_vs_uniform_q,6,enc_s1_skip,target_box,4.625101089477539,7.374532699584961,4.625101089477539,2.749431610107422,0.0,0.0,36.47747747747748,259.5189286960998,21.47747747747748,269.5189286960998
great_plains_2020031912_top06_2020,great_plains,top06_2020,precip_large_zwd,q,q,q850_box_mean_g_per_kg,per-timestep/per-level spatial mean,actual_vs_uniform_q,6,enc_s1_skip,mountain_near,4.625101089477539,7.374532699584961,4.625101089477539,2.749431610107422,0.0,0.0,36.47747747747748,259.5189286960998,21.47747747747748,269.5189286960998
great_plains_2020031912_top06_2020,great_plains,top06_2020,precip_large_zwd,q,q,q850_box_mean_g_per_kg,per-timestep/per-level spatial mean,actual_vs_uniform_q,6,enc_s1_skip,upstream,4.625101089477539,7.374532699584961,4.625101089477539,2.749431610107422,0.0,0.0,36.47747747747748,259.5189286960998,21.47747747747748,269.5189286960998
great_plains_2020031912_top06_2020,great_plains,top06_2020,precip_large_zwd,q,q,q850_box_mean_g_per_kg,per-timestep/per-level spatial mean,actual_vs_uniform_q,6,enc_s1_skip,hotspot_gaussian,4.625101089477539,7.374532699584961,4.625101089477539,2.749431610107422,0.0,0.0,36.47747747747748,259.5189286960998,21.47747747747748,269.5189286960998
great_plains_2020031912_top06_2020,great_plains,top06_2020,precip_large_zwd,q,q,q850_box_mean_g_per_kg,per-timestep/per-level spatial mean,actual_vs_uniform_q,6,enc_s1_skip,low_near_gaussian,4.625101089477539,7.374532699584961,4.625101089477539,2.749431610107422,0.0,0.0,36.47747747747748,259.5189286960998,21.47747747747748,269.5189286960998
great_plains_2020031912_top06_2020,great_plains,top06_2020,precip_large_zwd,q,q,q850_box_mean_g_per_kg,per-timestep/per-level spatial mean,actual_vs_uniform_q,6,enc_s1_skip,remote_control,4.625101089477539,7.374532699584961,4.625101089477539,2.749431610107422,0.0,0.0,36.47747747747748,259.5189286960998,21.47747747747748,269.5189286960998
great_plains_2020031912_top06_2020,great_plains,top06_2020,precip_large_zwd,q,q,q850_box_mean_g_per_kg,per-timestep/per-level spatial mean,actual_vs_uniform_q,6,enc_s2_bottleneck,whole,4.625101089477539,7.374532699584961,5.456574440002441,2.749431610107422,0.8314733505249023,0.30241645126514577,36.47747747747748,259.5189286960998,21.47747747747748,269.5189286960998
great_plains_2020031912_top06_2020,great_plains,top06_2020,precip_large_zwd,q,q,q850_box_mean_g_per_kg,per-timestep/per-level spatial mean,actual_vs_uniform_q,6,enc_s2_bottleneck,target_box,4.625101089477539,7.374532699584961,4.659364223480225,2.749431610107422,0.03426313400268555,0.012461897170574419,36.47747747747748,259.5189286960998,21.47747747747748,269.5189286960998
great_plains_2020031912_top06_2020,great_plains,top06_2020,precip_large_zwd,q,q,q850_box_mean_g_per_kg,per-timestep/per-level spatial mean,actual_vs_uniform_q,6,enc_s2_bottleneck,mountain_near,4.625101089477539,7.374532699584961,4.723121643066406,2.749431610107422,0.09802055358886719,0.035651206317889636,36.47747747747748,259.5189286960998,21.47747747747748,269.5189286960998
great_plains_2020031912_top06_2020,great_plains,top06_2020,precip_large_zwd,q,q,q850_box_mean_g_per_kg,per-timestep/per-level spatial mean,actual_vs_uniform_q,6,enc_s2_bottleneck,upstream,4.625101089477539,7.374532699584961,5.247164249420166,2.749431610107422,0.622063159942627,0.22625154874040404,36.47747747747748,259.5189286960998,21.47747747747748,269.5189286960998
great_plains_2020031912_top06_2020,great_plains,top06_2020,precip_large_zwd,q,q,q850_box_mean_g_per_kg,per-timestep/per-level spatial mean,actual_vs_uniform_q,6,enc_s2_bottleneck,hotspot_gaussian,4.625101089477539,7.374532699584961,5.485714435577393,2.749431610107422,0.8606133460998535,0.3130150038779211,36.47747747747748,259.5189286960998,21.47747747747748,269.5189286960998
great_plains_2020031912_top06_2020,great_plains,top06_2020,precip_large_zwd,q,q,q850_box_mean_g_per_kg,per-timestep/per-level spatial mean,actual_vs_uniform_q,6,enc_s2_bottleneck,low_near_gaussian,4.625101089477539,7.374532699584961,4.63870096206665,2.749431610107422,0.013599872589111328,0.00494643057827504,36.47747747747748,259.5189286960998,21.47747747747748,269.5189286960998
great_plains_2020031912_top06_2020,great_plains,top06_2020,precip_large_zwd,q,q,q850_box_mean_g_per_kg,per-timestep/per-level spatial mean,actual_vs_uniform_q,6,enc_s2_bottleneck,remote_control,4.625101089477539,7.374532699584961,4.636654376983643,2.749431610107422,0.011553287506103516,0.004202063969742503,36.47747747747748,259.5189286960998,21.47747747747748,269.5189286960998
great_plains_2020031912_top06_2020,great_plains,top06_2020,precip_large_zwd,q,q,q850_box_mean_g_per_kg,per-timestep/per-level spatial mean,actual_vs_uniform_q,6,dec_s0_pre_skip,whole,4.625101089477539,7.374532699584961,5.456574440002441,2.749431610107422,0.8314733505249023,0.30241645126514577,36.47747747747748,259.5189286960998,21.47747747747748,269.5189286960998
great_plains_2020031912_top06_2020,great_plains,top06_2020,precip_large_zwd,q,q,q850_box_mean_g_per_kg,per-timestep/per-level spatial mean,actual_vs_uniform_q,6,dec_s0_pre_skip,target_box,4.625101089477539,7.374532699584961,4.659364223480225,2.749431610107422,0.03426313400268555,0.012461897170574419,36.47747747747748,259.5189286960998,21.47747747747748,269.5189286960998
great_plains_2020031912_top06_2020,great_plains,top06_2020,precip_large_zwd,q,q,q850_box_mean_g_per_kg,per-timestep/per-level spatial mean,actual_vs_uniform_q,6,dec_s0_pre_skip,mountain_near,4.625101089477539,7.374532699584961,4.723121643066406,2.749431610107422,0.09802055358886719,0.035651206317889636,36.47747747747748,259.5189286960998,21.47747747747748,269.5189286960998
great_plains_2020031912_top06_2020,great_plains,top06_2020,precip_large_zwd,q,q,q850_box_mean_g_per_kg,per-timestep/per-level spatial mean,actual_vs_uniform_q,6,dec_s0_pre_skip,upstream,4.625101089477539,7.374532699584961,5.247164249420166,2.749431610107422,0.622063159942627,0.22625154874040404,36.47747747747748,259.5189286960998,21.47747747747748,269.5189286960998
great_plains_2020031912_top06_2020,great_plains,top06_2020,precip_large_zwd,q,q,q850_box_mean_g_per_kg,per-timestep/per-level spatial mean,actual_vs_uniform_q,6,dec_s0_pre_skip,hotspot_gaussian,4.625101089477539,7.374532699584961,5.485714435577393,2.749431610107422,0.8606133460998535,0.3130150038779211,36.47747747747748,259.5189286960998,21.47747747747748,269.5189286960998
great_plains_2020031912_top06_2020,great_plains,top06_2020,precip_large_zwd,q,q,q850_box_mean_g_per_kg,per-timestep/per-level spatial mean,actual_vs_uniform_q,6,dec_s0_pre_skip,low_near_gaussian,4.625101089477539,7.374532699584961,4.63870096206665,2.749431610107422,0.013599872589111328,0.00494643057827504,36.47747747747748,259.5189286960998,21.47747747747748,269.5189286960998
great_plains_2020031912_top06_2020,great_plains,top06_2020,precip_large_zwd,q,q,q850_box_mean_g_per_kg,per-timestep/per-level spatial mean,actual_vs_uniform_q,6,dec_s0_pre_skip,remote_control,4.625101089477539,7.374532699584961,4.636654376983643,2.749431610107422,0.011553287506103516,0.004202063969742503,36.47747747747748,259.5189286960998,21.47747747747748,269.5189286960998
great_plains_2020031912_top06_2020,great_plains,top06_2020,precip_large_zwd,q,q,q850_box_mean_g_per_kg,per-timestep/per-level spatial mean,actual_vs_uniform_q,6,dec_s1_pre_skip,whole,4.625101089477539,7.374532699584961,5.462707996368408,2.749431610107422,0.8376069068908691,0.3046472964854519,36.47747747747748,259.5189286960998,21.47747747747748,269.5189286960998
great_plains_2020031912_top06_2020,great_plains,top06_2020,precip_large_zwd,q,q,q850_box_mean_g_per_kg,per-timestep/per-level spatial mean,actual_vs_uniform_q,6,dec_s1_pre_skip,target_box,4.625101089477539,7.374532699584961,4.682788848876953,2.749431610107422,0.05768775939941406,0.02098170370462867,36.47747747747748,259.5189286960998,21.47747747747748,269.5189286960998
great_plains_2020031912_top06_2020,great_plains,top06_2020,precip_large_zwd,q,q,q850_box_mean_g_per_kg,per-timestep/per-level spatial mean,actual_vs_uniform_q,6,dec_s1_pre_skip,mountain_near,4.625101089477539,7.374532699584961,4.717682361602783,2.749431610107422,0.09258127212524414,0.03367287689022639,36.47747747747748,259.5189286960998,21.47747747747748,269.5189286960998
great_plains_2020031912_top06_2020,great_plains,top06_2020,precip_large_zwd,q,q,q850_box_mean_g_per_kg,per-timestep/per-level spatial mean,actual_vs_uniform_q,6,dec_s1_pre_skip,upstream,4.625101089477539,7.374532699584961,5.174808025360107,2.749431610107422,0.5497069358825684,0.19993475519148882,36.47747747747748,259.5189286960998,21.47747747747748,269.5189286960998
great_plains_2020031912_top06_2020,great_plains,top06_2020,precip_large_zwd,q,q,q850_box_mean_g_per_kg,per-timestep/per-level spatial mean,actual_vs_uniform_q,6,dec_s1_pre_skip,hotspot_gaussian,4.625101089477539,7.374532699584961,5.4964165687561035,2.749431610107422,0.8713154792785645,0.31690749319802924,36.47747747747748,259.5189286960998,21.47747747747748,269.5189286960998
great_plains_2020031912_top06_2020,great_plains,top06_2020,precip_large_zwd,q,q,q850_box_mean_g_per_kg,per-timestep/per-level spatial mean,actual_vs_uniform_q,6,dec_s1_pre_skip,low_near_gaussian,4.625101089477539,7.374532699584961,4.636892318725586,2.749431610107422,0.011791229248046875,0.0042886061266991056,36.47747747747748,259.5189286960998,21.47747747747748,269.5189286960998
great_plains_2020031912_top06_2020,great_plains,top06_2020,precip_large_zwd,q,q,q850_box_mean_g_per_kg,per-timestep/per-level spatial mean,actual_vs_uniform_q,6,dec_s1_pre_skip,remote_control,4.625101089477539,7.374532699584961,4.625208377838135,2.749431610107422,0.00010728836059570312,3.9022014659790465e-05,36.47747747747748,259.5189286960998,21.47747747747748,269.5189286960998
great_plains_2020031912_top06_2020,great_plains,top06_2020,precip_large_zwd,q,q,q850_box_mean_g_per_kg,per-timestep/per-level spatial mean,actual_vs_uniform_q,6,dec_s1_post_skip,whole,4.625101089477539,7.374532699584961,6.3241777420043945,2.749431610107422,1.6990766525268555,0.6179737827559463,36.47747747747748,259.5189286960998,21.47747747747748,269.5189286960998
great_plains_2020031912_top06_2020,great_plains,top06_2020,precip_large_zwd,q,q,q850_box_mean_g_per_kg,per-timestep/per-level spatial mean,actual_vs_uniform_q,6,dec_s1_post_skip,target_box,4.625101089477539,7.374532699584961,6.004343509674072,2.749431610107422,1.3792424201965332,0.5016463821562906,36.47747747747748,259.5189286960998,21.47747747747748,269.5189286960998
great_plains_2020031912_top06_2020,great_plains,top06_2020,precip_large_zwd,q,q,q850_box_mean_g_per_kg,per-timestep/per-level spatial mean,actual_vs_uniform_q,6,dec_s1_post_skip,mountain_near,4.625101089477539,7.374532699584961,4.633450508117676,2.749431610107422,0.008349418640136719,0.003036779896413027,36.47747747747748,259.5189286960998,21.47747747747748,269.5189286960998
great_plains_2020031912_top06_2020,great_plains,top06_2020,precip_large_zwd,q,q,q850_box_mean_g_per_kg,per-timestep/per-level spatial mean,actual_vs_uniform_q,6,dec_s1_post_skip,upstream,4.625101089477539,7.374532699584961,5.202731609344482,2.749431610107422,0.5776305198669434,0.2100908848736103,36.47747747747748,259.5189286960998,21.47747747747748,269.5189286960998
great_plains_2020031912_top06_2020,great_plains,top06_2020,precip_large_zwd,q,q,q850_box_mean_g_per_kg,per-timestep/per-level spatial mean,actual_vs_uniform_q,6,dec_s1_post_skip,hotspot_gaussian,4.625101089477539,7.374532699584961,5.968742370605469,2.749431610107422,1.3436412811279297,0.48869783710511455,36.47747747747748,259.5189286960998,21.47747747747748,269.5189286960998
great_plains_2020031912_top06_2020,great_plains,top06_2020,precip_large_zwd,q,q,q850_box_mean_g_per_kg,per-timestep/per-level spatial mean,actual_vs_uniform_q,6,dec_s1_post_skip,low_near_gaussian,4.625101089477539,7.374532699584961,4.643618583679199,2.749431610107422,0.018517494201660156,0.006735026299103569,36.47747747747748,259.5189286960998,21.47747747747748,269.5189286960998
great_plains_2020031912_top06_2020,great_plains,top06_2020,precip_large_zwd,q,q,q850_box_mean_g_per_kg,per-timestep/per-level spatial mean,actual_vs_uniform_q,6,dec_s1_post_skip,remote_control,4.625101089477539,7.374532699584961,4.625231742858887,2.749431610107422,0.00013065338134765625,4.75201422968115e-05,36.47747747747748,259.5189286960998,21.47747747747748,269.5189286960998
great_plains_2020031912_top06_2020,great_plains,top06_2020,precip_large_zwd,q,q,q850_box_mean_g_per_kg,per-timestep/per-level spatial mean,actual_vs_uniform_q,6,dec_s2_pre_concat,whole,4.625101089477539,7.374532699584961,6.3241777420043945,2.749431610107422,1.6990766525268555,0.6179737827559463,36.47747747747748,259.5189286960998,21.47747747747748,269.5189286960998
great_plains_2020031912_top06_2020,great_plains,top06_2020,precip_large_zwd,q,q,q850_box_mean_g_per_kg,per-timestep/per-level spatial mean,actual_vs_uniform_q,6,dec_s2_pre_concat,target_box,4.625101089477539,7.374532699584961,6.004343509674072,2.749431610107422,1.3792424201965332,0.5016463821562906,36.47747747747748,259.5189286960998,21.47747747747748,269.5189286960998
great_plains_2020031912_top06_2020,great_plains,top06_2020,precip_large_zwd,q,q,q850_box_mean_g_per_kg,per-timestep/per-level spatial mean,actual_vs_uniform_q,6,dec_s2_pre_concat,mountain_near,4.625101089477539,7.374532699584961,4.633450508117676,2.749431610107422,0.008349418640136719,0.003036779896413027,36.47747747747748,259.5189286960998,21.47747747747748,269.5189286960998
great_plains_2020031912_top06_2020,great_plains,top06_2020,precip_large_zwd,q,q,q850_box_mean_g_per_kg,per-timestep/per-level spatial mean,actual_vs_uniform_q,6,dec_s2_pre_concat,upstream,4.625101089477539,7.374532699584961,5.202731609344482,2.749431610107422,0.5776305198669434,0.2100908848736103,36.47747747747748,259.5189286960998,21.47747747747748,269.5189286960998
great_plains_2020031912_top06_2020,great_plains,top06_2020,precip_large_zwd,q,q,q850_box_mean_g_per_kg,per-timestep/per-level spatial mean,actual_vs_uniform_q,6,dec_s2_pre_concat,hotspot_gaussian,4.625101089477539,7.374532699584961,5.968742370605469,2.749431610107422,1.3436412811279297,0.48869783710511455,36.47747747747748,259.5189286960998,21.47747747747748,269.5189286960998
great_plains_2020031912_top06_2020,great_plains,top06_2020,precip_large_zwd,q,q,q850_box_mean_g_per_kg,per-timestep/per-level spatial mean,actual_vs_uniform_q,6,dec_s2_pre_concat,low_near_gaussian,4.625101089477539,7.374532699584961,4.643618583679199,2.749431610107422,0.018517494201660156,0.006735026299103569,36.47747747747748,259.5189286960998,21.47747747747748,269.5189286960998
great_plains_2020031912_top06_2020,great_plains,top06_2020,precip_large_zwd,q,q,q850_box_mean_g_per_kg,per-timestep/per-level spatial mean,actual_vs_uniform_q,6,dec_s2_pre_concat,remote_control,4.625101089477539,7.374532699584961,4.625231742858887,2.749431610107422,0.00013065338134765625,4.75201422968115e-05,36.47747747747748,259.5189286960998,21.47747747747748,269.5189286960998
great_plains_2020031912_top06_2020,great_plains,top06_2020,precip_large_zwd,q,q,q850_box_mean_g_per_kg,per-timestep/per-level spatial mean,actual_vs_uniform_q,6,dec_s2_post_concat,whole,4.625101089477539,7.374532699584961,7.3744707107543945,2.749431610107422,2.7493696212768555,0.9999774539470855,36.47747747747748,259.5189286960998,21.47747747747748,269.5189286960998
great_plains_2020031912_top06_2020,great_plains,top06_2020,precip_large_zwd,q,q,q850_box_mean_g_per_kg,per-timestep/per-level spatial mean,actual_vs_uniform_q,6,dec_s2_post_concat,target_box,4.625101089477539,7.374532699584961,6.933324337005615,2.749431610107422,2.308223247528076,0.8395274277936641,36.47747747747748,259.5189286960998,21.47747747747748,269.5189286960998
great_plains_2020031912_top06_2020,great_plains,top06_2020,precip_large_zwd,q,q,q850_box_mean_g_per_kg,per-timestep/per-level spatial mean,actual_vs_uniform_q,6,dec_s2_post_concat,mountain_near,4.625101089477539,7.374532699584961,4.625335693359375,2.749431610107422,0.0002346038818359375,8.532813872274182e-05,36.47747747747748,259.5189286960998,21.47747747747748,269.5189286960998
great_plains_2020031912_top06_2020,great_plains,top06_2020,precip_large_zwd,q,q,q850_box_mean_g_per_kg,per-timestep/per-level spatial mean,actual_vs_uniform_q,6,dec_s2_post_concat,upstream,4.625101089477539,7.374532699584961,5.513145923614502,2.749431610107422,0.8880448341369629,0.32299215258613634,36.47747747747748,259.5189286960998,21.47747747747748,269.5189286960998
great_plains_2020031912_top06_2020,great_plains,top06_2020,precip_large_zwd,q,q,q850_box_mean_g_per_kg,per-timestep/per-level spatial mean,actual_vs_uniform_q,6,dec_s2_post_concat,hotspot_gaussian,4.625101089477539,7.374532699584961,6.795266151428223,2.749431610107422,2.1701650619506836,0.7893140727606219,36.47747747747748,259.5189286960998,21.47747747747748,269.5189286960998
great_plains_2020031912_top06_2020,great_plains,top06_2020,precip_large_zwd,q,q,q850_box_mean_g_per_kg,per-timestep/per-level spatial mean,actual_vs_uniform_q,6,dec_s2_post_concat,low_near_gaussian,4.625101089477539,7.374532699584961,4.65293550491333,2.749431610107422,0.027834415435791016,0.010123698052159773,36.47747747747748,259.5189286960998,21.47747747747748,269.5189286960998
great_plains_2020031912_top06_2020,great_plains,top06_2020,precip_large_zwd,q,q,q850_box_mean_g_per_kg,per-timestep/per-level spatial mean,actual_vs_uniform_q,6,dec_s2_post_concat,remote_control,4.625101089477539,7.374532699584961,4.625335693359375,2.749431610107422,0.0002346038818359375,8.532813872274182e-05,36.47747747747748,259.5189286960998,21.47747747747748,269.5189286960998
great_plains_2020031912_top06_2020,great_plains,top06_2020,precip_large_zwd,q,q,q850_box_mean_g_per_kg,per-timestep/per-level spatial mean,actual_vs_uniform_q,12,enc_s0_skip,whole,3.3723230361938477,4.439346790313721,4.231113910675049,1.067023754119873,0.8587908744812012,0.8048470066063044,36.47747747747748,259.5189286960998,21.47747747747748,269.5189286960998
great_plains_2020031912_top06_2020,great_plains,top06_2020,precip_large_zwd,q,q,q850_box_mean_g_per_kg,per-timestep/per-level spatial mean,actual_vs_uniform_q,12,enc_s0_skip,target_box,3.3723230361938477,4.439346790313721,3.4604241847991943,1.067023754119873,0.08810114860534668,0.08256718584303335,36.47747747747748,259.5189286960998,21.47747747747748,269.5189286960998
great_plains_2020031912_top06_2020,great_plains,top06_2020,precip_large_zwd,q,q,q850_box_mean_g_per_kg,per-timestep/per-level spatial mean,actual_vs_uniform_q,12,enc_s0_skip,mountain_near,3.3723230361938477,4.439346790313721,3.423870801925659,1.067023754119873,0.05154776573181152,0.04830985770727319,36.47747747747748,259.5189286960998,21.47747747747748,269.5189286960998
great_plains_2020031912_top06_2020,great_plains,top06_2020,precip_large_zwd,q,q,q850_box_mean_g_per_kg,per-timestep/per-level spatial mean,actual_vs_uniform_q,12,enc_s0_skip,upstream,3.3723230361938477,4.439346790313721,4.041830062866211,1.067023754119873,0.6695070266723633,0.627452785457997,36.47747747747748,259.5189286960998,21.47747747747748,269.5189286960998
great_plains_2020031912_top06_2020,great_plains,top06_2020,precip_large_zwd,q,q,q850_box_mean_g_per_kg,per-timestep/per-level spatial mean,actual_vs_uniform_q,12,enc_s0_skip,hotspot_gaussian,3.3723230361938477,4.439346790313721,4.061001300811768,1.067023754119873,0.6886782646179199,0.6454198062216255,36.47747747747748,259.5189286960998,21.47747747747748,269.5189286960998
great_plains_2020031912_top06_2020,great_plains,top06_2020,precip_large_zwd,q,q,q850_box_mean_g_per_kg,per-timestep/per-level spatial mean,actual_vs_uniform_q,12,enc_s0_skip,low_near_gaussian,3.3723230361938477,4.439346790313721,3.394258975982666,1.067023754119873,0.02193593978881836,0.020558061340360752,36.47747747747748,259.5189286960998,21.47747747747748,269.5189286960998
great_plains_2020031912_top06_2020,great_plains,top06_2020,precip_large_zwd,q,q,q850_box_mean_g_per_kg,per-timestep/per-level spatial mean,actual_vs_uniform_q,12,enc_s0_skip,remote_control,3.3723230361938477,4.439346790313721,3.371225595474243,1.067023754119873,-0.0010974407196044922,-0.0010285063620816093,36.47747747747748,259.5189286960998,21.47747747747748,269.5189286960998
great_plains_2020031912_top06_2020,great_plains,top06_2020,precip_large_zwd,q,q,q850_box_mean_g_per_kg,per-timestep/per-level spatial mean,actual_vs_uniform_q,12,enc_s1_skip,whole,3.3723230361938477,4.439346790313721,3.3723230361938477,1.067023754119873,0.0,0.0,36.47747747747748,259.5189286960998,21.47747747747748,269.5189286960998
great_plains_2020031912_top06_2020,great_plains,top06_2020,precip_large_zwd,q,q,q850_box_mean_g_per_kg,per-timestep/per-level spatial mean,actual_vs_uniform_q,12,enc_s1_skip,target_box,3.3723230361938477,4.439346790313721,3.3723230361938477,1.067023754119873,0.0,0.0,36.47747747747748,259.5189286960998,21.47747747747748,269.5189286960998
great_plains_2020031912_top06_2020,great_plains,top06_2020,precip_large_zwd,q,q,q850_box_mean_g_per_kg,per-timestep/per-level spatial mean,actual_vs_uniform_q,12,enc_s1_skip,mountain_near,3.3723230361938477,4.439346790313721,3.3723230361938477,1.067023754119873,0.0,0.0,36.47747747747748,259.5189286960998,21.47747747747748,269.5189286960998
great_plains_2020031912_top06_2020,great_plains,top06_2020,precip_large_zwd,q,q,q850_box_mean_g_per_kg,per-timestep/per-level spatial mean,actual_vs_uniform_q,12,enc_s1_skip,upstream,3.3723230361938477,4.439346790313721,3.3723230361938477,1.067023754119873,0.0,0.0,36.47747747747748,259.5189286960998,21.47747747747748,269.5189286960998
great_plains_2020031912_top06_2020,great_plains,top06_2020,precip_large_zwd,q,q,q850_box_mean_g_per_kg,per-timestep/per-level spatial mean,actual_vs_uniform_q,12,enc_s1_skip,hotspot_gaussian,3.3723230361938477,4.439346790313721,3.3723230361938477,1.067023754119873,0.0,0.0,36.47747747747748,259.5189286960998,21.47747747747748,269.5189286960998
great_plains_2020031912_top06_2020,great_plains,top06_2020,precip_large_zwd,q,q,q850_box_mean_g_per_kg,per-timestep/per-level spatial mean,actual_vs_uniform_q,12,enc_s1_skip,low_near_gaussian,3.3723230361938477,4.439346790313721,3.3723230361938477,1.067023754119873,0.0,0.0,36.47747747747748,259.5189286960998,21.47747747747748,269.5189286960998
great_plains_2020031912_top06_2020,great_plains,top06_2020,precip_large_zwd,q,q,q850_box_mean_g_per_kg,per-timestep/per-level spatial mean,actual_vs_uniform_q,12,enc_s1_skip,remote_control,3.3723230361938477,4.439346790313721,3.3723230361938477,1.067023754119873,0.0,0.0,36.47747747747748,259.5189286960998,21.47747747747748,269.5189286960998
great_plains_2020031912_top06_2020,great_plains,top06_2020,precip_large_zwd,q,q,q850_box_mean_g_per_kg,per-timestep/per-level spatial mean,actual_vs_uniform_q,12,enc_s2_bottleneck,whole,3.3723230361938477,4.439346790313721,4.020996570587158,1.067023754119873,0.6486735343933105,0.6079279227746568,36.47747747747748,259.5189286960998,21.47747747747748,269.5189286960998
great_plains_2020031912_top06_2020,great_plains,top06_2020,precip_large_zwd,q,q,q850_box_mean_g_per_kg,per-timestep/per-level spatial mean,actual_vs_uniform_q,12,enc_s2_bottleneck,target_box,3.3723230361938477,4.439346790313721,3.3929946422576904,1.067023754119873,0.020671606063842773,0.01937314514698279,36.47747747747748,259.5189286960998,21.47747747747748,269.5189286960998
great_plains_2020031912_top06_2020,great_plains,top06_2020,precip_large_zwd,q,q,q850_box_mean_g_per_kg,per-timestep/per-level spatial mean,actual_vs_uniform_q,12,enc_s2_bottleneck,mountain_near,3.3723230361938477,4.439346790313721,2.8075523376464844,1.067023754119873,-0.5647706985473633,-0.5292953379591914,36.47747747747748,259.5189286960998,21.47747747747748,269.5189286960998
great_plains_2020031912_top06_2020,great_plains,top06_2020,precip_large_zwd,q,q,q850_box_mean_g_per_kg,per-timestep/per-level spatial mean,actual_vs_uniform_q,12,enc_s2_bottleneck,upstream,3.3723230361938477,4.439346790313721,3.560148000717163,1.067023754119873,0.18782496452331543,0.17602697578016108,36.47747747747748,259.5189286960998,21.47747747747748,269.5189286960998
great_plains_2020031912_top06_2020,great_plains,top06_2020,precip_large_zwd,q,q,q850_box_mean_g_per_kg,per-timestep/per-level spatial mean,actual_vs_uniform_q,12,enc_s2_bottleneck,hotspot_gaussian,3.3723230361938477,4.439346790313721,3.4969232082366943,1.067023754119873,0.12460017204284668,0.11677356906231412,36.47747747747748,259.5189286960998,21.47747747747748,269.5189286960998
great_plains_2020031912_top06_2020,great_plains,top06_2020,precip_large_zwd,q,q,q850_box_mean_g_per_kg,per-timestep/per-level spatial mean,actual_vs_uniform_q,12,enc_s2_bottleneck,low_near_gaussian,3.3723230361938477,4.439346790313721,3.3790669441223145,1.067023754119873,0.006743907928466797,0.006320297840069607,36.47747747747748,259.5189286960998,21.47747747747748,269.5189286960998
great_plains_2020031912_top06_2020,great_plains,top06_2020,precip_large_zwd,q,q,q850_box_mean_g_per_kg,per-timestep/per-level spatial mean,actual_vs_uniform_q,12,enc_s2_bottleneck,remote_control,3.3723230361938477,4.439346790313721,3.3795626163482666,1.067023754119873,0.007239580154418945,0.006784835039019784,36.47747747747748,259.5189286960998,21.47747747747748,269.5189286960998
great_plains_2020031912_top06_2020,great_plains,top06_2020,precip_large_zwd,q,q,q850_box_mean_g_per_kg,per-timestep/per-level spatial mean,actual_vs_uniform_q,12,dec_s0_pre_skip,whole,3.3723230361938477,4.439346790313721,4.020996570587158,1.067023754119873,0.6486735343933105,0.6079279227746568,36.47747747747748,259.5189286960998,21.47747747747748,269.5189286960998
great_plains_2020031912_top06_2020,great_plains,top06_2020,precip_large_zwd,q,q,q850_box_mean_g_per_kg,per-timestep/per-level spatial mean,actual_vs_uniform_q,12,dec_s0_pre_skip,target_box,3.3723230361938477,4.439346790313721,3.3929946422576904,1.067023754119873,0.020671606063842773,0.01937314514698279,36.47747747747748,259.5189286960998,21.47747747747748,269.5189286960998
great_plains_2020031912_top06_2020,great_plains,top06_2020,precip_large_zwd,q,q,q850_box_mean_g_per_kg,per-timestep/per-level spatial mean,actual_vs_uniform_q,12,dec_s0_pre_skip,mountain_near,3.3723230361938477,4.439346790313721,2.8075523376464844,1.067023754119873,-0.5647706985473633,-0.5292953379591914,36.47747747747748,259.5189286960998,21.47747747747748,269.5189286960998
great_plains_2020031912_top06_2020,great_plains,top06_2020,precip_large_zwd,q,q,q850_box_mean_g_per_kg,per-timestep/per-level spatial mean,actual_vs_uniform_q,12,dec_s0_pre_skip,upstream,3.3723230361938477,4.439346790313721,3.560148000717163,1.067023754119873,0.18782496452331543,0.17602697578016108,36.47747747747748,259.5189286960998,21.47747747747748,269.5189286960998
great_plains_2020031912_top06_2020,great_plains,top06_2020,precip_large_zwd,q,q,q850_box_mean_g_per_kg,per-timestep/per-level spatial mean,actual_vs_uniform_q,12,dec_s0_pre_skip,hotspot_gaussian,3.3723230361938477,4.439346790313721,3.4969232082366943,1.067023754119873,0.12460017204284668,0.11677356906231412,36.47747747747748,259.5189286960998,21.47747747747748,269.5189286960998
great_plains_2020031912_top06_2020,great_plains,top06_2020,precip_large_zwd,q,q,q850_box_mean_g_per_kg,per-timestep/per-level spatial mean,actual_vs_uniform_q,12,dec_s0_pre_skip,low_near_gaussian,3.3723230361938477,4.439346790313721,3.3790669441223145,1.067023754119873,0.006743907928466797,0.006320297840069607,36.47747747747748,259.5189286960998,21.47747747747748,269.5189286960998
great_plains_2020031912_top06_2020,great_plains,top06_2020,precip_large_zwd,q,q,q850_box_mean_g_per_kg,per-timestep/per-level spatial mean,actual_vs_uniform_q,12,dec_s0_pre_skip,remote_control,3.3723230361938477,4.439346790313721,3.3795626163482666,1.067023754119873,0.007239580154418945,0.006784835039019784,36.47747747747748,259.5189286960998,21.47747747747748,269.5189286960998
great_plains_2020031912_top06_2020,great_plains,top06_2020,precip_large_zwd,q,q,q850_box_mean_g_per_kg,per-timestep/per-level spatial mean,actual_vs_uniform_q,12,dec_s1_pre_skip,whole,3.3723230361938477,4.439346790313721,4.025169849395752,1.067023754119873,0.6528468132019043,0.6118390623275303,36.47747747747748,259.5189286960998,21.47747747747748,269.5189286960998
great_plains_2020031912_top06_2020,great_plains,top06_2020,precip_large_zwd,q,q,q850_box_mean_g_per_kg,per-timestep/per-level spatial mean,actual_vs_uniform_q,12,dec_s1_pre_skip,target_box,3.3723230361938477,4.439346790313721,3.4225053787231445,1.067023754119873,0.050182342529296875,0.04703020184465286,36.47747747747748,259.5189286960998,21.47747747747748,269.5189286960998
great_plains_2020031912_top06_2020,great_plains,top06_2020,precip_large_zwd,q,q,q850_box_mean_g_per_kg,per-timestep/per-level spatial mean,actual_vs_uniform_q,12,dec_s1_pre_skip,mountain_near,3.3723230361938477,4.439346790313721,3.0255658626556396,1.067023754119873,-0.346757173538208,-0.32497605812368086,36.47747747747748,259.5189286960998,21.47747747747748,269.5189286960998
great_plains_2020031912_top06_2020,great_plains,top06_2020,precip_large_zwd,q,q,q850_box_mean_g_per_kg,per-timestep/per-level spatial mean,actual_vs_uniform_q,12,dec_s1_pre_skip,upstream,3.3723230361938477,4.439346790313721,3.758286714553833,1.067023754119873,0.38596367835998535,0.3617198556918208,36.47747747747748,259.5189286960998,21.47747747747748,269.5189286960998
great_plains_2020031912_top06_2020,great_plains,top06_2020,precip_large_zwd,q,q,q850_box_mean_g_per_kg,per-timestep/per-level spatial mean,actual_vs_uniform_q,12,dec_s1_pre_skip,hotspot_gaussian,3.3723230361938477,4.439346790313721,3.676910877227783,1.067023754119873,0.30458784103393555,0.2854555391647983,36.47747747747748,259.5189286960998,21.47747747747748,269.5189286960998
great_plains_2020031912_top06_2020,great_plains,top06_2020,precip_large_zwd,q,q,q850_box_mean_g_per_kg,per-timestep/per-level spatial mean,actual_vs_uniform_q,12,dec_s1_pre_skip,low_near_gaussian,3.3723230361938477,4.439346790313721,3.360647201538086,1.067023754119873,-0.011675834655761719,-0.010942431797493064,36.47747747747748,259.5189286960998,21.47747747747748,269.5189286960998
great_plains_2020031912_top06_2020,great_plains,top06_2020,precip_large_zwd,q,q,q850_box_mean_g_per_kg,per-timestep/per-level spatial mean,actual_vs_uniform_q,12,dec_s1_pre_skip,remote_control,3.3723230361938477,4.439346790313721,3.380413293838501,1.067023754119873,0.00809025764465332,0.007582078293398924,36.47747747747748,259.5189286960998,21.47747747747748,269.5189286960998
great_plains_2020031912_top06_2020,great_plains,top06_2020,precip_large_zwd,q,q,q850_box_mean_g_per_kg,per-timestep/per-level spatial mean,actual_vs_uniform_q,12,dec_s1_post_skip,whole,3.3723230361938477,4.439346790313721,4.312068939208984,1.067023754119873,0.9397459030151367,0.8807169469158439,36.47747747747748,259.5189286960998,21.47747747747748,269.5189286960998
great_plains_2020031912_top06_2020,great_plains,top06_2020,precip_large_zwd,q,q,q850_box_mean_g_per_kg,per-timestep/per-level spatial mean,actual_vs_uniform_q,12,dec_s1_post_skip,target_box,3.3723230361938477,4.439346790313721,3.5484628677368164,1.067023754119873,0.17613983154296875,0.16507582972063864,36.47747747747748,259.5189286960998,21.47747747747748,269.5189286960998
great_plains_2020031912_top06_2020,great_plains,top06_2020,precip_large_zwd,q,q,q850_box_mean_g_per_kg,per-timestep/per-level spatial mean,actual_vs_uniform_q,12,dec_s1_post_skip,mountain_near,3.3723230361938477,4.439346790313721,3.3538036346435547,1.067023754119873,-0.01851940155029297,-0.017356128651108207,36.47747747747748,259.5189286960998,21.47747747747748,269.5189286960998
great_plains_2020031912_top06_2020,great_plains,top06_2020,precip_large_zwd,q,q,q850_box_mean_g_per_kg,per-timestep/per-level spatial mean,actual_vs_uniform_q,12,dec_s1_post_skip,upstream,3.3723230361938477,4.439346790313721,4.021214008331299,1.067023754119873,0.6488909721374512,0.6081317024405744,36.47747747747748,259.5189286960998,21.47747747747748,269.5189286960998
great_plains_2020031912_top06_2020,great_plains,top06_2020,precip_large_zwd,q,q,q850_box_mean_g_per_kg,per-timestep/per-level spatial mean,actual_vs_uniform_q,12,dec_s1_post_skip,hotspot_gaussian,3.3723230361938477,4.439346790313721,4.016085147857666,1.067023754119873,0.6437621116638184,0.6033250048822212,36.47747747747748,259.5189286960998,21.47747747747748,269.5189286960998
great_plains_2020031912_top06_2020,great_plains,top06_2020,precip_large_zwd,q,q,q850_box_mean_g_per_kg,per-timestep/per-level spatial mean,actual_vs_uniform_q,12,dec_s1_post_skip,low_near_gaussian,3.3723230361938477,4.439346790313721,3.375368356704712,1.067023754119873,0.003045320510864258,0.002854032535926221,36.47747747747748,259.5189286960998,21.47747747747748,269.5189286960998
great_plains_2020031912_top06_2020,great_plains,top06_2020,precip_large_zwd,q,q,q850_box_mean_g_per_kg,per-timestep/per-level spatial mean,actual_vs_uniform_q,12,dec_s1_post_skip,remote_control,3.3723230361938477,4.439346790313721,3.3745925426483154,1.067023754119873,0.0022695064544677734,0.0021269502630143033,36.47747747747748,259.5189286960998,21.47747747747748,269.5189286960998
great_plains_2020031912_top06_2020,great_plains,top06_2020,precip_large_zwd,q,q,q850_box_mean_g_per_kg,per-timestep/per-level spatial mean,actual_vs_uniform_q,12,dec_s2_pre_concat,whole,3.3723230361938477,4.439346790313721,4.312068939208984,1.067023754119873,0.9397459030151367,0.8807169469158439,36.47747747747748,259.5189286960998,21.47747747747748,269.5189286960998
great_plains_2020031912_top06_2020,great_plains,top06_2020,precip_large_zwd,q,q,q850_box_mean_g_per_kg,per-timestep/per-level spatial mean,actual_vs_uniform_q,12,dec_s2_pre_concat,target_box,3.3723230361938477,4.439346790313721,3.5484628677368164,1.067023754119873,0.17613983154296875,0.16507582972063864,36.47747747747748,259.5189286960998,21.47747747747748,269.5189286960998
great_plains_2020031912_top06_2020,great_plains,top06_2020,precip_large_zwd,q,q,q850_box_mean_g_per_kg,per-timestep/per-level spatial mean,actual_vs_uniform_q,12,dec_s2_pre_concat,mountain_near,3.3723230361938477,4.439346790313721,3.3538036346435547,1.067023754119873,-0.01851940155029297,-0.017356128651108207,36.47747747747748,259.5189286960998,21.47747747747748,269.5189286960998
great_plains_2020031912_top06_2020,great_plains,top06_2020,precip_large_zwd,q,q,q850_box_mean_g_per_kg,per-timestep/per-level spatial mean,actual_vs_uniform_q,12,dec_s2_pre_concat,upstream,3.3723230361938477,4.439346790313721,4.021214008331299,1.067023754119873,0.6488909721374512,0.6081317024405744,36.47747747747748,259.5189286960998,21.47747747747748,269.5189286960998
great_plains_2020031912_top06_2020,great_plains,top06_2020,precip_large_zwd,q,q,q850_box_mean_g_per_kg,per-timestep/per-level spatial mean,actual_vs_uniform_q,12,dec_s2_pre_concat,hotspot_gaussian,3.3723230361938477,4.439346790313721,4.016085147857666,1.067023754119873,0.6437621116638184,0.6033250048822212,36.47747747747748,259.5189286960998,21.47747747747748,269.5189286960998
great_plains_2020031912_top06_2020,great_plains,top06_2020,precip_large_zwd,q,q,q850_box_mean_g_per_kg,per-timestep/per-level spatial mean,actual_vs_uniform_q,12,dec_s2_pre_concat,low_near_gaussian,3.3723230361938477,4.439346790313721,3.375368356704712,1.067023754119873,0.003045320510864258,0.002854032535926221,36.47747747747748,259.5189286960998,21.47747747747748,269.5189286960998
great_plains_2020031912_top06_2020,great_plains,top06_2020,precip_large_zwd,q,q,q850_box_mean_g_per_kg,per-timestep/per-level spatial mean,actual_vs_uniform_q,12,dec_s2_pre_concat,remote_control,3.3723230361938477,4.439346790313721,3.3745925426483154,1.067023754119873,0.0022695064544677734,0.0021269502630143033,36.47747747747748,259.5189286960998,21.47747747747748,269.5189286960998
great_plains_2020031912_top06_2020,great_plains,top06_2020,precip_large_zwd,q,q,q850_box_mean_g_per_kg,per-timestep/per-level spatial mean,actual_vs_uniform_q,12,dec_s2_post_concat,whole,3.3723230361938477,4.439346790313721,4.559219837188721,1.067023754119873,1.186896800994873,1.112343372312153,36.47747747747748,259.5189286960998,21.47747747747748,269.5189286960998
great_plains_2020031912_top06_2020,great_plains,top06_2020,precip_large_zwd,q,q,q850_box_mean_g_per_kg,per-timestep/per-level spatial mean,actual_vs_uniform_q,12,dec_s2_post_concat,target_box,3.3723230361938477,4.439346790313721,3.6045844554901123,1.067023754119873,0.23226141929626465,0.21767221057589653,36.47747747747748,259.5189286960998,21.47747747747748,269.5189286960998
great_plains_2020031912_top06_2020,great_plains,top06_2020,precip_large_zwd,q,q,q850_box_mean_g_per_kg,per-timestep/per-level spatial mean,actual_vs_uniform_q,12,dec_s2_post_concat,mountain_near,3.3723230361938477,4.439346790313721,3.4134039878845215,1.067023754119873,0.04108095169067383,0.03850050341621416,36.47747747747748,259.5189286960998,21.47747747747748,269.5189286960998
great_plains_2020031912_top06_2020,great_plains,top06_2020,precip_large_zwd,q,q,q850_box_mean_g_per_kg,per-timestep/per-level spatial mean,actual_vs_uniform_q,12,dec_s2_post_concat,upstream,3.3723230361938477,4.439346790313721,4.23031759262085,1.067023754119873,0.857994556427002,0.8041007082684046,36.47747747747748,259.5189286960998,21.47747747747748,269.5189286960998
great_plains_2020031912_top06_2020,great_plains,top06_2020,precip_large_zwd,q,q,q850_box_mean_g_per_kg,per-timestep/per-level spatial mean,actual_vs_uniform_q,12,dec_s2_post_concat,hotspot_gaussian,3.3723230361938477,4.439346790313721,4.234229564666748,1.067023754119873,0.8619065284729004,0.8077669547139912,36.47747747747748,259.5189286960998,21.47747747747748,269.5189286960998
great_plains_2020031912_top06_2020,great_plains,top06_2020,precip_large_zwd,q,q,q850_box_mean_g_per_kg,per-timestep/per-level spatial mean,actual_vs_uniform_q,12,dec_s2_post_concat,low_near_gaussian,3.3723230361938477,4.439346790313721,3.3842904567718506,1.067023754119873,0.01196742057800293,0.011215702117029411,36.47747747747748,259.5189286960998,21.47747747747748,269.5189286960998
great_plains_2020031912_top06_2020,great_plains,top06_2020,precip_large_zwd,q,q,q850_box_mean_g_per_kg,per-timestep/per-level spatial mean,actual_vs_uniform_q,12,dec_s2_post_concat,remote_control,3.3723230361938477,4.439346790313721,3.376039981842041,1.067023754119873,0.0037169456481933594,0.003483470385585985,36.47747747747748,259.5189286960998,21.47747747747748,269.5189286960998
great_plains_2020031912_top06_2020,great_plains,top06_2020,precip_large_zwd,q,q,q850_box_mean_g_per_kg,per-timestep/per-level spatial mean,actual_vs_uniform_q,24,enc_s0_skip,whole,3.2102439403533936,3.0020089149475098,2.9125773906707764,-0.2082350254058838,-0.2976665496826172,1.429473975871335,36.47747747747748,259.5189286960998,21.47747747747748,269.5189286960998
great_plains_2020031912_top06_2020,great_plains,top06_2020,precip_large_zwd,q,q,q850_box_mean_g_per_kg,per-timestep/per-level spatial mean,actual_vs_uniform_q,24,enc_s0_skip,target_box,3.2102439403533936,3.0020089149475098,3.20361065864563,-0.2082350254058838,-0.006633281707763672,0.031854783770570445,36.47747747747748,259.5189286960998,21.47747747747748,269.5189286960998
great_plains_2020031912_top06_2020,great_plains,top06_2020,precip_large_zwd,q,q,q850_box_mean_g_per_kg,per-timestep/per-level spatial mean,actual_vs_uniform_q,24,enc_s0_skip,mountain_near,3.2102439403533936,3.0020089149475098,3.202244758605957,-0.2082350254058838,-0.007999181747436523,0.03841419920517609,36.47747747747748,259.5189286960998,21.47747747747748,269.5189286960998
great_plains_2020031912_top06_2020,great_plains,top06_2020,precip_large_zwd,q,q,q850_box_mean_g_per_kg,per-timestep/per-level spatial mean,actual_vs_uniform_q,24,enc_s0_skip,upstream,3.2102439403533936,3.0020089149475098,3.0765814781188965,-0.2082350254058838,-0.13366246223449707,0.6418827090878073,36.47747747747748,259.5189286960998,21.47747747747748,269.5189286960998
great_plains_2020031912_top06_2020,great_plains,top06_2020,precip_large_zwd,q,q,q850_box_mean_g_per_kg,per-timestep/per-level spatial mean,actual_vs_uniform_q,24,enc_s0_skip,hotspot_gaussian,3.2102439403533936,3.0020089149475098,2.954608917236328,-0.2082350254058838,-0.25563502311706543,1.2276274013883657,36.47747747747748,259.5189286960998,21.47747747747748,269.5189286960998
great_plains_2020031912_top06_2020,great_plains,top06_2020,precip_large_zwd,q,q,q850_box_mean_g_per_kg,per-timestep/per-level spatial mean,actual_vs_uniform_q,24,enc_s0_skip,low_near_gaussian,3.2102439403533936,3.0020089149475098,3.199402332305908,-0.2082350254058838,-0.010841608047485352,0.052064286622067066,36.47747747747748,259.5189286960998,21.47747747747748,269.5189286960998
great_plains_2020031912_top06_2020,great_plains,top06_2020,precip_large_zwd,q,q,q850_box_mean_g_per_kg,per-timestep/per-level spatial mean,actual_vs_uniform_q,24,enc_s0_skip,remote_control,3.2102439403533936,3.0020089149475098,3.2093703746795654,-0.2082350254058838,-0.000873565673828125,0.004195094807539721,36.47747747747748,259.5189286960998,21.47747747747748,269.5189286960998
great_plains_2020031912_top06_2020,great_plains,top06_2020,precip_large_zwd,q,q,q850_box_mean_g_per_kg,per-timestep/per-level spatial mean,actual_vs_uniform_q,24,enc_s1_skip,whole,3.2102439403533936,3.0020089149475098,3.2102439403533936,-0.2082350254058838,0.0,-0.0,36.47747747747748,259.5189286960998,21.47747747747748,269.5189286960998
great_plains_2020031912_top06_2020,great_plains,top06_2020,precip_large_zwd,q,q,q850_box_mean_g_per_kg,per-timestep/per-level spatial mean,actual_vs_uniform_q,24,enc_s1_skip,target_box,3.2102439403533936,3.0020089149475098,3.2102439403533936,-0.2082350254058838,0.0,-0.0,36.47747747747748,259.5189286960998,21.47747747747748,269.5189286960998
great_plains_2020031912_top06_2020,great_plains,top06_2020,precip_large_zwd,q,q,q850_box_mean_g_per_kg,per-timestep/per-level spatial mean,actual_vs_uniform_q,24,enc_s1_skip,mountain_near,3.2102439403533936,3.0020089149475098,3.2102439403533936,-0.2082350254058838,0.0,-0.0,36.47747747747748,259.5189286960998,21.47747747747748,269.5189286960998
great_plains_2020031912_top06_2020,great_plains,top06_2020,precip_large_zwd,q,q,q850_box_mean_g_per_kg,per-timestep/per-level spatial mean,actual_vs_uniform_q,24,enc_s1_skip,upstream,3.2102439403533936,3.0020089149475098,3.2102439403533936,-0.2082350254058838,0.0,-0.0,36.47747747747748,259.5189286960998,21.47747747747748,269.5189286960998
great_plains_2020031912_top06_2020,great_plains,top06_2020,precip_large_zwd,q,q,q850_box_mean_g_per_kg,per-timestep/per-level spatial mean,actual_vs_uniform_q,24,enc_s1_skip,hotspot_gaussian,3.2102439403533936,3.0020089149475098,3.2102439403533936,-0.2082350254058838,0.0,-0.0,36.47747747747748,259.5189286960998,21.47747747747748,269.5189286960998
great_plains_2020031912_top06_2020,great_plains,top06_2020,precip_large_zwd,q,q,q850_box_mean_g_per_kg,per-timestep/per-level spatial mean,actual_vs_uniform_q,24,enc_s1_skip,low_near_gaussian,3.2102439403533936,3.0020089149475098,3.2102439403533936,-0.2082350254058838,0.0,-0.0,36.47747747747748,259.5189286960998,21.47747747747748,269.5189286960998
great_plains_2020031912_top06_2020,great_plains,top06_2020,precip_large_zwd,q,q,q850_box_mean_g_per_kg,per-timestep/per-level spatial mean,actual_vs_uniform_q,24,enc_s1_skip,remote_control,3.2102439403533936,3.0020089149475098,3.2102439403533936,-0.2082350254058838,0.0,-0.0,36.47747747747748,259.5189286960998,21.47747747747748,269.5189286960998
great_plains_2020031912_top06_2020,great_plains,top06_2020,precip_large_zwd,q,q,q850_box_mean_g_per_kg,per-timestep/per-level spatial mean,actual_vs_uniform_q,24,enc_s2_bottleneck,whole,3.2102439403533936,3.0020089149475098,3.2241616249084473,-0.2082350254058838,0.013917684555053711,-0.06683642450604019,36.47747747747748,259.5189286960998,21.47747747747748,269.5189286960998
great_plains_2020031912_top06_2020,great_plains,top06_2020,precip_large_zwd,q,q,q850_box_mean_g_per_kg,per-timestep/per-level spatial mean,actual_vs_uniform_q,24,enc_s2_bottleneck,target_box,3.2102439403533936,3.0020089149475098,3.1814441680908203,-0.2082350254058838,-0.028799772262573242,0.13830416956243466,36.47747747747748,259.5189286960998,21.47747747747748,269.5189286960998
great_plains_2020031912_top06_2020,great_plains,top06_2020,precip_large_zwd,q,q,q850_box_mean_g_per_kg,per-timestep/per-level spatial mean,actual_vs_uniform_q,24,enc_s2_bottleneck,mountain_near,3.2102439403533936,3.0020089149475098,3.414435863494873,-0.2082350254058838,0.2041919231414795,-0.9805839471216543,36.47747747747748,259.5189286960998,21.47747747747748,269.5189286960998
great_plains_2020031912_top06_2020,great_plains,top06_2020,precip_large_zwd,q,q,q850_box_mean_g_per_kg,per-timestep/per-level spatial mean,actual_vs_uniform_q,24,enc_s2_bottleneck,upstream,3.2102439403533936,3.0020089149475098,3.2833168506622314,-0.2082350254058838,0.07307291030883789,-0.35091555883265535,36.47747747747748,259.5189286960998,21.47747747747748,269.5189286960998
great_plains_2020031912_top06_2020,great_plains,top06_2020,precip_large_zwd,q,q,q850_box_mean_g_per_kg,per-timestep/per-level spatial mean,actual_vs_uniform_q,24,enc_s2_bottleneck,hotspot_gaussian,3.2102439403533936,3.0020089149475098,3.2309112548828125,-0.2082350254058838,0.020667314529418945,-0.09924994361123929,36.47747747747748,259.5189286960998,21.47747747747748,269.5189286960998
great_plains_2020031912_top06_2020,great_plains,top06_2020,precip_large_zwd,q,q,q850_box_mean_g_per_kg,per-timestep/per-level spatial mean,actual_vs_uniform_q,24,enc_s2_bottleneck,low_near_gaussian,3.2102439403533936,3.0020089149475098,3.193253993988037,-0.2082350254058838,-0.016989946365356445,0.081590243198714,36.47747747747748,259.5189286960998,21.47747747747748,269.5189286960998
great_plains_2020031912_top06_2020,great_plains,top06_2020,precip_large_zwd,q,q,q850_box_mean_g_per_kg,per-timestep/per-level spatial mean,actual_vs_uniform_q,24,enc_s2_bottleneck,remote_control,3.2102439403533936,3.0020089149475098,3.211453437805176,-0.2082350254058838,0.0012094974517822266,-0.005808328591334335,36.47747747747748,259.5189286960998,21.47747747747748,269.5189286960998
great_plains_2020031912_top06_2020,great_plains,top06_2020,precip_large_zwd,q,q,q850_box_mean_g_per_kg,per-timestep/per-level spatial mean,actual_vs_uniform_q,24,dec_s0_pre_skip,whole,3.2102439403533936,3.0020089149475098,3.2241616249084473,-0.2082350254058838,0.013917684555053711,-0.06683642450604019,36.47747747747748,259.5189286960998,21.47747747747748,269.5189286960998
great_plains_2020031912_top06_2020,great_plains,top06_2020,precip_large_zwd,q,q,q850_box_mean_g_per_kg,per-timestep/per-level spatial mean,actual_vs_uniform_q,24,dec_s0_pre_skip,target_box,3.2102439403533936,3.0020089149475098,3.1814441680908203,-0.2082350254058838,-0.028799772262573242,0.13830416956243466,36.47747747747748,259.5189286960998,21.47747747747748,269.5189286960998
great_plains_2020031912_top06_2020,great_plains,top06_2020,precip_large_zwd,q,q,q850_box_mean_g_per_kg,per-timestep/per-level spatial mean,actual_vs_uniform_q,24,dec_s0_pre_skip,mountain_near,3.2102439403533936,3.0020089149475098,3.414435863494873,-0.2082350254058838,0.2041919231414795,-0.9805839471216543,36.47747747747748,259.5189286960998,21.47747747747748,269.5189286960998
great_plains_2020031912_top06_2020,great_plains,top06_2020,precip_large_zwd,q,q,q850_box_mean_g_per_kg,per-timestep/per-level spatial mean,actual_vs_uniform_q,24,dec_s0_pre_skip,upstream,3.2102439403533936,3.0020089149475098,3.2833168506622314,-0.2082350254058838,0.07307291030883789,-0.35091555883265535,36.47747747747748,259.5189286960998,21.47747747747748,269.5189286960998
great_plains_2020031912_top06_2020,great_plains,top06_2020,precip_large_zwd,q,q,q850_box_mean_g_per_kg,per-timestep/per-level spatial mean,actual_vs_uniform_q,24,dec_s0_pre_skip,hotspot_gaussian,3.2102439403533936,3.0020089149475098,3.2309112548828125,-0.2082350254058838,0.020667314529418945,-0.09924994361123929,36.47747747747748,259.5189286960998,21.47747747747748,269.5189286960998
great_plains_2020031912_top06_2020,great_plains,top06_2020,precip_large_zwd,q,q,q850_box_mean_g_per_kg,per-timestep/per-level spatial mean,actual_vs_uniform_q,24,dec_s0_pre_skip,low_near_gaussian,3.2102439403533936,3.0020089149475098,3.193253993988037,-0.2082350254058838,-0.016989946365356445,0.081590243198714,36.47747747747748,259.5189286960998,21.47747747747748,269.5189286960998
great_plains_2020031912_top06_2020,great_plains,top06_2020,precip_large_zwd,q,q,q850_box_mean_g_per_kg,per-timestep/per-level spatial mean,actual_vs_uniform_q,24,dec_s0_pre_skip,remote_control,3.2102439403533936,3.0020089149475098,3.211453437805176,-0.2082350254058838,0.0012094974517822266,-0.005808328591334335,36.47747747747748,259.5189286960998,21.47747747747748,269.5189286960998
great_plains_2020031912_top06_2020,great_plains,top06_2020,precip_large_zwd,q,q,q850_box_mean_g_per_kg,per-timestep/per-level spatial mean,actual_vs_uniform_q,24,dec_s1_pre_skip,whole,3.2102439403533936,3.0020089149475098,3.227966070175171,-0.2082350254058838,0.017722129821777344,-0.0851063829787234,36.47747747747748,259.5189286960998,21.47747747747748,269.5189286960998
great_plains_2020031912_top06_2020,great_plains,top06_2020,precip_large_zwd,q,q,q850_box_mean_g_per_kg,per-timestep/per-level spatial mean,actual_vs_uniform_q,24,dec_s1_pre_skip,target_box,3.2102439403533936,3.0020089149475098,3.2048051357269287,-0.2082350254058838,-0.005438804626464844,0.026118586994977107,36.47747747747748,259.5189286960998,21.47747747747748,269.5189286960998
great_plains_2020031912_top06_2020,great_plains,top06_2020,precip_large_zwd,q,q,q850_box_mean_g_per_kg,per-timestep/per-level spatial mean,actual_vs_uniform_q,24,dec_s1_pre_skip,mountain_near,3.2102439403533936,3.0020089149475098,3.4262728691101074,-0.2082350254058838,0.21602892875671387,-1.0374283977233825,36.47747747747748,259.5189286960998,21.47747747747748,269.5189286960998
great_plains_2020031912_top06_2020,great_plains,top06_2020,precip_large_zwd,q,q,q850_box_mean_g_per_kg,per-timestep/per-level spatial mean,actual_vs_uniform_q,24,dec_s1_pre_skip,upstream,3.2102439403533936,3.0020089149475098,3.298074960708618,-0.2082350254058838,0.08783102035522461,-0.4217879301718226,36.47747747747748,259.5189286960998,21.47747747747748,269.5189286960998
great_plains_2020031912_top06_2020,great_plains,top06_2020,precip_large_zwd,q,q,q850_box_mean_g_per_kg,per-timestep/per-level spatial mean,actual_vs_uniform_q,24,dec_s1_pre_skip,hotspot_gaussian,3.2102439403533936,3.0020089149475098,3.2375595569610596,-0.2082350254058838,0.027315616607666016,-0.13117685919755073,36.47747747747748,259.5189286960998,21.47747747747748,269.5189286960998
great_plains_2020031912_top06_2020,great_plains,top06_2020,precip_large_zwd,q,q,q850_box_mean_g_per_kg,per-timestep/per-level spatial mean,actual_vs_uniform_q,24,dec_s1_pre_skip,low_near_gaussian,3.2102439403533936,3.0020089149475098,3.1912360191345215,-0.2082350254058838,-0.01900792121887207,0.09128109539604375,36.47747747747748,259.5189286960998,21.47747747747748,269.5189286960998
great_plains_2020031912_top06_2020,great_plains,top06_2020,precip_large_zwd,q,q,q850_box_mean_g_per_kg,per-timestep/per-level spatial mean,actual_vs_uniform_q,24,dec_s1_pre_skip,remote_control,3.2102439403533936,3.0020089149475098,3.2159922122955322,-0.2082350254058838,0.005748271942138672,-0.027604731389132827,36.47747747747748,259.5189286960998,21.47747747747748,269.5189286960998
great_plains_2020031912_top06_2020,great_plains,top06_2020,precip_large_zwd,q,q,q850_box_mean_g_per_kg,per-timestep/per-level spatial mean,actual_vs_uniform_q,24,dec_s1_post_skip,whole,3.2102439403533936,3.0020089149475098,3.1552164554595947,-0.2082350254058838,-0.05502748489379883,0.26425662439131625,36.47747747747748,259.5189286960998,21.47747747747748,269.5189286960998
great_plains_2020031912_top06_2020,great_plains,top06_2020,precip_large_zwd,q,q,q850_box_mean_g_per_kg,per-timestep/per-level spatial mean,actual_vs_uniform_q,24,dec_s1_post_skip,target_box,3.2102439403533936,3.0020089149475098,3.1547350883483887,-0.2082350254058838,-0.05550885200500488,0.26656827734339666,36.47747747747748,259.5189286960998,21.47747747747748,269.5189286960998
great_plains_2020031912_top06_2020,great_plains,top06_2020,precip_large_zwd,q,q,q850_box_mean_g_per_kg,per-timestep/per-level spatial mean,actual_vs_uniform_q,24,dec_s1_post_skip,mountain_near,3.2102439403533936,3.0020089149475098,3.393061876296997,-0.2082350254058838,0.18281793594360352,-0.8779403733222196,36.47747747747748,259.5189286960998,21.47747747747748,269.5189286960998
great_plains_2020031912_top06_2020,great_plains,top06_2020,precip_large_zwd,q,q,q850_box_mean_g_per_kg,per-timestep/per-level spatial mean,actual_vs_uniform_q,24,dec_s1_post_skip,upstream,3.2102439403533936,3.0020089149475098,3.2258636951446533,-0.2082350254058838,0.015619754791259766,-0.07501021867389664,36.47747747747748,259.5189286960998,21.47747747747748,269.5189286960998
great_plains_2020031912_top06_2020,great_plains,top06_2020,precip_large_zwd,q,q,q850_box_mean_g_per_kg,per-timestep/per-level spatial mean,actual_vs_uniform_q,24,dec_s1_post_skip,hotspot_gaussian,3.2102439403533936,3.0020089149475098,3.145754337310791,-0.2082350254058838,-0.06448960304260254,0.30969623345977393,36.47747747747748,259.5189286960998,21.47747747747748,269.5189286960998
great_plains_2020031912_top06_2020,great_plains,top06_2020,precip_large_zwd,q,q,q850_box_mean_g_per_kg,per-timestep/per-level spatial mean,actual_vs_uniform_q,24,dec_s1_post_skip,low_near_gaussian,3.2102439403533936,3.0020089149475098,3.1935579776763916,-0.2082350254058838,-0.016685962677001953,0.08013043264205101,36.47747747747748,259.5189286960998,21.47747747747748,269.5189286960998
great_plains_2020031912_top06_2020,great_plains,top06_2020,precip_large_zwd,q,q,q850_box_mean_g_per_kg,per-timestep/per-level spatial mean,actual_vs_uniform_q,24,dec_s1_post_skip,remote_control,3.2102439403533936,3.0020089149475098,3.2173285484313965,-0.2082350254058838,0.00708460807800293,-0.03402217309116889,36.47747747747748,259.5189286960998,21.47747747747748,269.5189286960998
great_plains_2020031912_top06_2020,great_plains,top06_2020,precip_large_zwd,q,q,q850_box_mean_g_per_kg,per-timestep/per-level spatial mean,actual_vs_uniform_q,24,dec_s2_pre_concat,whole,3.2102439403533936,3.0020089149475098,3.1552164554595947,-0.2082350254058838,-0.05502748489379883,0.26425662439131625,36.47747747747748,259.5189286960998,21.47747747747748,269.5189286960998
great_plains_2020031912_top06_2020,great_plains,top06_2020,precip_large_zwd,q,q,q850_box_mean_g_per_kg,per-timestep/per-level spatial mean,actual_vs_uniform_q,24,dec_s2_pre_concat,target_box,3.2102439403533936,3.0020089149475098,3.1547350883483887,-0.2082350254058838,-0.05550885200500488,0.26656827734339666,36.47747747747748,259.5189286960998,21.47747747747748,269.5189286960998
great_plains_2020031912_top06_2020,great_plains,top06_2020,precip_large_zwd,q,q,q850_box_mean_g_per_kg,per-timestep/per-level spatial mean,actual_vs_uniform_q,24,dec_s2_pre_concat,mountain_near,3.2102439403533936,3.0020089149475098,3.393061876296997,-0.2082350254058838,0.18281793594360352,-0.8779403733222196,36.47747747747748,259.5189286960998,21.47747747747748,269.5189286960998
great_plains_2020031912_top06_2020,great_plains,top06_2020,precip_large_zwd,q,q,q850_box_mean_g_per_kg,per-timestep/per-level spatial mean,actual_vs_uniform_q,24,dec_s2_pre_concat,upstream,3.2102439403533936,3.0020089149475098,3.2258636951446533,-0.2082350254058838,0.015619754791259766,-0.07501021867389664,36.47747747747748,259.5189286960998,21.47747747747748,269.5189286960998
great_plains_2020031912_top06_2020,great_plains,top06_2020,precip_large_zwd,q,q,q850_box_mean_g_per_kg,per-timestep/per-level spatial mean,actual_vs_uniform_q,24,dec_s2_pre_concat,hotspot_gaussian,3.2102439403533936,3.0020089149475098,3.145754337310791,-0.2082350254058838,-0.06448960304260254,0.30969623345977393,36.47747747747748,259.5189286960998,21.47747747747748,269.5189286960998
great_plains_2020031912_top06_2020,great_plains,top06_2020,precip_large_zwd,q,q,q850_box_mean_g_per_kg,per-timestep/per-level spatial mean,actual_vs_uniform_q,24,dec_s2_pre_concat,low_near_gaussian,3.2102439403533936,3.0020089149475098,3.1935579776763916,-0.2082350254058838,-0.016685962677001953,0.08013043264205101,36.47747747747748,259.5189286960998,21.47747747747748,269.5189286960998
great_plains_2020031912_top06_2020,great_plains,top06_2020,precip_large_zwd,q,q,q850_box_mean_g_per_kg,per-timestep/per-level spatial mean,actual_vs_uniform_q,24,dec_s2_pre_concat,remote_control,3.2102439403533936,3.0020089149475098,3.2173285484313965,-0.2082350254058838,0.00708460807800293,-0.03402217309116889,36.47747747747748,259.5189286960998,21.47747747747748,269.5189286960998
great_plains_2020031912_top06_2020,great_plains,top06_2020,precip_large_zwd,q,q,q850_box_mean_g_per_kg,per-timestep/per-level spatial mean,actual_vs_uniform_q,24,dec_s2_post_concat,whole,3.2102439403533936,3.0020089149475098,3.0633718967437744,-0.2082350254058838,-0.14687204360961914,0.7053186337089149,36.47747747747748,259.5189286960998,21.47747747747748,269.5189286960998
great_plains_2020031912_top06_2020,great_plains,top06_2020,precip_large_zwd,q,q,q850_box_mean_g_per_kg,per-timestep/per-level spatial mean,actual_vs_uniform_q,24,dec_s2_post_concat,target_box,3.2102439403533936,3.0020089149475098,3.1637673377990723,-0.2082350254058838,-0.04647660255432129,0.22319301214447887,36.47747747747748,259.5189286960998,21.47747747747748,269.5189286960998
great_plains_2020031912_top06_2020,great_plains,top06_2020,precip_large_zwd,q,q,q850_box_mean_g_per_kg,per-timestep/per-level spatial mean,actual_vs_uniform_q,24,dec_s2_post_concat,mountain_near,3.2102439403533936,3.0020089149475098,3.404050350189209,-0.2082350254058838,0.19380640983581543,-0.9307099488093098,36.47747747747748,259.5189286960998,21.47747747747748,269.5189286960998
great_plains_2020031912_top06_2020,great_plains,top06_2020,precip_large_zwd,q,q,q850_box_mean_g_per_kg,per-timestep/per-level spatial mean,actual_vs_uniform_q,24,dec_s2_post_concat,upstream,3.2102439403533936,3.0020089149475098,3.1882073879241943,-0.2082350254058838,-0.02203655242919922,0.10582538833823181,36.47747747747748,259.5189286960998,21.47747747747748,269.5189286960998
great_plains_2020031912_top06_2020,great_plains,top06_2020,precip_large_zwd,q,q,q850_box_mean_g_per_kg,per-timestep/per-level spatial mean,actual_vs_uniform_q,24,dec_s2_post_concat,hotspot_gaussian,3.2102439403533936,3.0020089149475098,3.062622308731079,-0.2082350254058838,-0.14762163162231445,0.7089183547992274,36.47747747747748,259.5189286960998,21.47747747747748,269.5189286960998
great_plains_2020031912_top06_2020,great_plains,top06_2020,precip_large_zwd,q,q,q850_box_mean_g_per_kg,per-timestep/per-level spatial mean,actual_vs_uniform_q,24,dec_s2_post_concat,low_near_gaussian,3.2102439403533936,3.0020089149475098,3.1922826766967773,-0.2082350254058838,-0.01796126365661621,0.08625476728329828,36.47747747747748,259.5189286960998,21.47747747747748,269.5189286960998
great_plains_2020031912_top06_2020,great_plains,top06_2020,precip_large_zwd,q,q,q850_box_mean_g_per_kg,per-timestep/per-level spatial mean,actual_vs_uniform_q,24,dec_s2_post_concat,remote_control,3.2102439403533936,3.0020089149475098,3.21942400932312,-0.2082350254058838,0.009180068969726562,-0.04408513386176567,36.47747747747748,259.5189286960998,21.47747747747748,269.5189286960998
