case_id,target,role,model_key,variable,input_name,target_metric,baseline,contrast,lead_h,patch_site,patch_region,score_base,score_source,score_patched,delta_source_minus_base,delta_patched_minus_base,recovery,hotspot_lat,hotspot_lon,low_near_lat,low_near_lon
cascades_sierra_2020042300_top04_2020,cascades_sierra,top04_2020,precip_large_zwd,zwd,zwd,q850_box_mean_g_per_kg,per-timestep spatial mean,actual_vs_uniform_zwd,6,enc_s0_skip,whole,6.705500602722168,6.6551594734191895,6.644637584686279,-0.050341129302978516,-0.06086301803588867,1.2090117738436912,39.47747747747748,239.69295654039695,59.47747747747748,239.69295654039695
cascades_sierra_2020042300_top04_2020,cascades_sierra,top04_2020,precip_large_zwd,zwd,zwd,q850_box_mean_g_per_kg,per-timestep spatial mean,actual_vs_uniform_zwd,6,enc_s0_skip,target_box,6.705500602722168,6.6551594734191895,6.655755519866943,-0.050341129302978516,-0.04974508285522461,0.9881598514771769,39.47747747747748,239.69295654039695,59.47747747747748,239.69295654039695
cascades_sierra_2020042300_top04_2020,cascades_sierra,top04_2020,precip_large_zwd,zwd,zwd,q850_box_mean_g_per_kg,per-timestep spatial mean,actual_vs_uniform_zwd,6,enc_s0_skip,mountain_near,6.705500602722168,6.6551594734191895,6.636479377746582,-0.050341129302978516,-0.06902122497558594,1.371070254705275,39.47747747747748,239.69295654039695,59.47747747747748,239.69295654039695
cascades_sierra_2020042300_top04_2020,cascades_sierra,top04_2020,precip_large_zwd,zwd,zwd,q850_box_mean_g_per_kg,per-timestep spatial mean,actual_vs_uniform_zwd,6,enc_s0_skip,upstream,6.705500602722168,6.6551594734191895,6.7005295753479,-0.050341129302978516,-0.004971027374267578,0.09874683868034441,39.47747747747748,239.69295654039695,59.47747747747748,239.69295654039695
cascades_sierra_2020042300_top04_2020,cascades_sierra,top04_2020,precip_large_zwd,zwd,zwd,q850_box_mean_g_per_kg,per-timestep spatial mean,actual_vs_uniform_zwd,6,enc_s0_skip,hotspot_gaussian,6.705500602722168,6.6551594734191895,6.654472827911377,-0.050341129302978516,-0.051027774810791016,1.0136398510982922,39.47747747747748,239.69295654039695,59.47747747747748,239.69295654039695
cascades_sierra_2020042300_top04_2020,cascades_sierra,top04_2020,precip_large_zwd,zwd,zwd,q850_box_mean_g_per_kg,per-timestep spatial mean,actual_vs_uniform_zwd,6,enc_s0_skip,low_near_gaussian,6.705500602722168,6.6551594734191895,6.7040486335754395,-0.050341129302978516,-0.0014519691467285156,0.028842601801597,39.47747747747748,239.69295654039695,59.47747747747748,239.69295654039695
cascades_sierra_2020042300_top04_2020,cascades_sierra,top04_2020,precip_large_zwd,zwd,zwd,q850_box_mean_g_per_kg,per-timestep spatial mean,actual_vs_uniform_zwd,6,enc_s0_skip,remote_control,6.705500602722168,6.6551594734191895,6.705409526824951,-0.050341129302978516,-9.107589721679688e-05,0.0018091746942873652,39.47747747747748,239.69295654039695,59.47747747747748,239.69295654039695
cascades_sierra_2020042300_top04_2020,cascades_sierra,top04_2020,precip_large_zwd,zwd,zwd,q850_box_mean_g_per_kg,per-timestep spatial mean,actual_vs_uniform_zwd,6,enc_s1_skip,whole,6.705500602722168,6.6551594734191895,6.705500602722168,-0.050341129302978516,0.0,-0.0,39.47747747747748,239.69295654039695,59.47747747747748,239.69295654039695
cascades_sierra_2020042300_top04_2020,cascades_sierra,top04_2020,precip_large_zwd,zwd,zwd,q850_box_mean_g_per_kg,per-timestep spatial mean,actual_vs_uniform_zwd,6,enc_s1_skip,target_box,6.705500602722168,6.6551594734191895,6.705500602722168,-0.050341129302978516,0.0,-0.0,39.47747747747748,239.69295654039695,59.47747747747748,239.69295654039695
cascades_sierra_2020042300_top04_2020,cascades_sierra,top04_2020,precip_large_zwd,zwd,zwd,q850_box_mean_g_per_kg,per-timestep spatial mean,actual_vs_uniform_zwd,6,enc_s1_skip,mountain_near,6.705500602722168,6.6551594734191895,6.705500602722168,-0.050341129302978516,0.0,-0.0,39.47747747747748,239.69295654039695,59.47747747747748,239.69295654039695
cascades_sierra_2020042300_top04_2020,cascades_sierra,top04_2020,precip_large_zwd,zwd,zwd,q850_box_mean_g_per_kg,per-timestep spatial mean,actual_vs_uniform_zwd,6,enc_s1_skip,upstream,6.705500602722168,6.6551594734191895,6.705500602722168,-0.050341129302978516,0.0,-0.0,39.47747747747748,239.69295654039695,59.47747747747748,239.69295654039695
cascades_sierra_2020042300_top04_2020,cascades_sierra,top04_2020,precip_large_zwd,zwd,zwd,q850_box_mean_g_per_kg,per-timestep spatial mean,actual_vs_uniform_zwd,6,enc_s1_skip,hotspot_gaussian,6.705500602722168,6.6551594734191895,6.705500602722168,-0.050341129302978516,0.0,-0.0,39.47747747747748,239.69295654039695,59.47747747747748,239.69295654039695
cascades_sierra_2020042300_top04_2020,cascades_sierra,top04_2020,precip_large_zwd,zwd,zwd,q850_box_mean_g_per_kg,per-timestep spatial mean,actual_vs_uniform_zwd,6,enc_s1_skip,low_near_gaussian,6.705500602722168,6.6551594734191895,6.705500602722168,-0.050341129302978516,0.0,-0.0,39.47747747747748,239.69295654039695,59.47747747747748,239.69295654039695
cascades_sierra_2020042300_top04_2020,cascades_sierra,top04_2020,precip_large_zwd,zwd,zwd,q850_box_mean_g_per_kg,per-timestep spatial mean,actual_vs_uniform_zwd,6,enc_s1_skip,remote_control,6.705500602722168,6.6551594734191895,6.705500602722168,-0.050341129302978516,0.0,-0.0,39.47747747747748,239.69295654039695,59.47747747747748,239.69295654039695
cascades_sierra_2020042300_top04_2020,cascades_sierra,top04_2020,precip_large_zwd,zwd,zwd,q850_box_mean_g_per_kg,per-timestep spatial mean,actual_vs_uniform_zwd,6,enc_s2_bottleneck,whole,6.705500602722168,6.6551594734191895,6.715143203735352,-0.050341129302978516,0.009642601013183594,-0.1915451867428225,39.47747747747748,239.69295654039695,59.47747747747748,239.69295654039695
cascades_sierra_2020042300_top04_2020,cascades_sierra,top04_2020,precip_large_zwd,zwd,zwd,q850_box_mean_g_per_kg,per-timestep spatial mean,actual_vs_uniform_zwd,6,enc_s2_bottleneck,target_box,6.705500602722168,6.6551594734191895,6.707308769226074,-0.050341129302978516,0.00180816650390625,-0.03591827455883607,39.47747747747748,239.69295654039695,59.47747747747748,239.69295654039695
cascades_sierra_2020042300_top04_2020,cascades_sierra,top04_2020,precip_large_zwd,zwd,zwd,q850_box_mean_g_per_kg,per-timestep spatial mean,actual_vs_uniform_zwd,6,enc_s2_bottleneck,mountain_near,6.705500602722168,6.6551594734191895,6.7171854972839355,-0.050341129302978516,0.011684894561767578,-0.23211427164142348,39.47747747747748,239.69295654039695,59.47747747747748,239.69295654039695
cascades_sierra_2020042300_top04_2020,cascades_sierra,top04_2020,precip_large_zwd,zwd,zwd,q850_box_mean_g_per_kg,per-timestep spatial mean,actual_vs_uniform_zwd,6,enc_s2_bottleneck,upstream,6.705500602722168,6.6551594734191895,6.705982685089111,-0.050341129302978516,0.0004820823669433594,-0.0095763121252593,39.47747747747748,239.69295654039695,59.47747747747748,239.69295654039695
cascades_sierra_2020042300_top04_2020,cascades_sierra,top04_2020,precip_large_zwd,zwd,zwd,q850_box_mean_g_per_kg,per-timestep spatial mean,actual_vs_uniform_zwd,6,enc_s2_bottleneck,hotspot_gaussian,6.705500602722168,6.6551594734191895,6.7130022048950195,-0.050341129302978516,0.0075016021728515625,-0.14901537324884204,39.47747747747748,239.69295654039695,59.47747747747748,239.69295654039695
cascades_sierra_2020042300_top04_2020,cascades_sierra,top04_2020,precip_large_zwd,zwd,zwd,q850_box_mean_g_per_kg,per-timestep spatial mean,actual_vs_uniform_zwd,6,enc_s2_bottleneck,low_near_gaussian,6.705500602722168,6.6551594734191895,6.705859184265137,-0.050341129302978516,0.00035858154296875,-0.007123033351330359,39.47747747747748,239.69295654039695,59.47747747747748,239.69295654039695
cascades_sierra_2020042300_top04_2020,cascades_sierra,top04_2020,precip_large_zwd,zwd,zwd,q850_box_mean_g_per_kg,per-timestep spatial mean,actual_vs_uniform_zwd,6,enc_s2_bottleneck,remote_control,6.705500602722168,6.6551594734191895,6.702970504760742,-0.050341129302978516,-0.0025300979614257812,0.05025906244967937,39.47747747747748,239.69295654039695,59.47747747747748,239.69295654039695
cascades_sierra_2020042300_top04_2020,cascades_sierra,top04_2020,precip_large_zwd,zwd,zwd,q850_box_mean_g_per_kg,per-timestep spatial mean,actual_vs_uniform_zwd,6,dec_s0_pre_skip,whole,6.705500602722168,6.6551594734191895,6.715143203735352,-0.050341129302978516,0.009642601013183594,-0.1915451867428225,39.47747747747748,239.69295654039695,59.47747747747748,239.69295654039695
cascades_sierra_2020042300_top04_2020,cascades_sierra,top04_2020,precip_large_zwd,zwd,zwd,q850_box_mean_g_per_kg,per-timestep spatial mean,actual_vs_uniform_zwd,6,dec_s0_pre_skip,target_box,6.705500602722168,6.6551594734191895,6.707308769226074,-0.050341129302978516,0.00180816650390625,-0.03591827455883607,39.47747747747748,239.69295654039695,59.47747747747748,239.69295654039695
cascades_sierra_2020042300_top04_2020,cascades_sierra,top04_2020,precip_large_zwd,zwd,zwd,q850_box_mean_g_per_kg,per-timestep spatial mean,actual_vs_uniform_zwd,6,dec_s0_pre_skip,mountain_near,6.705500602722168,6.6551594734191895,6.7171854972839355,-0.050341129302978516,0.011684894561767578,-0.23211427164142348,39.47747747747748,239.69295654039695,59.47747747747748,239.69295654039695
cascades_sierra_2020042300_top04_2020,cascades_sierra,top04_2020,precip_large_zwd,zwd,zwd,q850_box_mean_g_per_kg,per-timestep spatial mean,actual_vs_uniform_zwd,6,dec_s0_pre_skip,upstream,6.705500602722168,6.6551594734191895,6.705982685089111,-0.050341129302978516,0.0004820823669433594,-0.0095763121252593,39.47747747747748,239.69295654039695,59.47747747747748,239.69295654039695
cascades_sierra_2020042300_top04_2020,cascades_sierra,top04_2020,precip_large_zwd,zwd,zwd,q850_box_mean_g_per_kg,per-timestep spatial mean,actual_vs_uniform_zwd,6,dec_s0_pre_skip,hotspot_gaussian,6.705500602722168,6.6551594734191895,6.7130022048950195,-0.050341129302978516,0.0075016021728515625,-0.14901537324884204,39.47747747747748,239.69295654039695,59.47747747747748,239.69295654039695
cascades_sierra_2020042300_top04_2020,cascades_sierra,top04_2020,precip_large_zwd,zwd,zwd,q850_box_mean_g_per_kg,per-timestep spatial mean,actual_vs_uniform_zwd,6,dec_s0_pre_skip,low_near_gaussian,6.705500602722168,6.6551594734191895,6.705859184265137,-0.050341129302978516,0.00035858154296875,-0.007123033351330359,39.47747747747748,239.69295654039695,59.47747747747748,239.69295654039695
cascades_sierra_2020042300_top04_2020,cascades_sierra,top04_2020,precip_large_zwd,zwd,zwd,q850_box_mean_g_per_kg,per-timestep spatial mean,actual_vs_uniform_zwd,6,dec_s0_pre_skip,remote_control,6.705500602722168,6.6551594734191895,6.702970504760742,-0.050341129302978516,-0.0025300979614257812,0.05025906244967937,39.47747747747748,239.69295654039695,59.47747747747748,239.69295654039695
cascades_sierra_2020042300_top04_2020,cascades_sierra,top04_2020,precip_large_zwd,zwd,zwd,q850_box_mean_g_per_kg,per-timestep spatial mean,actual_vs_uniform_zwd,6,dec_s1_pre_skip,whole,6.705500602722168,6.6551594734191895,6.715238571166992,-0.050341129302978516,0.009737968444824219,-0.19343961050647418,39.47747747747748,239.69295654039695,59.47747747747748,239.69295654039695
cascades_sierra_2020042300_top04_2020,cascades_sierra,top04_2020,precip_large_zwd,zwd,zwd,q850_box_mean_g_per_kg,per-timestep spatial mean,actual_vs_uniform_zwd,6,dec_s1_pre_skip,target_box,6.705500602722168,6.6551594734191895,6.710816860198975,-0.050341129302978516,0.005316257476806641,-0.10560465270476353,39.47747747747748,239.69295654039695,59.47747747747748,239.69295654039695
cascades_sierra_2020042300_top04_2020,cascades_sierra,top04_2020,precip_large_zwd,zwd,zwd,q850_box_mean_g_per_kg,per-timestep spatial mean,actual_vs_uniform_zwd,6,dec_s1_pre_skip,mountain_near,6.705500602722168,6.6551594734191895,6.719794750213623,-0.050341129302978516,0.014294147491455078,-0.2839457058149337,39.47747747747748,239.69295654039695,59.47747747747748,239.69295654039695
cascades_sierra_2020042300_top04_2020,cascades_sierra,top04_2020,precip_large_zwd,zwd,zwd,q850_box_mean_g_per_kg,per-timestep spatial mean,actual_vs_uniform_zwd,6,dec_s1_pre_skip,upstream,6.705500602722168,6.6551594734191895,6.704444408416748,-0.050341129302978516,-0.0010561943054199219,0.02098074318244248,39.47747747747748,239.69295654039695,59.47747747747748,239.69295654039695
cascades_sierra_2020042300_top04_2020,cascades_sierra,top04_2020,precip_large_zwd,zwd,zwd,q850_box_mean_g_per_kg,per-timestep spatial mean,actual_vs_uniform_zwd,6,dec_s1_pre_skip,hotspot_gaussian,6.705500602722168,6.6551594734191895,6.7124505043029785,-0.050341129302978516,0.006949901580810547,-0.138056131776117,39.47747747747748,239.69295654039695,59.47747747747748,239.69295654039695
cascades_sierra_2020042300_top04_2020,cascades_sierra,top04_2020,precip_large_zwd,zwd,zwd,q850_box_mean_g_per_kg,per-timestep spatial mean,actual_vs_uniform_zwd,6,dec_s1_pre_skip,low_near_gaussian,6.705500602722168,6.6551594734191895,6.70430326461792,-0.050341129302978516,-0.0011973381042480469,0.023784490352646983,39.47747747747748,239.69295654039695,59.47747747747748,239.69295654039695
cascades_sierra_2020042300_top04_2020,cascades_sierra,top04_2020,precip_large_zwd,zwd,zwd,q850_box_mean_g_per_kg,per-timestep spatial mean,actual_vs_uniform_zwd,6,dec_s1_pre_skip,remote_control,6.705500602722168,6.6551594734191895,6.705576419830322,-0.050341129302978516,7.581710815429688e-05,-0.0015060668921030944,39.47747747747748,239.69295654039695,59.47747747747748,239.69295654039695
cascades_sierra_2020042300_top04_2020,cascades_sierra,top04_2020,precip_large_zwd,zwd,zwd,q850_box_mean_g_per_kg,per-timestep spatial mean,actual_vs_uniform_zwd,6,dec_s1_post_skip,whole,6.705500602722168,6.6551594734191895,6.676314353942871,-0.050341129302978516,-0.029186248779296875,0.5797694486279635,39.47747747747748,239.69295654039695,59.47747747747748,239.69295654039695
cascades_sierra_2020042300_top04_2020,cascades_sierra,top04_2020,precip_large_zwd,zwd,zwd,q850_box_mean_g_per_kg,per-timestep spatial mean,actual_vs_uniform_zwd,6,dec_s1_post_skip,target_box,6.705500602722168,6.6551594734191895,6.683516025543213,-0.050341129302978516,-0.021984577178955078,0.4367120381158061,39.47747747747748,239.69295654039695,59.47747747747748,239.69295654039695
cascades_sierra_2020042300_top04_2020,cascades_sierra,top04_2020,precip_large_zwd,zwd,zwd,q850_box_mean_g_per_kg,per-timestep spatial mean,actual_vs_uniform_zwd,6,dec_s1_post_skip,mountain_near,6.705500602722168,6.6551594734191895,6.671842098236084,-0.050341129302978516,-0.033658504486083984,0.6686084510244097,39.47747747747748,239.69295654039695,59.47747747747748,239.69295654039695
cascades_sierra_2020042300_top04_2020,cascades_sierra,top04_2020,precip_large_zwd,zwd,zwd,q850_box_mean_g_per_kg,per-timestep spatial mean,actual_vs_uniform_zwd,6,dec_s1_post_skip,upstream,6.705500602722168,6.6551594734191895,6.709874629974365,-0.050341129302978516,0.004374027252197266,-0.08688774591988482,39.47747747747748,239.69295654039695,59.47747747747748,239.69295654039695
cascades_sierra_2020042300_top04_2020,cascades_sierra,top04_2020,precip_large_zwd,zwd,zwd,q850_box_mean_g_per_kg,per-timestep spatial mean,actual_vs_uniform_zwd,6,dec_s1_post_skip,hotspot_gaussian,6.705500602722168,6.6551594734191895,6.681447505950928,-0.050341129302978516,-0.024053096771240234,0.47780208954941134,39.47747747747748,239.69295654039695,59.47747747747748,239.69295654039695
cascades_sierra_2020042300_top04_2020,cascades_sierra,top04_2020,precip_large_zwd,zwd,zwd,q850_box_mean_g_per_kg,per-timestep spatial mean,actual_vs_uniform_zwd,6,dec_s1_post_skip,low_near_gaussian,6.705500602722168,6.6551594734191895,6.705076217651367,-0.050341129302978516,-0.00042438507080078125,0.008430185748250026,39.47747747747748,239.69295654039695,59.47747747747748,239.69295654039695
cascades_sierra_2020042300_top04_2020,cascades_sierra,top04_2020,precip_large_zwd,zwd,zwd,q850_box_mean_g_per_kg,per-timestep spatial mean,actual_vs_uniform_zwd,6,dec_s1_post_skip,remote_control,6.705500602722168,6.6551594734191895,6.705359935760498,-0.050341129302978516,-0.00014066696166992188,0.002794275051386245,39.47747747747748,239.69295654039695,59.47747747747748,239.69295654039695
cascades_sierra_2020042300_top04_2020,cascades_sierra,top04_2020,precip_large_zwd,zwd,zwd,q850_box_mean_g_per_kg,per-timestep spatial mean,actual_vs_uniform_zwd,6,dec_s2_pre_concat,whole,6.705500602722168,6.6551594734191895,6.676314353942871,-0.050341129302978516,-0.029186248779296875,0.5797694486279635,39.47747747747748,239.69295654039695,59.47747747747748,239.69295654039695
cascades_sierra_2020042300_top04_2020,cascades_sierra,top04_2020,precip_large_zwd,zwd,zwd,q850_box_mean_g_per_kg,per-timestep spatial mean,actual_vs_uniform_zwd,6,dec_s2_pre_concat,target_box,6.705500602722168,6.6551594734191895,6.683516025543213,-0.050341129302978516,-0.021984577178955078,0.4367120381158061,39.47747747747748,239.69295654039695,59.47747747747748,239.69295654039695
cascades_sierra_2020042300_top04_2020,cascades_sierra,top04_2020,precip_large_zwd,zwd,zwd,q850_box_mean_g_per_kg,per-timestep spatial mean,actual_vs_uniform_zwd,6,dec_s2_pre_concat,mountain_near,6.705500602722168,6.6551594734191895,6.671842098236084,-0.050341129302978516,-0.033658504486083984,0.6686084510244097,39.47747747747748,239.69295654039695,59.47747747747748,239.69295654039695
cascades_sierra_2020042300_top04_2020,cascades_sierra,top04_2020,precip_large_zwd,zwd,zwd,q850_box_mean_g_per_kg,per-timestep spatial mean,actual_vs_uniform_zwd,6,dec_s2_pre_concat,upstream,6.705500602722168,6.6551594734191895,6.709874629974365,-0.050341129302978516,0.004374027252197266,-0.08688774591988482,39.47747747747748,239.69295654039695,59.47747747747748,239.69295654039695
cascades_sierra_2020042300_top04_2020,cascades_sierra,top04_2020,precip_large_zwd,zwd,zwd,q850_box_mean_g_per_kg,per-timestep spatial mean,actual_vs_uniform_zwd,6,dec_s2_pre_concat,hotspot_gaussian,6.705500602722168,6.6551594734191895,6.681447505950928,-0.050341129302978516,-0.024053096771240234,0.47780208954941134,39.47747747747748,239.69295654039695,59.47747747747748,239.69295654039695
cascades_sierra_2020042300_top04_2020,cascades_sierra,top04_2020,precip_large_zwd,zwd,zwd,q850_box_mean_g_per_kg,per-timestep spatial mean,actual_vs_uniform_zwd,6,dec_s2_pre_concat,low_near_gaussian,6.705500602722168,6.6551594734191895,6.705076217651367,-0.050341129302978516,-0.00042438507080078125,0.008430185748250026,39.47747747747748,239.69295654039695,59.47747747747748,239.69295654039695
cascades_sierra_2020042300_top04_2020,cascades_sierra,top04_2020,precip_large_zwd,zwd,zwd,q850_box_mean_g_per_kg,per-timestep spatial mean,actual_vs_uniform_zwd,6,dec_s2_pre_concat,remote_control,6.705500602722168,6.6551594734191895,6.705359935760498,-0.050341129302978516,-0.00014066696166992188,0.002794275051386245,39.47747747747748,239.69295654039695,59.47747747747748,239.69295654039695
cascades_sierra_2020042300_top04_2020,cascades_sierra,top04_2020,precip_large_zwd,zwd,zwd,q850_box_mean_g_per_kg,per-timestep spatial mean,actual_vs_uniform_zwd,6,dec_s2_post_concat,whole,6.705500602722168,6.6551594734191895,6.655173301696777,-0.050341129302978516,-0.050327301025390625,0.9997253085542706,39.47747747747748,239.69295654039695,59.47747747747748,239.69295654039695
cascades_sierra_2020042300_top04_2020,cascades_sierra,top04_2020,precip_large_zwd,zwd,zwd,q850_box_mean_g_per_kg,per-timestep spatial mean,actual_vs_uniform_zwd,6,dec_s2_post_concat,target_box,6.705500602722168,6.6551594734191895,6.660497665405273,-0.050341129302978516,-0.04500293731689453,0.8939596298295965,39.47747747747748,239.69295654039695,59.47747747747748,239.69295654039695
cascades_sierra_2020042300_top04_2020,cascades_sierra,top04_2020,precip_large_zwd,zwd,zwd,q850_box_mean_g_per_kg,per-timestep spatial mean,actual_vs_uniform_zwd,6,dec_s2_post_concat,mountain_near,6.705500602722168,6.6551594734191895,6.65430212020874,-0.050341129302978516,-0.051198482513427734,1.0170308696352286,39.47747747747748,239.69295654039695,59.47747747747748,239.69295654039695
cascades_sierra_2020042300_top04_2020,cascades_sierra,top04_2020,precip_large_zwd,zwd,zwd,q850_box_mean_g_per_kg,per-timestep spatial mean,actual_vs_uniform_zwd,6,dec_s2_post_concat,upstream,6.705500602722168,6.6551594734191895,6.703256607055664,-0.050341129302978516,-0.0022439956665039062,0.044575791158724294,39.47747747747748,239.69295654039695,59.47747747747748,239.69295654039695
cascades_sierra_2020042300_top04_2020,cascades_sierra,top04_2020,precip_large_zwd,zwd,zwd,q850_box_mean_g_per_kg,per-timestep spatial mean,actual_vs_uniform_zwd,6,dec_s2_post_concat,hotspot_gaussian,6.705500602722168,6.6551594734191895,6.661404132843018,-0.050341129302978516,-0.04409646987915039,0.8759531319560873,39.47747747747748,239.69295654039695,59.47747747747748,239.69295654039695
cascades_sierra_2020042300_top04_2020,cascades_sierra,top04_2020,precip_large_zwd,zwd,zwd,q850_box_mean_g_per_kg,per-timestep spatial mean,actual_vs_uniform_zwd,6,dec_s2_post_concat,low_near_gaussian,6.705500602722168,6.6551594734191895,6.704618453979492,-0.050341129302978516,-0.0008821487426757812,0.017523419813778144,39.47747747747748,239.69295654039695,59.47747747747748,239.69295654039695
cascades_sierra_2020042300_top04_2020,cascades_sierra,top04_2020,precip_large_zwd,zwd,zwd,q850_box_mean_g_per_kg,per-timestep spatial mean,actual_vs_uniform_zwd,6,dec_s2_post_concat,remote_control,6.705500602722168,6.6551594734191895,6.705561637878418,-0.050341129302978516,6.103515625e-05,-0.0012124312087370824,39.47747747747748,239.69295654039695,59.47747747747748,239.69295654039695
cascades_sierra_2020042300_top04_2020,cascades_sierra,top04_2020,precip_large_zwd,zwd,zwd,q850_box_mean_g_per_kg,per-timestep spatial mean,actual_vs_uniform_zwd,12,enc_s0_skip,whole,5.822921276092529,5.8054423332214355,5.799319744110107,-0.01747894287109375,-0.023601531982421875,1.3502837189000436,39.47747747747748,239.69295654039695,59.47747747747748,239.69295654039695
cascades_sierra_2020042300_top04_2020,cascades_sierra,top04_2020,precip_large_zwd,zwd,zwd,q850_box_mean_g_per_kg,per-timestep spatial mean,actual_vs_uniform_zwd,12,enc_s0_skip,target_box,5.822921276092529,5.8054423332214355,5.790029048919678,-0.01747894287109375,-0.03289222717285156,1.881820165866434,39.47747747747748,239.69295654039695,59.47747747747748,239.69295654039695
cascades_sierra_2020042300_top04_2020,cascades_sierra,top04_2020,precip_large_zwd,zwd,zwd,q850_box_mean_g_per_kg,per-timestep spatial mean,actual_vs_uniform_zwd,12,enc_s0_skip,mountain_near,5.822921276092529,5.8054423332214355,5.795599937438965,-0.01747894287109375,-0.027321338653564453,1.5631001745962463,39.47747747747748,239.69295654039695,59.47747747747748,239.69295654039695
cascades_sierra_2020042300_top04_2020,cascades_sierra,top04_2020,precip_large_zwd,zwd,zwd,q850_box_mean_g_per_kg,per-timestep spatial mean,actual_vs_uniform_zwd,12,enc_s0_skip,upstream,5.822921276092529,5.8054423332214355,5.814453125,-0.01747894287109375,-0.008468151092529297,0.48447730248799653,39.47747747747748,239.69295654039695,59.47747747747748,239.69295654039695
cascades_sierra_2020042300_top04_2020,cascades_sierra,top04_2020,precip_large_zwd,zwd,zwd,q850_box_mean_g_per_kg,per-timestep spatial mean,actual_vs_uniform_zwd,12,enc_s0_skip,hotspot_gaussian,5.822921276092529,5.8054423332214355,5.7993059158325195,-0.01747894287109375,-0.023615360260009766,1.35107485814055,39.47747747747748,239.69295654039695,59.47747747747748,239.69295654039695
cascades_sierra_2020042300_top04_2020,cascades_sierra,top04_2020,precip_large_zwd,zwd,zwd,q850_box_mean_g_per_kg,per-timestep spatial mean,actual_vs_uniform_zwd,12,enc_s0_skip,low_near_gaussian,5.822921276092529,5.8054423332214355,5.823582649230957,-0.01747894287109375,0.0006613731384277344,-0.03783828022697512,39.47747747747748,239.69295654039695,59.47747747747748,239.69295654039695
cascades_sierra_2020042300_top04_2020,cascades_sierra,top04_2020,precip_large_zwd,zwd,zwd,q850_box_mean_g_per_kg,per-timestep spatial mean,actual_vs_uniform_zwd,12,enc_s0_skip,remote_control,5.822921276092529,5.8054423332214355,5.82028865814209,-0.01747894287109375,-0.002632617950439453,0.15061654299432561,39.47747747747748,239.69295654039695,59.47747747747748,239.69295654039695
cascades_sierra_2020042300_top04_2020,cascades_sierra,top04_2020,precip_large_zwd,zwd,zwd,q850_box_mean_g_per_kg,per-timestep spatial mean,actual_vs_uniform_zwd,12,enc_s1_skip,whole,5.822921276092529,5.8054423332214355,5.822921276092529,-0.01747894287109375,0.0,-0.0,39.47747747747748,239.69295654039695,59.47747747747748,239.69295654039695
cascades_sierra_2020042300_top04_2020,cascades_sierra,top04_2020,precip_large_zwd,zwd,zwd,q850_box_mean_g_per_kg,per-timestep spatial mean,actual_vs_uniform_zwd,12,enc_s1_skip,target_box,5.822921276092529,5.8054423332214355,5.822921276092529,-0.01747894287109375,0.0,-0.0,39.47747747747748,239.69295654039695,59.47747747747748,239.69295654039695
cascades_sierra_2020042300_top04_2020,cascades_sierra,top04_2020,precip_large_zwd,zwd,zwd,q850_box_mean_g_per_kg,per-timestep spatial mean,actual_vs_uniform_zwd,12,enc_s1_skip,mountain_near,5.822921276092529,5.8054423332214355,5.822921276092529,-0.01747894287109375,0.0,-0.0,39.47747747747748,239.69295654039695,59.47747747747748,239.69295654039695
cascades_sierra_2020042300_top04_2020,cascades_sierra,top04_2020,precip_large_zwd,zwd,zwd,q850_box_mean_g_per_kg,per-timestep spatial mean,actual_vs_uniform_zwd,12,enc_s1_skip,upstream,5.822921276092529,5.8054423332214355,5.822921276092529,-0.01747894287109375,0.0,-0.0,39.47747747747748,239.69295654039695,59.47747747747748,239.69295654039695
cascades_sierra_2020042300_top04_2020,cascades_sierra,top04_2020,precip_large_zwd,zwd,zwd,q850_box_mean_g_per_kg,per-timestep spatial mean,actual_vs_uniform_zwd,12,enc_s1_skip,hotspot_gaussian,5.822921276092529,5.8054423332214355,5.822921276092529,-0.01747894287109375,0.0,-0.0,39.47747747747748,239.69295654039695,59.47747747747748,239.69295654039695
cascades_sierra_2020042300_top04_2020,cascades_sierra,top04_2020,precip_large_zwd,zwd,zwd,q850_box_mean_g_per_kg,per-timestep spatial mean,actual_vs_uniform_zwd,12,enc_s1_skip,low_near_gaussian,5.822921276092529,5.8054423332214355,5.822921276092529,-0.01747894287109375,0.0,-0.0,39.47747747747748,239.69295654039695,59.47747747747748,239.69295654039695
cascades_sierra_2020042300_top04_2020,cascades_sierra,top04_2020,precip_large_zwd,zwd,zwd,q850_box_mean_g_per_kg,per-timestep spatial mean,actual_vs_uniform_zwd,12,enc_s1_skip,remote_control,5.822921276092529,5.8054423332214355,5.822921276092529,-0.01747894287109375,0.0,-0.0,39.47747747747748,239.69295654039695,59.47747747747748,239.69295654039695
cascades_sierra_2020042300_top04_2020,cascades_sierra,top04_2020,precip_large_zwd,zwd,zwd,q850_box_mean_g_per_kg,per-timestep spatial mean,actual_vs_uniform_zwd,12,enc_s2_bottleneck,whole,5.822921276092529,5.8054423332214355,5.837124824523926,-0.01747894287109375,0.014203548431396484,-0.812609122653863,39.47747747747748,239.69295654039695,59.47747747747748,239.69295654039695
cascades_sierra_2020042300_top04_2020,cascades_sierra,top04_2020,precip_large_zwd,zwd,zwd,q850_box_mean_g_per_kg,per-timestep spatial mean,actual_vs_uniform_zwd,12,enc_s2_bottleneck,target_box,5.822921276092529,5.8054423332214355,5.825965881347656,-0.01747894287109375,0.003044605255126953,-0.1741870362287211,39.47747747747748,239.69295654039695,59.47747747747748,239.69295654039695
cascades_sierra_2020042300_top04_2020,cascades_sierra,top04_2020,precip_large_zwd,zwd,zwd,q850_box_mean_g_per_kg,per-timestep spatial mean,actual_vs_uniform_zwd,12,enc_s2_bottleneck,mountain_near,5.822921276092529,5.8054423332214355,5.837401866912842,-0.01747894287109375,0.0144805908203125,-0.8284591881274552,39.47747747747748,239.69295654039695,59.47747747747748,239.69295654039695
cascades_sierra_2020042300_top04_2020,cascades_sierra,top04_2020,precip_large_zwd,zwd,zwd,q850_box_mean_g_per_kg,per-timestep spatial mean,actual_vs_uniform_zwd,12,enc_s2_bottleneck,upstream,5.822921276092529,5.8054423332214355,5.81996488571167,-0.01747894287109375,-0.002956390380859375,0.16914011348756003,39.47747747747748,239.69295654039695,59.47747747747748,239.69295654039695
cascades_sierra_2020042300_top04_2020,cascades_sierra,top04_2020,precip_large_zwd,zwd,zwd,q850_box_mean_g_per_kg,per-timestep spatial mean,actual_vs_uniform_zwd,12,enc_s2_bottleneck,hotspot_gaussian,5.822921276092529,5.8054423332214355,5.831330299377441,-0.01747894287109375,0.00840902328491211,-0.4810945002182453,39.47747747747748,239.69295654039695,59.47747747747748,239.69295654039695
cascades_sierra_2020042300_top04_2020,cascades_sierra,top04_2020,precip_large_zwd,zwd,zwd,q850_box_mean_g_per_kg,per-timestep spatial mean,actual_vs_uniform_zwd,12,enc_s2_bottleneck,low_near_gaussian,5.822921276092529,5.8054423332214355,5.822847366333008,-0.01747894287109375,-7.390975952148438e-05,0.004228502837189001,39.47747747747748,239.69295654039695,59.47747747747748,239.69295654039695
cascades_sierra_2020042300_top04_2020,cascades_sierra,top04_2020,precip_large_zwd,zwd,zwd,q850_box_mean_g_per_kg,per-timestep spatial mean,actual_vs_uniform_zwd,12,enc_s2_bottleneck,remote_control,5.822921276092529,5.8054423332214355,5.818483352661133,-0.01747894287109375,-0.004437923431396484,0.2539011348756002,39.47747747747748,239.69295654039695,59.47747747747748,239.69295654039695
cascades_sierra_2020042300_top04_2020,cascades_sierra,top04_2020,precip_large_zwd,zwd,zwd,q850_box_mean_g_per_kg,per-timestep spatial mean,actual_vs_uniform_zwd,12,dec_s0_pre_skip,whole,5.822921276092529,5.8054423332214355,5.837124824523926,-0.01747894287109375,0.014203548431396484,-0.812609122653863,39.47747747747748,239.69295654039695,59.47747747747748,239.69295654039695
cascades_sierra_2020042300_top04_2020,cascades_sierra,top04_2020,precip_large_zwd,zwd,zwd,q850_box_mean_g_per_kg,per-timestep spatial mean,actual_vs_uniform_zwd,12,dec_s0_pre_skip,target_box,5.822921276092529,5.8054423332214355,5.825965881347656,-0.01747894287109375,0.003044605255126953,-0.1741870362287211,39.47747747747748,239.69295654039695,59.47747747747748,239.69295654039695
cascades_sierra_2020042300_top04_2020,cascades_sierra,top04_2020,precip_large_zwd,zwd,zwd,q850_box_mean_g_per_kg,per-timestep spatial mean,actual_vs_uniform_zwd,12,dec_s0_pre_skip,mountain_near,5.822921276092529,5.8054423332214355,5.837401866912842,-0.01747894287109375,0.0144805908203125,-0.8284591881274552,39.47747747747748,239.69295654039695,59.47747747747748,239.69295654039695
cascades_sierra_2020042300_top04_2020,cascades_sierra,top04_2020,precip_large_zwd,zwd,zwd,q850_box_mean_g_per_kg,per-timestep spatial mean,actual_vs_uniform_zwd,12,dec_s0_pre_skip,upstream,5.822921276092529,5.8054423332214355,5.81996488571167,-0.01747894287109375,-0.002956390380859375,0.16914011348756003,39.47747747747748,239.69295654039695,59.47747747747748,239.69295654039695
cascades_sierra_2020042300_top04_2020,cascades_sierra,top04_2020,precip_large_zwd,zwd,zwd,q850_box_mean_g_per_kg,per-timestep spatial mean,actual_vs_uniform_zwd,12,dec_s0_pre_skip,hotspot_gaussian,5.822921276092529,5.8054423332214355,5.831330299377441,-0.01747894287109375,0.00840902328491211,-0.4810945002182453,39.47747747747748,239.69295654039695,59.47747747747748,239.69295654039695
cascades_sierra_2020042300_top04_2020,cascades_sierra,top04_2020,precip_large_zwd,zwd,zwd,q850_box_mean_g_per_kg,per-timestep spatial mean,actual_vs_uniform_zwd,12,dec_s0_pre_skip,low_near_gaussian,5.822921276092529,5.8054423332214355,5.822847366333008,-0.01747894287109375,-7.390975952148438e-05,0.004228502837189001,39.47747747747748,239.69295654039695,59.47747747747748,239.69295654039695
cascades_sierra_2020042300_top04_2020,cascades_sierra,top04_2020,precip_large_zwd,zwd,zwd,q850_box_mean_g_per_kg,per-timestep spatial mean,actual_vs_uniform_zwd,12,dec_s0_pre_skip,remote_control,5.822921276092529,5.8054423332214355,5.818483352661133,-0.01747894287109375,-0.004437923431396484,0.2539011348756002,39.47747747747748,239.69295654039695,59.47747747747748,239.69295654039695
cascades_sierra_2020042300_top04_2020,cascades_sierra,top04_2020,precip_large_zwd,zwd,zwd,q850_box_mean_g_per_kg,per-timestep spatial mean,actual_vs_uniform_zwd,12,dec_s1_pre_skip,whole,5.822921276092529,5.8054423332214355,5.83615255355835,-0.01747894287109375,0.013231277465820312,-0.7569838498472283,39.47747747747748,239.69295654039695,59.47747747747748,239.69295654039695
cascades_sierra_2020042300_top04_2020,cascades_sierra,top04_2020,precip_large_zwd,zwd,zwd,q850_box_mean_g_per_kg,per-timestep spatial mean,actual_vs_uniform_zwd,12,dec_s1_pre_skip,target_box,5.822921276092529,5.8054423332214355,5.829320907592773,-0.01747894287109375,0.006399631500244141,-0.366133784373636,39.47747747747748,239.69295654039695,59.47747747747748,239.69295654039695
cascades_sierra_2020042300_top04_2020,cascades_sierra,top04_2020,precip_large_zwd,zwd,zwd,q850_box_mean_g_per_kg,per-timestep spatial mean,actual_vs_uniform_zwd,12,dec_s1_pre_skip,mountain_near,5.822921276092529,5.8054423332214355,5.8411760330200195,-0.01747894287109375,0.018254756927490234,-1.0443856394587516,39.47747747747748,239.69295654039695,59.47747747747748,239.69295654039695
cascades_sierra_2020042300_top04_2020,cascades_sierra,top04_2020,precip_large_zwd,zwd,zwd,q850_box_mean_g_per_kg,per-timestep spatial mean,actual_vs_uniform_zwd,12,dec_s1_pre_skip,upstream,5.822921276092529,5.8054423332214355,5.824130058288574,-0.01747894287109375,0.0012087821960449219,-0.06915648188563946,39.47747747747748,239.69295654039695,59.47747747747748,239.69295654039695
cascades_sierra_2020042300_top04_2020,cascades_sierra,top04_2020,precip_large_zwd,zwd,zwd,q850_box_mean_g_per_kg,per-timestep spatial mean,actual_vs_uniform_zwd,12,dec_s1_pre_skip,hotspot_gaussian,5.822921276092529,5.8054423332214355,5.8318891525268555,-0.01747894287109375,0.008967876434326172,-0.5130674378000873,39.47747747747748,239.69295654039695,59.47747747747748,239.69295654039695
cascades_sierra_2020042300_top04_2020,cascades_sierra,top04_2020,precip_large_zwd,zwd,zwd,q850_box_mean_g_per_kg,per-timestep spatial mean,actual_vs_uniform_zwd,12,dec_s1_pre_skip,low_near_gaussian,5.822921276092529,5.8054423332214355,5.821498870849609,-0.01747894287109375,-0.0014224052429199219,0.08137821911828896,39.47747747747748,239.69295654039695,59.47747747747748,239.69295654039695
cascades_sierra_2020042300_top04_2020,cascades_sierra,top04_2020,precip_large_zwd,zwd,zwd,q850_box_mean_g_per_kg,per-timestep spatial mean,actual_vs_uniform_zwd,12,dec_s1_pre_skip,remote_control,5.822921276092529,5.8054423332214355,5.8210906982421875,-0.01747894287109375,-0.0018305778503417969,0.10473046704495853,39.47747747747748,239.69295654039695,59.47747747747748,239.69295654039695
cascades_sierra_2020042300_top04_2020,cascades_sierra,top04_2020,precip_large_zwd,zwd,zwd,q850_box_mean_g_per_kg,per-timestep spatial mean,actual_vs_uniform_zwd,12,dec_s1_post_skip,whole,5.822921276092529,5.8054423332214355,5.828480243682861,-0.01747894287109375,0.005558967590332031,-0.3180379746835443,39.47747747747748,239.69295654039695,59.47747747747748,239.69295654039695
cascades_sierra_2020042300_top04_2020,cascades_sierra,top04_2020,precip_large_zwd,zwd,zwd,q850_box_mean_g_per_kg,per-timestep spatial mean,actual_vs_uniform_zwd,12,dec_s1_post_skip,target_box,5.822921276092529,5.8054423332214355,5.819009304046631,-0.01747894287109375,-0.0039119720458984375,0.22381056307289393,39.47747747747748,239.69295654039695,59.47747747747748,239.69295654039695
cascades_sierra_2020042300_top04_2020,cascades_sierra,top04_2020,precip_large_zwd,zwd,zwd,q850_box_mean_g_per_kg,per-timestep spatial mean,actual_vs_uniform_zwd,12,dec_s1_post_skip,mountain_near,5.822921276092529,5.8054423332214355,5.825055122375488,-0.01747894287109375,0.0021338462829589844,-0.1220809690091663,39.47747747747748,239.69295654039695,59.47747747747748,239.69295654039695
cascades_sierra_2020042300_top04_2020,cascades_sierra,top04_2020,precip_large_zwd,zwd,zwd,q850_box_mean_g_per_kg,per-timestep spatial mean,actual_vs_uniform_zwd,12,dec_s1_post_skip,upstream,5.822921276092529,5.8054423332214355,5.827929496765137,-0.01747894287109375,0.005008220672607422,-0.28652880838061984,39.47747747747748,239.69295654039695,59.47747747747748,239.69295654039695
cascades_sierra_2020042300_top04_2020,cascades_sierra,top04_2020,precip_large_zwd,zwd,zwd,q850_box_mean_g_per_kg,per-timestep spatial mean,actual_vs_uniform_zwd,12,dec_s1_post_skip,hotspot_gaussian,5.822921276092529,5.8054423332214355,5.8228068351745605,-0.01747894287109375,-0.00011444091796875,0.006547359231776516,39.47747747747748,239.69295654039695,59.47747747747748,239.69295654039695
cascades_sierra_2020042300_top04_2020,cascades_sierra,top04_2020,precip_large_zwd,zwd,zwd,q850_box_mean_g_per_kg,per-timestep spatial mean,actual_vs_uniform_zwd,12,dec_s1_post_skip,low_near_gaussian,5.822921276092529,5.8054423332214355,5.822221279144287,-0.01747894287109375,-0.0006999969482421875,0.04004801396769969,39.47747747747748,239.69295654039695,59.47747747747748,239.69295654039695
cascades_sierra_2020042300_top04_2020,cascades_sierra,top04_2020,precip_large_zwd,zwd,zwd,q850_box_mean_g_per_kg,per-timestep spatial mean,actual_vs_uniform_zwd,12,dec_s1_post_skip,remote_control,5.822921276092529,5.8054423332214355,5.816878318786621,-0.01747894287109375,-0.006042957305908203,0.34572784810126583,39.47747747747748,239.69295654039695,59.47747747747748,239.69295654039695
cascades_sierra_2020042300_top04_2020,cascades_sierra,top04_2020,precip_large_zwd,zwd,zwd,q850_box_mean_g_per_kg,per-timestep spatial mean,actual_vs_uniform_zwd,12,dec_s2_pre_concat,whole,5.822921276092529,5.8054423332214355,5.828480243682861,-0.01747894287109375,0.005558967590332031,-0.3180379746835443,39.47747747747748,239.69295654039695,59.47747747747748,239.69295654039695
cascades_sierra_2020042300_top04_2020,cascades_sierra,top04_2020,precip_large_zwd,zwd,zwd,q850_box_mean_g_per_kg,per-timestep spatial mean,actual_vs_uniform_zwd,12,dec_s2_pre_concat,target_box,5.822921276092529,5.8054423332214355,5.819009304046631,-0.01747894287109375,-0.0039119720458984375,0.22381056307289393,39.47747747747748,239.69295654039695,59.47747747747748,239.69295654039695
cascades_sierra_2020042300_top04_2020,cascades_sierra,top04_2020,precip_large_zwd,zwd,zwd,q850_box_mean_g_per_kg,per-timestep spatial mean,actual_vs_uniform_zwd,12,dec_s2_pre_concat,mountain_near,5.822921276092529,5.8054423332214355,5.825055122375488,-0.01747894287109375,0.0021338462829589844,-0.1220809690091663,39.47747747747748,239.69295654039695,59.47747747747748,239.69295654039695
cascades_sierra_2020042300_top04_2020,cascades_sierra,top04_2020,precip_large_zwd,zwd,zwd,q850_box_mean_g_per_kg,per-timestep spatial mean,actual_vs_uniform_zwd,12,dec_s2_pre_concat,upstream,5.822921276092529,5.8054423332214355,5.827929496765137,-0.01747894287109375,0.005008220672607422,-0.28652880838061984,39.47747747747748,239.69295654039695,59.47747747747748,239.69295654039695
cascades_sierra_2020042300_top04_2020,cascades_sierra,top04_2020,precip_large_zwd,zwd,zwd,q850_box_mean_g_per_kg,per-timestep spatial mean,actual_vs_uniform_zwd,12,dec_s2_pre_concat,hotspot_gaussian,5.822921276092529,5.8054423332214355,5.8228068351745605,-0.01747894287109375,-0.00011444091796875,0.006547359231776516,39.47747747747748,239.69295654039695,59.47747747747748,239.69295654039695
cascades_sierra_2020042300_top04_2020,cascades_sierra,top04_2020,precip_large_zwd,zwd,zwd,q850_box_mean_g_per_kg,per-timestep spatial mean,actual_vs_uniform_zwd,12,dec_s2_pre_concat,low_near_gaussian,5.822921276092529,5.8054423332214355,5.822221279144287,-0.01747894287109375,-0.0006999969482421875,0.04004801396769969,39.47747747747748,239.69295654039695,59.47747747747748,239.69295654039695
cascades_sierra_2020042300_top04_2020,cascades_sierra,top04_2020,precip_large_zwd,zwd,zwd,q850_box_mean_g_per_kg,per-timestep spatial mean,actual_vs_uniform_zwd,12,dec_s2_pre_concat,remote_control,5.822921276092529,5.8054423332214355,5.816878318786621,-0.01747894287109375,-0.006042957305908203,0.34572784810126583,39.47747747747748,239.69295654039695,59.47747747747748,239.69295654039695
cascades_sierra_2020042300_top04_2020,cascades_sierra,top04_2020,precip_large_zwd,zwd,zwd,q850_box_mean_g_per_kg,per-timestep spatial mean,actual_vs_uniform_zwd,12,dec_s2_post_concat,whole,5.822921276092529,5.8054423332214355,5.81892204284668,-0.01747894287109375,-0.003999233245849609,0.22880292448712353,39.47747747747748,239.69295654039695,59.47747747747748,239.69295654039695
cascades_sierra_2020042300_top04_2020,cascades_sierra,top04_2020,precip_large_zwd,zwd,zwd,q850_box_mean_g_per_kg,per-timestep spatial mean,actual_vs_uniform_zwd,12,dec_s2_post_concat,target_box,5.822921276092529,5.8054423332214355,5.803164005279541,-0.01747894287109375,-0.01975727081298828,1.130347010039284,39.47747747747748,239.69295654039695,59.47747747747748,239.69295654039695
cascades_sierra_2020042300_top04_2020,cascades_sierra,top04_2020,precip_large_zwd,zwd,zwd,q850_box_mean_g_per_kg,per-timestep spatial mean,actual_vs_uniform_zwd,12,dec_s2_post_concat,mountain_near,5.822921276092529,5.8054423332214355,5.819818496704102,-0.01747894287109375,-0.0031027793884277344,0.1775152771715408,39.47747747747748,239.69295654039695,59.47747747747748,239.69295654039695
cascades_sierra_2020042300_top04_2020,cascades_sierra,top04_2020,precip_large_zwd,zwd,zwd,q850_box_mean_g_per_kg,per-timestep spatial mean,actual_vs_uniform_zwd,12,dec_s2_post_concat,upstream,5.822921276092529,5.8054423332214355,5.818178176879883,-0.01747894287109375,-0.004743099212646484,0.2713607594936709,39.47747747747748,239.69295654039695,59.47747747747748,239.69295654039695
cascades_sierra_2020042300_top04_2020,cascades_sierra,top04_2020,precip_large_zwd,zwd,zwd,q850_box_mean_g_per_kg,per-timestep spatial mean,actual_vs_uniform_zwd,12,dec_s2_post_concat,hotspot_gaussian,5.822921276092529,5.8054423332214355,5.812974452972412,-0.01747894287109375,-0.009946823120117188,0.5690746398952422,39.47747747747748,239.69295654039695,59.47747747747748,239.69295654039695
cascades_sierra_2020042300_top04_2020,cascades_sierra,top04_2020,precip_large_zwd,zwd,zwd,q850_box_mean_g_per_kg,per-timestep spatial mean,actual_vs_uniform_zwd,12,dec_s2_post_concat,low_near_gaussian,5.822921276092529,5.8054423332214355,5.823094844818115,-0.01747894287109375,0.0001735687255859375,-0.009930161501527717,39.47747747747748,239.69295654039695,59.47747747747748,239.69295654039695
cascades_sierra_2020042300_top04_2020,cascades_sierra,top04_2020,precip_large_zwd,zwd,zwd,q850_box_mean_g_per_kg,per-timestep spatial mean,actual_vs_uniform_zwd,12,dec_s2_post_concat,remote_control,5.822921276092529,5.8054423332214355,5.819300651550293,-0.01747894287109375,-0.003620624542236328,0.20714207769532955,39.47747747747748,239.69295654039695,59.47747747747748,239.69295654039695
cascades_sierra_2020042300_top04_2020,cascades_sierra,top04_2020,precip_large_zwd,zwd,zwd,q850_box_mean_g_per_kg,per-timestep spatial mean,actual_vs_uniform_zwd,24,enc_s0_skip,whole,3.0854551792144775,3.0966851711273193,3.095069646835327,0.011229991912841797,0.00961446762084961,0.8561419897244278,39.47747747747748,239.69295654039695,59.47747747747748,239.69295654039695
cascades_sierra_2020042300_top04_2020,cascades_sierra,top04_2020,precip_large_zwd,zwd,zwd,q850_box_mean_g_per_kg,per-timestep spatial mean,actual_vs_uniform_zwd,24,enc_s0_skip,target_box,3.0854551792144775,3.0966851711273193,3.066776990890503,0.011229991912841797,-0.01867818832397461,-1.6632414759458196,39.47747747747748,239.69295654039695,59.47747747747748,239.69295654039695
cascades_sierra_2020042300_top04_2020,cascades_sierra,top04_2020,precip_large_zwd,zwd,zwd,q850_box_mean_g_per_kg,per-timestep spatial mean,actual_vs_uniform_zwd,24,enc_s0_skip,mountain_near,3.0854551792144775,3.0966851711273193,3.063857078552246,0.011229991912841797,-0.021598100662231445,-1.9232516665958983,39.47747747747748,239.69295654039695,59.47747747747748,239.69295654039695
cascades_sierra_2020042300_top04_2020,cascades_sierra,top04_2020,precip_large_zwd,zwd,zwd,q850_box_mean_g_per_kg,per-timestep spatial mean,actual_vs_uniform_zwd,24,enc_s0_skip,upstream,3.0854551792144775,3.0966851711273193,3.0915422439575195,0.011229991912841797,0.006087064743041992,0.5420364315740308,39.47747747747748,239.69295654039695,59.47747747747748,239.69295654039695
cascades_sierra_2020042300_top04_2020,cascades_sierra,top04_2020,precip_large_zwd,zwd,zwd,q850_box_mean_g_per_kg,per-timestep spatial mean,actual_vs_uniform_zwd,24,enc_s0_skip,hotspot_gaussian,3.0854551792144775,3.0966851711273193,3.0659096240997314,0.011229991912841797,-0.019545555114746094,-1.740478111332852,39.47747747747748,239.69295654039695,59.47747747747748,239.69295654039695
cascades_sierra_2020042300_top04_2020,cascades_sierra,top04_2020,precip_large_zwd,zwd,zwd,q850_box_mean_g_per_kg,per-timestep spatial mean,actual_vs_uniform_zwd,24,enc_s0_skip,low_near_gaussian,3.0854551792144775,3.0966851711273193,3.0872387886047363,0.011229991912841797,0.001783609390258789,0.15882552757844678,39.47747747747748,239.69295654039695,59.47747747747748,239.69295654039695
cascades_sierra_2020042300_top04_2020,cascades_sierra,top04_2020,precip_large_zwd,zwd,zwd,q850_box_mean_g_per_kg,per-timestep spatial mean,actual_vs_uniform_zwd,24,enc_s0_skip,remote_control,3.0854551792144775,3.0966851711273193,3.082827568054199,0.011229991912841797,-0.0026276111602783203,-0.2339815719077746,39.47747747747748,239.69295654039695,59.47747747747748,239.69295654039695
cascades_sierra_2020042300_top04_2020,cascades_sierra,top04_2020,precip_large_zwd,zwd,zwd,q850_box_mean_g_per_kg,per-timestep spatial mean,actual_vs_uniform_zwd,24,enc_s1_skip,whole,3.0854551792144775,3.0966851711273193,3.0854551792144775,0.011229991912841797,0.0,0.0,39.47747747747748,239.69295654039695,59.47747747747748,239.69295654039695
cascades_sierra_2020042300_top04_2020,cascades_sierra,top04_2020,precip_large_zwd,zwd,zwd,q850_box_mean_g_per_kg,per-timestep spatial mean,actual_vs_uniform_zwd,24,enc_s1_skip,target_box,3.0854551792144775,3.0966851711273193,3.0854551792144775,0.011229991912841797,0.0,0.0,39.47747747747748,239.69295654039695,59.47747747747748,239.69295654039695
cascades_sierra_2020042300_top04_2020,cascades_sierra,top04_2020,precip_large_zwd,zwd,zwd,q850_box_mean_g_per_kg,per-timestep spatial mean,actual_vs_uniform_zwd,24,enc_s1_skip,mountain_near,3.0854551792144775,3.0966851711273193,3.0854551792144775,0.011229991912841797,0.0,0.0,39.47747747747748,239.69295654039695,59.47747747747748,239.69295654039695
cascades_sierra_2020042300_top04_2020,cascades_sierra,top04_2020,precip_large_zwd,zwd,zwd,q850_box_mean_g_per_kg,per-timestep spatial mean,actual_vs_uniform_zwd,24,enc_s1_skip,upstream,3.0854551792144775,3.0966851711273193,3.0854551792144775,0.011229991912841797,0.0,0.0,39.47747747747748,239.69295654039695,59.47747747747748,239.69295654039695
cascades_sierra_2020042300_top04_2020,cascades_sierra,top04_2020,precip_large_zwd,zwd,zwd,q850_box_mean_g_per_kg,per-timestep spatial mean,actual_vs_uniform_zwd,24,enc_s1_skip,hotspot_gaussian,3.0854551792144775,3.0966851711273193,3.0854551792144775,0.011229991912841797,0.0,0.0,39.47747747747748,239.69295654039695,59.47747747747748,239.69295654039695
cascades_sierra_2020042300_top04_2020,cascades_sierra,top04_2020,precip_large_zwd,zwd,zwd,q850_box_mean_g_per_kg,per-timestep spatial mean,actual_vs_uniform_zwd,24,enc_s1_skip,low_near_gaussian,3.0854551792144775,3.0966851711273193,3.0854551792144775,0.011229991912841797,0.0,0.0,39.47747747747748,239.69295654039695,59.47747747747748,239.69295654039695
cascades_sierra_2020042300_top04_2020,cascades_sierra,top04_2020,precip_large_zwd,zwd,zwd,q850_box_mean_g_per_kg,per-timestep spatial mean,actual_vs_uniform_zwd,24,enc_s1_skip,remote_control,3.0854551792144775,3.0966851711273193,3.0854551792144775,0.011229991912841797,0.0,0.0,39.47747747747748,239.69295654039695,59.47747747747748,239.69295654039695
cascades_sierra_2020042300_top04_2020,cascades_sierra,top04_2020,precip_large_zwd,zwd,zwd,q850_box_mean_g_per_kg,per-timestep spatial mean,actual_vs_uniform_zwd,24,enc_s2_bottleneck,whole,3.0854551792144775,3.0966851711273193,3.085216999053955,0.011229991912841797,-0.00023818016052246094,-0.021209290475988282,39.47747747747748,239.69295654039695,59.47747747747748,239.69295654039695
cascades_sierra_2020042300_top04_2020,cascades_sierra,top04_2020,precip_large_zwd,zwd,zwd,q850_box_mean_g_per_kg,per-timestep spatial mean,actual_vs_uniform_zwd,24,enc_s2_bottleneck,target_box,3.0854551792144775,3.0966851711273193,3.088407516479492,0.011229991912841797,0.0029523372650146484,0.2628975415056686,39.47747747747748,239.69295654039695,59.47747747747748,239.69295654039695
cascades_sierra_2020042300_top04_2020,cascades_sierra,top04_2020,precip_large_zwd,zwd,zwd,q850_box_mean_g_per_kg,per-timestep spatial mean,actual_vs_uniform_zwd,24,enc_s2_bottleneck,mountain_near,3.0854551792144775,3.0966851711273193,3.0928239822387695,0.011229991912841797,0.007368803024291992,0.6561717124538237,39.47747747747748,239.69295654039695,59.47747747747748,239.69295654039695
cascades_sierra_2020042300_top04_2020,cascades_sierra,top04_2020,precip_large_zwd,zwd,zwd,q850_box_mean_g_per_kg,per-timestep spatial mean,actual_vs_uniform_zwd,24,enc_s2_bottleneck,upstream,3.0854551792144775,3.0966851711273193,3.065321207046509,0.011229991912841797,-0.02013397216796875,-1.7928750371534117,39.47747747747748,239.69295654039695,59.47747747747748,239.69295654039695
cascades_sierra_2020042300_top04_2020,cascades_sierra,top04_2020,precip_large_zwd,zwd,zwd,q850_box_mean_g_per_kg,per-timestep spatial mean,actual_vs_uniform_zwd,24,enc_s2_bottleneck,hotspot_gaussian,3.0854551792144775,3.0966851711273193,3.0831873416900635,0.011229991912841797,-0.0022678375244140625,-0.20194471572332384,39.47747747747748,239.69295654039695,59.47747747747748,239.69295654039695
cascades_sierra_2020042300_top04_2020,cascades_sierra,top04_2020,precip_large_zwd,zwd,zwd,q850_box_mean_g_per_kg,per-timestep spatial mean,actual_vs_uniform_zwd,24,enc_s2_bottleneck,low_near_gaussian,3.0854551792144775,3.0966851711273193,3.085348129272461,0.011229991912841797,-0.00010704994201660156,-0.009532503927646385,39.47747747747748,239.69295654039695,59.47747747747748,239.69295654039695
cascades_sierra_2020042300_top04_2020,cascades_sierra,top04_2020,precip_large_zwd,zwd,zwd,q850_box_mean_g_per_kg,per-timestep spatial mean,actual_vs_uniform_zwd,24,enc_s2_bottleneck,remote_control,3.0854551792144775,3.0966851711273193,3.0867276191711426,0.011229991912841797,0.001272439956665039,0.11330729056091036,39.47747747747748,239.69295654039695,59.47747747747748,239.69295654039695
cascades_sierra_2020042300_top04_2020,cascades_sierra,top04_2020,precip_large_zwd,zwd,zwd,q850_box_mean_g_per_kg,per-timestep spatial mean,actual_vs_uniform_zwd,24,dec_s0_pre_skip,whole,3.0854551792144775,3.0966851711273193,3.085216999053955,0.011229991912841797,-0.00023818016052246094,-0.021209290475988282,39.47747747747748,239.69295654039695,59.47747747747748,239.69295654039695
cascades_sierra_2020042300_top04_2020,cascades_sierra,top04_2020,precip_large_zwd,zwd,zwd,q850_box_mean_g_per_kg,per-timestep spatial mean,actual_vs_uniform_zwd,24,dec_s0_pre_skip,target_box,3.0854551792144775,3.0966851711273193,3.088407516479492,0.011229991912841797,0.0029523372650146484,0.2628975415056686,39.47747747747748,239.69295654039695,59.47747747747748,239.69295654039695
cascades_sierra_2020042300_top04_2020,cascades_sierra,top04_2020,precip_large_zwd,zwd,zwd,q850_box_mean_g_per_kg,per-timestep spatial mean,actual_vs_uniform_zwd,24,dec_s0_pre_skip,mountain_near,3.0854551792144775,3.0966851711273193,3.0928239822387695,0.011229991912841797,0.007368803024291992,0.6561717124538237,39.47747747747748,239.69295654039695,59.47747747747748,239.69295654039695
cascades_sierra_2020042300_top04_2020,cascades_sierra,top04_2020,precip_large_zwd,zwd,zwd,q850_box_mean_g_per_kg,per-timestep spatial mean,actual_vs_uniform_zwd,24,dec_s0_pre_skip,upstream,3.0854551792144775,3.0966851711273193,3.065321207046509,0.011229991912841797,-0.02013397216796875,-1.7928750371534117,39.47747747747748,239.69295654039695,59.47747747747748,239.69295654039695
cascades_sierra_2020042300_top04_2020,cascades_sierra,top04_2020,precip_large_zwd,zwd,zwd,q850_box_mean_g_per_kg,per-timestep spatial mean,actual_vs_uniform_zwd,24,dec_s0_pre_skip,hotspot_gaussian,3.0854551792144775,3.0966851711273193,3.0831873416900635,0.011229991912841797,-0.0022678375244140625,-0.20194471572332384,39.47747747747748,239.69295654039695,59.47747747747748,239.69295654039695
cascades_sierra_2020042300_top04_2020,cascades_sierra,top04_2020,precip_large_zwd,zwd,zwd,q850_box_mean_g_per_kg,per-timestep spatial mean,actual_vs_uniform_zwd,24,dec_s0_pre_skip,low_near_gaussian,3.0854551792144775,3.0966851711273193,3.085348129272461,0.011229991912841797,-0.00010704994201660156,-0.009532503927646385,39.47747747747748,239.69295654039695,59.47747747747748,239.69295654039695
cascades_sierra_2020042300_top04_2020,cascades_sierra,top04_2020,precip_large_zwd,zwd,zwd,q850_box_mean_g_per_kg,per-timestep spatial mean,actual_vs_uniform_zwd,24,dec_s0_pre_skip,remote_control,3.0854551792144775,3.0966851711273193,3.0867276191711426,0.011229991912841797,0.001272439956665039,0.11330729056091036,39.47747747747748,239.69295654039695,59.47747747747748,239.69295654039695
cascades_sierra_2020042300_top04_2020,cascades_sierra,top04_2020,precip_large_zwd,zwd,zwd,q850_box_mean_g_per_kg,per-timestep spatial mean,actual_vs_uniform_zwd,24,dec_s1_pre_skip,whole,3.0854551792144775,3.0966851711273193,3.082813262939453,0.011229991912841797,-0.002641916275024414,-0.23525540316759375,39.47747747747748,239.69295654039695,59.47747747747748,239.69295654039695
cascades_sierra_2020042300_top04_2020,cascades_sierra,top04_2020,precip_large_zwd,zwd,zwd,q850_box_mean_g_per_kg,per-timestep spatial mean,actual_vs_uniform_zwd,24,dec_s1_pre_skip,target_box,3.0854551792144775,3.0966851711273193,3.0892012119293213,0.011229991912841797,0.00374603271484375,0.3335739459046325,39.47747747747748,239.69295654039695,59.47747747747748,239.69295654039695
cascades_sierra_2020042300_top04_2020,cascades_sierra,top04_2020,precip_large_zwd,zwd,zwd,q850_box_mean_g_per_kg,per-timestep spatial mean,actual_vs_uniform_zwd,24,dec_s1_pre_skip,mountain_near,3.0854551792144775,3.0966851711273193,3.0989186763763428,0.011229991912841797,0.013463497161865234,1.198887520699758,39.47747747747748,239.69295654039695,59.47747747747748,239.69295654039695
cascades_sierra_2020042300_top04_2020,cascades_sierra,top04_2020,precip_large_zwd,zwd,zwd,q850_box_mean_g_per_kg,per-timestep spatial mean,actual_vs_uniform_zwd,24,dec_s1_pre_skip,upstream,3.0854551792144775,3.0966851711273193,3.0641095638275146,0.011229991912841797,-0.02134561538696289,-1.9007685448600908,39.47747747747748,239.69295654039695,59.47747747747748,239.69295654039695
cascades_sierra_2020042300_top04_2020,cascades_sierra,top04_2020,precip_large_zwd,zwd,zwd,q850_box_mean_g_per_kg,per-timestep spatial mean,actual_vs_uniform_zwd,24,dec_s1_pre_skip,hotspot_gaussian,3.0854551792144775,3.0966851711273193,3.0839405059814453,0.011229991912841797,-0.0015146732330322266,-0.1348774998938474,39.47747747747748,239.69295654039695,59.47747747747748,239.69295654039695
cascades_sierra_2020042300_top04_2020,cascades_sierra,top04_2020,precip_large_zwd,zwd,zwd,q850_box_mean_g_per_kg,per-timestep spatial mean,actual_vs_uniform_zwd,24,dec_s1_pre_skip,low_near_gaussian,3.0854551792144775,3.0966851711273193,3.084907054901123,0.011229991912841797,-0.0005481243133544922,-0.048808967772069126,39.47747747747748,239.69295654039695,59.47747747747748,239.69295654039695
cascades_sierra_2020042300_top04_2020,cascades_sierra,top04_2020,precip_large_zwd,zwd,zwd,q850_box_mean_g_per_kg,per-timestep spatial mean,actual_vs_uniform_zwd,24,dec_s1_pre_skip,remote_control,3.0854551792144775,3.0966851711273193,3.085362195968628,0.011229991912841797,-9.298324584960938e-05,-0.008279903188824253,39.47747747747748,239.69295654039695,59.47747747747748,239.69295654039695
cascades_sierra_2020042300_top04_2020,cascades_sierra,top04_2020,precip_large_zwd,zwd,zwd,q850_box_mean_g_per_kg,per-timestep spatial mean,actual_vs_uniform_zwd,24,dec_s1_post_skip,whole,3.0854551792144775,3.0966851711273193,3.070387363433838,0.011229991912841797,-0.015067815780639648,-1.3417476964884718,39.47747747747748,239.69295654039695,59.47747747747748,239.69295654039695
cascades_sierra_2020042300_top04_2020,cascades_sierra,top04_2020,precip_large_zwd,zwd,zwd,q850_box_mean_g_per_kg,per-timestep spatial mean,actual_vs_uniform_zwd,24,dec_s1_post_skip,target_box,3.0854551792144775,3.0966851711273193,3.0793368816375732,0.011229991912841797,-0.006118297576904297,-0.5448176298246359,39.47747747747748,239.69295654039695,59.47747747747748,239.69295654039695
cascades_sierra_2020042300_top04_2020,cascades_sierra,top04_2020,precip_large_zwd,zwd,zwd,q850_box_mean_g_per_kg,per-timestep spatial mean,actual_vs_uniform_zwd,24,dec_s1_post_skip,mountain_near,3.0854551792144775,3.0966851711273193,3.074538230895996,0.011229991912841797,-0.010916948318481445,-0.9721243259309583,39.47747747747748,239.69295654039695,59.47747747747748,239.69295654039695
cascades_sierra_2020042300_top04_2020,cascades_sierra,top04_2020,precip_large_zwd,zwd,zwd,q850_box_mean_g_per_kg,per-timestep spatial mean,actual_vs_uniform_zwd,24,dec_s1_post_skip,upstream,3.0854551792144775,3.0966851711273193,3.072235584259033,0.011229991912841797,-0.013219594955444336,-1.1771686977198421,39.47747747747748,239.69295654039695,59.47747747747748,239.69295654039695
cascades_sierra_2020042300_top04_2020,cascades_sierra,top04_2020,precip_large_zwd,zwd,zwd,q850_box_mean_g_per_kg,per-timestep spatial mean,actual_vs_uniform_zwd,24,dec_s1_post_skip,hotspot_gaussian,3.0854551792144775,3.0966851711273193,3.0671887397766113,0.011229991912841797,-0.01826643943786621,-1.6265763661840262,39.47747747747748,239.69295654039695,59.47747747747748,239.69295654039695
cascades_sierra_2020042300_top04_2020,cascades_sierra,top04_2020,precip_large_zwd,zwd,zwd,q850_box_mean_g_per_kg,per-timestep spatial mean,actual_vs_uniform_zwd,24,dec_s1_post_skip,low_near_gaussian,3.0854551792144775,3.0966851711273193,3.0851991176605225,0.011229991912841797,-0.0002560615539550781,-0.022801579550762174,39.47747747747748,239.69295654039695,59.47747747747748,239.69295654039695
cascades_sierra_2020042300_top04_2020,cascades_sierra,top04_2020,precip_large_zwd,zwd,zwd,q850_box_mean_g_per_kg,per-timestep spatial mean,actual_vs_uniform_zwd,24,dec_s1_post_skip,remote_control,3.0854551792144775,3.0966851711273193,3.0873801708221436,0.011229991912841797,0.0019249916076660156,0.17141522652965904,39.47747747747748,239.69295654039695,59.47747747747748,239.69295654039695
cascades_sierra_2020042300_top04_2020,cascades_sierra,top04_2020,precip_large_zwd,zwd,zwd,q850_box_mean_g_per_kg,per-timestep spatial mean,actual_vs_uniform_zwd,24,dec_s2_pre_concat,whole,3.0854551792144775,3.0966851711273193,3.070387363433838,0.011229991912841797,-0.015067815780639648,-1.3417476964884718,39.47747747747748,239.69295654039695,59.47747747747748,239.69295654039695
cascades_sierra_2020042300_top04_2020,cascades_sierra,top04_2020,precip_large_zwd,zwd,zwd,q850_box_mean_g_per_kg,per-timestep spatial mean,actual_vs_uniform_zwd,24,dec_s2_pre_concat,target_box,3.0854551792144775,3.0966851711273193,3.0793368816375732,0.011229991912841797,-0.006118297576904297,-0.5448176298246359,39.47747747747748,239.69295654039695,59.47747747747748,239.69295654039695
cascades_sierra_2020042300_top04_2020,cascades_sierra,top04_2020,precip_large_zwd,zwd,zwd,q850_box_mean_g_per_kg,per-timestep spatial mean,actual_vs_uniform_zwd,24,dec_s2_pre_concat,mountain_near,3.0854551792144775,3.0966851711273193,3.074538230895996,0.011229991912841797,-0.010916948318481445,-0.9721243259309583,39.47747747747748,239.69295654039695,59.47747747747748,239.69295654039695
cascades_sierra_2020042300_top04_2020,cascades_sierra,top04_2020,precip_large_zwd,zwd,zwd,q850_box_mean_g_per_kg,per-timestep spatial mean,actual_vs_uniform_zwd,24,dec_s2_pre_concat,upstream,3.0854551792144775,3.0966851711273193,3.072235584259033,0.011229991912841797,-0.013219594955444336,-1.1771686977198421,39.47747747747748,239.69295654039695,59.47747747747748,239.69295654039695
cascades_sierra_2020042300_top04_2020,cascades_sierra,top04_2020,precip_large_zwd,zwd,zwd,q850_box_mean_g_per_kg,per-timestep spatial mean,actual_vs_uniform_zwd,24,dec_s2_pre_concat,hotspot_gaussian,3.0854551792144775,3.0966851711273193,3.0671887397766113,0.011229991912841797,-0.01826643943786621,-1.6265763661840262,39.47747747747748,239.69295654039695,59.47747747747748,239.69295654039695
cascades_sierra_2020042300_top04_2020,cascades_sierra,top04_2020,precip_large_zwd,zwd,zwd,q850_box_mean_g_per_kg,per-timestep spatial mean,actual_vs_uniform_zwd,24,dec_s2_pre_concat,low_near_gaussian,3.0854551792144775,3.0966851711273193,3.0851991176605225,0.011229991912841797,-0.0002560615539550781,-0.022801579550762174,39.47747747747748,239.69295654039695,59.47747747747748,239.69295654039695
cascades_sierra_2020042300_top04_2020,cascades_sierra,top04_2020,precip_large_zwd,zwd,zwd,q850_box_mean_g_per_kg,per-timestep spatial mean,actual_vs_uniform_zwd,24,dec_s2_pre_concat,remote_control,3.0854551792144775,3.0966851711273193,3.0873801708221436,0.011229991912841797,0.0019249916076660156,0.17141522652965904,39.47747747747748,239.69295654039695,59.47747747747748,239.69295654039695
cascades_sierra_2020042300_top04_2020,cascades_sierra,top04_2020,precip_large_zwd,zwd,zwd,q850_box_mean_g_per_kg,per-timestep spatial mean,actual_vs_uniform_zwd,24,dec_s2_post_concat,whole,3.0854551792144775,3.0966851711273193,3.097728967666626,0.011229991912841797,0.012273788452148438,1.0929472209248015,39.47747747747748,239.69295654039695,59.47747747747748,239.69295654039695
cascades_sierra_2020042300_top04_2020,cascades_sierra,top04_2020,precip_large_zwd,zwd,zwd,q850_box_mean_g_per_kg,per-timestep spatial mean,actual_vs_uniform_zwd,24,dec_s2_post_concat,target_box,3.0854551792144775,3.0966851711273193,3.07204008102417,0.011229991912841797,-0.013415098190307617,-1.19457772493737,39.47747747747748,239.69295654039695,59.47747747747748,239.69295654039695
cascades_sierra_2020042300_top04_2020,cascades_sierra,top04_2020,precip_large_zwd,zwd,zwd,q850_box_mean_g_per_kg,per-timestep spatial mean,actual_vs_uniform_zwd,24,dec_s2_post_concat,mountain_near,3.0854551792144775,3.0966851711273193,3.0725815296173096,0.011229991912841797,-0.012873649597167969,-1.1463632117532163,39.47747747747748,239.69295654039695,59.47747747747748,239.69295654039695
cascades_sierra_2020042300_top04_2020,cascades_sierra,top04_2020,precip_large_zwd,zwd,zwd,q850_box_mean_g_per_kg,per-timestep spatial mean,actual_vs_uniform_zwd,24,dec_s2_post_concat,upstream,3.0854551792144775,3.0966851711273193,3.069822072982788,0.011229991912841797,-0.015633106231689453,-1.3920852617723238,39.47747747747748,239.69295654039695,59.47747747747748,239.69295654039695
cascades_sierra_2020042300_top04_2020,cascades_sierra,top04_2020,precip_large_zwd,zwd,zwd,q850_box_mean_g_per_kg,per-timestep spatial mean,actual_vs_uniform_zwd,24,dec_s2_post_concat,hotspot_gaussian,3.0854551792144775,3.0966851711273193,3.0604817867279053,0.011229991912841797,-0.024973392486572266,-2.223812152350219,39.47747747747748,239.69295654039695,59.47747747747748,239.69295654039695
cascades_sierra_2020042300_top04_2020,cascades_sierra,top04_2020,precip_large_zwd,zwd,zwd,q850_box_mean_g_per_kg,per-timestep spatial mean,actual_vs_uniform_zwd,24,dec_s2_post_concat,low_near_gaussian,3.0854551792144775,3.0966851711273193,3.089104413986206,0.011229991912841797,0.0036492347717285156,0.3249543543798565,39.47747747747748,239.69295654039695,59.47747747747748,239.69295654039695
cascades_sierra_2020042300_top04_2020,cascades_sierra,top04_2020,precip_large_zwd,zwd,zwd,q850_box_mean_g_per_kg,per-timestep spatial mean,actual_vs_uniform_zwd,24,dec_s2_post_concat,remote_control,3.0854551792144775,3.0966851711273193,3.0846266746520996,0.011229991912841797,-0.0008285045623779297,-0.0737760604645238,39.47747747747748,239.69295654039695,59.47747747747748,239.69295654039695
netherlands_2020110200_strong_2020,netherlands,strong_2020,precip_large_zwd,zwd,zwd,q850_box_mean_g_per_kg,per-timestep spatial mean,actual_vs_uniform_zwd,6,enc_s0_skip,whole,7.969995021820068,8.09398365020752,8.24305534362793,0.12398862838745117,0.27306032180786133,2.2023013348819145,49.97747747747748,358.50271099764456,69.97747747747748,3.502710997644563
netherlands_2020110200_strong_2020,netherlands,strong_2020,precip_large_zwd,zwd,zwd,q850_box_mean_g_per_kg,per-timestep spatial mean,actual_vs_uniform_zwd,6,enc_s0_skip,target_box,7.969995021820068,8.09398365020752,8.146183967590332,0.12398862838745117,0.17618894577026367,1.4210089107502029,49.97747747747748,358.50271099764456,69.97747747747748,3.502710997644563
netherlands_2020110200_strong_2020,netherlands,strong_2020,precip_large_zwd,zwd,zwd,q850_box_mean_g_per_kg,per-timestep spatial mean,actual_vs_uniform_zwd,6,enc_s0_skip,mountain_near,7.969995021820068,8.09398365020752,7.9701690673828125,0.12398862838745117,0.00017404556274414062,0.0014037219784403688,49.97747747747748,358.50271099764456,69.97747747747748,3.502710997644563
netherlands_2020110200_strong_2020,netherlands,strong_2020,precip_large_zwd,zwd,zwd,q850_box_mean_g_per_kg,per-timestep spatial mean,actual_vs_uniform_zwd,6,enc_s0_skip,upstream,7.969995021820068,8.09398365020752,8.065245628356934,0.12398862838745117,0.09525060653686523,0.7682205035708379,49.97747747747748,358.50271099764456,69.97747747747748,3.502710997644563
netherlands_2020110200_strong_2020,netherlands,strong_2020,precip_large_zwd,zwd,zwd,q850_box_mean_g_per_kg,per-timestep spatial mean,actual_vs_uniform_zwd,6,enc_s0_skip,hotspot_gaussian,7.969995021820068,8.09398365020752,8.160791397094727,0.12398862838745117,0.1907963752746582,1.5388215657845652,49.97747747747748,358.50271099764456,69.97747747747748,3.502710997644563
netherlands_2020110200_strong_2020,netherlands,strong_2020,precip_large_zwd,zwd,zwd,q850_box_mean_g_per_kg,per-timestep spatial mean,actual_vs_uniform_zwd,6,enc_s0_skip,low_near_gaussian,7.969995021820068,8.09398365020752,7.974369525909424,0.12398862838745117,0.004374504089355469,0.03528149432934779,49.97747747747748,358.50271099764456,69.97747747747748,3.502710997644563
netherlands_2020110200_strong_2020,netherlands,strong_2020,precip_large_zwd,zwd,zwd,q850_box_mean_g_per_kg,per-timestep spatial mean,actual_vs_uniform_zwd,6,enc_s0_skip,remote_control,7.969995021820068,8.09398365020752,7.970447540283203,0.12398862838745117,0.0004525184631347656,0.003649677143944959,49.97747747747748,358.50271099764456,69.97747747747748,3.502710997644563
netherlands_2020110200_strong_2020,netherlands,strong_2020,precip_large_zwd,zwd,zwd,q850_box_mean_g_per_kg,per-timestep spatial mean,actual_vs_uniform_zwd,6,enc_s1_skip,whole,7.969995021820068,8.09398365020752,7.969995021820068,0.12398862838745117,0.0,0.0,49.97747747747748,358.50271099764456,69.97747747747748,3.502710997644563
netherlands_2020110200_strong_2020,netherlands,strong_2020,precip_large_zwd,zwd,zwd,q850_box_mean_g_per_kg,per-timestep spatial mean,actual_vs_uniform_zwd,6,enc_s1_skip,target_box,7.969995021820068,8.09398365020752,7.969995021820068,0.12398862838745117,0.0,0.0,49.97747747747748,358.50271099764456,69.97747747747748,3.502710997644563
netherlands_2020110200_strong_2020,netherlands,strong_2020,precip_large_zwd,zwd,zwd,q850_box_mean_g_per_kg,per-timestep spatial mean,actual_vs_uniform_zwd,6,enc_s1_skip,mountain_near,7.969995021820068,8.09398365020752,7.969995021820068,0.12398862838745117,0.0,0.0,49.97747747747748,358.50271099764456,69.97747747747748,3.502710997644563
netherlands_2020110200_strong_2020,netherlands,strong_2020,precip_large_zwd,zwd,zwd,q850_box_mean_g_per_kg,per-timestep spatial mean,actual_vs_uniform_zwd,6,enc_s1_skip,upstream,7.969995021820068,8.09398365020752,7.969995021820068,0.12398862838745117,0.0,0.0,49.97747747747748,358.50271099764456,69.97747747747748,3.502710997644563
netherlands_2020110200_strong_2020,netherlands,strong_2020,precip_large_zwd,zwd,zwd,q850_box_mean_g_per_kg,per-timestep spatial mean,actual_vs_uniform_zwd,6,enc_s1_skip,hotspot_gaussian,7.969995021820068,8.09398365020752,7.969995021820068,0.12398862838745117,0.0,0.0,49.97747747747748,358.50271099764456,69.97747747747748,3.502710997644563
netherlands_2020110200_strong_2020,netherlands,strong_2020,precip_large_zwd,zwd,zwd,q850_box_mean_g_per_kg,per-timestep spatial mean,actual_vs_uniform_zwd,6,enc_s1_skip,low_near_gaussian,7.969995021820068,8.09398365020752,7.969995021820068,0.12398862838745117,0.0,0.0,49.97747747747748,358.50271099764456,69.97747747747748,3.502710997644563
netherlands_2020110200_strong_2020,netherlands,strong_2020,precip_large_zwd,zwd,zwd,q850_box_mean_g_per_kg,per-timestep spatial mean,actual_vs_uniform_zwd,6,enc_s1_skip,remote_control,7.969995021820068,8.09398365020752,7.969995021820068,0.12398862838745117,0.0,0.0,49.97747747747748,358.50271099764456,69.97747747747748,3.502710997644563
netherlands_2020110200_strong_2020,netherlands,strong_2020,precip_large_zwd,zwd,zwd,q850_box_mean_g_per_kg,per-timestep spatial mean,actual_vs_uniform_zwd,6,enc_s2_bottleneck,whole,7.969995021820068,8.09398365020752,7.800777912139893,0.12398862838745117,-0.16921710968017578,-1.3647792695261574,49.97747747747748,358.50271099764456,69.97747747747748,3.502710997644563
netherlands_2020110200_strong_2020,netherlands,strong_2020,precip_large_zwd,zwd,zwd,q850_box_mean_g_per_kg,per-timestep spatial mean,actual_vs_uniform_zwd,6,enc_s2_bottleneck,target_box,7.969995021820068,8.09398365020752,7.931777477264404,0.12398862838745117,-0.03821754455566406,-0.3082342715836676,49.97747747747748,358.50271099764456,69.97747747747748,3.502710997644563
netherlands_2020110200_strong_2020,netherlands,strong_2020,precip_large_zwd,zwd,zwd,q850_box_mean_g_per_kg,per-timestep spatial mean,actual_vs_uniform_zwd,6,enc_s2_bottleneck,mountain_near,7.969995021820068,8.09398365020752,7.969623565673828,0.12398862838745117,-0.0003714561462402344,-0.0029958888252193073,49.97747747747748,358.50271099764456,69.97747747747748,3.502710997644563
netherlands_2020110200_strong_2020,netherlands,strong_2020,precip_large_zwd,zwd,zwd,q850_box_mean_g_per_kg,per-timestep spatial mean,actual_vs_uniform_zwd,6,enc_s2_bottleneck,upstream,7.969995021820068,8.09398365020752,7.915709972381592,0.12398862838745117,-0.05428504943847656,-0.4378228079823708,49.97747747747748,358.50271099764456,69.97747747747748,3.502710997644563
netherlands_2020110200_strong_2020,netherlands,strong_2020,precip_large_zwd,zwd,zwd,q850_box_mean_g_per_kg,per-timestep spatial mean,actual_vs_uniform_zwd,6,enc_s2_bottleneck,hotspot_gaussian,7.969995021820068,8.09398365020752,7.86705207824707,0.12398862838745117,-0.10294294357299805,-0.8302611692042627,49.97747747747748,358.50271099764456,69.97747747747748,3.502710997644563
netherlands_2020110200_strong_2020,netherlands,strong_2020,precip_large_zwd,zwd,zwd,q850_box_mean_g_per_kg,per-timestep spatial mean,actual_vs_uniform_zwd,6,enc_s2_bottleneck,low_near_gaussian,7.969995021820068,8.09398365020752,7.968311309814453,0.12398862838745117,-0.0016837120056152344,-0.013579567961295731,49.97747747747748,358.50271099764456,69.97747747747748,3.502710997644563
netherlands_2020110200_strong_2020,netherlands,strong_2020,precip_large_zwd,zwd,zwd,q850_box_mean_g_per_kg,per-timestep spatial mean,actual_vs_uniform_zwd,6,enc_s2_bottleneck,remote_control,7.969995021820068,8.09398365020752,7.968114852905273,0.12398862838745117,-0.0018801689147949219,-0.015164043180795546,49.97747747747748,358.50271099764456,69.97747747747748,3.502710997644563
netherlands_2020110200_strong_2020,netherlands,strong_2020,precip_large_zwd,zwd,zwd,q850_box_mean_g_per_kg,per-timestep spatial mean,actual_vs_uniform_zwd,6,dec_s0_pre_skip,whole,7.969995021820068,8.09398365020752,7.800777912139893,0.12398862838745117,-0.16921710968017578,-1.3647792695261574,49.97747747747748,358.50271099764456,69.97747747747748,3.502710997644563
netherlands_2020110200_strong_2020,netherlands,strong_2020,precip_large_zwd,zwd,zwd,q850_box_mean_g_per_kg,per-timestep spatial mean,actual_vs_uniform_zwd,6,dec_s0_pre_skip,target_box,7.969995021820068,8.09398365020752,7.931777477264404,0.12398862838745117,-0.03821754455566406,-0.3082342715836676,49.97747747747748,358.50271099764456,69.97747747747748,3.502710997644563
netherlands_2020110200_strong_2020,netherlands,strong_2020,precip_large_zwd,zwd,zwd,q850_box_mean_g_per_kg,per-timestep spatial mean,actual_vs_uniform_zwd,6,dec_s0_pre_skip,mountain_near,7.969995021820068,8.09398365020752,7.969623565673828,0.12398862838745117,-0.0003714561462402344,-0.0029958888252193073,49.97747747747748,358.50271099764456,69.97747747747748,3.502710997644563
netherlands_2020110200_strong_2020,netherlands,strong_2020,precip_large_zwd,zwd,zwd,q850_box_mean_g_per_kg,per-timestep spatial mean,actual_vs_uniform_zwd,6,dec_s0_pre_skip,upstream,7.969995021820068,8.09398365020752,7.915709972381592,0.12398862838745117,-0.05428504943847656,-0.4378228079823708,49.97747747747748,358.50271099764456,69.97747747747748,3.502710997644563
netherlands_2020110200_strong_2020,netherlands,strong_2020,precip_large_zwd,zwd,zwd,q850_box_mean_g_per_kg,per-timestep spatial mean,actual_vs_uniform_zwd,6,dec_s0_pre_skip,hotspot_gaussian,7.969995021820068,8.09398365020752,7.86705207824707,0.12398862838745117,-0.10294294357299805,-0.8302611692042627,49.97747747747748,358.50271099764456,69.97747747747748,3.502710997644563
netherlands_2020110200_strong_2020,netherlands,strong_2020,precip_large_zwd,zwd,zwd,q850_box_mean_g_per_kg,per-timestep spatial mean,actual_vs_uniform_zwd,6,dec_s0_pre_skip,low_near_gaussian,7.969995021820068,8.09398365020752,7.968311309814453,0.12398862838745117,-0.0016837120056152344,-0.013579567961295731,49.97747747747748,358.50271099764456,69.97747747747748,3.502710997644563
netherlands_2020110200_strong_2020,netherlands,strong_2020,precip_large_zwd,zwd,zwd,q850_box_mean_g_per_kg,per-timestep spatial mean,actual_vs_uniform_zwd,6,dec_s0_pre_skip,remote_control,7.969995021820068,8.09398365020752,7.968114852905273,0.12398862838745117,-0.0018801689147949219,-0.015164043180795546,49.97747747747748,358.50271099764456,69.97747747747748,3.502710997644563
netherlands_2020110200_strong_2020,netherlands,strong_2020,precip_large_zwd,zwd,zwd,q850_box_mean_g_per_kg,per-timestep spatial mean,actual_vs_uniform_zwd,6,dec_s1_pre_skip,whole,7.969995021820068,8.09398365020752,7.801217555999756,0.12398862838745117,-0.1687774658203125,-1.3612334293504806,49.97747747747748,358.50271099764456,69.97747747747748,3.502710997644563
netherlands_2020110200_strong_2020,netherlands,strong_2020,precip_large_zwd,zwd,zwd,q850_box_mean_g_per_kg,per-timestep spatial mean,actual_vs_uniform_zwd,6,dec_s1_pre_skip,target_box,7.969995021820068,8.09398365020752,7.930549621582031,0.12398862838745117,-0.03944540023803711,-0.3181372417055414,49.97747747747748,358.50271099764456,69.97747747747748,3.502710997644563
netherlands_2020110200_strong_2020,netherlands,strong_2020,precip_large_zwd,zwd,zwd,q850_box_mean_g_per_kg,per-timestep spatial mean,actual_vs_uniform_zwd,6,dec_s1_pre_skip,mountain_near,7.969995021820068,8.09398365020752,7.969944953918457,0.12398862838745117,-5.0067901611328125e-05,-0.0004038104321540787,49.97747747747748,358.50271099764456,69.97747747747748,3.502710997644563
netherlands_2020110200_strong_2020,netherlands,strong_2020,precip_large_zwd,zwd,zwd,q850_box_mean_g_per_kg,per-timestep spatial mean,actual_vs_uniform_zwd,6,dec_s1_pre_skip,upstream,7.969995021820068,8.09398365020752,7.890552997589111,0.12398862838745117,-0.07944202423095703,-0.6407202439784173,49.97747747747748,358.50271099764456,69.97747747747748,3.502710997644563
netherlands_2020110200_strong_2020,netherlands,strong_2020,precip_large_zwd,zwd,zwd,q850_box_mean_g_per_kg,per-timestep spatial mean,actual_vs_uniform_zwd,6,dec_s1_pre_skip,hotspot_gaussian,7.969995021820068,8.09398365020752,7.851317405700684,0.12398862838745117,-0.11867761611938477,-0.9571653276825511,49.97747747747748,358.50271099764456,69.97747747747748,3.502710997644563
netherlands_2020110200_strong_2020,netherlands,strong_2020,precip_large_zwd,zwd,zwd,q850_box_mean_g_per_kg,per-timestep spatial mean,actual_vs_uniform_zwd,6,dec_s1_pre_skip,low_near_gaussian,7.969995021820068,8.09398365020752,7.968451976776123,0.12398862838745117,-0.0015430450439453125,-0.012445052937624749,49.97747747747748,358.50271099764456,69.97747747747748,3.502710997644563
netherlands_2020110200_strong_2020,netherlands,strong_2020,precip_large_zwd,zwd,zwd,q850_box_mean_g_per_kg,per-timestep spatial mean,actual_vs_uniform_zwd,6,dec_s1_pre_skip,remote_control,7.969995021820068,8.09398365020752,7.969539642333984,0.12398862838745117,-0.0004553794860839844,-0.0036727520257823346,49.97747747747748,358.50271099764456,69.97747747747748,3.502710997644563
netherlands_2020110200_strong_2020,netherlands,strong_2020,precip_large_zwd,zwd,zwd,q850_box_mean_g_per_kg,per-timestep spatial mean,actual_vs_uniform_zwd,6,dec_s1_post_skip,whole,7.969995021820068,8.09398365020752,7.986202716827393,0.12398862838745117,0.01620769500732422,0.13071920560873462,49.97747747747748,358.50271099764456,69.97747747747748,3.502710997644563
netherlands_2020110200_strong_2020,netherlands,strong_2020,precip_large_zwd,zwd,zwd,q850_box_mean_g_per_kg,per-timestep spatial mean,actual_vs_uniform_zwd,6,dec_s1_post_skip,target_box,7.969995021820068,8.09398365020752,7.977656841278076,0.12398862838745117,0.0076618194580078125,0.06179453356049273,49.97747747747748,358.50271099764456,69.97747747747748,3.502710997644563
netherlands_2020110200_strong_2020,netherlands,strong_2020,precip_large_zwd,zwd,zwd,q850_box_mean_g_per_kg,per-timestep spatial mean,actual_vs_uniform_zwd,6,dec_s1_post_skip,mountain_near,7.969995021820068,8.09398365020752,7.970080852508545,0.12398862838745117,8.58306884765625e-05,0.0006922464551212778,49.97747747747748,358.50271099764456,69.97747747747748,3.502710997644563
netherlands_2020110200_strong_2020,netherlands,strong_2020,precip_large_zwd,zwd,zwd,q850_box_mean_g_per_kg,per-timestep spatial mean,actual_vs_uniform_zwd,6,dec_s1_post_skip,upstream,7.969995021820068,8.09398365020752,7.987950801849365,0.12398862838745117,0.017955780029296875,0.1448179584113713,49.97747747747748,358.50271099764456,69.97747747747748,3.502710997644563
netherlands_2020110200_strong_2020,netherlands,strong_2020,precip_large_zwd,zwd,zwd,q850_box_mean_g_per_kg,per-timestep spatial mean,actual_vs_uniform_zwd,6,dec_s1_post_skip,hotspot_gaussian,7.969995021820068,8.09398365020752,7.985756874084473,0.12398862838745117,0.015761852264404297,0.12712336985574352,49.97747747747748,358.50271099764456,69.97747747747748,3.502710997644563
netherlands_2020110200_strong_2020,netherlands,strong_2020,precip_large_zwd,zwd,zwd,q850_box_mean_g_per_kg,per-timestep spatial mean,actual_vs_uniform_zwd,6,dec_s1_post_skip,low_near_gaussian,7.969995021820068,8.09398365020752,7.970773696899414,0.12398862838745117,0.0007786750793457031,0.006280213673405814,49.97747747747748,358.50271099764456,69.97747747747748,3.502710997644563
netherlands_2020110200_strong_2020,netherlands,strong_2020,precip_large_zwd,zwd,zwd,q850_box_mean_g_per_kg,per-timestep spatial mean,actual_vs_uniform_zwd,6,dec_s1_post_skip,remote_control,7.969995021820068,8.09398365020752,7.970368385314941,0.12398862838745117,0.0003733634948730469,0.003011272079777558,49.97747747747748,358.50271099764456,69.97747747747748,3.502710997644563
netherlands_2020110200_strong_2020,netherlands,strong_2020,precip_large_zwd,zwd,zwd,q850_box_mean_g_per_kg,per-timestep spatial mean,actual_vs_uniform_zwd,6,dec_s2_pre_concat,whole,7.969995021820068,8.09398365020752,7.986202716827393,0.12398862838745117,0.01620769500732422,0.13071920560873462,49.97747747747748,358.50271099764456,69.97747747747748,3.502710997644563
netherlands_2020110200_strong_2020,netherlands,strong_2020,precip_large_zwd,zwd,zwd,q850_box_mean_g_per_kg,per-timestep spatial mean,actual_vs_uniform_zwd,6,dec_s2_pre_concat,target_box,7.969995021820068,8.09398365020752,7.977656841278076,0.12398862838745117,0.0076618194580078125,0.06179453356049273,49.97747747747748,358.50271099764456,69.97747747747748,3.502710997644563
netherlands_2020110200_strong_2020,netherlands,strong_2020,precip_large_zwd,zwd,zwd,q850_box_mean_g_per_kg,per-timestep spatial mean,actual_vs_uniform_zwd,6,dec_s2_pre_concat,mountain_near,7.969995021820068,8.09398365020752,7.970080852508545,0.12398862838745117,8.58306884765625e-05,0.0006922464551212778,49.97747747747748,358.50271099764456,69.97747747747748,3.502710997644563
netherlands_2020110200_strong_2020,netherlands,strong_2020,precip_large_zwd,zwd,zwd,q850_box_mean_g_per_kg,per-timestep spatial mean,actual_vs_uniform_zwd,6,dec_s2_pre_concat,upstream,7.969995021820068,8.09398365020752,7.987950801849365,0.12398862838745117,0.017955780029296875,0.1448179584113713,49.97747747747748,358.50271099764456,69.97747747747748,3.502710997644563
netherlands_2020110200_strong_2020,netherlands,strong_2020,precip_large_zwd,zwd,zwd,q850_box_mean_g_per_kg,per-timestep spatial mean,actual_vs_uniform_zwd,6,dec_s2_pre_concat,hotspot_gaussian,7.969995021820068,8.09398365020752,7.985756874084473,0.12398862838745117,0.015761852264404297,0.12712336985574352,49.97747747747748,358.50271099764456,69.97747747747748,3.502710997644563
netherlands_2020110200_strong_2020,netherlands,strong_2020,precip_large_zwd,zwd,zwd,q850_box_mean_g_per_kg,per-timestep spatial mean,actual_vs_uniform_zwd,6,dec_s2_pre_concat,low_near_gaussian,7.969995021820068,8.09398365020752,7.970773696899414,0.12398862838745117,0.0007786750793457031,0.006280213673405814,49.97747747747748,358.50271099764456,69.97747747747748,3.502710997644563
netherlands_2020110200_strong_2020,netherlands,strong_2020,precip_large_zwd,zwd,zwd,q850_box_mean_g_per_kg,per-timestep spatial mean,actual_vs_uniform_zwd,6,dec_s2_pre_concat,remote_control,7.969995021820068,8.09398365020752,7.970368385314941,0.12398862838745117,0.0003733634948730469,0.003011272079777558,49.97747747747748,358.50271099764456,69.97747747747748,3.502710997644563
netherlands_2020110200_strong_2020,netherlands,strong_2020,precip_large_zwd,zwd,zwd,q850_box_mean_g_per_kg,per-timestep spatial mean,actual_vs_uniform_zwd,6,dec_s2_post_concat,whole,7.969995021820068,8.09398365020752,8.09378719329834,0.12398862838745117,0.12379217147827148,0.9984155247805002,49.97747747747748,358.50271099764456,69.97747747747748,3.502710997644563
netherlands_2020110200_strong_2020,netherlands,strong_2020,precip_large_zwd,zwd,zwd,q850_box_mean_g_per_kg,per-timestep spatial mean,actual_vs_uniform_zwd,6,dec_s2_post_concat,target_box,7.969995021820068,8.09398365020752,8.063528060913086,0.12398862838745117,0.09353303909301758,0.7543678828411333,49.97747747747748,358.50271099764456,69.97747747747748,3.502710997644563
netherlands_2020110200_strong_2020,netherlands,strong_2020,precip_large_zwd,zwd,zwd,q850_box_mean_g_per_kg,per-timestep spatial mean,actual_vs_uniform_zwd,6,dec_s2_post_concat,mountain_near,7.969995021820068,8.09398365020752,7.970240116119385,0.12398862838745117,0.00024509429931640625,0.001976748210735204,49.97747747747748,358.50271099764456,69.97747747747748,3.502710997644563
netherlands_2020110200_strong_2020,netherlands,strong_2020,precip_large_zwd,zwd,zwd,q850_box_mean_g_per_kg,per-timestep spatial mean,actual_vs_uniform_zwd,6,dec_s2_post_concat,upstream,7.969995021820068,8.09398365020752,8.01505184173584,0.12398862838745117,0.045056819915771484,0.36339477661591474,49.97747747747748,358.50271099764456,69.97747747747748,3.502710997644563
netherlands_2020110200_strong_2020,netherlands,strong_2020,precip_large_zwd,zwd,zwd,q850_box_mean_g_per_kg,per-timestep spatial mean,actual_vs_uniform_zwd,6,dec_s2_post_concat,hotspot_gaussian,7.969995021820068,8.09398365020752,8.055434226989746,0.12398862838745117,0.08543920516967773,0.6890890421231968,49.97747747747748,358.50271099764456,69.97747747747748,3.502710997644563
netherlands_2020110200_strong_2020,netherlands,strong_2020,precip_large_zwd,zwd,zwd,q850_box_mean_g_per_kg,per-timestep spatial mean,actual_vs_uniform_zwd,6,dec_s2_post_concat,low_near_gaussian,7.969995021820068,8.09398365020752,7.9723100662231445,0.12398862838745117,0.002315044403076172,0.018671425220076684,49.97747747747748,358.50271099764456,69.97747747747748,3.502710997644563
netherlands_2020110200_strong_2020,netherlands,strong_2020,precip_large_zwd,zwd,zwd,q850_box_mean_g_per_kg,per-timestep spatial mean,actual_vs_uniform_zwd,6,dec_s2_post_concat,remote_control,7.969995021820068,8.09398365020752,7.970240116119385,0.12398862838745117,0.00024509429931640625,0.001976748210735204,49.97747747747748,358.50271099764456,69.97747747747748,3.502710997644563
netherlands_2020110200_strong_2020,netherlands,strong_2020,precip_large_zwd,zwd,zwd,q850_box_mean_g_per_kg,per-timestep spatial mean,actual_vs_uniform_zwd,12,enc_s0_skip,whole,7.3610029220581055,7.68149471282959,7.5780029296875,0.3204917907714844,0.21700000762939453,0.677084449205499,49.97747747747748,358.50271099764456,69.97747747747748,3.502710997644563
netherlands_2020110200_strong_2020,netherlands,strong_2020,precip_large_zwd,zwd,zwd,q850_box_mean_g_per_kg,per-timestep spatial mean,actual_vs_uniform_zwd,12,enc_s0_skip,target_box,7.3610029220581055,7.68149471282959,7.381600379943848,0.3204917907714844,0.020597457885742188,0.06426828542522169,49.97747747747748,358.50271099764456,69.97747747747748,3.502710997644563
netherlands_2020110200_strong_2020,netherlands,strong_2020,precip_large_zwd,zwd,zwd,q850_box_mean_g_per_kg,per-timestep spatial mean,actual_vs_uniform_zwd,12,enc_s0_skip,mountain_near,7.3610029220581055,7.68149471282959,7.357039928436279,0.3204917907714844,-0.003962993621826172,-0.012365351425340712,49.97747747747748,358.50271099764456,69.97747747747748,3.502710997644563
netherlands_2020110200_strong_2020,netherlands,strong_2020,precip_large_zwd,zwd,zwd,q850_box_mean_g_per_kg,per-timestep spatial mean,actual_vs_uniform_zwd,12,enc_s0_skip,upstream,7.3610029220581055,7.68149471282959,7.544374942779541,0.3204917907714844,0.18337202072143555,0.5721582455513896,49.97747747747748,358.50271099764456,69.97747747747748,3.502710997644563
netherlands_2020110200_strong_2020,netherlands,strong_2020,precip_large_zwd,zwd,zwd,q850_box_mean_g_per_kg,per-timestep spatial mean,actual_vs_uniform_zwd,12,enc_s0_skip,hotspot_gaussian,7.3610029220581055,7.68149471282959,7.547099590301514,0.3204917907714844,0.1860966682434082,0.5806597036243528,49.97747747747748,358.50271099764456,69.97747747747748,3.502710997644563
netherlands_2020110200_strong_2020,netherlands,strong_2020,precip_large_zwd,zwd,zwd,q850_box_mean_g_per_kg,per-timestep spatial mean,actual_vs_uniform_zwd,12,enc_s0_skip,low_near_gaussian,7.3610029220581055,7.68149471282959,7.361964702606201,0.3204917907714844,0.0009617805480957031,0.0030009522109147174,49.97747747747748,358.50271099764456,69.97747747747748,3.502710997644563
netherlands_2020110200_strong_2020,netherlands,strong_2020,precip_large_zwd,zwd,zwd,q850_box_mean_g_per_kg,per-timestep spatial mean,actual_vs_uniform_zwd,12,enc_s0_skip,remote_control,7.3610029220581055,7.68149471282959,7.35847806930542,0.3204917907714844,-0.002524852752685547,-0.007878057489733976,49.97747747747748,358.50271099764456,69.97747747747748,3.502710997644563
netherlands_2020110200_strong_2020,netherlands,strong_2020,precip_large_zwd,zwd,zwd,q850_box_mean_g_per_kg,per-timestep spatial mean,actual_vs_uniform_zwd,12,enc_s1_skip,whole,7.3610029220581055,7.68149471282959,7.3610029220581055,0.3204917907714844,0.0,0.0,49.97747747747748,358.50271099764456,69.97747747747748,3.502710997644563
netherlands_2020110200_strong_2020,netherlands,strong_2020,precip_large_zwd,zwd,zwd,q850_box_mean_g_per_kg,per-timestep spatial mean,actual_vs_uniform_zwd,12,enc_s1_skip,target_box,7.3610029220581055,7.68149471282959,7.3610029220581055,0.3204917907714844,0.0,0.0,49.97747747747748,358.50271099764456,69.97747747747748,3.502710997644563
netherlands_2020110200_strong_2020,netherlands,strong_2020,precip_large_zwd,zwd,zwd,q850_box_mean_g_per_kg,per-timestep spatial mean,actual_vs_uniform_zwd,12,enc_s1_skip,mountain_near,7.3610029220581055,7.68149471282959,7.3610029220581055,0.3204917907714844,0.0,0.0,49.97747747747748,358.50271099764456,69.97747747747748,3.502710997644563
netherlands_2020110200_strong_2020,netherlands,strong_2020,precip_large_zwd,zwd,zwd,q850_box_mean_g_per_kg,per-timestep spatial mean,actual_vs_uniform_zwd,12,enc_s1_skip,upstream,7.3610029220581055,7.68149471282959,7.3610029220581055,0.3204917907714844,0.0,0.0,49.97747747747748,358.50271099764456,69.97747747747748,3.502710997644563
netherlands_2020110200_strong_2020,netherlands,strong_2020,precip_large_zwd,zwd,zwd,q850_box_mean_g_per_kg,per-timestep spatial mean,actual_vs_uniform_zwd,12,enc_s1_skip,hotspot_gaussian,7.3610029220581055,7.68149471282959,7.3610029220581055,0.3204917907714844,0.0,0.0,49.97747747747748,358.50271099764456,69.97747747747748,3.502710997644563
netherlands_2020110200_strong_2020,netherlands,strong_2020,precip_large_zwd,zwd,zwd,q850_box_mean_g_per_kg,per-timestep spatial mean,actual_vs_uniform_zwd,12,enc_s1_skip,low_near_gaussian,7.3610029220581055,7.68149471282959,7.3610029220581055,0.3204917907714844,0.0,0.0,49.97747747747748,358.50271099764456,69.97747747747748,3.502710997644563
netherlands_2020110200_strong_2020,netherlands,strong_2020,precip_large_zwd,zwd,zwd,q850_box_mean_g_per_kg,per-timestep spatial mean,actual_vs_uniform_zwd,12,enc_s1_skip,remote_control,7.3610029220581055,7.68149471282959,7.3610029220581055,0.3204917907714844,0.0,0.0,49.97747747747748,358.50271099764456,69.97747747747748,3.502710997644563
netherlands_2020110200_strong_2020,netherlands,strong_2020,precip_large_zwd,zwd,zwd,q850_box_mean_g_per_kg,per-timestep spatial mean,actual_vs_uniform_zwd,12,enc_s2_bottleneck,whole,7.3610029220581055,7.68149471282959,7.442647933959961,0.3204917907714844,0.08164501190185547,0.2547491519371541,49.97747747747748,358.50271099764456,69.97747747747748,3.502710997644563
netherlands_2020110200_strong_2020,netherlands,strong_2020,precip_large_zwd,zwd,zwd,q850_box_mean_g_per_kg,per-timestep spatial mean,actual_vs_uniform_zwd,12,enc_s2_bottleneck,target_box,7.3610029220581055,7.68149471282959,7.3617401123046875,0.3204917907714844,0.0007371902465820312,0.0023001844908647267,49.97747747747748,358.50271099764456,69.97747747747748,3.502710997644563
netherlands_2020110200_strong_2020,netherlands,strong_2020,precip_large_zwd,zwd,zwd,q850_box_mean_g_per_kg,per-timestep spatial mean,actual_vs_uniform_zwd,12,enc_s2_bottleneck,mountain_near,7.3610029220581055,7.68149471282959,7.363281726837158,0.3204917907714844,0.0022788047790527344,0.007110337439742903,49.97747747747748,358.50271099764456,69.97747747747748,3.502710997644563
netherlands_2020110200_strong_2020,netherlands,strong_2020,precip_large_zwd,zwd,zwd,q850_box_mean_g_per_kg,per-timestep spatial mean,actual_vs_uniform_zwd,12,enc_s2_bottleneck,upstream,7.3610029220581055,7.68149471282959,7.456744194030762,0.3204917907714844,0.09574127197265625,0.2987323692197822,49.97747747747748,358.50271099764456,69.97747747747748,3.502710997644563
netherlands_2020110200_strong_2020,netherlands,strong_2020,precip_large_zwd,zwd,zwd,q850_box_mean_g_per_kg,per-timestep spatial mean,actual_vs_uniform_zwd,12,enc_s2_bottleneck,hotspot_gaussian,7.3610029220581055,7.68149471282959,7.41717004776001,0.3204917907714844,0.0561671257019043,0.17525293102422188,49.97747747747748,358.50271099764456,69.97747747747748,3.502710997644563
netherlands_2020110200_strong_2020,netherlands,strong_2020,precip_large_zwd,zwd,zwd,q850_box_mean_g_per_kg,per-timestep spatial mean,actual_vs_uniform_zwd,12,enc_s2_bottleneck,low_near_gaussian,7.3610029220581055,7.68149471282959,7.359749794006348,0.3204917907714844,-0.0012531280517578125,-0.003910016068559186,49.97747747747748,358.50271099764456,69.97747747747748,3.502710997644563
netherlands_2020110200_strong_2020,netherlands,strong_2020,precip_large_zwd,zwd,zwd,q850_box_mean_g_per_kg,per-timestep spatial mean,actual_vs_uniform_zwd,12,enc_s2_bottleneck,remote_control,7.3610029220581055,7.68149471282959,7.362051486968994,0.3204917907714844,0.0010485649108886719,0.003271737189787538,49.97747747747748,358.50271099764456,69.97747747747748,3.502710997644563
netherlands_2020110200_strong_2020,netherlands,strong_2020,precip_large_zwd,zwd,zwd,q850_box_mean_g_per_kg,per-timestep spatial mean,actual_vs_uniform_zwd,12,dec_s0_pre_skip,whole,7.3610029220581055,7.68149471282959,7.442647933959961,0.3204917907714844,0.08164501190185547,0.2547491519371541,49.97747747747748,358.50271099764456,69.97747747747748,3.502710997644563
netherlands_2020110200_strong_2020,netherlands,strong_2020,precip_large_zwd,zwd,zwd,q850_box_mean_g_per_kg,per-timestep spatial mean,actual_vs_uniform_zwd,12,dec_s0_pre_skip,target_box,7.3610029220581055,7.68149471282959,7.3617401123046875,0.3204917907714844,0.0007371902465820312,0.0023001844908647267,49.97747747747748,358.50271099764456,69.97747747747748,3.502710997644563
netherlands_2020110200_strong_2020,netherlands,strong_2020,precip_large_zwd,zwd,zwd,q850_box_mean_g_per_kg,per-timestep spatial mean,actual_vs_uniform_zwd,12,dec_s0_pre_skip,mountain_near,7.3610029220581055,7.68149471282959,7.363281726837158,0.3204917907714844,0.0022788047790527344,0.007110337439742903,49.97747747747748,358.50271099764456,69.97747747747748,3.502710997644563
netherlands_2020110200_strong_2020,netherlands,strong_2020,precip_large_zwd,zwd,zwd,q850_box_mean_g_per_kg,per-timestep spatial mean,actual_vs_uniform_zwd,12,dec_s0_pre_skip,upstream,7.3610029220581055,7.68149471282959,7.456744194030762,0.3204917907714844,0.09574127197265625,0.2987323692197822,49.97747747747748,358.50271099764456,69.97747747747748,3.502710997644563
netherlands_2020110200_strong_2020,netherlands,strong_2020,precip_large_zwd,zwd,zwd,q850_box_mean_g_per_kg,per-timestep spatial mean,actual_vs_uniform_zwd,12,dec_s0_pre_skip,hotspot_gaussian,7.3610029220581055,7.68149471282959,7.41717004776001,0.3204917907714844,0.0561671257019043,0.17525293102422188,49.97747747747748,358.50271099764456,69.97747747747748,3.502710997644563
netherlands_2020110200_strong_2020,netherlands,strong_2020,precip_large_zwd,zwd,zwd,q850_box_mean_g_per_kg,per-timestep spatial mean,actual_vs_uniform_zwd,12,dec_s0_pre_skip,low_near_gaussian,7.3610029220581055,7.68149471282959,7.359749794006348,0.3204917907714844,-0.0012531280517578125,-0.003910016068559186,49.97747747747748,358.50271099764456,69.97747747747748,3.502710997644563
netherlands_2020110200_strong_2020,netherlands,strong_2020,precip_large_zwd,zwd,zwd,q850_box_mean_g_per_kg,per-timestep spatial mean,actual_vs_uniform_zwd,12,dec_s0_pre_skip,remote_control,7.3610029220581055,7.68149471282959,7.362051486968994,0.3204917907714844,0.0010485649108886719,0.003271737189787538,49.97747747747748,358.50271099764456,69.97747747747748,3.502710997644563
netherlands_2020110200_strong_2020,netherlands,strong_2020,precip_large_zwd,zwd,zwd,q850_box_mean_g_per_kg,per-timestep spatial mean,actual_vs_uniform_zwd,12,dec_s1_pre_skip,whole,7.3610029220581055,7.68149471282959,7.439323902130127,0.3204917907714844,0.07832098007202148,0.24437749211450335,49.97747747747748,358.50271099764456,69.97747747747748,3.502710997644563
netherlands_2020110200_strong_2020,netherlands,strong_2020,precip_large_zwd,zwd,zwd,q850_box_mean_g_per_kg,per-timestep spatial mean,actual_vs_uniform_zwd,12,dec_s1_pre_skip,target_box,7.3610029220581055,7.68149471282959,7.359596252441406,0.3204917907714844,-0.0014066696166992188,-0.0043890971850264835,49.97747747747748,358.50271099764456,69.97747747747748,3.502710997644563
netherlands_2020110200_strong_2020,netherlands,strong_2020,precip_large_zwd,zwd,zwd,q850_box_mean_g_per_kg,per-timestep spatial mean,actual_vs_uniform_zwd,12,dec_s1_pre_skip,mountain_near,7.3610029220581055,7.68149471282959,7.357051372528076,0.3204917907714844,-0.003951549530029297,-0.012329643516038803,49.97747747747748,358.50271099764456,69.97747747747748,3.502710997644563
netherlands_2020110200_strong_2020,netherlands,strong_2020,precip_large_zwd,zwd,zwd,q850_box_mean_g_per_kg,per-timestep spatial mean,actual_vs_uniform_zwd,12,dec_s1_pre_skip,upstream,7.3610029220581055,7.68149471282959,7.448012351989746,0.3204917907714844,0.08700942993164062,0.27148723442242456,49.97747747747748,358.50271099764456,69.97747747747748,3.502710997644563
netherlands_2020110200_strong_2020,netherlands,strong_2020,precip_large_zwd,zwd,zwd,q850_box_mean_g_per_kg,per-timestep spatial mean,actual_vs_uniform_zwd,12,dec_s1_pre_skip,hotspot_gaussian,7.3610029220581055,7.68149471282959,7.4271769523620605,0.3204917907714844,0.06617403030395508,0.206476522049634,49.97747747747748,358.50271099764456,69.97747747747748,3.502710997644563
netherlands_2020110200_strong_2020,netherlands,strong_2020,precip_large_zwd,zwd,zwd,q850_box_mean_g_per_kg,per-timestep spatial mean,actual_vs_uniform_zwd,12,dec_s1_pre_skip,low_near_gaussian,7.3610029220581055,7.68149471282959,7.366567611694336,0.3204917907714844,0.005564689636230469,0.017362970898053918,49.97747747747748,358.50271099764456,69.97747747747748,3.502710997644563
netherlands_2020110200_strong_2020,netherlands,strong_2020,precip_large_zwd,zwd,zwd,q850_box_mean_g_per_kg,per-timestep spatial mean,actual_vs_uniform_zwd,12,dec_s1_pre_skip,remote_control,7.3610029220581055,7.68149471282959,7.360618591308594,0.3204917907714844,-0.00038433074951171875,-0.00119919062072249,49.97747747747748,358.50271099764456,69.97747747747748,3.502710997644563
netherlands_2020110200_strong_2020,netherlands,strong_2020,precip_large_zwd,zwd,zwd,q850_box_mean_g_per_kg,per-timestep spatial mean,actual_vs_uniform_zwd,12,dec_s1_post_skip,whole,7.3610029220581055,7.68149471282959,7.526253700256348,0.3204917907714844,0.1652507781982422,0.5156162590013688,49.97747747747748,358.50271099764456,69.97747747747748,3.502710997644563
netherlands_2020110200_strong_2020,netherlands,strong_2020,precip_large_zwd,zwd,zwd,q850_box_mean_g_per_kg,per-timestep spatial mean,actual_vs_uniform_zwd,12,dec_s1_post_skip,target_box,7.3610029220581055,7.68149471282959,7.356899738311768,0.3204917907714844,-0.004103183746337891,-0.012802773314289115,49.97747747747748,358.50271099764456,69.97747747747748,3.502710997644563
netherlands_2020110200_strong_2020,netherlands,strong_2020,precip_large_zwd,zwd,zwd,q850_box_mean_g_per_kg,per-timestep spatial mean,actual_vs_uniform_zwd,12,dec_s1_post_skip,mountain_near,7.3610029220581055,7.68149471282959,7.3615641593933105,0.3204917907714844,0.0005612373352050781,0.0017511753853478545,49.97747747747748,358.50271099764456,69.97747747747748,3.502710997644563
netherlands_2020110200_strong_2020,netherlands,strong_2020,precip_large_zwd,zwd,zwd,q850_box_mean_g_per_kg,per-timestep spatial mean,actual_vs_uniform_zwd,12,dec_s1_post_skip,upstream,7.3610029220581055,7.68149471282959,7.507409572601318,0.3204917907714844,0.1464066505432129,0.4568187228471106,49.97747747747748,358.50271099764456,69.97747747747748,3.502710997644563
netherlands_2020110200_strong_2020,netherlands,strong_2020,precip_large_zwd,zwd,zwd,q850_box_mean_g_per_kg,per-timestep spatial mean,actual_vs_uniform_zwd,12,dec_s1_post_skip,hotspot_gaussian,7.3610029220581055,7.68149471282959,7.510370254516602,0.3204917907714844,0.1493673324584961,0.4660566565494257,49.97747747747748,358.50271099764456,69.97747747747748,3.502710997644563
netherlands_2020110200_strong_2020,netherlands,strong_2020,precip_large_zwd,zwd,zwd,q850_box_mean_g_per_kg,per-timestep spatial mean,actual_vs_uniform_zwd,12,dec_s1_post_skip,low_near_gaussian,7.3610029220581055,7.68149471282959,7.357774257659912,0.3204917907714844,-0.0032286643981933594,-0.010074093911801463,49.97747747747748,358.50271099764456,69.97747747747748,3.502710997644563
netherlands_2020110200_strong_2020,netherlands,strong_2020,precip_large_zwd,zwd,zwd,q850_box_mean_g_per_kg,per-timestep spatial mean,actual_vs_uniform_zwd,12,dec_s1_post_skip,remote_control,7.3610029220581055,7.68149471282959,7.364803314208984,0.3204917907714844,0.0038003921508789062,0.011858001547342737,49.97747747747748,358.50271099764456,69.97747747747748,3.502710997644563
netherlands_2020110200_strong_2020,netherlands,strong_2020,precip_large_zwd,zwd,zwd,q850_box_mean_g_per_kg,per-timestep spatial mean,actual_vs_uniform_zwd,12,dec_s2_pre_concat,whole,7.3610029220581055,7.68149471282959,7.526253700256348,0.3204917907714844,0.1652507781982422,0.5156162590013688,49.97747747747748,358.50271099764456,69.97747747747748,3.502710997644563
netherlands_2020110200_strong_2020,netherlands,strong_2020,precip_large_zwd,zwd,zwd,q850_box_mean_g_per_kg,per-timestep spatial mean,actual_vs_uniform_zwd,12,dec_s2_pre_concat,target_box,7.3610029220581055,7.68149471282959,7.356899738311768,0.3204917907714844,-0.004103183746337891,-0.012802773314289115,49.97747747747748,358.50271099764456,69.97747747747748,3.502710997644563
netherlands_2020110200_strong_2020,netherlands,strong_2020,precip_large_zwd,zwd,zwd,q850_box_mean_g_per_kg,per-timestep spatial mean,actual_vs_uniform_zwd,12,dec_s2_pre_concat,mountain_near,7.3610029220581055,7.68149471282959,7.3615641593933105,0.3204917907714844,0.0005612373352050781,0.0017511753853478545,49.97747747747748,358.50271099764456,69.97747747747748,3.502710997644563
netherlands_2020110200_strong_2020,netherlands,strong_2020,precip_large_zwd,zwd,zwd,q850_box_mean_g_per_kg,per-timestep spatial mean,actual_vs_uniform_zwd,12,dec_s2_pre_concat,upstream,7.3610029220581055,7.68149471282959,7.507409572601318,0.3204917907714844,0.1464066505432129,0.4568187228471106,49.97747747747748,358.50271099764456,69.97747747747748,3.502710997644563
netherlands_2020110200_strong_2020,netherlands,strong_2020,precip_large_zwd,zwd,zwd,q850_box_mean_g_per_kg,per-timestep spatial mean,actual_vs_uniform_zwd,12,dec_s2_pre_concat,hotspot_gaussian,7.3610029220581055,7.68149471282959,7.510370254516602,0.3204917907714844,0.1493673324584961,0.4660566565494257,49.97747747747748,358.50271099764456,69.97747747747748,3.502710997644563
netherlands_2020110200_strong_2020,netherlands,strong_2020,precip_large_zwd,zwd,zwd,q850_box_mean_g_per_kg,per-timestep spatial mean,actual_vs_uniform_zwd,12,dec_s2_pre_concat,low_near_gaussian,7.3610029220581055,7.68149471282959,7.357774257659912,0.3204917907714844,-0.0032286643981933594,-0.010074093911801463,49.97747747747748,358.50271099764456,69.97747747747748,3.502710997644563
netherlands_2020110200_strong_2020,netherlands,strong_2020,precip_large_zwd,zwd,zwd,q850_box_mean_g_per_kg,per-timestep spatial mean,actual_vs_uniform_zwd,12,dec_s2_pre_concat,remote_control,7.3610029220581055,7.68149471282959,7.364803314208984,0.3204917907714844,0.0038003921508789062,0.011858001547342737,49.97747747747748,358.50271099764456,69.97747747747748,3.502710997644563
netherlands_2020110200_strong_2020,netherlands,strong_2020,precip_large_zwd,zwd,zwd,q850_box_mean_g_per_kg,per-timestep spatial mean,actual_vs_uniform_zwd,12,dec_s2_post_concat,whole,7.3610029220581055,7.68149471282959,7.657181739807129,0.3204917907714844,0.29617881774902344,0.9241385466880914,49.97747747747748,358.50271099764456,69.97747747747748,3.502710997644563
netherlands_2020110200_strong_2020,netherlands,strong_2020,precip_large_zwd,zwd,zwd,q850_box_mean_g_per_kg,per-timestep spatial mean,actual_vs_uniform_zwd,12,dec_s2_post_concat,target_box,7.3610029220581055,7.68149471282959,7.371619701385498,0.3204917907714844,0.010616779327392578,0.033126525025293105,49.97747747747748,358.50271099764456,69.97747747747748,3.502710997644563
netherlands_2020110200_strong_2020,netherlands,strong_2020,precip_large_zwd,zwd,zwd,q850_box_mean_g_per_kg,per-timestep spatial mean,actual_vs_uniform_zwd,12,dec_s2_post_concat,mountain_near,7.3610029220581055,7.68149471282959,7.360894203186035,0.3204917907714844,-0.0001087188720703125,-0.00033922513836814856,49.97747747747748,358.50271099764456,69.97747747747748,3.502710997644563
netherlands_2020110200_strong_2020,netherlands,strong_2020,precip_large_zwd,zwd,zwd,q850_box_mean_g_per_kg,per-timestep spatial mean,actual_vs_uniform_zwd,12,dec_s2_post_concat,upstream,7.3610029220581055,7.68149471282959,7.6376519203186035,0.3204917907714844,0.27664899826049805,0.8632015116348272,49.97747747747748,358.50271099764456,69.97747747747748,3.502710997644563
netherlands_2020110200_strong_2020,netherlands,strong_2020,precip_large_zwd,zwd,zwd,q850_box_mean_g_per_kg,per-timestep spatial mean,actual_vs_uniform_zwd,12,dec_s2_post_concat,hotspot_gaussian,7.3610029220581055,7.68149471282959,7.634041786193848,0.3204917907714844,0.2730388641357422,0.8519371540796287,49.97747747747748,358.50271099764456,69.97747747747748,3.502710997644563
netherlands_2020110200_strong_2020,netherlands,strong_2020,precip_large_zwd,zwd,zwd,q850_box_mean_g_per_kg,per-timestep spatial mean,actual_vs_uniform_zwd,12,dec_s2_post_concat,low_near_gaussian,7.3610029220581055,7.68149471282959,7.363382816314697,0.3204917907714844,0.002379894256591797,0.007425757305243111,49.97747747747748,358.50271099764456,69.97747747747748,3.502710997644563
netherlands_2020110200_strong_2020,netherlands,strong_2020,precip_large_zwd,zwd,zwd,q850_box_mean_g_per_kg,per-timestep spatial mean,actual_vs_uniform_zwd,12,dec_s2_post_concat,remote_control,7.3610029220581055,7.68149471282959,7.361988067626953,0.3204917907714844,0.0009851455688476562,0.0030738558590727846,49.97747747747748,358.50271099764456,69.97747747747748,3.502710997644563
netherlands_2020110200_strong_2020,netherlands,strong_2020,precip_large_zwd,zwd,zwd,q850_box_mean_g_per_kg,per-timestep spatial mean,actual_vs_uniform_zwd,24,enc_s0_skip,whole,2.4800126552581787,2.5265369415283203,2.559082269668579,0.0465242862701416,0.07906961441040039,1.6995341734268745,49.97747747747748,358.50271099764456,69.97747747747748,3.502710997644563
netherlands_2020110200_strong_2020,netherlands,strong_2020,precip_large_zwd,zwd,zwd,q850_box_mean_g_per_kg,per-timestep spatial mean,actual_vs_uniform_zwd,24,enc_s0_skip,target_box,2.4800126552581787,2.5265369415283203,2.486736536026001,0.0465242862701416,0.006723880767822266,0.1445241035785115,49.97747747747748,358.50271099764456,69.97747747747748,3.502710997644563
netherlands_2020110200_strong_2020,netherlands,strong_2020,precip_large_zwd,zwd,zwd,q850_box_mean_g_per_kg,per-timestep spatial mean,actual_vs_uniform_zwd,24,enc_s0_skip,mountain_near,2.4800126552581787,2.5265369415283203,2.4847915172576904,0.0465242862701416,0.004778861999511719,0.10271757790680394,49.97747747747748,358.50271099764456,69.97747747747748,3.502710997644563
netherlands_2020110200_strong_2020,netherlands,strong_2020,precip_large_zwd,zwd,zwd,q850_box_mean_g_per_kg,per-timestep spatial mean,actual_vs_uniform_zwd,24,enc_s0_skip,upstream,2.4800126552581787,2.5265369415283203,2.494706153869629,0.0465242862701416,0.014693498611450195,0.3158242670534035,49.97747747747748,358.50271099764456,69.97747747747748,3.502710997644563
netherlands_2020110200_strong_2020,netherlands,strong_2020,precip_large_zwd,zwd,zwd,q850_box_mean_g_per_kg,per-timestep spatial mean,actual_vs_uniform_zwd,24,enc_s0_skip,hotspot_gaussian,2.4800126552581787,2.5265369415283203,2.5030648708343506,0.0465242862701416,0.023052215576171875,0.495487785504543,49.97747747747748,358.50271099764456,69.97747747747748,3.502710997644563
netherlands_2020110200_strong_2020,netherlands,strong_2020,precip_large_zwd,zwd,zwd,q850_box_mean_g_per_kg,per-timestep spatial mean,actual_vs_uniform_zwd,24,enc_s0_skip,low_near_gaussian,2.4800126552581787,2.5265369415283203,2.4851224422454834,0.0465242862701416,0.0051097869873046875,0.10983052932042617,49.97747747747748,358.50271099764456,69.97747747747748,3.502710997644563
netherlands_2020110200_strong_2020,netherlands,strong_2020,precip_large_zwd,zwd,zwd,q850_box_mean_g_per_kg,per-timestep spatial mean,actual_vs_uniform_zwd,24,enc_s0_skip,remote_control,2.4800126552581787,2.5265369415283203,2.489555597305298,0.0465242862701416,0.00954294204711914,0.20511743031818672,49.97747747747748,358.50271099764456,69.97747747747748,3.502710997644563
netherlands_2020110200_strong_2020,netherlands,strong_2020,precip_large_zwd,zwd,zwd,q850_box_mean_g_per_kg,per-timestep spatial mean,actual_vs_uniform_zwd,24,enc_s1_skip,whole,2.4800126552581787,2.5265369415283203,2.4800126552581787,0.0465242862701416,0.0,0.0,49.97747747747748,358.50271099764456,69.97747747747748,3.502710997644563
netherlands_2020110200_strong_2020,netherlands,strong_2020,precip_large_zwd,zwd,zwd,q850_box_mean_g_per_kg,per-timestep spatial mean,actual_vs_uniform_zwd,24,enc_s1_skip,target_box,2.4800126552581787,2.5265369415283203,2.4800126552581787,0.0465242862701416,0.0,0.0,49.97747747747748,358.50271099764456,69.97747747747748,3.502710997644563
netherlands_2020110200_strong_2020,netherlands,strong_2020,precip_large_zwd,zwd,zwd,q850_box_mean_g_per_kg,per-timestep spatial mean,actual_vs_uniform_zwd,24,enc_s1_skip,mountain_near,2.4800126552581787,2.5265369415283203,2.4800126552581787,0.0465242862701416,0.0,0.0,49.97747747747748,358.50271099764456,69.97747747747748,3.502710997644563
netherlands_2020110200_strong_2020,netherlands,strong_2020,precip_large_zwd,zwd,zwd,q850_box_mean_g_per_kg,per-timestep spatial mean,actual_vs_uniform_zwd,24,enc_s1_skip,upstream,2.4800126552581787,2.5265369415283203,2.4800126552581787,0.0465242862701416,0.0,0.0,49.97747747747748,358.50271099764456,69.97747747747748,3.502710997644563
netherlands_2020110200_strong_2020,netherlands,strong_2020,precip_large_zwd,zwd,zwd,q850_box_mean_g_per_kg,per-timestep spatial mean,actual_vs_uniform_zwd,24,enc_s1_skip,hotspot_gaussian,2.4800126552581787,2.5265369415283203,2.4800126552581787,0.0465242862701416,0.0,0.0,49.97747747747748,358.50271099764456,69.97747747747748,3.502710997644563
netherlands_2020110200_strong_2020,netherlands,strong_2020,precip_large_zwd,zwd,zwd,q850_box_mean_g_per_kg,per-timestep spatial mean,actual_vs_uniform_zwd,24,enc_s1_skip,low_near_gaussian,2.4800126552581787,2.5265369415283203,2.4800126552581787,0.0465242862701416,0.0,0.0,49.97747747747748,358.50271099764456,69.97747747747748,3.502710997644563
netherlands_2020110200_strong_2020,netherlands,strong_2020,precip_large_zwd,zwd,zwd,q850_box_mean_g_per_kg,per-timestep spatial mean,actual_vs_uniform_zwd,24,enc_s1_skip,remote_control,2.4800126552581787,2.5265369415283203,2.4800126552581787,0.0465242862701416,0.0,0.0,49.97747747747748,358.50271099764456,69.97747747747748,3.502710997644563
netherlands_2020110200_strong_2020,netherlands,strong_2020,precip_large_zwd,zwd,zwd,q850_box_mean_g_per_kg,per-timestep spatial mean,actual_vs_uniform_zwd,24,enc_s2_bottleneck,whole,2.4800126552581787,2.5265369415283203,2.4669182300567627,0.0465242862701416,-0.013094425201416016,-0.28145354289550417,49.97747747747748,358.50271099764456,69.97747747747748,3.502710997644563
netherlands_2020110200_strong_2020,netherlands,strong_2020,precip_large_zwd,zwd,zwd,q850_box_mean_g_per_kg,per-timestep spatial mean,actual_vs_uniform_zwd,24,enc_s2_bottleneck,target_box,2.4800126552581787,2.5265369415283203,2.4799346923828125,0.0465242862701416,-7.796287536621094e-05,-0.0016757457581084059,49.97747747747748,358.50271099764456,69.97747747747748,3.502710997644563
netherlands_2020110200_strong_2020,netherlands,strong_2020,precip_large_zwd,zwd,zwd,q850_box_mean_g_per_kg,per-timestep spatial mean,actual_vs_uniform_zwd,24,enc_s2_bottleneck,mountain_near,2.4800126552581787,2.5265369415283203,2.4813039302825928,0.0465242862701416,0.0012912750244140625,0.027754859406468275,49.97747747747748,358.50271099764456,69.97747747747748,3.502710997644563
netherlands_2020110200_strong_2020,netherlands,strong_2020,precip_large_zwd,zwd,zwd,q850_box_mean_g_per_kg,per-timestep spatial mean,actual_vs_uniform_zwd,24,enc_s2_bottleneck,upstream,2.4800126552581787,2.5265369415283203,2.4628076553344727,0.0465242862701416,-0.017204999923706055,-0.3698068536464125,49.97747747747748,358.50271099764456,69.97747747747748,3.502710997644563
netherlands_2020110200_strong_2020,netherlands,strong_2020,precip_large_zwd,zwd,zwd,q850_box_mean_g_per_kg,per-timestep spatial mean,actual_vs_uniform_zwd,24,enc_s2_bottleneck,hotspot_gaussian,2.4800126552581787,2.5265369415283203,2.4772419929504395,0.0465242862701416,-0.002770662307739258,-0.059553031972409125,49.97747747747748,358.50271099764456,69.97747747747748,3.502710997644563
netherlands_2020110200_strong_2020,netherlands,strong_2020,precip_large_zwd,zwd,zwd,q850_box_mean_g_per_kg,per-timestep spatial mean,actual_vs_uniform_zwd,24,enc_s2_bottleneck,low_near_gaussian,2.4800126552581787,2.5265369415283203,2.486543893814087,0.0465242862701416,0.006531238555908203,0.14038342292850664,49.97747747747748,358.50271099764456,69.97747747747748,3.502710997644563
netherlands_2020110200_strong_2020,netherlands,strong_2020,precip_large_zwd,zwd,zwd,q850_box_mean_g_per_kg,per-timestep spatial mean,actual_vs_uniform_zwd,24,enc_s2_bottleneck,remote_control,2.4800126552581787,2.5265369415283203,2.4791245460510254,0.0465242862701416,-0.0008881092071533203,-0.019089152749094226,49.97747747747748,358.50271099764456,69.97747747747748,3.502710997644563
netherlands_2020110200_strong_2020,netherlands,strong_2020,precip_large_zwd,zwd,zwd,q850_box_mean_g_per_kg,per-timestep spatial mean,actual_vs_uniform_zwd,24,dec_s0_pre_skip,whole,2.4800126552581787,2.5265369415283203,2.4669182300567627,0.0465242862701416,-0.013094425201416016,-0.28145354289550417,49.97747747747748,358.50271099764456,69.97747747747748,3.502710997644563
netherlands_2020110200_strong_2020,netherlands,strong_2020,precip_large_zwd,zwd,zwd,q850_box_mean_g_per_kg,per-timestep spatial mean,actual_vs_uniform_zwd,24,dec_s0_pre_skip,target_box,2.4800126552581787,2.5265369415283203,2.4799346923828125,0.0465242862701416,-7.796287536621094e-05,-0.0016757457581084059,49.97747747747748,358.50271099764456,69.97747747747748,3.502710997644563
netherlands_2020110200_strong_2020,netherlands,strong_2020,precip_large_zwd,zwd,zwd,q850_box_mean_g_per_kg,per-timestep spatial mean,actual_vs_uniform_zwd,24,dec_s0_pre_skip,mountain_near,2.4800126552581787,2.5265369415283203,2.4813039302825928,0.0465242862701416,0.0012912750244140625,0.027754859406468275,49.97747747747748,358.50271099764456,69.97747747747748,3.502710997644563
netherlands_2020110200_strong_2020,netherlands,strong_2020,precip_large_zwd,zwd,zwd,q850_box_mean_g_per_kg,per-timestep spatial mean,actual_vs_uniform_zwd,24,dec_s0_pre_skip,upstream,2.4800126552581787,2.5265369415283203,2.4628076553344727,0.0465242862701416,-0.017204999923706055,-0.3698068536464125,49.97747747747748,358.50271099764456,69.97747747747748,3.502710997644563
netherlands_2020110200_strong_2020,netherlands,strong_2020,precip_large_zwd,zwd,zwd,q850_box_mean_g_per_kg,per-timestep spatial mean,actual_vs_uniform_zwd,24,dec_s0_pre_skip,hotspot_gaussian,2.4800126552581787,2.5265369415283203,2.4772419929504395,0.0465242862701416,-0.002770662307739258,-0.059553031972409125,49.97747747747748,358.50271099764456,69.97747747747748,3.502710997644563
netherlands_2020110200_strong_2020,netherlands,strong_2020,precip_large_zwd,zwd,zwd,q850_box_mean_g_per_kg,per-timestep spatial mean,actual_vs_uniform_zwd,24,dec_s0_pre_skip,low_near_gaussian,2.4800126552581787,2.5265369415283203,2.486543893814087,0.0465242862701416,0.006531238555908203,0.14038342292850664,49.97747747747748,358.50271099764456,69.97747747747748,3.502710997644563
netherlands_2020110200_strong_2020,netherlands,strong_2020,precip_large_zwd,zwd,zwd,q850_box_mean_g_per_kg,per-timestep spatial mean,actual_vs_uniform_zwd,24,dec_s0_pre_skip,remote_control,2.4800126552581787,2.5265369415283203,2.4791245460510254,0.0465242862701416,-0.0008881092071533203,-0.019089152749094226,49.97747747747748,358.50271099764456,69.97747747747748,3.502710997644563
netherlands_2020110200_strong_2020,netherlands,strong_2020,precip_large_zwd,zwd,zwd,q850_box_mean_g_per_kg,per-timestep spatial mean,actual_vs_uniform_zwd,24,dec_s1_pre_skip,whole,2.4800126552581787,2.5265369415283203,2.4655580520629883,0.0465242862701416,-0.01445460319519043,-0.31068941307901626,49.97747747747748,358.50271099764456,69.97747747747748,3.502710997644563
netherlands_2020110200_strong_2020,netherlands,strong_2020,precip_large_zwd,zwd,zwd,q850_box_mean_g_per_kg,per-timestep spatial mean,actual_vs_uniform_zwd,24,dec_s1_pre_skip,target_box,2.4800126552581787,2.5265369415283203,2.483710527420044,0.0465242862701416,0.0036978721618652344,0.07948261990293999,49.97747747747748,358.50271099764456,69.97747747747748,3.502710997644563
netherlands_2020110200_strong_2020,netherlands,strong_2020,precip_large_zwd,zwd,zwd,q850_box_mean_g_per_kg,per-timestep spatial mean,actual_vs_uniform_zwd,24,dec_s1_pre_skip,mountain_near,2.4800126552581787,2.5265369415283203,2.4777257442474365,0.0465242862701416,-0.0022869110107421875,-0.04915520890451324,49.97747747747748,358.50271099764456,69.97747747747748,3.502710997644563
netherlands_2020110200_strong_2020,netherlands,strong_2020,precip_large_zwd,zwd,zwd,q850_box_mean_g_per_kg,per-timestep spatial mean,actual_vs_uniform_zwd,24,dec_s1_pre_skip,upstream,2.4800126552581787,2.5265369415283203,2.4638030529022217,0.0465242862701416,-0.01620960235595703,-0.3484116287531324,49.97747747747748,358.50271099764456,69.97747747747748,3.502710997644563
netherlands_2020110200_strong_2020,netherlands,strong_2020,precip_large_zwd,zwd,zwd,q850_box_mean_g_per_kg,per-timestep spatial mean,actual_vs_uniform_zwd,24,dec_s1_pre_skip,hotspot_gaussian,2.4800126552581787,2.5265369415283203,2.4793894290924072,0.0465242862701416,-0.0006232261657714844,-0.013395716855337532,49.97747747747748,358.50271099764456,69.97747747747748,3.502710997644563
netherlands_2020110200_strong_2020,netherlands,strong_2020,precip_large_zwd,zwd,zwd,q850_box_mean_g_per_kg,per-timestep spatial mean,actual_vs_uniform_zwd,24,dec_s1_pre_skip,low_near_gaussian,2.4800126552581787,2.5265369415283203,2.486449956893921,0.0465242862701416,0.0064373016357421875,0.13836432865115278,49.97747747747748,358.50271099764456,69.97747747747748,3.502710997644563
netherlands_2020110200_strong_2020,netherlands,strong_2020,precip_large_zwd,zwd,zwd,q850_box_mean_g_per_kg,per-timestep spatial mean,actual_vs_uniform_zwd,24,dec_s1_pre_skip,remote_control,2.4800126552581787,2.5265369415283203,2.4783499240875244,0.0465242862701416,-0.0016627311706542969,-0.035738993630116275,49.97747747747748,358.50271099764456,69.97747747747748,3.502710997644563
netherlands_2020110200_strong_2020,netherlands,strong_2020,precip_large_zwd,zwd,zwd,q850_box_mean_g_per_kg,per-timestep spatial mean,actual_vs_uniform_zwd,24,dec_s1_post_skip,whole,2.4800126552581787,2.5265369415283203,2.4777615070343018,0.0465242862701416,-0.002251148223876953,-0.048386518189784615,49.97747747747748,358.50271099764456,69.97747747747748,3.502710997644563
netherlands_2020110200_strong_2020,netherlands,strong_2020,precip_large_zwd,zwd,zwd,q850_box_mean_g_per_kg,per-timestep spatial mean,actual_vs_uniform_zwd,24,dec_s1_post_skip,target_box,2.4800126552581787,2.5265369415283203,2.479414939880371,0.0465242862701416,-0.0005977153778076172,-0.012847384145497779,49.97747747747748,358.50271099764456,69.97747747747748,3.502710997644563
netherlands_2020110200_strong_2020,netherlands,strong_2020,precip_large_zwd,zwd,zwd,q850_box_mean_g_per_kg,per-timestep spatial mean,actual_vs_uniform_zwd,24,dec_s1_post_skip,mountain_near,2.4800126552581787,2.5265369415283203,2.4792068004608154,0.0465242862701416,-0.0008058547973632812,-0.017321164105218386,49.97747747747748,358.50271099764456,69.97747747747748,3.502710997644563
netherlands_2020110200_strong_2020,netherlands,strong_2020,precip_large_zwd,zwd,zwd,q850_box_mean_g_per_kg,per-timestep spatial mean,actual_vs_uniform_zwd,24,dec_s1_post_skip,upstream,2.4800126552581787,2.5265369415283203,2.4486637115478516,0.0465242862701416,-0.03134894371032715,-0.6738189067168194,49.97747747747748,358.50271099764456,69.97747747747748,3.502710997644563
netherlands_2020110200_strong_2020,netherlands,strong_2020,precip_large_zwd,zwd,zwd,q850_box_mean_g_per_kg,per-timestep spatial mean,actual_vs_uniform_zwd,24,dec_s1_post_skip,hotspot_gaussian,2.4800126552581787,2.5265369415283203,2.4663593769073486,0.0465242862701416,-0.013653278350830078,-0.29346561646433017,49.97747747747748,358.50271099764456,69.97747747747748,3.502710997644563
netherlands_2020110200_strong_2020,netherlands,strong_2020,precip_large_zwd,zwd,zwd,q850_box_mean_g_per_kg,per-timestep spatial mean,actual_vs_uniform_zwd,24,dec_s1_post_skip,low_near_gaussian,2.4800126552581787,2.5265369415283203,2.481919288635254,0.0465242862701416,0.0019066333770751953,0.04098146430456551,49.97747747747748,358.50271099764456,69.97747747747748,3.502710997644563
netherlands_2020110200_strong_2020,netherlands,strong_2020,precip_large_zwd,zwd,zwd,q850_box_mean_g_per_kg,per-timestep spatial mean,actual_vs_uniform_zwd,24,dec_s1_post_skip,remote_control,2.4800126552581787,2.5265369415283203,2.48179030418396,0.0465242862701416,0.00177764892578125,0.038209053126777595,49.97747747747748,358.50271099764456,69.97747747747748,3.502710997644563
netherlands_2020110200_strong_2020,netherlands,strong_2020,precip_large_zwd,zwd,zwd,q850_box_mean_g_per_kg,per-timestep spatial mean,actual_vs_uniform_zwd,24,dec_s2_pre_concat,whole,2.4800126552581787,2.5265369415283203,2.4777615070343018,0.0465242862701416,-0.002251148223876953,-0.048386518189784615,49.97747747747748,358.50271099764456,69.97747747747748,3.502710997644563
netherlands_2020110200_strong_2020,netherlands,strong_2020,precip_large_zwd,zwd,zwd,q850_box_mean_g_per_kg,per-timestep spatial mean,actual_vs_uniform_zwd,24,dec_s2_pre_concat,target_box,2.4800126552581787,2.5265369415283203,2.479414939880371,0.0465242862701416,-0.0005977153778076172,-0.012847384145497779,49.97747747747748,358.50271099764456,69.97747747747748,3.502710997644563
netherlands_2020110200_strong_2020,netherlands,strong_2020,precip_large_zwd,zwd,zwd,q850_box_mean_g_per_kg,per-timestep spatial mean,actual_vs_uniform_zwd,24,dec_s2_pre_concat,mountain_near,2.4800126552581787,2.5265369415283203,2.4792068004608154,0.0465242862701416,-0.0008058547973632812,-0.017321164105218386,49.97747747747748,358.50271099764456,69.97747747747748,3.502710997644563
netherlands_2020110200_strong_2020,netherlands,strong_2020,precip_large_zwd,zwd,zwd,q850_box_mean_g_per_kg,per-timestep spatial mean,actual_vs_uniform_zwd,24,dec_s2_pre_concat,upstream,2.4800126552581787,2.5265369415283203,2.4486637115478516,0.0465242862701416,-0.03134894371032715,-0.6738189067168194,49.97747747747748,358.50271099764456,69.97747747747748,3.502710997644563
netherlands_2020110200_strong_2020,netherlands,strong_2020,precip_large_zwd,zwd,zwd,q850_box_mean_g_per_kg,per-timestep spatial mean,actual_vs_uniform_zwd,24,dec_s2_pre_concat,hotspot_gaussian,2.4800126552581787,2.5265369415283203,2.4663593769073486,0.0465242862701416,-0.013653278350830078,-0.29346561646433017,49.97747747747748,358.50271099764456,69.97747747747748,3.502710997644563
netherlands_2020110200_strong_2020,netherlands,strong_2020,precip_large_zwd,zwd,zwd,q850_box_mean_g_per_kg,per-timestep spatial mean,actual_vs_uniform_zwd,24,dec_s2_pre_concat,low_near_gaussian,2.4800126552581787,2.5265369415283203,2.481919288635254,0.0465242862701416,0.0019066333770751953,0.04098146430456551,49.97747747747748,358.50271099764456,69.97747747747748,3.502710997644563
netherlands_2020110200_strong_2020,netherlands,strong_2020,precip_large_zwd,zwd,zwd,q850_box_mean_g_per_kg,per-timestep spatial mean,actual_vs_uniform_zwd,24,dec_s2_pre_concat,remote_control,2.4800126552581787,2.5265369415283203,2.48179030418396,0.0465242862701416,0.00177764892578125,0.038209053126777595,49.97747747747748,358.50271099764456,69.97747747747748,3.502710997644563
netherlands_2020110200_strong_2020,netherlands,strong_2020,precip_large_zwd,zwd,zwd,q850_box_mean_g_per_kg,per-timestep spatial mean,actual_vs_uniform_zwd,24,dec_s2_post_concat,whole,2.4800126552581787,2.5265369415283203,2.5434012413024902,0.0465242862701416,0.06338858604431152,1.3624837934374312,49.97747747747748,358.50271099764456,69.97747747747748,3.502710997644563
netherlands_2020110200_strong_2020,netherlands,strong_2020,precip_large_zwd,zwd,zwd,q850_box_mean_g_per_kg,per-timestep spatial mean,actual_vs_uniform_zwd,24,dec_s2_post_concat,target_box,2.4800126552581787,2.5265369415283203,2.4874234199523926,0.0465242862701416,0.007410764694213867,0.159288089906066,49.97747747747748,358.50271099764456,69.97747747747748,3.502710997644563
netherlands_2020110200_strong_2020,netherlands,strong_2020,precip_large_zwd,zwd,zwd,q850_box_mean_g_per_kg,per-timestep spatial mean,actual_vs_uniform_zwd,24,dec_s2_post_concat,mountain_near,2.4800126552581787,2.5265369415283203,2.482584238052368,0.0465242862701416,0.002571582794189453,0.055273986993753105,49.97747747747748,358.50271099764456,69.97747747747748,3.502710997644563
netherlands_2020110200_strong_2020,netherlands,strong_2020,precip_large_zwd,zwd,zwd,q850_box_mean_g_per_kg,per-timestep spatial mean,actual_vs_uniform_zwd,24,dec_s2_post_concat,upstream,2.4800126552581787,2.5265369415283203,2.4694676399230957,0.0465242862701416,-0.010545015335083008,-0.22665614414488283,49.97747747747748,358.50271099764456,69.97747747747748,3.502710997644563
netherlands_2020110200_strong_2020,netherlands,strong_2020,precip_large_zwd,zwd,zwd,q850_box_mean_g_per_kg,per-timestep spatial mean,actual_vs_uniform_zwd,24,dec_s2_post_concat,hotspot_gaussian,2.4800126552581787,2.5265369415283203,2.5037827491760254,0.0465242862701416,0.02377009391784668,0.510917970451529,49.97747747747748,358.50271099764456,69.97747747747748,3.502710997644563
netherlands_2020110200_strong_2020,netherlands,strong_2020,precip_large_zwd,zwd,zwd,q850_box_mean_g_per_kg,per-timestep spatial mean,actual_vs_uniform_zwd,24,dec_s2_post_concat,low_near_gaussian,2.4800126552581787,2.5265369415283203,2.4865167140960693,0.0465242862701416,0.006504058837890625,0.1397992179853129,49.97747747747748,358.50271099764456,69.97747747747748,3.502710997644563
netherlands_2020110200_strong_2020,netherlands,strong_2020,precip_large_zwd,zwd,zwd,q850_box_mean_g_per_kg,per-timestep spatial mean,actual_vs_uniform_zwd,24,dec_s2_post_concat,remote_control,2.4800126552581787,2.5265369415283203,2.4859180450439453,0.0465242862701416,0.0059053897857666016,0.1269313354207557,49.97747747747748,358.50271099764456,69.97747747747748,3.502710997644563
